# OpenETA offline industrial visual mesh; units: metres.
mtllib adjustable_wrench.mtl
v 0.059153501 0.002480072 0.007690185
v 0.059356317 0.001663118 0.007690185
v 0.060025837 -0.001033712 0.007690185
v 0.060228653 -0.001850667 0.007690185
v 0.060898173 -0.004547497 0.007690185
v 0.061100989 -0.005364451 0.007690185
v 0.059160417 0.002584087 0.006428414
v 0.059363239 0.001767132 0.006428414
v 0.060032753 -0.000929698 0.006428414
v 0.060235570 -0.001746652 0.006428414
v 0.060905090 -0.004443482 0.006428414
v 0.061107906 -0.005260436 0.006428414
v 0.058286181 0.005990159 0.007750187
v 0.058488991 0.005173251 0.007750187
v 0.059159815 0.002475521 0.007764866
v 0.059362637 0.001658566 0.007764866
v 0.060916741 -0.004430836 0.006310036
v 0.061119562 -0.005247790 0.006310036
v 0.060045250 -0.001045931 0.007897672
v 0.060248066 -0.001862886 0.007897672
v 0.060059663 -0.000902330 0.006177994
v 0.060262479 -0.001719285 0.006177994
v 0.060933082 -0.004566831 0.008030433
v 0.061135903 -0.005383786 0.008030433
v 0.059204960 0.002626808 0.006046144
v 0.059407771 0.001809854 0.006046144
v 0.058340469 0.005965902 0.008207261
v 0.058543285 0.005148947 0.008207261
v 0.058343684 0.006039914 0.007685723
v 0.058553637 0.005194217 0.007685723
v 0.059433161 0.001630252 0.008318346
v 0.060975017 -0.004580362 0.008318349
v 0.061177833 -0.005397316 0.008318349
v 0.060305497 -0.001883532 0.008318348
v 0.059243570 0.002656673 0.005804402
v 0.059446392 0.001839718 0.005804402
v 0.060115906 -0.000857111 0.005804402
v 0.060318728 -0.001674066 0.005804402
v 0.059233902 0.002446310 0.008339653
v 0.059436724 0.001629355 0.008339653
v 0.060999993 -0.004362511 0.005739617
v 0.061202809 -0.005179466 0.005739617
v 0.060129728 -0.001072714 0.008471774
v 0.060332544 -0.001889669 0.008471774
v 0.060153179 -0.000831311 0.005608895
v 0.060356001 -0.001648266 0.005608895
v 0.061027941 -0.004591166 0.008603553
v 0.061230762 -0.005408121 0.008603553
v 0.059308730 0.002700492 0.005478660
v 0.059511546 0.001883537 0.005478660
v 0.058449127 0.005944860 0.008778612
v 0.058651943 0.005127906 0.008778612
v 0.059352870 0.002427756 0.008909332
v 0.059555686 0.001610801 0.008909332
v 0.058487826 0.005940881 0.008938306
v 0.058690647 0.005123926 0.008938306
v 0.059360162 0.002427097 0.008938306
v 0.059562983 0.001610142 0.008938306
v 0.060232498 -0.001086688 0.008938306
v 0.060435320 -0.001903643 0.008938306
v 0.061104840 -0.004600472 0.008938306
v 0.061307656 -0.005417427 0.008938306
v 0.059379050 0.002742648 0.005191329
v 0.059581871 0.001925693 0.005191329
v 0.060251386 -0.000771136 0.005191329
v 0.060454202 -0.001588091 0.005191329
v 0.061123728 -0.004284921 0.005191329
v 0.061326544 -0.005101876 0.005191329
v 0.061190180 -0.004269977 0.007067723
v 0.060317849 -0.000756192 0.007067720
v 0.060556646 -0.001718090 0.007067720
v 0.059446033 0.002747128 0.007193032
v 0.059684834 0.001785230 0.007193032
v 0.061192931 -0.004255153 0.006900672
v 0.061431733 -0.005217052 0.006900672
v 0.060321125 -0.000776637 0.007318640
v 0.060559927 -0.001738536 0.007318640
v 0.060325241 -0.000729526 0.006775191
v 0.060564043 -0.001691424 0.006775191
v 0.058580353 0.006243171 0.007420770
v 0.058819150 0.005281306 0.007420770
v 0.061198472 -0.004299911 0.007444481
v 0.061437269 -0.005261810 0.007444481
v 0.059459777 0.002796720 0.006649613
v 0.059698585 0.001834821 0.006649613
v 0.058591656 0.006229568 0.007612526
v 0.058830463 0.005267669 0.007612526
v 0.058595882 0.006225866 0.007667721
v 0.058834684 0.005263968 0.007667721
v 0.059468218 0.002712082 0.007667721
v 0.059707020 0.001750183 0.007667721
v 0.060340555 -0.000801703 0.007667721
v 0.060579356 -0.001763601 0.007667721
v 0.061212891 -0.004315487 0.007667721
v 0.061451693 -0.005277386 0.007667721
v 0.059473594 0.002815713 0.006469038
v 0.059712395 0.001853815 0.006469038
v 0.060345930 -0.000698071 0.006469038
v 0.060584732 -0.001659970 0.006469038
v 0.061218266 -0.004211855 0.006469038
v 0.061457068 -0.005173754 0.006469038
v 0.058793428 0.006170628 0.008853435
v 0.059032235 0.005208729 0.008853435
v 0.059665770 0.002656843 0.008853435
v 0.059904572 0.001694945 0.008853435
v 0.060538106 -0.000856941 0.008853435
v 0.060776908 -0.001818840 0.008853435
v 0.061410442 -0.004370726 0.008853435
v 0.061649244 -0.005332624 0.008853435
v 0.059680072 0.002971258 0.005293807
v 0.059918880 0.002009359 0.005293807
v 0.060552414 -0.000542527 0.005293807
v 0.060791216 -0.001504425 0.005293807
v 0.061424750 -0.004056311 0.005293807
v 0.061663547 -0.005018210 0.005293807
v 0.061428358 -0.004054179 0.005280240
v 0.061667165 -0.005016077 0.005280240
v 0.060563330 -0.000859325 0.008949555
v 0.060802138 -0.001821224 0.008949555
v 0.060589742 -0.000520906 0.005158518
v 0.060828550 -0.001482804 0.005158518
v 0.061470072 -0.004375682 0.009072598
v 0.061708880 -0.005337580 0.009072598
v 0.059753309 0.003012901 0.005037532
v 0.059992111 0.002051003 0.005037532
v 0.058902070 0.005939439 0.010134851
v 0.059104886 0.005122484 0.010134851
v 0.059774412 0.002425654 0.010134851
v 0.059977228 0.001608699 0.010134851
v 0.060646748 -0.001088130 0.010134851
v 0.060849564 -0.001905085 0.010134851
v 0.061519079 -0.004601915 0.010134851
v 0.061721900 -0.005418869 0.010134851
v 0.059802481 0.002952052 0.004016519
v 0.060005303 0.002135097 0.004016519
v 0.060674817 -0.000561732 0.004016519
v 0.060877639 -0.001378687 0.004016519
v 0.061547154 -0.004075517 0.004016519
v 0.061749975 -0.004892471 0.004016519
v 0.060692866 -0.000553706 0.003977695
v 0.060895687 -0.001370661 0.003977695
v 0.058902335 0.006163103 0.009235612
v 0.059141143 0.005201205 0.009235612
v 0.059029346 0.005935999 0.007076835
v 0.059163246 0.005396684 0.007076835
v 0.058888458 0.006503527 0.007076835
v 0.061573875 -0.004599076 0.010255381
v 0.061776697 -0.005416031 0.010255381
v 0.059814160 0.002648041 0.009357007
v 0.060052956 0.001686142 0.009357007
v 0.059877160 0.002984958 0.003859654
v 0.060079981 0.002168003 0.003859654
v 0.061590084 -0.003965934 0.004758441
v 0.061828885 -0.004927833 0.004758441
v 0.058966766 0.006161320 0.009430122
v 0.059205573 0.005199422 0.009430122
v 0.059856902 0.003067497 0.004726207
v 0.060095704 0.002105598 0.004726207
v 0.059839108 0.002647536 0.009430123
v 0.060729238 -0.000446287 0.004726205
v 0.060728117 -0.000866468 0.009477594
v 0.060966918 -0.001828367 0.009477594
v 0.060760738 -0.000430430 0.004640350
v 0.060999534 -0.001392328 0.004640350
v 0.059033589 0.005946962 0.010415277
v 0.059236405 0.005130007 0.010415277
v 0.061644189 -0.004380424 0.009597314
v 0.061882985 -0.005342322 0.009597314
v 0.059933458 0.003105559 0.004523256
v 0.060172255 0.002143660 0.004523256
v 0.059965787 0.002437343 0.010533689
v 0.060168603 0.001620388 0.010533689
v 0.061761648 -0.003982893 0.003589569
v 0.061964464 -0.004799848 0.003589569
v 0.059088728 0.006161560 0.009755488
v 0.059327529 0.005199661 0.009755488
v 0.060899930 -0.001071723 0.010650750
v 0.061102752 -0.001888678 0.010650750
v 0.060009612 0.002648889 0.009872955
v 0.060248408 0.001686990 0.009872955
v 0.060952417 -0.000442840 0.003476228
v 0.061155239 -0.001259795 0.003476228
v 0.062003168 -0.005400190 0.010702327
v 0.059183338 0.005958118 0.010702329
v 0.059386154 0.005141163 0.010702329
v 0.061162365 -0.001256852 0.003463726
v 0.060055680 0.002444334 0.010702332
v 0.060258501 0.001627379 0.010702332
v 0.062034701 -0.004770636 0.003463724
v 0.061791154 -0.003868394 0.004254226
v 0.062029961 -0.004830292 0.004254226
v 0.060932502 -0.000863236 0.009989363
v 0.061171309 -0.001825134 0.009989363
v 0.059188183 0.006164346 0.009990153
v 0.059426985 0.005202448 0.009990153
v 0.060060524 0.002650562 0.009990153
v 0.060299321 0.001688663 0.009990153
v 0.060932855 -0.000863223 0.009990153
v 0.061171657 -0.001825121 0.009990153
v 0.061805191 -0.004377007 0.009990153
v 0.062043999 -0.005338906 0.009990153
v 0.060081114 0.003175103 0.004177738
v 0.060319921 0.002213205 0.004177738
v 0.060953450 -0.000338681 0.004177738
v 0.061192257 -0.001300580 0.004177738
v 0.061825792 -0.003852465 0.004177738
v 0.062064588 -0.004814364 0.004177738
v 0.061836023 -0.004580255 0.010766494
v 0.062038844 -0.005397209 0.010766494
v 0.060145152 0.003097686 0.003364191
v 0.060347974 0.002280731 0.003364191
v 0.059198033 0.006731474 0.007085785
v 0.059508149 0.005482312 0.007085785
v 0.060381214 0.001958114 0.007198025
v 0.060071098 0.003207277 0.007198025
v 0.061817157 -0.003795211 0.006936161
v 0.062127279 -0.005044374 0.006936161
v 0.061256285 -0.001565658 0.007310530
v 0.060946163 -0.000316495 0.007310530
v 0.061258843 -0.001518932 0.006823769
v 0.060948727 -0.000269769 0.006823769
v 0.062133366 -0.005088997 0.007423245
v 0.061823250 -0.003839833 0.007423245
v 0.060392406 0.002007070 0.006711290
v 0.060082285 0.003256233 0.006711291
v 0.059307399 0.005968846 0.010919327
v 0.059510220 0.005151892 0.010919327
v 0.059215722 0.006689468 0.007573761
v 0.059525838 0.005440305 0.007573761
v 0.060407665 0.001918006 0.007686745
v 0.060097543 0.003167169 0.007686745
v 0.061848524 -0.003740664 0.006448823
v 0.062158646 -0.004989827 0.006448823
v 0.060981403 -0.000354673 0.007799750
v 0.061291525 -0.001603836 0.007799750
v 0.060988789 -0.000212817 0.006336468
v 0.061298911 -0.001461980 0.006336468
v 0.061867307 -0.003876052 0.007912717
v 0.062177429 -0.005125214 0.007912717
v 0.060131071 0.003315573 0.006224276
v 0.060441192 0.002066410 0.006224276
v 0.059271573 0.006655906 0.008063181
v 0.059581694 0.005406742 0.008063181
v 0.060248568 0.002461424 0.011032804
v 0.060451390 0.001644469 0.011032804
v 0.060472360 0.001886465 0.008175834
v 0.060162245 0.003135628 0.008175834
v 0.061917701 -0.003675833 0.005963451
v 0.062227816 -0.004924996 0.005963451
v 0.062049827 -0.003865187 0.003106926
v 0.062252648 -0.004682142 0.003106926
v 0.061054955 -0.000384170 0.008288256
v 0.061365071 -0.001633332 0.008288256
v 0.061376815 -0.001394837 0.005852219
v 0.061066694 -0.000145674 0.005852219
v 0.062259814 -0.005152646 0.008400388
v 0.061949692 -0.003903483 0.008400388
v 0.060217698 0.003385001 0.005741401
v 0.060527820 0.002135838 0.005741401
v 0.061191887 -0.001045527 0.011145227
v 0.061394698 -0.001862482 0.011145227
v 0.059675824 0.005382094 0.008549346
v 0.059365703 0.006631257 0.008549346
v 0.061249512 -0.000322715 0.002998598
v 0.061452333 -0.001139670 0.002998598
v 0.060575268 0.001863923 0.008660576
v 0.060265153 0.003113086 0.008660576
v 0.062334674 -0.004850361 0.005484758
v 0.062024553 -0.003601197 0.005484758
v 0.059511585 0.005988460 0.011243465
v 0.059714401 0.005171505 0.011243465
v 0.060383926 0.002474676 0.011243465
v 0.060586743 0.001657721 0.011243465
v 0.061256257 -0.001039109 0.011243465
v 0.061459079 -0.001856063 0.011243465
v 0.062128593 -0.004552893 0.011243465
v 0.062331415 -0.005369848 0.011243465
v 0.060417564 0.003207051 0.002939681
v 0.060620380 0.002390096 0.002939681
v 0.061289906 -0.000306734 0.002939681
v 0.061492722 -0.001123688 0.002939681
v 0.062162242 -0.003820518 0.002939681
v 0.062365058 -0.004637473 0.002939681
v 0.061166586 -0.000404590 0.008771324
v 0.061476707 -0.001653753 0.008771324
v 0.061182153 -0.000068865 0.005375732
v 0.061492275 -0.001318027 0.005375732
v 0.062070013 -0.003921771 0.008881532
v 0.062380129 -0.005170933 0.008881532
v 0.060341698 0.003463945 0.005267367
v 0.060651820 0.002214783 0.005267367
v 0.059807613 0.005366666 0.009027542
v 0.059497503 0.006615828 0.009027541
v 0.060405471 0.003099809 0.009136274
v 0.060715587 0.001850647 0.009136274
v 0.062168236 -0.003517432 0.005017388
v 0.062478352 -0.004766595 0.005017388
v 0.061625473 -0.001664873 0.009244283
v 0.061315357 -0.000415710 0.009244283
v 0.061644250 -0.001232271 0.004911615
v 0.061334134 0.000016893 0.004911615
v 0.062537253 -0.005179894 0.009351515
v 0.062227131 -0.003930731 0.009351514
v 0.060812004 0.002302484 0.004806735
v 0.060501888 0.003551647 0.004806735
v 0.059975725 0.005360584 0.009493189
v 0.059665610 0.006609748 0.009493189
v 0.059768418 0.006206099 0.011043337
v 0.060007220 0.005244200 0.011043337
v 0.060640754 0.002692314 0.011043337
v 0.060879551 0.001730415 0.011043337
v 0.061513090 -0.000821470 0.011043337
v 0.061751892 -0.001783369 0.011043337
v 0.062385427 -0.004335255 0.011043337
v 0.062624228 -0.005297153 0.011043337
v 0.060664249 0.003422170 0.003154742
v 0.060903051 0.002460271 0.003154742
v 0.061536586 -0.000091615 0.003154742
v 0.061775393 -0.001053513 0.003154742
v 0.062408922 -0.003605399 0.003154742
v 0.062647724 -0.004567298 0.003154742
v 0.060891815 0.001846722 0.009598403
v 0.060581693 0.003095885 0.009598403
v 0.062393735 -0.004334473 0.011055750
v 0.062632537 -0.005296372 0.011055750
v 0.062347176 -0.003425387 0.004565768
v 0.062657292 -0.004674550 0.004565768
v 0.060696180 0.003435005 0.003108986
v 0.060934982 0.002473107 0.003108986
v 0.061809705 -0.001666646 0.009702669
v 0.061499583 -0.000417483 0.009702669
v 0.061520913 0.000110712 0.004464223
v 0.061831034 -0.001138451 0.004464223
v 0.062729352 -0.005179522 0.009805936
v 0.062419236 -0.003930359 0.009805936
v 0.059872597 0.006216140 0.011194982
v 0.060111404 0.005254242 0.011194982
v 0.061006506 0.002398023 0.004363782
v 0.060696385 0.003647186 0.004363782
v 0.059868011 0.006612963 0.009941993
v 0.060178133 0.005363801 0.009941993
v 0.060819125 0.002709816 0.011298015
v 0.061057932 0.001747918 0.011298015
v 0.062612080 -0.003524521 0.002876549
v 0.062850877 -0.004486420 0.002876549
v 0.061101774 0.001852059 0.010042750
v 0.060791658 0.003101221 0.010042750
v 0.062559157 -0.003326057 0.004133964
v 0.062869273 -0.004575220 0.004133964
v 0.061767581 -0.000796068 0.011399791
v 0.062006383 -0.001757966 0.011399791
v 0.062027072 -0.001659204 0.010142357
v 0.061716956 -0.000410041 0.010142357
v 0.061816201 0.000019256 0.002779179
v 0.062055009 -0.000942643 0.002779179
v 0.062050263 -0.001037594 0.004037522
v 0.061740147 0.000211569 0.004037522
v 0.062954033 -0.005170004 0.010240845
v 0.062643912 -0.003920841 0.010240844
v 0.062717938 -0.004301516 0.011500254
v 0.062956735 -0.005263414 0.011500254
v 0.061232928 0.002500431 0.003942189
v 0.060922812 0.003749595 0.003942189
v 0.061018179 0.003561979 0.002687996
v 0.062740384 -0.004299075 0.011528477
v 0.061868048 -0.000785290 0.011528478
v 0.060995711 0.002728494 0.011528479
v 0.061234513 0.001766596 0.011528479
v 0.062762857 -0.003465589 0.002687994
v 0.063001659 -0.004427487 0.002687994
v 0.061022134 0.003563513 0.002683238
v 0.061260936 0.002601614 0.002683238
v 0.060102609 0.006625112 0.010370891
v 0.060412730 0.005375949 0.010370891
v 0.060207837 0.006251626 0.011632068
v 0.060446639 0.005289728 0.011632068
v 0.061344006 0.001866071 0.010467450
v 0.061033885 0.003115234 0.010467450
v 0.062802759 -0.003219418 0.003723282
v 0.063112875 -0.004468580 0.003723281
v 0.060299503 0.006079787 0.012230463
v 0.060502319 0.005262832 0.012230463
v 0.061171845 0.002566003 0.012230463
v 0.061374661 0.001749048 0.012230463
v 0.062044175 -0.000947782 0.012230463
v 0.062246997 -0.001764737 0.012230463
v 0.062916512 -0.004461566 0.012230463
v 0.063119333 -0.005278521 0.012230463
v 0.061203958 0.003506565 0.001993533
v 0.061406780 0.002689610 0.001993533
v 0.062076294 -0.000007219 0.001993533
v 0.062279116 -0.000824174 0.001993533
v 0.062948636 -0.003521004 0.001993533
v 0.063151452 -0.004337959 0.001993533
v 0.062277110 -0.001643414 0.010563110
v 0.061966995 -0.000394251 0.010563110
v 0.061162470 0.002747185 0.011729254
v 0.061401277 0.001785286 0.011729254
v 0.062301451 -0.000928867 0.003631105
v 0.061991329 0.000320296 0.003631105
v 0.062956232 -0.003391171 0.002465219
v 0.063195034 -0.004353070 0.002465219
v 0.060149588 0.007432125 0.007113294
v 0.060568313 0.005745509 0.007113294
v 0.061022958 0.003908004 0.007205628
v 0.061441682 0.002221387 0.007205628
v 0.062767751 -0.003094800 0.006990205
v 0.063186471 -0.004781417 0.006990205
v 0.061897421 0.000385871 0.007282680
v 0.062316140 -0.001300746 0.007282680
v 0.059912665 0.008380500 0.007282679
v 0.063402010 -0.005674637 0.007282679
v 0.060152748 0.007413439 0.007282690
v 0.060571473 0.005726822 0.007282690
v 0.062769762 -0.003127914 0.007282686
v 0.063188482 -0.004814531 0.007282686
v 0.061025084 0.003899654 0.007282686
v 0.061443809 0.002213038 0.007282686
v 0.061897990 0.000384221 0.007298181
v 0.062316709 -0.001302395 0.007298181
v 0.061898183 0.000430360 0.006897745
v 0.062316902 -0.001256257 0.006897745
v 0.062774674 -0.003139216 0.007390907
v 0.063193393 -0.004825832 0.007390907
v 0.061030255 0.003955992 0.006805214
v 0.061448975 0.002269375 0.006805214
v 0.060361393 0.006087739 0.012294846
v 0.060564209 0.005270784 0.012294846
v 0.060166062 0.007389816 0.007514729
v 0.060584787 0.005703200 0.007514729
v 0.061046652 0.003867212 0.007607676
v 0.061465371 0.002180596 0.007607676
v 0.059951153 0.008390056 0.006606747
v 0.063440498 -0.005665082 0.006606747
v 0.062789932 -0.003044591 0.006606746
v 0.063208651 -0.004731208 0.006606746
v 0.061917596 0.000469194 0.006606740
v 0.062336321 -0.001217423 0.006606740
v 0.061045259 0.003982978 0.006606739
v 0.061463979 0.002296362 0.006606739
v 0.062791617 -0.003042115 0.006589295
v 0.063210342 -0.004728732 0.006589295
v 0.063212032 -0.005152506 0.010657820
v 0.062901916 -0.003903343 0.010657821
v 0.061928926 0.000344975 0.007700640
v 0.062347645 -0.001341641 0.007700640
v 0.061929191 0.000485064 0.006496866
v 0.062347911 -0.001201552 0.006496866
v 0.062812875 -0.003176888 0.007793572
v 0.063231599 -0.004863505 0.007793572
v 0.061068429 0.004012698 0.006404570
v 0.061487148 0.002326081 0.006404570
v 0.061181628 0.003860494 0.003539988
v 0.061491750 0.002611331 0.003539988
v 0.062118881 -0.000756832 0.011824949
v 0.062357689 -0.001718730 0.011824949
v 0.060213975 0.007354283 0.007917352
v 0.060632700 0.005667667 0.007917352
v 0.060220560 0.007351095 0.007957867
v 0.060639279 0.005664479 0.007957867
v 0.059961964 0.008392739 0.007957866
v 0.063451309 -0.005662398 0.007957866
v 0.061092902 0.003837311 0.007957868
v 0.061511621 0.002150694 0.007957868
v 0.061965238 0.000323526 0.007957871
v 0.062383957 -0.001363090 0.007957871
v 0.062837568 -0.003190258 0.007957870
v 0.063256293 -0.004876874 0.007957870
v 0.061101857 0.003833312 0.008010027
v 0.061520581 0.002146696 0.008010027
v 0.062846546 -0.002980821 0.006190001
v 0.063265270 -0.004667437 0.006190001
v 0.062167899 0.000154577 0.002374410
v 0.062406701 -0.000807322 0.002374410
v 0.061991412 0.000312732 0.008102511
v 0.062410132 -0.001373885 0.008102511
v 0.061991302 0.000548285 0.006098496
v 0.062410021 -0.001138331 0.006098496
v 0.061327980 0.002586241 0.012389963
v 0.061530802 0.001769286 0.012389963
v 0.062882636 -0.003207454 0.008194757
v 0.063301361 -0.004894070 0.008194757
v 0.060681248 0.005395713 0.010782529
v 0.060371132 0.006644876 0.010782529
v 0.061137704 0.004077818 0.006007331
v 0.061556424 0.002391202 0.006007331
v 0.060076733 0.008421233 0.005942132
v 0.063566078 -0.005633905 0.005942132
v 0.061152161 0.004089382 0.005942131
v 0.061570886 0.002402765 0.005942131
v 0.062024498 0.000575597 0.005942131
v 0.062443223 -0.001111019 0.005942131
v 0.062896839 -0.002938187 0.005942130
v 0.063315553 -0.004624803 0.005942130
v 0.063135260 -0.003452443 0.001812442
v 0.063338082 -0.004269398 0.001812442
v 0.060293410 0.007325985 0.008317298
v 0.060712129 0.005639369 0.008317298
v 0.063077028 -0.004260428 0.011919099
v 0.063315824 -0.005222327 0.011919099
v 0.061188506 0.003806735 0.008408801
v 0.061607226 0.002120119 0.008408801
v 0.061381202 0.003700738 0.002285248
v 0.061620009 0.002738840 0.002285248
v 0.062932460 -0.002911385 0.005796203
v 0.063351180 -0.004598002 0.005796203
v 0.061620307 0.001887535 0.010874815
v 0.061310191 0.003136698 0.010874814
v 0.062085244 0.000287892 0.008499909
v 0.062503963 -0.001398725 0.008499909
v 0.062084288 0.000619515 0.005706513
v 0.062503007 -0.001067101 0.005706513
v 0.060518157 0.006287948 0.011980985
v 0.060756959 0.005326049 0.011980985
v 0.061390494 0.002774163 0.011980985
v 0.061629295 0.001812265 0.011980985
v 0.062262830 -0.000739621 0.011980985
v 0.062501632 -0.001701520 0.011980985
v 0.063135166 -0.004253405 0.011980985
v 0.063373973 -0.005215304 0.011980985
v 0.061410111 0.003711619 0.002255901
v 0.061648907 0.002749721 0.002255901
v 0.062282441 0.000197835 0.002255901
v 0.062521243 -0.000764063 0.002255901
v 0.063154778 -0.003315949 0.002255901
v 0.063393585 -0.004277847 0.002255901
v 0.062296241 -0.000914835 0.012483289
v 0.062499057 -0.001731790 0.012483289
v 0.063079044 -0.003103621 0.003331797
v 0.063389165 -0.004352784 0.003331797
v 0.062983616 -0.003230543 0.008590572
v 0.063402336 -0.004917160 0.008590572
v 0.061247843 0.003795587 0.008620256
v 0.061666568 0.002108971 0.008620256
v 0.062120185 0.000281803 0.008620255
v 0.062538910 -0.001404813 0.008620255
v 0.060375513 0.007309371 0.008620257
v 0.060794232 0.005622755 0.008620257
v 0.062992521 -0.003231981 0.008620257
v 0.063411246 -0.004918598 0.008620257
v 0.060098156 0.008426552 0.008620258
v 0.063587507 -0.005628585 0.008620258
v 0.061237712 0.004150807 0.005617365
v 0.061656437 0.002464191 0.005617365
v 0.062358606 0.000096196 0.001724709
v 0.062561427 -0.000720759 0.001724709
v 0.062250969 -0.000371092 0.010965974
v 0.062561090 -0.001620255 0.010965974
v 0.060403825 0.007305249 0.008710687
v 0.060822545 0.005618633 0.008710687
v 0.062585044 -0.000811054 0.003244585
v 0.062274928 0.000438109 0.003244585
v 0.061305932 0.003787776 0.008800136
v 0.061724657 0.002101159 0.008800136
v 0.063048660 -0.002834441 0.005411719
v 0.063467379 -0.004521057 0.005411719
v 0.063266105 -0.004415495 0.012574779
v 0.063468926 -0.005232450 0.012574779
v 0.062209619 0.000270717 0.008888990
v 0.062628344 -0.001415900 0.008888990
v 0.063503575 -0.005127656 0.011055958
v 0.063193459 -0.003878493 0.011055958
v 0.062207321 0.000698086 0.005324705
v 0.062626040 -0.000988530 0.005324705
v 0.063088524 -0.002810437 0.005300698
v 0.063507249 -0.004497054 0.005300698
v 0.061343851 0.004217132 0.005300695
v 0.061762571 0.002530516 0.005300695
v 0.062216193 0.000703348 0.005300694
v 0.062634907 -0.000983268 0.005300694
v 0.060287167 0.008473476 0.005300693
v 0.063776517 -0.005581662 0.005300693
v 0.061583460 0.003645192 0.001638908
v 0.061786276 0.002828237 0.001638908
v 0.063114859 -0.003245927 0.008977204
v 0.063533578 -0.004932544 0.008977204
v 0.061782541 0.002731109 0.003158650
v 0.061472426 0.003980272 0.003158651
v 0.061367507 0.004230963 0.005238425
v 0.061786226 0.002544346 0.005238425
v 0.060544105 0.007292259 0.009093754
v 0.060962825 0.005605642 0.009093754
v 0.062497853 -0.000887492 0.012668812
v 0.062700669 -0.001704447 0.012668812
v 0.062526348 0.000156851 0.001578633
v 0.062729164 -0.000660104 0.001578633
v 0.063398684 -0.003356934 0.001578633
v 0.063601500 -0.004173888 0.001578633
v 0.061828333 0.001809337 0.012668813
v 0.061856833 0.002853680 0.001578632
v 0.060955997 0.005323121 0.012668814
v 0.060982685 0.005422807 0.011174022
v 0.060672569 0.006671970 0.011174021
v 0.061452886 0.003776583 0.009180308
v 0.061871611 0.002089967 0.009180308
v 0.060781559 0.006143990 0.012693832
v 0.060984375 0.005327035 0.012693832
v 0.063193890 -0.002750764 0.005040192
v 0.063612609 -0.004437381 0.005040192
v 0.060614834 0.007289012 0.009258027
v 0.061033553 0.005602396 0.009258027
v 0.063231843 -0.003252341 0.009258029
v 0.063650567 -0.004938957 0.009258029
v 0.061487170 0.003775228 0.009258029
v 0.061905895 0.002088611 0.009258029
v 0.062359512 0.000261444 0.009258034
v 0.062778231 -0.001425173 0.009258034
v 0.060318827 0.008481336 0.009258035
v 0.063808172 -0.005573802 0.009258035
v 0.062363147 0.000261322 0.009266083
v 0.062781866 -0.001425295 0.009266083
v 0.062359009 0.000783194 0.004956656
v 0.062777729 -0.000903423 0.004956656
v 0.061929009 0.001916301 0.011261070
v 0.061618888 0.003165465 0.011261070
v 0.063274855 -0.003253526 0.009351036
v 0.063693580 -0.004940143 0.009351036
v 0.063696254 -0.004228637 0.002963374
v 0.063386133 -0.002979474 0.002963374
v 0.061525553 0.004317452 0.004874027
v 0.061944278 0.002630835 0.004874027
v 0.061754980 0.002644270 0.012780869
v 0.061957802 0.001827315 0.012780869
v 0.060712560 0.007287048 0.009462963
v 0.061131285 0.005600432 0.009462963
v 0.062876919 -0.001589825 0.011346783
v 0.062566797 -0.000340662 0.011346783
v 0.063560493 -0.003298929 0.001446443
v 0.063763314 -0.004115883 0.001446443
v 0.062588768 0.000564031 0.002882037
v 0.062898889 -0.000685132 0.002882037
v 0.061627550 0.003773157 0.009545852
v 0.062046275 0.002086541 0.009545852
v 0.061616904 0.004363950 0.004693885
v 0.062035624 0.002677333 0.004693885
v 0.062489235 0.000850166 0.004693884
v 0.062907960 -0.000836451 0.004693884
v 0.063361582 -0.002663617 0.004693878
v 0.063780296 -0.004350233 0.004693878
v 0.060578699 0.008545852 0.004693877
v 0.064068049 -0.005509285 0.004693877
v 0.063366339 -0.002661248 0.004684967
v 0.063785064 -0.004347865 0.004684967
v 0.062729838 -0.000855061 0.012865930
v 0.062932654 -0.001672015 0.012865930
v 0.063826380 -0.005095577 0.011431113
v 0.063516265 -0.003846414 0.011431113
v 0.062543899 0.000259672 0.009627795
v 0.062962618 -0.001426944 0.009627795
v 0.062537435 0.000873920 0.004605629
v 0.062956155 -0.000812696 0.004605629
v 0.061792866 0.004107907 0.002802175
v 0.062102982 0.002858745 0.002802175
v 0.062790004 0.000251125 0.001367362
v 0.062992820 -0.000565830 0.001367362
v 0.063461606 -0.003253423 0.009708815
v 0.063880331 -0.004940040 0.009708815
v 0.061709907 0.004409415 0.004527203
v 0.062128626 0.002722799 0.004527203
v 0.063706071 -0.004354011 0.012948979
v 0.063908887 -0.005170965 0.012948979
v 0.061314550 0.005457064 0.011541327
v 0.061004429 0.006706228 0.011541327
v 0.060907465 0.007289342 0.009815798
v 0.061326185 0.005602726 0.009815798
v 0.062020785 0.003801453 0.001290375
v 0.062223596 0.002984498 0.001290375
v 0.060620032 0.008556113 0.009859816
v 0.064109383 -0.005499025 0.009859816
v 0.061806677 0.003776306 0.009859819
v 0.062225402 0.002089689 0.009859819
v 0.060934336 0.007290090 0.009859820
v 0.061353061 0.005603474 0.009859820
v 0.062679019 0.000262521 0.009859825
v 0.063097739 -0.001424095 0.009859825
v 0.063551350 -0.003251263 0.009859826
v 0.063970075 -0.004937879 0.009859826
v 0.061828736 0.003776980 0.009895232
v 0.062247456 0.002090363 0.009895232
v 0.063564829 -0.002565810 0.004347118
v 0.063983549 -0.004252426 0.004347118
v 0.062267476 0.001952173 0.011622262
v 0.061957354 0.003201336 0.011622262
v 0.062751510 0.000264930 0.009973928
v 0.063170235 -0.001421686 0.009973928
v 0.064031478 -0.004097253 0.002621799
v 0.063721368 -0.002848090 0.002621799
v 0.062742152 0.000971111 0.004271288
v 0.063160871 -0.000715506 0.004271288
v 0.061229624 0.006207698 0.013056521
v 0.061432440 0.005390743 0.013056521
v 0.061242164 0.006209529 0.013065856
v 0.061444981 0.005392575 0.013065856
v 0.062114495 0.002695746 0.013065856
v 0.062317317 0.001878791 0.013065856
v 0.062986837 -0.000818039 0.013065856
v 0.063189653 -0.001634994 0.013065856
v 0.063859173 -0.004331823 0.013065856
v 0.064061995 -0.005148778 0.013065856
v 0.062137493 0.003842608 0.001206823
v 0.062340309 0.003025653 0.001206823
v 0.063009835 0.000328823 0.001206823
v 0.063212651 -0.000488132 0.001206823
v 0.063882165 -0.003184961 0.001206823
v 0.064084987 -0.004001916 0.001206823
v 0.063675786 -0.003246806 0.010051842
v 0.064094506 -0.004933422 0.010051842
v 0.063221816 -0.001552357 0.011701674
v 0.062911694 -0.000303194 0.011701674
v 0.061920888 0.004508439 0.004196331
v 0.062339613 0.002821823 0.004196331
v 0.063240173 -0.000552252 0.002547146
v 0.062930052 0.000696911 0.002547146
v 0.060946136 0.008637071 0.004132513
v 0.064435481 -0.005418066 0.004132513
v 0.061966000 0.004529035 0.004132509
v 0.062384725 0.002842418 0.004132509
v 0.062838342 0.001015251 0.004132507
v 0.063257067 -0.000671365 0.004132507
v 0.063710678 -0.002498533 0.004132507
v 0.064129403 -0.004185150 0.004132507
v 0.061130313 0.007297767 0.010154434
v 0.061549032 0.005611150 0.010154434
v 0.064177531 -0.005056531 0.011779523
v 0.063867410 -0.003807368 0.011779523
v 0.062450150 0.002993051 0.002474137
v 0.062140034 0.004242214 0.002474137
v 0.062057992 0.003786763 0.010230353
v 0.062476711 0.002100147 0.010230353
v 0.063790163 -0.002462664 0.004025062
v 0.064208882 -0.004149281 0.004025062
v 0.062987091 0.000276074 0.010305346
v 0.063405810 -0.001410543 0.010305346
v 0.061414906 0.006406292 0.012774608
v 0.061653702 0.005444393 0.012774608
v 0.062287242 0.002892507 0.012774608
v 0.062526038 0.001930609 0.012774608
v 0.063159578 -0.000621277 0.012774608
v 0.063398380 -0.001583176 0.012774608
v 0.064031909 -0.004135061 0.012774608
v 0.064270716 -0.005096960 0.012774608
v 0.062295744 0.004035772 0.001508526
v 0.062534546 0.003073873 0.001508526
v 0.063168080 0.000521987 0.001508526
v 0.063406882 -0.000439911 0.001508526
v 0.064040411 -0.002991798 0.001508526
v 0.064279218 -0.003953696 0.001508526
v 0.062973490 0.001075949 0.003953316
v 0.063392209 -0.000610667 0.003953316
v 0.061673745 0.005498179 0.011880826
v 0.061363623 0.006747342 0.011880826
v 0.063917593 -0.003234303 0.010379371
v 0.064336313 -0.004920919 0.010379371
v 0.062158143 0.004614924 0.003882622
v 0.062576863 0.002928307 0.003882622
v 0.060996396 0.008649549 0.010414863
v 0.064485741 -0.005405588 0.010414863
v 0.063946259 -0.003232540 0.010414864
v 0.064364979 -0.004919156 0.010414864
v 0.061329251 0.007308814 0.010414866
v 0.061747975 0.005622197 0.010414866
v 0.063073923 0.000281245 0.010414866
v 0.063492642 -0.001405372 0.010414866
v 0.062201587 0.003795029 0.010414867
v 0.062620312 0.002108413 0.010414867
v 0.062376969 0.002905220 0.012840053
v 0.062615771 0.001943321 0.012840053
v 0.062322360 0.003243975 0.011954886
v 0.062632482 0.001994813 0.011954886
v 0.064162356 -0.002948358 0.001425135
v 0.064401152 -0.003910257 0.001425135
v 0.061380268 0.007312080 0.010476497
v 0.061798987 0.005625464 0.010476497
v 0.064391645 -0.003959893 0.002310368
v 0.064081529 -0.002710730 0.002310368
v 0.063592440 -0.001508218 0.012027265
v 0.063282319 -0.000259055 0.012027265
v 0.062313930 0.003802431 0.010548108
v 0.062732650 0.002115815 0.010548108
v 0.063352080 -0.000593838 0.012912351
v 0.063590877 -0.001555737 0.012912351
v 0.064040798 -0.002352531 0.003721977
v 0.064459523 -0.004039147 0.003721977
v 0.063605583 -0.000413705 0.002243079
v 0.063295467 0.000835458 0.002243079
v 0.063391486 0.000601384 0.001358823
v 0.063630287 -0.000360514 0.001358823
v 0.063248896 0.000293092 0.010618619
v 0.063667621 -0.001393525 0.010618619
v 0.063229677 0.001187560 0.003655065
v 0.063648396 -0.000499057 0.003655065
v 0.064553558 -0.005010918 0.012097932
v 0.064243437 -0.003761755 0.012097932
v 0.063256409 0.001198985 0.003626617
v 0.063675134 -0.000487632 0.003626617
v 0.061382909 0.008745504 0.003626617
v 0.064872254 -0.005309633 0.003626617
v 0.064128751 -0.002314799 0.003626617
v 0.064547476 -0.004001416 0.003626617
v 0.062384079 0.004712769 0.003626617
v 0.062802798 0.003026153 0.003626617
v 0.064328247 -0.004092571 0.012982612
v 0.064567049 -0.005054469 0.012982612
v 0.062510487 0.004381875 0.002177570
v 0.062820609 0.003132712 0.002177569
v 0.064185144 -0.003215941 0.010687994
v 0.064603863 -0.004902558 0.010687994
v 0.062621582 0.004151303 0.001294608
v 0.062860384 0.003189404 0.001294608
v 0.062419755 0.004727956 0.003589366
v 0.062838480 0.003041340 0.003589366
v 0.062056666 0.005545713 0.012189440
v 0.061746545 0.006794877 0.012189440
v 0.061655271 0.007332222 0.010778662
v 0.062073990 0.005645605 0.010778662
v 0.061851220 0.006469341 0.013073081
v 0.062090028 0.005507442 0.013073081
v 0.062594369 0.003823897 0.010845244
v 0.063013089 0.002137281 0.010845244
v 0.063020315 0.002043754 0.012256001
v 0.062710193 0.003292917 0.012256001
v 0.064314580 -0.002236402 0.003440979
v 0.064733299 -0.003923018 0.003440979
v 0.064527384 -0.002819753 0.001198937
v 0.063655053 0.000694032 0.001198937
v 0.063893849 -0.000267867 0.001198937
v 0.064527052 -0.004063286 0.013109684
v 0.064765854 -0.005025185 0.013109684
v 0.061910044 0.006478067 0.013109684
v 0.064773069 -0.003817926 0.002031782
v 0.064462948 -0.002568764 0.002031783
v 0.063534628 0.000315871 0.010910572
v 0.063953347 -0.001370746 0.010910572
v 0.061792811 0.007343686 0.010913269
v 0.062211531 0.005657069 0.010913269
v 0.062665147 0.003829901 0.010913269
v 0.063083867 0.002143285 0.010913269
v 0.064409825 -0.003197667 0.010913270
v 0.064828545 -0.004884284 0.010913270
v 0.061441202 0.008759977 0.010913271
v 0.063956203 -0.001370499 0.010913271
v 0.064930547 -0.005295160 0.010913271
v 0.062829680 0.002971327 0.013138529
v 0.063068487 0.002009429 0.013138529
v 0.063508442 0.001304917 0.003379565
v 0.063927161 -0.000381699 0.003379565
v 0.063984968 -0.001457900 0.012320758
v 0.063674853 -0.000208737 0.012320758
v 0.064608857 -0.002791294 0.001152957
v 0.064847654 -0.003753192 0.001152957
v 0.064476013 -0.003191860 0.010974615
v 0.064894732 -0.004878477 0.010974615
v 0.063681233 0.000978286 0.001972386
v 0.063991349 -0.000270877 0.001972386
v 0.062703359 0.004846482 0.003319505
v 0.063122084 0.003159865 0.003319505
v 0.063809465 -0.000526410 0.013202120
v 0.064048261 -0.001488308 0.013202120
v 0.064640451 -0.003710093 0.012383689
v 0.064950567 -0.004959256 0.012383689
v 0.063842379 0.000759422 0.001095525
v 0.064081181 -0.000202476 0.001095525
v 0.061952758 0.007358017 0.011057952
v 0.062371483 0.005671400 0.011057952
v 0.063210502 0.003276325 0.001914870
v 0.062900380 0.004525487 0.001914870
v 0.064790592 -0.004023880 0.013263858
v 0.065029400 -0.004985779 0.013263858
v 0.062896629 0.003850960 0.011118878
v 0.063315354 0.002164343 0.011118878
v 0.062863655 0.004911951 0.003185223
v 0.063282374 0.003225334 0.003185223
v 0.063735991 0.001398167 0.003185221
v 0.064154716 -0.000288449 0.003185221
v 0.061881223 0.008869217 0.003185219
v 0.065370568 -0.005185920 0.003185219
v 0.064608879 -0.002115393 0.003184780
v 0.065027604 -0.003802010 0.003184780
v 0.062459287 0.005599116 0.012464722
v 0.062149172 0.006848279 0.012464722
v 0.063077116 0.004310508 0.001040026
v 0.063315923 0.003348609 0.001040026
v 0.063841506 0.000344185 0.011178420
v 0.064260226 -0.001342432 0.011178420
v 0.063807062 0.001426884 0.003129423
v 0.064225781 -0.000259733 0.003129423
v 0.062311201 0.006372633 0.013724261
v 0.062514017 0.005555678 0.013724261
v 0.063183532 0.002858848 0.013724261
v 0.063386354 0.002041894 0.013724261
v 0.064055868 -0.000654936 0.013724261
v 0.064258690 -0.001471891 0.013724261
v 0.064928210 -0.004168720 0.013724261
v 0.065131026 -0.004985676 0.013724261
v 0.063189526 0.004206083 0.000603456
v 0.063392342 0.003389128 0.000603456
v 0.064061862 0.000692299 0.000603456
v 0.064264678 -0.000124656 0.000603456
v 0.064934193 -0.002821486 0.000603456
v 0.065137014 -0.003638440 0.000603456
v 0.063184344 0.002858974 0.013724665
v 0.063387155 0.002042020 0.013724665
v 0.063426941 0.002098419 0.012523342
v 0.063116820 0.003347582 0.012523342
v 0.062320681 0.006539628 0.013343223
v 0.062559477 0.005577730 0.013343223
v 0.064973659 -0.002807990 0.000585494
v 0.065176475 -0.003624944 0.000585494
v 0.064787338 -0.003162312 0.011236555
v 0.065206052 -0.004848928 0.011236555
v 0.064861741 -0.002423541 0.001787995
v 0.065171862 -0.003672705 0.001787994
v 0.063006139 0.004969341 0.003075532
v 0.063424864 0.003282725 0.003075532
v 0.064395771 -0.001402037 0.012580300
v 0.064085650 -0.000152874 0.012580300
v 0.064175454 -0.000636214 0.013782839
v 0.064378276 -0.001453169 0.013782839
v 0.062269741 0.007389182 0.011311834
v 0.062688460 0.005702564 0.011311834
v 0.062431682 0.006556422 0.013400092
v 0.062670484 0.005594523 0.013400092
v 0.063304024 0.003042637 0.013400092
v 0.063542820 0.002080739 0.013400092
v 0.064176355 -0.000471147 0.013400092
v 0.064415156 -0.001433046 0.013400092
v 0.065048691 -0.003984932 0.013400092
v 0.065287498 -0.004946830 0.013400092
v 0.063293975 0.004385891 0.000935328
v 0.063532777 0.003423993 0.000935328
v 0.064166311 0.000872107 0.000935328
v 0.064405113 -0.000089792 0.000935328
v 0.065038647 -0.002641677 0.000935328
v 0.065277449 -0.003603576 0.000935328
v 0.064394086 -0.000124794 0.001736553
v 0.064083965 0.001124369 0.001736554
v 0.064218064 0.000745685 0.000534149
v 0.064420885 -0.000071270 0.000534149
v 0.064933756 -0.003147268 0.011346139
v 0.065352476 -0.004833885 0.011346139
v 0.064061420 0.000366516 0.011346140
v 0.064480145 -0.001320100 0.011346140
v 0.062316753 0.007394085 0.011346141
v 0.062735473 0.005707469 0.011346141
v 0.063189089 0.003880301 0.011346143
v 0.063607814 0.002193685 0.011346143
v 0.061946510 0.008885426 0.011346144
v 0.065435860 -0.005169711 0.011346144
v 0.065055696 -0.003653097 0.012635599
v 0.065365812 -0.004902260 0.012635599
v 0.063217650 0.003883313 0.011366591
v 0.063636370 0.002196697 0.011366591
v 0.065167768 -0.004131153 0.013838879
v 0.065370585 -0.004948107 0.013838879
v 0.064920697 -0.001990706 0.002955600
v 0.065339416 -0.003677323 0.002955600
v 0.063617394 0.003423454 0.001686843
v 0.063307272 0.004672617 0.001686844
v 0.063463518 0.004299667 0.000485007
v 0.063666339 0.003482712 0.000485007
v 0.064166372 0.000377706 0.011419863
v 0.064585097 -0.001308911 0.011419863
v 0.064122464 0.001552243 0.002906737
v 0.064541184 -0.000134374 0.002906737
v 0.062880902 0.005657527 0.012706685
v 0.062570786 0.006906690 0.012706685
v 0.065115878 -0.003127647 0.011471634
v 0.065534603 -0.004814263 0.011471634
v 0.063324950 0.005095306 0.002859421
v 0.063743670 0.003408689 0.002859421
v 0.062712491 0.006435704 0.013910219
v 0.062915307 0.005618749 0.013910219
v 0.063853616 0.002157823 0.012757967
v 0.063543500 0.003406986 0.012757966
v 0.065140848 -0.001904541 0.002816199
v 0.065559573 -0.003591158 0.002816199
v 0.064268512 0.001609244 0.002816197
v 0.064687237 -0.000077372 0.002816197
v 0.062432190 0.009006002 0.002816195
v 0.065921535 -0.005049136 0.002816195
v 0.063396181 0.005123030 0.002816194
v 0.063814906 0.003436414 0.002816194
v 0.062602893 0.007425336 0.011538296
v 0.063021613 0.005738720 0.011538296
v 0.065589228 -0.003522474 0.001577783
v 0.065279107 -0.002273312 0.001577783
v 0.063707380 0.002941315 0.013961141
v 0.063910196 0.002124361 0.013961141
v 0.064827401 -0.001341668 0.012807467
v 0.064517285 -0.000092505 0.012807467
v 0.063554073 0.003920551 0.011586521
v 0.063972798 0.002233935 0.011586521
v 0.065486817 -0.002633025 0.000379097
v 0.065689639 -0.003449980 0.000379097
v 0.065697008 -0.003447474 0.000376488
v 0.064831158 -0.001381711 0.013980613
v 0.062883669 0.006462813 0.013980613
v 0.063086491 0.005645858 0.013980613
v 0.065500678 -0.004078540 0.013980613
v 0.065703494 -0.004895495 0.013980613
v 0.063749514 0.004397050 0.000376488
v 0.063952336 0.003580095 0.000376488
v 0.065246850 -0.001863519 0.002755047
v 0.065665575 -0.003550135 0.002755047
v 0.064815844 0.000026784 0.001534092
v 0.064505728 0.001275947 0.001534093
v 0.064506237 0.000415957 0.011633377
v 0.064924956 -0.001270660 0.011633377
v 0.064703274 -0.000552852 0.014009814
v 0.064906090 -0.001369807 0.014009814
v 0.065802209 -0.004840952 0.012855153
v 0.065492087 -0.003591789 0.012855152
v 0.064451866 0.001680119 0.002712729
v 0.064870585 -0.000006498 0.002712729
v 0.064043361 0.003576311 0.001492277
v 0.063733240 0.004825474 0.001492278
v 0.064735371 0.000921837 0.000337531
v 0.064938187 0.000104882 0.000337531
v 0.065459400 -0.003088458 0.011678869
v 0.065878119 -0.004775075 0.011678869
v 0.063657766 0.005224045 0.002671834
v 0.064076491 0.003537428 0.002671834
v 0.062503311 0.009023658 0.011705760
v 0.065992656 -0.005031479 0.011705760
v 0.065508854 -0.003082694 0.011705762
v 0.065927579 -0.004769310 0.011705762
v 0.062891845 0.007458660 0.011705763
v 0.063310565 0.005772042 0.011705763
v 0.064636523 0.000431091 0.011705764
v 0.065055248 -0.001255525 0.011705764
v 0.063764182 0.003944875 0.011705765
v 0.064182906 0.002258259 0.011705765
v 0.065700108 -0.004046809 0.014056207
v 0.065902924 -0.004863764 0.014056207
v 0.063323332 0.005720044 0.012915855
v 0.063013210 0.006969207 0.012915855
v 0.063984720 0.004476920 0.000298300
v 0.064187541 0.003659965 0.000298300
v 0.062951652 0.007465660 0.011737348
v 0.063370372 0.005779044 0.011737348
v 0.064300327 0.002221215 0.012959186
v 0.063990217 0.003470378 0.012959185
v 0.063907014 0.003961649 0.011779535
v 0.064325739 0.002275032 0.011779535
v 0.066024217 -0.003366916 0.001402158
v 0.065714101 -0.002117753 0.001402158
v 0.065588267 -0.001732145 0.002582115
v 0.066006986 -0.003418761 0.002582115
v 0.063250454 0.006521292 0.014114471
v 0.063453276 0.005704337 0.014114471
v 0.064863260 0.000457803 0.011820256
v 0.065281985 -0.001228813 0.011820256
v 0.064968068 -0.000028267 0.013000602
v 0.065278184 -0.001277430 0.013000602
v 0.064796879 0.001812645 0.002546173
v 0.065215604 0.000126029 0.002546173
v 0.065254363 0.000183376 0.001366790
v 0.064944242 0.001432538 0.001366791
v 0.063025983 0.009153416 0.002526129
v 0.066515327 -0.004901720 0.002526129
v 0.063971605 0.005344431 0.002526128
v 0.064390330 0.003657815 0.002526128
v 0.064843947 0.001830647 0.002526128
v 0.065262666 0.000144030 0.002526128
v 0.065716283 -0.001683137 0.002526127
v 0.066135008 -0.003369753 0.002526127
v 0.064249254 0.003027789 0.014155440
v 0.064452070 0.002210834 0.014155440
v 0.065820351 -0.003045880 0.011859485
v 0.066239070 -0.004732497 0.011859485
v 0.064006232 0.005357663 0.002511774
v 0.064424957 0.003671047 0.002511774
v 0.066256842 -0.004775899 0.013040079
v 0.065946732 -0.003526737 0.013040078
v 0.066016101 -0.002453549 0.000215968
v 0.066218923 -0.003270504 0.000215968
v 0.064485183 0.003733858 0.001333408
v 0.064175062 0.004983021 0.001333408
v 0.063475782 0.006557471 0.014185672
v 0.063678598 0.005740516 0.014185672
v 0.064348118 0.003043687 0.014185672
v 0.064550940 0.002226732 0.014185672
v 0.065220454 -0.000470098 0.014185672
v 0.065423276 -0.001287053 0.014185672
v 0.066092791 -0.003983882 0.014185672
v 0.066295612 -0.004800837 0.014185672
v 0.064326430 0.004592616 0.000201764
v 0.064529251 0.003775661 0.000201764
v 0.065198766 0.001078831 0.000201764
v 0.065401587 0.000261877 0.000201764
v 0.066071102 -0.002434953 0.000201764
v 0.066273924 -0.003251908 0.000201764
v 0.063317581 0.007509186 0.011909423
v 0.063736306 0.005822569 0.011909423
v 0.066564804 -0.004889437 0.007195325
v 0.063075464 0.009165700 0.007195325
v 0.063075464 0.009165700 0.007195325
v 0.063472639 0.007035298 0.013089654
v 0.063782760 0.005786136 0.013089654
v 0.063094463 0.009170417 0.007510260
v 0.066583807 -0.004884719 0.007510260
v 0.063109820 0.009174231 0.006881775
v 0.066599171 -0.004880906 0.006881775
v 0.063539257 0.006727106 0.013838433
v 0.063778059 0.005765208 0.013838433
v 0.064411593 0.003213322 0.013838433
v 0.064650395 0.002251424 0.013838433
v 0.065283929 -0.000300462 0.013838433
v 0.065522737 -0.001262361 0.013838433
v 0.066156266 -0.003814247 0.013838433
v 0.066395067 -0.004776145 0.013838433
v 0.064372818 0.004758009 0.000553721
v 0.064611619 0.003796110 0.000553721
v 0.065245154 0.001244224 0.000553721
v 0.065483956 0.000282326 0.000553721
v 0.066117490 -0.002269560 0.000553721
v 0.066356292 -0.003231459 0.000553721
v 0.064276478 0.004005862 0.011945068
v 0.064695198 0.002319245 0.011945068
v 0.065310866 -0.000296245 0.013846386
v 0.065549673 -0.001258144 0.013846386
v 0.065944141 -0.001596228 0.002437637
v 0.066362860 -0.003282844 0.002437637
v 0.065310546 0.001266635 0.000537489
v 0.065549348 0.000304736 0.000537489
v 0.063166252 0.009188240 0.007817010
v 0.066655597 -0.004866897 0.007817010
v 0.063196509 0.009195752 0.006579136
v 0.066685859 -0.004859385 0.006579136
v 0.064452971 0.003537210 0.013124515
v 0.064763087 0.002288048 0.013124515
v 0.065236077 0.000502685 0.011979140
v 0.065654797 -0.001183932 0.011979140
v 0.063101666 0.009172205 0.011985700
v 0.066591011 -0.004882932 0.011985700
v 0.065253446 0.000504803 0.011985700
v 0.065672160 -0.001181814 0.011985700
v 0.064381110 0.004018587 0.011985701
v 0.064799829 0.002331971 0.011985701
v 0.066125782 -0.003008981 0.011985701
v 0.066544507 -0.004695598 0.011985701
v 0.063508773 0.007532372 0.011985702
v 0.063927493 0.005845755 0.011985702
v 0.065155648 0.001949438 0.002408541
v 0.065574367 0.000262822 0.002408541
v 0.066472917 -0.003207448 0.001263351
v 0.066162795 -0.001958285 0.001263352
v 0.066304799 -0.003790959 0.013880797
v 0.066543601 -0.004752858 0.013880797
v 0.066196339 -0.003000351 0.012011615
v 0.066615059 -0.004686968 0.012011615
v 0.064556293 0.004820850 0.000510063
v 0.064795095 0.003858952 0.000510063
v 0.065744037 -0.001209890 0.013157365
v 0.065433921 0.000039273 0.013157364
v 0.063288650 0.009218627 0.008106256
v 0.066777994 -0.004836510 0.008106256
v 0.063332878 0.009229607 0.006296605
v 0.066822228 -0.004825530 0.006296605
v 0.064367719 0.005495264 0.002381079
v 0.064786438 0.003808648 0.002381079
v 0.065705621 0.000343534 0.001236727
v 0.065395505 0.001592697 0.001236727
v 0.063697519 0.007555543 0.012052399
v 0.064116244 0.005868926 0.012052399
v 0.063850793 0.006776051 0.013923123
v 0.064089594 0.005814153 0.013923123
v 0.066725557 -0.004707685 0.013188184
v 0.066415436 -0.003458523 0.013188183
v 0.064628668 0.005143787 0.001212161
v 0.064938789 0.003894624 0.001212161
v 0.063457933 0.009260654 0.008369208
v 0.066947283 -0.004794484 0.008369208
v 0.063514795 0.009274770 0.006042766
v 0.067004145 -0.004780367 0.006042766
v 0.064659157 0.004052815 0.012081077
v 0.065077876 0.002366198 0.012081077
v 0.066311268 -0.001457009 0.002323447
v 0.066729988 -0.003143626 0.002323447
v 0.064845958 0.003281669 0.013952185
v 0.065084759 0.002319771 0.013952185
v 0.066323582 -0.001452356 0.002320199
v 0.066742301 -0.003138972 0.002320199
v 0.063651998 0.009308832 0.002320199
v 0.067141343 -0.004746305 0.002320199
v 0.064578910 0.005575213 0.002320199
v 0.064997635 0.003888597 0.002320199
v 0.065451246 0.002061429 0.002320199
v 0.065869965 0.000374813 0.002320199
v 0.064254911 0.005855194 0.013226096
v 0.063944790 0.007104357 0.013226095
v 0.066578117 -0.002112024 0.000455082
v 0.066816914 -0.003073922 0.000455082
v 0.065621308 0.000550210 0.012108101
v 0.066040027 -0.001136406 0.012108101
v 0.065524886 0.002089233 0.002301544
v 0.065943605 0.000402616 0.002301544
v 0.065841548 -0.000212588 0.013978935
v 0.066080344 -0.001174486 0.013978935
v 0.066583923 -0.002952278 0.012133455
v 0.067002643 -0.004638895 0.012133455
v 0.064927414 0.003606861 0.013252125
v 0.065237536 0.002357698 0.013252125
v 0.064116758 0.006818137 0.013983027
v 0.064355560 0.005856238 0.013983027
v 0.064989094 0.003304352 0.013983027
v 0.064932182 0.004949218 0.000438626
v 0.065861430 -0.000209431 0.013983027
v 0.065804524 0.001435435 0.000438626
v 0.065825096 0.001442446 0.000435402
v 0.066063904 0.000480548 0.000435402
v 0.064738879 0.005635563 0.002281336
v 0.065157598 0.003948947 0.002281336
v 0.063668964 0.009313044 0.008597877
v 0.067158308 -0.004742093 0.008597877
v 0.063736731 0.009329868 0.005825331
v 0.067226076 -0.004725270 0.005825331
v 0.066931064 -0.003045584 0.001162915
v 0.066620948 -0.001796421 0.001162915
v 0.066837492 -0.003706729 0.014003365
v 0.067076294 -0.004668628 0.014003365
v 0.066220536 -0.001139683 0.013276086
v 0.065910415 0.000109480 0.013276085
v 0.064087932 0.007604310 0.012164643
v 0.064506656 0.005917693 0.012164643
v 0.065855210 0.001754892 0.001145288
v 0.066165331 0.000505729 0.001145288
v 0.065072313 0.004996947 0.000418061
v 0.065311120 0.004035049 0.000418061
v 0.066773763 -0.002928335 0.012180968
v 0.067192488 -0.004614951 0.012180968
v 0.064156754 0.007613019 0.012180969
v 0.064575473 0.005926403 0.012180969
v 0.065901421 0.000585450 0.012180969
v 0.066320146 -0.001101166 0.012180969
v 0.065029090 0.004099235 0.012180969
v 0.065447810 0.002412618 0.012180969
v 0.063730886 0.009328418 0.012180969
v 0.067220231 -0.004726720 0.012180969
v 0.065051458 0.004102072 0.012186057
v 0.065470178 0.002415456 0.012186057
v 0.066893735 -0.003387796 0.013297967
v 0.067203857 -0.004636959 0.013297967
v 0.066686168 -0.001315813 0.002240823
v 0.067104893 -0.003002429 0.002240823
v 0.065089693 0.005306230 0.001129756
v 0.065399814 0.004057067 0.001129755
v 0.064385745 0.006860974 0.014032315
v 0.064624546 0.005899076 0.014032315
v 0.063915323 0.009374206 0.008785315
v 0.067404673 -0.004680931 0.008785315
v 0.063991935 0.009393225 0.005650908
v 0.067481279 -0.004661912 0.005650908
v 0.066015295 0.000599932 0.012205768
v 0.066434014 -0.001086684 0.012205768
v 0.065901073 0.002230693 0.002226322
v 0.066319792 0.000544077 0.002226322
v 0.064425106 0.007175717 0.013323898
v 0.064735227 0.005926554 0.013323898
v 0.066979391 -0.002902117 0.012223768
v 0.067398110 -0.004588733 0.012223768
v 0.065382280 0.003367061 0.014051307
v 0.065621076 0.002405162 0.014051307
v 0.065116149 0.005777214 0.002213544
v 0.065534874 0.004090598 0.002213544
v 0.067096524 -0.001935614 0.000386699
v 0.067335331 -0.002897512 0.000386699
v 0.065408957 0.003678653 0.013340908
v 0.065719073 0.002429490 0.013340908
v 0.064485056 0.007655014 0.012245100
v 0.064903781 0.005968398 0.012245100
v 0.066079582 0.002297493 0.002202079
v 0.066498301 0.000610876 0.002202079
v 0.065207246 0.005811278 0.002202079
v 0.065625971 0.004124661 0.002202079
v 0.066951924 -0.001216291 0.002202079
v 0.067370643 -0.002902908 0.002202079
v 0.064299067 0.009469474 0.002202079
v 0.067788412 -0.004585663 0.002202079
v 0.067394238 -0.002882888 0.001101666
v 0.067084116 -0.001633724 0.001101666
v 0.066378958 -0.000126774 0.014067965
v 0.066617755 -0.001088672 0.014067965
v 0.064700805 0.006757314 0.014436068
v 0.064903621 0.005940360 0.014436068
v 0.065573147 0.003243530 0.014436068
v 0.065775963 0.002426575 0.014436068
v 0.066445477 -0.000270254 0.014436068
v 0.066648299 -0.001087209 0.014436068
v 0.065513389 0.004991575 0.000013952
v 0.065716211 0.004174620 0.000013952
v 0.066385726 0.001477791 0.000013952
v 0.066588547 0.000660836 0.000013952
v 0.067258067 -0.002035994 0.000013952
v 0.067460889 -0.002852948 0.000013952
v 0.066344089 0.001618840 0.000377157
v 0.066582890 0.000656941 0.000377157
v 0.067318509 -0.003753352 0.014364610
v 0.067528469 -0.004599070 0.014364610
v 0.064189536 0.009442281 0.008925827
v 0.067678881 -0.004612856 0.008925827
v 0.064272655 0.009462918 0.005524796
v 0.067762000 -0.004592219 0.005524796
v 0.066703051 -0.001067498 0.013355830
v 0.066392929 0.000181665 0.013355830
v 0.064704246 0.006912046 0.014076309
v 0.064943054 0.005950148 0.014076309
v 0.065576588 0.003398262 0.014076309
v 0.065815384 0.002436363 0.014076309
v 0.066448924 -0.000115523 0.014076309
v 0.066687721 -0.001077421 0.014076309
v 0.067321261 -0.003629307 0.014076309
v 0.067560062 -0.004591205 0.014076309
v 0.065499214 0.005141932 0.000375300
v 0.065738010 0.004180033 0.000375300
v 0.066371550 0.001628147 0.000375300
v 0.066610352 0.000666249 0.000375300
v 0.067243881 -0.001885637 0.000375300
v 0.067482688 -0.002847536 0.000375300
v 0.065449577 0.004153154 0.012259094
v 0.065868302 0.002466538 0.012259094
v 0.067587806 -0.004588751 0.014307708
v 0.066629024 0.000668395 0.001093118
v 0.066318908 0.001917558 0.001093119
v 0.067375051 -0.003715422 0.014303963
v 0.067065217 -0.001174000 0.002190436
v 0.067483942 -0.002860617 0.002190436
v 0.065610767 0.005024111 0.000008317
v 0.065813584 0.004207155 0.000008317
v 0.067414816 -0.003688892 0.014261179
v 0.066414209 0.000651363 0.012271369
v 0.066832934 -0.001035253 0.012271369
v 0.067376974 -0.003315256 0.013368662
v 0.067687095 -0.004564418 0.013368662
v 0.066280558 0.002372453 0.002183404
v 0.066699283 0.000685837 0.002183404
v 0.065553668 0.005468782 0.001086660
v 0.065863789 0.004219619 0.001086659
v 0.067378896 -0.002850364 0.012281926
v 0.067797616 -0.004536980 0.012281926
v 0.064932535 0.006795688 0.014458664
v 0.065135357 0.005978734 0.014458664
v 0.065495877 0.005918851 0.002178091
v 0.065914602 0.004232234 0.002178091
v 0.066568897 0.000671592 0.012288081
v 0.066987622 -0.001015025 0.012288081
v 0.065696555 0.004185376 0.012288081
v 0.066115280 0.002498760 0.012288081
v 0.067441239 -0.002842192 0.012288081
v 0.064824225 0.007699161 0.012288081
v 0.065242950 0.006012545 0.012288081
v 0.064379756 0.009489507 0.012288082
v 0.067869107 -0.004565630 0.012288082
v 0.065219040 0.005999509 0.013382529
v 0.064908919 0.007248672 0.013382529
v 0.064483255 0.009515201 0.009015143
v 0.067972595 -0.004539936 0.009015143
v 0.064570369 0.009536828 0.005450826
v 0.068059714 -0.004518309 0.005450826
v 0.064885020 0.007707154 0.012293334
v 0.065303745 0.006020538 0.012293334
v 0.065935650 0.003303638 0.014468036
v 0.066138472 0.002486683 0.014468036
v 0.066203029 0.002502711 0.013390505
v 0.065892908 0.003751874 0.013390505
v 0.067649673 -0.001905320 0.000000098
v 0.067852495 -0.002722275 0.000000098
v 0.067547837 -0.001471757 0.001079667
v 0.067857958 -0.002720920 0.001079666
v 0.065849652 0.004205551 0.012299895
v 0.066268377 0.002518934 0.012299895
v 0.067444758 -0.001032931 0.002172339
v 0.067863483 -0.002719548 0.002172339
v 0.066938626 -0.000188380 0.014474979
v 0.067141442 -0.001005335 0.014474979
v 0.067186902 -0.000994049 0.013396412
v 0.066876781 0.000255113 0.013396412
v 0.066814190 0.000703989 0.012304755
v 0.067232909 -0.000982627 0.012304755
v 0.066903083 0.001650323 0.000000615
v 0.067105899 0.000833368 0.000000615
v 0.067092237 0.000829977 0.001080106
v 0.066782121 0.002079140 0.001080107
v 0.066659690 0.002513162 0.002172700
v 0.067078415 0.000826545 0.002172700
v 0.065845426 0.006048415 0.002173876
v 0.066264145 0.004361799 0.002173876
v 0.065527206 0.006044023 0.014479502
v 0.067860483 -0.003241618 0.013400261
v 0.068170599 -0.004490781 0.013400261
v 0.067887127 -0.003386095 0.013755640
v 0.068161915 -0.004492937 0.013755640
v 0.067778573 -0.002797537 0.012307920
v 0.067860483 -0.003241618 0.013400261
v 0.068024518 -0.003939516 0.013755640
v 0.068444989 -0.004422661 0.002173876
v 0.068365371 -0.004442426 0.005431247
v 0.068365371 -0.004442426 0.005431247
v 0.068170599 -0.004490781 0.013400261
v 0.068197293 -0.004484153 0.012307920
v 0.068276910 -0.004464388 0.009050549
v 0.064955638 0.009632477 0.002173876
v 0.064876027 0.009612711 0.005431247
v 0.064876027 0.009612711 0.005431247
v 0.064787571 0.009590750 0.009050549
v 0.064707948 0.009570984 0.012307920
v 0.066196732 0.003347194 0.014479502
v 0.066399548 0.002530239 0.014479502
v 0.067859080 -0.001835636 0.000002295
v 0.068061901 -0.002652592 0.000002295
v 0.067590098 -0.000979152 0.002173876
v 0.068008823 -0.002665768 0.002173876
v 0.067189560 0.000861193 0.000002295
v 0.066717768 0.002534634 0.002173876
v 0.067136487 0.000848017 0.002173876
v 0.065874446 0.006059143 0.002174744
v 0.066293165 0.004372527 0.002174744
v 0.066016179 0.005629915 0.001082592
v 0.066326295 0.004380752 0.001082591
v 0.066156210 0.005205833 0.000003534
v 0.066359026 0.004388878 0.000003534
v 0.065284410 0.007760172 0.012309525
v 0.065703129 0.006073555 0.012309525
v 0.065392080 0.007322488 0.013402211
v 0.065702201 0.006073325 0.013402211
v 0.065498463 0.006890052 0.014481794
v 0.065701284 0.006073097 0.014481794
v 0.066249130 0.004258635 0.012308760
v 0.066667855 0.002572018 0.012308760
v 0.067822580 -0.000893028 0.002186086
v 0.068241300 -0.002579644 0.002186086
v 0.066686301 0.002576599 0.013401281
v 0.066376185 0.003825761 0.013401281
v 0.068009431 -0.001311055 0.001096378
v 0.068319552 -0.002560218 0.001096378
v 0.066501715 0.003398079 0.014480700
v 0.066704526 0.002581124 0.014480700
v 0.067214022 0.000757074 0.012306296
v 0.067632741 -0.000929542 0.012306296
v 0.065093223 0.009666632 0.009030970
v 0.068582573 -0.004388505 0.009030970
v 0.065180336 0.009688260 0.005466654
v 0.068669687 -0.004366877 0.005466654
v 0.065036697 0.009652599 0.012305128
v 0.068526042 -0.004402538 0.012305128
v 0.067244129 0.000761040 0.012305128
v 0.067662849 -0.000925576 0.012305128
v 0.066371799 0.004274826 0.012305128
v 0.066790518 0.002588209 0.012305128
v 0.065499463 0.007788610 0.012305127
v 0.065918187 0.006101994 0.012305127
v 0.067037546 0.002653204 0.002193786
v 0.067456265 0.000966588 0.002193786
v 0.068194044 -0.001724070 0.000019738
v 0.068396860 -0.002541025 0.000019738
v 0.067360484 0.000329019 0.013398285
v 0.067670599 -0.000920143 0.013398286
v 0.067243759 0.002239984 0.001105738
v 0.067553881 0.000990821 0.001105738
v 0.066252500 0.006199493 0.002203199
v 0.066671219 0.004512877 0.002203199
v 0.067505189 -0.000093902 0.014477181
v 0.067708005 -0.000910857 0.014477181
v 0.067447503 0.001831718 0.000030738
v 0.067650320 0.001014763 0.000030738
v 0.065685700 0.007813037 0.012293895
v 0.066104425 0.006126420 0.012293895
v 0.066478076 0.005791081 0.001117180
v 0.066788198 0.004541917 0.001117180
v 0.065891538 0.007104507 0.014106496
v 0.066130340 0.006142608 0.014106496
v 0.066763880 0.003590723 0.014106496
v 0.067002676 0.002628824 0.014106496
v 0.067636216 0.000076938 0.014106496
v 0.067875012 -0.000884960 0.014106496
v 0.066638659 0.005527109 0.000405487
v 0.066877461 0.004565210 0.000405487
v 0.067510995 0.002013324 0.000405487
v 0.067749791 0.001051426 0.000405487
v 0.068383331 -0.001500460 0.000405487
v 0.068622133 -0.002462358 0.000405487
v 0.066700952 0.005387565 0.000044185
v 0.066903773 0.004570610 0.000044185
v 0.066650812 0.004311351 0.012285716
v 0.067069537 0.002624735 0.012285716
v 0.065390936 0.009740543 0.008957001
v 0.068880281 -0.004314594 0.008957001
v 0.065474061 0.009761179 0.005555970
v 0.068963406 -0.004293957 0.005555970
v 0.065949323 0.006964976 0.014467845
v 0.066152144 0.006148022 0.014467845
v 0.066821664 0.003451192 0.014467845
v 0.067024481 0.002634237 0.014467845
v 0.067694001 -0.000062592 0.014467845
v 0.067896817 -0.000879547 0.014467845
v 0.066714066 0.005391954 0.000045728
v 0.066916888 0.004574999 0.000045728
v 0.067586403 0.001878169 0.000045728
v 0.067789224 0.001061214 0.000045728
v 0.068458739 -0.001635615 0.000045728
v 0.068661560 -0.002452570 0.000045728
v 0.065877523 0.007396245 0.013383212
v 0.066187644 0.006147082 0.013383212
v 0.068200585 -0.000752101 0.002231841
v 0.068619310 -0.002438718 0.002231841
v 0.065610011 0.009794930 0.002236095
v 0.069099350 -0.004260207 0.002236095
v 0.068226058 -0.000742564 0.002236095
v 0.068644777 -0.002429180 0.002236095
v 0.067353727 0.002771221 0.002236095
v 0.067772447 0.001084605 0.002236095
v 0.066481391 0.006285007 0.002236096
v 0.066900116 0.004598390 0.002236096
v 0.067615892 0.000809614 0.012275813
v 0.068034611 -0.000877002 0.012275813
v 0.066003495 0.007122548 0.014098537
v 0.066242297 0.006160649 0.014098537
v 0.067415202 0.002794260 0.002246981
v 0.067833927 0.001107644 0.002246981
v 0.066862092 0.003899387 0.013373269
v 0.067172208 0.002650224 0.013373269
v 0.068471301 -0.001149309 0.001151996
v 0.068781423 -0.002398471 0.001151996
v 0.066629621 0.006340607 0.002263838
v 0.067048340 0.004653990 0.002263838
v 0.067000825 0.003628861 0.014087437
v 0.067239633 0.002666963 0.014087437
v 0.067846606 0.000402476 0.013361231
v 0.068156727 -0.000846686 0.013361231
v 0.068649075 -0.001410144 0.000442891
v 0.068887872 -0.002372043 0.000442891
v 0.067705215 0.002401844 0.001170401
v 0.068015337 0.001152681 0.001170401
v 0.065671663 0.009810236 0.008830888
v 0.069161007 -0.004244901 0.008830888
v 0.065748269 0.009829255 0.005696481
v 0.069237614 -0.004225882 0.005696481
v 0.066087205 0.007865058 0.012245998
v 0.066505930 0.006178442 0.012245998
v 0.067998112 0.000135120 0.014073997
v 0.068236913 -0.000826779 0.014073997
v 0.067895662 0.002144154 0.000463438
v 0.068134464 0.001182256 0.000463438
v 0.065689976 0.009814783 0.012231803
v 0.069179321 -0.004240354 0.012231803
v 0.067043678 0.004362062 0.012231803
v 0.067462397 0.002675446 0.012231803
v 0.066171342 0.007875846 0.012231802
v 0.066590066 0.006189231 0.012231802
v 0.067916014 0.000848278 0.012231802
v 0.068334739 -0.000838338 0.012231802
v 0.066938892 0.005952971 0.001190893
v 0.067249013 0.004703809 0.001190893
v 0.067051826 0.004363105 0.012230351
v 0.067470546 0.002676488 0.012230351
v 0.068575684 -0.000611134 0.002309827
v 0.068994409 -0.002297750 0.002309827
v 0.068016193 0.000861072 0.012212987
v 0.068434918 -0.000825544 0.012212987
v 0.066363186 0.007469158 0.013324990
v 0.066673308 0.006219995 0.013324990
v 0.067141984 0.005698422 0.000486316
v 0.067380786 0.004736523 0.000486316
v 0.067789114 0.002935044 0.002332373
v 0.068207839 0.001248427 0.002332373
v 0.065926866 0.009873594 0.008656465
v 0.069416211 -0.004181544 0.008656465
v 0.065994634 0.009890417 0.005883919
v 0.069483973 -0.004164721 0.005883919
v 0.068227533 0.000171798 0.014043170
v 0.068466340 -0.000790101 0.014043170
v 0.068946529 -0.001308697 0.000498770
v 0.069185331 -0.002270595 0.000498770
v 0.067002146 0.006481135 0.002356607
v 0.067420865 0.004794518 0.002356607
v 0.067347142 0.003972005 0.013305968
v 0.067657253 0.002722842 0.013305969
v 0.066544419 0.007209181 0.014033535
v 0.066783220 0.006247282 0.014033535
v 0.068929680 -0.000987667 0.001246795
v 0.069239796 -0.002236830 0.001246794
v 0.066485065 0.007915723 0.012165837
v 0.066903784 0.006229106 0.012165837
v 0.067103142 0.006519434 0.002387624
v 0.067521861 0.004832818 0.002387624
v 0.067975473 0.003005650 0.002387624
v 0.068394198 0.001319034 0.002387624
v 0.066250484 0.009953935 0.002387624
v 0.069739834 -0.004101202 0.002387624
v 0.068847809 -0.000508134 0.002387624
v 0.069266534 -0.002194751 0.002387624
v 0.068330789 0.000474759 0.013284861
v 0.068640910 -0.000774404 0.013284861
v 0.067541064 0.003715179 0.014012298
v 0.067779866 0.002753281 0.014012298
v 0.068162152 0.002563239 0.001274200
v 0.068472274 0.001314077 0.001274200
v 0.066148797 0.009928690 0.008439030
v 0.069638141 -0.004126447 0.008439030
v 0.066205659 0.009942807 0.006112588
v 0.069695004 -0.004112330 0.006112588
v 0.067448282 0.004413384 0.012142810
v 0.067867002 0.002726768 0.012142810
v 0.069162134 -0.001234926 0.000548730
v 0.069400936 -0.002196825 0.000548730
v 0.068944231 -0.000471486 0.002419655
v 0.069362951 -0.002158102 0.002419655
v 0.067394149 0.006114038 0.001303659
v 0.067704265 0.004864875 0.001303659
v 0.068411058 0.000910941 0.012118109
v 0.068829777 -0.000775675 0.012118109
v 0.068537378 0.000221077 0.013988733
v 0.068776180 -0.000740821 0.013988733
v 0.068155633 0.003074195 0.002449427
v 0.068574353 0.001387578 0.002449427
v 0.068407119 0.002319085 0.000579327
v 0.068645915 0.001357187 0.000579327
v 0.066330708 0.009973853 0.008185191
v 0.069820053 -0.004081284 0.008185191
v 0.066374942 0.009984833 0.006375540
v 0.069864287 -0.004070303 0.006375540
v 0.066844386 0.007540513 0.013227548
v 0.067154508 0.006291351 0.013227548
v 0.067366455 0.006619717 0.002480828
v 0.067785175 0.004933100 0.002480828
v 0.068572734 0.000931095 0.012069416
v 0.068991459 -0.000755522 0.012069416
v 0.067700398 0.004444879 0.012069416
v 0.068119123 0.002758263 0.012069416
v 0.066828067 0.007958664 0.012069415
v 0.067246787 0.006272048 0.012069415
v 0.066327946 0.009973166 0.012069415
v 0.069817286 -0.004081971 0.012069415
v 0.067651563 0.005872975 0.000612217
v 0.067890370 0.004911077 0.000612217
v 0.066467083 0.010007709 0.007902660
v 0.069956428 -0.004047428 0.007902660
v 0.066497340 0.010015220 0.006664786
v 0.069986690 -0.004039917 0.006664786
v 0.066875406 0.007964535 0.012054038
v 0.067294130 0.006277919 0.012054038
v 0.067826641 0.004042900 0.013199556
v 0.068136757 0.002793737 0.013199556
v 0.069380098 -0.000827692 0.001380300
v 0.069690214 -0.002076854 0.001380300
v 0.067066709 0.007291973 0.013928075
v 0.067305511 0.006330074 0.013928075
v 0.067939040 0.003778188 0.013928075
v 0.068177847 0.002816290 0.013928075
v 0.068811381 0.000264404 0.013928075
v 0.069050183 -0.000697494 0.013928075
v 0.067754874 0.005908506 0.000643364
v 0.067993681 0.004946607 0.000643364
v 0.068627215 0.002394721 0.000643364
v 0.068866017 0.001432823 0.000643364
v 0.069499552 -0.001119063 0.000643364
v 0.069738353 -0.002080962 0.000643364
v 0.066553766 0.010029229 0.007600021
v 0.070043111 -0.004025908 0.007600021
v 0.066569129 0.010033043 0.006971536
v 0.070058479 -0.004022094 0.006971536
v 0.067836358 0.004461702 0.012023864
v 0.068255083 0.002775086 0.012023864
v 0.070077478 -0.004017377 0.007286471
v 0.066588133 0.010037760 0.007286471
v 0.066588133 0.010037760 0.007286471
v 0.068808348 0.000545158 0.013169530
v 0.069118464 -0.000704005 0.013169530
v 0.069302658 -0.000334503 0.002560318
v 0.069721377 -0.002021120 0.002560318
v 0.068610112 0.002722609 0.001416490
v 0.068920233 0.001473446 0.001416490
v 0.067185063 0.007167479 0.014280033
v 0.067387879 0.006350524 0.014280033
v 0.068057399 0.003653694 0.014280033
v 0.068260215 0.002836739 0.014280033
v 0.068929730 0.000139910 0.014280033
v 0.069132551 -0.000677045 0.014280033
v 0.067890320 0.005788254 0.000296125
v 0.068093142 0.004971299 0.000296125
v 0.068762656 0.002274470 0.000296125
v 0.068965472 0.001457515 0.000296125
v 0.069634993 -0.001239315 0.000296125
v 0.069837809 -0.002056270 0.000296125
v 0.068796670 0.000958741 0.011992087
v 0.069215395 -0.000727875 0.011992087
v 0.067199404 0.007169803 0.014276526
v 0.067402215 0.006352848 0.014276526
v 0.068511237 0.003210376 0.002597001
v 0.068929962 0.001523759 0.002597001
v 0.067839419 0.006272720 0.001454661
v 0.068149540 0.005023557 0.001454660
v 0.069444258 -0.000280048 0.002625757
v 0.069862978 -0.001966665 0.002625757
v 0.068571922 0.003233737 0.002625758
v 0.068990647 0.001547121 0.002625758
v 0.067699591 0.006747522 0.002625760
v 0.068118305 0.005060906 0.002625760
v 0.066865650 0.010106657 0.002625760
v 0.070354989 -0.003948480 0.002625760
v 0.067719065 0.006755029 0.002635220
v 0.068137784 0.005068412 0.002635220
v 0.068200458 0.003676858 0.014243630
v 0.068403274 0.002859903 0.014243630
v 0.069810739 -0.001179627 0.000353408
v 0.070013561 -0.001996582 0.000353408
v 0.067316454 0.007609614 0.013091647
v 0.067626576 0.006360451 0.013091647
v 0.067254537 0.008011036 0.011911831
v 0.067673262 0.006324419 0.011911831
v 0.069200871 0.000183761 0.014208342
v 0.069403693 -0.000633194 0.014208342
v 0.068212407 0.004507611 0.011874875
v 0.068631127 0.002820994 0.011874875
v 0.068295958 0.004111386 0.013054966
v 0.068606074 0.002862224 0.013054967
v 0.069059144 0.002375240 0.000395940
v 0.069261960 0.001558285 0.000395940
v 0.069647621 -0.000201477 0.002730225
v 0.070066341 -0.001888093 0.002730225
v 0.069818214 -0.000670926 0.001551286
v 0.070128335 -0.001920089 0.001551286
v 0.069169449 0.001004035 0.011836419
v 0.069588168 -0.000682581 0.011836419
v 0.068852648 0.003342316 0.002773373
v 0.069271373 0.001655699 0.002773373
v 0.067457906 0.008035582 0.011820866
v 0.067876625 0.006348966 0.011820866
v 0.068330242 0.004521799 0.011820866
v 0.068748967 0.002835182 0.011820866
v 0.069202584 0.001008015 0.011820863
v 0.069621303 -0.000678602 0.011820863
v 0.066939212 0.010124920 0.011820862
v 0.070428557 -0.003930217 0.011820862
v 0.069584793 -0.000636167 0.013016340
v 0.069274682 0.000612996 0.013016339
v 0.068306714 0.005929885 0.000440798
v 0.068509530 0.005112930 0.000440798
v 0.069044791 0.002878421 0.001595878
v 0.069354913 0.001629259 0.001595878
v 0.068056764 0.006885819 0.002817938
v 0.068475489 0.005199203 0.002817938
v 0.068270452 0.006427502 0.001642336
v 0.068580573 0.005178339 0.001642335
v 0.067752216 0.007258950 0.014116812
v 0.067955033 0.006441995 0.014116812
v 0.067619013 0.008054818 0.011741012
v 0.068037738 0.006368201 0.011741012
v 0.068660770 0.005164561 0.000501183
v 0.069330291 0.002467731 0.000501183
v 0.069533107 0.001650776 0.000501183
v 0.069531129 0.000236872 0.014105309
v 0.069733951 -0.000580083 0.014105309
v 0.068861609 0.002933702 0.014105308
v 0.068573043 0.004550713 0.011697761
v 0.068991763 0.002864096 0.011697761
v 0.067774916 0.007675812 0.012918783
v 0.068085037 0.006426649 0.012918783
v 0.069976089 -0.000073593 0.002927262
v 0.070394808 -0.001760210 0.002927262
v 0.068750039 0.003765272 0.014073706
v 0.068952860 0.002948317 0.014073706
v 0.069132424 0.003451434 0.002946253
v 0.069551149 0.001764817 0.002946253
v 0.067444515 0.010250367 0.002946254
v 0.070933865 -0.003804770 0.002946254
v 0.068260094 0.006965219 0.002946255
v 0.068678813 0.005278603 0.002946255
v 0.070004766 -0.000062349 0.002946256
v 0.070423485 -0.001748966 0.002946256
v 0.069526251 0.001046420 0.011653053
v 0.069944976 -0.000640197 0.011653053
v 0.070327588 -0.001003315 0.000554356
v 0.070530404 -0.001820270 0.000554356
v 0.069177150 0.003469024 0.002976491
v 0.069595874 0.001782408 0.002976491
v 0.068750674 0.004176827 0.012873860
v 0.069060795 0.002927664 0.012873860
v 0.070239933 -0.000518844 0.001757822
v 0.070550049 -0.001768007 0.001757822
v 0.069746955 0.000271397 0.014028310
v 0.069949771 -0.000545558 0.014028310
v 0.068377481 0.007011530 0.003027251
v 0.068796200 0.005324913 0.003027251
v 0.069571954 0.002550448 0.000606759
v 0.069774770 0.001733493 0.000606759
v 0.070035548 -0.000571514 0.012827114
v 0.069725432 0.000677649 0.012827114
v 0.069462185 0.003029224 0.001810272
v 0.069772306 0.001780061 0.001810271
v 0.067967821 0.008095252 0.011542655
v 0.068386541 0.006408636 0.011542655
v 0.068815232 0.006103903 0.000661358
v 0.069018053 0.005286948 0.000661358
v 0.068918814 0.004590187 0.011492770
v 0.069337539 0.002903571 0.011492770
v 0.067512873 0.010267338 0.011490579
v 0.071002224 -0.003787799 0.011490579
v 0.069340919 0.002903942 0.011490579
v 0.068049869 0.008104344 0.011490576
v 0.068468589 0.006417727 0.011490576
v 0.069794536 0.001076775 0.011490576
v 0.070213261 -0.000609841 0.011490576
v 0.068683321 0.006576955 0.001864444
v 0.068993442 0.005327792 0.001864443
v 0.070288608 0.000050455 0.003151546
v 0.070707333 -0.001636161 0.003151546
v 0.068194321 0.007467633 0.013546468
v 0.068433128 0.006505735 0.013546468
v 0.069066657 0.003953849 0.013546468
v 0.069305459 0.002991950 0.013546468
v 0.069938998 0.000440065 0.013546468
v 0.070177795 -0.000521834 0.013546468
v 0.068813679 0.006275648 0.001081704
v 0.069052481 0.005313749 0.001081704
v 0.069686016 0.002761863 0.001081704
v 0.069924817 0.001799965 0.001081704
v 0.070558352 -0.000751921 0.001081704
v 0.070797159 -0.001713819 0.001081704
v 0.069869049 0.001084878 0.011441367
v 0.070287768 -0.000601738 0.011441367
v 0.069104145 0.003959609 0.013529866
v 0.069342941 0.002997711 0.013529866
v 0.069486188 0.003592477 0.003207280
v 0.069904908 0.001905861 0.003207280
v 0.068215611 0.007738514 0.012711139
v 0.068525727 0.006489352 0.012711139
v 0.068289058 0.007344606 0.013913660
v 0.068491879 0.006527651 0.013913660
v 0.070628892 -0.000727251 0.001119271
v 0.070867689 -0.001689150 0.001119271
v 0.068682851 0.007134321 0.003264462
v 0.069101571 0.005447704 0.003264462
v 0.070090532 0.000463320 0.013477677
v 0.070329339 -0.000498578 0.013477677
v 0.068370741 0.007357554 0.013878341
v 0.068573563 0.006540599 0.013878341
v 0.069243077 0.003843770 0.013878341
v 0.069445893 0.003026815 0.013878341
v 0.070115414 0.000329985 0.013878341
v 0.070318230 -0.000486969 0.013878341
v 0.069006132 0.006169549 0.000757536
v 0.069208948 0.005352595 0.000757536
v 0.069878468 0.002655765 0.000757536
v 0.070081290 0.001838810 0.000757536
v 0.070750804 -0.000858019 0.000757536
v 0.070953626 -0.001674974 0.000757536
v 0.069186718 0.004238649 0.012658564
v 0.069496839 0.002989486 0.012658565
v 0.069862447 0.002823625 0.001177829
v 0.070101255 0.001861727 0.001177829
v 0.070641549 -0.000372801 0.001997335
v 0.070951665 -0.001621964 0.001997334
v 0.068302930 0.008131241 0.011315630
v 0.068721649 0.006444625 0.011315630
v 0.067976754 0.010382502 0.003343385
v 0.071466099 -0.003672635 0.003343385
v 0.068773893 0.007171648 0.003343388
v 0.069192612 0.005485032 0.003343388
v 0.070518565 0.000144080 0.003343388
v 0.070937290 -0.001542537 0.003343388
v 0.069646235 0.003657864 0.003343389
v 0.070064948 0.001971248 0.003343389
v 0.070466946 -0.000510611 0.012604217
v 0.070156830 0.000738552 0.012604217
v 0.069250320 0.004625079 0.011259311
v 0.069669039 0.002938463 0.011259311
v 0.069858967 0.003173878 0.002057178
v 0.070169088 0.001924715 0.002057177
v 0.069094765 0.006374131 0.001238309
v 0.069333566 0.005412232 0.001238309
v 0.070584753 0.000171446 0.003403384
v 0.071003472 -0.001515171 0.003403384
v 0.070196760 0.001118650 0.011201567
v 0.070615479 -0.000567967 0.011201567
v 0.069778096 0.003712587 0.003465216
v 0.070196821 0.002025970 0.003465216
v 0.069075501 0.006720405 0.002118880
v 0.069385623 0.005471242 0.002118880
v 0.068607383 0.007530807 0.013348195
v 0.068846179 0.006568908 0.013348195
v 0.068970361 0.007253485 0.003528384
v 0.069389081 0.005566869 0.003528384
v 0.068637286 0.007797039 0.012470020
v 0.068947408 0.006547876 0.012470020
v 0.068038688 0.010397878 0.011084461
v 0.071528033 -0.003657259 0.011084461
v 0.068594312 0.008159833 0.011084460
v 0.069013032 0.006473217 0.011084460
v 0.070338985 0.001132265 0.011084459
v 0.070757710 -0.000554351 0.011084459
v 0.069466648 0.004646050 0.011084459
v 0.069885373 0.002959433 0.011084459
v 0.068621094 0.008162320 0.011061437
v 0.069039814 0.006475704 0.011061437
v 0.069589698 0.004033725 0.013289498
v 0.069828506 0.003071827 0.013289498
v 0.070183728 0.002936576 0.001372112
v 0.071056075 -0.000577208 0.001372113
v 0.069311397 0.006450361 0.001372113
v 0.069550205 0.005488463 0.001372113
v 0.069601841 0.004035566 0.013282860
v 0.068729505 0.007549350 0.013282859
v 0.071078532 -0.000569283 0.001386676
v 0.071317339 -0.001531182 0.001386676
v 0.069604691 0.004296048 0.012409382
v 0.069914813 0.003046886 0.012409382
v 0.069564098 0.004654971 0.010999138
v 0.069982818 0.002968355 0.010999138
v 0.071023785 -0.000231445 0.002269971
v 0.071333907 -0.001480608 0.002269970
v 0.070861385 0.000288158 0.003680803
v 0.071280105 -0.001398458 0.003680803
v 0.070570909 0.000536383 0.013228822
v 0.070809716 -0.000425515 0.013228822
v 0.070505986 0.001147338 0.010935538
v 0.070924711 -0.000539278 0.010935538
v 0.070306700 0.002980062 0.001453489
v 0.070545502 0.002018164 0.001453489
v 0.070571168 0.000794773 0.012346897
v 0.070881290 -0.000454390 0.012346897
v 0.070049812 0.003828145 0.003748202
v 0.070468531 0.002141529 0.003748202
v 0.070236977 0.003314454 0.002337719
v 0.070547099 0.002065292 0.002337719
v 0.070103614 0.003851536 0.003810067
v 0.070522327 0.002164919 0.003810067
v 0.070975950 0.000337752 0.003810067
v 0.071394669 -0.001348865 0.003810067
v 0.068452883 0.010500705 0.003810068
v 0.069231272 0.007365321 0.003810068
v 0.069649997 0.005678704 0.003810068
v 0.071942228 -0.003554432 0.003810068
v 0.069237017 0.007367829 0.003816799
v 0.069655737 0.005681212 0.003816799
v 0.069533875 0.006529232 0.001522377
v 0.069772676 0.005567333 0.001522377
v 0.069449070 0.006860128 0.002407228
v 0.069759191 0.005610965 0.002407228
v 0.068919079 0.008188139 0.010782256
v 0.069337804 0.006501522 0.010782256
v 0.069857000 0.004679537 0.010714555
v 0.070275725 0.002992920 0.010714555
v 0.069076910 0.007601210 0.013078996
v 0.069315712 0.006639312 0.013078996
v 0.069042256 0.007850373 0.012194054
v 0.069352377 0.006601210 0.012194054
v 0.071115705 0.000399437 0.003981310
v 0.071534425 -0.001287179 0.003981310
v 0.070793662 0.001170639 0.010645700
v 0.071212387 -0.000515978 0.010645700
v 0.070298618 0.003938016 0.004053633
v 0.070717343 0.002251400 0.004053633
v 0.069953992 0.004686826 0.010609758
v 0.070372711 0.003000210 0.010609758
v 0.069081655 0.008200611 0.010609758
v 0.069500375 0.006513994 0.010609758
v 0.070826328 0.001173042 0.010609756
v 0.071245053 -0.000513575 0.010609756
v 0.068507281 0.010514211 0.010609754
v 0.071996626 -0.003540927 0.010609754
v 0.070315390 0.003098926 0.012125594
v 0.070005269 0.004348089 0.012125593
v 0.070055087 0.004102896 0.013011296
v 0.070293895 0.003140997 0.013011296
v 0.071386162 -0.000094011 0.002576099
v 0.071696277 -0.001343174 0.002576099
v 0.069480200 0.007476237 0.004126990
v 0.069898925 0.005789620 0.004126990
v 0.071506554 -0.000416562 0.001691063
v 0.071745356 -0.001378460 0.001691063
v 0.069240398 0.007625036 0.012973270
v 0.069479200 0.006663138 0.012973270
v 0.070112734 0.004111252 0.012973270
v 0.070351536 0.003149354 0.012973270
v 0.070985070 0.000597468 0.012973270
v 0.071223878 -0.000364431 0.012973270
v 0.069782615 0.006618494 0.001707188
v 0.070021416 0.005656596 0.001707188
v 0.070654951 0.003104710 0.001707188
v 0.070893753 0.002142811 0.001707188
v 0.071527293 -0.000409075 0.001707188
v 0.071766089 -0.001370973 0.001707188
v 0.070967127 0.000845488 0.012055401
v 0.071277249 -0.000403675 0.012055401
v 0.069194004 0.008208447 0.010480764
v 0.069612724 0.006521830 0.010480764
v 0.070594221 0.003450783 0.002651261
v 0.070904337 0.002201621 0.002651261
v 0.070126247 0.004698549 0.010408340
v 0.070544966 0.003011932 0.010408340
v 0.071345314 0.000504229 0.004301956
v 0.071764034 -0.001182388 0.004301956
v 0.069800967 0.006995278 0.002728047
v 0.070111088 0.005746116 0.002728047
v 0.069624082 0.007542781 0.004337968
v 0.070042801 0.005856165 0.004337968
v 0.071368754 0.000515214 0.004337971
v 0.071787474 -0.001171403 0.004337971
v 0.070496418 0.004028998 0.004337971
v 0.070915137 0.002342382 0.004337971
v 0.068864382 0.010602866 0.004337974
v 0.072353727 -0.003452272 0.004337974
v 0.071057103 0.001188349 0.010334931
v 0.071475822 -0.000498268 0.010334931
v 0.070522250 0.004041174 0.004378468
v 0.070940969 0.002354557 0.004378468
v 0.069470615 0.007528313 0.013274974
v 0.069673431 0.006711358 0.013274974
v 0.070342951 0.004014529 0.013274974
v 0.070545773 0.003197574 0.013274974
v 0.071215287 0.000500744 0.013274974
v 0.071418109 -0.000316211 0.013274974
v 0.070027322 0.006525368 0.001415940
v 0.070230144 0.005708414 0.001415940
v 0.070899658 0.003011584 0.001415940
v 0.071102480 0.002194629 0.001415940
v 0.071771994 -0.000502200 0.001415940
v 0.071974810 -0.001319155 0.001415940
v 0.069697744 0.007577713 0.004455836
v 0.070116463 0.005891097 0.004455836
v 0.069426602 0.007897880 0.011885062
v 0.069736713 0.006648716 0.011885063
v 0.071264874 0.000508146 0.013241568
v 0.071467690 -0.000308809 0.013241568
v 0.069443457 0.008223102 0.010160049
v 0.069862177 0.006536485 0.010160049
v 0.070978773 0.003039766 0.001478586
v 0.071181589 0.002222811 0.001478586
v 0.070384279 0.004394174 0.011809334
v 0.070694395 0.003145011 0.011809334
v 0.070369529 0.004711890 0.010083662
v 0.070788248 0.003025273 0.010083662
v 0.069503203 0.008225947 0.010074937
v 0.069921923 0.006539330 0.010074937
v 0.071247876 0.001198378 0.010074936
v 0.071666595 -0.000488238 0.010074936
v 0.070375539 0.004712163 0.010074931
v 0.070794264 0.003025546 0.010074931
v 0.068910284 0.010614260 0.010074930
v 0.072399629 -0.003440877 0.010074930
v 0.071724849 0.000038108 0.002913325
v 0.072034971 -0.001211055 0.002913324
v 0.071548335 0.000601610 0.004639441
v 0.071967054 -0.001085006 0.004639441
v 0.071294126 0.001200376 0.010006474
v 0.071712845 -0.000486241 0.010006474
v 0.071340602 0.000890125 0.011732022
v 0.071650718 -0.000359038 0.011732022
v 0.070718918 0.004136732 0.004719342
v 0.071137637 0.002450115 0.004719342
v 0.070206102 0.006589222 0.001560274
v 0.070408918 0.005772268 0.001560274
v 0.070926938 0.003581486 0.002995253
v 0.071237053 0.002332323 0.002995253
v 0.069887997 0.007671409 0.004799907
v 0.070306722 0.005984792 0.004799907
v 0.069665620 0.008232041 0.009823391
v 0.070084345 0.006545424 0.009823391
v 0.070127540 0.007124495 0.003078637
v 0.070437655 0.005875333 0.003078637
v 0.069203926 0.010687160 0.004917683
v 0.072693271 -0.003367977 0.004917683
v 0.071689963 0.000673373 0.004917685
v 0.072108682 -0.001013244 0.004917685
v 0.070817632 0.004187158 0.004917690
v 0.071236346 0.002500542 0.004917690
v 0.069945291 0.007700943 0.004917691
v 0.070364010 0.006014326 0.004917691
v 0.069772721 0.007572872 0.013061944
v 0.069975542 0.006755917 0.013061944
v 0.070585487 0.004719406 0.009743363
v 0.071004207 0.003032789 0.009743363
v 0.071723761 0.000691250 0.004991100
v 0.072142481 -0.000995366 0.004991100
v 0.071504035 0.001206375 0.009662331
v 0.071922754 -0.000480242 0.009662331
v 0.069786393 0.007939043 0.011545696
v 0.070096509 0.006689881 0.011545696
v 0.070888134 0.004224888 0.005074600
v 0.071306854 0.002538272 0.005074600
v 0.070751169 0.004074421 0.012981488
v 0.070953985 0.003257466 0.012981488
v 0.070051077 0.007758232 0.005158984
v 0.070469796 0.006071615 0.005158984
v 0.072177964 -0.000356285 0.001758734
v 0.072380780 -0.001173239 0.001758734
v 0.070737894 0.004433813 0.011463400
v 0.071048015 0.003184650 0.011463400
v 0.069240503 0.010696240 0.009489533
v 0.072729848 -0.003358897 0.009489533
v 0.069851724 0.008234229 0.009489531
v 0.070270449 0.006547612 0.009489531
v 0.070724066 0.004720445 0.009489526
v 0.071142786 0.003033828 0.009489526
v 0.071596397 0.001206660 0.009489525
v 0.072015122 -0.000479956 0.009489525
v 0.069861884 0.008234150 0.009469548
v 0.070280603 0.006547533 0.009469548
v 0.072036424 0.000163601 0.003278613
v 0.072346534 -0.001085562 0.003278613
v 0.070775807 0.004719783 0.009385428
v 0.071194532 0.003033166 0.009385428
v 0.071925881 -0.000242092 0.012903165
v 0.072439509 -0.001151848 0.001812983
v 0.069978393 0.007602432 0.012903163
v 0.070181209 0.006785477 0.012903163
v 0.071872339 0.000775090 0.005359107
v 0.072291058 -0.000911526 0.005359107
v 0.071728258 0.000575602 0.012898996
v 0.071931080 -0.000241353 0.012898996
v 0.071687864 0.000928219 0.011379701
v 0.071997985 -0.000320944 0.011379702
v 0.071688289 0.001205011 0.009300463
v 0.072107014 -0.000481605 0.009300463
v 0.071231811 0.003705275 0.003366527
v 0.071541932 0.002456113 0.003366527
v 0.071400558 0.003192119 0.001847067
v 0.071603374 0.002375164 0.001847067
v 0.071030321 0.004307369 0.005446159
v 0.071449040 0.002620752 0.005446159
v 0.070186761 0.007839304 0.005533923
v 0.070605486 0.006152688 0.005533923
v 0.069465444 0.010752086 0.005538849
v 0.072954795 -0.003303051 0.005538849
v 0.071060666 0.004326525 0.005538852
v 0.071479391 0.002639908 0.005538852
v 0.071933002 0.000812741 0.005538854
v 0.072351727 -0.000873876 0.005538854
v 0.070031521 0.008228697 0.009099161
v 0.070450245 0.006542081 0.009099161
v 0.070425568 0.007246520 0.003455699
v 0.070735689 0.005997357 0.003455699
v 0.070938997 0.004712572 0.009011681
v 0.071357717 0.003025955 0.009011681
v 0.070621617 0.006740167 0.001937307
v 0.070824438 0.005923212 0.001937307
v 0.071992511 0.000852696 0.005741230
v 0.072411230 -0.000833921 0.005741230
v 0.071844927 0.001196039 0.008923538
v 0.072263646 -0.000490577 0.008923538
v 0.071143703 0.004383414 0.005831051
v 0.071562422 0.002696797 0.005831051
v 0.070428286 0.006724303 0.011179209
v 0.070118170 0.007973466 0.011179209
v 0.069492044 0.010758691 0.008864009
v 0.072981394 -0.003296447 0.008864009
v 0.071866599 0.001193966 0.008864008
v 0.072285319 -0.000492650 0.008864008
v 0.070994263 0.004707751 0.008864007
v 0.071412982 0.003021134 0.008864007
v 0.070121927 0.008221535 0.008864007
v 0.070540652 0.006534919 0.008864007
v 0.070293282 0.007913746 0.005921393
v 0.070712001 0.006227130 0.005921393
v 0.070174806 0.007752731 0.012225895
v 0.070413613 0.006790833 0.012225895
v 0.071047142 0.004238947 0.012225895
v 0.071285950 0.003277048 0.012225895
v 0.071919484 0.000725163 0.012225895
v 0.072158280 -0.000236736 0.012225895
v 0.070630588 0.006933296 0.002500811
v 0.070869390 0.005971397 0.002500811
v 0.071502919 0.003419511 0.002500811
v 0.071741726 0.002457613 0.002500811
v 0.072375261 -0.000094273 0.002500811
v 0.072614063 -0.001056172 0.002500811
v 0.070172491 0.008215621 0.008715548
v 0.070591216 0.006529003 0.008715548
v 0.070222443 0.007636611 0.012698811
v 0.070425259 0.006819656 0.012698811
v 0.071062776 0.004466636 0.011091172
v 0.071372887 0.003217473 0.011091172
v 0.071073118 0.004697741 0.008625521
v 0.071491843 0.003011125 0.008625521
v 0.072082757 0.000923240 0.006133956
v 0.072501476 -0.000763377 0.006133956
v 0.072317945 0.000281278 0.003668384
v 0.072628056 -0.000967884 0.003668383
v 0.072093087 0.000932645 0.006190388
v 0.072511807 -0.000753971 0.006190388
v 0.069644279 0.010796483 0.006190389
v 0.073133624 -0.003258654 0.006190389
v 0.071220751 0.004446430 0.006190389
v 0.071639470 0.002759813 0.006190389
v 0.070348415 0.007960214 0.006190388
v 0.070767134 0.006273598 0.006190388
v 0.071972120 0.001179461 0.008535029
v 0.072390840 -0.000507155 0.008535029
v 0.071226889 0.004452224 0.006225698
v 0.071645608 0.002765608 0.006225698
v 0.070712321 0.006964704 0.002593906
v 0.070951129 0.006002806 0.002593906
v 0.070369358 0.007980787 0.006317759
v 0.070788083 0.006294170 0.006317759
v 0.072005692 0.000959431 0.011001938
v 0.072315813 -0.000289732 0.011001938
v 0.070283271 0.008195000 0.008322332
v 0.070701996 0.006508384 0.008322332
v 0.071194621 0.004136504 0.012609813
v 0.071397442 0.003319550 0.012609813
v 0.071176772 0.004675406 0.008230626
v 0.071595491 0.002988790 0.008230626
v 0.071506046 0.003820997 0.003761391
v 0.071816167 0.002571835 0.003761391
v 0.070309065 0.008187802 0.008209524
v 0.070727784 0.006501185 0.008209524
v 0.072053732 0.001160233 0.008209522
v 0.072472457 -0.000526383 0.008209522
v 0.071181401 0.004674018 0.008209521
v 0.071600120 0.002987401 0.008209521
v 0.069660432 0.010800494 0.008209520
v 0.073149783 -0.003254643 0.008209520
v 0.072142127 0.000986023 0.006533534
v 0.072560846 -0.000700594 0.006533534
v 0.072068609 0.001155427 0.008138659
v 0.072487328 -0.000531189 0.008138659
v 0.071279055 0.004513133 0.006626309
v 0.071697780 0.002826516 0.006626309
v 0.072577966 -0.000208944 0.002155049
v 0.072780782 -0.001025899 0.002155049
v 0.070414320 0.008039793 0.006719195
v 0.070833045 0.006353177 0.006719195
v 0.070362911 0.008167062 0.007923323
v 0.070781630 0.006480446 0.007923323
v 0.070355933 0.007775469 0.012047027
v 0.070594741 0.006813571 0.012047027
v 0.071295032 0.004544733 0.006860667
v 0.071713751 0.002858117 0.006860667
v 0.070422690 0.008058518 0.006860667
v 0.070841415 0.006371901 0.006860667
v 0.072167368 0.001030950 0.006860670
v 0.072586087 -0.000655667 0.006860670
v 0.069737232 0.010819560 0.006860675
v 0.073226577 -0.003235577 0.006860675
v 0.071249157 0.004645828 0.007830832
v 0.071667877 0.002959211 0.007830832
v 0.072170257 0.001040496 0.006936090
v 0.072588982 -0.000646120 0.006936090
v 0.072133719 0.001124228 0.007738286
v 0.072552438 -0.000562389 0.007738286
v 0.071299993 0.004565628 0.007029000
v 0.071718712 0.002879011 0.007029000
v 0.070692406 0.007360233 0.003855437
v 0.071002516 0.006111070 0.003855437
v 0.070428082 0.008090292 0.007121814
v 0.070846801 0.006403676 0.007121814
v 0.072154468 0.001106063 0.007537757
v 0.072573193 -0.000580553 0.007537757
v 0.071282132 0.004619847 0.007537754
v 0.071700857 0.002933231 0.007537754
v 0.070409796 0.008133631 0.007537747
v 0.070828515 0.006447015 0.007537747
v 0.069742651 0.010820905 0.007537746
v 0.073231996 -0.003234232 0.007537746
v 0.070411061 0.008132172 0.007522400
v 0.070829786 0.006445555 0.007522400
v 0.071290054 0.004609398 0.007430014
v 0.071708774 0.002922781 0.007430014
v 0.072167395 0.001086277 0.007337751
v 0.072586115 -0.000600339 0.007337751
v 0.072165208 0.000635996 0.012518955
v 0.072368024 -0.000180959 0.012518955
v 0.070452919 0.007667899 0.012488263
v 0.070655741 0.006850944 0.012488263
v 0.071325255 0.004154114 0.012488263
v 0.071528077 0.003337160 0.012488263
v 0.072197592 0.000640330 0.012488263
v 0.072400408 -0.000176625 0.012488263
v 0.070921214 0.006851568 0.002251333
v 0.071124025 0.006034614 0.002251333
v 0.071793545 0.003337784 0.002251333
v 0.071996367 0.002520830 0.002251333
v 0.072665881 -0.000176000 0.002251333
v 0.072868703 -0.000992955 0.002251333
v 0.070419016 0.008000879 0.010789355
v 0.070729132 0.006751717 0.010789355
v 0.071316356 0.004272453 0.011955147
v 0.071555157 0.003310554 0.011955147
v 0.072641033 0.000008733 0.002817171
v 0.072879834 -0.000953166 0.002817171
v 0.071356131 0.004492409 0.010696500
v 0.071666253 0.003243246 0.010696500
v 0.072567094 0.000390114 0.004078623
v 0.072877216 -0.000859049 0.004078623
v 0.072275065 0.000769028 0.011861701
v 0.072513862 -0.000192870 0.011861701
v 0.071844612 0.003552441 0.002915323
v 0.072083414 0.002590542 0.002915323
v 0.072601566 -0.000265605 0.010602673
v 0.072291456 0.000983558 0.010602673
v 0.071747472 0.003927666 0.004175749
v 0.072057593 0.002678503 0.004175749
v 0.071463547 0.004289983 0.011793803
v 0.071702349 0.003328085 0.011793803
v 0.070591211 0.007803768 0.011793803
v 0.070830013 0.006841869 0.011793803
v 0.072335889 0.000776199 0.011793802
v 0.071000887 0.007077568 0.002953319
v 0.071046369 0.007095671 0.003014880
v 0.071285165 0.006133772 0.003014880
v 0.070926020 0.007464692 0.004273683
v 0.071236136 0.006215530 0.004273682
v 0.070686744 0.008021130 0.010380120
v 0.070996865 0.006771968 0.010380120
v 0.070725044 0.007819160 0.011637859
v 0.070963846 0.006857261 0.011637859
v 0.071616323 0.004510906 0.010282841
v 0.071926439 0.003261743 0.010282841
v 0.072782666 0.000489719 0.004506093
v 0.073092782 -0.000759443 0.004506093
v 0.071677765 0.004314346 0.011539569
v 0.071916562 0.003352447 0.011539569
v 0.072544284 0.001000214 0.010184340
v 0.072854406 -0.000248949 0.010184340
v 0.071955492 0.004025457 0.004607593
v 0.072265613 0.002776294 0.004607593
v 0.072956640 0.000134873 0.003252334
v 0.073195441 -0.000827025 0.003252334
v 0.071126583 0.007560823 0.004710169
v 0.071436704 0.006311661 0.004710169
v 0.072628608 0.000809107 0.011439943
v 0.072867410 -0.000152791 0.011439943
v 0.072152082 0.003676413 0.003356172
v 0.072390884 0.002714515 0.003356172
v 0.071233081 0.006783997 0.009949997
v 0.070922966 0.008033159 0.009949997
v 0.070969436 0.007845724 0.011327054
v 0.071208238 0.006883825 0.011327054
v 0.071841773 0.004331940 0.011327054
v 0.072080574 0.003370041 0.011327054
v 0.072714114 0.000818155 0.011327054
v 0.072952911 -0.000143743 0.011327054
v 0.071331559 0.007211602 0.003438459
v 0.071570355 0.006249703 0.003438459
v 0.072203889 0.003697817 0.003438459
v 0.072442697 0.002735919 0.003438459
v 0.073076226 0.000184033 0.003438459
v 0.073315033 -0.000777865 0.003438459
v 0.071845308 0.004520882 0.009847741
v 0.072155430 0.003271720 0.009847742
v 0.072965639 0.000582099 0.004953433
v 0.073275760 -0.000667064 0.004953433
v 0.072765894 0.001008122 0.009744461
v 0.073076010 -0.000241040 0.009744461
v 0.072130708 0.004116137 0.005059252
v 0.072440830 0.002866974 0.005059252
v 0.071293910 0.007649750 0.005165936
v 0.071604032 0.006400588 0.005165936
v 0.071436892 0.006787028 0.009499762
v 0.071126782 0.008036192 0.009499762
v 0.072041274 0.004521808 0.009393423
v 0.072351390 0.003272645 0.009393423
v 0.073114128 0.000666734 0.005417933
v 0.073424244 -0.000582429 0.005417933
v 0.072953883 0.001006934 0.009286279
v 0.073264004 -0.000242228 0.009286279
v 0.072270950 0.004198850 0.005527119
v 0.072581071 0.002949687 0.005527119
v 0.071425810 0.007730494 0.005636937
v 0.071735931 0.006481332 0.005636936
v 0.071288087 0.007770956 0.011542115
v 0.071490909 0.006954001 0.011542115
v 0.072160424 0.004257171 0.011542115
v 0.072363245 0.003440217 0.011542115
v 0.073032760 0.000743387 0.011542115
v 0.073235576 -0.000073568 0.011542115
v 0.071660352 0.007139353 0.003238331
v 0.071863174 0.006322398 0.003238331
v 0.072532694 0.003625568 0.003238331
v 0.072735510 0.002808613 0.003238331
v 0.073405030 0.000111784 0.003238331
v 0.073607846 -0.000705171 0.003238331
v 0.071295717 0.008030057 0.009033450
v 0.071605833 0.006780894 0.009033450
v 0.071675130 0.007145361 0.003262238
v 0.071877952 0.006328406 0.003262238
v 0.072512000 0.003264390 0.008924016
v 0.072201879 0.004513553 0.008924016
v 0.073226256 0.000742710 0.005895324
v 0.073536372 -0.000506452 0.005895324
v 0.073106068 0.000996561 0.008814015
v 0.073416184 -0.000252602 0.008814015
v 0.072374493 0.004272715 0.006006844
v 0.072684614 0.003023552 0.006006843
v 0.071382875 0.007781322 0.011411114
v 0.071585696 0.006964367 0.011411114
v 0.071520719 0.007802209 0.006118750
v 0.071830840 0.006553047 0.006118750
v 0.071738069 0.006765600 0.008555465
v 0.071427948 0.008014763 0.008555465
v 0.072325459 0.004496164 0.008443990
v 0.072635574 0.003247002 0.008443990
v 0.073300846 0.000809273 0.006381042
v 0.073610962 -0.000439890 0.006381042
v 0.073220936 0.000977090 0.008332197
v 0.073531052 -0.000272072 0.008332197
v 0.072440327 0.004337016 0.006493817
v 0.072750448 0.003087853 0.006493817
v 0.072330900 0.004275560 0.011301989
v 0.072533716 0.003458605 0.011301989
v 0.071577785 0.007864221 0.006606727
v 0.071887901 0.006615058 0.006606727
v 0.073573640 0.000181154 0.003524531
v 0.073776461 -0.000635801 0.003524531
v 0.071832470 0.006741328 0.008070439
v 0.071522354 0.007990491 0.008070439
v 0.072411042 0.004469864 0.007958008
v 0.072721164 0.003220701 0.007958008
v 0.073337440 0.000865846 0.006870380
v 0.073647556 -0.000383317 0.006870380
v 0.073297697 0.000948783 0.007845512
v 0.073607813 -0.000300380 0.007845512
v 0.072468164 0.004391223 0.006983319
v 0.072778280 0.003142060 0.006983319
v 0.071596883 0.007916045 0.007096142
v 0.071907004 0.006666882 0.007096142
v 0.071578520 0.007957591 0.007583086
v 0.071888641 0.006708429 0.007583086
v 0.072458414 0.004435040 0.007470783
v 0.072768529 0.003185878 0.007470783
v 0.073336296 0.000912055 0.007358631
v 0.073646412 -0.000337108 0.007358631
v 0.073276821 0.000769340 0.011191721
v 0.073479643 -0.000047615 0.011191721
v 0.072763690 0.003721108 0.003638675
v 0.072966512 0.002904152 0.003638675
v 0.071600413 0.007900074 0.010304058
v 0.071839215 0.006938175 0.010304058
v 0.072472749 0.004386290 0.010304058
v 0.072711557 0.003424391 0.010304058
v 0.073345086 0.000872506 0.010304058
v 0.073583893 -0.000089393 0.010304058
v 0.071863947 0.007446070 0.004491643
v 0.072102749 0.006484172 0.004491643
v 0.072736278 0.003932286 0.004491643
v 0.072975086 0.002970388 0.004491643
v 0.073608614 0.000418502 0.004491643
v 0.073847422 -0.000543397 0.004491643
v 0.071619748 0.007901175 0.010265495
v 0.071858550 0.006939276 0.010265495
v 0.071951586 0.007260455 0.003753768
v 0.072154408 0.006443501 0.003753768
v 0.071845181 0.006990806 0.011018072
v 0.072514701 0.004293977 0.011018071
v 0.072717523 0.003477022 0.011018071
v 0.073709351 0.000238484 0.003779466
v 0.073912173 -0.000578471 0.003779466
v 0.072167495 0.006449098 0.003779468
v 0.073387043 0.000780192 0.011018068
v 0.073589859 -0.000036762 0.011018068
v 0.073039831 0.002935314 0.003779469
v 0.072547621 0.004390270 0.010151331
v 0.072786423 0.003428371 0.010151331
v 0.073683586 0.000455366 0.004687038
v 0.073922382 -0.000506532 0.004687038
v 0.071695626 0.007812749 0.010930174
v 0.071898442 0.006995794 0.010930174
v 0.073473522 0.000878830 0.010036022
v 0.073712329 -0.000083068 0.010036022
v 0.072853306 0.003990560 0.004805181
v 0.073092108 0.003028662 0.004805181
v 0.072634790 0.004304906 0.010815849
v 0.072837612 0.003487951 0.010815849
v 0.073828871 0.000290605 0.004026902
v 0.074031687 -0.000526350 0.004026902
v 0.072020950 0.007525277 0.004924289
v 0.072259746 0.006563377 0.004924289
v 0.073572065 0.000796525 0.010700088
v 0.073774887 -0.000020429 0.010700088
v 0.071846004 0.007909777 0.009762826
v 0.072084801 0.006947879 0.009762826
v 0.071848921 0.007909826 0.009755593
v 0.073593599 0.000882258 0.009755589
v 0.073832395 -0.000079641 0.009755589
v 0.072933404 0.004033166 0.005051674
v 0.073172200 0.003071268 0.005051674
v 0.073805740 0.000519382 0.005051674
v 0.073010055 0.003828417 0.004146186
v 0.073212871 0.003011462 0.004146186
v 0.072765104 0.004396538 0.009644103
v 0.073003912 0.003434639 0.009644103
v 0.073850665 0.000544617 0.005205634
v 0.074089461 -0.000417281 0.005205634
v 0.072189195 0.007365782 0.004266736
v 0.072392011 0.006548827 0.004266736
v 0.073682100 0.000882754 0.009524482
v 0.073920907 -0.000079144 0.009524482
v 0.073011182 0.004077652 0.005327534
v 0.073249978 0.003115753 0.005327534
v 0.071951017 0.007833238 0.010465277
v 0.072153839 0.007016284 0.010465277
v 0.072823353 0.004319454 0.010465277
v 0.073026175 0.003502499 0.010465277
v 0.073695689 0.000805669 0.010465277
v 0.073898506 -0.000011286 0.010465277
v 0.072222020 0.007381091 0.004346945
v 0.072424842 0.006564136 0.004346945
v 0.073094362 0.003867306 0.004346945
v 0.073297178 0.003050351 0.004346945
v 0.073966698 0.000353522 0.004346945
v 0.074169520 -0.000463433 0.004346945
v 0.072169511 0.007610158 0.005450142
v 0.072408319 0.006648259 0.005450142
v 0.072033302 0.007908203 0.009242208
v 0.072272110 0.006946304 0.009242208
v 0.072050229 0.007907463 0.009187989
v 0.072289025 0.006945564 0.009187989
v 0.072922565 0.004393678 0.009187989
v 0.073161362 0.003431780 0.009187989
v 0.073794902 0.000879894 0.009187989
v 0.074033703 -0.000082005 0.009187989
v 0.072209922 0.007636246 0.005628361
v 0.072448724 0.006674348 0.005628361
v 0.073082258 0.004122462 0.005628361
v 0.073321066 0.003160563 0.005628361
v 0.073954594 0.000608678 0.005628361
v 0.074193402 -0.000353221 0.005628361
v 0.072305483 0.007866550 0.008012758
v 0.072544284 0.006904651 0.008012758
v 0.073177819 0.004352765 0.008012758
v 0.073416626 0.003390867 0.008012758
v 0.074050155 0.000838981 0.008012758
v 0.074288957 -0.000122918 0.008012758
v 0.072358704 0.007777465 0.006814075
v 0.072597506 0.006815567 0.006814075
v 0.073231040 0.004263680 0.006814075
v 0.073469837 0.003301782 0.006814075
v 0.074103377 0.000749896 0.006814075
v 0.074342178 -0.000212002 0.006814075
v 0.074103890 0.000751157 0.006827230
v 0.074342692 -0.000210741 0.006827230
v 0.074062054 0.000833573 0.007915924
v 0.074300851 -0.000128326 0.007915924
v 0.073235267 0.004276697 0.006953322
v 0.073474068 0.003314798 0.006953322
v 0.072364405 0.007801621 0.007079284
v 0.072603207 0.006839723 0.007079284
v 0.072345159 0.007842949 0.007622937
v 0.072583966 0.006881051 0.007622937
v 0.073225643 0.004320544 0.007497555
v 0.073464445 0.003358646 0.007497555
v 0.074103885 0.000797648 0.007372342
v 0.074342681 -0.000164250 0.007372342
v 0.072357489 0.007828312 0.007414074
v 0.072596291 0.006866413 0.007414074
v 0.073229825 0.004314528 0.007414073
v 0.072423218 0.007846185 0.009290467
v 0.072626039 0.007029231 0.009290467
v 0.073295554 0.004332401 0.009290467
v 0.073498370 0.003515446 0.009290467
v 0.074167896 0.000818616 0.009290467
v 0.074370712 0.000001662 0.009290467
v 0.072587496 0.007576106 0.005543491
v 0.072790312 0.006759151 0.005543491
v 0.073459832 0.004062321 0.005543491
v 0.073662654 0.003245367 0.005543491
v 0.074332168 0.000548537 0.005543491
v 0.074534990 -0.000268418 0.005543491
v 0.073317105 0.004331573 0.009218932
v 0.073519921 0.003514618 0.009218932
v 0.074356039 0.000564346 0.005659553
v 0.074558861 -0.000252609 0.005659553
v 0.074226415 0.000815854 0.009089657
v 0.074429231 -0.000001101 0.009089657
v 0.073508336 0.004095359 0.005790613
v 0.073711158 0.003278403 0.005790613
v 0.072658269 0.007625773 0.005922127
v 0.072861090 0.006808818 0.005922127
v 0.072558902 0.007836688 0.008785803
v 0.072761723 0.007019734 0.008785803
v 0.074530670 -0.000010967 0.008677393
v 0.073565176 0.004140814 0.006163448
v 0.073767992 0.003323860 0.006163448
v 0.072692840 0.007654599 0.006163447
v 0.072895656 0.006837644 0.006163447
v 0.073658334 0.003502817 0.008677392
v 0.073460368 0.004319072 0.008654795
v 0.073663179 0.003502117 0.008654795
v 0.074445672 0.000634641 0.006230378
v 0.074648488 -0.000182314 0.006230378
v 0.074359448 0.000800892 0.008523414
v 0.074562264 -0.000016063 0.008523414
v 0.073587672 0.004163011 0.006362914
v 0.073790493 0.003346056 0.006362914
v 0.072727296 0.007690754 0.006495608
v 0.072930112 0.006873798 0.006495608
v 0.072667887 0.007816037 0.008215791
v 0.072870708 0.006999082 0.008215791
v 0.073559000 0.004296011 0.008083660
v 0.073761816 0.003479056 0.008083660
v 0.072690630 0.007808289 0.008053383
v 0.072893441 0.006991334 0.008053383
v 0.073562961 0.004294504 0.008053383
v 0.073765783 0.003477550 0.008053383
v 0.074435297 0.000780720 0.008053383
v 0.074638119 -0.000036235 0.008053383
v 0.072745388 0.007719587 0.006791611
v 0.072948209 0.006902632 0.006791611
v 0.073617724 0.004205803 0.006791611
v 0.073820546 0.003388848 0.006791611
v 0.074490060 0.000692018 0.006791611
v 0.074692876 -0.000124937 0.006791611
v 0.086642888 -0.026722549 0.000000000
v 0.084002683 -0.026655914 0.000000000
v 0.089267753 -0.026430531 0.000000000
v 0.081472694 -0.026249616 0.000000000
v 0.091828766 -0.025785257 0.000000000
v 0.094278602 -0.024798647 0.000000000
v 0.096786941 -0.023401838 0.000000000
v 0.099119306 -0.021727658 0.000000000
v 0.101245171 -0.019798030 0.000000000
v 0.103136714 -0.017638210 0.000000000
v 0.104769176 -0.015276465 0.000000000
v 0.106121187 -0.012743713 0.000000000
v 0.107175060 -0.010073108 0.000000000
v 0.089370313 -0.009605983 0.000000000
v 0.107916993 -0.007299605 0.000000000
v 0.087217776 -0.006942352 0.000000000
v 0.087183934 -0.006806048 0.000000000
v 0.108292849 -0.004908250 0.000000000
v 0.076130151 -0.004729776 0.000000000
v 0.076501068 -0.004470545 0.000000000
v 0.076713054 -0.004283341 0.000000000
v 0.076907694 -0.004078589 0.000000000
v 0.077083607 -0.003857818 0.000000000
v 0.077239527 -0.003622660 0.000000000
v 0.077374349 -0.003374835 0.000000000
v 0.077487085 -0.003116142 0.000000000
v 0.077576894 -0.002848460 0.000000000
v 0.077643098 -0.002573727 0.000000000
v 0.077685166 -0.002293943 0.000000000
v 0.077702723 -0.002011154 0.000000000
v 0.077695569 -0.001727444 0.000000000
v 0.077607090 -0.001165371 0.000000000
v 0.074577351 0.011038478 0.000000000
v 0.074428038 0.011493963 0.000000000
v 0.074308507 0.011751921 0.000000000
v 0.074167194 0.011998024 0.000000000
v 0.074005220 0.012230484 0.000000000
v 0.073823849 0.012447625 0.000000000
v 0.073624480 0.012647892 0.000000000
v 0.073408588 0.012829853 0.000000000
v 0.073177786 0.012992210 0.000000000
v 0.072933763 0.013133802 0.000000000
v 0.072678305 0.013253600 0.000000000
v 0.072413252 0.013350725 0.000000000
v 0.072140525 0.013424442 0.000000000
v 0.071862119 0.013474171 0.000000000
v 0.071604838 0.013498256 0.000000000
v 0.070120507 0.019477151 0.000000000
v 0.078897875 0.026570333 0.000000000
v 0.071611396 0.013469024 0.000000229
v 0.070103000 0.019536580 0.000000905
v 0.081485555 -0.026313290 0.000000969
v 0.076101606 -0.004642105 0.000002229
v 0.070080251 0.019593740 0.000003719
v 0.081492256 -0.026377356 0.000003995
v 0.071622837 0.013376680 0.000004004
v 0.070051778 0.019648422 0.000008617
v 0.076062604 -0.004563866 0.000008664
v 0.081492201 -0.026441251 0.000009227
v 0.076043634 -0.004534154 0.000012475
v 0.071619853 0.013284883 0.000012475
v 0.070017312 0.019699953 0.000015734
v 0.081484848 -0.026504958 0.000016834
v 0.076022779 -0.004503518 0.000017229
v 0.071615754 0.013248053 0.000017229
v 0.076991129 -0.003473133 0.000023369
v 0.073021474 0.012748018 0.000023370
v 0.072799317 0.012876882 0.000023376
v 0.076849109 -0.003687154 0.000023384
v 0.077113786 -0.003247485 0.000023384
v 0.073231493 0.012600096 0.000023394
v 0.072566669 0.012985741 0.000023412
v 0.076688764 -0.003887952 0.000023428
v 0.077216153 -0.003011885 0.000023429
v 0.073427802 0.012434204 0.000023448
v 0.072325265 0.013073775 0.000023476
v 0.076511260 -0.004074014 0.000023502
v 0.077297472 -0.002768081 0.000023503
v 0.073608913 0.012251553 0.000023532
v 0.072076879 0.013140313 0.000023570
v 0.076317902 -0.004243926 0.000023606
v 0.077357113 -0.002517877 0.000023606
v 0.073773450 0.012053481 0.000023644
v 0.071823366 0.013184828 0.000023694
v 0.077394596 -0.002263135 0.000023738
v 0.073920144 0.011841442 0.000023787
v 0.075998406 -0.004467427 0.000023816
v 0.071611086 0.013204753 0.000023816
v 0.077409594 -0.002005757 0.000023899
v 0.074047829 0.011617006 0.000023955
v 0.077401954 -0.001747679 0.000024086
v 0.074155494 0.011381845 0.000024150
v 0.086655594 -0.027019318 0.000024537
v 0.083975028 -0.026951667 0.000024537
v 0.089320588 -0.026722836 0.000024537
v 0.091920747 -0.026067696 0.000024537
v 0.094408038 -0.025066004 0.000024537
v 0.096946054 -0.023652658 0.000024537
v 0.099306030 -0.021958666 0.000024537
v 0.101457053 -0.020006196 0.000024537
v 0.103371003 -0.017820809 0.000024537
v 0.105022789 -0.015431109 0.000024537
v 0.106390810 -0.012868377 0.000024537
v 0.107457156 -0.010166160 0.000024537
v 0.108207862 -0.007359825 0.000024537
v 0.077318801 -0.001236942 0.000024537
v 0.074289056 0.010966907 0.000024537
v 0.078818904 0.026888429 0.000024537
v 0.081476141 -0.026555036 0.000024541
v 0.069981928 0.019747105 0.000024541
v 0.108605175 -0.004830711 0.000025442
v 0.075900105 -0.004318787 0.000062279
v 0.071593723 0.013027399 0.000062279
v 0.069859619 0.019914160 0.000071541
v 0.069851443 0.019925561 0.000075661
v 0.075871677 -0.004274797 0.000077227
v 0.071589165 0.012975219 0.000077227
v 0.081439647 -0.026781582 0.000078136
v 0.081436985 -0.026799379 0.000083689
v 0.076749151 -0.003327466 0.000092871
v 0.072869200 0.012510129 0.000092877
v 0.072668334 0.012626599 0.000092900
v 0.076620682 -0.003520900 0.000092930
v 0.076859947 -0.003123425 0.000092930
v 0.073058973 0.012376278 0.000092973
v 0.072457922 0.012724809 0.000093039
v 0.076475507 -0.003702249 0.000093106
v 0.076952232 -0.002910327 0.000093108
v 0.073236217 0.012226051 0.000093187
v 0.072239555 0.012804007 0.000093296
v 0.076314709 -0.003870122 0.000093400
v 0.077025303 -0.002689789 0.000093401
v 0.073399567 0.012060578 0.000093516
v 0.072014884 0.012863584 0.000093669
v 0.076139509 -0.004023217 0.000093809
v 0.077078585 -0.002463484 0.000093810
v 0.073547747 0.011881101 0.000093962
v 0.071785623 0.012903061 0.000094155
v 0.077111643 -0.002233135 0.000094332
v 0.073679591 0.011688975 0.000094518
v 0.075842254 -0.004228761 0.000094663
v 0.071584685 0.012920765 0.000094663
v 0.077124205 -0.002000503 0.000094964
v 0.073794056 0.011485662 0.000095186
v 0.077116140 -0.001767376 0.000095703
v 0.073890213 0.011272718 0.000095958
v 0.086667958 -0.027308043 0.000097484
v 0.083948119 -0.027239400 0.000097484
v 0.089371981 -0.027007220 0.000097484
v 0.092010231 -0.026342484 0.000097484
v 0.094533971 -0.025326116 0.000097484
v 0.097100869 -0.023896686 0.000097484
v 0.099487704 -0.022183410 0.000097484
v 0.101663222 -0.020208720 0.000097484
v 0.103598938 -0.017998459 0.000097484
v 0.105269529 -0.015581560 0.000097484
v 0.106653118 -0.012989661 0.000097484
v 0.107731596 -0.010256687 0.000097484
v 0.108490853 -0.007418414 0.000097484
v 0.077038324 -0.001306573 0.000097484
v 0.074008584 0.010897276 0.000097484
v 0.078742077 0.027197899 0.000097484
v 0.081430875 -0.026841071 0.000097495
v 0.069811861 0.019981243 0.000097496
v 0.108903214 -0.004756719 0.000099352
v 0.108940007 -0.004747585 0.000112118
v 0.075738341 -0.004757589 0.000130075
v 0.071245517 0.013339593 0.000130075
v 0.075767189 -0.004108770 0.000149018
v 0.071574460 0.012779598 0.000149018
v 0.075680887 -0.004793779 0.000151543
v 0.071177805 0.013344709 0.000151543
v 0.075606894 -0.004524013 0.000175355
v 0.071238573 0.013071662 0.000175355
v 0.069700766 0.020142018 0.000177117
v 0.075731236 -0.004049869 0.000180628
v 0.071570233 0.012710724 0.000180628
v 0.081403861 -0.027042984 0.000180997
v 0.069681226 0.020171067 0.000194258
v 0.075553076 -0.004556186 0.000195499
v 0.071175954 0.013074927 0.000195499
v 0.075713951 -0.004021172 0.000197262
v 0.071568372 0.012677274 0.000197262
v 0.081399668 -0.027077694 0.000198307
v 0.109158484 -0.004693345 0.000206353
v 0.076519829 -0.003189421 0.000206714
v 0.072724887 0.012284688 0.000206726
v 0.072544218 0.012389415 0.000206775
v 0.076404204 -0.003363350 0.000206843
v 0.076619400 -0.003005860 0.000206844
v 0.072895496 0.012164182 0.000206938
v 0.072354876 0.012477555 0.000207083
v 0.076273425 -0.003526289 0.000207231
v 0.076702160 -0.002814096 0.000207234
v 0.073054697 0.012028828 0.000207408
v 0.072158352 0.012548421 0.000207649
v 0.076128499 -0.003676961 0.000207877
v 0.076767458 -0.002615616 0.000207880
v 0.073201242 0.011879666 0.000208135
v 0.071956166 0.012601459 0.000208469
v 0.075970541 -0.003814176 0.000208777
v 0.076814775 -0.002411966 0.000208780
v 0.073333987 0.011717848 0.000209112
v 0.071749886 0.012636242 0.000209540
v 0.076843739 -0.002204730 0.000209928
v 0.073451849 0.011544630 0.000210340
v 0.071567029 0.012651489 0.000210679
v 0.076854097 -0.001995530 0.000211319
v 0.073553896 0.011361365 0.000211806
v 0.076845755 -0.001786010 0.000212944
v 0.073639291 0.011169494 0.000213506
v 0.109171378 -0.004745290 0.000215825
v 0.086679637 -0.027580897 0.000216862
v 0.083922685 -0.027511315 0.000216862
v 0.089420557 -0.027275966 0.000216862
v 0.092094798 -0.026602162 0.000216862
v 0.094652966 -0.025571926 0.000216862
v 0.097247176 -0.024127293 0.000216862
v 0.099659380 -0.022395800 0.000216862
v 0.101858033 -0.020400109 0.000216862
v 0.103814344 -0.018166340 0.000216862
v 0.105502701 -0.015723740 0.000216862
v 0.106900996 -0.013104276 0.000216862
v 0.107990953 -0.010342238 0.000216862
v 0.108758288 -0.007473781 0.000216862
v 0.076773270 -0.001372376 0.000216862
v 0.073743525 0.010831472 0.000216862
v 0.078669465 0.027490356 0.000216862
v 0.069657090 0.020207293 0.000216880
v 0.075490943 -0.004292594 0.000258336
v 0.071244318 0.012812881 0.000258336
v 0.075647426 -0.003908252 0.000271039
v 0.071562383 0.012546352 0.000271039
v 0.075440820 -0.004320873 0.000277620
v 0.071186787 0.012814433 0.000277620
v 0.069582334 0.020322296 0.000298372
v 0.075195522 -0.005038762 0.000325777
v 0.070634218 0.013334246 0.000325777
v 0.075594066 -0.003814314 0.000343377
v 0.071559157 0.012438366 0.000343377
v 0.069546829 0.020378624 0.000344056
v 0.081374394 -0.027323437 0.000349466
v 0.075099906 -0.004771408 0.000358730
v 0.070674739 0.013053212 0.000358730
v 0.081373079 -0.027339060 0.000360968
v 0.076309091 -0.003062562 0.000361957
v 0.072592275 0.012077516 0.000361979
v 0.072430151 0.012171456 0.000362062
v 0.076205282 -0.003218573 0.000362180
v 0.076398364 -0.002897829 0.000362182
v 0.072745272 0.011969294 0.000362343
v 0.072260199 0.012250373 0.000362593
v 0.076087768 -0.003364624 0.000362849
v 0.076472407 -0.002725683 0.000362852
v 0.072887933 0.011847641 0.000363153
v 0.072083762 0.012313644 0.000363568
v 0.075957470 -0.003499545 0.000363963
v 0.076530629 -0.002547491 0.000363967
v 0.073019109 0.011713519 0.000364405
v 0.071902248 0.012360765 0.000364981
v 0.075815417 -0.003622253 0.000365513
v 0.076572575 -0.002364667 0.000365518
v 0.073137756 0.011567987 0.000366092
v 0.071717088 0.012391361 0.000366826
v 0.076597893 -0.002178665 0.000367496
v 0.073242907 0.011412200 0.000368204
v 0.075577477 -0.003784378 0.000368727
v 0.076606390 -0.001990970 0.000369892
v 0.073333711 0.011247405 0.000370731
v 0.076597982 -0.001803086 0.000372690
v 0.073409411 0.011074928 0.000373659
v 0.109342280 -0.005433700 0.000374866
v 0.075393095 -0.004068549 0.000377146
v 0.071262609 0.012569085 0.000377146
v 0.086690321 -0.027830477 0.000379436
v 0.083899427 -0.027760042 0.000379436
v 0.089464984 -0.027521795 0.000379436
v 0.092172161 -0.026839693 0.000379436
v 0.094761829 -0.025796773 0.000379436
v 0.097380998 -0.024338235 0.000379436
v 0.099816426 -0.022590075 0.000379436
v 0.102036238 -0.020575174 0.000379436
v 0.104011376 -0.018319908 0.000379436
v 0.105715986 -0.015853795 0.000379436
v 0.107127749 -0.013209119 0.000379436
v 0.108228192 -0.010420494 0.000379436
v 0.109002907 -0.007524426 0.000379436
v 0.076530817 -0.001432568 0.000379436
v 0.073501077 0.010771281 0.000379436
v 0.078603056 0.027757868 0.000379436
v 0.081371096 -0.027363483 0.000379456
v 0.069521782 0.020419136 0.000379462
v 0.075346674 -0.004093205 0.000396034
v 0.071210050 0.012569168 0.000396034
v 0.075543143 -0.003721140 0.000426260
v 0.071557721 0.012332193 0.000426260
v 0.109387790 -0.005617007 0.000430033
v 0.075020206 -0.004507360 0.000433788
v 0.070727790 0.012782548 0.000433788
v 0.080049750 -0.026189738 0.000449843
v 0.069468974 0.020507031 0.000464297
v 0.074663338 -0.005202907 0.000504271
v 0.070087051 0.013230429 0.000504271
v 0.079995639 -0.026479540 0.000515378
v 0.074606116 -0.004910324 0.000525411
v 0.070173320 0.012945057 0.000525411
v 0.075491810 -0.003622641 0.000527849
v 0.071558417 0.012221123 0.000527849
v 0.069434795 0.020566096 0.000528139
v 0.075315561 -0.003856930 0.000529105
v 0.071293054 0.012345775 0.000529105
v 0.081359942 -0.027540862 0.000534784
v 0.075272786 -0.003878374 0.000548041
v 0.071245218 0.012344724 0.000548041
v 0.074958411 -0.004253201 0.000549081
v 0.070792044 0.012529000 0.000549081
v 0.069423332 0.020586368 0.000551453
v 0.076122373 -0.002950163 0.000554591
v 0.072474771 0.011893961 0.000554624
v 0.072329094 0.011978351 0.000554750
v 0.076029055 -0.003090313 0.000554926
v 0.076202537 -0.002802120 0.000554929
v 0.072612195 0.011796647 0.000555171
v 0.072176334 0.012049141 0.000555546
v 0.075923335 -0.003221439 0.000555931
v 0.076268912 -0.002647377 0.000555936
v 0.072740250 0.011687188 0.000556387
v 0.072017718 0.012105767 0.000557009
v 0.075806064 -0.003342481 0.000557601
v 0.076320974 -0.002487180 0.000557608
v 0.072857903 0.011566459 0.000558265
v 0.081358953 -0.027564206 0.000558381
v 0.071854534 0.012147775 0.000559131
v 0.075678169 -0.003452454 0.000559928
v 0.076358291 -0.002322820 0.000559935
v 0.072964197 0.011435433 0.000560796
v 0.071688085 0.012174823 0.000561898
v 0.076380570 -0.002155623 0.000562903
v 0.073058255 0.011295165 0.000563965
v 0.071559207 0.012185260 0.000564472
v 0.076387631 -0.001986943 0.000566496
v 0.073139314 0.011146797 0.000567754
v 0.076379421 -0.001818149 0.000570692
v 0.073206711 0.010991543 0.000572141
v 0.109488631 -0.006023210 0.000578802
v 0.086699723 -0.028050024 0.000580799
v 0.083878965 -0.027978834 0.000580799
v 0.089504069 -0.027738038 0.000580799
v 0.092240216 -0.027048639 0.000580799
v 0.094857578 -0.025994564 0.000580799
v 0.097498722 -0.024523793 0.000580799
v 0.099954569 -0.022760973 0.000580799
v 0.102193009 -0.020729173 0.000580799
v 0.104184709 -0.018454993 0.000580799
v 0.105903605 -0.015968199 0.000580799
v 0.107327201 -0.013301343 0.000580799
v 0.108436880 -0.010489332 0.000580799
v 0.109218092 -0.007568976 0.000580799
v 0.076317543 -0.001485515 0.000580799
v 0.073287798 0.010718334 0.000580799
v 0.078544631 0.027993189 0.000580799
v 0.069409609 0.020611000 0.000580821
v 0.074564932 -0.004622123 0.000593010
v 0.070271703 0.012671057 0.000593010
v 0.109507381 -0.006098675 0.000611397
v 0.075456394 -0.003551040 0.000612335
v 0.071560605 0.012141271 0.000612335
v 0.079957918 -0.026757584 0.000627085
v 0.069375977 0.020673232 0.000660529
v 0.074916072 -0.004015268 0.000701733
v 0.070865899 0.012298892 0.000701733
v 0.074540901 -0.004346161 0.000705228
v 0.070379534 0.012415899 0.000705228
v 0.075260085 -0.003662507 0.000710789
v 0.071334951 0.012147982 0.000710789
v 0.075220835 -0.003681278 0.000730176
v 0.071291485 0.012146218 0.000730176
v 0.075405172 -0.003439425 0.000766415
v 0.071567527 0.012018658 0.000766415
v 0.069335699 0.020752462 0.000775279
v 0.075964497 -0.002855127 0.000779645
v 0.072375427 0.011738763 0.000779690
v 0.072243654 0.011815086 0.000779862
v 0.075880068 -0.002981880 0.000780103
v 0.076036988 -0.002721208 0.000780108
v 0.072499703 0.011650706 0.000780438
v 0.072105451 0.011879063 0.000780953
v 0.075784381 -0.003100442 0.000781480
v 0.076096955 -0.002581205 0.000781487
v 0.079937633 -0.027016128 0.000781854
v 0.072615477 0.011551622 0.000782103
v 0.071961933 0.011930181 0.000782956
v 0.081356539 -0.027751012 0.000783074
v 0.075678202 -0.003209848 0.000783766
v 0.076143923 -0.002436251 0.000783776
v 0.072721810 0.011442310 0.000784676
v 0.071814267 0.011968027 0.000785861
v 0.075562390 -0.003309208 0.000786952
v 0.076177517 -0.002287518 0.000786961
v 0.072817829 0.011323648 0.000788139
v 0.071663634 0.011992300 0.000789648
v 0.076197460 -0.002136209 0.000791023
v 0.075397968 -0.003422625 0.000792466
v 0.072902744 0.011196600 0.000792477
v 0.076203597 -0.001983554 0.000795938
v 0.072975870 0.011062205 0.000797660
v 0.081356810 -0.027763423 0.000800811
v 0.076195880 -0.001830798 0.000801677
v 0.073036599 0.010921563 0.000803660
v 0.109602599 -0.006482224 0.000810940
v 0.086707573 -0.028233588 0.000815490
v 0.083861856 -0.028161765 0.000815490
v 0.089536745 -0.027918837 0.000815490
v 0.092297095 -0.027223336 0.000815490
v 0.094937637 -0.026159931 0.000815490
v 0.097597144 -0.024678934 0.000815490
v 0.100070072 -0.022903857 0.000815490
v 0.102324069 -0.020857929 0.000815490
v 0.104329624 -0.018567934 0.000815490
v 0.106060475 -0.016063849 0.000815490
v 0.107493970 -0.013378449 0.000815490
v 0.108611362 -0.010546886 0.000815490
v 0.109397999 -0.007606224 0.000815490
v 0.076139227 -0.001529784 0.000815490
v 0.073109488 0.010674065 0.000815490
v 0.078495790 0.028189940 0.000815490
v 0.081357080 -0.027773474 0.000815504
v 0.069323573 0.020777695 0.000815517
v 0.075389134 -0.003401503 0.000826470
v 0.071571090 0.011977639 0.000826470
v 0.074534686 -0.004089958 0.000859004
v 0.070493866 0.012186538 0.000859004
v 0.109625901 -0.006576113 0.000871229
v 0.069305431 0.020817146 0.000882667
v 0.078474499 -0.025700229 0.000886663
v 0.074894240 -0.003799495 0.000887938
v 0.070947516 0.012097959 0.000887938
v 0.075227922 -0.003489667 0.000918100
v 0.071387360 0.011980167 0.000918100
v 0.075192025 -0.003506410 0.000938284
v 0.071347795 0.011978178 0.000938284
v 0.078395103 -0.025980107 0.000955760
v 0.079935351 -0.027247971 0.000975377
v 0.075350779 -0.003299551 0.001014609
v 0.071584868 0.011869587 0.001014609
v 0.081365157 -0.027899250 0.001030390
v 0.075839536 -0.002779908 0.001031307
v 0.072296798 0.011615930 0.001031364
v 0.072176036 0.011685878 0.001031584
v 0.075762178 -0.002896078 0.001031894
v 0.075905983 -0.002657182 0.001031898
v 0.072410711 0.011535244 0.001032323
v 0.072049384 0.011744537 0.001032982
v 0.075674501 -0.003004763 0.001033656
v 0.075960978 -0.002528880 0.001033666
v 0.072516850 0.011444459 0.001034456
v 0.071917860 0.011791439 0.001035548
v 0.075577217 -0.003105090 0.001036586
v 0.076004090 -0.002396026 0.001036597
v 0.072614366 0.011344297 0.001037749
v 0.071782496 0.011826210 0.001039266
v 0.075471088 -0.003196251 0.001040663
v 0.076034966 -0.002259680 0.001040675
v 0.072702475 0.011235553 0.001042184
v 0.109681343 -0.006799390 0.001043289
v 0.071644387 0.011848570 0.001044115
v 0.076053368 -0.002120932 0.001045875
v 0.071587558 0.011854062 0.001046445
v 0.072780462 0.011119098 0.001047734
v 0.069270417 0.020902485 0.001050114
v 0.074546459 -0.003860501 0.001050148
v 0.070611585 0.011989225 0.001050148
v 0.076059146 -0.001980895 0.001052163
v 0.072847694 0.010995867 0.001054365
v 0.076052246 -0.001840697 0.001059502
v 0.081366803 -0.027913542 0.001059598
v 0.072903617 0.010866857 0.001062036
v 0.075343116 -0.003275729 0.001065876
v 0.071589237 0.011844948 0.001065876
v 0.078331639 -0.026248931 0.001070281
v 0.086713683 -0.028376183 0.001077149
v 0.083848570 -0.028303871 0.001077149
v 0.089562130 -0.028059288 0.001077149
v 0.092341301 -0.027359047 0.001077149
v 0.094999830 -0.026288394 0.001077149
v 0.097673602 -0.024799453 0.001077149
v 0.100159799 -0.023014854 0.001077149
v 0.102425883 -0.020957951 0.001077149
v 0.104442189 -0.018655672 0.001077149
v 0.106182331 -0.016138153 0.001077149
v 0.107623528 -0.013438348 0.001077149
v 0.108746908 -0.010591597 0.001077149
v 0.109537776 -0.007635160 0.001077149
v 0.076000704 -0.001564173 0.001077149
v 0.072970964 0.010639675 0.001077149
v 0.078457843 0.028342782 0.001077149
v 0.069266015 0.020914672 0.001077160
v 0.074893455 -0.003611261 0.001103053
v 0.071034856 0.011931214 0.001103053
v 0.069258932 0.020935512 0.001125715
v 0.075219796 -0.003342304 0.001146363
v 0.071449101 0.011846115 0.001146363
v 0.075186987 -0.003357759 0.001167621
v 0.071412877 0.011844433 0.001167621
v 0.077343666 -0.025249949 0.001176395
v 0.079951134 -0.027446672 0.001202268
v 0.109722754 -0.006966226 0.001215167
v 0.078443292 0.028401393 0.001215897
v 0.078285842 -0.026499367 0.001227104
v 0.109727571 -0.006985663 0.001239279
v 0.077246117 -0.025521576 0.001247602
v 0.074575881 -0.003664042 0.001273449
v 0.070729480 0.011829341 0.001273449
v 0.075750732 -0.002726447 0.001303079
v 0.072240919 0.011528633 0.001303149
v 0.072127990 0.011594067 0.001303416
v 0.075678418 -0.002835122 0.001303792
v 0.075812920 -0.002611697 0.001303798
v 0.072347501 0.011453242 0.001304314
v 0.075321168 -0.003184191 0.001304581
v 0.071612655 0.011753773 0.001304581
v 0.072009586 0.011649045 0.001305114
v 0.075596547 -0.002936879 0.001305934
v 0.075864506 -0.002491756 0.001305946
v 0.072446906 0.011368472 0.001306905
v 0.071886625 0.011693141 0.001308232
v 0.075505726 -0.003030927 0.001309493
v 0.075905094 -0.002367549 0.001309507
v 0.072538368 0.011274969 0.001310907
v 0.071760045 0.011726011 0.001312749
v 0.075406652 -0.003116528 0.001314446
v 0.075934362 -0.002240032 0.001314460
v 0.072621156 0.011173450 0.001316292
v 0.071630836 0.011747394 0.001318637
v 0.075320494 -0.003179458 0.001319493
v 0.075952084 -0.002110192 0.001320773
v 0.072694624 0.011064692 0.001323030
v 0.069240210 0.021007424 0.001323330
v 0.075320201 -0.003177193 0.001326756
v 0.071615064 0.011747133 0.001326756
v 0.075958094 -0.001979035 0.001328403
v 0.072758182 0.010949538 0.001331075
v 0.081387696 -0.028019123 0.001332691
v 0.075952344 -0.001847582 0.001337304
v 0.072811305 0.010828883 0.001340375
v 0.074913735 -0.003455260 0.001341715
v 0.071125748 0.011802813 0.001341715
v 0.081389641 -0.028025139 0.001353190
v 0.109748089 -0.007068269 0.001357998
v 0.086717865 -0.028473947 0.001358680
v 0.083839460 -0.028401299 0.001358680
v 0.089579542 -0.028155584 0.001358680
v 0.092371602 -0.027452094 0.001358680
v 0.095042467 -0.026376472 0.001358680
v 0.097726017 -0.024882084 0.001358680
v 0.100221318 -0.023090953 0.001358680
v 0.102495689 -0.021026528 0.001358680
v 0.104519375 -0.018715827 0.001358680
v 0.106265882 -0.016189099 0.001358680
v 0.107712349 -0.013479417 0.001358680
v 0.108839839 -0.010622251 0.001358680
v 0.109633591 -0.007654998 0.001358680
v 0.075905735 -0.001587752 0.001358680
v 0.072875989 0.010616097 0.001358680
v 0.078431829 0.028447571 0.001358680
v 0.081390166 -0.028026706 0.001358683
v 0.069238481 0.021018229 0.001358686
v 0.077164224 -0.025782641 0.001363820
v 0.109751072 -0.007080303 0.001378320
v 0.069237520 0.021025664 0.001384248
v 0.075235888 -0.003223742 0.001390434
v 0.071518780 0.011748848 0.001390434
v 0.075205852 -0.003238713 0.001412959
v 0.071485225 0.011748034 0.001412959
v 0.078258955 -0.026724579 0.001421950
v 0.079984546 -0.027606688 0.001456212
v 0.078423531 0.028481007 0.001504529
v 0.109766706 -0.007143287 0.001507931
v 0.077100219 -0.026026109 0.001521917
v 0.074622170 -0.003505938 0.001522821
v 0.070844337 0.011711242 0.001522821
v 0.075861877 -0.024523111 0.001526915
v 0.075700361 -0.002696126 0.001587945
v 0.072209226 0.011479123 0.001588026
v 0.072100755 0.011542020 0.001588338
v 0.075630975 -0.002800587 0.001588774
v 0.075760190 -0.002585927 0.001588781
v 0.072280568 0.011430259 0.001588782
v 0.072065349 0.011559870 0.001588782
v 0.072311720 0.011406821 0.001589381
v 0.071987091 0.011595054 0.001590313
v 0.075552523 -0.002898548 0.001591266
v 0.075810036 -0.002470794 0.001591278
v 0.072407479 0.011325631 0.001592394
v 0.071869058 0.011637837 0.001593937
v 0.075321605 -0.003111109 0.001594507
v 0.071647216 0.011689379 0.001594507
v 0.075465581 -0.002989285 0.001595403
v 0.075849508 -0.002351559 0.001595419
v 0.072469551 0.011264415 0.001595447
v 0.071830376 0.011649344 0.001595447
v 0.072495791 0.011236130 0.001597045
v 0.074954582 -0.003335382 0.001597973
v 0.071217923 0.011715957 0.001597973
v 0.071747510 0.011670043 0.001599187
v 0.075740501 -0.024782281 0.001600362
v 0.075370755 -0.003072119 0.001601158
v 0.075878323 -0.002229089 0.001601175
v 0.072576000 0.011138960 0.001603304
v 0.075322107 -0.003109274 0.001604523
v 0.071648525 0.011687994 0.001604523
v 0.069239111 0.021077294 0.001604946
v 0.075896244 -0.002104272 0.001608507
v 0.072626608 0.011067329 0.001608575
v 0.072647491 0.011034814 0.001611129
v 0.075903105 -0.001978022 0.001617366
v 0.072709700 0.010924445 0.001620466
v 0.075898835 -0.001851270 0.001627690
v 0.072747018 0.010844934 0.001627771
v 0.072762138 0.010808654 0.001631252
v 0.109776429 -0.007182450 0.001633460
v 0.081421644 -0.028083554 0.001638620
v 0.069240906 0.021083362 0.001639321
v 0.075275841 -0.003136654 0.001644807
v 0.071594822 0.011690557 0.001644807
v 0.078251707 -0.026918429 0.001649501
v 0.085097485 -0.028531641 0.001652453
v 0.086720014 -0.028524236 0.001652453
v 0.083834770 -0.028451416 0.001652453
v 0.088519334 -0.028370346 0.001652453
v 0.089588492 -0.028205115 0.001652453
v 0.081423417 -0.028085222 0.001652453
v 0.091870718 -0.027660901 0.001652453
v 0.092387191 -0.027499954 0.001652453
v 0.095064410 -0.026421775 0.001652453
v 0.097752976 -0.024924586 0.001652453
v 0.098696449 -0.024297797 0.001652453
v 0.100252962 -0.023130099 0.001652453
v 0.101952843 -0.021633389 0.001652453
v 0.102531586 -0.021061801 0.001652453
v 0.104559073 -0.018746769 0.001652453
v 0.106308850 -0.016215303 0.001652453
v 0.107031006 -0.014955718 0.001652453
v 0.107758035 -0.013500540 0.001652453
v 0.108728534 -0.011105852 0.001652453
v 0.108887636 -0.010638018 0.001652453
v 0.109682879 -0.007665203 0.001652453
v 0.109777456 -0.007186560 0.001652453
v 0.075856883 -0.001599879 0.001652453
v 0.072827137 0.010603970 0.001652453
v 0.069241702 0.021085543 0.001652453
v 0.078418449 0.028501472 0.001652453
v 0.075262648 -0.003144065 0.001656227
v 0.071579691 0.011690936 0.001656227
v 0.075248191 -0.003151988 0.001668702
v 0.071563206 0.011691179 0.001668702
v 0.066185655 0.012154108 0.001673812
v 0.066269570 0.011868379 0.001695976
v 0.077055803 -0.026245407 0.001717628
v 0.075634510 -0.025031529 0.001718423
v 0.080034652 -0.027723570 0.001730141
v 0.066363308 0.011593425 0.001765197
v 0.074684054 -0.003390497 0.001791464
v 0.070953024 0.011638151 0.001791464
v 0.074438656 -0.023661395 0.001833296
v 0.075020560 -0.003252661 0.001860814
v 0.071314925 0.011673701 0.001860814
v 0.075014975 -0.003254615 0.001865437
v 0.071309075 0.011672813 0.001865437
v 0.075546734 -0.025264218 0.001877951
v 0.066464299 0.011336734 0.001879592
v 0.069882208 -0.006262100 0.001891146
v 0.078264308 -0.027075622 0.001903550
v 0.074294326 -0.023906528 0.001908375
v 0.077032186 -0.026434624 0.001945676
v 0.080100066 -0.027794063 0.002016429
v 0.074165194 -0.024142357 0.002027826
v 0.066569803 0.011105288 0.002036046
v 0.074759854 -0.003320867 0.002072057
v 0.071052589 0.011612053 0.002072057
v 0.075479513 -0.025474144 0.002074696
v 0.073078319 -0.022663218 0.002098890
v 0.063664080 0.014720559 0.002129673
v 0.072911975 -0.022892599 0.002175092
v 0.063503365 0.014943700 0.002175986
v 0.078296410 -0.027191869 0.002177165
v 0.074054685 -0.024362655 0.002188492
v 0.077030004 -0.026588663 0.002199912
v 0.066676948 0.010905387 0.002230304
v 0.063356074 0.015163933 0.002263000
v 0.072760718 -0.023113294 0.002295552
v 0.075434633 -0.025655716 0.002303419
v 0.073965698 -0.024561604 0.002386129
v 0.063225716 0.015376031 0.002388652
v 0.066782817 0.010742472 0.002457077
v 0.072628531 -0.023319503 0.002457104
v 0.078347129 -0.027264000 0.002462880
v 0.077049312 -0.026703363 0.002473478
v 0.063115378 0.015574962 0.002549960
v 0.075413287 -0.025804101 0.002558025
v 0.067007698 -0.006913119 0.002570711
v 0.066946095 -0.006622019 0.002593667
v 0.073900599 -0.024733945 0.002615518
v 0.072518883 -0.023505804 0.002655503
v 0.066896039 -0.006336379 0.002664136
v 0.069705003 -0.019944691 0.002679259
v 0.066884532 0.010620974 0.002710195
v 0.063027684 0.015756005 0.002743094
v 0.069531897 -0.020178124 0.002750361
v 0.077089590 -0.026775633 0.002759000
v 0.066858882 -0.006063964 0.002780202
v 0.075416049 -0.025915337 0.002831732
v 0.069373132 -0.020402795 0.002867967
v 0.073861106 -0.024875126 0.002870598
v 0.072434653 -0.023667309 0.002885538
v 0.060576092 0.012270209 0.002896023
v 0.066835641 -0.005812176 0.002938711
v 0.060409858 0.012494503 0.002938878
v 0.062964712 0.015914864 0.002963473
v 0.066979324 0.010544201 0.002982769
v 0.060255673 0.012715323 0.003023984
v 0.069233056 -0.020612563 0.003028864
v 0.075442848 -0.025986471 0.003117248
v 0.066826957 -0.005587860 0.003135354
v 0.072378051 -0.023799772 0.003141165
v 0.073848245 -0.024981420 0.003144633
v 0.060117287 0.012927291 0.003149267
v 0.062927953 0.016047765 0.003205865
v 0.059041334 0.011146679 0.003211294
v 0.069115481 -0.020801700 0.003228657
v 0.058889635 0.011387010 0.003249316
v 0.065697345 -0.016701704 0.003252881
v 0.083115923 -0.028513640 0.003260443
v 0.070504180 0.022286656 0.003260443
v 0.067064610 0.010514243 0.003267383
v 0.083836107 -0.028596025 0.003296803
v 0.071086139 0.022761041 0.003296803
v 0.059998066 0.013125249 0.003311677
v 0.058749045 0.011623122 0.003331175
v 0.062971866 -0.007844607 0.003335411
v 0.058517574 0.010097336 0.003335411
v 0.082395954 -0.028416687 0.003340162
v 0.069922707 0.021825724 0.003340162
v 0.075677258 -0.001491705 0.003347154
v 0.072718965 0.010424346 0.003347154
v 0.075702233 -0.001615566 0.003348362
v 0.072683095 0.010545539 0.003348363
v 0.075716006 -0.001740321 0.003352008
v 0.072636939 0.010662218 0.003352008
v 0.058588618 0.009839110 0.003354507
v 0.072580762 0.010773975 0.003358203
v 0.075718619 -0.001865448 0.003358207
v 0.062907877 -0.007554244 0.003359047
v 0.058596816 0.009810758 0.003359047
v 0.058365339 0.010052999 0.003360324
v 0.066833050 -0.005397112 0.003364789
v 0.075709934 -0.001991003 0.003367235
v 0.072514331 0.010880954 0.003367235
v 0.058449282 0.009797861 0.003377450
v 0.075689964 -0.002115028 0.003379328
v 0.072438603 0.010981314 0.003379340
v 0.075658983 -0.002236054 0.003394752
v 0.072354683 0.011073719 0.003394752
v 0.062863224 -0.007325922 0.003412518
v 0.058664136 0.009588064 0.003412518
v 0.062473015 -0.007918373 0.003413249
v 0.072262310 0.011158433 0.003414022
v 0.075616843 -0.002354418 0.003414074
v 0.072350578 -0.023899711 0.003415667
v 0.062456492 -0.007648661 0.003426259
v 0.073862382 -0.025050019 0.003430383
v 0.062853075 -0.007269914 0.003430582
v 0.058681361 0.009533812 0.003430582
v 0.058537357 0.009549850 0.003433733
v 0.057904778 0.009863413 0.003435771
v 0.075564268 -0.002467858 0.003437523
v 0.072162556 0.011234313 0.003437523
v 0.057843784 0.009831459 0.003445779
v 0.058028143 0.009622224 0.003447060
v 0.084535807 -0.028662671 0.003448181
v 0.071651613 0.023235041 0.003448181
v 0.058623084 0.011849092 0.003454816
v 0.057972419 0.009592689 0.003456309
v 0.069023627 -0.020965040 0.003461888
v 0.062918279 0.016151558 0.003464519
v 0.075500787 -0.002577115 0.003465950
v 0.072055295 0.011301220 0.003465964
v 0.062446228 -0.007383510 0.003478951
v 0.061974707 -0.007910344 0.003484962
v 0.062000168 -0.007639108 0.003492559
v 0.057430224 0.010157622 0.003493280
v 0.061907630 -0.007903114 0.003494177
v 0.058154590 0.009387898 0.003498260
v 0.075428125 -0.002679122 0.003499261
v 0.071943410 0.011357372 0.003499261
v 0.061938787 -0.007632182 0.003501094
v 0.058103998 0.009360735 0.003506853
v 0.059900920 0.013304377 0.003507262
v 0.062820990 -0.007078616 0.003508169
v 0.058742471 0.009349723 0.003508169
v 0.057424529 0.009560228 0.003514831
v 0.057589768 0.009342449 0.003520235
v 0.057294932 0.010412419 0.003526971
v 0.058627625 0.009314450 0.003527927
v 0.081697426 -0.028308957 0.003533634
v 0.075355646 -0.002764140 0.003533634
v 0.071839580 0.011398618 0.003533634
v 0.069358686 0.021391687 0.003533634
v 0.062030795 -0.007372592 0.003540585
v 0.062808952 -0.006999333 0.003548076
v 0.058768911 0.009274015 0.003548076
v 0.061974961 -0.007365983 0.003548539
v 0.061408779 -0.007802242 0.003559551
v 0.061482624 -0.007537525 0.003561749
v 0.057756913 0.009131049 0.003566397
v 0.062442460 -0.007128841 0.003570146
v 0.057046789 0.009218463 0.003577880
v 0.057245650 0.009027867 0.003578794
v 0.075254008 -0.002863108 0.003584065
v 0.071703459 0.011438561 0.003584065
v 0.057000373 0.009168023 0.003585733
v 0.057203416 0.008981488 0.003586101
v 0.058281275 0.009165692 0.003588221
v 0.058235544 0.009140810 0.003596275
v 0.061560357 -0.007277523 0.003605224
v 0.057169623 0.010662267 0.003605913
v 0.061051878 -0.007372866 0.003614560
v 0.060937092 -0.007624777 0.003616278
v 0.058514917 0.012059250 0.003617139
v 0.066853761 -0.005245116 0.003620777
v 0.060997485 -0.007346289 0.003620915
v 0.057445449 0.008843061 0.003621208
v 0.060877484 -0.007596045 0.003623090
v 0.062065903 -0.007116840 0.003627951
v 0.057407270 0.008800653 0.003628069
v 0.062015333 -0.007110560 0.003635436
v 0.056924154 0.008613180 0.003635601
v 0.071576421 0.011462615 0.003637017
v 0.075152896 -0.002943835 0.003637056
v 0.056692992 0.008767092 0.003638824
v 0.062788120 -0.006846664 0.003639354
v 0.058821901 0.009129328 0.003639354
v 0.057922164 0.008930852 0.003652264
v 0.061169436 -0.007125491 0.003654842
v 0.058718092 0.009096863 0.003657951
v 0.061120120 -0.007101032 0.003660833
v 0.085094508 -0.028707421 0.003661639
v 0.060594604 -0.007102246 0.003665677
v 0.060435585 -0.007331637 0.003670987
v 0.057155288 0.008464235 0.003674699
v 0.056702024 0.008197172 0.003677786
v 0.056677728 0.008139838 0.003682705
v 0.056447638 0.008313567 0.003683915
v 0.061640178 -0.007028230 0.003688972
v 0.056420718 0.008251015 0.003689162
v 0.075046458 -0.003013851 0.003696061
v 0.071449504 0.011474731 0.003696061
v 0.062445261 -0.006890343 0.003697808
v 0.060238636 -0.006801223 0.003701501
v 0.072352942 -0.023964503 0.003701833
v 0.060755186 -0.006876986 0.003703193
v 0.057641559 0.008668323 0.003704139
v 0.060195225 -0.006757441 0.003705593
v 0.062776712 -0.006749852 0.003708337
v 0.058857096 0.009038421 0.003708337
v 0.060044460 -0.007004576 0.003709191
v 0.061631478 -0.013397244 0.003709195
v 0.055970013 0.009407224 0.003709195
v 0.085195405 -0.028714812 0.003710163
v 0.072184123 0.023694840 0.003710163
v 0.057607219 0.008629713 0.003710661
v 0.059996712 -0.006956948 0.003713546
v 0.056955648 0.008084878 0.003714710
v 0.056533951 0.007695448 0.003714759
v 0.058405369 0.008960591 0.003714926
v 0.056933887 0.008032641 0.003719397
v 0.068960009 -0.021098119 0.003722186
v 0.058364118 0.008937858 0.003722565
v 0.056260749 0.007765799 0.003723295
v 0.057057517 0.010900737 0.003728073
v 0.059828208 0.013460313 0.003731258
v 0.059891727 -0.006391628 0.003732101
v 0.062935935 0.016223778 0.003733295
v 0.061287022 -0.006888437 0.003736183
v 0.060433386 -0.006601472 0.003737364
v 0.056459339 0.007225531 0.003738502
v 0.055850460 0.009673177 0.003739621
v 0.056454969 0.007162507 0.003740975
v 0.060394202 -0.006561454 0.003741289
v 0.059662394 -0.006558539 0.003741710
v 0.061242512 -0.006866022 0.003741911
v 0.056176232 0.007252005 0.003748496
v 0.059651252 -0.005988495 0.003749448
v 0.056805755 0.007628110 0.003750104
v 0.059623757 -0.005931741 0.003751109
v 0.056171061 0.007183040 0.003751115
v 0.062104689 -0.006877645 0.003752678
v 0.056463200 0.006692882 0.003754388
v 0.057380947 0.008323762 0.003755197
v 0.061141726 -0.012998172 0.003755745
v 0.061463603 -0.013613755 0.003757657
v 0.059455916 -0.005491773 0.003758515
v 0.059415814 -0.005342849 0.003759023
v 0.056544480 0.006222904 0.003759023
v 0.062058992 -0.006871714 0.003759812
v 0.059396683 -0.006118664 0.003760076
v 0.059366228 -0.006056674 0.003761828
v 0.071320261 0.011475331 0.003763062
v 0.074932308 -0.003074921 0.003763177
v 0.056177237 0.006668708 0.003765284
v 0.061443185 -0.013640473 0.003766652
v 0.060120641 -0.006227521 0.003766895
v 0.059179714 -0.005575621 0.003769600
v 0.059134884 -0.005412592 0.003770104
v 0.056263550 0.006153161 0.003770104
v 0.056740673 0.007201008 0.003773150
v 0.056737065 0.007143778 0.003775578
v 0.058081740 0.008746423 0.003775876
v 0.060913509 -0.006661212 0.003782643
v 0.059904693 -0.005860280 0.003783988
v 0.059880071 -0.005808636 0.003785659
v 0.056747208 0.006717748 0.003789008
v 0.059730366 -0.005408747 0.003793484
v 0.057202449 0.007979367 0.003793804
v 0.059694856 -0.005273572 0.003794253
v 0.056823527 0.006292181 0.003794253
v 0.057183064 0.007931989 0.003798360
v 0.060652035 -0.012598808 0.003800491
v 0.062765332 -0.006635166 0.003803188
v 0.058900673 0.008931729 0.003803188
v 0.060972763 -0.013215553 0.003803520
v 0.061720254 -0.006795390 0.003811064
v 0.058427256 0.012248324 0.003814070
v 0.060624021 -0.006410145 0.003815913
v 0.055739762 0.009933575 0.003816363
v 0.060588820 -0.006373730 0.003819770
v 0.058806753 0.008901899 0.003820930
v 0.057829443 0.008507700 0.003825669
v 0.057069555 0.007565419 0.003828470
v 0.057798617 0.008472633 0.003831963
v 0.081041517 -0.028196801 0.003835218
v 0.074816943 -0.003124114 0.003835218
v 0.068828556 0.020997200 0.003835218
v 0.071188721 0.011464027 0.003839081
v 0.074810706 -0.003126447 0.003839236
v 0.060343516 -0.006070256 0.003845237
v 0.061304849 -0.013823872 0.003847404
v 0.060482001 -0.012817049 0.003847565
v 0.057013284 0.007179039 0.003851583
v 0.057010372 0.007127317 0.003854069
v 0.061401885 -0.006667249 0.003856680
v 0.062454581 -0.006673342 0.003859087
v 0.061361795 -0.006646766 0.003862249
v 0.060150666 -0.005737222 0.003862830
v 0.060128750 -0.005690443 0.003864615
v 0.057022117 0.006742682 0.003868270
v 0.059996088 -0.005328659 0.003873616
v 0.059964876 -0.005206537 0.003874892
v 0.057093547 0.006359216 0.003874892
v 0.057595823 0.008195067 0.003875200
v 0.058524082 0.008777198 0.003875531
v 0.061267030 -0.013874813 0.003876064
v 0.058486820 0.008756443 0.003882882
v 0.056961498 0.011121691 0.003890308
v 0.060812827 -0.013426511 0.003892984
v 0.066888531 -0.005136003 0.003896363
v 0.061065799 -0.006460058 0.003902137
v 0.062757222 -0.006528240 0.003907015
v 0.058943514 0.008833427 0.003907015
v 0.062146277 -0.006660432 0.003911938
v 0.057436528 0.007883160 0.003913177
v 0.057419292 0.007840291 0.003917702
v 0.062104938 -0.006654871 0.003918840
v 0.054232212 0.008673596 0.003920775
v 0.059192691 -0.011498769 0.003925467
v 0.058232009 0.008581973 0.003934413
v 0.060805916 -0.006231863 0.003935252
v 0.060320899 -0.013028838 0.003936727
v 0.055640821 0.010181588 0.003937406
v 0.060774367 -0.006198809 0.003939138
v 0.057318936 0.007508904 0.003947951
v 0.054131249 0.008952435 0.003948548
v 0.060554872 -0.005923694 0.003965201
v 0.061798733 -0.006584372 0.003968685
v 0.059036804 -0.011733541 0.003969127
v 0.057270437 0.007160170 0.003971864
v 0.057268117 0.007113532 0.003974504
v 0.061158967 -0.014022630 0.003976316
v 0.059781704 0.013589262 0.003978214
v 0.058004764 0.008364910 0.003982983
v 0.060383037 -0.005622395 0.003984006
v 0.060363569 -0.005580121 0.003985999
v 0.057977026 0.008333059 0.003989159
v 0.057281000 0.006767056 0.003990182
v 0.062753128 -0.006448776 0.003996066
v 0.058977064 0.008761274 0.003996066
v 0.060246298 -0.005253547 0.003996870
v 0.060218952 -0.005143458 0.003998876
v 0.057347629 0.006422294 0.003998876
v 0.068926354 -0.021197304 0.004002441
v 0.058891662 0.008733869 0.004013263
v 0.061511339 -0.006467097 0.004013514
v 0.074553767 -0.003196758 0.004016409
v 0.070928479 0.011405970 0.004016409
v 0.061475182 -0.006448403 0.004019026
v 0.060665735 -0.013626019 0.004022004
v 0.054037843 0.009224925 0.004024326
v 0.057794866 0.008081181 0.004031884
v 0.061108292 -0.014093268 0.004034162
v 0.058362295 0.012411572 0.004040668
v 0.057569593 -0.010465586 0.004049128
v 0.062470204 -0.006482684 0.004050378
v 0.058889187 -0.011961394 0.004056398
v 0.061208449 -0.006278306 0.004058832
v 0.060172619 -0.013229089 0.004065833
v 0.058634741 0.008619626 0.004066434
v 0.057652298 0.007798559 0.004069979
v 0.058600898 0.008600642 0.004073624
v 0.057636924 0.007759745 0.004074567
v 0.085796832 -0.028755613 0.004075109
v 0.072668119 0.024127025 0.004075109
v 0.056884047 0.011319437 0.004088440
v 0.057430268 -0.010716587 0.004089060
v 0.052455653 0.008086097 0.004089589
v 0.060974708 -0.006070928 0.004092499
v 0.060946362 -0.006040923 0.004096504
v 0.055556237 0.010410710 0.004099577
v 0.062189726 -0.006470122 0.004102121
v 0.057547838 0.007459934 0.004105646
v 0.062152127 -0.006464955 0.004108911
v 0.052375069 0.008375355 0.004115428
v 0.060749518 -0.005791441 0.004123839
v 0.058369543 0.008441251 0.004124260
v 0.057505775 0.007144865 0.004131021
v 0.057503919 0.007102763 0.004133900
v 0.062751018 -0.006340515 0.004138716
v 0.059025833 0.008664596 0.004138716
v 0.061029388 -0.014205338 0.004141347
v 0.060595985 -0.005518668 0.004144488
v 0.053954525 0.009483686 0.004146056
v 0.060578655 -0.005480431 0.004146771
v 0.057517343 0.006790256 0.004151674
v 0.061873815 -0.006400038 0.004158202
v 0.055861884 -0.009565023 0.004158891
v 0.060474642 -0.005185324 0.004160108
v 0.060450589 -0.005085952 0.004163030
v 0.057579261 0.006479799 0.004163030
v 0.058163435 0.008243259 0.004172439
v 0.057298335 -0.010960207 0.004174210
v 0.058138304 0.008214227 0.004178604
v 0.066936411 -0.005072740 0.004184056
v 0.058753503 -0.012176673 0.004185116
v 0.060534990 -0.013809323 0.004187505
v 0.052300557 0.008657547 0.004190572
v 0.055740928 -0.009830790 0.004195080
v 0.055131469 -0.009232484 0.004198823
v 0.061612822 -0.006292666 0.004203020
v 0.061580002 -0.006275577 0.004208570
v 0.062751781 -0.006291594 0.004213746
v 0.059049383 0.008621713 0.004213746
v 0.050643446 0.007644370 0.004215574
v 0.057973369 0.007984784 0.004221560
v 0.058970920 0.008596485 0.004230696
v 0.060040709 -0.013412986 0.004231781
v 0.055018645 -0.009503859 0.004233489
v 0.080448648 -0.028088706 0.004236119
v 0.074280847 -0.003244708 0.004236119
v 0.070664817 0.011320708 0.004236119
v 0.068347782 0.020653770 0.004236119
v 0.060971697 -0.014289305 0.004236222
v 0.050584716 0.007941361 0.004240280
v 0.059762540 0.013688083 0.004242116
v 0.061338056 -0.006120280 0.004249004
v 0.057844590 0.007727580 0.004260461
v 0.057830735 0.007692276 0.004265199
v 0.062491776 -0.006322629 0.004267411
v 0.053360114 -0.008546274 0.004276753
v 0.055626281 -0.010088761 0.004278028
v 0.058734875 0.008491411 0.004283352
v 0.061126296 -0.005931228 0.004283859
v 0.061100647 -0.005903892 0.004288063
v 0.058703779 0.008473959 0.004290501
v 0.058321675 0.012544895 0.004291247
v 0.068923581 -0.021259886 0.004294997
v 0.057750687 0.007419702 0.004297718
v 0.055488232 0.010614932 0.004298622
v 0.048797572 0.007349551 0.004298888
v 0.057177170 -0.011190199 0.004302393
v 0.048574382 0.007324219 0.004306015
v 0.053267669 -0.008829498 0.004307982
v 0.053883553 0.009721713 0.004310444
v 0.052234176 0.008924852 0.004312937
v 0.050530417 0.008230677 0.004315178
v 0.054911627 -0.009767288 0.004315521
v 0.060922668 -0.005676744 0.004317252
v 0.056827151 0.011488888 0.004317369
v 0.062234037 -0.006311029 0.004318917
v 0.048761824 0.007651409 0.004323319
v 0.057713497 0.007133502 0.004325122
v 0.062199493 -0.006306279 0.004325707
v 0.051546508 -0.008008254 0.004326831
v 0.057711950 0.007095278 0.004328312
v 0.048541435 0.007626462 0.004330472
v 0.060919193 -0.014367677 0.004338601
v 0.060784205 -0.005428633 0.004340268
v 0.058491201 0.008327468 0.004341084
v 0.046704644 0.007197868 0.004341807
v 0.060768605 -0.005393871 0.004342907
v -0.098408762 -0.009728334 0.004344539
v -0.100017922 -0.009620561 0.004344539
v -0.101586743 -0.009246643 0.004344539
v -0.095683062 -0.009179112 0.004344539
v -0.094307649 -0.008622560 0.004344539
v -0.103071516 -0.008617000 0.004344539
v -0.098569886 -0.008496058 0.004344539
v -0.100033567 -0.008368004 0.004344539
v -0.097106205 -0.008368004 0.004344539
v -0.101452766 -0.007987729 0.004344539
v -0.095687006 -0.007987729 0.004344539
v -0.092917387 -0.007775006 0.004344539
v -0.104430886 -0.007749170 0.004344539
v 0.049693000 -0.007619102 0.004344539
v 0.047639643 -0.007382995 0.004344539
v -0.102784370 -0.007366791 0.004344539
v -0.094355402 -0.007366791 0.004344539
v 0.045573508 -0.007327105 0.004344539
v 0.040472222 -0.006908415 0.004344539
v 0.041646023 -0.006787065 0.004344539
v -0.091691143 -0.006703784 0.004344539
v -0.105626977 -0.006667331 0.004344539
v -0.103987920 -0.006524054 0.004344539
v -0.093151841 -0.006524054 0.004344539
v 0.042781517 -0.006465834 0.004344539
v 0.043844928 -0.005954275 0.004344539
v -0.105026854 -0.005485126 0.004344539
v -0.092112918 -0.005485126 0.004344539
v -0.090664517 -0.005439977 0.004344539
v -0.106626468 -0.005401620 0.004344539
v 0.044804626 -0.005267607 0.004344539
v 0.045632069 -0.004426251 0.004344539
v -0.105869597 -0.004281573 0.004344539
v -0.091270181 -0.004281573 0.004344539
v -0.089867290 -0.004020259 0.004344539
v -0.107401515 -0.003987299 0.004344539
v 0.046302636 -0.003455236 0.004344539
v -0.106490535 -0.002949965 0.004344539
v -0.090649237 -0.002949965 0.004344539
v -0.089322593 -0.002485827 0.004344539
v -0.107930528 -0.002463767 0.004344539
v 0.046796393 -0.002383441 0.004344539
v -0.106870800 -0.001530762 0.004344539
v -0.090268967 -0.001530762 0.004344539
v 0.047098647 -0.001242749 0.004344539
v -0.089046237 -0.000881208 0.004344539
v -0.108198769 -0.000873468 0.004344539
v 0.047200406 -0.000067087 0.004344539
v 0.047200406 -0.000067087 0.004344539
v -0.106998866 -0.000067087 0.004344539
v -0.090140912 -0.000067087 0.004344539
v -0.090140912 -0.000067087 0.004344539
v -0.108198769 0.000739295 0.004344539
v -0.089046237 0.000747035 0.004344539
v 0.047098647 0.001108576 0.004344539
v -0.106870800 0.001396589 0.004344539
v -0.090268967 0.001396589 0.004344539
v 0.046796393 0.002249268 0.004344539
v -0.107930528 0.002329594 0.004344539
v -0.089322593 0.002351654 0.004344539
v -0.106490535 0.002815792 0.004344539
v -0.090649237 0.002815792 0.004344539
v 0.046302636 0.003321063 0.004344539
v -0.107401515 0.003853126 0.004344539
v -0.089867290 0.003886086 0.004344539
v -0.105869597 0.004147399 0.004344539
v -0.091270181 0.004147399 0.004344539
v 0.045632069 0.004292078 0.004344539
v 0.044804626 0.005133434 0.004344539
v -0.106626468 0.005267447 0.004344539
v -0.090664517 0.005305804 0.004344539
v -0.105026854 0.005350953 0.004344539
v -0.092112918 0.005350953 0.004344539
v 0.043844928 0.005820102 0.004344539
v 0.042781517 0.006331661 0.004344539
v -0.103987920 0.006389880 0.004344539
v -0.093151841 0.006389880 0.004344539
v -0.105626977 0.006533158 0.004344539
v -0.091691143 0.006569611 0.004344539
v 0.041646023 0.006652891 0.004344539
v 0.040472222 0.006774242 0.004344539
v 0.046016551 0.007189694 0.004344539
v 0.045573508 0.007192931 0.004344539
v -0.102784370 0.007232618 0.004344539
v -0.094355402 0.007232618 0.004344539
v -0.104430886 0.007614997 0.004344539
v -0.092917387 0.007640833 0.004344539
v -0.101452766 0.007853556 0.004344539
v -0.095687006 0.007853556 0.004344539
v -0.100033567 0.008233831 0.004344539
v -0.097106205 0.008233831 0.004344539
v -0.098569886 0.008361885 0.004344539
v -0.103071516 0.008482827 0.004344539
v -0.094307649 0.008488387 0.004344539
v -0.095683062 0.009044939 0.004344539
v -0.101586743 0.009112470 0.004344539
v -0.100017922 0.009486388 0.004344539
v -0.098408762 0.009594161 0.004344539
v -0.095669704 -0.009176926 0.004344540
v -0.095669704 0.009042753 0.004344540
v -0.095622051 -0.009169058 0.004344561
v -0.095622051 0.009034885 0.004344561
v -0.095431692 -0.009136394 0.004344949
v -0.095431692 0.009002221 0.004344949
v 0.057725203 0.006811699 0.004348681
v 0.058633122 -0.012374036 0.004352086
v -0.094673561 -0.008986932 0.004353048
v -0.094673561 0.008852759 0.004353048
v 0.051475791 -0.008301012 0.004355002
v -0.094475645 -0.008942811 0.004357488
v -0.094475645 0.008808638 0.004357488
v 0.060675293 -0.005125728 0.004359173
v 0.060653847 -0.005035492 0.004363150
v 0.057782519 0.006530260 0.004363150
v -0.094188168 0.008740778 0.004366198
v -0.094180169 0.008738828 0.004366483
v 0.046695319 0.007501608 0.004366966
v -0.092745645 -0.008009198 0.004367986
v -0.091482145 -0.006905429 0.004367986
v 0.040467380 -0.006618040 0.004367986
v 0.041591359 -0.006501841 0.004367986
v 0.042678657 -0.006194244 0.004367986
v 0.043696935 -0.005704399 0.004367986
v -0.090424329 -0.005603223 0.004367986
v 0.044615900 -0.005046875 0.004367986
v 0.045408221 -0.004241230 0.004367986
v -0.089602872 -0.004140369 0.004367986
v 0.046050330 -0.003311428 0.004367986
v -0.089041629 -0.002559316 0.004367986
v 0.046523127 -0.002285126 0.004367986
v 0.046812551 -0.001192849 0.004367986
v -0.088756876 -0.000905944 0.004367986
v 0.046909996 -0.000067087 0.004367986
v -0.088756876 0.000771771 0.004367986
v 0.046812551 0.001058676 0.004367986
v 0.046523127 0.002150953 0.004367986
v -0.089041629 0.002425143 0.004367986
v 0.046050330 0.003177255 0.004367986
v -0.089602872 0.004006196 0.004367986
v 0.045408221 0.004107057 0.004367986
v 0.044615900 0.004912702 0.004367986
v -0.090424329 0.005469050 0.004367986
v 0.043696935 0.005570226 0.004367986
v 0.042678657 0.006060071 0.004367986
v 0.041591359 0.006367668 0.004367986
v 0.040467380 0.006483867 0.004367986
v -0.091482145 0.006771256 0.004367986
v -0.092745645 0.007875025 0.004367986
v -0.098569886 -0.008199017 0.004369076
v -0.099981981 -0.008075475 0.004369076
v -0.097157792 -0.008075475 0.004369076
v -0.101351173 -0.007708601 0.004369076
v -0.095788610 -0.007708601 0.004369076
v -0.102635853 -0.007109545 0.004369076
v -0.094503919 -0.007109545 0.004369076
v -0.103796998 -0.006296507 0.004369076
v -0.093342774 -0.006296507 0.004369076
v -0.104799306 -0.005294191 0.004369076
v -0.092340461 -0.005294191 0.004369076
v -0.105612338 -0.004133052 0.004369076
v -0.091527429 -0.004133052 0.004369076
v -0.106211400 -0.002848370 0.004369076
v -0.090928372 -0.002848370 0.004369076
v -0.106578273 -0.001479181 0.004369076
v -0.090561499 -0.001479181 0.004369076
v -0.106701820 -0.000067087 0.004369076
v -0.090437952 -0.000067087 0.004369076
v -0.106578273 0.001345008 0.004369076
v -0.090561499 0.001345008 0.004369076
v -0.106211400 0.002714197 0.004369076
v -0.090928372 0.002714197 0.004369076
v -0.105612338 0.003998879 0.004369076
v -0.091527429 0.003998879 0.004369076
v -0.104799306 0.005160018 0.004369076
v -0.092340461 0.005160018 0.004369076
v -0.103796998 0.006162334 0.004369076
v -0.093342774 0.006162334 0.004369076
v -0.102635853 0.006975372 0.004369076
v -0.094503919 0.006975372 0.004369076
v -0.101351173 0.007574428 0.004369076
v -0.095788610 0.007574428 0.004369076
v -0.099981981 0.007941302 0.004369076
v -0.097157792 0.007941302 0.004369076
v -0.098569886 0.008064844 0.004369076
v -0.098403702 -0.010031819 0.004370167
v -0.100063410 -0.009920659 0.004370167
v -0.101681508 -0.009534997 0.004370167
v -0.103212918 -0.008885574 0.004370167
v -0.104614991 -0.007990484 0.004370167
v 0.049645181 -0.007918838 0.004370167
v 0.047618181 -0.007685762 0.004370167
v 0.045578568 -0.007630589 0.004370167
v -0.105848648 -0.006874662 0.004370167
v -0.106879539 -0.005569192 0.004370167
v -0.107678926 -0.004110443 0.004370167
v -0.108224568 -0.002539053 0.004370167
v -0.108501239 -0.000898799 0.004370167
v -0.108501239 0.000764626 0.004370167
v -0.108224568 0.002404880 0.004370167
v -0.107678926 0.003976270 0.004370167
v -0.106879539 0.005435019 0.004370167
v -0.105848648 0.006740489 0.004370167
v 0.046015927 0.007493220 0.004370167
v 0.045578568 0.007496416 0.004370167
v -0.104614991 0.007856311 0.004370167
v -0.103212918 0.008751401 0.004370167
v -0.101681508 0.009400824 0.004370167
v -0.100063410 0.009786486 0.004370167
v -0.098403702 0.009897646 0.004370167
v -0.094190964 -0.008866254 0.004374098
v -0.094186434 -0.008865034 0.004374362
v -0.094183031 -0.008864121 0.004374560
v 0.061943765 -0.006246638 0.004375247
v 0.060423713 -0.013972059 0.004385545
v 0.053179721 -0.009104480 0.004387886
v 0.058301809 0.008145564 0.004389650
v 0.058278712 0.008118895 0.004395902
v 0.062758266 -0.006191775 0.004397150
v 0.059101804 0.008536515 0.004397150
v 0.048728744 0.007945113 0.004398399
v 0.055520975 -0.010332121 0.004405546
v 0.048510952 0.007920502 0.004405604
v 0.061703963 -0.006148033 0.004420763
v 0.061673811 -0.006132341 0.004426439
v 0.059928343 -0.013576110 0.004430581
v 0.051408068 -0.008585343 0.004432921
v -0.093062081 0.008431907 0.004436369
v -0.092578357 -0.008237323 0.004437721
v -0.091278561 -0.007101849 0.004437721
v 0.040462662 -0.006335188 0.004437721
v 0.041538110 -0.006224007 0.004437721
v 0.042578464 -0.005929691 0.004437721
v -0.090190361 -0.005762240 0.004437721
v 0.043552774 -0.005460995 0.004437721
v 0.044432063 -0.004831862 0.004437721
v -0.089345309 -0.004257368 0.004437721
v 0.045190172 -0.004061002 0.004437721
v 0.045804553 -0.003171347 0.004437721
v -0.088767947 -0.002630902 0.004437721
v 0.046256938 -0.002189357 0.004437721
v 0.046533866 -0.001144241 0.004437721
v -0.088475006 -0.000930039 0.004437721
v 0.046627104 -0.000067087 0.004437721
v -0.088475006 0.000795866 0.004437721
v 0.046533866 0.001010068 0.004437721
v 0.046256938 0.002055184 0.004437721
v -0.088767947 0.002496729 0.004437721
v 0.045804553 0.003037174 0.004437721
v 0.045190172 0.003926829 0.004437721
v -0.089345309 0.004123195 0.004437721
v 0.044432063 0.004697689 0.004437721
v 0.043552774 0.005326822 0.004437721
v -0.090190361 0.005628066 0.004437721
v 0.042578464 0.005795518 0.004437721
v 0.041538110 0.006089833 0.004437721
v 0.040462662 0.006201015 0.004437721
v -0.091278561 0.006967676 0.004437721
v -0.092578357 0.008103150 0.004437721
v 0.050482068 0.008504174 0.004438160
v 0.058127151 0.007908144 0.004439763
v -0.093063131 -0.008562952 0.004439900
v -0.098569886 -0.007910027 0.004442023
v -0.099931797 -0.007790876 0.004442023
v -0.097207964 -0.007790876 0.004442023
v -0.101252331 -0.007437040 0.004442023
v -0.095887441 -0.007437040 0.004442023
v -0.102491358 -0.006859273 0.004442023
v -0.094648414 -0.006859273 0.004442023
v -0.103611224 -0.006075128 0.004442023
v -0.093528548 -0.006075128 0.004442023
v -0.104577922 -0.005108432 0.004442023
v -0.092561850 -0.005108432 0.004442023
v -0.105362073 -0.003988557 0.004442023
v -0.091777699 -0.003988557 0.004442023
v -0.105939833 -0.002749530 0.004442023
v -0.091199928 -0.002749530 0.004442023
v -0.106293669 -0.001428999 0.004442023
v -0.090846097 -0.001428999 0.004442023
v -0.106412830 -0.000067087 0.004442023
v -0.090726948 -0.000067087 0.004442023
v -0.106293669 0.001294826 0.004442023
v -0.090846097 0.001294826 0.004442023
v -0.105939833 0.002615357 0.004442023
v -0.091199928 0.002615357 0.004442023
v -0.105362073 0.003854384 0.004442023
v -0.091777699 0.003854384 0.004442023
v -0.104577922 0.004974259 0.004442023
v -0.092561850 0.004974259 0.004442023
v -0.103611224 0.005940955 0.004442023
v -0.093528548 0.005940955 0.004442023
v -0.102491358 0.006725100 0.004442023
v -0.094648414 0.006725100 0.004442023
v -0.101252331 0.007302867 0.004442023
v -0.095887441 0.007302867 0.004442023
v -0.099931797 0.007656703 0.004442023
v -0.097207964 0.007656703 0.004442023
v -0.098569886 0.007775854 0.004442023
v 0.054813287 -0.010015730 0.004442726
v 0.046686673 0.007796830 0.004442772
v -0.092972995 -0.008538715 0.004445159
v -0.092972995 0.008404542 0.004445159
v -0.098398785 -0.010326711 0.004446326
v -0.100107605 -0.010212261 0.004446326
v -0.101773588 -0.009815185 0.004446326
v -0.103350331 -0.009146544 0.004446326
v -0.104793881 -0.008224965 0.004446326
v 0.049598716 -0.008210088 0.004446326
v 0.047597332 -0.007979956 0.004446326
v 0.045583487 -0.007925480 0.004446326
v -0.106064054 -0.007076121 0.004446326
v -0.107125451 -0.005732019 0.004446326
v -0.107948504 -0.004230100 0.004446326
v -0.108510288 -0.002612207 0.004446326
v -0.108795147 -0.000923412 0.004446326
v -0.108795147 0.000789239 0.004446326
v -0.108510288 0.002478034 0.004446326
v -0.107948504 0.004095927 0.004446326
v -0.107125451 0.005597845 0.004446326
v -0.106064054 0.006941948 0.004446326
v 0.046015316 0.007788152 0.004446326
v 0.045583487 0.007791307 0.004446326
v -0.104793881 0.008090792 0.004446326
v -0.103350331 0.009012371 0.004446326
v -0.101773588 0.009681012 0.004446326
v -0.100107605 0.010078088 0.004446326
v -0.098398785 0.010192538 0.004446326
v 0.062761316 -0.006167079 0.004451438
v 0.059116051 0.008516115 0.004451438
v 0.061451538 -0.005989737 0.004468128
v 0.059042792 0.008492785 0.004468425
v 0.068130348 0.020504396 0.004470264
v 0.057069886 -0.011400666 0.004470324
v 0.060861342 -0.014457069 0.004476205
v 0.052177767 0.009169859 0.004479133
v 0.058008824 0.007671924 0.004480073
v 0.057996091 0.007639501 0.004485034
v 0.061257042 -0.005816134 0.004504711
v 0.062518835 -0.006196749 0.004505338
v -0.092468941 -0.008375761 0.004507054
v -0.092468941 0.008241587 0.004507054
v 0.061233480 -0.005791031 0.004509179
v 0.053826845 0.009932562 0.004513037
v 0.053098662 -0.009363691 0.004514278
v 0.059771180 0.013754371 0.004516540
v 0.057922572 0.007389185 0.004519499
v 0.058822232 0.008395429 0.004521417
v 0.048699283 0.008222330 0.004521999
v 0.058793157 0.008379240 0.004528639
v 0.048483794 0.008197993 0.004529279
v 0.055438585 0.010788898 0.004529320
v 0.086323945 -0.028789521 0.004532375
v 0.073089512 0.024518989 0.004532375
v 0.061070064 -0.005582426 0.004540686
v -0.092239547 0.008162856 0.004543227
v -0.092234238 -0.008295175 0.004544132
v 0.057888459 0.007126364 0.004549374
v -0.091085673 -0.007287957 0.004551938
v 0.040458192 -0.006067186 0.004551938
v 0.041487661 -0.005960758 0.004551938
v -0.089968673 -0.005912908 0.004551938
v 0.042483530 -0.005679026 0.004551938
v 0.043416182 -0.005230371 0.004551938
v 0.044257874 -0.004628136 0.004551938
v -0.089101270 -0.004368224 0.004551938
v 0.044983572 -0.003890237 0.004551938
v 0.045571685 -0.003038620 0.004551938
v -0.088508627 -0.002698729 0.004551938
v 0.046004726 -0.002098616 0.004551938
v 0.046269815 -0.001098186 0.004551938
v -0.088207942 -0.000952869 0.004551938
v 0.046359062 -0.000067087 0.004551938
v -0.088207942 0.000818695 0.004551938
v 0.046269815 0.000964013 0.004551938
v 0.046004726 0.001964443 0.004551938
v -0.088508627 0.002564556 0.004551938
v 0.045571685 0.002904447 0.004551938
v 0.044983572 0.003756064 0.004551938
v -0.089101270 0.004234051 0.004551938
v 0.044257874 0.004493963 0.004551938
v 0.043416182 0.005096198 0.004551938
v 0.042483530 0.005544853 0.004551938
v -0.089968673 0.005778735 0.004551938
v 0.041487661 0.005826585 0.004551938
v 0.040458192 0.005933013 0.004551938
v -0.091085673 0.007153784 0.004551938
v 0.057887051 0.007091262 0.004552926
v 0.058531015 -0.012548587 0.004553163
v 0.062278226 -0.006186761 0.004557412
v 0.051345228 -0.008853307 0.004558415
v 0.058306405 0.012644951 0.004559522
v -0.098569886 -0.007636925 0.004561401
v -0.099884376 -0.007521922 0.004561401
v -0.097255396 -0.007521922 0.004561401
v -0.101158925 -0.007180408 0.004561401
v -0.095980847 -0.007180408 0.004561401
v -0.102354796 -0.006622759 0.004561401
v -0.094784966 -0.006622759 0.004561401
v -0.103435693 -0.005865920 0.004561401
v -0.093704090 -0.005865920 0.004561401
v -0.104368726 -0.004932885 0.004561401
v -0.092771047 -0.004932885 0.004561401
v -0.105125564 -0.003852006 0.004561401
v -0.092014214 -0.003852006 0.004561401
v -0.105683216 -0.002656124 0.004561401
v -0.091456562 -0.002656124 0.004561401
v -0.106024721 -0.001381575 0.004561401
v -0.091115046 -0.001381575 0.004561401
v -0.106139727 -0.000067087 0.004561401
v -0.091000045 -0.000067087 0.004561401
v -0.106024721 0.001247402 0.004561401
v -0.091115046 0.001247402 0.004561401
v -0.105683216 0.002521951 0.004561401
v -0.091456562 0.002521951 0.004561401
v -0.105125564 0.003717833 0.004561401
v -0.092014214 0.003717833 0.004561401
v -0.104368726 0.004798712 0.004561401
v -0.092771047 0.004798712 0.004561401
v -0.103435693 0.005731747 0.004561401
v -0.093704090 0.005731747 0.004561401
v -0.102354796 0.006488586 0.004561401
v -0.094784966 0.006488586 0.004561401
v -0.101158925 0.007046235 0.004561401
v -0.095980847 0.007046235 0.004561401
v -0.099884376 0.007387749 0.004561401
v -0.097255396 0.007387749 0.004561401
v -0.098569886 0.007502752 0.004561401
v 0.060830975 -0.014505813 0.004563417
v 0.062245964 -0.006182447 0.004564303
v 0.060942992 -0.005354538 0.004566455
v 0.046678933 0.008075158 0.004567073
v 0.060928679 -0.005322607 0.004569496
v -0.098394145 -0.010604659 0.004570859
v -0.100149258 -0.010487109 0.004570859
v -0.101860376 -0.010079276 0.004570859
v -0.103479844 -0.009392520 0.004570859
v 0.049554924 -0.008484603 0.004570859
v -0.104962507 -0.008445975 0.004570859
v 0.047577671 -0.008257247 0.004570859
v 0.045588122 -0.008203429 0.004570859
v -0.106267086 -0.007266007 0.004570859
v -0.107357231 -0.005885490 0.004570859
v -0.108202581 -0.004342882 0.004570859
v -0.108779590 -0.002681159 0.004570859
v -0.109072160 -0.000946611 0.004570859
v -0.109072160 0.000812438 0.004570859
v -0.108779590 0.002546986 0.004570859
v -0.108202581 0.004208709 0.004570859
v -0.107357231 0.005751317 0.004570859
v -0.106267086 0.007131834 0.004570859
v 0.046014744 0.008066138 0.004570859
v 0.045588122 0.008069256 0.004570859
v -0.104962507 0.008311802 0.004570859
v -0.103479844 0.009258347 0.004570859
v -0.101860376 0.009945103 0.004570859
v -0.100149258 0.010352936 0.004570859
v -0.098394145 0.010470486 0.004570859
v 0.056792276 0.011625679 0.004571201
v 0.055427796 -0.010554440 0.004574264
v 0.057899353 0.006830844 0.004576245
v 0.058594208 0.008243221 0.004579939
v 0.060843145 -0.005076274 0.004588998
v 0.060823522 -0.004993369 0.004594113
v 0.057952194 0.006572383 0.004594113
v 0.050441033 0.008754151 0.004605762
v 0.060334544 -0.014110343 0.004611404
v 0.054726240 -0.010242545 0.004611706
v 0.062006969 -0.006127708 0.004614817
v 0.058416666 0.008074089 0.004629587
v 0.058394994 0.008049275 0.004636013
v -0.091708302 -0.008103720 0.004651798
v -0.091708302 0.007969547 0.004651798
v 0.059838218 -0.013714542 0.004657457
v 0.061782630 -0.006036582 0.004661652
v 0.061754406 -0.006022050 0.004667528
v 0.056979226 -0.011586214 0.004673697
v 0.062778767 -0.006086055 0.004675301
v 0.059169361 0.008452658 0.004675301
v 0.058252581 0.007853066 0.004681357
v 0.053026713 -0.009600032 0.004683695
v 0.052132903 0.009385778 0.004684552
v 0.048674274 0.008475190 0.004690609
v 0.048460746 0.008451057 0.004697983
v -0.091515573 -0.008029798 0.004701751
v -0.091515573 0.007895625 0.004701751
v -0.091513640 -0.008029044 0.004702287
v 0.062781524 -0.006077971 0.004703913
v 0.059175582 0.008446803 0.004703913
v -0.090908462 -0.007458932 0.004707676
v -0.089765018 -0.006051324 0.004707676
v 0.040454085 -0.005820976 0.004707676
v 0.041441309 -0.005718915 0.004707676
v 0.042396317 -0.005448745 0.004707676
v 0.043290698 -0.005018499 0.004707676
v -0.088877069 -0.004470066 0.004707676
v 0.044097850 -0.004440977 0.004707676
v 0.044793771 -0.003733357 0.004707676
v 0.045357751 -0.002916685 0.004707676
v -0.088270400 -0.002761041 0.004707676
v 0.045773020 -0.002015254 0.004707676
v 0.046027232 -0.001055876 0.004707676
v -0.087962593 -0.000973842 0.004707676
v 0.046112818 -0.000067087 0.004707676
v -0.087962593 0.000839669 0.004707676
v 0.046027232 0.000921703 0.004707676
v 0.045773020 0.001881081 0.004707676
v -0.088270400 0.002626868 0.004707676
v 0.045357751 0.002782512 0.004707676
v 0.044793771 0.003599184 0.004707676
v 0.044097850 0.004306804 0.004707676
v -0.088877069 0.004335893 0.004707676
v 0.043290698 0.004884326 0.004707676
v 0.042396317 0.005314571 0.004707676
v 0.041441309 0.005584742 0.004707676
v 0.040454085 0.005686803 0.004707676
v -0.089765018 0.005917151 0.004707676
v -0.090908462 0.007324759 0.004707676
v 0.061546198 -0.005889784 0.004710993
v 0.059105687 0.008425061 0.004721195
v 0.058141067 0.007632919 0.004723567
v -0.098569886 -0.007387114 0.004723975
v -0.099840999 -0.007275907 0.004723975
v -0.097298773 -0.007275907 0.004723975
v -0.101073485 -0.006945662 0.004723975
v -0.096066287 -0.006945662 0.004723975
v -0.102229901 -0.006406416 0.004723975
v -0.094909871 -0.006406416 0.004723975
v -0.103275100 -0.005674553 0.004723975
v -0.093864661 -0.005674553 0.004723975
v -0.104177362 -0.004772310 0.004723975
v -0.092962422 -0.004772310 0.004723975
v -0.104909219 -0.003727100 0.004723975
v -0.092230559 -0.003727100 0.004723975
v -0.105448452 -0.002570684 0.004723975
v -0.091691304 -0.002570684 0.004723975
v -0.105778710 -0.001338196 0.004723975
v -0.091361062 -0.001338196 0.004723975
v -0.105889915 -0.000067087 0.004723975
v -0.091249862 -0.000067087 0.004723975
v -0.105778710 0.001204023 0.004723975
v -0.091361062 0.001204023 0.004723975
v -0.105448452 0.002436510 0.004723975
v -0.091691304 0.002436510 0.004723975
v -0.104909219 0.003592927 0.004723975
v -0.092230559 0.003592927 0.004723975
v -0.104177362 0.004638137 0.004723975
v -0.092962422 0.004638137 0.004723975
v -0.103275100 0.005540380 0.004723975
v -0.093864661 0.005540380 0.004723975
v -0.102229901 0.006272243 0.004723975
v -0.094909871 0.006272243 0.004723975
v -0.101073485 0.006811489 0.004723975
v -0.096066287 0.006811489 0.004723975
v -0.099840999 0.007141734 0.004723975
v -0.097298773 0.007141734 0.004723975
v -0.098569886 0.007252941 0.004723975
v 0.079937765 -0.027994534 0.004724646
v 0.073811348 -0.003317228 0.004724646
v 0.070215918 0.011165225 0.004724646
v 0.067930377 0.020371409 0.004724646
v 0.051289029 -0.009097422 0.004727978
v 0.058129035 0.007602684 0.004728808
v 0.046672337 0.008328696 0.004736344
v -0.098389924 -0.010857794 0.004740239
v -0.100187211 -0.010737421 0.004740239
v -0.101939429 -0.010319791 0.004740239
v -0.103597778 -0.009616538 0.004740239
v 0.049515033 -0.008734612 0.004740239
v -0.105116062 -0.008647253 0.004740239
v 0.047559772 -0.008509784 0.004740239
v 0.045592346 -0.008456565 0.004740239
v -0.106451997 -0.007438940 0.004740239
v -0.107568328 -0.006025261 0.004740239
v -0.108433975 -0.004445596 0.004740239
v -0.109024850 -0.002743954 0.004740239
v -0.109324447 -0.000967739 0.004740239
v -0.109324447 0.000833566 0.004740239
v -0.109024850 0.002609781 0.004740239
v -0.108433975 0.004311423 0.004740239
v -0.107568328 0.005891087 0.004740239
v -0.106451997 0.007304767 0.004740239
v 0.046014220 0.008319309 0.004740239
v 0.045592346 0.008322392 0.004740239
v -0.105116062 0.008513080 0.004740239
v -0.103597778 0.009482365 0.004740239
v -0.101939429 0.010185618 0.004740239
v -0.100187211 0.010603248 0.004740239
v -0.098389924 0.010723621 0.004740239
v 0.060780510 -0.014591546 0.004746943
v 0.053785938 0.010110526 0.004748353
v 0.061363772 -0.005728426 0.004749723
v 0.061341658 -0.005705071 0.004754503
v 0.062550754 -0.006107857 0.004758846
v 0.058059295 0.007369126 0.004765598
v 0.058894855 0.008333835 0.004775289
v 0.055349206 -0.010749845 0.004779725
v 0.058867018 0.008318617 0.004782683
v 0.058449741 -0.012695991 0.004783359
v 0.055408593 0.010928044 0.004785620
v 0.061188075 -0.005510801 0.004788649
v 0.058026348 0.007123624 0.004798235
v 0.058024884 0.007090813 0.004802182
v 0.060766820 -0.014616485 0.004810484
v 0.062321283 -0.006100132 0.004812199
v 0.050408472 0.008973570 0.004813265
v 0.062819620 0.016251360 0.004814120
v 0.061068373 -0.005298234 0.004817397
v 0.054652827 -0.010441672 0.004817944
v 0.062290474 -0.006096271 0.004819283
v 0.062553285 0.016036802 0.004820101
v 0.062900126 0.016317093 0.004820101
v 0.061054866 -0.005268423 0.004820865
v 0.058035391 0.006847211 0.004828638
v 0.062449686 0.015954547 0.004833128
v 0.058676212 0.008190431 0.004835375
v 0.058316880 0.012709227 0.004838762
v 0.056780321 0.011726292 0.004843403
v 0.060973929 -0.005038224 0.004843729
v 0.060955267 -0.004960661 0.004850004
v 0.058083939 0.006605092 0.004850004
v 0.060269616 -0.014220883 0.004859699
v 0.063179438 0.016548411 0.004869924
v 0.062061969 -0.006045989 0.004871390
v 0.058505354 0.008030484 0.004886695
v 0.062209940 0.015766868 0.004887090
v 0.052965856 -0.009807032 0.004891500
v 0.058484450 0.008006980 0.004893365
v -0.090941708 0.007663527 0.004897268
v -0.090941039 -0.007797417 0.004897549
v -0.090941039 0.007663244 0.004897549
v 0.048654425 0.008696520 0.004899447
v -0.090751526 -0.007610345 0.004900902
v -0.089584658 -0.006173905 0.004900902
v 0.040450450 -0.005602938 0.004900902
v 0.041400263 -0.005504744 0.004900902
v 0.042319081 -0.005244811 0.004900902
v 0.043179570 -0.004830869 0.004900902
v -0.088678529 -0.004560255 0.004900902
v 0.043956139 -0.004275232 0.004900902
v 0.044625684 -0.003594426 0.004900902
v -0.088059430 -0.002816223 0.004900902
v 0.045168295 -0.002808702 0.004900902
v 0.045567831 -0.001941430 0.004900902
v 0.045812403 -0.001018406 0.004900902
v -0.087745315 -0.000992416 0.004900902
v 0.045894747 -0.000067087 0.004900902
v -0.087745315 0.000858243 0.004900902
v 0.045812403 0.000884233 0.004900902
v 0.045567831 0.001807257 0.004900902
v 0.045168295 0.002674529 0.004900902
v -0.088059430 0.002682050 0.004900902
v 0.044625684 0.003460253 0.004900902
v 0.043956139 0.004141059 0.004900902
v -0.088678529 0.004426082 0.004900902
v 0.043179570 0.004696696 0.004900902
v 0.042319081 0.005110638 0.004900902
v 0.041400263 0.005370571 0.004900902
v 0.040450450 0.005468764 0.004900902
v -0.089584658 0.006039732 0.004900902
v -0.090751526 0.007476172 0.004900902
v 0.048442444 0.008672507 0.004906930
v 0.059772517 -0.013824953 0.004906954
v 0.056907520 -0.011742086 0.004907298
v 0.061846983 -0.005960918 0.004920053
v 0.052100818 0.009566623 0.004923500
v -0.098569886 -0.007167366 0.004925337
v -0.099802836 -0.007059497 0.004925337
v -0.097336936 -0.007059497 0.004925337
v -0.100998320 -0.006739167 0.004925337
v -0.096141452 -0.006739167 0.004925337
v -0.102120021 -0.006216109 0.004925337
v -0.095019751 -0.006216109 0.004925337
v -0.103133853 -0.005506216 0.004925337
v -0.094005919 -0.005506216 0.004925337
v -0.104009012 -0.004631058 0.004925337
v -0.093130760 -0.004631058 0.004925337
v -0.104718904 -0.003617226 0.004925337
v -0.092420868 -0.003617226 0.004925337
v -0.105241962 -0.002495525 0.004925337
v -0.091897810 -0.002495525 0.004925337
v -0.105562298 -0.001300037 0.004925337
v -0.091577474 -0.001300037 0.004925337
v -0.105670167 -0.000067087 0.004925337
v -0.091469605 -0.000067087 0.004925337
v -0.105562298 0.001165864 0.004925337
v -0.091577474 0.001165864 0.004925337
v -0.105241962 0.002361352 0.004925337
v -0.091897810 0.002361352 0.004925337
v -0.104718904 0.003483053 0.004925337
v -0.092420868 0.003483053 0.004925337
v -0.104009012 0.004496885 0.004925337
v -0.093130760 0.004496885 0.004925337
v -0.103133853 0.005372043 0.004925337
v -0.094005919 0.005372043 0.004925337
v -0.102120021 0.006081936 0.004925337
v -0.095019751 0.006081936 0.004925337
v -0.100998320 0.006604994 0.004925337
v -0.096141452 0.006604994 0.004925337
v -0.099802836 0.006925324 0.004925337
v -0.097336936 0.006925324 0.004925337
v -0.098569886 0.007033193 0.004925337
v 0.061819897 -0.005947288 0.004926188
v -0.090870841 -0.007767791 0.004927707
v -0.090870841 0.007633618 0.004927707
v 0.062078482 0.015665645 0.004931632
v 0.051241038 -0.009310869 0.004936876
v 0.058346717 0.007820847 0.004940656
v 0.063404849 0.016739095 0.004945706
v 0.046667067 0.008550250 0.004945782
v -0.098386234 -0.011078949 0.004949672
v -0.100220357 -0.010956109 0.004949672
v -0.102008495 -0.010529919 0.004949672
v -0.103700830 -0.009812253 0.004949672
v 0.049480191 -0.008953036 0.004949672
v -0.105250227 -0.008823104 0.004949672
v 0.047544138 -0.008730417 0.004949672
v 0.045596030 -0.008677719 0.004949672
v -0.106613530 -0.007590026 0.004949672
v -0.107752743 -0.006147373 0.004949672
v -0.108636144 -0.004535334 0.004949672
v -0.109239118 -0.002798817 0.004949672
v -0.109544858 -0.000986198 0.004949672
v -0.109544858 0.000852025 0.004949672
v -0.109239118 0.002664643 0.004949672
v -0.108636144 0.004401161 0.004949672
v -0.107752743 0.006013200 0.004949672
v -0.106613530 0.007455853 0.004949672
v 0.046013767 0.008540494 0.004949672
v 0.045596030 0.008543546 0.004949672
v -0.105250227 0.008688931 0.004949672
v -0.103700830 0.009678080 0.004949672
v -0.102008495 0.010395746 0.004949672
v -0.100220357 0.010821936 0.004949672
v -0.098386234 0.010944776 0.004949672
v 0.062811957 -0.006026227 0.004965616
v 0.059226688 0.008415303 0.004965616
v 0.061619794 -0.005822796 0.004971824
v 0.059158213 0.008394810 0.004983417
v 0.058238163 0.007611497 0.004985126
v 0.063501437 0.016822037 0.004989124
v 0.058226385 0.007582707 0.004990686
v 0.079719675 -0.027956077 0.004995685
v 0.067749327 0.020255780 0.004997406
v 0.053761940 0.010250784 0.005010018
v 0.061443920 -0.005670221 0.005012979
v 0.055287284 -0.010913174 0.005016501
v 0.061422552 -0.005648090 0.005018101
v 0.061880174 0.015515454 0.005021069
v 0.062586834 -0.006057939 0.005022272
v -0.090670417 -0.007681726 0.005023980
v -0.090670417 0.007547553 0.005023980
v 0.062566946 -0.006058963 0.005027210
v 0.058994791 0.008329635 0.005027216
v 0.058157546 0.007360010 0.005030032
v 0.058391298 -0.012812590 0.005036959
v 0.058951116 0.008308009 0.005039272
v 0.060731625 -0.014688720 0.005040343
v 0.058923698 0.008293450 0.005046923
v 0.050385297 0.009156252 0.005054827
v 0.061273819 -0.005463634 0.005055045
v 0.054594992 -0.010607789 0.005055929
v 0.055399053 0.011028720 0.005060799
v 0.058123748 0.007125353 0.005065558
v 0.086762861 -0.028821529 0.005068629
v 0.088557446 -0.028666786 0.005068629
v 0.091955998 -0.027947356 0.005068629
v 0.093767731 -0.027318877 0.005068629
v 0.089370313 -0.009605983 0.005068629
v 0.089117490 -0.008587609 0.005068629
v 0.087183934 -0.006806048 0.005068629
v 0.087624469 -0.006740092 0.005068629
v 0.087614315 -0.006699200 0.005068629
v 0.073435989 0.024859310 0.005068629
v 0.078338992 0.028821529 0.005068629
v 0.058122046 0.007093944 0.005069909
v 0.061786011 0.015445307 0.005073963
v 0.060728244 -0.014697077 0.005073967
v 0.062362230 -0.006053107 0.005077505
v 0.062332017 -0.006049708 0.005084854
v 0.061157222 -0.005261128 0.005086826
v 0.062319178 -0.006048064 0.005087972
v 0.058780888 0.008204116 0.005087979
v 0.061144007 -0.005232675 0.005090720
v 0.058129907 0.006860386 0.005099508
v 0.058735345 0.008170302 0.005101566
v 0.061723552 0.015399240 0.005113179
v 0.061064313 -0.005012545 0.005116881
v -0.090495637 -0.007604880 0.005123154
v -0.090495637 0.007470707 0.005123154
v -0.090495333 -0.007604746 0.005123340
v 0.061045718 -0.004938206 0.005124272
v 0.058174390 0.006627546 0.005124272
v 0.060230471 -0.014301045 0.005124515
v -0.089432274 -0.006277471 0.005126610
v 0.040447379 -0.005418718 0.005126610
v 0.041365584 -0.005323792 0.005126610
v 0.042253824 -0.005072509 0.005126610
v 0.043085678 -0.004672342 0.005126610
v -0.088510782 -0.004636456 0.005126610
v 0.043836404 -0.004135195 0.005126610
v 0.044483669 -0.003477045 0.005126610
v -0.087881175 -0.002862846 0.005126610
v 0.045008224 -0.002717467 0.005126610
v 0.045394463 -0.001879056 0.005126610
v -0.087561745 -0.001008109 0.005126610
v 0.045630903 -0.000986749 0.005126610
v 0.045710504 -0.000067087 0.005126610
v 0.045630903 0.000852576 0.005126610
v -0.087561745 0.000873936 0.005126610
v 0.045394463 0.001744883 0.005126610
v 0.045008224 0.002583294 0.005126610
v -0.087881175 0.002728673 0.005126610
v 0.044483669 0.003342872 0.005126610
v 0.043836404 0.004001022 0.005126610
v -0.088510782 0.004502283 0.005126610
v 0.043085678 0.004538169 0.005126610
v 0.042253824 0.004938336 0.005126610
v 0.041365584 0.005189619 0.005126610
v 0.040447379 0.005284545 0.005126610
v -0.089432274 0.006143298 0.005126610
v 0.056791591 0.011788132 0.005126965
v 0.052917750 -0.009979022 0.005132000
v 0.062107501 -0.006003365 0.005139051
v 0.048640305 0.008880038 0.005142583
v 0.062076106 -0.005993808 0.005146589
v 0.058591435 0.008042489 0.005146590
v 0.048429417 0.008856059 0.005150185
v 0.058565819 0.008015763 0.005155022
v 0.063779357 0.017065616 0.005157929
v -0.098569886 -0.006983638 0.005160029
v -0.099770928 -0.006878560 0.005160029
v -0.097368844 -0.006878560 0.005160029
v -0.100935486 -0.006566519 0.005160029
v -0.096204286 -0.006566519 0.005160029
v -0.102028162 -0.006056996 0.005160029
v -0.095111610 -0.006056996 0.005160029
v -0.103015764 -0.005365472 0.005160029
v -0.094124008 -0.005365472 0.005160029
v -0.103868273 -0.004512960 0.005160029
v -0.093271499 -0.004512960 0.005160029
v -0.104559802 -0.003525362 0.005160029
v -0.092579970 -0.003525362 0.005160029
v -0.105069315 -0.002432686 0.005160029
v -0.092070457 -0.002432686 0.005160029
v -0.105381353 -0.001268133 0.005160029
v -0.091758408 -0.001268133 0.005160029
v -0.105486438 -0.000067087 0.005160029
v -0.091653335 -0.000067087 0.005160029
v -0.105381353 0.001133960 0.005160029
v -0.091758408 0.001133960 0.005160029
v -0.105069315 0.002298513 0.005160029
v -0.092070457 0.002298513 0.005160029
v -0.104559802 0.003391189 0.005160029
v -0.092579970 0.003391189 0.005160029
v -0.103868273 0.004378787 0.005160029
v -0.093271499 0.004378787 0.005160029
v -0.103015764 0.005231299 0.005160029
v -0.094124008 0.005231299 0.005160029
v -0.102028162 0.005922823 0.005160029
v -0.095111610 0.005922823 0.005160029
v -0.100935486 0.006432346 0.005160029
v -0.096204286 0.006432346 0.005160029
v -0.099770928 0.006744387 0.005160029
v -0.097368844 0.006744387 0.005160029
v -0.098569886 0.006849465 0.005160029
v 0.058545003 0.007992993 0.005161989
v 0.056856607 -0.011864286 0.005165140
v -0.090427975 -0.007574687 0.005166371
v -0.090427975 0.007440514 0.005166371
v 0.059732797 -0.013904689 0.005173078
v 0.051202594 -0.009487692 0.005179277
v 0.052082400 0.009707384 0.005189355
v 0.046663266 0.008733532 0.005189443
v 0.061895515 -0.005922810 0.005189923
v -0.098383196 -0.011261862 0.005193227
v -0.100247769 -0.011136981 0.005193227
v -0.102065606 -0.010703712 0.005193227
v -0.103786060 -0.009974126 0.005193227
v 0.049451370 -0.009133689 0.005193227
v -0.105361200 -0.008968546 0.005193227
v 0.047531200 -0.008912897 0.005193227
v 0.045599085 -0.008860632 0.005193227
v -0.106747131 -0.007714986 0.005193227
v -0.107905282 -0.006248370 0.005193227
v -0.108803356 -0.004609553 0.005193227
v -0.109416329 -0.002844192 0.005193227
v -0.109727163 -0.001001465 0.005193227
v -0.109727163 0.000867292 0.005193227
v -0.109416329 0.002710019 0.005193227
v -0.108803356 0.004475380 0.005193227
v -0.107905282 0.006114197 0.005193227
v -0.106747131 0.007580813 0.005193227
v 0.046013391 0.008723432 0.005193227
v 0.045599085 0.008726459 0.005193227
v -0.105361200 0.008834373 0.005193227
v -0.103786060 0.009839953 0.005193227
v -0.102065606 0.010569539 0.005193227
v -0.100247769 0.011002808 0.005193227
v -0.098383196 0.011127689 0.005193227
v 0.061868749 -0.005909807 0.005196358
v 0.061845121 -0.005897753 0.005202046
v 0.058432190 0.007849550 0.005202048
v 0.058407336 0.007812244 0.005211555
v 0.061670557 -0.005790367 0.005244416
v 0.061538746 0.015265426 0.005251251
v 0.058308063 0.007631063 0.005253605
v 0.061633207 -0.005762684 0.005253605
v 0.058297787 0.007608169 0.005258498
v 0.058285805 0.007580046 0.005264396
v 0.055243658 -0.011040111 0.005278336
v 0.067588618 0.020158408 0.005286369
v 0.079525615 -0.027924427 0.005286552
v 0.073427675 -0.003361828 0.005286552
v 0.069855929 0.011025201 0.005286552
v 0.061495545 -0.005642923 0.005288125
v 0.053755498 0.010349541 0.005290951
v 0.061474215 -0.005621467 0.005293596
v 0.061446820 -0.005592572 0.005300687
v 0.058222877 0.007393527 0.005300687
v 0.058214927 0.007362062 0.005306373
v 0.058357147 -0.012895492 0.005307671
v 0.054554300 -0.010736457 0.005319300
v 0.050372161 0.009297055 0.005323647
v 0.061325174 -0.005442080 0.005333329
v 0.061291624 -0.005392438 0.005342791
v 0.058179295 0.007144037 0.005342793
v 0.058178257 0.007131505 0.005344739
v 0.079489529 -0.027918978 0.005347641
v 0.078285278 -0.027510307 0.005347641
v 0.093773664 -0.027342786 0.005347641
v 0.076953519 -0.026962776 0.005347641
v 0.095205281 -0.026712757 0.005347641
v 0.075134914 -0.026037110 0.005347641
v 0.074515417 -0.025670074 0.005347641
v 0.097921414 -0.025200591 0.005347641
v 0.098880974 -0.024563245 0.005347641
v 0.072262437 -0.024076493 0.005347641
v 0.100447431 -0.023388599 0.005347641
v 0.102176502 -0.021866817 0.005347641
v 0.102750362 -0.021300412 0.005347641
v 0.104800212 -0.018963269 0.005347641
v 0.106570197 -0.016407651 0.005347641
v 0.107315699 -0.015108885 0.005347641
v 0.060716145 -0.014745684 0.005347641
v 0.108037259 -0.013666890 0.005347641
v 0.109182272 -0.010776731 0.005347641
v 0.109959551 -0.007920062 0.005347641
v 0.055410206 0.011088288 0.005347641
v 0.057634466 0.012315253 0.005347641
v 0.059725472 0.013810925 0.005347641
v 0.063995376 0.017261525 0.005347641
v 0.067558179 0.020140704 0.005347641
v 0.061433379 0.015191119 0.005347641
v 0.058176124 0.007100576 0.005349479
v 0.061207322 -0.005244147 0.005368012
v 0.061193865 -0.005216261 0.005372304
v -0.090156828 -0.007451169 0.005378953
v -0.089311821 -0.006359342 0.005378953
v -0.089127605 -0.006079375 0.005378953
v 0.040444951 -0.005273090 0.005378953
v 0.041338169 -0.005180747 0.005378953
v 0.042202241 -0.004936302 0.005378953
v -0.088378175 -0.004696693 0.005378953
v 0.043011458 -0.004547024 0.005378953
v -0.088281504 -0.004477693 0.005378953
v 0.043741752 -0.004024494 0.005378953
v 0.044371408 -0.003384253 0.005378953
v -0.087740271 -0.002899702 0.005378953
v -0.087704815 -0.002760513 0.005378953
v 0.044881686 -0.002645345 0.005378953
v 0.045257414 -0.001829749 0.005378953
v -0.087412648 -0.000972801 0.005378953
v 0.045487419 -0.000961723 0.005378953
v 0.045564854 -0.000067087 0.005378953
v 0.045564854 -0.000067087 0.005378953
v 0.045487419 0.000827550 0.005378953
v -0.087412648 0.000838628 0.005378953
v 0.045257414 0.001695576 0.005378953
v 0.044881686 0.002511172 0.005378953
v -0.087704815 0.002626340 0.005378953
v -0.087740271 0.002765529 0.005378953
v 0.044371408 0.003250080 0.005378953
v 0.043741752 0.003890321 0.005378953
v -0.088281504 0.004343520 0.005378953
v 0.043011458 0.004412851 0.005378953
v -0.088378175 0.004562520 0.005378953
v 0.042202241 0.004802129 0.005378953
v 0.041338169 0.005046574 0.005378953
v 0.040444951 0.005138917 0.005378953
v -0.089127605 0.005945202 0.005378953
v -0.089311821 0.006225169 0.005378953
v -0.090156828 0.007316996 0.005378953
v 0.061172331 -0.005168223 0.005379397
v 0.058178726 0.006890055 0.005379399
v 0.058180522 0.006870038 0.005382037
v 0.064042024 0.017304706 0.005398013
v 0.061384251 0.015156911 0.005398019
v 0.052883709 -0.010111292 0.005398611
v 0.060218052 -0.014348917 0.005399542
v 0.061111994 -0.004999893 0.005401497
v 0.061092548 -0.004926580 0.005409892
v 0.058221214 0.006639172 0.005409892
v 0.048632300 0.009020536 0.005413120
v 0.048422031 0.008996499 0.005420843
v -0.098569886 -0.006840912 0.005421687
v -0.099746145 -0.006738002 0.005421687
v -0.097393627 -0.006738002 0.005421687
v -0.100886673 -0.006432400 0.005421687
v -0.096253110 -0.006432400 0.005421687
v -0.101956798 -0.005933391 0.005421687
v -0.095182974 -0.005933391 0.005421687
v -0.102924015 -0.005256137 0.005421687
v -0.094215757 -0.005256137 0.005421687
v -0.103758935 -0.004421217 0.005421687
v -0.093380837 -0.004421217 0.005421687
v -0.104436189 -0.003453999 0.005421687
v -0.092703583 -0.003453999 0.005421687
v -0.104935194 -0.002383871 0.005421687
v -0.092204578 -0.002383871 0.005421687
v -0.105240802 -0.001243349 0.005421687
v -0.091898964 -0.001243349 0.005421687
v -0.105343710 -0.000067087 0.005421687
v -0.091796062 -0.000067087 0.005421687
v -0.105240802 0.001109176 0.005421687
v -0.091898964 0.001109176 0.005421687
v -0.104935194 0.002249698 0.005421687
v -0.092204578 0.002249698 0.005421687
v -0.104436189 0.003319826 0.005421687
v -0.092703583 0.003319826 0.005421687
v -0.103758935 0.004287044 0.005421687
v -0.093380837 0.004287044 0.005421687
v -0.102924015 0.005121964 0.005421687
v -0.094215757 0.005121964 0.005421687
v -0.101956798 0.005799218 0.005421687
v -0.095182974 0.005799218 0.005421687
v -0.100886673 0.006298227 0.005421687
v -0.096253110 0.006298227 0.005421687
v -0.099746145 0.006603829 0.005421687
v -0.097393627 0.006603829 0.005421687
v -0.098569886 0.006706739 0.005421687
v 0.070072042 -0.011506057 0.005430674
v 0.068359300 -0.004607116 0.005430674
v 0.064793636 0.009755439 0.005430674
v 0.063409407 0.015331980 0.005433094
v 0.063329099 0.015252066 0.005435581
v 0.068206032 -0.004644545 0.005437562
v 0.068512281 -0.004568516 0.005437562
v 0.064640661 0.009716839 0.005437562
v 0.064946904 0.009792868 0.005437562
v 0.063538235 0.015461765 0.005439579
v 0.056827787 -0.011949681 0.005440612
v 0.051174779 -0.009622951 0.005448410
v 0.059720030 -0.013951837 0.005449431
v 0.063627183 0.015552522 0.005451729
v 0.069766959 -0.011581796 0.005458175
v 0.070377119 -0.011430317 0.005458175
v 0.068053637 -0.004680520 0.005458175
v 0.068663803 -0.004529040 0.005458175
v 0.064489133 0.009677364 0.005458175
v 0.065099294 0.009828843 0.005458175
v 0.063665903 0.015592342 0.005459035
v 0.063149922 0.015076501 0.005459257
v 0.063667478 0.015593965 0.005459358
v 0.046661046 0.008873342 0.005460414
v -0.098380864 -0.011401353 0.005464008
v -0.100268673 -0.011274917 0.005464008
v -0.102109160 -0.010836249 0.005464008
v -0.103851048 -0.010097570 0.005464008
v 0.049429389 -0.009271457 0.005464008
v -0.105445811 -0.009079461 0.005464008
v 0.047521339 -0.009052058 0.005464008
v 0.045601408 -0.009000123 0.005464008
v -0.106849034 -0.007810282 0.005464008
v -0.108021603 -0.006325391 0.005464008
v -0.108930869 -0.004666154 0.005464008
v -0.109551488 -0.002878796 0.005464008
v -0.109866178 -0.001013108 0.005464008
v -0.109866178 0.000878935 0.005464008
v -0.109551488 0.002744623 0.005464008
v -0.108930869 0.004531981 0.005464008
v -0.108021603 0.006191218 0.005464008
v -0.106849034 0.007676108 0.005464008
v 0.046013098 0.008862942 0.005464008
v 0.045601408 0.008865950 0.005464008
v -0.105445811 0.008945288 0.005464008
v -0.103851048 0.009963397 0.005464008
v -0.102109160 0.010702076 0.005464008
v -0.100268673 0.011140743 0.005464008
v -0.098380864 0.011267180 0.005464008
v 0.052078157 0.009804155 0.005474747
v -0.090031524 -0.007392733 0.005477092
v -0.090031524 0.007258560 0.005477092
v -0.089078466 -0.006110667 0.005479890
v 0.040443976 -0.005214839 0.005479890
v 0.041327203 -0.005123529 0.005479890
v 0.042181604 -0.004881819 0.005479890
v -0.088227956 -0.004500649 0.005479890
v 0.042981770 -0.004496897 0.005479890
v 0.043703893 -0.003980214 0.005479890
v 0.044326501 -0.003347137 0.005479890
v -0.087648268 -0.002774531 0.005479890
v 0.044831071 -0.002616497 0.005479890
v 0.045202596 -0.001810026 0.005479890
v -0.087354582 -0.000977515 0.005479890
v 0.045430023 -0.000951713 0.005479890
v 0.045506594 -0.000067087 0.005479890
v 0.045430023 0.000817540 0.005479890
v -0.087354582 0.000843342 0.005479890
v 0.045202596 0.001675853 0.005479890
v 0.044831071 0.002482324 0.005479890
v -0.087648268 0.002640358 0.005479890
v 0.044326501 0.003212964 0.005479890
v 0.043703893 0.003846041 0.005479890
v 0.042981770 0.004362724 0.005479890
v -0.088227956 0.004366475 0.005479890
v 0.042181604 0.004747646 0.005479890
v 0.041327203 0.004989356 0.005479890
v 0.040443976 0.005080666 0.005479890
v -0.089078466 0.005976494 0.005479890
v -0.090027027 -0.007390620 0.005480060
v -0.090027027 0.007256447 0.005480060
v 0.063061399 0.014991197 0.005480444
v 0.063791301 0.015722611 0.005491461
v 0.067903286 -0.004714766 0.005492355
v 0.068812718 -0.004488989 0.005492355
v 0.064340218 0.009637313 0.005492355
v 0.065249656 0.009863090 0.005492355
v 0.061296856 0.015096856 0.005495442
v 0.063913489 0.015851625 0.005536858
v 0.063915919 0.015854216 0.005537911
v 0.062895746 0.014834291 0.005538129
v 0.063917582 0.015855989 0.005538634
v 0.069471145 -0.011655235 0.005539843
v 0.070672933 -0.011356878 0.005539843
v 0.067756106 -0.004747024 0.005539843
v 0.068957893 -0.004448667 0.005539843
v 0.064195049 0.009596991 0.005539843
v 0.065396831 0.009895347 0.005539843
v 0.055219489 -0.011127303 0.005558312
v -0.089871765 -0.007316985 0.005567510
v -0.089871765 0.007182812 0.005567510
v 0.062826205 0.014769562 0.005569911
v -0.089016300 -0.006150250 0.005570173
v 0.040442749 -0.005141151 0.005570173
v 0.041313331 -0.005051148 0.005570173
v 0.042155502 -0.004812898 0.005570173
v -0.088160222 -0.004529687 0.005570173
v 0.042944213 -0.004433487 0.005570173
v 0.043656000 -0.003924199 0.005570173
v 0.044269694 -0.003300185 0.005570173
v -0.087576738 -0.002792264 0.005570173
v 0.044767041 -0.002580003 0.005570173
v 0.045133249 -0.001785077 0.005570173
v -0.087281124 -0.000983478 0.005570173
v 0.045357422 -0.000939050 0.005570173
v 0.045432896 -0.000067087 0.005570173
v 0.045357422 0.000804877 0.005570173
v -0.087281124 0.000849305 0.005570173
v 0.045133249 0.001650904 0.005570173
v 0.044767041 0.002445830 0.005570173
v -0.087576738 0.002658091 0.005570173
v 0.044269694 0.003166012 0.005570173
v 0.043656000 0.003790026 0.005570173
v 0.042944213 0.004299314 0.005570173
v -0.088160222 0.004395514 0.005570173
v 0.042155502 0.004678725 0.005570173
v 0.041313331 0.004916975 0.005570173
v 0.040442749 0.005006977 0.005570173
v -0.089016300 0.006016077 0.005570173
v 0.053766796 0.010404122 0.005583544
v 0.058348131 -0.012942639 0.005588776
v 0.064031522 0.015978448 0.005595226
v 0.064202921 0.017455773 0.005599300
v 0.061214134 0.015040522 0.005599669
v 0.067613234 -0.004777047 0.005600278
v 0.069098217 -0.004408382 0.005600278
v 0.064054714 0.009556704 0.005600278
v 0.065539708 0.009925370 0.005600278
v 0.054531821 -0.010824237 0.005601019
v 0.050369431 0.009392015 0.005612157
v -0.088942716 -0.006197101 0.005647464
v 0.040441293 -0.005053935 0.005647464
v 0.041296913 -0.004965480 0.005647464
v 0.042124607 -0.004731325 0.005647464
v -0.088080047 -0.004564056 0.005647464
v 0.042899761 -0.004358434 0.005647464
v 0.043599314 -0.003857901 0.005647464
v 0.044202459 -0.003244612 0.005647464
v -0.087492067 -0.002813252 0.005647464
v 0.044691258 -0.002536810 0.005647464
v 0.045051170 -0.001755547 0.005647464
v -0.087194182 -0.000990536 0.005647464
v 0.045271493 -0.000924062 0.005647464
v 0.045345666 -0.000067087 0.005647464
v 0.045271493 0.000789889 0.005647464
v -0.087194182 0.000856363 0.005647464
v 0.045051170 0.001621374 0.005647464
v 0.044691258 0.002402637 0.005647464
v -0.087492067 0.002679079 0.005647464
v 0.044202459 0.003110439 0.005647464
v 0.043599314 0.003723728 0.005647464
v 0.042899761 0.004224261 0.005647464
v -0.088080047 0.004429883 0.005647464
v 0.042124607 0.004597152 0.005647464
v 0.041296913 0.004831307 0.005647464
v 0.040441293 0.004919762 0.005647464
v -0.088942716 0.006062928 0.005647464
v -0.089675169 -0.007221853 0.005649012
v -0.089675169 0.007087680 0.005649012
v -0.089674805 -0.007221674 0.005649141
v -0.089674805 0.007087501 0.005649141
v 0.064146020 0.016103858 0.005667665
v 0.062654552 0.014613101 0.005670269
v 0.064150744 0.016109092 0.005671032
v 0.053038364 0.010147674 0.005671563
v 0.069193596 -0.011724140 0.005673198
v 0.070950488 -0.011287972 0.005673198
v 0.067475744 -0.004804606 0.005673198
v 0.069232631 -0.004368438 0.005673198
v 0.063920300 0.009516761 0.005673198
v 0.065677198 0.009952929 0.005673198
v 0.052864666 -0.010200220 0.005684032
v -0.089555473 -0.007162895 0.005687434
v -0.089555473 0.007028722 0.005687434
v 0.062625897 0.014587491 0.005690429
v -0.098569886 -0.006743055 0.005703219
v -0.099729152 -0.006641633 0.005703219
v -0.097410609 -0.006641633 0.005703219
v -0.100853195 -0.006340446 0.005703219
v -0.096286577 -0.006340446 0.005703219
v -0.101907863 -0.005848645 0.005703219
v -0.095231909 -0.005848645 0.005703219
v -0.102861115 -0.005181176 0.005703219
v -0.094278646 -0.005181176 0.005703219
v -0.103683969 -0.004358317 0.005703219
v -0.093455803 -0.004358317 0.005703219
v -0.104351445 -0.003405071 0.005703219
v -0.092788327 -0.003405071 0.005703219
v -0.104843247 -0.002350402 0.005703219
v -0.092296526 -0.002350402 0.005703219
v -0.105144435 -0.001226356 0.005703219
v -0.091995343 -0.001226356 0.005703219
v -0.105245862 -0.000067087 0.005703219
v -0.091893915 -0.000067087 0.005703219
v -0.105144435 0.001092183 0.005703219
v -0.091995343 0.001092183 0.005703219
v -0.104843247 0.002216229 0.005703219
v -0.092296526 0.002216229 0.005703219
v -0.104351445 0.003270898 0.005703219
v -0.092788327 0.003270898 0.005703219
v -0.103683969 0.004224144 0.005703219
v -0.093455803 0.004224144 0.005703219
v -0.102861115 0.005047003 0.005703219
v -0.094278646 0.005047003 0.005703219
v -0.101907863 0.005714472 0.005703219
v -0.095231909 0.005714472 0.005703219
v -0.100853195 0.006206273 0.005703219
v -0.096286577 0.006206273 0.005703219
v -0.099729152 0.006507460 0.005703219
v -0.097410609 0.006507460 0.005703219
v -0.098569886 0.006608882 0.005703219
v 0.048630654 0.009114025 0.005703379
v -0.088859635 -0.006250004 0.005709759
v 0.040439653 -0.004955451 0.005709759
v 0.041278373 -0.004868743 0.005709759
v 0.042089723 -0.004639212 0.005709759
v -0.087989519 -0.004602866 0.005709759
v 0.042849567 -0.004273686 0.005709759
v 0.043535304 -0.003783037 0.005709759
v 0.044126541 -0.003181860 0.005709759
v -0.087396467 -0.002836952 0.005709759
v 0.044605686 -0.002488036 0.005709759
v 0.044958488 -0.001722202 0.005709759
v -0.087096008 -0.000998505 0.005709759
v 0.045174461 -0.000907138 0.005709759
v 0.045247169 -0.000067087 0.005709759
v 0.045174461 0.000772965 0.005709759
v -0.087096008 0.000864332 0.005709759
v 0.044958488 0.001588029 0.005709759
v 0.044605686 0.002353863 0.005709759
v -0.087396467 0.002702779 0.005709759
v 0.044126541 0.003047687 0.005709759
v 0.043535304 0.003648864 0.005709759
v 0.042849567 0.004139513 0.005709759
v -0.087989519 0.004468693 0.005709759
v 0.042089723 0.004505039 0.005709759
v 0.041278373 0.004734570 0.005709759
v 0.040439653 0.004821278 0.005709759
v -0.088859635 0.006115830 0.005709759
v 0.061136461 0.014988055 0.005710208
v -0.089471629 -0.007121133 0.005710221
v -0.089471629 0.006986960 0.005710221
v -0.089471232 0.006986759 0.005710323
v 0.048420501 0.009089842 0.005711220
v 0.056821798 -0.011996080 0.005726652
v 0.051158355 -0.009712869 0.005736762
v 0.064251370 0.016221754 0.005750870
v 0.062548014 0.014518754 0.005750874
v 0.046660471 0.008965716 0.005751008
v -0.098379329 -0.011493474 0.005754347
v -0.100282484 -0.011366009 0.005754347
v -0.102137931 -0.010923775 0.005754347
v -0.103893973 -0.010179093 0.005754347
v 0.049414871 -0.009362439 0.005754347
v -0.105501707 -0.009152709 0.005754347
v 0.047514820 -0.009143960 0.005754347
v 0.045602947 -0.009092243 0.005754347
v -0.106916321 -0.007873215 0.005754347
v -0.108098425 -0.006376255 0.005754347
v -0.109015072 -0.004703534 0.005754347
v -0.109640739 -0.002901648 0.005754347
v -0.109957993 -0.001020797 0.005754347
v -0.109957993 0.000886624 0.005754347
v -0.109640739 0.002767475 0.005754347
v -0.109015072 0.004569361 0.005754347
v -0.108098425 0.006242082 0.005754347
v -0.106916321 0.007739042 0.005754347
v 0.046012910 0.008955074 0.005754347
v 0.045602947 0.008958070 0.005754347
v -0.105501707 0.009018536 0.005754347
v -0.103893973 0.010044920 0.005754347
v -0.102137931 0.010789602 0.005754347
v -0.100282484 0.011231835 0.005754347
v -0.098379329 0.011359301 0.005754347
v -0.088769195 -0.006307590 0.005755445
v 0.040437863 -0.004848250 0.005755445
v 0.041258193 -0.004763443 0.005755445
v -0.087890976 -0.004645111 0.005755445
v 0.042051751 -0.004538946 0.005755445
v 0.042794931 -0.004181436 0.005755445
v 0.043465630 -0.003701547 0.005755445
v 0.044043899 -0.003113554 0.005755445
v -0.087292399 -0.002862750 0.005755445
v 0.044512536 -0.002434945 0.005755445
v 0.044857605 -0.001685906 0.005755445
v -0.086989139 -0.001007180 0.005755445
v 0.045068840 -0.000888716 0.005755445
v 0.045139955 -0.000067087 0.005755445
v 0.045068840 0.000754542 0.005755445
v -0.086989139 0.000873007 0.005755445
v 0.044857605 0.001551733 0.005755445
v 0.044512536 0.002300772 0.005755445
v -0.087292399 0.002728577 0.005755445
v 0.044043899 0.002979380 0.005755445
v 0.043465630 0.003567374 0.005755445
v 0.042794931 0.004047263 0.005755445
v 0.042051751 0.004404773 0.005755445
v -0.087890976 0.004510938 0.005755445
v 0.041258193 0.004629270 0.005755445
v 0.040437863 0.004714077 0.005755445
v -0.088769195 0.006173416 0.005755445
v -0.089253174 -0.007010503 0.005755658
v -0.089252771 -0.007010299 0.005755724
v -0.089252771 0.006876126 0.005755724
v 0.067344689 -0.004829493 0.005758049
v 0.069360117 -0.004329142 0.005758049
v 0.063792825 0.009477465 0.005758049
v 0.065808247 0.009977817 0.005758049
v -0.089175220 -0.006970398 0.005767378
v -0.089175220 0.006836224 0.005767378
v 0.052088217 0.009854258 0.005771765
v -0.089029536 -0.006894548 0.005783289
v -0.089028984 0.006760082 0.005783336
v -0.088673745 -0.006368366 0.005783340
v 0.040435976 -0.004735110 0.005783340
v -0.087786974 -0.004689696 0.005783340
v 0.041236893 -0.004652309 0.005783340
v 0.042011672 -0.004433125 0.005783340
v 0.042737265 -0.004084075 0.005783340
v 0.043392095 -0.003615542 0.005783340
v 0.043956680 -0.003041463 0.005783340
v -0.087182569 -0.002889977 0.005783340
v 0.044414228 -0.002378912 0.005783340
v 0.044751131 -0.001647598 0.005783340
v -0.086876354 -0.001016336 0.005783340
v 0.044957364 -0.000869273 0.005783340
v 0.045026800 -0.000067087 0.005783340
v 0.044957364 0.000735099 0.005783340
v -0.086876354 0.000882163 0.005783340
v 0.044751131 0.001513425 0.005783340
v 0.044414228 0.002244739 0.005783340
v -0.087182569 0.002755804 0.005783340
v 0.043956680 0.002907290 0.005783340
v 0.043392095 0.003481369 0.005783340
v 0.042737265 0.003949902 0.005783340
v 0.042011672 0.004298951 0.005783340
v 0.041236893 0.004518136 0.005783340
v -0.087786974 0.004555523 0.005783340
v 0.040435976 0.004600936 0.005783340
v -0.088673745 0.006234193 0.005783340
v -0.088807446 -0.006776679 0.005792715
v -0.088807446 0.006642506 0.005792715
v -0.088802977 -0.006774280 0.005792719
v -0.088575759 -0.006430759 0.005792719
v -0.087680204 -0.004735468 0.005792719
v 0.040434037 -0.004618960 0.005792719
v 0.041215028 -0.004538220 0.005792719
v 0.041970527 -0.004324489 0.005792719
v 0.042678071 -0.003984124 0.005792719
v 0.043316602 -0.003527249 0.005792719
v 0.043867141 -0.002967454 0.005792719
v -0.087069817 -0.002917928 0.005792719
v 0.044313303 -0.002321390 0.005792719
v 0.044641823 -0.001608272 0.005792719
v -0.086760569 -0.001025735 0.005792719
v 0.044842929 -0.000849313 0.005792719
v 0.044910631 -0.000067087 0.005792719
v 0.044910631 -0.000067087 0.005792719
v 0.044842929 0.000715139 0.005792719
v -0.086760569 0.000891562 0.005792719
v 0.044641823 0.001474099 0.005792719
v 0.044313303 0.002187216 0.005792719
v -0.087069817 0.002783755 0.005792719
v 0.043867141 0.002833281 0.005792719
v 0.043316602 0.003393076 0.005792719
v 0.042678071 0.003849951 0.005792719
v 0.041970527 0.004190316 0.005792719
v 0.041215028 0.004404047 0.005792719
v 0.040434037 0.004484787 0.005792719
v -0.087680204 0.004601295 0.005792719
v -0.088575759 0.006296586 0.005792719
v -0.088802977 0.006640107 0.005792719
v 0.061064064 0.014939529 0.005826620
v 0.064345036 0.017591085 0.005827803
v 0.055424310 -0.011270342 0.005834541
v 0.064351002 0.016335854 0.005847794
v 0.062442582 0.014427957 0.005848033
v 0.055215406 -0.011172446 0.005849034
v 0.068942734 -0.011786420 0.005854186
v 0.071201355 -0.011225692 0.005854186
v 0.067221065 -0.004851518 0.005854186
v 0.069479680 -0.004290791 0.005854186
v 0.063673256 0.009439114 0.005854186
v 0.065931871 0.009999842 0.005854186
v 0.062436278 0.014422528 0.005854401
v 0.064356907 0.016342780 0.005854499
v 0.064385601 0.016376058 0.005885208
v 0.062405657 0.014396542 0.005885212
v 0.054528169 -0.010868782 0.005893557
v 0.079223912 -0.027879271 0.005905451
v 0.073141004 -0.003377206 0.005905451
v 0.069595355 0.010904720 0.005905451
v 0.067334099 0.020013076 0.005905451
v 0.050377193 0.009438457 0.005912233
v 0.062340215 0.014341551 0.005956880
v 0.052861147 -0.010243371 0.005980446
v -0.098569886 -0.006692722 0.005996992
v -0.099720413 -0.006592065 0.005996992
v -0.097419359 -0.006592065 0.005996992
v -0.100835992 -0.006293148 0.005996992
v -0.096303780 -0.006293148 0.005996992
v -0.101882705 -0.005805056 0.005996992
v -0.095257067 -0.005805056 0.005996992
v -0.102828764 -0.005142618 0.005996992
v -0.094311008 -0.005142618 0.005996992
v -0.103645420 -0.004325963 0.005996992
v -0.093494352 -0.004325963 0.005996992
v -0.104307858 -0.003379904 0.005996992
v -0.092831914 -0.003379904 0.005996992
v -0.104795947 -0.002333188 0.005996992
v -0.092343831 -0.002333188 0.005996992
v -0.105094870 -0.001217616 0.005996992
v -0.092044907 -0.001217616 0.005996992
v -0.105195524 -0.000067087 0.005996992
v -0.091944248 -0.000067087 0.005996992
v -0.091944248 -0.000067087 0.005996992
v -0.105094870 0.001083443 0.005996992
v -0.092044907 0.001083443 0.005996992
v -0.104795947 0.002199014 0.005996992
v -0.092343831 0.002199014 0.005996992
v -0.104307858 0.003245731 0.005996992
v -0.092831914 0.003245731 0.005996992
v -0.103645420 0.004191790 0.005996992
v -0.093494352 0.004191790 0.005996992
v -0.102828764 0.005008445 0.005996992
v -0.094311008 0.005008445 0.005996992
v -0.101882705 0.005670883 0.005996992
v -0.095257067 0.005670883 0.005996992
v -0.100835992 0.006158975 0.005996992
v -0.096303780 0.006158975 0.005996992
v -0.099720413 0.006457892 0.005996992
v -0.097419359 0.006457892 0.005996992
v -0.098569886 0.006558549 0.005996992
v 0.048635416 0.009157855 0.006005124
v 0.048424865 0.009133436 0.006013071
v 0.064504795 0.016516004 0.006033281
v 0.062278259 0.014289989 0.006033553
v 0.051153792 -0.009754936 0.006036281
v 0.046661548 0.009008029 0.006052978
v -0.098378632 -0.011535613 0.006056024
v -0.100288793 -0.011407678 0.006056024
v -0.102151090 -0.010963815 0.006056024
v -0.103913606 -0.010216386 0.006056024
v 0.049408236 -0.009404059 0.006056024
v 0.048134543 -0.009239104 0.006056024
v -0.105527263 -0.009186217 0.006056024
v 0.047511842 -0.009186000 0.006056024
v 0.045603649 -0.009134382 0.006056024
v -0.106947102 -0.007902004 0.006056024
v -0.108133560 -0.006399523 0.006056024
v -0.109053588 -0.004720633 0.006056024
v -0.109681564 -0.002912102 0.006056024
v -0.110000000 -0.001024314 0.006056024
v -0.110000000 0.000890141 0.006056024
v -0.109681564 0.002777929 0.006056024
v -0.109053588 0.004586460 0.006056024
v -0.108133560 0.006265350 0.006056024
v -0.106947102 0.007767831 0.006056024
v 0.046012825 0.008997220 0.006056024
v 0.045603649 0.009000209 0.006056024
v -0.105527263 0.009052044 0.006056024
v -0.103913606 0.010082213 0.006056024
v -0.102151090 0.010829642 0.006056024
v -0.100288793 0.011273505 0.006056024
v -0.098378632 0.011401440 0.006056024
v 0.064534472 0.016551201 0.006076524
v 0.068726184 -0.011840179 0.006077308
v 0.071417899 -0.011171932 0.006077308
v 0.066999814 -0.004886333 0.006077308
v 0.069691529 -0.004218084 0.006077308
v 0.063461413 0.009366408 0.006077308
v 0.066153128 0.010034657 0.006077308
v 0.062245992 0.014263320 0.006077419
v 0.060934468 0.014853639 0.006078703
v 0.064466124 0.017707806 0.006079859
v 0.062220071 0.014241982 0.006114869
v 0.062165811 0.014197598 0.006200505
v 0.064610012 0.016641411 0.006201376
v 0.079117043 -0.027863140 0.006228821
v 0.067243643 0.019962505 0.006229361
v 0.064677149 0.016722362 0.006335398
v 0.068550532 -0.011883790 0.006335786
v 0.071593557 -0.011128323 0.006335786
v 0.066818709 -0.004907994 0.006335786
v 0.069861735 -0.004152528 0.006335786
v 0.063291202 0.009300852 0.006335786
v 0.066334228 0.010056317 0.006335786
v 0.062092127 0.014137918 0.006336500
v 0.064564021 0.017803228 0.006351544
v 0.060827898 0.014784033 0.006354359
v 0.062068670 0.014119079 0.006385947
v 0.064699623 0.016749629 0.006386796
v 0.079039233 -0.027851340 0.006563294
v 0.072959706 -0.003362914 0.006563294
v 0.069441794 0.010807295 0.006563294
v 0.067177942 0.019926115 0.006563294
v 0.064772025 0.016838129 0.006586656
v 0.061988755 0.014055488 0.006588728
v 0.064782455 0.016850961 0.006621662
v 0.068421101 -0.011915920 0.006621765
v 0.071722977 -0.011096192 0.006621765
v 0.066683257 -0.004915842 0.006621765
v 0.069985132 -0.004096114 0.006621765
v 0.063167804 0.009244438 0.006621765
v 0.066469685 0.010064166 0.006621765
v 0.061977861 0.014046897 0.006622291
v 0.110000000 -0.008082950 0.006631499
v 0.064636545 0.017874646 0.006638936
v 0.060749120 0.014733290 0.006645624
v 0.064825650 0.016904386 0.006798072
v 0.061929655 0.014009160 0.006802994
v 0.078992546 -0.027844236 0.006901725
v 0.067138387 0.019904345 0.006902127
v 0.064847714 0.016931881 0.006926262
v 0.061906414 0.013991152 0.006926552
v 0.068341838 -0.011935598 0.006926556
v 0.071802240 -0.011076514 0.006926556
v 0.066597569 -0.004909640 0.006926556
v 0.070057971 -0.004050556 0.006926556
v 0.063094971 0.009198879 0.006926556
v 0.066555368 0.010057963 0.006926556
v 0.064681525 0.017919353 0.006938114
v 0.060701218 0.014702836 0.006943218
v 0.064858896 0.016945875 0.007018158
v 0.061893714 0.013981373 0.007021914
v 0.093793773 -0.027423735 0.007220483
v 0.060685115 0.014692710 0.007238358
v 0.061881621 0.013972138 0.007239029
v 0.061881621 0.013972136 0.007240849
v 0.064870182 0.016960070 0.007240890
v 0.058380482 0.007022878 0.007240898
v 0.058428522 0.007269685 0.007240898
v 0.058468485 0.007388939 0.007240898
v 0.058726710 0.007817726 0.007240898
v 0.058907805 0.007992028 0.007240898
v 0.058578790 0.007614659 0.007240898
v 0.058518701 0.007504219 0.007240898
v 0.058648303 0.007719424 0.007240898
v 0.059229461 0.008188351 0.007240898
v 0.058813426 0.007908822 0.007240898
v 0.059009110 0.008066716 0.007240898
v 0.058376029 0.006771224 0.007240898
v 0.058399110 0.007147357 0.007240898
v 0.059009110 0.008066716 0.007240898
v 0.058813426 0.007908822 0.007240898
v 0.058578790 0.007614659 0.007240898
v 0.058399110 0.007147357 0.007240898
v 0.058518701 0.007504219 0.007240898
v 0.059229461 0.008188351 0.007240898
v 0.058648303 0.007719424 0.007240898
v 0.058376029 0.006771224 0.007240898
v 0.058726710 0.007817726 0.007240898
v 0.058907805 0.007992028 0.007240898
v 0.058468485 0.007388939 0.007240898
v 0.058428522 0.007269685 0.007240898
v 0.058380482 0.007022878 0.007240898
v 0.061487457 -0.005292557 0.007240898
v 0.061661762 -0.005473644 0.007240898
v 0.061412773 -0.005191245 0.007240898
v 0.062090553 -0.005731872 0.007240898
v 0.061864832 -0.005621566 0.007240898
v 0.062708265 -0.005824330 0.007240898
v 0.061760063 -0.005552054 0.007240898
v 0.061291138 -0.004970895 0.007240898
v 0.061975270 -0.005681657 0.007240898
v 0.062209801 -0.005771834 0.007240898
v 0.061570665 -0.005386928 0.007240898
v 0.062332133 -0.005801243 0.007240898
v 0.062456614 -0.005819874 0.007240898
v 0.062456614 -0.005819874 0.007240898
v 0.062209801 -0.005771834 0.007240898
v 0.062708265 -0.005824330 0.007240898
v 0.061570665 -0.005386928 0.007240898
v 0.061291138 -0.004970895 0.007240898
v 0.061975270 -0.005681657 0.007240898
v 0.061412773 -0.005191245 0.007240898
v 0.061864832 -0.005621566 0.007240898
v 0.061760063 -0.005552054 0.007240898
v 0.062090553 -0.005731872 0.007240898
v 0.061661762 -0.005473644 0.007240898
v 0.061487457 -0.005292557 0.007240898
v 0.071828934 -0.011069888 0.007240898
v 0.070072042 -0.011506057 0.007240898
v 0.071828934 -0.011069888 0.007240898
v -0.098569886 -0.006583895 0.007240898
v -0.099701519 -0.006484890 0.007240898
v -0.097438253 -0.006484890 0.007240898
v -0.100798769 -0.006190883 0.007240898
v -0.096341014 -0.006190883 0.007240898
v 0.062957193 -0.005785068 0.007240898
v -0.101828290 -0.005710808 0.007240898
v -0.095311482 -0.005710808 0.007240898
v -0.102758815 -0.005059251 0.007240898
v -0.094380958 -0.005059251 0.007240898
v 0.066564251 -0.004889575 0.007240898
v 0.061209422 -0.004732509 0.007240898
v -0.103562046 -0.004256010 0.007240898
v -0.093577726 -0.004256010 0.007240898
v 0.070078036 -0.004017239 0.007240898
v -0.104213612 -0.003325491 0.007240898
v -0.092926160 -0.003325491 0.007240898
v 0.072889060 -0.003319370 0.007240898
v -0.104693680 -0.002295966 0.007240898
v -0.092446092 -0.002295966 0.007240898
v -0.104987687 -0.001198718 0.007240898
v -0.092152085 -0.001198718 0.007240898
v -0.105086694 -0.000067087 0.007240898
v -0.092053078 -0.000067087 0.007240898
v -0.105086694 -0.000067087 0.007240898
v -0.092053078 -0.000067087 0.007240898
v -0.104987687 0.001064545 0.007240898
v -0.092152085 0.001064545 0.007240898
v -0.104693680 0.002161793 0.007240898
v -0.092446092 0.002161793 0.007240898
v -0.104213612 0.003191318 0.007240898
v -0.092926160 0.003191318 0.007240898
v -0.103562046 0.004121837 0.007240898
v -0.093577726 0.004121837 0.007240898
v -0.102758815 0.004925078 0.007240898
v -0.094380958 0.004925078 0.007240898
v -0.101828290 0.005576635 0.007240898
v -0.095311482 0.005576635 0.007240898
v -0.100798769 0.006056710 0.007240898
v -0.096341014 0.006056710 0.007240898
v -0.099701519 0.006350717 0.007240898
v -0.097438253 0.006350717 0.007240898
v -0.098569886 0.006449722 0.007240898
v 0.058415285 0.006522297 0.007240898
v 0.059467843 0.008270070 0.007240898
v 0.063074906 0.009165562 0.007240898
v 0.066588691 0.010037899 0.007240898
v 0.069399721 0.010735768 0.007240898
v 0.068315149 -0.011942224 0.007240898
v 0.045604187 0.009032544 0.007240898
v 0.048115462 0.009135533 0.007240898
v 0.050598207 0.009526813 0.007240898
v 0.053019426 0.010201187 0.007240898
v 0.055346963 0.011149694 0.007240898
v 0.057590414 0.012385194 0.007240898
v 0.059673520 0.013875218 0.007240898
v 0.072210480 -0.024140786 0.007240898
v 0.059673520 -0.014009391 0.007240898
v 0.057617390 -0.012536389 0.007240898
v 0.055404522 -0.011311394 0.007240898
v 0.053064687 -0.010350883 0.007240898
v 0.050629370 -0.009667784 0.007240898
v 0.048131334 -0.009271283 0.007240898
v 0.045604187 -0.009166717 0.007240898
v 0.045604187 0.009032544 0.007240898
v 0.095241289 -0.026787156 0.007240898
v 0.097965675 -0.025270397 0.007240898
v 0.100499371 -0.023452903 0.007240898
v 0.102809296 -0.021358376 0.007240898
v 0.104865355 -0.019014139 0.007240898
v 0.106640732 -0.016450759 0.007240898
v 0.108112246 -0.013701674 0.007240898
v 0.109260729 -0.010802739 0.007240898
v 0.076919544 -0.027038137 0.007240898
v 0.074472101 -0.025740479 0.007240898
v 0.072210480 -0.024140786 0.007240898
v 0.059673520 0.013875218 0.007240898
v 0.095241289 -0.026787156 0.007240898
v 0.067125300 0.019897163 0.007240898
v 0.067125300 0.019897163 0.007240898
v 0.078977050 -0.027841874 0.007240898
v 0.078977050 -0.027841874 0.007240898
v 0.064870182 0.016960070 0.007244029
v 0.064696805 0.017934644 0.007245155
v 0.061881638 0.013972151 0.007251022
v 0.060685137 0.014692725 0.007254660
v 0.061893040 0.013980858 0.007455994
v 0.064858503 0.016945367 0.007469578
v 0.060700329 0.014702272 0.007533292
v 0.064680994 0.017918805 0.007551756
v 0.068341838 -0.011935598 0.007555240
v 0.071802240 -0.011076514 0.007555240
v 0.066597569 -0.004909640 0.007555240
v 0.070057971 -0.004050556 0.007555240
v 0.063094971 0.009198879 0.007555240
v 0.066555368 0.010057963 0.007555240
v 0.061906072 0.013990879 0.007555319
v 0.064847996 0.016932211 0.007555614
v 0.078992513 -0.027844233 0.007579740
v 0.067138399 0.019904350 0.007579795
v 0.061925462 0.014005887 0.007661452
v 0.064824976 0.016903531 0.007688950
v 0.060743519 0.014729704 0.007812585
v 0.064635639 0.017873724 0.007849964
v 0.061977314 0.014046454 0.007859675
v 0.068421101 -0.011915920 0.007860031
v 0.071722977 -0.011096192 0.007860031
v 0.066683257 -0.004915842 0.007860031
v 0.069985132 -0.004096114 0.007860031
v 0.063167804 0.009244438 0.007860031
v 0.066469685 0.010064166 0.007860031
v 0.064782853 0.016851431 0.007860377
v 0.061979562 0.014048221 0.007866752
v 0.064771202 0.016837088 0.007899383
v 0.109999028 -0.008079030 0.007911142
v 0.079039233 -0.027851340 0.007918502
v 0.072959706 -0.003362914 0.007918502
v 0.069441794 0.010807295 0.007918502
v 0.067177942 0.019926115 0.007918502
v 0.062055335 0.014108384 0.008067390
v 0.060815639 0.014776077 0.008091665
v 0.064698755 0.016748560 0.008098115
v 0.064562900 0.017802105 0.008136020
v 0.062091790 0.014137635 0.008145691
v 0.068550532 -0.011883790 0.008146010
v 0.071593557 -0.011128323 0.008146010
v 0.066818709 -0.004907994 0.008146010
v 0.069861735 -0.004152528 0.008146010
v 0.063291202 0.009300852 0.008146010
v 0.066334228 0.010056317 0.008146010
v 0.064677448 0.016722705 0.008146681
v 0.079116850 -0.027863110 0.008252270
v 0.067243665 0.019962517 0.008252527
v 0.062151646 0.014186055 0.008257796
v 0.064609244 0.016640476 0.008282384
v 0.062206669 0.014230980 0.008347161
v 0.060916685 0.014841937 0.008364406
v 0.068726184 -0.011840179 0.008404488
v 0.071417899 -0.011171932 0.008404488
v 0.066999814 -0.004886333 0.008404488
v 0.069691529 -0.004218084 0.008404488
v 0.063461413 0.009366408 0.008404488
v 0.066153128 0.010034657 0.008404488
v 0.062245892 0.014263230 0.008404496
v 0.064534566 0.016551296 0.008405396
v 0.064464959 0.017706655 0.008406172
v -0.098378632 -0.011535613 0.008425772
v -0.100288793 -0.011407678 0.008425772
v -0.102151090 -0.010963815 0.008425772
v -0.103913606 -0.010216386 0.008425772
v 0.049408236 -0.009404059 0.008425772
v -0.105527263 -0.009186217 0.008425772
v 0.047511842 -0.009186000 0.008425772
v 0.045603649 -0.009134382 0.008425772
v -0.106947102 -0.007902004 0.008425772
v -0.108133560 -0.006399523 0.008425772
v -0.109053588 -0.004720633 0.008425772
v -0.109681564 -0.002912102 0.008425772
v -0.110000000 -0.001024314 0.008425772
v -0.110000000 0.000890141 0.008425772
v -0.109681564 0.002777929 0.008425772
v -0.109053588 0.004586460 0.008425772
v -0.108133560 0.006265350 0.008425772
v -0.106947102 0.007767831 0.008425772
v 0.046012825 0.008997220 0.008425772
v 0.045603649 0.009000209 0.008425772
v -0.105527263 0.009052044 0.008425772
v -0.103913606 0.010082213 0.008425772
v -0.102151090 0.010829642 0.008425772
v -0.100288793 0.011273505 0.008425772
v -0.098378632 0.011401440 0.008425772
v 0.046661548 0.009008029 0.008428818
v 0.062265990 0.014279831 0.008432101
v 0.050636446 -0.009635675 0.008435610
v 0.051153726 -0.009754920 0.008445514
v 0.064504259 0.016515359 0.008449427
v 0.048424865 0.009133436 0.008468725
v 0.048635416 0.009157855 0.008476672
v -0.098569886 -0.006692722 0.008484804
v -0.099720413 -0.006592065 0.008484804
v -0.097419359 -0.006592065 0.008484804
v -0.100835992 -0.006293148 0.008484804
v -0.096303780 -0.006293148 0.008484804
v -0.101882705 -0.005805056 0.008484804
v -0.095257067 -0.005805056 0.008484804
v -0.102828764 -0.005142618 0.008484804
v -0.094311008 -0.005142618 0.008484804
v -0.103645420 -0.004325963 0.008484804
v -0.093494352 -0.004325963 0.008484804
v -0.104307858 -0.003379904 0.008484804
v -0.092831914 -0.003379904 0.008484804
v -0.104795947 -0.002333188 0.008484804
v -0.092343831 -0.002333188 0.008484804
v -0.105094870 -0.001217616 0.008484804
v -0.092044907 -0.001217616 0.008484804
v -0.105195524 -0.000067087 0.008484804
v -0.105195524 -0.000067087 0.008484804
v -0.091944248 -0.000067087 0.008484804
v -0.105094870 0.001083443 0.008484804
v -0.092044907 0.001083443 0.008484804
v -0.104795947 0.002199014 0.008484804
v -0.092343831 0.002199014 0.008484804
v -0.104307858 0.003245731 0.008484804
v -0.092831914 0.003245731 0.008484804
v -0.103645420 0.004191790 0.008484804
v -0.093494352 0.004191790 0.008484804
v -0.102828764 0.005008445 0.008484804
v -0.094311008 0.005008445 0.008484804
v -0.101882705 0.005670883 0.008484804
v -0.095257067 0.005670883 0.008484804
v -0.100835992 0.006158975 0.008484804
v -0.096303780 0.006158975 0.008484804
v -0.099720413 0.006457892 0.008484804
v -0.097419359 0.006457892 0.008484804
v -0.098569886 0.006558549 0.008484804
v 0.052861059 -0.010243342 0.008501347
v 0.062373080 0.014369087 0.008561982
v 0.050377193 0.009438457 0.008569564
v 0.079223912 -0.027879271 0.008576345
v 0.073141004 -0.003377206 0.008576345
v 0.069595355 0.010904720 0.008576345
v 0.067334099 0.020013076 0.008576345
v 0.054528103 -0.010868753 0.008588235
v 0.064385430 0.016375859 0.008596703
v 0.061045154 0.014926907 0.008623238
v 0.064356896 0.016342776 0.008627207
v 0.062436306 0.014422549 0.008627399
v 0.068942734 -0.011786420 0.008627611
v 0.071201355 -0.011225692 0.008627611
v 0.067221065 -0.004851518 0.008627611
v 0.069479680 -0.004290791 0.008627611
v 0.063673256 0.009439114 0.008627611
v 0.065931871 0.009999842 0.008627611
v 0.062439792 0.014425518 0.008630807
v 0.055207860 -0.011168958 0.008632247
v 0.062442598 0.014427972 0.008633769
v 0.064350880 0.016335862 0.008634102
v 0.064343997 0.017590077 0.008656662
v -0.088802977 -0.006774280 0.008689078
v -0.088575759 -0.006430759 0.008689078
v -0.087680204 -0.004735468 0.008689078
v 0.040434037 -0.004618960 0.008689078
v 0.041215028 -0.004538220 0.008689078
v 0.041970527 -0.004324489 0.008689078
v 0.042678071 -0.003984124 0.008689078
v 0.043316602 -0.003527249 0.008689078
v 0.043867141 -0.002967454 0.008689078
v -0.087069817 -0.002917928 0.008689078
v 0.044313303 -0.002321390 0.008689078
v 0.044641823 -0.001608272 0.008689078
v -0.086760569 -0.001025735 0.008689078
v 0.044842929 -0.000849313 0.008689078
v 0.044910631 -0.000067087 0.008689078
v 0.044910631 -0.000067087 0.008689078
v 0.044842929 0.000715139 0.008689078
v -0.086760569 0.000891562 0.008689078
v 0.044641823 0.001474099 0.008689078
v 0.044313303 0.002187216 0.008689078
v -0.087069817 0.002783755 0.008689078
v 0.043867141 0.002833281 0.008689078
v 0.043316602 0.003393076 0.008689078
v 0.042678071 0.003849951 0.008689078
v 0.041970527 0.004190316 0.008689078
v 0.041215028 0.004404047 0.008689078
v 0.040434037 0.004484787 0.008689078
v -0.087680204 0.004601295 0.008689078
v -0.088575759 0.006296586 0.008689078
v -0.088802977 0.006640107 0.008689078
v -0.088807446 -0.006776679 0.008689082
v -0.088807446 0.006642506 0.008689082
v -0.088673745 -0.006368366 0.008698457
v 0.040435976 -0.004735110 0.008698457
v -0.087786974 -0.004689696 0.008698457
v 0.041236893 -0.004652309 0.008698457
v 0.042011672 -0.004433125 0.008698457
v 0.042737265 -0.004084075 0.008698457
v 0.043392095 -0.003615542 0.008698457
v 0.043956680 -0.003041463 0.008698457
v -0.087182569 -0.002889977 0.008698457
v 0.044414228 -0.002378912 0.008698457
v 0.044751131 -0.001647598 0.008698457
v -0.086876354 -0.001016336 0.008698457
v 0.044957364 -0.000869273 0.008698457
v 0.045026800 -0.000067087 0.008698457
v 0.044957364 0.000735099 0.008698457
v -0.086876354 0.000882163 0.008698457
v 0.044751131 0.001513425 0.008698457
v 0.044414228 0.002244739 0.008698457
v -0.087182569 0.002755804 0.008698457
v 0.043956680 0.002907290 0.008698457
v 0.043392095 0.003481369 0.008698457
v 0.042737265 0.003949902 0.008698457
v 0.042011672 0.004298951 0.008698457
v 0.041236893 0.004518136 0.008698457
v -0.087786974 0.004555523 0.008698457
v 0.040435976 0.004600936 0.008698457
v -0.088673745 0.006234193 0.008698457
v -0.089028984 0.006760082 0.008698461
v -0.089029536 -0.006894548 0.008698507
v 0.052088217 0.009854258 0.008710031
v -0.089175220 -0.006970398 0.008714419
v -0.089175220 0.006836224 0.008714419
v 0.067344689 -0.004829493 0.008723747
v 0.069360117 -0.004329142 0.008723747
v 0.063792825 0.009477465 0.008723747
v 0.065808247 0.009977817 0.008723747
v -0.089252771 -0.007010299 0.008726072
v -0.089252771 0.006876126 0.008726072
v -0.089253174 -0.007010503 0.008726138
v -0.088769195 -0.006307590 0.008726351
v 0.040437863 -0.004848250 0.008726351
v 0.041258193 -0.004763443 0.008726351
v -0.087890976 -0.004645111 0.008726351
v 0.042051751 -0.004538946 0.008726351
v 0.042794931 -0.004181436 0.008726351
v 0.043465630 -0.003701547 0.008726351
v 0.044043899 -0.003113554 0.008726351
v -0.087292399 -0.002862750 0.008726351
v 0.044512536 -0.002434945 0.008726351
v 0.044857605 -0.001685906 0.008726351
v -0.086989139 -0.001007180 0.008726351
v 0.045068840 -0.000888716 0.008726351
v 0.045139955 -0.000067087 0.008726351
v 0.045068840 0.000754542 0.008726351
v -0.086989139 0.000873007 0.008726351
v 0.044857605 0.001551733 0.008726351
v 0.044512536 0.002300772 0.008726351
v -0.087292399 0.002728577 0.008726351
v 0.044043899 0.002979380 0.008726351
v 0.043465630 0.003567374 0.008726351
v 0.042794931 0.004047263 0.008726351
v 0.042051751 0.004404773 0.008726351
v -0.087890976 0.004510938 0.008726351
v 0.041258193 0.004629270 0.008726351
v 0.040437863 0.004714077 0.008726351
v -0.088769195 0.006173416 0.008726351
v -0.098379329 -0.011493474 0.008727449
v -0.100282484 -0.011366009 0.008727449
v -0.102137931 -0.010923775 0.008727449
v -0.103893973 -0.010179093 0.008727449
v 0.049414871 -0.009362439 0.008727449
v -0.105501707 -0.009152709 0.008727449
v 0.047514820 -0.009143960 0.008727449
v 0.045602947 -0.009092243 0.008727449
v -0.106916321 -0.007873215 0.008727449
v -0.108098425 -0.006376255 0.008727449
v -0.109015072 -0.004703534 0.008727449
v -0.109640739 -0.002901648 0.008727449
v -0.109957993 -0.001020797 0.008727449
v -0.109957993 0.000886624 0.008727449
v -0.109640739 0.002767475 0.008727449
v -0.109015072 0.004569361 0.008727449
v -0.108098425 0.006242082 0.008727449
v -0.106916321 0.007739042 0.008727449
v 0.046012910 0.008955074 0.008727449
v 0.045602947 0.008958070 0.008727449
v -0.105501707 0.009018536 0.008727449
v -0.103893973 0.010044920 0.008727449
v -0.102137931 0.010789602 0.008727449
v -0.100282484 0.011231835 0.008727449
v -0.098379329 0.011359301 0.008727449
v 0.046660471 0.008965716 0.008730789
v 0.062548014 0.014518756 0.008730924
v 0.064251375 0.016221756 0.008730924
v 0.061118584 0.014976027 0.008744719
v 0.051158289 -0.009712853 0.008745033
v 0.056814561 -0.011991993 0.008754539
v 0.048420501 0.009089842 0.008770576
v -0.089471232 0.006986759 0.008771473
v -0.089471629 -0.007121133 0.008771575
v -0.089471629 0.006986960 0.008771575
v -0.088859635 -0.006250004 0.008772037
v 0.040439653 -0.004955451 0.008772037
v 0.041278373 -0.004868743 0.008772037
v 0.042089723 -0.004639212 0.008772037
v -0.087989519 -0.004602866 0.008772037
v 0.042849567 -0.004273686 0.008772037
v 0.043535304 -0.003783037 0.008772037
v 0.044126541 -0.003181860 0.008772037
v -0.087396467 -0.002836952 0.008772037
v 0.044605686 -0.002488036 0.008772037
v 0.044958488 -0.001722202 0.008772037
v -0.087096008 -0.000998505 0.008772037
v 0.045174461 -0.000907138 0.008772037
v 0.045247169 -0.000067087 0.008772037
v 0.045174461 0.000772965 0.008772037
v -0.087096008 0.000864332 0.008772037
v 0.044958488 0.001588029 0.008772037
v 0.044605686 0.002353863 0.008772037
v -0.087396467 0.002702779 0.008772037
v 0.044126541 0.003047687 0.008772037
v 0.043535304 0.003648864 0.008772037
v 0.042849567 0.004139513 0.008772037
v -0.087989519 0.004468693 0.008772037
v 0.042089723 0.004505039 0.008772037
v 0.041278373 0.004734570 0.008772037
v 0.040439653 0.004821278 0.008772037
v -0.088859635 0.006115830 0.008772037
v 0.048630654 0.009114025 0.008778417
v -0.098569886 -0.006743055 0.008778577
v -0.099729152 -0.006641633 0.008778577
v -0.097410609 -0.006641633 0.008778577
v -0.100853195 -0.006340446 0.008778577
v -0.096286577 -0.006340446 0.008778577
v -0.101907863 -0.005848645 0.008778577
v -0.095231909 -0.005848645 0.008778577
v -0.102861115 -0.005181176 0.008778577
v -0.094278646 -0.005181176 0.008778577
v -0.103683969 -0.004358317 0.008778577
v -0.093455803 -0.004358317 0.008778577
v -0.104351445 -0.003405071 0.008778577
v -0.092788327 -0.003405071 0.008778577
v -0.104843247 -0.002350402 0.008778577
v -0.092296526 -0.002350402 0.008778577
v -0.105144435 -0.001226356 0.008778577
v -0.091995343 -0.001226356 0.008778577
v -0.105245862 -0.000067087 0.008778577
v -0.091893915 -0.000067087 0.008778577
v -0.105144435 0.001092183 0.008778577
v -0.091995343 0.001092183 0.008778577
v -0.104843247 0.002216229 0.008778577
v -0.092296526 0.002216229 0.008778577
v -0.104351445 0.003270898 0.008778577
v -0.092788327 0.003270898 0.008778577
v -0.103683969 0.004224144 0.008778577
v -0.093455803 0.004224144 0.008778577
v -0.102861115 0.005047003 0.008778577
v -0.094278646 0.005047003 0.008778577
v -0.101907863 0.005714472 0.008778577
v -0.095231909 0.005714472 0.008778577
v -0.100853195 0.006206273 0.008778577
v -0.096286577 0.006206273 0.008778577
v -0.099729152 0.006507460 0.008778577
v -0.097410609 0.006507460 0.008778577
v -0.098569886 0.006608882 0.008778577
v -0.089555473 -0.007162895 0.008794363
v -0.089555473 0.007028722 0.008794363
v 0.052864584 -0.010200192 0.008797761
v 0.069193596 -0.011724140 0.008808599
v 0.070950488 -0.011287972 0.008808599
v 0.067475744 -0.004804606 0.008808599
v 0.069232631 -0.004368438 0.008808599
v 0.063920300 0.009516761 0.008808599
v 0.065677198 0.009952929 0.008808599
v 0.053038364 0.010147674 0.008810233
v 0.062653784 0.014612410 0.008811000
v 0.064150346 0.016108648 0.008811051
v 0.062659993 0.014617976 0.008815232
v 0.064144462 0.016102139 0.008815232
v 0.057648481 -0.012487416 0.008827393
v -0.089674805 -0.007221674 0.008832655
v -0.089674805 0.007087501 0.008832655
v -0.089675169 -0.007221853 0.008832784
v -0.089675169 0.007087680 0.008832784
v -0.088942716 -0.006197101 0.008834333
v 0.040441293 -0.005053935 0.008834333
v 0.041296913 -0.004965480 0.008834333
v 0.042124607 -0.004731325 0.008834333
v -0.088080047 -0.004564056 0.008834333
v 0.042899761 -0.004358434 0.008834333
v 0.043599314 -0.003857901 0.008834333
v 0.044202459 -0.003244612 0.008834333
v -0.087492067 -0.002813252 0.008834333
v 0.044691258 -0.002536810 0.008834333
v 0.045051170 -0.001755547 0.008834333
v -0.087194182 -0.000990536 0.008834333
v 0.045271493 -0.000924062 0.008834333
v 0.045345666 -0.000067087 0.008834333
v 0.045271493 0.000789889 0.008834333
v -0.087194182 0.000856363 0.008834333
v 0.045051170 0.001621374 0.008834333
v 0.044691258 0.002402637 0.008834333
v -0.087492067 0.002679079 0.008834333
v 0.044202459 0.003110439 0.008834333
v 0.043599314 0.003723728 0.008834333
v 0.042899761 0.004224261 0.008834333
v -0.088080047 0.004429883 0.008834333
v 0.042124607 0.004597152 0.008834333
v 0.041296913 0.004831307 0.008834333
v 0.040441293 0.004919762 0.008834333
v -0.088942716 0.006062928 0.008834333
v 0.061197754 0.015029423 0.008860184
v 0.050369431 0.009392015 0.008869639
v 0.054531755 -0.010824208 0.008880773
v 0.067613234 -0.004777047 0.008881519
v 0.069098217 -0.004408382 0.008881519
v 0.064054714 0.009556704 0.008881519
v 0.065539708 0.009925370 0.008881519
v 0.064202198 0.017455077 0.008883736
v 0.062777215 0.014724407 0.008886570
v 0.064031522 0.015978448 0.008886570
v 0.058341248 -0.012937977 0.008892357
v 0.053766796 0.010404122 0.008898253
v -0.089016300 -0.006150250 0.008911623
v 0.040442749 -0.005141151 0.008911623
v 0.041313331 -0.005051148 0.008911623
v 0.042155502 -0.004812898 0.008911623
v -0.088160222 -0.004529687 0.008911623
v 0.042944213 -0.004433487 0.008911623
v 0.043656000 -0.003924199 0.008911623
v 0.044269694 -0.003300185 0.008911623
v -0.087576738 -0.002792264 0.008911623
v 0.044767041 -0.002580003 0.008911623
v 0.045133249 -0.001785077 0.008911623
v -0.087281124 -0.000983478 0.008911623
v 0.045357422 -0.000939050 0.008911623
v 0.045432896 -0.000067087 0.008911623
v 0.045357422 0.000804877 0.008911623
v -0.087281124 0.000849305 0.008911623
v 0.045133249 0.001650904 0.008911623
v 0.044767041 0.002445830 0.008911623
v -0.087576738 0.002658091 0.008911623
v 0.044269694 0.003166012 0.008911623
v 0.043656000 0.003790026 0.008911623
v 0.042944213 0.004299314 0.008911623
v -0.088160222 0.004395514 0.008911623
v 0.042155502 0.004678725 0.008911623
v 0.041313331 0.004916975 0.008911623
v 0.040442749 0.005006977 0.008911623
v -0.089016300 0.006016077 0.008911623
v -0.089871765 -0.007316985 0.008914286
v -0.089871765 0.007182812 0.008914286
v 0.055211931 -0.011123822 0.008922989
v 0.069471145 -0.011655235 0.008941953
v 0.070672933 -0.011356878 0.008941953
v 0.067756106 -0.004747024 0.008941953
v 0.068957893 -0.004448667 0.008941953
v 0.064195049 0.009596991 0.008941953
v 0.065396831 0.009895347 0.008941953
v 0.062894364 0.014832997 0.008943081
v 0.063917532 0.015855934 0.008943185
v 0.062898756 0.014837108 0.008944938
v 0.063913489 0.015851625 0.008944938
v 0.067903286 -0.004714766 0.008989441
v 0.068812718 -0.004488989 0.008989441
v 0.064340218 0.009637313 0.008989441
v 0.065249656 0.009863090 0.008989441
v 0.063023673 0.014955141 0.008990335
v 0.063791301 0.015722611 0.008990335
v -0.090027027 -0.007390620 0.009001736
v -0.090027027 0.007256447 0.009001736
v -0.089078466 -0.006110667 0.009001906
v 0.040443976 -0.005214839 0.009001906
v 0.041327203 -0.005123529 0.009001906
v 0.042181604 -0.004881819 0.009001906
v -0.088227956 -0.004500649 0.009001906
v 0.042981770 -0.004496897 0.009001906
v 0.043703893 -0.003980214 0.009001906
v 0.044326501 -0.003347137 0.009001906
v -0.087648268 -0.002774531 0.009001906
v 0.044831071 -0.002616497 0.009001906
v 0.045202596 -0.001810026 0.009001906
v -0.087354582 -0.000977515 0.009001906
v 0.045430023 -0.000951713 0.009001906
v 0.045506594 -0.000067087 0.009001906
v 0.045430023 0.000817540 0.009001906
v -0.087354582 0.000843342 0.009001906
v 0.045202596 0.001675853 0.009001906
v 0.044831071 0.002482324 0.009001906
v -0.087648268 0.002640358 0.009001906
v 0.044326501 0.003212964 0.009001906
v 0.043703893 0.003846041 0.009001906
v 0.042981770 0.004362724 0.009001906
v -0.088227956 0.004366475 0.009001906
v 0.042181604 0.004747646 0.009001906
v 0.041327203 0.004989356 0.009001906
v 0.040443976 0.005080666 0.009001906
v -0.089078466 0.005976494 0.009001906
v -0.090031524 -0.007392733 0.009004704
v -0.090031524 0.007258560 0.009004704
v 0.052078157 0.009804155 0.009007049
v -0.098380864 -0.011401353 0.009017789
v -0.100268673 -0.011274917 0.009017789
v -0.102109160 -0.010836249 0.009017789
v -0.103851048 -0.010097570 0.009017789
v 0.049429389 -0.009271457 0.009017789
v -0.105445811 -0.009079461 0.009017789
v 0.047521339 -0.009052058 0.009017789
v 0.045601408 -0.009000123 0.009017789
v -0.106849034 -0.007810282 0.009017789
v -0.108021603 -0.006325391 0.009017789
v -0.108930869 -0.004666154 0.009017789
v -0.109551488 -0.002878796 0.009017789
v -0.109866178 -0.001013108 0.009017789
v -0.109866178 0.000878935 0.009017789
v -0.109551488 0.002744623 0.009017789
v -0.108930869 0.004531981 0.009017789
v -0.108021603 0.006191218 0.009017789
v -0.106849034 0.007676108 0.009017789
v 0.046013098 0.008862942 0.009017789
v 0.045601408 0.008865950 0.009017789
v -0.105445811 0.008945288 0.009017789
v -0.103851048 0.009963397 0.009017789
v -0.102109160 0.010702076 0.009017789
v -0.100268673 0.011140743 0.009017789
v -0.098380864 0.011267180 0.009017789
v 0.046661046 0.008873342 0.009021382
v 0.063148646 0.015075264 0.009022279
v 0.063668047 0.015594554 0.009022320
v 0.063151015 0.015077563 0.009022761
v 0.063665903 0.015592342 0.009022761
v 0.069766959 -0.011581796 0.009023621
v 0.070377119 -0.011430317 0.009023621
v 0.068053637 -0.004680520 0.009023621
v 0.068663803 -0.004529040 0.009023621
v 0.064489133 0.009677364 0.009023621
v 0.065099294 0.009828843 0.009023621
v 0.059720030 -0.013951837 0.009032365
v 0.051174713 -0.009622935 0.009033385
v 0.061340741 0.015126930 0.009036740
v 0.056820539 -0.011945597 0.009040601
v 0.063279855 0.015203435 0.009042217
v 0.063538235 0.015461765 0.009042217
v 0.068206032 -0.004644545 0.009044234
v 0.068512281 -0.004568516 0.009044234
v 0.064640661 0.009716839 0.009044234
v 0.064946904 0.009792868 0.009044234
v 0.063409241 0.015331815 0.009048703
v 0.070072042 -0.011506057 0.009051123
v 0.068359300 -0.004607116 0.009051123
v 0.064793636 0.009755439 0.009051123
v -0.098569886 -0.006840912 0.009060109
v -0.099746145 -0.006738002 0.009060109
v -0.097393627 -0.006738002 0.009060109
v -0.100886673 -0.006432400 0.009060109
v -0.096253110 -0.006432400 0.009060109
v -0.101956798 -0.005933391 0.009060109
v -0.095182974 -0.005933391 0.009060109
v -0.102924015 -0.005256137 0.009060109
v -0.094215757 -0.005256137 0.009060109
v -0.103758935 -0.004421217 0.009060109
v -0.093380837 -0.004421217 0.009060109
v -0.104436189 -0.003453999 0.009060109
v -0.092703583 -0.003453999 0.009060109
v -0.104935194 -0.002383871 0.009060109
v -0.092204578 -0.002383871 0.009060109
v -0.105240802 -0.001243349 0.009060109
v -0.091898964 -0.001243349 0.009060109
v -0.105343710 -0.000067087 0.009060109
v -0.091796062 -0.000067087 0.009060109
v -0.105240802 0.001109176 0.009060109
v -0.091898964 0.001109176 0.009060109
v -0.104935194 0.002249698 0.009060109
v -0.092204578 0.002249698 0.009060109
v -0.104436189 0.003319826 0.009060109
v -0.092703583 0.003319826 0.009060109
v -0.103758935 0.004287044 0.009060109
v -0.093380837 0.004287044 0.009060109
v -0.102924015 0.005121964 0.009060109
v -0.094215757 0.005121964 0.009060109
v -0.101956798 0.005799218 0.009060109
v -0.095182974 0.005799218 0.009060109
v -0.100886673 0.006298227 0.009060109
v -0.096253110 0.006298227 0.009060109
v -0.099746145 0.006603829 0.009060109
v -0.097393627 0.006603829 0.009060109
v -0.098569886 0.006706739 0.009060109
v 0.048422031 0.008996499 0.009060953
v 0.048632300 0.009020536 0.009068676
v 0.061092548 -0.004926580 0.009071904
v 0.058221214 0.006639172 0.009071904
v 0.061111994 -0.004999893 0.009080299
v 0.060218052 -0.014348917 0.009082255
v 0.052883621 -0.010111263 0.009083182
v 0.064041787 0.017304490 0.009083939
v 0.058180522 0.006870038 0.009099759
v 0.058178726 0.006890055 0.009102397
v 0.061172331 -0.005168223 0.009102400
v -0.090156828 -0.007451169 0.009102844
v -0.089311821 -0.006359342 0.009102844
v -0.089127605 -0.006079375 0.009102844
v 0.040444951 -0.005273090 0.009102844
v 0.041338169 -0.005180747 0.009102844
v 0.042202241 -0.004936302 0.009102844
v -0.088378175 -0.004696693 0.009102844
v 0.043011458 -0.004547024 0.009102844
v -0.088281504 -0.004477693 0.009102844
v 0.043741752 -0.004024494 0.009102844
v 0.044371408 -0.003384253 0.009102844
v -0.087740271 -0.002899702 0.009102844
v -0.087704815 -0.002760513 0.009102844
v 0.044881686 -0.002645345 0.009102844
v 0.045257414 -0.001829749 0.009102844
v -0.087412648 -0.000972801 0.009102844
v 0.045487419 -0.000961723 0.009102844
v 0.045564854 -0.000067087 0.009102844
v 0.045564854 -0.000067087 0.009102844
v 0.045487419 0.000827550 0.009102844
v -0.087412648 0.000838628 0.009102844
v 0.045257414 0.001695576 0.009102844
v 0.044881686 0.002511172 0.009102844
v -0.087704815 0.002626340 0.009102844
v -0.087740271 0.002765529 0.009102844
v 0.044371408 0.003250080 0.009102844
v 0.043741752 0.003890321 0.009102844
v -0.088281504 0.004343520 0.009102844
v 0.043011458 0.004412851 0.009102844
v -0.088378175 0.004562520 0.009102844
v 0.042202241 0.004802129 0.009102844
v 0.041338169 0.005046574 0.009102844
v 0.040444951 0.005138917 0.009102844
v -0.089127605 0.005945202 0.009102844
v -0.089311821 0.006225169 0.009102844
v -0.090156828 0.007316996 0.009102844
v 0.061193865 -0.005216261 0.009109492
v 0.061207322 -0.005244147 0.009113784
v 0.058176124 0.007100576 0.009132317
v 0.061433396 0.015191131 0.009134155
v 0.079489529 -0.027918978 0.009134156
v 0.078285278 -0.027510307 0.009134156
v 0.093773664 -0.027342786 0.009134156
v 0.076953519 -0.026962776 0.009134156
v 0.095205281 -0.026712757 0.009134156
v 0.075134914 -0.026037110 0.009134156
v 0.074515417 -0.025670074 0.009134156
v 0.097921414 -0.025200591 0.009134156
v 0.098880974 -0.024563245 0.009134156
v 0.072262437 -0.024076493 0.009134156
v 0.100447431 -0.023388599 0.009134156
v 0.102176502 -0.021866817 0.009134156
v 0.102750362 -0.021300412 0.009134156
v 0.104800212 -0.018963269 0.009134156
v 0.106570197 -0.016407651 0.009134156
v 0.107315699 -0.015108885 0.009134156
v 0.060716145 -0.014745684 0.009134156
v 0.108037259 -0.013666890 0.009134156
v 0.109182272 -0.010776731 0.009134156
v 0.109959551 -0.007920062 0.009134156
v 0.055410206 0.011088288 0.009134156
v 0.057634466 0.012315253 0.009134156
v 0.059725472 0.013810925 0.009134156
v 0.063995304 0.017261469 0.009134156
v 0.067558179 0.020140704 0.009134156
v 0.058178257 0.007131505 0.009137057
v 0.058179295 0.007144037 0.009139003
v 0.061291624 -0.005392438 0.009139005
v 0.061325174 -0.005442080 0.009148468
v 0.050372161 0.009297055 0.009158149
v 0.054554228 -0.010736428 0.009162492
v 0.058350252 -0.012890833 0.009173484
v 0.058214927 0.007362062 0.009175424
v 0.058222877 0.007393527 0.009181109
v 0.061446820 -0.005592572 0.009181110
v 0.061474215 -0.005621467 0.009188200
v 0.053755498 0.010349541 0.009190846
v 0.061495545 -0.005642923 0.009193672
v 0.079525615 -0.027924427 0.009195244
v 0.073427675 -0.003361828 0.009195244
v 0.069855929 0.011025201 0.009195244
v 0.067588618 0.020158408 0.009195427
v 0.055236084 -0.011036623 0.009202985
v 0.058285805 0.007580046 0.009217400
v 0.058297787 0.007608169 0.009223298
v 0.061633207 -0.005762684 0.009228191
v 0.058308063 0.007631063 0.009228192
v -0.090315836 -0.007524090 0.009236302
v -0.090315836 0.007389917 0.009236302
v 0.061670557 -0.005790367 0.009237380
v 0.061574107 0.015290718 0.009259760
v 0.063860615 0.017138491 0.009259760
v 0.058407336 0.007812244 0.009270241
v 0.058432190 0.007849550 0.009279748
v 0.061845121 -0.005897753 0.009279750
v 0.061868749 -0.005909807 0.009285439
v -0.098383196 -0.011261862 0.009288569
v -0.100247769 -0.011136981 0.009288569
v -0.102065606 -0.010703712 0.009288569
v -0.103786060 -0.009974126 0.009288569
v 0.049451370 -0.009133689 0.009288569
v -0.105361200 -0.008968546 0.009288569
v 0.047531200 -0.008912897 0.009288569
v 0.045599085 -0.008860632 0.009288569
v -0.106747131 -0.007714986 0.009288569
v -0.107905282 -0.006248370 0.009288569
v -0.108803356 -0.004609553 0.009288569
v -0.109416329 -0.002844192 0.009288569
v -0.109727163 -0.001001465 0.009288569
v -0.109727163 0.000867292 0.009288569
v -0.109416329 0.002710019 0.009288569
v -0.108803356 0.004475380 0.009288569
v -0.107905282 0.006114197 0.009288569
v -0.106747131 0.007580813 0.009288569
v 0.046013391 0.008723432 0.009288569
v 0.045599085 0.008726459 0.009288569
v -0.105361200 0.008834373 0.009288569
v -0.103786060 0.009839953 0.009288569
v -0.102065606 0.010569539 0.009288569
v -0.100247769 0.011002808 0.009288569
v -0.098383196 0.011127689 0.009288569
v 0.061895515 -0.005922810 0.009291873
v 0.046663266 0.008733532 0.009292353
v 0.052082400 0.009707384 0.009292441
v 0.051202534 -0.009487676 0.009302519
v 0.059732797 -0.013904689 0.009308719
v 0.056849337 -0.011860194 0.009316094
v 0.058545003 0.007992993 0.009319808
v -0.098569886 -0.006983638 0.009321768
v -0.099770928 -0.006878560 0.009321768
v -0.097368844 -0.006878560 0.009321768
v -0.100935486 -0.006566519 0.009321768
v -0.096204286 -0.006566519 0.009321768
v -0.102028162 -0.006056996 0.009321768
v -0.095111610 -0.006056996 0.009321768
v -0.103015764 -0.005365472 0.009321768
v -0.094124008 -0.005365472 0.009321768
v -0.103868273 -0.004512960 0.009321768
v -0.093271499 -0.004512960 0.009321768
v -0.104559802 -0.003525362 0.009321768
v -0.092579970 -0.003525362 0.009321768
v -0.105069315 -0.002432686 0.009321768
v -0.092070457 -0.002432686 0.009321768
v -0.105381353 -0.001268133 0.009321768
v -0.091758408 -0.001268133 0.009321768
v -0.105486438 -0.000067087 0.009321768
v -0.091653335 -0.000067087 0.009321768
v -0.105381353 0.001133960 0.009321768
v -0.091758408 0.001133960 0.009321768
v -0.105069315 0.002298513 0.009321768
v -0.092070457 0.002298513 0.009321768
v -0.104559802 0.003391189 0.009321768
v -0.092579970 0.003391189 0.009321768
v -0.103868273 0.004378787 0.009321768
v -0.093271499 0.004378787 0.009321768
v -0.103015764 0.005231299 0.009321768
v -0.094124008 0.005231299 0.009321768
v -0.102028162 0.005922823 0.009321768
v -0.095111610 0.005922823 0.009321768
v -0.100935486 0.006432346 0.009321768
v -0.096204286 0.006432346 0.009321768
v -0.099770928 0.006744387 0.009321768
v -0.097368844 0.006744387 0.009321768
v -0.098569886 0.006849465 0.009321768
v 0.058565819 0.008015763 0.009326775
v 0.048429417 0.008856059 0.009331611
v 0.058591435 0.008042489 0.009335207
v 0.062076106 -0.005993808 0.009335208
v 0.048640305 0.008880038 0.009339213
v 0.062107501 -0.006003365 0.009342745
v 0.052917662 -0.009978993 0.009349793
v 0.056791591 0.011788132 0.009354831
v -0.089432274 -0.006277471 0.009355186
v 0.040447379 -0.005418718 0.009355186
v 0.041365584 -0.005323792 0.009355186
v 0.042253824 -0.005072509 0.009355186
v 0.043085678 -0.004672342 0.009355186
v -0.088510782 -0.004636456 0.009355186
v 0.043836404 -0.004135195 0.009355186
v 0.044483669 -0.003477045 0.009355186
v -0.087881175 -0.002862846 0.009355186
v 0.045008224 -0.002717467 0.009355186
v 0.045394463 -0.001879056 0.009355186
v -0.087561745 -0.001008109 0.009355186
v 0.045630903 -0.000986749 0.009355186
v 0.045710504 -0.000067087 0.009355186
v 0.045630903 0.000852576 0.009355186
v -0.087561745 0.000873936 0.009355186
v 0.045394463 0.001744883 0.009355186
v 0.045008224 0.002583294 0.009355186
v -0.087881175 0.002728673 0.009355186
v 0.044483669 0.003342872 0.009355186
v 0.043836404 0.004001022 0.009355186
v -0.088510782 0.004502283 0.009355186
v 0.043085678 0.004538169 0.009355186
v 0.042253824 0.004938336 0.009355186
v 0.041365584 0.005189619 0.009355186
v 0.040447379 0.005284545 0.009355186
v -0.089432274 0.006143298 0.009355186
v 0.060230471 -0.014301045 0.009357281
v 0.061045718 -0.004938206 0.009357525
v 0.058174390 0.006627546 0.009357525
v -0.090496057 -0.007605071 0.009358908
v -0.090496057 0.007470898 0.009358908
v 0.061064313 -0.005012545 0.009364916
v 0.061723552 0.015399240 0.009368618
v 0.063716236 0.017009570 0.009368618
v 0.058735345 0.008170302 0.009380230
v 0.058129907 0.006860386 0.009382288
v 0.061144007 -0.005232675 0.009391077
v 0.058780888 0.008204116 0.009393817
v 0.062319178 -0.006048064 0.009393824
v 0.061157222 -0.005261128 0.009394970
v 0.062332017 -0.006049708 0.009396942
v 0.062362230 -0.006053107 0.009404291
v 0.060728244 -0.014697077 0.009407830
v 0.058122046 0.007093944 0.009411887
v 0.086762861 -0.028821529 0.009413168
v 0.088557446 -0.028666786 0.009413168
v 0.091955998 -0.027947356 0.009413168
v 0.093767731 -0.027318877 0.009413168
v 0.089370313 -0.009605983 0.009413168
v 0.089117490 -0.008587609 0.009413168
v 0.087183934 -0.006806048 0.009413168
v 0.087624469 -0.006740092 0.009413168
v 0.087614315 -0.006699200 0.009413168
v 0.073435989 0.024859310 0.009413168
v 0.078338992 0.028821529 0.009413168
v 0.058123748 0.007125353 0.009416238
v 0.055399053 0.011028720 0.009420997
v 0.054594920 -0.010607760 0.009425863
v 0.061273819 -0.005463634 0.009426751
v 0.050385297 0.009156252 0.009426969
v 0.058923698 0.008293450 0.009434874
v -0.090628327 -0.007663376 0.009435397
v -0.090628327 0.007529203 0.009435397
v 0.060731625 -0.014688720 0.009441453
v 0.058951116 0.008308009 0.009442525
v 0.058384376 -0.012807917 0.009444219
v 0.058157546 0.007360010 0.009451764
v 0.058994791 0.008329635 0.009454580
v 0.062566946 -0.006058963 0.009454586
v -0.090673571 -0.007683097 0.009459461
v -0.090673571 0.007548924 0.009459461
v 0.062586834 -0.006057939 0.009459525
v 0.061880174 0.015515454 0.009460728
v 0.063563890 0.016876098 0.009460728
v 0.061422552 -0.005648090 0.009463695
v 0.055279677 -0.010909665 0.009464838
v 0.061443920 -0.005670221 0.009468817
v 0.053761940 0.010250784 0.009471778
v 0.067749327 0.020255780 0.009484390
v 0.079719675 -0.027956077 0.009486111
v 0.058226385 0.007582707 0.009491111
v 0.058238163 0.007611497 0.009496671
v 0.059158213 0.008394810 0.009498379
v 0.061619794 -0.005822796 0.009509972
v 0.062811957 -0.006026227 0.009516180
v 0.059226688 0.008415303 0.009516180
v 0.064203595 -0.017520655 0.009519207
v -0.098386234 -0.011078949 0.009532124
v -0.100220357 -0.010956109 0.009532124
v -0.102008495 -0.010529919 0.009532124
v -0.103700830 -0.009812253 0.009532124
v 0.049480191 -0.008953036 0.009532124
v -0.105250227 -0.008823104 0.009532124
v 0.047544138 -0.008730417 0.009532124
v 0.045596030 -0.008677719 0.009532124
v -0.106613530 -0.007590026 0.009532124
v -0.107752743 -0.006147373 0.009532124
v -0.108636144 -0.004535334 0.009532124
v -0.109239118 -0.002798817 0.009532124
v -0.109544858 -0.000986198 0.009532124
v -0.109544858 0.000852025 0.009532124
v -0.109239118 0.002664643 0.009532124
v -0.108636144 0.004401161 0.009532124
v -0.107752743 0.006013200 0.009532124
v -0.106613530 0.007455853 0.009532124
v 0.046013767 0.008540494 0.009532124
v 0.045596030 0.008543546 0.009532124
v -0.105250227 0.008688931 0.009532124
v -0.103700830 0.009678080 0.009532124
v -0.102008495 0.010395746 0.009532124
v -0.100220357 0.010821936 0.009532124
v -0.098386234 0.010944776 0.009532124
v 0.046667067 0.008550250 0.009536015
v 0.062042723 0.015638335 0.009536090
v 0.063404849 0.016739095 0.009536090
v 0.058346717 0.007820847 0.009541140
v 0.051240972 -0.009310854 0.009544919
v 0.061819897 -0.005947288 0.009555608
v -0.098569886 -0.007167366 0.009556459
v -0.099802836 -0.007059497 0.009556459
v -0.097336936 -0.007059497 0.009556459
v -0.100998320 -0.006739167 0.009556459
v -0.096141452 -0.006739167 0.009556459
v -0.102120021 -0.006216109 0.009556459
v -0.095019751 -0.006216109 0.009556459
v -0.103133853 -0.005506216 0.009556459
v -0.094005919 -0.005506216 0.009556459
v -0.104009012 -0.004631058 0.009556459
v -0.093130760 -0.004631058 0.009556459
v -0.104718904 -0.003617226 0.009556459
v -0.092420868 -0.003617226 0.009556459
v -0.105241962 -0.002495525 0.009556459
v -0.091897810 -0.002495525 0.009556459
v -0.105562298 -0.001300037 0.009556459
v -0.091577474 -0.001300037 0.009556459
v -0.105670167 -0.000067087 0.009556459
v -0.091469605 -0.000067087 0.009556459
v -0.105562298 0.001165864 0.009556459
v -0.091577474 0.001165864 0.009556459
v -0.105241962 0.002361352 0.009556459
v -0.091897810 0.002361352 0.009556459
v -0.104718904 0.003483053 0.009556459
v -0.092420868 0.003483053 0.009556459
v -0.104009012 0.004496885 0.009556459
v -0.093130760 0.004496885 0.009556459
v -0.103133853 0.005372043 0.009556459
v -0.094005919 0.005372043 0.009556459
v -0.102120021 0.006081936 0.009556459
v -0.095019751 0.006081936 0.009556459
v -0.100998320 0.006604994 0.009556459
v -0.096141452 0.006604994 0.009556459
v -0.099802836 0.006925324 0.009556459
v -0.097336936 0.006925324 0.009556459
v -0.098569886 0.007033193 0.009556459
v 0.052100818 0.009566623 0.009558296
v 0.061846983 -0.005960918 0.009561743
v 0.056900216 -0.011737970 0.009573955
v 0.059772517 -0.013824953 0.009574842
v 0.048442444 0.008672507 0.009574867
v -0.090751526 -0.007610345 0.009580894
v -0.089584658 -0.006173905 0.009580894
v 0.040450450 -0.005602938 0.009580894
v 0.041400263 -0.005504744 0.009580894
v 0.042319081 -0.005244811 0.009580894
v 0.043179570 -0.004830869 0.009580894
v -0.088678529 -0.004560255 0.009580894
v 0.043956139 -0.004275232 0.009580894
v 0.044625684 -0.003594426 0.009580894
v -0.088059430 -0.002816223 0.009580894
v 0.045168295 -0.002808702 0.009580894
v 0.045567831 -0.001941430 0.009580894
v 0.045812403 -0.001018406 0.009580894
v -0.087745315 -0.000992416 0.009580894
v 0.045894747 -0.000067087 0.009580894
v -0.087745315 0.000858243 0.009580894
v 0.045812403 0.000884233 0.009580894
v 0.045567831 0.001807257 0.009580894
v 0.045168295 0.002674529 0.009580894
v -0.088059430 0.002682050 0.009580894
v 0.044625684 0.003460253 0.009580894
v 0.043956139 0.004141059 0.009580894
v -0.088678529 0.004426082 0.009580894
v 0.043179570 0.004696696 0.009580894
v 0.042319081 0.005110638 0.009580894
v 0.041400263 0.005370571 0.009580894
v 0.040450450 0.005468764 0.009580894
v -0.089584658 0.006039732 0.009580894
v -0.090751526 0.007476172 0.009580894
v 0.048654425 0.008696520 0.009582350
v -0.090946630 -0.007799765 0.009586579
v -0.090946630 0.007665591 0.009586579
v 0.058484450 0.008006980 0.009588431
v 0.052965768 -0.009807003 0.009590294
v 0.062209940 0.015766868 0.009594706
v 0.063240361 0.016599579 0.009594706
v 0.058505354 0.008030484 0.009595101
v 0.062061969 -0.006045989 0.009610407
v 0.060269616 -0.014220883 0.009622097
v 0.060955267 -0.004960661 0.009631792
v 0.058083939 0.006605092 0.009631792
v 0.062380549 0.015900031 0.009636574
v 0.063071702 0.016458571 0.009636574
v 0.060973929 -0.005038224 0.009638067
v 0.056780321 0.011726292 0.009638394
v 0.058316880 0.012709227 0.009643034
v 0.058676212 0.008190431 0.009646421
v 0.058035391 0.006847211 0.009653158
v 0.061054866 -0.005268423 0.009660931
v 0.062553285 0.016036802 0.009661695
v 0.062900126 0.016317093 0.009661695
v 0.062290474 -0.006096271 0.009662513
v 0.054652755 -0.010441642 0.009663848
v 0.061068373 -0.005298234 0.009664399
v 0.050408472 0.008973570 0.009668531
v 0.062321283 -0.006100132 0.009669597
v 0.062726904 0.016176162 0.009670069
v 0.060766820 -0.014616485 0.009671312
v -0.091182708 -0.007897357 0.009676547
v -0.091182708 0.007763184 0.009676547
v 0.058024884 0.007090813 0.009679614
v 0.058026348 0.007123624 0.009683562
v 0.061188075 -0.005510801 0.009693148
v 0.055408593 0.010928044 0.009696176
v 0.058442785 -0.012691290 0.009697839
v 0.058867018 0.008318617 0.009699113
v 0.055341561 -0.010746306 0.009701627
v 0.058894855 0.008333835 0.009706508
v 0.058059295 0.007369126 0.009716198
v 0.062550754 -0.006107857 0.009722951
v 0.061341658 -0.005705071 0.009727293
v 0.061363772 -0.005728426 0.009732074
v 0.053785938 0.010110526 0.009733444
v 0.060780510 -0.014591546 0.009734854
v -0.098389924 -0.010857794 0.009741557
v -0.100187211 -0.010737421 0.009741557
v -0.101939429 -0.010319791 0.009741557
v -0.103597778 -0.009616538 0.009741557
v 0.049515033 -0.008734612 0.009741557
v -0.105116062 -0.008647253 0.009741557
v 0.047559772 -0.008509784 0.009741557
v 0.045592346 -0.008456565 0.009741557
v -0.106451997 -0.007438940 0.009741557
v -0.107568328 -0.006025261 0.009741557
v -0.108433975 -0.004445596 0.009741557
v -0.109024850 -0.002743954 0.009741557
v -0.109324447 -0.000967739 0.009741557
v -0.109324447 0.000833566 0.009741557
v -0.109024850 0.002609781 0.009741557
v -0.108433975 0.004311423 0.009741557
v -0.107568328 0.005891087 0.009741557
v -0.106451997 0.007304767 0.009741557
v 0.046014220 0.008319309 0.009741557
v 0.045592346 0.008322392 0.009741557
v -0.105116062 0.008513080 0.009741557
v -0.103597778 0.009482365 0.009741557
v -0.101939429 0.010185618 0.009741557
v -0.100187211 0.010603248 0.009741557
v -0.098389924 0.010723621 0.009741557
v 0.046672337 0.008328696 0.009745452
v 0.058129035 0.007602684 0.009752988
v 0.051288968 -0.009097405 0.009753817
v 0.079937765 -0.027994534 0.009757150
v 0.073811348 -0.003317228 0.009757150
v 0.070215918 0.011165225 0.009757150
v 0.067930377 0.020371409 0.009757150
v -0.098569886 -0.007387114 0.009757821
v -0.099840999 -0.007275907 0.009757821
v -0.097298773 -0.007275907 0.009757821
v -0.101073485 -0.006945662 0.009757821
v -0.096066287 -0.006945662 0.009757821
v -0.102229901 -0.006406416 0.009757821
v -0.094909871 -0.006406416 0.009757821
v -0.103275100 -0.005674553 0.009757821
v -0.093864661 -0.005674553 0.009757821
v -0.104177362 -0.004772310 0.009757821
v -0.092962422 -0.004772310 0.009757821
v -0.104909219 -0.003727100 0.009757821
v -0.092230559 -0.003727100 0.009757821
v -0.105448452 -0.002570684 0.009757821
v -0.091691304 -0.002570684 0.009757821
v -0.105778710 -0.001338196 0.009757821
v -0.091361062 -0.001338196 0.009757821
v -0.105889915 -0.000067087 0.009757821
v -0.091249862 -0.000067087 0.009757821
v -0.105778710 0.001204023 0.009757821
v -0.091361062 0.001204023 0.009757821
v -0.105448452 0.002436510 0.009757821
v -0.091691304 0.002436510 0.009757821
v -0.104909219 0.003592927 0.009757821
v -0.092230559 0.003592927 0.009757821
v -0.104177362 0.004638137 0.009757821
v -0.092962422 0.004638137 0.009757821
v -0.103275100 0.005540380 0.009757821
v -0.093864661 0.005540380 0.009757821
v -0.102229901 0.006272243 0.009757821
v -0.094909871 0.006272243 0.009757821
v -0.101073485 0.006811489 0.009757821
v -0.096066287 0.006811489 0.009757821
v -0.099840999 0.007141734 0.009757821
v -0.097298773 0.007141734 0.009757821
v -0.098569886 0.007252941 0.009757821
v 0.058141067 0.007632919 0.009758229
v 0.059105687 0.008425061 0.009760602
v 0.061546198 -0.005889784 0.009770803
v -0.090908462 -0.007458932 0.009774120
v -0.089765018 -0.006051324 0.009774120
v 0.040454085 -0.005820976 0.009774120
v 0.041441309 -0.005718915 0.009774120
v 0.042396317 -0.005448745 0.009774120
v 0.043290698 -0.005018499 0.009774120
v -0.088877069 -0.004470066 0.009774120
v 0.044097850 -0.004440977 0.009774120
v 0.044793771 -0.003733357 0.009774120
v 0.045357751 -0.002916685 0.009774120
v -0.088270400 -0.002761041 0.009774120
v 0.045773020 -0.002015254 0.009774120
v 0.046027232 -0.001055876 0.009774120
v -0.087962593 -0.000973842 0.009774120
v 0.046112818 -0.000067087 0.009774120
v -0.087962593 0.000839669 0.009774120
v 0.046027232 0.000921703 0.009774120
v 0.045773020 0.001881081 0.009774120
v -0.088270400 0.002626868 0.009774120
v 0.045357751 0.002782512 0.009774120
v 0.044793771 0.003599184 0.009774120
v 0.044097850 0.004306804 0.009774120
v -0.088877069 0.004335893 0.009774120
v 0.043290698 0.004884326 0.009774120
v 0.042396317 0.005314571 0.009774120
v 0.041441309 0.005584742 0.009774120
v 0.040454085 0.005686803 0.009774120
v -0.089765018 0.005917151 0.009774120
v -0.090908462 0.007324759 0.009774120
v 0.062781524 -0.006077971 0.009777883
v 0.059175582 0.008446803 0.009777883
v -0.091516562 -0.008030183 0.009780319
v -0.091516562 0.007896010 0.009780319
v 0.048460746 0.008451057 0.009783813
v 0.048674274 0.008475190 0.009791187
v 0.052132903 0.009385778 0.009797244
v 0.053026630 -0.009600002 0.009798098
v 0.058252581 0.007853066 0.009800439
v 0.062778767 -0.006086055 0.009806496
v 0.059169361 0.008452658 0.009806496
v 0.056971879 -0.011582062 0.009807573
v 0.061754406 -0.006022050 0.009814268
v 0.061782630 -0.006036582 0.009820145
v 0.064213600 -0.017461246 0.009820334
v 0.059838218 -0.013714542 0.009824340
v 0.058394994 0.008049275 0.009845784
v 0.058416666 0.008074089 0.009852209
v 0.062006969 -0.006127708 0.009866979
v 0.054726168 -0.010242515 0.009870087
v 0.060334544 -0.014110343 0.009870393
v 0.050441033 0.008754151 0.009876035
v -0.091959346 -0.008196984 0.009886103
v -0.091959346 0.008062811 0.009886103
v 0.060823522 -0.004993369 0.009887683
v 0.057952194 0.006572383 0.009887683
v 0.060843145 -0.005076274 0.009892798
v 0.058594208 0.008243221 0.009901858
v 0.057899353 0.006830844 0.009905552
v 0.055420084 -0.010550857 0.009907097
v 0.056792276 0.011625679 0.009910595
v -0.098394145 -0.010604659 0.009910938
v -0.100149258 -0.010487109 0.009910938
v -0.101860376 -0.010079276 0.009910938
v -0.103479844 -0.009392520 0.009910938
v 0.049554924 -0.008484603 0.009910938
v -0.104962507 -0.008445975 0.009910938
v 0.047577671 -0.008257247 0.009910938
v 0.045588122 -0.008203429 0.009910938
v -0.106267086 -0.007266007 0.009910938
v -0.107357231 -0.005885490 0.009910938
v -0.108202581 -0.004342882 0.009910938
v -0.108779590 -0.002681159 0.009910938
v -0.109072160 -0.000946611 0.009910938
v -0.109072160 0.000812438 0.009910938
v -0.108779590 0.002546986 0.009910938
v -0.108202581 0.004208709 0.009910938
v -0.107357231 0.005751317 0.009910938
v -0.106267086 0.007131834 0.009910938
v 0.046014744 0.008066138 0.009910938
v 0.045588122 0.008069256 0.009910938
v -0.104962507 0.008311802 0.009910938
v -0.103479844 0.009258347 0.009910938
v -0.101860376 0.009945103 0.009910938
v -0.100149258 0.010352936 0.009910938
v -0.098394145 0.010470486 0.009910938
v 0.060928679 -0.005322607 0.009912300
v 0.046678933 0.008075158 0.009914723
v 0.060942992 -0.005354538 0.009915342
v 0.062245964 -0.006182447 0.009917493
v 0.060830975 -0.014505813 0.009918379
v -0.098569886 -0.007636925 0.009920395
v -0.099884376 -0.007521922 0.009920395
v -0.097255396 -0.007521922 0.009920395
v -0.101158925 -0.007180408 0.009920395
v -0.095980847 -0.007180408 0.009920395
v -0.102354796 -0.006622759 0.009920395
v -0.094784966 -0.006622759 0.009920395
v -0.103435693 -0.005865920 0.009920395
v -0.093704090 -0.005865920 0.009920395
v -0.104368726 -0.004932885 0.009920395
v -0.092771047 -0.004932885 0.009920395
v -0.105125564 -0.003852006 0.009920395
v -0.092014214 -0.003852006 0.009920395
v -0.105683216 -0.002656124 0.009920395
v -0.091456562 -0.002656124 0.009920395
v -0.106024721 -0.001381575 0.009920395
v -0.091115046 -0.001381575 0.009920395
v -0.106139727 -0.000067087 0.009920395
v -0.091000045 -0.000067087 0.009920395
v -0.106024721 0.001247402 0.009920395
v -0.091115046 0.001247402 0.009920395
v -0.105683216 0.002521951 0.009920395
v -0.091456562 0.002521951 0.009920395
v -0.105125564 0.003717833 0.009920395
v -0.092014214 0.003717833 0.009920395
v -0.104368726 0.004798712 0.009920395
v -0.092771047 0.004798712 0.009920395
v -0.103435693 0.005731747 0.009920395
v -0.093704090 0.005731747 0.009920395
v -0.102354796 0.006488586 0.009920395
v -0.094784966 0.006488586 0.009920395
v -0.101158925 0.007046235 0.009920395
v -0.095980847 0.007046235 0.009920395
v -0.099884376 0.007387749 0.009920395
v -0.097255396 0.007387749 0.009920395
v -0.098569886 0.007502752 0.009920395
v 0.058306405 0.012644951 0.009922274
v 0.051345167 -0.008853290 0.009923381
v 0.062278226 -0.006186761 0.009924385
v 0.058524021 -0.012543843 0.009928051
v 0.057887051 0.007091262 0.009928870
v -0.091085673 -0.007287957 0.009929859
v 0.040458192 -0.006067186 0.009929859
v 0.041487661 -0.005960758 0.009929859
v -0.089968673 -0.005912908 0.009929859
v 0.042483530 -0.005679026 0.009929859
v 0.043416182 -0.005230371 0.009929859
v 0.044257874 -0.004628136 0.009929859
v -0.089101270 -0.004368224 0.009929859
v 0.044983572 -0.003890237 0.009929859
v 0.045571685 -0.003038620 0.009929859
v -0.088508627 -0.002698729 0.009929859
v 0.046004726 -0.002098616 0.009929859
v 0.046269815 -0.001098186 0.009929859
v -0.088207942 -0.000952869 0.009929859
v 0.046359062 -0.000067087 0.009929859
v -0.088207942 0.000818695 0.009929859
v 0.046269815 0.000964013 0.009929859
v 0.046004726 0.001964443 0.009929859
v -0.088508627 0.002564556 0.009929859
v 0.045571685 0.002904447 0.009929859
v 0.044983572 0.003756064 0.009929859
v -0.089101270 0.004234051 0.009929859
v 0.044257874 0.004493963 0.009929859
v 0.043416182 0.005096198 0.009929859
v 0.042483530 0.005544853 0.009929859
v -0.089968673 0.005778735 0.009929859
v 0.041487661 0.005826585 0.009929859
v 0.040458192 0.005933013 0.009929859
v -0.091085673 0.007153784 0.009929859
v 0.057888459 0.007126364 0.009932423
v -0.092207500 -0.008285805 0.009933055
v -0.092207500 0.008151632 0.009933055
v 0.061070064 -0.005582426 0.009941110
v 0.086323945 -0.028789521 0.009949421
v 0.073089512 0.024518989 0.009949421
v 0.055438585 0.010788898 0.009952476
v 0.048483794 0.008197993 0.009952518
v 0.058793157 0.008379240 0.009953157
v 0.048699283 0.008222330 0.009959797
v 0.058822232 0.008395429 0.009960379
v 0.057922572 0.007389185 0.009962297
v 0.059771180 0.013754371 0.009965256
v 0.053098574 -0.009363661 0.009967516
v 0.053826845 0.009932562 0.009968759
v 0.061233480 -0.005791031 0.009972617
v -0.092472653 -0.008377010 0.009975282
v -0.092472653 0.008242837 0.009975282
v 0.062518835 -0.006196749 0.009976458
v 0.061257042 -0.005816134 0.009977086
v 0.057996091 0.007639501 0.009996763
v 0.058008824 0.007671924 0.010001723
v 0.052177767 0.009169859 0.010002663
v 0.060861342 -0.014457069 0.010005591
v 0.057062484 -0.011396465 0.010010956
v 0.068130348 0.020504396 0.010011532
v 0.059042792 0.008492785 0.010013371
v 0.061451538 -0.005989737 0.010013668
v -0.092787874 -0.008480469 0.010016430
v -0.092787874 0.008346296 0.010016430
v 0.062761316 -0.006167079 0.010030358
v 0.059116051 0.008516115 0.010030358
v -0.098398785 -0.010326711 0.010035471
v -0.100107605 -0.010212261 0.010035471
v -0.101773588 -0.009815185 0.010035471
v -0.103350331 -0.009146544 0.010035471
v -0.104793881 -0.008224965 0.010035471
v 0.049598716 -0.008210088 0.010035471
v 0.047597332 -0.007979956 0.010035471
v 0.045583487 -0.007925480 0.010035471
v -0.106064054 -0.007076121 0.010035471
v -0.107125451 -0.005732019 0.010035471
v -0.107948504 -0.004230100 0.010035471
v -0.108510288 -0.002612207 0.010035471
v -0.108795147 -0.000923412 0.010035471
v -0.108795147 0.000789239 0.010035471
v -0.108510288 0.002478034 0.010035471
v -0.107948504 0.004095927 0.010035471
v -0.107125451 0.005597845 0.010035471
v -0.106064054 0.006941948 0.010035471
v 0.046015316 0.007788152 0.010035471
v 0.045583487 0.007791307 0.010035471
v -0.104793881 0.008090792 0.010035471
v -0.103350331 0.009012371 0.010035471
v -0.101773588 0.009681012 0.010035471
v -0.100107605 0.010078088 0.010035471
v -0.098398785 0.010192538 0.010035471
v 0.046686673 0.007796830 0.010039025
v 0.054813216 -0.010015699 0.010039067
v -0.098569886 -0.007910027 0.010039773
v -0.099931797 -0.007790876 0.010039773
v -0.097207964 -0.007790876 0.010039773
v -0.101252331 -0.007437040 0.010039773
v -0.095887441 -0.007437040 0.010039773
v -0.102491358 -0.006859273 0.010039773
v -0.094648414 -0.006859273 0.010039773
v -0.103611224 -0.006075128 0.010039773
v -0.093528548 -0.006075128 0.010039773
v -0.104577922 -0.005108432 0.010039773
v -0.092561850 -0.005108432 0.010039773
v -0.105362073 -0.003988557 0.010039773
v -0.091777699 -0.003988557 0.010039773
v -0.105939833 -0.002749530 0.010039773
v -0.091199928 -0.002749530 0.010039773
v -0.106293669 -0.001428999 0.010039773
v -0.090846097 -0.001428999 0.010039773
v -0.106412830 -0.000067087 0.010039773
v -0.090726948 -0.000067087 0.010039773
v -0.106293669 0.001294826 0.010039773
v -0.090846097 0.001294826 0.010039773
v -0.105939833 0.002615357 0.010039773
v -0.091199928 0.002615357 0.010039773
v -0.105362073 0.003854384 0.010039773
v -0.091777699 0.003854384 0.010039773
v -0.104577922 0.004974259 0.010039773
v -0.092561850 0.004974259 0.010039773
v -0.103611224 0.005940955 0.010039773
v -0.093528548 0.005940955 0.010039773
v -0.102491358 0.006725100 0.010039773
v -0.094648414 0.006725100 0.010039773
v -0.101252331 0.007302867 0.010039773
v -0.095887441 0.007302867 0.010039773
v -0.099931797 0.007656703 0.010039773
v -0.097207964 0.007656703 0.010039773
v -0.098569886 0.007775854 0.010039773
v 0.058127151 0.007908144 0.010042034
v 0.050482068 0.008504174 0.010043636
v -0.092578357 -0.008237323 0.010044075
v -0.091278561 -0.007101849 0.010044075
v 0.040462662 -0.006335188 0.010044075
v 0.041538110 -0.006224007 0.010044075
v 0.042578464 -0.005929691 0.010044075
v -0.090190361 -0.005762240 0.010044075
v 0.043552774 -0.005460995 0.010044075
v 0.044432063 -0.004831862 0.010044075
v -0.089345309 -0.004257368 0.010044075
v 0.045190172 -0.004061002 0.010044075
v 0.045804553 -0.003171347 0.010044075
v -0.088767947 -0.002630902 0.010044075
v 0.046256938 -0.002189357 0.010044075
v 0.046533866 -0.001144241 0.010044075
v -0.088475006 -0.000930039 0.010044075
v 0.046627104 -0.000067087 0.010044075
v -0.088475006 0.000795866 0.010044075
v 0.046533866 0.001010068 0.010044075
v 0.046256938 0.002055184 0.010044075
v -0.088767947 0.002496729 0.010044075
v 0.045804553 0.003037174 0.010044075
v 0.045190172 0.003926829 0.010044075
v -0.089345309 0.004123195 0.010044075
v 0.044432063 0.004697689 0.010044075
v 0.043552774 0.005326822 0.010044075
v -0.090190361 0.005628066 0.010044075
v 0.042578464 0.005795518 0.010044075
v 0.041538110 0.006089833 0.010044075
v 0.040462662 0.006201015 0.010044075
v -0.091278561 0.006967676 0.010044075
v -0.092578357 0.008103150 0.010044075
v -0.093082853 -0.008572403 0.010047394
v -0.093082853 0.008438230 0.010047394
v 0.051408001 -0.008585327 0.010048874
v 0.059928343 -0.013576110 0.010051215
v 0.061673811 -0.006132341 0.010055357
v 0.061703963 -0.006148033 0.010061034
v 0.055513197 -0.010328487 0.010075819
v 0.048510952 0.007920502 0.010076192
v 0.048728744 0.007945113 0.010083397
v 0.062758266 -0.006191775 0.010084646
v 0.059101804 0.008536515 0.010084646
v 0.058278712 0.008118895 0.010085894
v 0.058301809 0.008145564 0.010092146
v 0.053179627 -0.009104449 0.010093907
v 0.060423713 -0.013972059 0.010096252
v 0.061943765 -0.006246638 0.010106549
v 0.064255928 -0.017363180 0.010108254
v -0.098403702 -0.010031819 0.010111630
v -0.100063410 -0.009920659 0.010111630
v -0.101681508 -0.009534997 0.010111630
v -0.103212918 -0.008885574 0.010111630
v -0.104614991 -0.007990484 0.010111630
v 0.049645181 -0.007918838 0.010111630
v 0.047618181 -0.007685762 0.010111630
v 0.045578568 -0.007630589 0.010111630
v -0.105848648 -0.006874662 0.010111630
v -0.106879539 -0.005569192 0.010111630
v -0.107678926 -0.004110443 0.010111630
v -0.108224568 -0.002539053 0.010111630
v -0.108501239 -0.000898799 0.010111630
v -0.108501239 0.000764626 0.010111630
v -0.108224568 0.002404880 0.010111630
v -0.107678926 0.003976270 0.010111630
v -0.106879539 0.005435019 0.010111630
v -0.105848648 0.006740489 0.010111630
v 0.046015927 0.007493220 0.010111630
v 0.045578568 0.007496416 0.010111630
v -0.104614991 0.007856311 0.010111630
v -0.103212918 0.008751401 0.010111630
v -0.101681508 0.009400824 0.010111630
v -0.100063410 0.009786486 0.010111630
v -0.098403702 0.009897646 0.010111630
v -0.094093646 -0.008851664 0.010112074
v -0.094093646 0.008717491 0.010112074
v -0.098569886 -0.008199017 0.010112720
v -0.099981981 -0.008075475 0.010112720
v -0.097157792 -0.008075475 0.010112720
v -0.101351173 -0.007708601 0.010112720
v -0.095788610 -0.007708601 0.010112720
v -0.102635853 -0.007109545 0.010112720
v -0.094503919 -0.007109545 0.010112720
v -0.103796998 -0.006296507 0.010112720
v -0.093342774 -0.006296507 0.010112720
v -0.104799306 -0.005294191 0.010112720
v -0.092340461 -0.005294191 0.010112720
v -0.105612338 -0.004133052 0.010112720
v -0.091527429 -0.004133052 0.010112720
v -0.106211400 -0.002848370 0.010112720
v -0.090928372 -0.002848370 0.010112720
v -0.106578273 -0.001479181 0.010112720
v -0.090561499 -0.001479181 0.010112720
v -0.106701820 -0.000067087 0.010112720
v -0.090437952 -0.000067087 0.010112720
v -0.106578273 0.001345008 0.010112720
v -0.090561499 0.001345008 0.010112720
v -0.106211400 0.002714197 0.010112720
v -0.090928372 0.002714197 0.010112720
v -0.105612338 0.003998879 0.010112720
v -0.091527429 0.003998879 0.010112720
v -0.104799306 0.005160018 0.010112720
v -0.092340461 0.005160018 0.010112720
v -0.103796998 0.006162334 0.010112720
v -0.093342774 0.006162334 0.010112720
v -0.102635853 0.006975372 0.010112720
v -0.094503919 0.006975372 0.010112720
v -0.101351173 0.007574428 0.010112720
v -0.095788610 0.007574428 0.010112720
v -0.099981981 0.007941302 0.010112720
v -0.097157792 0.007941302 0.010112720
v -0.098569886 0.008064844 0.010112720
v -0.092745645 -0.008009198 0.010113810
v -0.091482145 -0.006905429 0.010113810
v 0.040467380 -0.006618040 0.010113810
v 0.041591359 -0.006501841 0.010113810
v 0.042678657 -0.006194244 0.010113810
v 0.043696935 -0.005704399 0.010113810
v -0.090424329 -0.005603223 0.010113810
v 0.044615900 -0.005046875 0.010113810
v 0.045408221 -0.004241230 0.010113810
v -0.089602872 -0.004140369 0.010113810
v 0.046050330 -0.003311428 0.010113810
v -0.089041629 -0.002559316 0.010113810
v 0.046523127 -0.002285126 0.010113810
v 0.046812551 -0.001192849 0.010113810
v -0.088756876 -0.000905944 0.010113810
v 0.046909996 -0.000067087 0.010113810
v -0.088756876 0.000771771 0.010113810
v 0.046812551 0.001058676 0.010113810
v 0.046523127 0.002150953 0.010113810
v -0.089041629 0.002425143 0.010113810
v 0.046050330 0.003177255 0.010113810
v -0.089602872 0.004006196 0.010113810
v 0.045408221 0.004107057 0.010113810
v 0.044615900 0.004912702 0.010113810
v -0.090424329 0.005469050 0.010113810
v 0.043696935 0.005570226 0.010113810
v 0.042678657 0.006060071 0.010113810
v 0.041591359 0.006367668 0.010113810
v 0.040467380 0.006483867 0.010113810
v -0.091482145 0.006771256 0.010113810
v -0.092745645 0.007875025 0.010113810
v 0.046695319 0.007501608 0.010114831
v 0.060653847 -0.005035492 0.010118646
v 0.057782519 0.006530260 0.010118646
v 0.060675293 -0.005125728 0.010122623
v 0.051475719 -0.008300996 0.010126794
v 0.058626062 -0.012369241 0.010129139
v 0.057725203 0.006811699 0.010133116
v -0.095176754 -0.009089594 0.010135441
v -0.095176754 0.008955421 0.010135441
v -0.095669704 -0.009176926 0.010137256
v -0.095669704 0.009042753 0.010137256
v -0.098408762 -0.009728334 0.010137257
v -0.100017922 -0.009620561 0.010137257
v -0.101586743 -0.009246643 0.010137257
v -0.095683062 -0.009179112 0.010137257
v -0.094307649 -0.008622560 0.010137257
v -0.103071516 -0.008617000 0.010137257
v -0.098569886 -0.008496058 0.010137257
v -0.100033567 -0.008368004 0.010137257
v -0.097106205 -0.008368004 0.010137257
v -0.101452766 -0.007987729 0.010137257
v -0.095687006 -0.007987729 0.010137257
v -0.092917387 -0.007775006 0.010137257
v -0.104430886 -0.007749170 0.010137257
v 0.049693000 -0.007619102 0.010137257
v 0.047639643 -0.007382995 0.010137257
v -0.102784370 -0.007366791 0.010137257
v -0.094355402 -0.007366791 0.010137257
v 0.045573508 -0.007327105 0.010137257
v 0.040472222 -0.006908415 0.010137257
v 0.041646023 -0.006787065 0.010137257
v -0.091691143 -0.006703784 0.010137257
v -0.105626977 -0.006667331 0.010137257
v -0.103987920 -0.006524054 0.010137257
v -0.093151841 -0.006524054 0.010137257
v 0.042781517 -0.006465834 0.010137257
v 0.043844928 -0.005954275 0.010137257
v -0.105026854 -0.005485126 0.010137257
v -0.092112918 -0.005485126 0.010137257
v -0.090664517 -0.005439977 0.010137257
v -0.106626468 -0.005401620 0.010137257
v 0.044804626 -0.005267607 0.010137257
v 0.045632069 -0.004426251 0.010137257
v -0.105869597 -0.004281573 0.010137257
v -0.091270181 -0.004281573 0.010137257
v -0.089867290 -0.004020259 0.010137257
v -0.107401515 -0.003987299 0.010137257
v 0.046302636 -0.003455236 0.010137257
v -0.106490535 -0.002949965 0.010137257
v -0.090649237 -0.002949965 0.010137257
v -0.089322593 -0.002485827 0.010137257
v -0.107930528 -0.002463767 0.010137257
v 0.046796393 -0.002383441 0.010137257
v -0.106870800 -0.001530762 0.010137257
v -0.090268967 -0.001530762 0.010137257
v 0.047098647 -0.001242749 0.010137257
v -0.089046237 -0.000881208 0.010137257
v -0.108198769 -0.000873468 0.010137257
v 0.047200406 -0.000067087 0.010137257
v 0.047200406 -0.000067087 0.010137257
v -0.106998866 -0.000067087 0.010137257
v -0.090140912 -0.000067087 0.010137257
v -0.090140912 -0.000067087 0.010137257
v -0.108198769 0.000739295 0.010137257
v -0.089046237 0.000747035 0.010137257
v 0.047098647 0.001108576 0.010137257
v -0.106870800 0.001396589 0.010137257
v -0.090268967 0.001396589 0.010137257
v 0.046796393 0.002249268 0.010137257
v -0.107930528 0.002329594 0.010137257
v -0.089322593 0.002351654 0.010137257
v -0.106490535 0.002815792 0.010137257
v -0.090649237 0.002815792 0.010137257
v 0.046302636 0.003321063 0.010137257
v -0.107401515 0.003853126 0.010137257
v -0.089867290 0.003886086 0.010137257
v -0.105869597 0.004147399 0.010137257
v -0.091270181 0.004147399 0.010137257
v 0.045632069 0.004292078 0.010137257
v 0.044804626 0.005133434 0.010137257
v -0.106626468 0.005267447 0.010137257
v -0.090664517 0.005305804 0.010137257
v -0.105026854 0.005350953 0.010137257
v -0.092112918 0.005350953 0.010137257
v 0.043844928 0.005820102 0.010137257
v 0.042781517 0.006331661 0.010137257
v -0.103987920 0.006389880 0.010137257
v -0.093151841 0.006389880 0.010137257
v -0.105626977 0.006533158 0.010137257
v -0.091691143 0.006569611 0.010137257
v 0.041646023 0.006652891 0.010137257
v 0.040472222 0.006774242 0.010137257
v 0.046016551 0.007189694 0.010137257
v 0.045573508 0.007192931 0.010137257
v -0.102784370 0.007232618 0.010137257
v -0.094355402 0.007232618 0.010137257
v -0.104430886 0.007614997 0.010137257
v -0.092917387 0.007640833 0.010137257
v -0.101452766 0.007853556 0.010137257
v -0.095687006 0.007853556 0.010137257
v -0.100033567 0.008233831 0.010137257
v -0.097106205 0.008233831 0.010137257
v -0.098569886 0.008361885 0.010137257
v -0.103071516 0.008482827 0.010137257
v -0.094307649 0.008488387 0.010137257
v -0.095683062 0.009044939 0.010137257
v -0.101586743 0.009112470 0.010137257
v -0.100017922 0.009486388 0.010137257
v -0.098408762 0.009594161 0.010137257
v 0.060768605 -0.005393871 0.010138889
v 0.046704644 0.007197868 0.010139990
v 0.058491201 0.008327468 0.010140713
v 0.060784205 -0.005428633 0.010141528
v 0.060919193 -0.014367677 0.010143195
v 0.048541435 0.007626462 0.010151325
v 0.057711950 0.007095278 0.010153485
v 0.051546437 -0.008008237 0.010154964
v 0.062199493 -0.006306279 0.010156090
v 0.057713497 0.007133502 0.010156674
v 0.048761824 0.007651409 0.010158478
v 0.062234037 -0.006311029 0.010162879
v 0.056827151 0.011488888 0.010164427
v 0.060922668 -0.005676744 0.010164544
v 0.054911555 -0.009767257 0.010166272
v 0.050530417 0.008230677 0.010166618
v 0.052234176 0.008924852 0.010168859
v 0.053883553 0.009721713 0.010171352
v 0.053267581 -0.008829466 0.010173811
v 0.048574382 0.007324219 0.010175782
v 0.057169706 -0.011185940 0.010178890
v 0.048797572 0.007349551 0.010182909
v 0.055488232 0.010614932 0.010183174
v 0.057750687 0.007419702 0.010184078
v 0.058321675 0.012544895 0.010190549
v 0.058703779 0.008473959 0.010191295
v 0.061100647 -0.005903892 0.010193734
v 0.061126296 -0.005931228 0.010197938
v 0.058734875 0.008491411 0.010198445
v 0.055618425 -0.010085069 0.010203333
v 0.053360020 -0.008546243 0.010205040
v 0.062491776 -0.006322629 0.010214385
v 0.057830735 0.007692276 0.010216597
v 0.057844590 0.007727580 0.010221335
v 0.061338056 -0.006120280 0.010232792
v 0.059762540 0.013688083 0.010239681
v 0.050584716 0.007941361 0.010241516
v 0.060971697 -0.014289305 0.010245575
v 0.080448648 -0.028088706 0.010245677
v 0.074280847 -0.003244708 0.010245677
v 0.070664817 0.011320708 0.010245677
v 0.068347782 0.020653770 0.010245677
v 0.055018573 -0.009503828 0.010248304
v 0.060040709 -0.013412986 0.010250016
v 0.058970920 0.008596485 0.010251100
v 0.057973369 0.007984784 0.010260237
v 0.050643446 0.007644370 0.010266223
v 0.062751781 -0.006291594 0.010268050
v 0.059049383 0.008621713 0.010268050
v 0.061580002 -0.006275577 0.010273226
v 0.061612822 -0.006292666 0.010278777
v 0.055131397 -0.009232452 0.010282969
v 0.055732990 -0.009827036 0.010286272
v 0.052300557 0.008657547 0.010291225
v 0.060534990 -0.013809323 0.010294291
v 0.058746394 -0.012171813 0.010296113
v 0.063318188 0.009501517 0.010297741
v 0.058138304 0.008214227 0.010303192
v 0.057290800 -0.010955884 0.010307071
v 0.058163435 0.008243259 0.010309358
v 0.060450589 -0.005085952 0.010318766
v 0.057579261 0.006479799 0.010318766
v 0.060474642 -0.005185324 0.010321689
v 0.055853863 -0.009561205 0.010322443
v 0.061873815 -0.006400038 0.010323594
v 0.057517343 0.006790256 0.010330123
v 0.060578655 -0.005480431 0.010335026
v 0.053954525 0.009483686 0.010335740
v 0.060595985 -0.005518668 0.010337308
v 0.061029388 -0.014205338 0.010340449
v 0.062751018 -0.006340515 0.010343080
v 0.059025833 0.008664596 0.010343080
v 0.057503919 0.007102763 0.010347897
v 0.057505775 0.007144865 0.010350776
v 0.058369543 0.008441251 0.010357537
v 0.060749518 -0.005791441 0.010357957
v 0.052375069 0.008375355 0.010366368
v 0.062152127 -0.006464955 0.010372885
v 0.064329380 -0.017229282 0.010374681
v 0.057547838 0.007459934 0.010376151
v 0.062189726 -0.006470122 0.010379675
v 0.055556237 0.010410710 0.010382219
v 0.060946362 -0.006040923 0.010385292
v 0.060974708 -0.006070928 0.010389297
v 0.052455653 0.008086097 0.010392207
v 0.057422661 -0.010712195 0.010392210
v 0.056884047 0.011319437 0.010393356
v 0.085796832 -0.028755613 0.010406687
v 0.072668119 0.024127025 0.010406687
v 0.057636924 0.007759745 0.010407229
v 0.058600898 0.008600642 0.010408173
v 0.057652298 0.007798559 0.010411818
v 0.058634741 0.008619626 0.010415362
v 0.060172619 -0.013229089 0.010415963
v 0.061208449 -0.006278306 0.010422964
v 0.058882017 -0.011956463 0.010424829
v 0.062470204 -0.006482684 0.010431419
v 0.057561903 -0.010461121 0.010432126
v 0.058362295 0.012411572 0.010441129
v 0.061108292 -0.014093268 0.010447635
v 0.057794866 0.008081181 0.010449913
v 0.054037843 0.009224925 0.010457470
v 0.060665735 -0.013626019 0.010459793
v 0.061475182 -0.006448403 0.010462770
v 0.074553767 -0.003196758 0.010465387
v 0.070928479 0.011405970 0.010465387
v 0.061511339 -0.006467097 0.010468282
v 0.058891662 0.008733869 0.010468534
v 0.060218952 -0.005143458 0.010482920
v 0.057347629 0.006422294 0.010482920
v 0.060246298 -0.005253547 0.010484927
v 0.062753128 -0.006448776 0.010485730
v 0.058977064 0.008761274 0.010485730
v 0.057281000 0.006767056 0.010491614
v 0.057977026 0.008333059 0.010492637
v 0.060363569 -0.005580121 0.010495798
v 0.060383037 -0.005622395 0.010497791
v 0.058004764 0.008364910 0.010498813
v 0.059781704 0.013589262 0.010503583
v 0.061158967 -0.014022630 0.010505480
v 0.057268117 0.007113532 0.010507293
v 0.057270437 0.007160170 0.010509933
v 0.059029562 -0.011728535 0.010512091
v 0.061798733 -0.006584372 0.010513112
v 0.060554872 -0.005923694 0.010516595
v 0.054131249 0.008952435 0.010533248
v 0.057318936 0.007508904 0.010533845
v 0.060774367 -0.006198809 0.010542659
v 0.055640821 0.010181588 0.010544390
v 0.060320899 -0.013028838 0.010545069
v 0.060805916 -0.006231863 0.010546545
v 0.058232009 0.008581973 0.010547383
v 0.059185376 -0.011493684 0.010555733
v 0.054232212 0.008673596 0.010561022
v 0.062104938 -0.006654871 0.010562956
v 0.057419292 0.007840291 0.010564094
v 0.057436528 0.007883160 0.010568619
v 0.062146277 -0.006660432 0.010569859
v 0.062757222 -0.006528240 0.010574781
v 0.058943514 0.008833427 0.010574781
v 0.061065799 -0.006460058 0.010579660
v 0.063246278 0.009535043 0.010585434
v 0.060812827 -0.013426511 0.010588813
v 0.056961498 0.011121691 0.010591488
v 0.058486820 0.008756443 0.010598914
v 0.061267030 -0.013874813 0.010605733
v 0.058524082 0.008777198 0.010606265
v 0.057595823 0.008195067 0.010606596
v 0.059964876 -0.005206537 0.010606904
v 0.057093547 0.006359216 0.010606904
v 0.059996088 -0.005328659 0.010608180
v 0.064431823 -0.017063403 0.010611948
v 0.057022117 0.006742682 0.010613526
v 0.060128750 -0.005690443 0.010617182
v 0.060150666 -0.005737222 0.010618967
v 0.061361795 -0.006646766 0.010619547
v 0.062454581 -0.006673342 0.010622710
v 0.061401885 -0.006667249 0.010625117
v 0.057010372 0.007127317 0.010627727
v 0.057013284 0.007179039 0.010630213
v 0.060482001 -0.012817049 0.010634231
v 0.061304849 -0.013823872 0.010634392
v 0.060343516 -0.006070256 0.010636560
v 0.071188472 0.011463994 0.010642560
v 0.074810949 -0.003126358 0.010642716
v 0.081041517 -0.028196801 0.010646578
v 0.071195074 0.011464847 0.010646578
v 0.068828556 0.020997200 0.010646578
v 0.057798617 0.008472633 0.010649834
v 0.057069555 0.007565419 0.010653327
v 0.057829443 0.008507700 0.010656127
v 0.058806753 0.008901899 0.010660866
v 0.060588820 -0.006373730 0.010662026
v 0.055739762 0.009933575 0.010665434
v 0.060624021 -0.006410145 0.010665883
v 0.058427256 0.012248324 0.010667726
v 0.061720254 -0.006795390 0.010670732
v 0.060972763 -0.013215553 0.010678276
v 0.062765332 -0.006635166 0.010678608
v 0.058900673 0.008931729 0.010678608
v 0.060652035 -0.012598808 0.010681306
v 0.057183064 0.007931989 0.010683436
v 0.059694856 -0.005273572 0.010687544
v 0.056823527 0.006292181 0.010687544
v 0.057202449 0.007979367 0.010687993
v 0.059730366 -0.005408747 0.010688312
v 0.056747208 0.006717748 0.010692788
v 0.059880071 -0.005808636 0.010696137
v 0.059904693 -0.005860280 0.010697809
v 0.060913509 -0.006661212 0.010699154
v 0.058081740 0.008746423 0.010705921
v 0.056737065 0.007143778 0.010706218
v 0.056740673 0.007201008 0.010708646
v 0.059134884 -0.005412592 0.010711692
v 0.056263550 0.006153161 0.010711692
v 0.059179714 -0.005575621 0.010712196
v 0.060120641 -0.006227521 0.010714901
v 0.061443185 -0.013640473 0.010715145
v 0.056177237 0.006668708 0.010716512
v 0.071320046 0.011475323 0.010718619
v 0.074932501 -0.003074830 0.010718734
v 0.059366228 -0.006056674 0.010719968
v 0.059396683 -0.006118664 0.010721721
v 0.062058992 -0.006871714 0.010721985
v 0.059415814 -0.005342849 0.010722774
v 0.056544480 0.006222904 0.010722774
v 0.059455916 -0.005491773 0.010723281
v 0.061463603 -0.013613755 0.010724139
v 0.061141726 -0.012998172 0.010726052
v 0.057380947 0.008323762 0.010726599
v 0.056463200 0.006692882 0.010727408
v 0.062104689 -0.006877645 0.010729118
v 0.056171061 0.007183040 0.010730682
v 0.059623757 -0.005931741 0.010730687
v 0.056805755 0.007628110 0.010731693
v 0.059651252 -0.005988495 0.010732348
v 0.056176232 0.007252005 0.010733300
v 0.061242512 -0.006866022 0.010739885
v 0.059662394 -0.006558539 0.010740086
v 0.060394202 -0.006561454 0.010740507
v 0.056454969 0.007162507 0.010740822
v 0.055850460 0.009673177 0.010742175
v 0.056459339 0.007225531 0.010743294
v 0.060433386 -0.006601472 0.010744433
v 0.061287022 -0.006888437 0.010745613
v 0.059891727 -0.006391628 0.010749696
v 0.059828208 0.013460313 0.010750538
v 0.057057517 0.010900737 0.010753723
v 0.056260749 0.007765799 0.010758501
v 0.058364118 0.008937858 0.010759232
v 0.056933887 0.008032641 0.010762399
v 0.058405369 0.008960591 0.010766871
v 0.056533951 0.007695448 0.010767037
v 0.056955648 0.008084878 0.010767086
v 0.059996712 -0.006956948 0.010768250
v 0.057607219 0.008629713 0.010771135
v 0.085195405 -0.028714812 0.010771633
v 0.072184123 0.023694840 0.010771633
v 0.061631478 -0.013397244 0.010772601
v 0.055970013 0.009407224 0.010772601
v 0.060044460 -0.007004576 0.010772605
v 0.062776712 -0.006749852 0.010773460
v 0.058857096 0.009038421 0.010773460
v 0.060195225 -0.006757441 0.010776203
v 0.057641559 0.008668323 0.010777657
v 0.060755186 -0.006876986 0.010778603
v 0.072352942 -0.023964503 0.010779963
v 0.060238636 -0.006801223 0.010780295
v 0.062445261 -0.006890343 0.010783988
v 0.075046458 -0.003013851 0.010785735
v 0.071449504 0.011474731 0.010785735
v 0.056420718 0.008251015 0.010792634
v 0.061640178 -0.007028230 0.010792824
v 0.056447638 0.008313567 0.010797882
v 0.056677728 0.008139838 0.010799091
v 0.056702024 0.008197172 0.010804010
v 0.057155288 0.008464235 0.010807097
v 0.060435585 -0.007331637 0.010810809
v 0.064560326 -0.016870318 0.010813226
v 0.060594604 -0.007102246 0.010816119
v 0.085094508 -0.028707421 0.010820158
v 0.061120120 -0.007101032 0.010820963
v 0.058718092 0.009096863 0.010823845
v 0.061169436 -0.007125491 0.010826954
v 0.057922164 0.008930852 0.010829533
v 0.062788120 -0.006846664 0.010842443
v 0.058821901 0.009129328 0.010842443
v 0.056692992 0.008767092 0.010842972
v 0.071576332 0.011462627 0.010844741
v 0.075152973 -0.002943783 0.010844780
v 0.056924154 0.008613180 0.010846195
v 0.062015333 -0.007110560 0.010846360
v 0.057407270 0.008800653 0.010853728
v 0.062065903 -0.007116840 0.010853845
v 0.060877484 -0.007596045 0.010858706
v 0.057445449 0.008843061 0.010860589
v 0.060997485 -0.007346289 0.010860882
v 0.063164517 0.009615225 0.010861019
v 0.058514917 0.012059250 0.010864657
v 0.060937092 -0.007624777 0.010865518
v 0.061051878 -0.007372866 0.010867237
v 0.057169623 0.010662267 0.010875883
v 0.061560357 -0.007277523 0.010876572
v 0.058235544 0.009140810 0.010885521
v 0.058281275 0.009165692 0.010893575
v 0.057203416 0.008981488 0.010895695
v 0.057000373 0.009168023 0.010896064
v 0.075254008 -0.002863108 0.010897731
v 0.071703459 0.011438561 0.010897731
v 0.057245650 0.009027867 0.010903002
v 0.057046789 0.009218463 0.010903916
v 0.062442460 -0.007128841 0.010911650
v 0.057756913 0.009131049 0.010915399
v 0.061482624 -0.007537525 0.010920047
v 0.061408779 -0.007802242 0.010922245
v 0.061974961 -0.007365983 0.010933257
v 0.062808952 -0.006999333 0.010933721
v 0.058768911 0.009274015 0.010933721
v 0.062030795 -0.007372592 0.010941212
v 0.081697426 -0.028308957 0.010948162
v 0.075355646 -0.002764140 0.010948162
v 0.071839580 0.011398618 0.010948162
v 0.069358686 0.021391687 0.010948162
v 0.058627625 0.009314450 0.010953869
v 0.057294932 0.010412419 0.010954825
v 0.057589768 0.009342449 0.010961561
v 0.057424529 0.009560228 0.010966965
v 0.064711174 -0.016655584 0.010972723
v 0.062820990 -0.007078616 0.010973628
v 0.058742471 0.009349723 0.010973628
v 0.059900920 0.013304377 0.010974535
v 0.058103998 0.009360735 0.010974943
v 0.061938787 -0.007632182 0.010980703
v 0.075428125 -0.002679122 0.010982535
v 0.071943410 0.011357372 0.010982535
v 0.058154590 0.009387898 0.010983537
v 0.061907630 -0.007903114 0.010987619
v 0.057430224 0.010157622 0.010988516
v 0.062000168 -0.007639108 0.010989238
v 0.061974707 -0.007910344 0.010996835
v 0.062446228 -0.007383510 0.011002845
v 0.075500754 -0.002577162 0.011015832
v 0.072055339 0.011301192 0.011015846
v 0.057972419 0.009592689 0.011025487
v 0.058623084 0.011849092 0.011026980
v 0.084535807 -0.028662671 0.011033615
v 0.071651613 0.023235041 0.011033615
v 0.058028143 0.009622224 0.011034736
v 0.057843784 0.009831459 0.011036017
v 0.075564268 -0.002467858 0.011044273
v 0.072162556 0.011234313 0.011044273
v 0.057904778 0.009863413 0.011046026
v 0.058537357 0.009549850 0.011048063
v 0.062853075 -0.007269914 0.011051214
v 0.058681361 0.009533812 0.011051214
v 0.073862382 -0.025050019 0.011051413
v 0.062456492 -0.007648661 0.011055537
v 0.072350578 -0.023899711 0.011066129
v 0.072262072 0.011158630 0.011067722
v 0.075616954 -0.002354133 0.011067774
v 0.062473015 -0.007918373 0.011068548
v 0.062863224 -0.007325922 0.011069278
v 0.058664136 0.009588064 0.011069278
v 0.064880043 -0.016425382 0.011085848
v 0.075658983 -0.002236054 0.011087045
v 0.072354683 0.011073719 0.011087045
v 0.075689942 -0.002115127 0.011102456
v 0.072438669 0.010981236 0.011102468
v 0.058449282 0.009797861 0.011104346
v 0.075709934 -0.001991003 0.011114561
v 0.072514331 0.010880954 0.011114561
v 0.063075122 0.009739885 0.011117008
v 0.058365339 0.010052999 0.011121472
v 0.062907877 -0.007554244 0.011122749
v 0.058596816 0.009810758 0.011122749
v 0.072580723 0.010774037 0.011123590
v 0.075718624 -0.001865378 0.011123594
v 0.062913888 -0.007583139 0.011127289
v 0.058588618 0.009839110 0.011127289
v 0.075716006 -0.001740321 0.011129788
v 0.072636939 0.010662218 0.011129788
v 0.075702239 -0.001615602 0.011133433
v 0.072683106 0.010545504 0.011133434
v 0.075677258 -0.001491705 0.011134642
v 0.072718965 0.010424346 0.011134642
v 0.082395954 -0.028416687 0.011141635
v 0.069922707 0.021825724 0.011141635
v 0.062971866 -0.007844607 0.011146385
v 0.058517574 0.010097336 0.011146385
v 0.065062060 -0.016186333 0.011149347
v 0.058749045 0.011623122 0.011150621
v 0.059998066 0.013125249 0.011170119
v 0.083836107 -0.028596025 0.011184993
v 0.071086139 0.022761041 0.011184993
v 0.070721481 -0.004215686 0.011214413
v 0.083115923 -0.028513640 0.011221353
v 0.070504180 0.022286656 0.011221353
v 0.063480108 -0.007726198 0.011230679
v 0.058889635 0.011387010 0.011232480
v 0.059041334 0.011146679 0.011270503
v 0.060117287 0.012927291 0.011332530
v 0.073848245 -0.024981420 0.011337164
v 0.072378051 -0.023799772 0.011340631
v 0.062980517 0.009905635 0.011346442
v 0.075442848 -0.025986471 0.011364549
v 0.060255673 0.012715323 0.011457812
v 0.070660111 -0.004282055 0.011499027
v 0.060409858 0.012494503 0.011542918
v 0.062883288 0.010107969 0.011543086
v 0.060576092 0.012270209 0.011585774
v 0.072434653 -0.023667309 0.011596258
v 0.073861106 -0.024875126 0.011611198
v 0.075416049 -0.025915337 0.011650065
v 0.062786070 0.010341388 0.011701594
v 0.077089590 -0.026775633 0.011722797
v 0.070612231 -0.004394247 0.011771602
v 0.066410165 0.018912278 0.011807359
v 0.062691499 0.010599551 0.011817661
v 0.072518883 -0.023505804 0.011826293
v 0.073900599 -0.024733945 0.011866279
v 0.062602153 0.010875437 0.011888130
v 0.062520464 0.011161551 0.011911086
v 0.075413287 -0.025804101 0.011923771
v 0.077049312 -0.026703363 0.012008318
v 0.078347129 -0.027264000 0.012018917
v 0.072628531 -0.023319503 0.012024693
v 0.070579151 -0.004549209 0.012024720
v 0.066382792 0.018833719 0.012069446
v 0.073965698 -0.024561604 0.012095667
v 0.075434633 -0.025655716 0.012178377
v 0.072760718 -0.023113294 0.012186244
v 0.070561766 -0.004742724 0.012251493
v 0.077030004 -0.026588663 0.012281885
v 0.074054685 -0.024362655 0.012293305
v 0.078296410 -0.027191869 0.012304632
v 0.072911975 -0.022892599 0.012306704
v 0.066382201 0.018724608 0.012321844
v 0.073078319 -0.022663218 0.012382906
v 0.075479513 -0.025474144 0.012407100
v 0.074759854 -0.003320867 0.012409739
v 0.071052589 0.011612053 0.012409739
v 0.070560550 -0.004969525 0.012445750
v 0.074165194 -0.024142357 0.012453970
v 0.080100066 -0.027794063 0.012465368
v 0.077032186 -0.026434624 0.012536120
v 0.066408403 0.018587464 0.012558731
v 0.074294326 -0.023906528 0.012573421
v 0.078264308 -0.027075622 0.012578246
v 0.064501917 0.015382053 0.012588979
v 0.065365690 0.011930521 0.012590650
v 0.070575544 -0.005223442 0.012602204
v 0.075546734 -0.025264218 0.012603846
v 0.075014975 -0.003254615 0.012616359
v 0.071309075 0.011672813 0.012616359
v 0.075020560 -0.003252661 0.012620982
v 0.071314925 0.011673701 0.012620982
v 0.074438656 -0.023661395 0.012648501
v 0.074684054 -0.003390497 0.012690332
v 0.070953024 0.011638151 0.012690332
v 0.070606336 -0.005497563 0.012716599
v 0.080034652 -0.027723570 0.012751656
v 0.075634510 -0.025031529 0.012763374
v 0.077055803 -0.026245407 0.012764168
v 0.066460802 0.018425454 0.012774641
v 0.070652084 -0.005784429 0.012785820
v 0.070711537 -0.006076232 0.012807985
v 0.075248191 -0.003151988 0.012813095
v 0.071563206 0.011691179 0.012813095
v 0.075262648 -0.003144065 0.012825569
v 0.071579691 0.011690936 0.012825569
v 0.085097485 -0.028531641 0.012829343
v 0.086720014 -0.028524236 0.012829343
v 0.083834770 -0.028451416 0.012829343
v 0.088519334 -0.028370346 0.012829343
v 0.089588492 -0.028205115 0.012829343
v 0.081423417 -0.028085222 0.012829343
v 0.091870718 -0.027660901 0.012829343
v 0.092387191 -0.027499954 0.012829343
v 0.095064410 -0.026421775 0.012829343
v 0.097752976 -0.024924586 0.012829343
v 0.098696449 -0.024297797 0.012829343
v 0.100252962 -0.023130099 0.012829343
v 0.101952843 -0.021633389 0.012829343
v 0.102531586 -0.021061801 0.012829343
v 0.104559073 -0.018746769 0.012829343
v 0.106308850 -0.016215303 0.012829343
v 0.107031006 -0.014955718 0.012829343
v 0.107758035 -0.013500540 0.012829343
v 0.108728534 -0.011105852 0.012829343
v 0.108887636 -0.010638018 0.012829343
v 0.109682879 -0.007665203 0.012829343
v 0.109777456 -0.007186560 0.012829343
v 0.075856883 -0.001599879 0.012829343
v 0.072827137 0.010603970 0.012829343
v 0.069241702 0.021085543 0.012829343
v 0.078418449 0.028501472 0.012829343
v 0.078251707 -0.026918429 0.012832295
v 0.075275841 -0.003136654 0.012836989
v 0.071594822 0.011690557 0.012836989
v 0.069240906 0.021083362 0.012842476
v 0.081421644 -0.028083554 0.012843176
v 0.072762138 0.010808654 0.012850545
v 0.072747018 0.010844934 0.012854025
v 0.075898835 -0.001851270 0.012854106
v 0.072709700 0.010924445 0.012861330
v 0.075903105 -0.001978022 0.012864430
v 0.072647491 0.011034814 0.012870668
v 0.072626608 0.011067329 0.012873222
v 0.075896244 -0.002104272 0.012873289
v 0.075322107 -0.003109274 0.012877273
v 0.071648525 0.011687994 0.012877273
v 0.072576000 0.011138960 0.012878492
v 0.075878323 -0.002229089 0.012880621
v 0.075370755 -0.003072119 0.012880638
v 0.075740501 -0.024782281 0.012881434
v 0.071747510 0.011670043 0.012882609
v 0.074954582 -0.003335382 0.012883823
v 0.071217923 0.011715957 0.012883823
v 0.072495791 0.011236130 0.012884751
v 0.071830376 0.011649344 0.012886349
v 0.072469551 0.011264415 0.012886349
v 0.075849508 -0.002351559 0.012886377
v 0.075465581 -0.002989285 0.012886393
v 0.075321605 -0.003111109 0.012887290
v 0.071647216 0.011689379 0.012887290
v 0.071869058 0.011637837 0.012887859
v 0.072407479 0.011325631 0.012889402
v 0.075810036 -0.002470794 0.012890518
v 0.075552523 -0.002898548 0.012890531
v 0.071987091 0.011595054 0.012891484
v 0.072311720 0.011406821 0.012892415
v 0.072280568 0.011430259 0.012893014
v 0.072065349 0.011559870 0.012893014
v 0.075760190 -0.002585927 0.012893015
v 0.075630975 -0.002800587 0.012893022
v 0.072100755 0.011542020 0.012893459
v 0.072209226 0.011479123 0.012893770
v 0.075700361 -0.002696126 0.012893852
v 0.075861877 -0.024523111 0.012954881
v 0.109768253 -0.007149504 0.012957726
v 0.074622170 -0.003505938 0.012958975
v 0.070844337 0.011711242 0.012958975
v 0.077100219 -0.026026109 0.012959879
v 0.066538187 0.018242312 0.012964591
v 0.078423531 0.028481007 0.012977267
v 0.109763281 -0.007129463 0.013006878
v 0.079984546 -0.027606688 0.013025584
v 0.078258955 -0.026724579 0.013059846
v 0.075205852 -0.003238713 0.013068837
v 0.071485225 0.011748034 0.013068837
v 0.075235888 -0.003223742 0.013091362
v 0.071518780 0.011748848 0.013091362
v 0.077164224 -0.025782641 0.013117976
v 0.081390166 -0.028026706 0.013123116
v 0.086717865 -0.028473947 0.013123116
v 0.083839460 -0.028401299 0.013123116
v 0.089579542 -0.028155584 0.013123116
v 0.092371602 -0.027452094 0.013123116
v 0.095042467 -0.026376472 0.013123116
v 0.097726017 -0.024882084 0.013123116
v 0.100221318 -0.023090953 0.013123116
v 0.102495689 -0.021026528 0.013123116
v 0.104519375 -0.018715827 0.013123116
v 0.106265882 -0.016189099 0.013123116
v 0.107712349 -0.013479417 0.013123116
v 0.108839839 -0.010622251 0.013123116
v 0.109633591 -0.007654998 0.013123116
v 0.075905735 -0.001587752 0.013123116
v 0.072875989 0.010616097 0.013123116
v 0.078431829 0.028447571 0.013123116
v 0.109748078 -0.007068238 0.013123848
v 0.066638769 0.018042267 0.013124200
v 0.081389641 -0.028025139 0.013128607
v 0.069238735 0.021016472 0.013128994
v 0.081389602 -0.028025018 0.013129027
v 0.074913735 -0.003455260 0.013140081
v 0.071125748 0.011802813 0.013140081
v 0.072811305 0.010828883 0.013141421
v 0.075952344 -0.001847582 0.013144493
v 0.109744156 -0.007052451 0.013149085
v 0.072758182 0.010949538 0.013150721
v 0.075958094 -0.001979035 0.013153393
v 0.075320196 -0.003177172 0.013154977
v 0.071615064 0.011747133 0.013155040
v 0.072694624 0.011064692 0.013158766
v 0.075952084 -0.002110192 0.013161024
v 0.075320494 -0.003179455 0.013162292
v 0.071630836 0.011747394 0.013163160
v 0.072621156 0.011173450 0.013165504
v 0.075934362 -0.002240032 0.013167336
v 0.075406652 -0.003116528 0.013167351
v 0.071760045 0.011726011 0.013169047
v 0.072538368 0.011274969 0.013170890
v 0.075905094 -0.002367549 0.013172289
v 0.075505726 -0.003030927 0.013172303
v 0.071886625 0.011693141 0.013173565
v 0.072446906 0.011368472 0.013174891
v 0.075864506 -0.002491756 0.013175850
v 0.075596547 -0.002936879 0.013175862
v 0.072009586 0.011649045 0.013176682
v 0.071612655 0.011753773 0.013177215
v 0.072347501 0.011453242 0.013177482
v 0.075812920 -0.002611697 0.013177998
v 0.075678418 -0.002835122 0.013178004
v 0.072127990 0.011594067 0.013178380
v 0.072240919 0.011528633 0.013178647
v 0.075750732 -0.002726447 0.013178718
v 0.075321859 -0.003188671 0.013191022
v 0.074575881 -0.003664042 0.013208347
v 0.070729480 0.011829341 0.013208347
v 0.077246117 -0.025521576 0.013234195
v 0.066760228 0.017829933 0.013249784
v 0.078285842 -0.026499367 0.013254692
v 0.078443292 0.028401393 0.013265899
v 0.079951134 -0.027446672 0.013279528
v 0.077343666 -0.025249949 0.013305401
v 0.109712965 -0.006926800 0.013312335
v 0.075186987 -0.003357759 0.013314175
v 0.071412877 0.011844433 0.013314175
v 0.075219796 -0.003342304 0.013335433
v 0.071449101 0.011846115 0.013335433
v 0.066899768 0.017610209 0.013338446
v 0.069258932 0.020935508 0.013356091
v 0.074893455 -0.003611261 0.013378743
v 0.071034856 0.011931214 0.013378743
v 0.067054169 0.017388166 0.013388140
v 0.069265247 0.020916859 0.013399681
v 0.086713683 -0.028376183 0.013404648
v 0.083848570 -0.028303871 0.013404648
v 0.089562130 -0.028059288 0.013404648
v 0.092341301 -0.027359047 0.013404648
v 0.094999830 -0.026288394 0.013404648
v 0.097673602 -0.024799453 0.013404648
v 0.100159799 -0.023014854 0.013404648
v 0.102425883 -0.020957951 0.013404648
v 0.104442189 -0.018655672 0.013404648
v 0.106182331 -0.016138153 0.013404648
v 0.107623528 -0.013438348 0.013404648
v 0.108746908 -0.010591597 0.013404648
v 0.109537776 -0.007635160 0.013404648
v 0.076000704 -0.001564173 0.013404648
v 0.072970964 0.010639675 0.013404648
v 0.078457843 0.028342782 0.013404648
v 0.109689729 -0.006833161 0.013407669
v 0.078331639 -0.026248931 0.013411515
v 0.081367212 -0.027916881 0.013415187
v 0.071589237 0.011844948 0.013415920
v 0.075343122 -0.003275735 0.013415935
v 0.072903617 0.010866857 0.013419760
v 0.081366803 -0.027913542 0.013422199
v 0.076052246 -0.001840697 0.013422295
v 0.072847694 0.010995867 0.013427431
v 0.076059146 -0.001980895 0.013429634
v 0.074546459 -0.003860501 0.013431648
v 0.070611585 0.011989225 0.013431648
v 0.069270417 0.020902485 0.013431683
v 0.072780462 0.011119098 0.013434062
v 0.071587558 0.011854062 0.013435351
v 0.076053368 -0.002120932 0.013435922
v 0.071644387 0.011848570 0.013437681
v 0.072702475 0.011235553 0.013439612
v 0.076034966 -0.002259680 0.013441122
v 0.075471088 -0.003196251 0.013441133
v 0.071782496 0.011826210 0.013442530
v 0.072614366 0.011344297 0.013444047
v 0.076004090 -0.002396026 0.013445199
v 0.075577217 -0.003105090 0.013445210
v 0.071917860 0.011791439 0.013446248
v 0.072516850 0.011444459 0.013447341
v 0.075960978 -0.002528880 0.013448131
v 0.075674501 -0.003004763 0.013448140
v 0.072049384 0.011744537 0.013448814
v 0.072410711 0.011535244 0.013449473
v 0.075905983 -0.002657182 0.013449898
v 0.075762178 -0.002896078 0.013449903
v 0.072176036 0.011685878 0.013450212
v 0.072296798 0.011615930 0.013450432
v 0.075839536 -0.002779908 0.013450490
v 0.075350779 -0.003299551 0.013467188
v 0.071584868 0.011869587 0.013467188
v 0.109662870 -0.006724990 0.013501316
v 0.079935351 -0.027247971 0.013506419
v 0.078395103 -0.025980107 0.013526037
v 0.075192025 -0.003506410 0.013543512
v 0.071347795 0.011978178 0.013543512
v 0.075227922 -0.003489667 0.013563696
v 0.071387360 0.011980167 0.013563696
v 0.074894240 -0.003799495 0.013593858
v 0.070947516 0.012097959 0.013593858
v 0.078474499 -0.025700229 0.013595133
v 0.069305431 0.020817140 0.013599139
v 0.074534686 -0.004089958 0.013622792
v 0.070493866 0.012186538 0.013622792
v 0.075389112 -0.003401453 0.013655245
v 0.071571090 0.011977639 0.013655326
v 0.069323578 0.020777685 0.013666295
v 0.081357080 -0.027773466 0.013666302
v 0.086707573 -0.028233588 0.013666307
v 0.083861856 -0.028161765 0.013666307
v 0.089536745 -0.027918837 0.013666307
v 0.092297095 -0.027223336 0.013666307
v 0.094937637 -0.026159931 0.013666307
v 0.097597144 -0.024678934 0.013666307
v 0.100070072 -0.022903857 0.013666307
v 0.102324069 -0.020857929 0.013666307
v 0.104329624 -0.018567934 0.013666307
v 0.106060475 -0.016063849 0.013666307
v 0.107493970 -0.013378449 0.013666307
v 0.108611362 -0.010546886 0.013666307
v 0.109397999 -0.007606224 0.013666307
v 0.076139227 -0.001529784 0.013666307
v 0.073109488 0.010674065 0.013666307
v 0.078495790 0.028189940 0.013666307
v 0.081356915 -0.027767475 0.013675095
v 0.073036599 0.010921563 0.013678136
v 0.076195880 -0.001830798 0.013680119
v 0.081356810 -0.027763420 0.013680990
v 0.069328738 0.020766853 0.013683810
v 0.072975870 0.011062205 0.013684136
v 0.076203597 -0.001983554 0.013685858
v 0.075397962 -0.003422613 0.013689311
v 0.072902744 0.011196600 0.013689320
v 0.109594909 -0.006451303 0.013689521
v 0.076197460 -0.002136209 0.013690773
v 0.071663634 0.011992300 0.013692148
v 0.072817829 0.011323648 0.013693657
v 0.076177517 -0.002287518 0.013694836
v 0.075562390 -0.003309208 0.013694845
v 0.071814267 0.011968027 0.013695936
v 0.072721810 0.011442310 0.013697121
v 0.076143923 -0.002436251 0.013698021
v 0.075678202 -0.003209848 0.013698030
v 0.071961933 0.011930181 0.013698840
v 0.072615477 0.011551622 0.013699693
v 0.079937633 -0.027016128 0.013699942
v 0.076096955 -0.002581205 0.013700309
v 0.075784381 -0.003100442 0.013700317
v 0.072105451 0.011879063 0.013700843
v 0.072499703 0.011650706 0.013701358
v 0.076036988 -0.002721208 0.013701689
v 0.075880068 -0.002981880 0.013701693
v 0.072243654 0.011815086 0.013701935
v 0.072375427 0.011738763 0.013702107
v 0.075964497 -0.002855127 0.013702151
v 0.071567527 0.012018658 0.013715382
v 0.075410574 -0.003451822 0.013734071
v 0.075220835 -0.003681278 0.013751621
v 0.071291485 0.012146218 0.013751621
v 0.075260085 -0.003662507 0.013771008
v 0.071334951 0.012147982 0.013771008
v 0.074540901 -0.004346161 0.013776569
v 0.070379534 0.012415899 0.013776569
v 0.074916072 -0.004015268 0.013780064
v 0.070865899 0.012298892 0.013780064
v 0.069375977 0.020673229 0.013821271
v 0.079957918 -0.026757584 0.013854712
v 0.071560605 0.012141271 0.013869461
v 0.075456405 -0.003551064 0.013869491
v 0.074564932 -0.004622123 0.013888787
v 0.070271703 0.012671057 0.013888787
v 0.081358108 -0.027587391 0.013899126
v 0.086699723 -0.028050024 0.013900998
v 0.083878965 -0.027978834 0.013900998
v 0.089504069 -0.027738038 0.013900998
v 0.092240216 -0.027048639 0.013900998
v 0.094857578 -0.025994564 0.013900998
v 0.097498722 -0.024523793 0.013900998
v 0.099954569 -0.022760973 0.013900998
v 0.102193009 -0.020729173 0.013900998
v 0.104184709 -0.018454993 0.013900998
v 0.105903605 -0.015968199 0.013900998
v 0.107327201 -0.013301343 0.013900998
v 0.108436880 -0.010489332 0.013900998
v 0.109218092 -0.007568976 0.013900998
v 0.076317543 -0.001485515 0.013900998
v 0.073287798 0.010718334 0.013900998
v 0.078544631 0.027993189 0.013900998
v 0.109487593 -0.006018970 0.013904773
v 0.069412278 0.020606177 0.013906819
v 0.073206711 0.010991543 0.013909655
v 0.076379421 -0.001818149 0.013911104
v 0.073139314 0.011146797 0.013914042
v 0.076387631 -0.001986943 0.013915301
v 0.071559207 0.012185260 0.013917324
v 0.073058255 0.011295165 0.013917831
v 0.081358771 -0.027568992 0.013918469
v 0.076380570 -0.002155623 0.013918894
v 0.071688085 0.012174823 0.013919898
v 0.072964197 0.011435433 0.013921001
v 0.076358291 -0.002322820 0.013921862
v 0.075678169 -0.003452454 0.013921869
v 0.071854534 0.012147775 0.013922665
v 0.081358953 -0.027564206 0.013923415
v 0.072857903 0.011566459 0.013923531
v 0.076320974 -0.002487180 0.013924188
v 0.075806064 -0.003342481 0.013924195
v 0.072017718 0.012105767 0.013924788
v 0.072740250 0.011687188 0.013925410
v 0.076268912 -0.002647377 0.013925860
v 0.075923335 -0.003221439 0.013925865
v 0.072176334 0.012049141 0.013926250
v 0.072612195 0.011796647 0.013926626
v 0.076202537 -0.002802120 0.013926867
v 0.076029055 -0.003090313 0.013926870
v 0.072329094 0.011978351 0.013927046
v 0.072474771 0.011893961 0.013927172
v 0.076122373 -0.002950163 0.013927205
v 0.069423332 0.020586368 0.013930343
v 0.074958411 -0.004253201 0.013932715
v 0.070792044 0.012529000 0.013932715
v 0.075272786 -0.003878374 0.013933755
v 0.071245218 0.012344724 0.013933755
v 0.109460181 -0.005908574 0.013949240
v 0.075315561 -0.003856930 0.013952692
v 0.071293054 0.012345775 0.013952692
v 0.075491810 -0.003622641 0.013953947
v 0.071558417 0.012221123 0.013953947
v 0.074606116 -0.004910324 0.013956386
v 0.070173320 0.012945057 0.013956386
v 0.079995639 -0.026479540 0.013966418
v 0.074663338 -0.005202907 0.013977525
v 0.070087051 0.013230429 0.013977525
v 0.075503638 -0.003645819 0.013979278
v 0.069468974 0.020507035 0.014017495
v 0.080049750 -0.026189738 0.014031953
v 0.075020206 -0.004507360 0.014048008
v 0.070727790 0.012782548 0.014048008
v 0.071557721 0.012332193 0.014055536
v 0.075543148 -0.003721151 0.014055547
v 0.075346674 -0.004093205 0.014085762
v 0.071210050 0.012569168 0.014085762
v 0.069521787 0.020419123 0.014102346
v 0.081371101 -0.027363469 0.014102351
v 0.086690321 -0.027830477 0.014102360
v 0.083899427 -0.027760042 0.014102360
v 0.089464984 -0.027521795 0.014102360
v 0.092172161 -0.026839693 0.014102360
v 0.094761829 -0.025796773 0.014102360
v 0.097380998 -0.024338235 0.014102360
v 0.099816426 -0.022590075 0.014102360
v 0.102036238 -0.020575174 0.014102360
v 0.104011376 -0.018319908 0.014102360
v 0.105715986 -0.015853795 0.014102360
v 0.107127749 -0.013209119 0.014102360
v 0.108228192 -0.010420494 0.014102360
v 0.109002907 -0.007524426 0.014102360
v 0.076530817 -0.001432568 0.014102360
v 0.073501077 0.010771281 0.014102360
v 0.078603056 0.027757868 0.014102360
v 0.075393095 -0.004068549 0.014104651
v 0.071262609 0.012569085 0.014104651
v 0.109343628 -0.005439101 0.014105396
v 0.073409411 0.011074928 0.014108138
v 0.076597982 -0.001803086 0.014109106
v 0.073333711 0.011247405 0.014111065
v 0.076606390 -0.001990970 0.014111904
v 0.075577477 -0.003784376 0.014113068
v 0.073242907 0.011412200 0.014113592
v 0.076597893 -0.002178665 0.014114300
v 0.081372410 -0.027347197 0.014114738
v 0.071717088 0.012391361 0.014114970
v 0.073137756 0.011567987 0.014115705
v 0.076572575 -0.002364667 0.014116279
v 0.075815417 -0.003622253 0.014116283
v 0.071902248 0.012360765 0.014116815
v 0.073019109 0.011713519 0.014117392
v 0.076530629 -0.002547491 0.014117830
v 0.075957470 -0.003499545 0.014117834
v 0.072083762 0.012313644 0.014118229
v 0.072887933 0.011847641 0.014118644
v 0.076472407 -0.002725683 0.014118944
v 0.076087768 -0.003364624 0.014118948
v 0.072260199 0.012250373 0.014119204
v 0.072745272 0.011969294 0.014119454
v 0.076398364 -0.002897829 0.014119615
v 0.076205282 -0.003218573 0.014119617
v 0.072430151 0.012171456 0.014119734
v 0.072592275 0.012077516 0.014119818
v 0.076309091 -0.003062562 0.014119840
v 0.069534278 0.020398835 0.014120351
v 0.081373079 -0.027339054 0.014120832
v 0.075099906 -0.004771408 0.014123066
v 0.070674739 0.013053212 0.014123066
v 0.071559157 0.012438366 0.014138420
v 0.109303665 -0.005278122 0.014149010
v 0.075195522 -0.005038762 0.014156020
v 0.070634218 0.013334246 0.014156020
v 0.075607060 -0.003837504 0.014157270
v 0.069582334 0.020322301 0.014183420
v 0.075440820 -0.004320873 0.014204176
v 0.071186787 0.012814433 0.014204176
v 0.071562383 0.012546352 0.014210758
v 0.075647432 -0.003908260 0.014210763
v 0.075490943 -0.004292594 0.014223460
v 0.071244318 0.012812881 0.014223460
v 0.086679637 -0.027580897 0.014264934
v 0.083922685 -0.027511315 0.014264934
v 0.089420557 -0.027275966 0.014264934
v 0.092094798 -0.026602162 0.014264934
v 0.094652966 -0.025571926 0.014264934
v 0.097247176 -0.024127293 0.014264934
v 0.099659380 -0.022395800 0.014264934
v 0.101858033 -0.020400109 0.014264934
v 0.103814344 -0.018166340 0.014264934
v 0.105502701 -0.015723740 0.014264934
v 0.106900996 -0.013104276 0.014264934
v 0.107990953 -0.010342238 0.014264934
v 0.108758288 -0.007473781 0.014264934
v 0.076773270 -0.001372376 0.014264934
v 0.073743525 0.010831472 0.014264934
v 0.078669465 0.027490356 0.014264934
v 0.109171942 -0.004747554 0.014265551
v 0.081396110 -0.027108164 0.014267528
v 0.073639291 0.011169494 0.014268291
v 0.076845755 -0.001786010 0.014268853
v 0.073553896 0.011361365 0.014269990
v 0.076854097 -0.001995530 0.014270478
v 0.071567029 0.012651489 0.014271117
v 0.075700703 -0.003999012 0.014271118
v 0.073451849 0.011544630 0.014271457
v 0.069664205 0.020196572 0.014271758
v 0.076843739 -0.002204730 0.014271868
v 0.071749886 0.012636242 0.014272256
v 0.073333987 0.011717848 0.014272684
v 0.076814775 -0.002411966 0.014273017
v 0.075970541 -0.003814176 0.014273019
v 0.071956166 0.012601459 0.014273327
v 0.073201242 0.011879666 0.014273662
v 0.076767458 -0.002615616 0.014273916
v 0.076128499 -0.003676961 0.014273919
v 0.072158352 0.012548421 0.014274148
v 0.073054697 0.012028828 0.014274388
v 0.076702160 -0.002814096 0.014274563
v 0.076273425 -0.003526289 0.014274565
v 0.072354876 0.012477555 0.014274713
v 0.072895496 0.012164182 0.014274858
v 0.076619400 -0.003005860 0.014274952
v 0.076404204 -0.003363350 0.014274954
v 0.072544218 0.012389415 0.014275021
v 0.072724887 0.012284688 0.014275070
v 0.076519829 -0.003189421 0.014275082
v 0.109158484 -0.004693345 0.014275443
v 0.081399386 -0.027080061 0.014282274
v 0.081399668 -0.027077694 0.014283489
v 0.071568372 0.012677274 0.014284534
v 0.075553076 -0.004556186 0.014286297
v 0.071175954 0.013074927 0.014286297
v 0.069681226 0.020171067 0.014287538
v 0.075731236 -0.004049869 0.014301168
v 0.071570233 0.012710724 0.014301168
v 0.075606894 -0.004524013 0.014306441
v 0.071238573 0.013071662 0.014306441
v 0.069713527 0.020123182 0.014315328
v 0.075749041 -0.004079161 0.014317308
v 0.075680887 -0.004793779 0.014330253
v 0.071177805 0.013344709 0.014330253
v 0.071574460 0.012779598 0.014332778
v 0.075767189 -0.004108778 0.014332782
v 0.075738341 -0.004757589 0.014351722
v 0.071245517 0.013339593 0.014351722
v 0.069811872 0.019981232 0.014384304
v 0.081430880 -0.026841055 0.014384306
v 0.086667958 -0.027308043 0.014384313
v 0.083948119 -0.027239400 0.014384313
v 0.089371981 -0.027007220 0.014384313
v 0.092010231 -0.026342484 0.014384313
v 0.094533971 -0.025326116 0.014384313
v 0.097100869 -0.023896686 0.014384313
v 0.099487704 -0.022183410 0.014384313
v 0.101663222 -0.020208720 0.014384313
v 0.103598938 -0.017998459 0.014384313
v 0.105269529 -0.015581560 0.014384313
v 0.106653118 -0.012989661 0.014384313
v 0.107731596 -0.010256687 0.014384313
v 0.108490853 -0.007418414 0.014384313
v 0.077038324 -0.001306573 0.014384313
v 0.074008584 0.010897276 0.014384313
v 0.078742077 0.027197899 0.014384313
v 0.073890213 0.011272718 0.014385839
v 0.077116140 -0.001767376 0.014386094
v 0.073794056 0.011485662 0.014386611
v 0.077124205 -0.002000503 0.014386832
v 0.071584685 0.012920765 0.014387134
v 0.075842254 -0.004228766 0.014387136
v 0.073679591 0.011688975 0.014387278
v 0.077111643 -0.002233135 0.014387464
v 0.071785623 0.012903061 0.014387641
v 0.073547747 0.011881101 0.014387834
v 0.077078585 -0.002463484 0.014387986
v 0.076139509 -0.004023217 0.014387988
v 0.072014884 0.012863584 0.014388127
v 0.073399567 0.012060578 0.014388280
v 0.077025303 -0.002689789 0.014388395
v 0.076314709 -0.003870122 0.014388397
v 0.072239555 0.012804007 0.014388500
v 0.073236217 0.012226051 0.014388609
v 0.076952232 -0.002910327 0.014388689
v 0.076475507 -0.003702249 0.014388690
v 0.072457922 0.012724809 0.014388757
v 0.073058973 0.012376278 0.014388823
v 0.076620682 -0.003520900 0.014388866
v 0.076859947 -0.003123425 0.014388866
v 0.072668334 0.012626599 0.014388896
v 0.072869200 0.012510129 0.014388919
v 0.076749151 -0.003327466 0.014388925
v 0.108873714 -0.004764043 0.014392074
v 0.081434698 -0.026814864 0.014393110
v 0.069831920 0.019952935 0.014395759
v 0.081436990 -0.026799376 0.014398108
v 0.071589165 0.012975219 0.014404569
v 0.069859608 0.019914170 0.014410252
v 0.075889023 -0.004301701 0.014413908
v 0.071593723 0.013027399 0.014419517
v 0.108628278 -0.004824975 0.014452416
v 0.069981939 0.019747094 0.014457258
v 0.086655594 -0.027019318 0.014457259
v 0.083975028 -0.026951667 0.014457259
v 0.089320588 -0.026722836 0.014457259
v 0.091920747 -0.026067696 0.014457259
v 0.094408038 -0.025066004 0.014457259
v 0.096946054 -0.023652658 0.014457259
v 0.099306030 -0.021958666 0.014457259
v 0.101457053 -0.020006196 0.014457259
v 0.103371003 -0.017820809 0.014457259
v 0.105022789 -0.015431109 0.014457259
v 0.106390810 -0.012868377 0.014457259
v 0.107457156 -0.010166160 0.014457259
v 0.108207862 -0.007359825 0.014457259
v 0.077318801 -0.001236942 0.014457259
v 0.074289056 0.010966907 0.014457259
v 0.078818904 0.026888429 0.014457259
v 0.108599551 -0.004832109 0.014457271
v 0.074155494 0.011381845 0.014457646
v 0.077401954 -0.001747679 0.014457711
v 0.074047829 0.011617006 0.014457841
v 0.077409594 -0.002005757 0.014457897
v 0.071611086 0.013204753 0.014457981
v 0.075998411 -0.004467435 0.014457982
v 0.073920144 0.011841442 0.014458010
v 0.077394596 -0.002263135 0.014458058
v 0.071823366 0.013184828 0.014458102
v 0.073773450 0.012053481 0.014458152
v 0.076317902 -0.004243926 0.014458190
v 0.077357113 -0.002517877 0.014458190
v 0.072076879 0.013140313 0.014458226
v 0.073608913 0.012251553 0.014458265
v 0.077297472 -0.002768081 0.014458294
v 0.076511260 -0.004074014 0.014458294
v 0.072325265 0.013073775 0.014458321
v 0.073427802 0.012434204 0.014458348
v 0.077216153 -0.003011885 0.014458367
v 0.076688764 -0.003887952 0.014458368
v 0.072566669 0.012985741 0.014458385
v 0.073231493 0.012600096 0.014458402
v 0.076849109 -0.003687154 0.014458412
v 0.077113786 -0.003247485 0.014458412
v 0.072799317 0.012876882 0.014458421
v 0.073021474 0.012748018 0.014458426
v 0.076991129 -0.003473133 0.014458428
v 0.081478020 -0.026544131 0.014459059
v 0.069993485 0.019731648 0.014460357
v 0.071615754 0.013248053 0.014464567
v 0.081484848 -0.026504958 0.014464962
v 0.070017312 0.019699953 0.014466062
v 0.076043634 -0.004534154 0.014469322
v 0.071619853 0.013284883 0.014469322
v 0.081492223 -0.026440845 0.014472610
v 0.071622732 0.013320019 0.014473132
v 0.070051585 0.019648756 0.014473143
v 0.076089204 -0.004613896 0.014477792
v 0.081492212 -0.026376577 0.014477851
v 0.070079969 0.019594356 0.014478034
v 0.071620610 0.013407416 0.014479567
v 0.081485483 -0.026312848 0.014480841
v 0.070102873 0.019536966 0.014480880
v 0.076122273 -0.004700871 0.014481567
v 0.086642888 -0.026722549 0.014481796
v 0.084002683 -0.026655914 0.014481796
v 0.089267753 -0.026430531 0.014481796
v 0.081472694 -0.026249616 0.014481796
v 0.091828766 -0.025785257 0.014481796
v 0.094278602 -0.024798647 0.014481796
v 0.096786941 -0.023401838 0.014481796
v 0.099119306 -0.021727658 0.014481796
v 0.101245171 -0.019798030 0.014481796
v 0.103136714 -0.017638210 0.014481796
v 0.104769176 -0.015276465 0.014481796
v 0.106121187 -0.012743713 0.014481796
v 0.107175060 -0.010073108 0.014481796
v 0.089370313 -0.009605983 0.014481796
v 0.107916993 -0.007299605 0.014481796
v 0.087217776 -0.006942352 0.014481796
v 0.087183934 -0.006806048 0.014481796
v 0.108292849 -0.004908250 0.014481796
v 0.076130151 -0.004729776 0.014481796
v 0.076501068 -0.004470545 0.014481796
v 0.076713054 -0.004283341 0.014481796
v 0.076907694 -0.004078589 0.014481796
v 0.077083607 -0.003857818 0.014481796
v 0.077239527 -0.003622660 0.014481796
v 0.077374349 -0.003374835 0.014481796
v 0.077487085 -0.003116142 0.014481796
v 0.077576894 -0.002848460 0.014481796
v 0.077643098 -0.002573727 0.014481796
v 0.077685166 -0.002293943 0.014481796
v 0.077702723 -0.002011154 0.014481796
v 0.077695569 -0.001727444 0.014481796
v 0.077607090 -0.001165371 0.014481796
v 0.074577351 0.011038478 0.014481796
v 0.074428038 0.011493963 0.014481796
v 0.074308507 0.011751921 0.014481796
v 0.074167194 0.011998024 0.014481796
v 0.074005220 0.012230484 0.014481796
v 0.073823849 0.012447625 0.014481796
v 0.073624480 0.012647892 0.014481796
v 0.073408588 0.012829853 0.014481796
v 0.073177786 0.012992210 0.014481796
v 0.072933763 0.013133802 0.014481796
v 0.072678305 0.013253600 0.014481796
v 0.072413252 0.013350725 0.014481796
v 0.072140525 0.013424442 0.014481796
v 0.071862119 0.013474171 0.014481796
v 0.071604838 0.013498256 0.014481796
v 0.070120507 0.019477151 0.014481796
v 0.078897875 0.026570333 0.014481796
v 0.063965688 0.013090433 0.005430674
v 0.063965688 0.013090433 0.005430674
v 0.070072042 -0.011506057 0.005430674
v 0.063660605 0.013014696 0.005458175
v 0.069766959 -0.011581796 0.005458175
v 0.064270772 0.013166174 0.005458175
v 0.070377119 -0.011430317 0.005458175
v 0.063364797 0.012941256 0.005539843
v 0.069471145 -0.011655235 0.005539843
v 0.064566579 0.013239612 0.005539843
v 0.070672933 -0.011356878 0.005539843
v 0.063087237 0.012872351 0.005673198
v 0.069193596 -0.011724140 0.005673198
v 0.064844135 0.013308519 0.005673198
v 0.070950488 -0.011287972 0.005673198
v 0.062836375 0.012810070 0.005854186
v 0.068942734 -0.011786420 0.005854186
v 0.065094996 0.013370798 0.005854186
v 0.071201355 -0.011225692 0.005854186
v 0.062619831 0.012756310 0.006077308
v 0.068726184 -0.011840179 0.006077308
v 0.065311546 0.013424558 0.006077308
v 0.071417899 -0.011171932 0.006077308
v 0.063614311 0.013003201 0.006154763
v 0.064317066 0.013177669 0.006154763
v 0.062444173 0.012712702 0.006335786
v 0.068550532 -0.011883790 0.006335786
v 0.065487198 0.013468166 0.006335786
v 0.071593557 -0.011128323 0.006335786
v 0.064152760 0.012336900 0.006516808
v 0.064152760 0.012336900 0.006516808
v 0.064152760 0.012336900 0.006516808
v 0.062314748 0.012680571 0.006621765
v 0.068421101 -0.011915920 0.006621765
v 0.065616629 0.013500299 0.006621765
v 0.071722977 -0.011096192 0.006621765
v 0.062911551 0.012828733 0.006878853
v 0.063614311 0.013003201 0.006878853
v 0.064317066 0.013177669 0.006878853
v 0.065019820 0.013352135 0.006878853
v 0.062235484 0.012660893 0.006926556
v 0.068341838 -0.011935598 0.006926556
v 0.065695887 0.013519976 0.006926556
v 0.071802240 -0.011076514 0.006926556
v 0.064152760 0.012336900 0.007240898
v 0.063450000 0.012162434 0.007240898
v 0.064152760 0.012336900 0.007240898
v 0.064152760 0.012336900 0.007240898
v 0.064855515 0.012511368 0.007240898
v 0.064152760 0.012336900 0.007240898
v 0.064152760 0.012336900 0.007240898
v 0.065722575 0.013526603 0.007240898
v 0.065722575 0.013526603 0.007240898
v 0.062208796 0.012654267 0.007240898
v 0.062208796 0.012654267 0.007240898
v 0.064855515 0.012511368 0.007240898
v 0.071828934 -0.011069888 0.007240898
v 0.063450000 0.012162434 0.007240898
v 0.070072042 -0.011506057 0.007240898
v 0.068315149 -0.011942224 0.007240898
v 0.064855515 0.012511368 0.007240898
v 0.064152760 0.012336900 0.007240898
v 0.063450000 0.012162434 0.007240898
v 0.064152760 0.012336900 0.007240898
v 0.064152760 0.012336900 0.007240898
v 0.062235484 0.012660893 0.007555240
v 0.068341838 -0.011935598 0.007555240
v 0.065695887 0.013519976 0.007555240
v 0.071802240 -0.011076514 0.007555240
v 0.062911551 0.012828733 0.007602943
v 0.063614311 0.013003201 0.007602943
v 0.064317066 0.013177669 0.007602943
v 0.065019820 0.013352135 0.007602943
v 0.062314748 0.012680571 0.007860031
v 0.068421101 -0.011915920 0.007860031
v 0.065616629 0.013500299 0.007860031
v 0.071722977 -0.011096192 0.007860031
v 0.064152760 0.012336900 0.007964988
v 0.064152760 0.012336900 0.007964988
v 0.064152760 0.012336900 0.007964988
v 0.062444173 0.012712702 0.008146010
v 0.068550532 -0.011883790 0.008146010
v 0.065487198 0.013468166 0.008146010
v 0.071593557 -0.011128323 0.008146010
v 0.063614311 0.013003201 0.008327033
v 0.064317066 0.013177669 0.008327033
v 0.062619831 0.012756310 0.008404488
v 0.068726184 -0.011840179 0.008404488
v 0.065311546 0.013424558 0.008404488
v 0.071417899 -0.011171932 0.008404488
v 0.062836375 0.012810070 0.008627611
v 0.068942734 -0.011786420 0.008627611
v 0.065094996 0.013370798 0.008627611
v 0.071201355 -0.011225692 0.008627611
v 0.063087237 0.012872351 0.008808599
v 0.069193596 -0.011724140 0.008808599
v 0.064844135 0.013308519 0.008808599
v 0.070950488 -0.011287972 0.008808599
v 0.063364797 0.012941256 0.008941953
v 0.069471145 -0.011655235 0.008941953
v 0.064566579 0.013239612 0.008941953
v 0.070672933 -0.011356878 0.008941953
v 0.063660605 0.013014696 0.009023621
v 0.069766959 -0.011581796 0.009023621
v 0.064270772 0.013166174 0.009023621
v 0.070377119 -0.011430317 0.009023621
v 0.063965688 0.013090433 0.009051123
v 0.070072042 -0.011506057 0.009051123
v 0.106191524 0.004691643 0.000000000
v 0.105637463 0.005723892 0.000000000
v 0.104858317 0.006984447 0.000000000
v 0.103995157 0.008189031 0.000000000
v 0.103052004 0.009332053 0.000000000
v 0.102033200 0.010408209 0.000000000
v 0.100943497 0.011412505 0.000000000
v 0.099787954 0.012340278 0.000000000
v 0.098571919 0.013187226 0.000000000
v 0.097301038 0.013949416 0.000000000
v 0.095981223 0.014623314 0.000000000
v 0.094618583 0.015205788 0.000000000
v 0.093219448 0.015694137 0.000000000
v 0.091790311 0.016086096 0.000000000
v 0.090337806 0.016379844 0.000000000
v 0.088868672 0.016574019 0.000000000
v 0.087389728 0.016667719 0.000000000
v 0.085907833 0.016660510 0.000000000
v 0.089222818 0.000478971 0.000000000
v 0.088995352 0.000422501 0.000000000
v 0.084429871 0.016552424 0.000000000
v 0.082962693 0.016343966 0.000000000
v 0.083790348 0.006863371 0.000000000
v 0.081513116 0.016036100 0.000000000
v 0.106319468 0.004723407 0.000005721
v 0.106350139 0.004731021 0.000008803
v 0.106427856 0.004750314 0.000019620
v 0.105843743 0.005841874 0.000019630
v 0.105056089 0.007116199 0.000019630
v 0.104183505 0.008333942 0.000019630
v 0.103230032 0.009489451 0.000019630
v 0.102200102 0.010577363 0.000019630
v 0.101098499 0.011592630 0.000019630
v 0.099930328 0.012530537 0.000019630
v 0.098701012 0.013386737 0.000019630
v 0.097416255 0.014157255 0.000019630
v 0.096082010 0.014838512 0.000019630
v 0.094704487 0.015427351 0.000019630
v 0.093290072 0.015921035 0.000019630
v 0.091845328 0.016317274 0.000019630
v 0.090376952 0.016614230 0.000019630
v 0.088891764 0.016810527 0.000019630
v 0.087396666 0.016905252 0.000019630
v 0.085898585 0.016897964 0.000019630
v 0.084404476 0.016788699 0.000019630
v 0.082921272 0.016577962 0.000019630
v 0.081455856 0.016266733 0.000019630
v 0.106576804 0.004787294 0.000052772
v 0.106657692 0.004807373 0.000077958
v 0.106044421 0.005956658 0.000077987
v 0.105248492 0.007244381 0.000077987
v 0.104366726 0.008474925 0.000077987
v 0.103403243 0.009642581 0.000077987
v 0.102362485 0.010741930 0.000077987
v 0.101249303 0.011767870 0.000077987
v 0.100068846 0.012715640 0.000077987
v 0.098826603 0.013580840 0.000077987
v 0.097528333 0.014359458 0.000077987
v 0.096180067 0.015047878 0.000077987
v 0.094788070 0.015642905 0.000077987
v 0.093358784 0.016141780 0.000077987
v 0.091898848 0.016542185 0.000077987
v 0.090415037 0.016842264 0.000077987
v 0.088914237 0.017040625 0.000077987
v 0.087403411 0.017136344 0.000077987
v 0.085889586 0.017128979 0.000077987
v 0.084379765 0.017018565 0.000077987
v 0.082880977 0.016805614 0.000077987
v 0.081400154 0.016491114 0.000077987
v 0.106796442 0.004841821 0.000133979
v 0.106713311 0.005176678 0.000172197
v 0.106234072 0.006065131 0.000173490
v 0.105430321 0.007365514 0.000173490
v 0.104539893 0.008608158 0.000173490
v 0.103566919 0.009787294 0.000173490
v 0.102515930 0.010897452 0.000173490
v 0.101391799 0.011933479 0.000173490
v 0.100199751 0.012890566 0.000173490
v 0.098945300 0.013764274 0.000173490
v 0.097634257 0.014550544 0.000173490
v 0.096272744 0.015245733 0.000173490
v 0.094867047 0.015846610 0.000173490
v 0.093423706 0.016350389 0.000173490
v 0.091949418 0.016754734 0.000173490
v 0.090451017 0.017057762 0.000173490
v 0.088935473 0.017258071 0.000173490
v 0.087409798 0.017354732 0.000173490
v 0.085881084 0.017347296 0.000173490
v 0.084356425 0.017235795 0.000173490
v 0.082842886 0.017020751 0.000173490
v 0.081347512 0.016703158 0.000173490
v 0.106548188 0.005841793 0.000276996
v 0.106407548 0.006164354 0.000303549
v 0.105596638 0.007476318 0.000303549
v 0.104698276 0.008730027 0.000303549
v 0.103716651 0.009919664 0.000303549
v 0.102656304 0.011039709 0.000303549
v 0.101522163 0.012084961 0.000303549
v 0.100319486 0.013050572 0.000303549
v 0.099053865 0.013932061 0.000303549
v 0.097731155 0.014725337 0.000303549
v 0.096357510 0.015426714 0.000303549
v 0.094939294 0.016032945 0.000303549
v 0.093483093 0.016541208 0.000303549
v 0.091995685 0.016949151 0.000303549
v 0.090483937 0.017254882 0.000303549
v 0.088954891 0.017456974 0.000303549
v 0.087415631 0.017554496 0.000303549
v 0.085873305 0.017546994 0.000303549
v 0.084335068 0.017434501 0.000303549
v 0.082808055 0.017217540 0.000303549
v 0.081299356 0.016897120 0.000303549
v 0.106406112 0.006414057 0.000411235
v 0.106364436 0.006581976 0.000461777
v 0.105742945 0.007573788 0.000464639
v 0.104837601 0.008837231 0.000464639
v 0.103848352 0.010036106 0.000464639
v 0.102779774 0.011164848 0.000464639
v 0.101636827 0.012218216 0.000464639
v 0.100424814 0.013191325 0.000464639
v 0.099149359 0.014079658 0.000464639
v 0.097816385 0.014879092 0.000464639
v 0.096432078 0.015585917 0.000464639
v 0.095002847 0.016196853 0.000464639
v 0.093535354 0.016709065 0.000464639
v 0.092036383 0.017120176 0.000464639
v 0.090512901 0.017428278 0.000464639
v 0.088971978 0.017631941 0.000464639
v 0.087420764 0.017730221 0.000464639
v 0.085866461 0.017722661 0.000464639
v 0.084316279 0.017609294 0.000464639
v 0.082777412 0.017390648 0.000464639
v 0.081257001 0.017067740 0.000464639
v 0.106302519 0.006831322 0.000549788
v 0.106245552 0.007060829 0.000648970
v 0.105865266 0.007655280 0.000652392
v 0.104954099 0.008926862 0.000652392
v 0.103958475 0.010133461 0.000652392
v 0.102883013 0.011269473 0.000652392
v 0.101732697 0.012329627 0.000652392
v 0.100512872 0.013309005 0.000652392
v 0.099229208 0.014203060 0.000652392
v 0.097887638 0.015007644 0.000652392
v 0.096494415 0.015719022 0.000652392
v 0.095055991 0.016333894 0.000652392
v 0.093579029 0.016849407 0.000652392
v 0.092070402 0.017263167 0.000652392
v 0.090537109 0.017573253 0.000652392
v 0.088986264 0.017778227 0.000652392
v 0.087425056 0.017877140 0.000652392
v 0.085860738 0.017869530 0.000652392
v 0.084300568 0.017755434 0.000652392
v 0.082751790 0.017535380 0.000652392
v 0.081221584 0.017210392 0.000652392
v 0.106217157 0.007175199 0.000707284
v 0.105960296 0.007718585 0.000861718
v 0.105044599 0.008996492 0.000861718
v 0.104044014 0.010209089 0.000861718
v 0.102963205 0.011350750 0.000861718
v 0.101807176 0.012416176 0.000861718
v 0.100581286 0.013400424 0.000861718
v 0.099291236 0.014298925 0.000861718
v 0.097943003 0.015107508 0.000861718
v 0.096542841 0.015822425 0.000861718
v 0.095097258 0.016440354 0.000861718
v 0.093612960 0.016958428 0.000861718
v 0.092096836 0.017374244 0.000861718
v 0.090555919 0.017685874 0.000861718
v 0.088997363 0.017891869 0.000861718
v 0.087428393 0.017991272 0.000861718
v 0.085856296 0.017983625 0.000861718
v 0.084288365 0.017868961 0.000861718
v 0.082731885 0.017647812 0.000861718
v 0.081194073 0.017321208 0.000861718
v 0.106153671 0.007430917 0.000870944
v 0.106118779 0.007571438 0.000994848
v 0.106099311 0.007649897 0.001085845
v 0.106025439 0.007761990 0.001086944
v 0.105106637 0.009044230 0.001086944
v 0.104102672 0.010260941 0.001086944
v 0.103018184 0.011406474 0.001086944
v 0.101858232 0.012475515 0.001086944
v 0.100628188 0.013463102 0.001086944
v 0.099333762 0.014364651 0.001086944
v 0.097980955 0.015175979 0.001086944
v 0.096576043 0.015893319 0.001086944
v 0.095125565 0.016513345 0.001086944
v 0.093636229 0.017033177 0.001086944
v 0.092114956 0.017450403 0.001086944
v 0.090568813 0.017763089 0.001086944
v 0.089004970 0.017969782 0.001086944
v 0.087430674 0.018069523 0.001086944
v 0.085853246 0.018061850 0.001086944
v 0.084280006 0.017946798 0.001086944
v 0.082718240 0.017724899 0.001086944
v 0.081175207 0.017397187 0.001086944
v 0.106094947 0.007667471 0.001109995
v 0.106089732 0.007688442 0.001141521
v 0.106077191 0.007738976 0.001237434
v 0.106070087 0.007767572 0.001321962
v 0.106058950 0.007784315 0.001321962
v 0.105138557 0.009068785 0.001321962
v 0.104872161 0.009408415 0.001321962
v 0.104132835 0.010287612 0.001321962
v 0.103416866 0.011061282 0.001321962
v 0.103046468 0.011435138 0.001321962
v 0.101884495 0.012506037 0.001321962
v 0.101811386 0.012568689 0.001321962
v 0.100652318 0.013495340 0.001321962
v 0.100070183 0.013917053 0.001321962
v 0.099355628 0.014398457 0.001321962
v 0.098208968 0.015094215 0.001321962
v 0.098000479 0.015211195 0.001321962
v 0.096593124 0.015929784 0.001321962
v 0.096244503 0.016089567 0.001321962
v 0.095140116 0.016550887 0.001321962
v 0.094194499 0.016894135 0.001321962
v 0.093648194 0.017071624 0.001321962
v 0.092124276 0.017489577 0.001321962
v 0.092077440 0.017500672 0.001321962
v 0.090575448 0.017802807 0.001321962
v 0.089912391 0.017903708 0.001321962
v 0.089008881 0.018009859 0.001321962
v 0.087718886 0.018099609 0.001321962
v 0.087431851 0.018109772 0.001321962
v 0.085851683 0.018102085 0.001321962
v 0.085516685 0.018086611 0.001321962
v 0.084275697 0.017986833 0.001321962
v 0.083325644 0.017864830 0.001321962
v 0.082711219 0.017764549 0.001321962
v 0.081165506 0.017436265 0.001321962
v 0.081677510 -0.022190864 0.003620449
v 0.076443493 -0.001108157 0.003620449
v 0.071205040 0.019973448 0.003620452
v 0.081566575 -0.022218403 0.003622254
v 0.105929182 0.008335148 0.003647071
v 0.082165914 -0.022069611 0.003655594
v 0.071814781 0.020124824 0.003674573
v 0.082287671 -0.022039383 0.003675452
v 0.077053654 -0.000956677 0.003675452
v 0.081067349 -0.022342342 0.003675452
v 0.075833327 -0.001259636 0.003675452
v 0.070599309 0.019823070 0.003675452
v 0.070595426 0.019822105 0.003676160
v 0.080970480 -0.022366392 0.003694499
v 0.080654972 -0.021202468 0.003699889
v 0.080567737 -0.020851087 0.003699889
v 0.080480501 -0.020499710 0.003699889
v 0.079782636 -0.017688683 0.003699889
v 0.079695400 -0.017337304 0.003699889
v 0.079608165 -0.016985926 0.003699889
v 0.078910300 -0.014174898 0.003699889
v 0.078823064 -0.013823520 0.003699889
v 0.078735835 -0.013472141 0.003699889
v 0.078037963 -0.010661113 0.003699889
v 0.077950728 -0.010309735 0.003699889
v 0.077863498 -0.009958356 0.003699889
v 0.077165622 -0.007147328 0.003699889
v 0.077078392 -0.006795951 0.003699889
v 0.076991157 -0.006444572 0.003699889
v 0.076293285 -0.003633545 0.003699889
v 0.076206056 -0.003282166 0.003699889
v 0.076118820 -0.002930788 0.003699889
v 0.075420955 -0.000119760 0.003699889
v 0.075333719 0.000231618 0.003699889
v 0.075246484 0.000582997 0.003699889
v 0.074548619 0.003394024 0.003699889
v 0.074461383 0.003745402 0.003699889
v 0.074374148 0.004096781 0.003699889
v 0.073676277 0.006907809 0.003699889
v 0.073589042 0.007259187 0.003699889
v 0.073501812 0.007610565 0.003699889
v 0.072803941 0.010421592 0.003699889
v 0.072716711 0.010772972 0.003699889
v 0.072629476 0.011124349 0.003699889
v 0.071931604 0.013935377 0.003699889
v 0.071844375 0.014286754 0.003699889
v 0.071757139 0.014638135 0.003699889
v 0.071059274 0.017449160 0.003699889
v 0.070972038 0.017800540 0.003699889
v 0.070884803 0.018151918 0.003699889
v 0.080273001 -0.020495344 0.003748565
v 0.079400664 -0.016981559 0.003748565
v 0.078528328 -0.013467775 0.003748565
v 0.077655992 -0.009953991 0.003748565
v 0.076783656 -0.006440206 0.003748565
v 0.075911320 -0.002926421 0.003748565
v 0.075038978 0.000587363 0.003748565
v 0.074166647 0.004101148 0.003748565
v 0.073294311 0.007614932 0.003748565
v 0.072421975 0.011128716 0.003748565
v 0.071549633 0.014642500 0.003748565
v 0.070677297 0.018156285 0.003748565
v 0.080191743 -0.020493106 0.003770924
v 0.079319407 -0.016979321 0.003770924
v 0.078447070 -0.013465537 0.003770924
v 0.077574734 -0.009951752 0.003770924
v 0.076702398 -0.006437968 0.003770924
v 0.075830062 -0.002924184 0.003770924
v 0.074957720 0.000589601 0.003770924
v 0.074085389 0.004103385 0.003770924
v 0.073213053 0.007617170 0.003770924
v 0.072340717 0.011130954 0.003770924
v 0.071468375 0.014644738 0.003770924
v 0.070596039 0.018158522 0.003770924
v 0.082751000 -0.021924356 0.003793546
v 0.080282243 -0.021299394 0.003804403
v 0.079409901 -0.017785609 0.003804403
v 0.078537571 -0.014271825 0.003804403
v 0.077665234 -0.010758042 0.003804403
v 0.076792898 -0.007244258 0.003804403
v 0.075920556 -0.003730473 0.003804403
v 0.075048220 -0.000216689 0.003804403
v 0.074175890 0.003297096 0.003804403
v 0.073303553 0.006810880 0.003804403
v 0.072431217 0.010324665 0.003804403
v 0.071558875 0.013838449 0.003804403
v 0.070686539 0.017352232 0.003804403
v 0.072406159 0.020271642 0.003836882
v 0.080186417 -0.021323885 0.003838788
v 0.079314081 -0.017810100 0.003838788
v 0.078441739 -0.014296317 0.003838788
v 0.077569409 -0.010782531 0.003838788
v 0.076697072 -0.007268746 0.003838788
v 0.075824736 -0.003754963 0.003838788
v 0.074952400 -0.000241178 0.003838788
v 0.074080058 0.003272606 0.003838788
v 0.073207728 0.006786391 0.003838788
v 0.072335391 0.010300176 0.003838788
v 0.071463055 0.013813958 0.003838788
v 0.070590714 0.017327743 0.003838788
v 0.082879292 -0.021892508 0.003838789
v 0.077645275 -0.000809800 0.003838789
v 0.080475723 -0.022489220 0.003838789
v 0.075241706 -0.001406513 0.003838789
v 0.070007683 0.019676193 0.003838789
v 0.079978209 -0.020485710 0.003838830
v 0.079105879 -0.016971927 0.003838830
v 0.078233543 -0.013458142 0.003838830
v 0.077361206 -0.009944358 0.003838830
v 0.076488870 -0.006430574 0.003838830
v 0.075616528 -0.002916790 0.003838830
v 0.074744198 0.000596995 0.003838830
v 0.073871862 0.004110779 0.003838830
v 0.072999525 0.007624563 0.003838830
v 0.072127184 0.011138349 0.003838830
v 0.071254847 0.014652132 0.003838830
v 0.070382517 0.018165918 0.003838830
v 0.070004440 0.019675388 0.003840006
v 0.080395006 -0.022509259 0.003870222
v 0.079802949 -0.020477890 0.003904862
v 0.078930613 -0.016964106 0.003904862
v 0.078058271 -0.013450321 0.003904862
v 0.077185940 -0.009936537 0.003904862
v 0.076313604 -0.006422753 0.003904862
v 0.075441268 -0.002908968 0.003904862
v 0.074568926 0.000604816 0.003904862
v 0.073696590 0.004118600 0.003904862
v 0.072824259 0.007632384 0.003904862
v 0.071951923 0.011146170 0.003904862
v 0.071079587 0.014659953 0.003904862
v 0.070207245 0.018173738 0.003904862
v 0.079923474 -0.021390016 0.003950096
v 0.079051138 -0.017876231 0.003950096
v 0.078178802 -0.014362447 0.003950096
v 0.077306465 -0.010848662 0.003950096
v 0.076434129 -0.007334877 0.003950096
v 0.075561793 -0.003821093 0.003950096
v 0.074689457 -0.000307309 0.003950096
v 0.073817121 0.003206476 0.003950096
v 0.072944779 0.006720260 0.003950096
v 0.072072448 0.010234045 0.003950096
v 0.071200112 0.013747829 0.003950096
v 0.070327776 0.017261615 0.003950096
v 0.079820395 -0.021415457 0.004000900
v 0.078948059 -0.017901672 0.004000900
v 0.078075722 -0.014387889 0.004000900
v 0.077203381 -0.010874105 0.004000900
v 0.076331050 -0.007360320 0.004000900
v 0.075458714 -0.003846536 0.004000900
v 0.074586378 -0.000332752 0.004000900
v 0.073714036 0.003181033 0.004000900
v 0.072841700 0.006694817 0.004000900
v 0.071969363 0.010208601 0.004000900
v 0.071097033 0.013722386 0.004000900
v 0.070224697 0.017236171 0.004000900
v 0.083304773 -0.021786878 0.004032086
v 0.079430270 -0.020455344 0.004078627
v 0.078557933 -0.016941559 0.004078627
v 0.077685592 -0.013427775 0.004078627
v 0.076813255 -0.009913991 0.004078627
v 0.075940925 -0.006400206 0.004078627
v 0.075068589 -0.002886422 0.004078627
v 0.074196252 0.000627362 0.004078627
v 0.073323911 0.004141147 0.004078627
v 0.072451574 0.007654931 0.004078627
v 0.071579238 0.011168715 0.004078627
v 0.070706908 0.014682499 0.004078627
v 0.069834566 0.018196284 0.004078627
v 0.072961241 0.020409446 0.004102454
v 0.083434397 -0.021754694 0.004105497
v 0.078200380 -0.000671988 0.004105497
v 0.079920618 -0.022627031 0.004105497
v 0.074686595 -0.001544325 0.004105497
v 0.079631213 -0.021461324 0.004105499
v 0.078758882 -0.017947540 0.004105499
v 0.077886540 -0.014433755 0.004105499
v 0.077014204 -0.010919971 0.004105499
v 0.076141868 -0.007406187 0.004105499
v 0.075269532 -0.003892402 0.004105499
v 0.074397201 -0.000378618 0.004105499
v 0.073524859 0.003135166 0.004105499
v 0.072652523 0.006648951 0.004105499
v 0.071780187 0.010162734 0.004105499
v 0.070907851 0.013676520 0.004105499
v 0.070035509 0.017190304 0.004105499
v 0.079380528 -0.020451662 0.004105514
v 0.078508192 -0.016937876 0.004105514
v 0.077635856 -0.013424091 0.004105514
v 0.076763514 -0.009910307 0.004105514
v 0.075891178 -0.006396524 0.004105514
v 0.075018847 -0.002882739 0.004105514
v 0.074146511 0.000631046 0.004105514
v 0.073274169 0.004144830 0.004105514
v 0.072401833 0.007658614 0.004105514
v 0.071529497 0.011172398 0.004105514
v 0.070657166 0.014686183 0.004105514
v 0.069784824 0.018199966 0.004105514
v 0.069450020 0.019537745 0.004107022
v 0.079856955 -0.022642837 0.004144295
v 0.079482309 -0.021496559 0.004198966
v 0.078609973 -0.017982775 0.004198966
v 0.077737631 -0.014468991 0.004198966
v 0.076865295 -0.010955206 0.004198966
v 0.075992964 -0.007441422 0.004198966
v 0.075120628 -0.003927638 0.004198966
v 0.074248286 -0.000413853 0.004198966
v 0.073375950 0.003099931 0.004198966
v 0.072503614 0.006613715 0.004198966
v 0.071631283 0.010127500 0.004198966
v 0.070758947 0.013641283 0.004198966
v 0.069886605 0.017155068 0.004198966
v 0.079074948 -0.020425033 0.004292018
v 0.078202606 -0.016911249 0.004292018
v 0.077330270 -0.013397464 0.004292018
v 0.076457934 -0.009883679 0.004292018
v 0.075585597 -0.006369895 0.004292018
v 0.074713261 -0.002856111 0.004292018
v 0.073840925 0.000657674 0.004292018
v 0.072968589 0.004171458 0.004292018
v 0.072096253 0.007685242 0.004292018
v 0.071223916 0.011199027 0.004292018
v 0.070351580 0.014712810 0.004292018
v 0.069479244 0.018226595 0.004292018
v 0.071031459 0.020676426 0.004344541
v 0.081763232 -0.022915652 0.004345982
v 0.083811054 -0.021661186 0.004364254
v 0.082242703 -0.022796619 0.004372655
v 0.071519249 0.020797527 0.004387839
v 0.070543767 0.020555353 0.004389107
v 0.081286346 -0.023034042 0.004403779
v 0.079169044 -0.021567538 0.004432111
v 0.078296708 -0.018053754 0.004432111
v 0.077424366 -0.014539971 0.004432111
v 0.076552036 -0.011026185 0.004432111
v 0.075679700 -0.007512401 0.004432111
v 0.074807363 -0.003998616 0.004432111
v 0.073935022 -0.000484832 0.004432111
v 0.073062685 0.003028953 0.004432111
v 0.072190349 0.006542737 0.004432111
v 0.071318019 0.010056521 0.004432111
v 0.070445677 0.013570305 0.004432111
v 0.069573341 0.017084089 0.004432111
v 0.080750278 -0.020377977 0.004442085
v 0.079877948 -0.016864192 0.004442085
v 0.079005611 -0.013350407 0.004442085
v 0.078133275 -0.009836624 0.004442085
v 0.077260934 -0.006322840 0.004442085
v 0.076388597 -0.002809055 0.004442085
v 0.075516267 0.000704729 0.004442085
v 0.074643930 0.004218513 0.004442085
v 0.073771589 0.007732298 0.004442085
v 0.072899253 0.011246082 0.004442085
v 0.072026916 0.014759867 0.004442085
v 0.071154580 0.018273651 0.004442085
v 0.080927914 -0.021079212 0.004452209
v 0.080055573 -0.017565427 0.004452209
v 0.079183242 -0.014051643 0.004452209
v 0.078310906 -0.010537858 0.004452209
v 0.077438570 -0.007024074 0.004452209
v 0.076566228 -0.003510289 0.004452209
v 0.075693892 0.000003495 0.004452209
v 0.074821561 0.003517279 0.004452209
v 0.073949225 0.007031064 0.004452209
v 0.073076883 0.010544848 0.004452209
v 0.072204547 0.014058633 0.004452209
v 0.071332211 0.017572417 0.004452209
v 0.073463174 0.020534056 0.004463234
v 0.083936125 -0.021630136 0.004467473
v 0.078702108 -0.000547429 0.004467473
v 0.079418889 -0.022751591 0.004467473
v 0.074184872 -0.001668884 0.004467473
v 0.079127192 -0.021576629 0.004467479
v 0.078254850 -0.018062846 0.004467479
v 0.077382514 -0.014549061 0.004467479
v 0.076510178 -0.011035276 0.004467479
v 0.075637841 -0.007521492 0.004467479
v 0.074765505 -0.004007708 0.004467479
v 0.073893169 -0.000493923 0.004467479
v 0.073020833 0.003019862 0.004467479
v 0.072148497 0.006533646 0.004467479
v 0.071276160 0.010047431 0.004467479
v 0.070403824 0.013561214 0.004467479
v 0.069531488 0.017074999 0.004467479
v 0.078834715 -0.020398595 0.004467490
v 0.077962379 -0.016884810 0.004467490
v 0.077090043 -0.013371026 0.004467490
v 0.076217707 -0.009857242 0.004467490
v 0.075345365 -0.006343457 0.004467490
v 0.074473034 -0.002829673 0.004467490
v 0.073600698 0.000684111 0.004467490
v 0.072728362 0.004197896 0.004467490
v 0.071856020 0.007711680 0.004467490
v 0.070983684 0.011225464 0.004467490
v 0.070111353 0.014739248 0.004467490
v 0.069239017 0.018253032 0.004467490
v 0.068948966 0.019413354 0.004469106
v 0.082710771 -0.022680415 0.004483017
v 0.079372026 -0.022763226 0.004508721
v 0.071992356 0.020914981 0.004517685
v 0.070070981 0.020437978 0.004520185
v 0.080825973 -0.023148336 0.004544357
v 0.080958282 -0.021064443 0.004551654
v 0.080871052 -0.020713064 0.004551654
v 0.080783817 -0.020361685 0.004551654
v 0.080085940 -0.017550658 0.004551654
v 0.079998710 -0.017199279 0.004551654
v 0.079911475 -0.016847901 0.004551654
v 0.079213609 -0.014036873 0.004551654
v 0.079126374 -0.013685495 0.004551654
v 0.079039139 -0.013334116 0.004551654
v 0.078341273 -0.010523089 0.004551654
v 0.078254038 -0.010171712 0.004551654
v 0.078166803 -0.009820333 0.004551654
v 0.077468937 -0.007009304 0.004551654
v 0.077381702 -0.006657927 0.004551654
v 0.077294472 -0.006306548 0.004551654
v 0.076596595 -0.003495521 0.004551654
v 0.076509360 -0.003144142 0.004551654
v 0.076422130 -0.002792764 0.004551654
v 0.075724259 0.000018264 0.004551654
v 0.075637029 0.000369642 0.004551654
v 0.075549794 0.000721021 0.004551654
v 0.074851928 0.003532049 0.004551654
v 0.074764693 0.003883427 0.004551654
v 0.074677458 0.004234805 0.004551654
v 0.073979592 0.007045833 0.004551654
v 0.073892357 0.007397211 0.004551654
v 0.073805122 0.007748590 0.004551654
v 0.073107256 0.010559617 0.004551654
v 0.073020021 0.010910996 0.004551654
v 0.072932791 0.011262373 0.004551654
v 0.072234914 0.014073402 0.004551654
v 0.072147679 0.014424779 0.004551654
v 0.072060449 0.014776159 0.004551654
v 0.071362578 0.017587187 0.004551654
v 0.071275348 0.017938564 0.004551654
v 0.071188113 0.018289943 0.004551654
v 0.078716593 -0.020383515 0.004564555
v 0.077844257 -0.016869732 0.004564555
v 0.076971926 -0.013355946 0.004564555
v 0.076099590 -0.009842162 0.004564555
v 0.075227248 -0.006328378 0.004564555
v 0.074354912 -0.002814593 0.004564555
v 0.073482576 0.000699191 0.004564555
v 0.072610240 0.004212975 0.004564555
v 0.071737909 0.007726759 0.004564555
v 0.070865567 0.011240545 0.004564555
v 0.069993231 0.014754329 0.004564555
v 0.069120895 0.018268113 0.004564555
v 0.083153787 -0.022570432 0.004673849
v 0.078866176 -0.021630591 0.004714764
v 0.077993835 -0.018116806 0.004714764
v 0.077121504 -0.014603022 0.004714764
v 0.076249168 -0.011089238 0.004714764
v 0.075376832 -0.007575453 0.004714764
v 0.074504490 -0.004061669 0.004714764
v 0.073632154 -0.000547884 0.004714764
v 0.072759823 0.002965900 0.004714764
v 0.071887487 0.006479685 0.004714764
v 0.071015145 0.009993468 0.004714764
v 0.070142809 0.013507252 0.004714764
v 0.069270473 0.017021038 0.004714764
v 0.072436416 0.021025224 0.004730143
v 0.069627441 0.020327865 0.004733797
v 0.080395531 -0.023255199 0.004763616
v 0.084255086 -0.021550952 0.004780356
v 0.078417885 -0.020338013 0.004848257
v 0.077545549 -0.016824229 0.004848257
v 0.076673213 -0.013310444 0.004848257
v 0.075800871 -0.009796660 0.004848257
v 0.074928535 -0.006282876 0.004848257
v 0.074056204 -0.002769091 0.004848257
v 0.073183868 0.000744693 0.004848257
v 0.072311526 0.004258477 0.004848257
v 0.071439190 0.007772262 0.004848257
v 0.070566854 0.011286046 0.004848257
v 0.069694523 0.014799830 0.004848257
v 0.068822187 0.018313615 0.004848257
v 0.073896749 0.020641696 0.004908276
v 0.078357272 -0.020327281 0.004913677
v 0.077484936 -0.016813496 0.004913677
v 0.076612599 -0.013299712 0.004913677
v 0.075740269 -0.009785928 0.004913677
v 0.074867927 -0.006272143 0.004913677
v 0.073995591 -0.002758358 0.004913677
v 0.073123255 0.000755426 0.004913677
v 0.072250918 0.004269210 0.004913677
v 0.071378588 0.007782995 0.004913677
v 0.070506246 0.011296781 0.004913677
v 0.069633910 0.014810564 0.004913677
v 0.068761574 0.018324347 0.004913677
v 0.084369225 -0.021522614 0.004913718
v 0.079135208 -0.000439908 0.004913718
v 0.073901185 0.020642798 0.004913718
v 0.078985796 -0.022859111 0.004913718
v 0.073751778 -0.001776405 0.004913718
v 0.078689027 -0.021663792 0.004913737
v 0.077816690 -0.018150009 0.004913737
v 0.076944354 -0.014636224 0.004913737
v 0.076072012 -0.011122440 0.004913737
v 0.075199676 -0.007608655 0.004913737
v 0.074327346 -0.004094871 0.004913737
v 0.073455009 -0.000581086 0.004913737
v 0.072582673 0.002932698 0.004913737
v 0.071710331 0.006446482 0.004913737
v 0.070837995 0.009960267 0.004913737
v 0.069965665 0.013474051 0.004913737
v 0.069093328 0.016987836 0.004913737
v 0.068516491 0.019305986 0.004915275
v 0.083558811 -0.022469879 0.004939583
v 0.078954362 -0.022866915 0.004952867
v 0.079045514 -0.020302537 0.004998842
v 0.078173178 -0.016788753 0.004998842
v 0.077300842 -0.013274968 0.004998842
v 0.076428511 -0.009761184 0.004998842
v 0.075556169 -0.006247400 0.004998842
v 0.074683833 -0.002733615 0.004998842
v 0.073811497 0.000780169 0.004998842
v 0.072939161 0.004293954 0.004998842
v 0.072066830 0.007807738 0.004998842
v 0.071194488 0.011321521 0.004998842
v 0.070322152 0.014835307 0.004998842
v 0.069449816 0.018349091 0.004998842
v 0.078607332 -0.021677868 0.005015984
v 0.077734996 -0.018164084 0.005015984
v 0.076862665 -0.014650299 0.005015984
v 0.075990324 -0.011136516 0.005015984
v 0.075117987 -0.007622731 0.005015984
v 0.074245651 -0.004108947 0.005015984
v 0.073373315 -0.000595162 0.005015984
v 0.072500979 0.002918622 0.005015984
v 0.071628643 0.006432406 0.005015984
v 0.070756306 0.009946191 0.005015984
v 0.069883970 0.013459975 0.005015984
v 0.069011634 0.016973759 0.005015984
v 0.072837965 0.021124914 0.005018767
v 0.069226604 0.020228352 0.005023465
v 0.079220029 -0.021503213 0.005048525
v 0.078347693 -0.017989428 0.005048525
v 0.077475356 -0.014475644 0.005048525
v 0.076603026 -0.010961860 0.005048525
v 0.075730684 -0.007448075 0.005048525
v 0.074858348 -0.003934291 0.005048525
v 0.073986011 -0.000420506 0.005048525
v 0.073113675 0.003093278 0.005048525
v 0.072241334 0.006607063 0.005048525
v 0.071369003 0.010120847 0.005048525
v 0.070496667 0.013634631 0.005048525
v 0.069624330 0.017148416 0.005048525
v 0.080007588 -0.023351511 0.005055157
v 0.078149500 -0.020285749 0.005163346
v 0.077277164 -0.016771964 0.005163346
v 0.076404833 -0.013258181 0.005163346
v 0.075532492 -0.009744396 0.005163346
v 0.074660156 -0.006230612 0.005163346
v 0.073787819 -0.002716827 0.005163346
v 0.072915483 0.000796957 0.005163346
v 0.072043147 0.004310742 0.005163346
v 0.071170811 0.007824526 0.005163346
v 0.070298475 0.011338311 0.005163346
v 0.069426138 0.014852095 0.005163346
v 0.068553802 0.018365878 0.005163346
v 0.084623909 -0.021459387 0.005268253
v 0.083914039 -0.022381691 0.005272465
v 0.078382695 -0.021711042 0.005341396
v 0.077510359 -0.018197258 0.005341396
v 0.076638022 -0.014683473 0.005341396
v 0.075765681 -0.011169688 0.005341396
v 0.074893350 -0.007655904 0.005341396
v 0.074021014 -0.004142120 0.005341396
v 0.073148678 -0.000628335 0.005341396
v 0.072276336 0.002885449 0.005341396
v 0.071404000 0.006399234 0.005341396
v 0.070531669 0.009913017 0.005341396
v 0.069659333 0.013426802 0.005341396
v 0.068786991 0.016940586 0.005341396
v 0.080984694 -0.020253794 0.005361560
v 0.080112358 -0.016740008 0.005361560
v 0.079240016 -0.013226225 0.005361560
v 0.078367685 -0.009712441 0.005361560
v 0.077495349 -0.006198657 0.005361560
v 0.076623013 -0.002684872 0.005361560
v 0.075750677 0.000828913 0.005361560
v 0.074878335 0.004342697 0.005361560
v 0.074005999 0.007856481 0.005361560
v 0.073133668 0.011370266 0.005361560
v 0.072261332 0.014884050 0.005361560
v 0.071388990 0.018397834 0.005361560
v 0.081160722 -0.020955604 0.005369460
v 0.080288386 -0.017441820 0.005369460
v 0.079416055 -0.013928035 0.005369460
v 0.078543714 -0.010414251 0.005369460
v 0.077671377 -0.006900466 0.005369460
v 0.076799041 -0.003386682 0.005369460
v 0.075926705 0.000127103 0.005369460
v 0.075054374 0.003640887 0.005369460
v 0.074182033 0.007154672 0.005369460
v 0.073309696 0.010668455 0.005369460
v 0.072437360 0.014182240 0.005369460
v 0.071565024 0.017696026 0.005369460
v 0.073184824 0.021211023 0.005374800
v 0.068880618 0.020142458 0.005380400
v 0.079673458 -0.023434462 0.005410473
v 0.074248795 0.020729096 0.005424080
v 0.077962793 -0.020240703 0.005430652
v 0.077090457 -0.016726918 0.005430652
v 0.076218121 -0.013213134 0.005430652
v 0.075345785 -0.009699349 0.005430652
v 0.074473448 -0.006185565 0.005430652
v 0.073601112 -0.002671781 0.005430652
v 0.072728776 0.000842004 0.005430652
v 0.071856440 0.004355788 0.005430652
v 0.070984098 0.007869572 0.005430652
v 0.070111762 0.011383356 0.005430652
v 0.069239431 0.014897142 0.005430652
v 0.068367095 0.018410926 0.005430652
v 0.089324864 0.000014759 0.005430674
v 0.087852775 -0.000350703 0.005430674
v 0.083790348 0.006863371 0.005430674
v 0.081078901 0.017785141 0.005430674
v 0.080536253 0.017650424 0.005430674
v 0.080164414 0.017575161 0.005430674
v 0.079787613 0.017532639 0.005430674
v 0.079408736 0.017523184 0.005430674
v 0.079030642 0.017546868 0.005430674
v 0.078656212 0.017603508 0.005430674
v 0.078288272 0.017692678 0.005430674
v 0.077929625 0.017813699 0.005430674
v 0.077582993 0.017965654 0.005430674
v 0.077251001 0.018147388 0.005430674
v 0.076936178 0.018357522 0.005430674
v 0.076640901 0.018594465 0.005430674
v 0.076367417 0.018856414 0.005430674
v 0.076117809 0.019141383 0.005430674
v 0.075893951 0.019447211 0.005430674
v 0.075697560 0.019771575 0.005430674
v 0.075530127 0.020112013 0.005430674
v 0.075160111 0.020955341 0.005430674
v 0.084720536 -0.021435398 0.005430674
v 0.084579339 -0.020866658 0.005430674
v 0.084501434 -0.020552857 0.005430674
v 0.084428833 -0.020260429 0.005430674
v 0.084402426 -0.020154056 0.005430674
v 0.084345464 -0.019924625 0.005430674
v 0.084229779 -0.019458629 0.005430674
v 0.084167596 -0.019208148 0.005430674
v 0.079486519 -0.000352691 0.005430674
v 0.074252496 0.020730014 0.005430674
v 0.078634484 -0.022946328 0.005430674
v 0.073400467 -0.001863622 0.005430674
v 0.078329357 -0.021717357 0.005430711
v 0.077457015 -0.018203571 0.005430711
v 0.076584679 -0.014689787 0.005430711
v 0.075712343 -0.011176003 0.005430711
v 0.074840012 -0.007662219 0.005430711
v 0.073967676 -0.004148435 0.005430711
v 0.073095334 -0.000634650 0.005430711
v 0.072222998 0.002879134 0.005430711
v 0.071350662 0.006392919 0.005430711
v 0.070478326 0.009906703 0.005430711
v 0.069605990 0.013420488 0.005430711
v 0.068733653 0.016934271 0.005430711
v 0.068165710 0.019218901 0.005431993
v 0.084510516 -0.020553290 0.005435101
v 0.081173522 -0.020947757 0.005435570
v 0.081086292 -0.020596378 0.005435570
v 0.080999052 -0.020245001 0.005435570
v 0.080301186 -0.017433972 0.005435570
v 0.080213951 -0.017082594 0.005435570
v 0.080126715 -0.016731215 0.005435570
v 0.079428850 -0.013920189 0.005435570
v 0.079341614 -0.013568810 0.005435570
v 0.079254385 -0.013217432 0.005435570
v 0.078556514 -0.010406404 0.005435570
v 0.078469278 -0.010055026 0.005435570
v 0.078382049 -0.009703647 0.005435570
v 0.077684177 -0.006892619 0.005435570
v 0.077596948 -0.006541241 0.005435570
v 0.077509712 -0.006189862 0.005435570
v 0.076811836 -0.003378835 0.005435570
v 0.076724606 -0.003027457 0.005435570
v 0.076637371 -0.002676078 0.005435570
v 0.075939505 0.000134949 0.005435570
v 0.075852270 0.000486328 0.005435570
v 0.075765034 0.000837706 0.005435570
v 0.075067169 0.003648733 0.005435570
v 0.074979933 0.004000112 0.005435570
v 0.074892698 0.004351491 0.005435570
v 0.074194833 0.007162518 0.005435570
v 0.074107597 0.007513896 0.005435570
v 0.074020368 0.007865275 0.005435570
v 0.073322491 0.010676303 0.005435570
v 0.073235261 0.011027681 0.005435570
v 0.073148026 0.011379061 0.005435570
v 0.072450155 0.014190086 0.005435570
v 0.072362925 0.014541466 0.005435570
v 0.072275690 0.014892844 0.005435570
v 0.071577824 0.017703871 0.005435570
v 0.071490589 0.018055250 0.005435570
v 0.071403353 0.018406628 0.005435570
v 0.077951977 -0.020237816 0.005447738
v 0.077079640 -0.016724032 0.005447738
v 0.076207304 -0.013210247 0.005447738
v 0.075334968 -0.009696463 0.005447738
v 0.074462632 -0.006182679 0.005447738
v 0.073590296 -0.002668894 0.005447738
v 0.072717959 0.000844890 0.005447738
v 0.071845623 0.004358674 0.005447738
v 0.070973281 0.007872459 0.005447738
v 0.070100945 0.011386244 0.005447738
v 0.069228615 0.014900027 0.005447738
v 0.068356278 0.018413811 0.005447738
v 0.084535873 -0.020554535 0.005447853
v 0.088116966 -0.000287029 0.005451905
v 0.084410083 -0.019255536 0.005451905
v 0.084775050 -0.021421864 0.005460552
v 0.078616160 -0.022950879 0.005463774
v 0.084458079 -0.019504810 0.005467513
v 0.084543905 -0.019970542 0.005491341
v 0.084584647 -0.020200660 0.005500391
v 0.084646415 -0.020560645 0.005510575
v 0.088372617 -0.000229246 0.005514978
v 0.084645454 -0.019301533 0.005514978
v 0.084677225 -0.019550534 0.005541641
v 0.084719580 -0.020565347 0.005559097
v 0.084923120 -0.021385105 0.005559114
v 0.084741838 -0.020566891 0.005575086
v 0.084730850 -0.020017263 0.005580990
v 0.084963939 -0.021374970 0.005591396
v 0.084754870 -0.020248484 0.005595137
v 0.084785779 -0.020570106 0.005608473
v 0.088612242 -0.000179047 0.005618041
v 0.084866810 -0.019344793 0.005618041
v 0.084881405 -0.019594591 0.005651095
v 0.084209095 -0.022308440 0.005662782
v 0.084575361 -0.021802624 0.005679302
v 0.084902265 -0.020063781 0.005697689
v 0.078183033 -0.021730198 0.005709290
v 0.077310697 -0.018216412 0.005709290
v 0.076438366 -0.014702629 0.005709290
v 0.075566030 -0.011188845 0.005709290
v 0.074693688 -0.007675060 0.005709290
v 0.073821352 -0.004161276 0.005709290
v 0.072949016 -0.000647491 0.005709290
v 0.072076685 0.002866293 0.005709290
v 0.071204349 0.006380077 0.005709290
v 0.070332007 0.009893861 0.005709290
v 0.069459671 0.013407647 0.005709290
v 0.068587335 0.016921430 0.005709290
v 0.084909817 -0.020296607 0.005713093
v 0.084913099 -0.020580845 0.005720887
v 0.085101783 -0.021340751 0.005720913
v 0.084916750 -0.020581190 0.005724508
v 0.084926932 -0.020582160 0.005734724
v 0.079230227 -0.020190691 0.005735409
v 0.078357890 -0.016676908 0.005735409
v 0.077485554 -0.013163123 0.005735409
v 0.076613218 -0.009649338 0.005735409
v 0.075740882 -0.006135555 0.005735409
v 0.074868546 -0.002621770 0.005735409
v 0.073996209 0.000892014 0.005735409
v 0.073123873 0.004405799 0.005735409
v 0.072251537 0.007919583 0.005735409
v 0.071379201 0.011433368 0.005735409
v 0.070506865 0.014947151 0.005735409
v 0.069634523 0.018460936 0.005735409
v 0.085129853 -0.021333780 0.005751937
v 0.088828814 -0.000137904 0.005758075
v 0.085067676 -0.019384044 0.005758075
v 0.084955338 -0.020584961 0.005764290
v 0.079399764 -0.021392782 0.005769637
v 0.078527428 -0.017878997 0.005769637
v 0.077655097 -0.014365213 0.005769637
v 0.076782761 -0.010851428 0.005769637
v 0.075910425 -0.007337644 0.005769637
v 0.075038083 -0.003823859 0.005769637
v 0.074165747 -0.000310075 0.005769637
v 0.073293411 0.003203710 0.005769637
v 0.072421080 0.006717494 0.005769637
v 0.071548738 0.010231277 0.005769637
v 0.070676402 0.013745063 0.005769637
v 0.069804066 0.017258849 0.005769637
v 0.073466461 0.021280944 0.005787443
v 0.085065207 -0.019635812 0.005792970
v 0.068599991 0.020072788 0.005793774
v 0.077754884 -0.020178293 0.005801775
v 0.076882548 -0.016664508 0.005801775
v 0.076010211 -0.013150724 0.005801775
v 0.075137875 -0.009636940 0.005801775
v 0.074265544 -0.006123156 0.005801775
v 0.073393203 -0.002609371 0.005801775
v 0.072520867 0.000904413 0.005801775
v 0.071648530 0.004418197 0.005801775
v 0.070776194 0.007931982 0.005801775
v 0.069903858 0.011445766 0.005801775
v 0.069031522 0.014959550 0.005801775
v 0.068159186 0.018473336 0.005801775
v 0.079402896 -0.023501630 0.005819199
v 0.085054467 -0.020109097 0.005838924
v 0.088926435 -0.000121117 0.005840711
v 0.085046518 -0.020344109 0.005851996
v 0.085036336 -0.020593836 0.005858394
v 0.085076377 -0.020598806 0.005911360
v 0.085251405 -0.021303604 0.005911437
v 0.089015980 -0.000107024 0.005930971
v 0.085242141 -0.019418139 0.005930971
v 0.085268443 -0.021299375 0.005937967
v 0.085102496 -0.020602306 0.005948753
v 0.085223750 -0.019673106 0.005963506
v 0.105795990 0.008871644 0.005978726
v 0.105190376 0.009662825 0.005978726
v 0.104940928 0.009969530 0.005978726
v 0.103908104 0.011137170 0.005978726
v 0.103709525 0.011344723 0.005978726
v 0.102800457 0.012234089 0.005978726
v 0.102075837 0.012878606 0.005978726
v 0.101622828 0.013255500 0.005978726
v 0.100380332 0.014196950 0.005978726
v 0.100304062 0.014250651 0.005978726
v 0.099078415 0.015054335 0.005978726
v 0.098410155 0.015448489 0.005978726
v 0.097722735 0.015823909 0.005978726
v 0.096411184 0.016461325 0.005978726
v 0.096319226 0.016502320 0.005978726
v 0.094873985 0.017086608 0.005978726
v 0.094325172 0.017280026 0.005978726
v 0.093393322 0.017574222 0.005978726
v 0.092170924 0.017897215 0.005978726
v 0.091883717 0.017963038 0.005978726
v 0.090351733 0.018251359 0.005978726
v 0.089967856 0.018307329 0.005978726
v 0.088804059 0.018437928 0.005978726
v 0.087735818 0.018506670 0.005978726
v 0.087247442 0.018521930 0.005978726
v 0.085688676 0.018503000 0.005978726
v 0.085494947 0.018493445 0.005978726
v 0.084134566 0.018381219 0.005978726
v 0.083265423 0.018267768 0.005978726
v 0.082591876 0.018157119 0.005978726
v 0.081067344 0.017831676 0.005978726
v 0.080563925 0.017706698 0.005978726
v 0.075557793 0.020168287 0.005978726
v 0.074983911 0.021476286 0.005978726
v 0.085184179 -0.020152233 0.006001655
v 0.077664367 -0.020145180 0.006002350
v 0.076792031 -0.016631395 0.006002350
v 0.075919695 -0.013117611 0.006002350
v 0.075047358 -0.009603827 0.006002350
v 0.074175022 -0.006090042 0.006002350
v 0.073302686 -0.002576257 0.006002350
v 0.072430344 0.000937527 0.006002350
v 0.071558014 0.004451311 0.006002350
v 0.070685677 0.007965096 0.006002350
v 0.069813341 0.011478881 0.006002350
v 0.068940999 0.014992664 0.006002350
v 0.068068663 0.018506447 0.006002350
v 0.078375635 -0.023010591 0.006002632
v 0.073141612 -0.001927885 0.006002632
v 0.078058575 -0.021733536 0.006002668
v 0.077186239 -0.018219751 0.006002668
v 0.076313902 -0.014705967 0.006002668
v 0.075441561 -0.011192182 0.006002668
v 0.074569230 -0.007678398 0.006002668
v 0.073696894 -0.004164614 0.006002668
v 0.072824558 -0.000650830 0.006002668
v 0.071952216 0.002862954 0.006002668
v 0.071079880 0.006376739 0.006002668
v 0.070207549 0.009890524 0.006002668
v 0.069335213 0.013404307 0.006002668
v 0.068462877 0.016918092 0.006002668
v 0.067907252 0.019154738 0.006003586
v 0.085141172 -0.020607935 0.006009040
v 0.085162358 -0.020390078 0.006009181
v 0.084398067 -0.022261525 0.006013393
v 0.079901542 0.017600071 0.006023118
v 0.075877792 0.019578605 0.006023118
v 0.078367282 -0.023012666 0.006026534
v 0.079817771 0.017593970 0.006027974
v 0.075924109 0.019508539 0.006027974
v 0.089096779 -0.000095728 0.006028192
v 0.084502478 -0.022235602 0.006043344
v 0.079230044 0.017596604 0.006057377
v 0.076285060 0.019044700 0.006057377
v 0.079062634 0.017611923 0.006064256
v 0.076399409 0.018921469 0.006064256
v 0.078030246 -0.021732822 0.006080479
v 0.077157910 -0.018219036 0.006080479
v 0.076285573 -0.014705253 0.006080479
v 0.075413237 -0.011191469 0.006080479
v 0.074540901 -0.007677684 0.006080479
v 0.073668565 -0.004163900 0.006080479
v 0.072796229 -0.000650115 0.006080479
v 0.071923892 0.002863669 0.006080479
v 0.071051556 0.006377453 0.006080479
v 0.070179220 0.009891237 0.006080479
v 0.069306884 0.013405023 0.006080479
v 0.068434548 0.016918807 0.006080479
v 0.078565524 0.017696388 0.006080682
v 0.076769834 0.018579353 0.006080682
v 0.078321380 0.017760016 0.006086475
v 0.076969286 0.018424859 0.006086475
v 0.084605938 -0.022209920 0.006092202
v 0.077923880 0.017897028 0.006092476
v 0.077320503 0.018193719 0.006092476
v 0.077616482 0.018033758 0.006093957
v 0.080573720 0.017721401 0.006123173
v 0.075563461 0.020185020 0.006123173
v 0.085204807 -0.020618748 0.006125156
v 0.085367699 -0.021274732 0.006125230
v 0.089168248 -0.000087312 0.006131661
v 0.085385101 -0.019446077 0.006131661
v 0.085376068 -0.021272653 0.006144605
v 0.074926242 0.021643352 0.006154763
v 0.073640893 0.021324249 0.006154763
v 0.085219419 -0.020621598 0.006155803
v 0.084700377 -0.022186472 0.006157624
v 0.085352838 -0.019705483 0.006158180
v 0.079910514 0.017613771 0.006162580
v 0.075883167 0.019594073 0.006162580
v 0.077597887 -0.020117399 0.006174496
v 0.076725551 -0.016603614 0.006174496
v 0.075853214 -0.013089830 0.006174496
v 0.074980884 -0.009576045 0.006174496
v 0.074108547 -0.006062260 0.006174496
v 0.073236206 -0.002548476 0.006174496
v 0.072363870 0.000965308 0.006174496
v 0.071491533 0.004479093 0.006174496
v 0.070619197 0.007992877 0.006174496
v 0.069746861 0.011506662 0.006174496
v 0.068874525 0.015020447 0.006174496
v 0.068002189 0.018534230 0.006174496
v 0.085255101 -0.020433628 0.006181632
v 0.085288601 -0.020192261 0.006182376
v 0.079238160 0.017609615 0.006192993
v 0.076290407 0.019059073 0.006192993
v 0.078572827 0.017709036 0.006213684
v 0.076775386 0.018592863 0.006213684
v 0.077930459 0.017909645 0.006224155
v 0.077326486 0.018206630 0.006224155
v 0.084783337 -0.022165877 0.006237895
v 0.089229861 -0.000081838 0.006240617
v 0.068393231 0.020021457 0.006251049
v 0.079203793 -0.023551062 0.006269407
v 0.081119549 -0.020154800 0.006301449
v 0.080247218 -0.016641016 0.006301449
v 0.079374882 -0.013127231 0.006301449
v 0.078502541 -0.009613446 0.006301449
v 0.077630204 -0.006099661 0.006301449
v 0.076757868 -0.002585877 0.006301449
v 0.075885532 0.000927907 0.006301449
v 0.075013196 0.004441692 0.006301449
v 0.074140860 0.007955476 0.006301449
v 0.073268523 0.011469259 0.006301449
v 0.072396187 0.014983044 0.006301449
v 0.071523845 0.018496829 0.006301449
v 0.081294506 -0.020857062 0.006306873
v 0.080422170 -0.017343279 0.006306873
v 0.079549828 -0.013829494 0.006306873
v 0.078677492 -0.010315710 0.006306873
v 0.077805155 -0.006801926 0.006306873
v 0.076932825 -0.003288141 0.006306873
v 0.076060489 0.000225643 0.006306873
v 0.075188147 0.003739427 0.006306873
v 0.074315811 0.007253212 0.006306873
v 0.073443474 0.010766997 0.006306873
v 0.072571144 0.014280780 0.006306873
v 0.071698802 0.017794566 0.006306873
v 0.084852629 -0.022148674 0.006330909
v 0.081209895 -0.020502964 0.006337002
v 0.081122665 -0.020151585 0.006337002
v 0.080337558 -0.016989179 0.006337002
v 0.080250323 -0.016637801 0.006337002
v 0.079465222 -0.013475395 0.006337002
v 0.079377987 -0.013124016 0.006337002
v 0.078592886 -0.009961612 0.006337002
v 0.078505651 -0.009610233 0.006337002
v 0.077720550 -0.006447827 0.006337002
v 0.077633320 -0.006096448 0.006337002
v 0.076848208 -0.002934042 0.006337002
v 0.076760978 -0.002582664 0.006337002
v 0.075975877 0.000579742 0.006337002
v 0.075888642 0.000931120 0.006337002
v 0.075103541 0.004093526 0.006337002
v 0.075016306 0.004444905 0.006337002
v 0.074231205 0.007607310 0.006337002
v 0.074143970 0.007958690 0.006337002
v 0.073358863 0.011121095 0.006337002
v 0.073271634 0.011472473 0.006337002
v 0.072486527 0.014634879 0.006337002
v 0.072399297 0.014986259 0.006337002
v 0.071614196 0.018148664 0.006337002
v 0.071526961 0.018500043 0.006337002
v 0.089281166 -0.000079346 0.006354260
v 0.085492362 -0.019467037 0.006354260
v 0.085294722 -0.020640239 0.006356126
v 0.085447344 -0.021254960 0.006356167
v 0.085322979 -0.020473929 0.006366040
v 0.085449918 -0.021254321 0.006366433
v 0.085449045 -0.019732083 0.006371830
v 0.085299418 -0.020641762 0.006372468
v 0.085365489 -0.020228317 0.006377196
v 0.084906447 -0.022135314 0.006434229
v 0.077917510 -0.021720510 0.006463001
v 0.077045174 -0.018206724 0.006463001
v 0.076172838 -0.014692940 0.006463001
v 0.075300501 -0.011179156 0.006463001
v 0.074428165 -0.007665372 0.006463001
v 0.073555829 -0.004151587 0.006463001
v 0.072683493 -0.000637803 0.006463001
v 0.071811157 0.002875981 0.006463001
v 0.070938820 0.006389765 0.006463001
v 0.070066484 0.009903549 0.006463001
v 0.069194148 0.013417335 0.006463001
v 0.068321806 0.016931118 0.006463001
v 0.105774213 0.008959389 0.006467213
v 0.077506569 -0.020071678 0.006470083
v 0.076634238 -0.016557893 0.006470083
v 0.075761902 -0.013044109 0.006470083
v 0.074889566 -0.009530324 0.006470083
v 0.074017224 -0.006016540 0.006470083
v 0.073144888 -0.002502756 0.006470083
v 0.072272552 0.001011029 0.006470083
v 0.071400221 0.004524813 0.006470083
v 0.070527879 0.008038597 0.006470083
v 0.069655543 0.011552381 0.006470083
v 0.068783207 0.015066167 0.006470083
v 0.067910871 0.018579950 0.006470083
v 0.089321775 -0.000079854 0.006471755
v 0.079335212 -0.020099113 0.006488330
v 0.078462876 -0.016585329 0.006488330
v 0.077590539 -0.013071544 0.006488330
v 0.076718203 -0.009557761 0.006488330
v 0.075845867 -0.006043976 0.006488330
v 0.074973531 -0.002530192 0.006488330
v 0.074101195 0.000983592 0.006488330
v 0.073228858 0.004497377 0.006488330
v 0.072356522 0.008011161 0.006488330
v 0.071484186 0.011524947 0.006488330
v 0.070611850 0.015038730 0.006488330
v 0.069739508 0.018552514 0.006488330
v 0.079501672 -0.021302152 0.006506600
v 0.078629330 -0.017788369 0.006506600
v 0.077757000 -0.014274584 0.006506600
v 0.076884663 -0.010760800 0.006506600
v 0.076012327 -0.007247016 0.006506600
v 0.075139991 -0.003733232 0.006506600
v 0.074267649 -0.000219447 0.006506600
v 0.073395319 0.003294337 0.006506600
v 0.072522982 0.006808121 0.006506600
v 0.071650646 0.010321906 0.006506600
v 0.070778304 0.013835690 0.006506600
v 0.069905968 0.017349476 0.006506600
v 0.085335884 -0.020657483 0.006540352
v 0.105771738 0.008969329 0.006544307
v 0.084943372 -0.022126146 0.006545143
v 0.085364683 -0.020510205 0.006558868
v 0.085413186 -0.020259628 0.006581919
v 0.089351408 -0.000083359 0.006592232
v 0.085560781 -0.019480408 0.006592241
v 0.085488053 -0.021244853 0.006597635
v 0.085346855 -0.020676114 0.006597635
v 0.085343568 -0.020662883 0.006597635
v 0.085509824 -0.019752204 0.006598792
v 0.077472616 -0.020050888 0.006611888
v 0.076600274 -0.016537104 0.006611888
v 0.075727944 -0.013023319 0.006611888
v 0.074855608 -0.009509535 0.006611888
v 0.073983271 -0.005995751 0.006611888
v 0.073110935 -0.002481966 0.006611888
v 0.072238593 0.001031818 0.006611888
v 0.071366257 0.004545602 0.006611888
v 0.070493927 0.008059387 0.006611888
v 0.069621590 0.011573172 0.006611888
v 0.068749249 0.015086956 0.006611888
v 0.067876912 0.018600739 0.006611888
v 0.078217108 -0.023049947 0.006612214
v 0.072983090 -0.001967240 0.006612214
v 0.077884955 -0.021712066 0.006612249
v 0.077012619 -0.018198282 0.006612249
v 0.076140283 -0.014684498 0.006612249
v 0.075267946 -0.011170713 0.006612249
v 0.074395610 -0.007656929 0.006612249
v 0.073523274 -0.004143144 0.006612249
v 0.072650938 -0.000629360 0.006612249
v 0.071778602 0.002884424 0.006612249
v 0.070906265 0.006398208 0.006612249
v 0.070033929 0.009911993 0.006612249
v 0.069161593 0.013425778 0.006612249
v 0.068289257 0.016939562 0.006612249
v 0.067748985 0.019115443 0.006612714
v 0.078214992 -0.023050473 0.006624727
v 0.079104807 -0.023575635 0.006627058
v 0.085347817 -0.020665350 0.006637949
v 0.084962437 -0.022121414 0.006660744
v 0.089363247 -0.000086672 0.006661591
v 0.085355479 -0.020660602 0.006736056
v 0.068266612 0.019990024 0.006738351
v 0.089369313 -0.000111093 0.006749865
v 0.085379416 -0.020541759 0.006756416
v 0.085430666 -0.020285517 0.006792135
v 0.104978671 0.010000752 0.006819699
v 0.103943703 0.011170815 0.006819699
v 0.102833758 0.012270010 0.006819699
v 0.101653676 0.013293542 0.006819699
v 0.100408616 0.014236947 0.006819699
v 0.099103993 0.015096109 0.006819699
v 0.097745507 0.015867281 0.006819699
v 0.096339069 0.016547100 0.006819699
v 0.094890834 0.017132599 0.006819699
v 0.093407111 0.017621226 0.006819699
v 0.091894357 0.018010849 0.006819699
v 0.090359196 0.018299769 0.006819699
v 0.088808308 0.018486723 0.006819699
v 0.087248470 0.018570901 0.006819699
v 0.085686466 0.018551930 0.006819699
v 0.084129125 0.018429897 0.006819699
v 0.082583236 0.018205331 0.006819699
v 0.081055538 0.017879216 0.006819699
v 0.079189031 -0.023554725 0.006821136
v 0.085533557 -0.019765309 0.006833046
v 0.089372274 -0.000123028 0.006838626
v 0.085588342 -0.019485794 0.006838626
v 0.077429504 -0.020018028 0.006850273
v 0.076557168 -0.016504244 0.006850273
v 0.075684832 -0.012990459 0.006850273
v 0.074812490 -0.009476676 0.006850273
v 0.073940159 -0.005962891 0.006850273
v 0.073067823 -0.002449107 0.006850273
v 0.072195487 0.001064678 0.006850273
v 0.071323145 0.004578462 0.006850273
v 0.070450809 0.008092247 0.006850273
v 0.069578478 0.011606031 0.006850273
v 0.068706142 0.015119815 0.006850273
v 0.067833800 0.018633600 0.006850273
v 0.077843345 -0.021693283 0.006869136
v 0.076971009 -0.018179500 0.006869136
v 0.076098673 -0.014665715 0.006869136
v 0.075226337 -0.011151930 0.006869136
v 0.074354001 -0.007638146 0.006869136
v 0.073481664 -0.004124361 0.006869136
v 0.072609328 -0.000610577 0.006869136
v 0.071736992 0.002903208 0.006869136
v 0.070864656 0.006416992 0.006869136
v 0.069992320 0.009930777 0.006869136
v 0.069119983 0.013444561 0.006869136
v 0.068247647 0.016958345 0.006869136
v 0.078985486 -0.023541538 0.006897028
v 0.105762115 0.009008126 0.007037202
v 0.078906880 -0.023510157 0.007175444
v 0.077396236 -0.019971723 0.007234842
v 0.076523900 -0.016457940 0.007234842
v 0.075651564 -0.012944154 0.007234842
v 0.074779228 -0.009430370 0.007234842
v 0.073906892 -0.005916586 0.007234842
v 0.073034550 -0.002402801 0.007234842
v 0.072162219 0.001110983 0.007234842
v 0.071289883 0.004624767 0.007234842
v 0.070417547 0.008138551 0.007234842
v 0.069545205 0.011652336 0.007234842
v 0.068672869 0.015166120 0.007234842
v 0.067800533 0.018679904 0.007234842
v 0.077396065 -0.019971071 0.007240885
v 0.076523729 -0.016457285 0.007240885
v 0.075651398 -0.012943502 0.007240885
v 0.074779062 -0.009429718 0.007240885
v 0.073906720 -0.005915933 0.007240885
v 0.073034384 -0.002402149 0.007240885
v 0.072162048 0.001111636 0.007240885
v 0.071289717 0.004625420 0.007240885
v 0.070417375 0.008139204 0.007240885
v 0.069545039 0.011652989 0.007240885
v 0.068672703 0.015166774 0.007240885
v 0.067800367 0.018680557 0.007240885
v 0.077814790 -0.021657685 0.007240898
v 0.076942454 -0.018143900 0.007240898
v 0.076070118 -0.014630116 0.007240898
v 0.075197781 -0.011116332 0.007240898
v 0.074325440 -0.007602548 0.007240898
v 0.073453109 -0.004088764 0.007240898
v 0.072580773 -0.000574979 0.007240898
v 0.071708437 0.002938805 0.007240898
v 0.070836095 0.006452589 0.007240898
v 0.069963759 0.009966374 0.007240898
v 0.069091428 0.013480158 0.007240898
v 0.068219092 0.016993941 0.007240898
v 0.074262650 0.007676305 0.007240898
v 0.074175414 0.008027683 0.007240898
v 0.073390313 0.011190089 0.007240898
v 0.073303078 0.011541467 0.007240898
v 0.085011698 -0.022109183 0.007240898
v 0.068223975 0.019979438 0.007240898
v 0.078163720 -0.023063200 0.007240898
v 0.085542672 -0.021231294 0.007240898
v 0.085011698 -0.022109183 0.007240898
v 0.085011698 -0.022109183 0.007240898
v 0.085542672 -0.021231294 0.007240898
v 0.085380549 -0.020578245 0.007240898
v 0.105761209 0.009011744 0.007240898
v 0.081241339 -0.020433970 0.007240898
v 0.081154110 -0.020082591 0.007240898
v 0.080369009 -0.016920186 0.007240898
v 0.080281773 -0.016568807 0.007240898
v 0.079496667 -0.013406401 0.007240898
v 0.079409432 -0.013055024 0.007240898
v 0.077751994 -0.006378833 0.007240898
v 0.077664759 -0.006027455 0.007240898
v 0.076879658 -0.002865049 0.007240898
v 0.076792429 -0.002513670 0.007240898
v 0.076007322 0.000648736 0.007240898
v 0.075920092 0.001000114 0.007240898
v 0.075134986 0.004162520 0.007240898
v 0.075047751 0.004513898 0.007240898
v 0.072517977 0.014703873 0.007240898
v 0.072430748 0.015055252 0.007240898
v 0.071645636 0.018217658 0.007240898
v 0.071558406 0.018569036 0.007240898
v 0.085542672 -0.021231294 0.007240898
v 0.074966415 0.021653324 0.007240898
v 0.078163720 -0.023063200 0.007240898
v 0.072929708 -0.001980493 0.007240898
v 0.067695691 0.019102212 0.007240898
v 0.085380549 -0.020578245 0.007240898
v 0.074966415 0.021653324 0.007240898
v 0.085380549 -0.020578245 0.007240898
v 0.085542672 -0.021231294 0.007240898
v 0.068223975 0.019979438 0.007240898
v 0.067695691 0.019102212 0.007240898
v 0.078624331 -0.009892618 0.007240898
v 0.078537095 -0.009541239 0.007240898
v 0.105761209 0.009011744 0.007240898
v 0.071558406 0.018569036 0.007240898
v 0.077468738 -0.019972991 0.007243127
v 0.076596396 -0.016459206 0.007243127
v 0.075724060 -0.012945422 0.007243127
v 0.074851724 -0.009431637 0.007243127
v 0.073979388 -0.005917853 0.007243127
v 0.073107052 -0.002404068 0.007243127
v 0.072234715 0.001109716 0.007243127
v 0.071362379 0.004623500 0.007243127
v 0.070490043 0.008137285 0.007243127
v 0.069617707 0.011651068 0.007243127
v 0.068745371 0.015164854 0.007243127
v 0.067873034 0.018678638 0.007243127
v 0.079359873 -0.020029113 0.007243918
v 0.078487542 -0.016515328 0.007243918
v 0.077615200 -0.013001544 0.007243918
v 0.076742864 -0.009487758 0.007243918
v 0.075870528 -0.005973974 0.007243918
v 0.074998192 -0.002460190 0.007243918
v 0.074125855 0.001053595 0.007243918
v 0.073253519 0.004567379 0.007243918
v 0.072381183 0.008081164 0.007243918
v 0.071508847 0.011594949 0.007243918
v 0.070636505 0.015108732 0.007243918
v 0.069764174 0.018622516 0.007243918
v 0.079525195 -0.021232620 0.007246088
v 0.078652853 -0.017718835 0.007246088
v 0.077780517 -0.014205050 0.007246088
v 0.076908181 -0.010691265 0.007246088
v 0.076035844 -0.007177481 0.007246088
v 0.075163508 -0.003663697 0.007246088
v 0.074291172 -0.000149912 0.007246088
v 0.073418836 0.003363872 0.007246088
v 0.072546500 0.006877657 0.007246088
v 0.071674158 0.010391440 0.007246088
v 0.070801827 0.013905225 0.007246088
v 0.069929491 0.017419010 0.007246088
v 0.081328464 -0.020784935 0.007247500
v 0.080456133 -0.017271150 0.007247500
v 0.079583797 -0.013757365 0.007247500
v 0.078711461 -0.010243581 0.007247500
v 0.077839119 -0.006729798 0.007247500
v 0.076966783 -0.003216013 0.007247500
v 0.076094452 0.000297772 0.007247500
v 0.075222116 0.003811557 0.007247500
v 0.074349780 0.007325340 0.007247500
v 0.073477438 0.010839124 0.007247500
v 0.072605102 0.014352910 0.007247500
v 0.071732766 0.017866695 0.007247500
v 0.078890732 -0.023500934 0.007265965
v 0.077814138 -0.021654590 0.007269349
v 0.076941802 -0.018140804 0.007269349
v 0.076069466 -0.014627021 0.007269349
v 0.075197124 -0.011113237 0.007269349
v 0.074324788 -0.007599452 0.007269349
v 0.073452457 -0.004085668 0.007269349
v 0.072580121 -0.000571883 0.007269349
v 0.071707779 0.002941901 0.007269349
v 0.070835443 0.006455685 0.007269349
v 0.069963107 0.009969470 0.007269349
v 0.069090771 0.013483255 0.007269349
v 0.068218434 0.016997038 0.007269349
v 0.079353746 -0.023513831 0.007277617
v 0.077954175 0.017955147 0.007306434
v 0.077348036 0.018253193 0.007306434
v 0.078599178 0.017754652 0.007307116
v 0.076795423 0.018641588 0.007307116
v 0.079267472 0.017656555 0.007308463
v 0.076309682 0.019110944 0.007308463
v 0.079942887 0.017663228 0.007310443
v 0.075902569 0.019649913 0.007310443
v 0.080609109 0.017774510 0.007313008
v 0.075583913 0.020245468 0.007313008
v 0.078879319 -0.023492407 0.007354180
v 0.079380230 -0.023507260 0.007364313
v 0.078869259 -0.023475693 0.007543255
v 0.077408097 -0.019933947 0.007626748
v 0.076535761 -0.016420163 0.007626748
v 0.075663430 -0.012906377 0.007626748
v 0.074791089 -0.009392593 0.007626748
v 0.073918752 -0.005878809 0.007626748
v 0.073046416 -0.002365025 0.007626748
v 0.072174080 0.001148760 0.007626748
v 0.071301744 0.004662544 0.007626748
v 0.070429408 0.008176328 0.007626748
v 0.069557071 0.011690114 0.007626748
v 0.068684735 0.015203897 0.007626748
v 0.067812393 0.018717682 0.007626748
v 0.089372274 -0.000123028 0.007643170
v 0.085588342 -0.019485794 0.007643170
v 0.085533557 -0.019765309 0.007648751
v 0.104978671 0.010000752 0.007662097
v 0.103943703 0.011170815 0.007662097
v 0.102833758 0.012270010 0.007662097
v 0.101653676 0.013293542 0.007662097
v 0.100408616 0.014236947 0.007662097
v 0.099103993 0.015096109 0.007662097
v 0.097745507 0.015867281 0.007662097
v 0.096339069 0.016547100 0.007662097
v 0.094890834 0.017132599 0.007662097
v 0.093407111 0.017621226 0.007662097
v 0.091894357 0.018010849 0.007662097
v 0.090359196 0.018299769 0.007662097
v 0.088808308 0.018486723 0.007662097
v 0.087248470 0.018570901 0.007662097
v 0.085686466 0.018551930 0.007662097
v 0.084129125 0.018429897 0.007662097
v 0.082583236 0.018205331 0.007662097
v 0.081055538 0.017879216 0.007662097
v 0.077827684 -0.021605709 0.007665941
v 0.076955348 -0.018091924 0.007665941
v 0.076083011 -0.014578140 0.007665941
v 0.075210670 -0.011064357 0.007665941
v 0.074338334 -0.007550572 0.007665941
v 0.073466003 -0.004036787 0.007665941
v 0.072593667 -0.000523003 0.007665941
v 0.071721330 0.002990782 0.007665941
v 0.070848989 0.006504566 0.007665941
v 0.069976653 0.010018350 0.007665941
v 0.069104322 0.013532136 0.007665941
v 0.068231986 0.017045919 0.007665941
v 0.085430666 -0.020285517 0.007689661
v 0.085379416 -0.020541759 0.007725381
v 0.089369313 -0.000111093 0.007731931
v 0.105766589 0.008990085 0.007739002
v 0.068266612 0.019990024 0.007743446
v 0.085355479 -0.020660602 0.007745741
v 0.079483353 -0.023481657 0.007754742
v 0.085352772 -0.020664347 0.007786084
v 0.078890174 -0.023455762 0.007815887
v 0.089363247 -0.000086672 0.007820206
v 0.084962437 -0.022121414 0.007821053
v 0.078214992 -0.023050473 0.007857070
v 0.067748985 0.019115443 0.007869082
v 0.077438951 -0.019915576 0.007869508
v 0.076566615 -0.016401790 0.007869508
v 0.075694278 -0.012888007 0.007869508
v 0.074821937 -0.009374222 0.007869508
v 0.073949606 -0.005860437 0.007869508
v 0.073077270 -0.002346653 0.007869508
v 0.072204934 0.001167131 0.007869508
v 0.071332592 0.004680916 0.007869508
v 0.070460256 0.008194699 0.007869508
v 0.069587925 0.011708484 0.007869508
v 0.068715589 0.015222269 0.007869508
v 0.067843247 0.018736052 0.007869508
v 0.077851372 -0.021576804 0.007869540
v 0.076979036 -0.018063020 0.007869540
v 0.076106705 -0.014549235 0.007869540
v 0.075234369 -0.011035450 0.007869540
v 0.074362028 -0.007521666 0.007869540
v 0.073489691 -0.004007881 0.007869540
v 0.072617355 -0.000494097 0.007869540
v 0.071745019 0.003019687 0.007869540
v 0.070872683 0.006533472 0.007869540
v 0.070000347 0.010047256 0.007869540
v 0.069128010 0.013561040 0.007869540
v 0.068255674 0.017074824 0.007869540
v 0.078217108 -0.023049947 0.007869583
v 0.072983090 -0.001967240 0.007869583
v 0.085509824 -0.019752204 0.007883005
v 0.085488053 -0.021244853 0.007884161
v 0.085346855 -0.020676114 0.007884161
v 0.085343568 -0.020662883 0.007884161
v 0.089351408 -0.000083359 0.007889555
v 0.085560781 -0.019480408 0.007889555
v 0.085413186 -0.020259628 0.007899877
v 0.085364683 -0.020510205 0.007922928
v 0.078912819 -0.023448795 0.007934058
v 0.084943372 -0.022126146 0.007936654
v 0.085335884 -0.020657483 0.007941444
v 0.079470774 -0.021182402 0.007985632
v 0.078598438 -0.017668616 0.007985632
v 0.077726096 -0.014154833 0.007985632
v 0.076853760 -0.010641049 0.007985632
v 0.075981424 -0.007127265 0.007985632
v 0.075109093 -0.003613480 0.007985632
v 0.074236757 -0.000099695 0.007985632
v 0.073364415 0.003414089 0.007985632
v 0.072492079 0.006927873 0.007985632
v 0.071619743 0.010441657 0.007985632
v 0.070747412 0.013955443 0.007985632
v 0.069875070 0.017469226 0.007985632
v 0.077462788 -0.019907526 0.007998103
v 0.076590458 -0.016393741 0.007998103
v 0.075718121 -0.012879956 0.007998103
v 0.074845785 -0.009366172 0.007998103
v 0.073973444 -0.005852387 0.007998103
v 0.073101107 -0.002338603 0.007998103
v 0.072228771 0.001175181 0.007998103
v 0.071356440 0.004688966 0.007998103
v 0.070484104 0.008202751 0.007998103
v 0.069611763 0.011716533 0.007998103
v 0.068739426 0.015230318 0.007998103
v 0.067867090 0.018744104 0.007998103
v 0.079304684 -0.019978914 0.007999538
v 0.078432348 -0.016465131 0.007999538
v 0.077560017 -0.012951346 0.007999538
v 0.076687681 -0.009437562 0.007999538
v 0.075815345 -0.005923777 0.007999538
v 0.074943003 -0.002409993 0.007999538
v 0.074070667 0.001103791 0.007999538
v 0.073198336 0.004617576 0.007999538
v 0.072326000 0.008131360 0.007999538
v 0.071453658 0.011645144 0.007999538
v 0.070581322 0.015158928 0.007999538
v 0.069708986 0.018672714 0.007999538
v 0.089321775 -0.000079854 0.008010041
v 0.084906447 -0.022135314 0.008047568
v 0.077888286 -0.021544430 0.008080168
v 0.077015955 -0.018030645 0.008080168
v 0.076143614 -0.014516861 0.008080168
v 0.075271278 -0.011003077 0.008080168
v 0.074398941 -0.007489292 0.008080168
v 0.073526605 -0.003975508 0.008080168
v 0.072654269 -0.000461724 0.008080168
v 0.071781933 0.003052060 0.008080168
v 0.070909597 0.006565845 0.008080168
v 0.070037260 0.010079629 0.008080168
v 0.069164924 0.013593413 0.008080168
v 0.068292582 0.017107198 0.008080168
v 0.085365489 -0.020228317 0.008104600
v 0.085449045 -0.019732083 0.008109966
v 0.085299036 -0.020641637 0.008110689
v 0.085449918 -0.021254321 0.008115363
v 0.085322979 -0.020473929 0.008115756
v 0.085447344 -0.021254960 0.008125629
v 0.085294722 -0.020640239 0.008125667
v 0.089281166 -0.000079346 0.008127536
v 0.085492362 -0.019467037 0.008127536
v 0.079303093 -0.023452347 0.008142951
v 0.081181278 -0.020387694 0.008144795
v 0.081094043 -0.020036318 0.008144795
v 0.080308942 -0.016873911 0.008144795
v 0.080221712 -0.016522532 0.008144795
v 0.079436600 -0.013360126 0.008144795
v 0.079349371 -0.013008749 0.008144795
v 0.078564270 -0.009846341 0.008144795
v 0.078477035 -0.009494963 0.008144795
v 0.077691934 -0.006332558 0.008144795
v 0.077604698 -0.005981179 0.008144795
v 0.076819597 -0.002818773 0.008144795
v 0.076732362 -0.002467395 0.008144795
v 0.075947256 0.000695011 0.008144795
v 0.075860026 0.001046390 0.008144795
v 0.075074919 0.004208796 0.008144795
v 0.074987690 0.004560174 0.008144795
v 0.074202589 0.007722579 0.008144795
v 0.074115354 0.008073959 0.008144795
v 0.073330253 0.011236365 0.008144795
v 0.073243017 0.011587743 0.008144795
v 0.072457916 0.014750149 0.008144795
v 0.072370681 0.015101528 0.008144795
v 0.071585575 0.018263934 0.008144795
v 0.071498339 0.018615311 0.008144795
v 0.084852629 -0.022148674 0.008150887
v 0.079566871 -0.023460921 0.008180668
v 0.081088867 -0.020034640 0.008187926
v 0.080216531 -0.016520855 0.008187926
v 0.079344194 -0.013007072 0.008187926
v 0.078471864 -0.009493286 0.008187926
v 0.077599522 -0.005979502 0.008187926
v 0.076727186 -0.002465718 0.008187926
v 0.075854850 0.001048067 0.008187926
v 0.074982513 0.004561851 0.008187926
v 0.074110172 0.008075636 0.008187926
v 0.073237841 0.011589420 0.008187926
v 0.072365505 0.015103203 0.008187926
v 0.071493169 0.018616988 0.008187926
v 0.081263304 -0.020737386 0.008188197
v 0.080390962 -0.017223602 0.008188197
v 0.079518632 -0.013709819 0.008188197
v 0.078646296 -0.010196033 0.008188197
v 0.077773959 -0.006682249 0.008188197
v 0.076901618 -0.003168464 0.008188197
v 0.076029281 0.000345320 0.008188197
v 0.075156951 0.003859105 0.008188197
v 0.074284615 0.007372889 0.008188197
v 0.073412273 0.010886674 0.008188197
v 0.072539937 0.014400458 0.008188197
v 0.071667600 0.017914242 0.008188197
v 0.078996275 -0.023437089 0.008200319
v 0.068393231 0.020021457 0.008230748
v 0.105782566 0.008925745 0.008231449
v 0.089229861 -0.000081838 0.008241180
v 0.084783337 -0.022165877 0.008243902
v 0.079577836 -0.023458203 0.008250885
v 0.085288601 -0.020192261 0.008299420
v 0.085255101 -0.020433628 0.008300165
v 0.085352838 -0.019705483 0.008323616
v 0.084700377 -0.022186472 0.008324172
v 0.085219419 -0.020621598 0.008325993
v 0.074926242 0.021643352 0.008327033
v 0.073640893 0.021324249 0.008327033
v 0.085376068 -0.021272653 0.008337191
v 0.089168248 -0.000087312 0.008350136
v 0.085385101 -0.019446077 0.008350136
v 0.085367699 -0.021274732 0.008356567
v 0.085204846 -0.020618755 0.008356571
v 0.077560376 -0.019891256 0.008364288
v 0.076688040 -0.016377470 0.008364288
v 0.075815704 -0.012863687 0.008364288
v 0.074943368 -0.009349903 0.008364288
v 0.074071032 -0.005836118 0.008364288
v 0.073198695 -0.002322334 0.008364288
v 0.072326359 0.001191450 0.008364288
v 0.071454023 0.004705234 0.008364288
v 0.070581687 0.008219019 0.008364288
v 0.069709345 0.011732804 0.008364288
v 0.068837014 0.015246588 0.008364288
v 0.067964678 0.018760373 0.008364288
v 0.085200095 -0.020617861 0.008366167
v 0.077616482 0.018033758 0.008387839
v 0.077923880 0.017897028 0.008389320
v 0.077320503 0.018193719 0.008389320
v 0.084605938 -0.022209920 0.008389594
v 0.078321380 0.017760016 0.008395321
v 0.076969286 0.018424859 0.008395321
v 0.078565524 0.017696388 0.008401114
v 0.076769834 0.018579353 0.008401114
v 0.079062634 0.017611923 0.008417540
v 0.076399409 0.018921469 0.008417540
v 0.079230044 0.017596604 0.008424420
v 0.076285060 0.019044700 0.008424420
v 0.084502478 -0.022235602 0.008438452
v 0.079121242 -0.023431427 0.008452324
v 0.089096779 -0.000095728 0.008453604
v 0.079817771 0.017593970 0.008453823
v 0.075924109 0.019508539 0.008453823
v 0.078367282 -0.023012666 0.008455262
v 0.079901542 0.017600071 0.008458678
v 0.075877792 0.019578605 0.008458678
v 0.077989299 -0.021479644 0.008462349
v 0.077116963 -0.017965860 0.008462349
v 0.076244627 -0.014452077 0.008462349
v 0.075372291 -0.010938292 0.008462349
v 0.074499954 -0.007424507 0.008462349
v 0.073627618 -0.003910723 0.008462349
v 0.072755282 -0.000396939 0.008462349
v 0.071882940 0.003116846 0.008462349
v 0.071010610 0.006630630 0.008462349
v 0.070138273 0.010144414 0.008462349
v 0.069265937 0.013658199 0.008462349
v 0.068393601 0.017171983 0.008462349
v 0.084398067 -0.022261525 0.008468403
v 0.085162358 -0.020390078 0.008472616
v 0.085141172 -0.020607935 0.008472758
v 0.077599737 -0.019888259 0.008477195
v 0.076727401 -0.016374475 0.008477195
v 0.075855065 -0.012860690 0.008477195
v 0.074982734 -0.009346906 0.008477195
v 0.074110398 -0.005833122 0.008477195
v 0.073238056 -0.002319338 0.008477195
v 0.072365720 0.001194447 0.008477195
v 0.071493384 0.004708231 0.008477195
v 0.070621053 0.008222015 0.008477195
v 0.069748712 0.011735799 0.008477195
v 0.068876375 0.015249585 0.008477195
v 0.068004039 0.018763370 0.008477195
v 0.067907252 0.019154738 0.008478210
v 0.077994801 -0.021476620 0.008479155
v 0.077122465 -0.017962837 0.008479155
v 0.076250129 -0.014449052 0.008479155
v 0.075377793 -0.010935267 0.008479155
v 0.074505457 -0.007421482 0.008479155
v 0.073633120 -0.003907698 0.008479155
v 0.072760784 -0.000393914 0.008479155
v 0.071888448 0.003119870 0.008479155
v 0.071016112 0.006633655 0.008479155
v 0.070143776 0.010147440 0.008479155
v 0.069271439 0.013661223 0.008479155
v 0.068399103 0.017175009 0.008479155
v 0.078375635 -0.023010591 0.008479165
v 0.073141612 -0.001927885 0.008479165
v 0.068004768 0.018763411 0.008479169
v 0.085184179 -0.020152233 0.008480141
v 0.105795990 0.008871644 0.008503070
v 0.105190376 0.009662825 0.008503070
v 0.104940928 0.009969530 0.008503070
v 0.103908104 0.011137170 0.008503070
v 0.103709525 0.011344723 0.008503070
v 0.102800457 0.012234089 0.008503070
v 0.102075837 0.012878606 0.008503070
v 0.101622828 0.013255500 0.008503070
v 0.100380332 0.014196950 0.008503070
v 0.100304062 0.014250651 0.008503070
v 0.099078415 0.015054335 0.008503070
v 0.098410155 0.015448489 0.008503070
v 0.097722735 0.015823909 0.008503070
v 0.096411184 0.016461325 0.008503070
v 0.096319226 0.016502320 0.008503070
v 0.094873985 0.017086608 0.008503070
v 0.094325172 0.017280026 0.008503070
v 0.093393322 0.017574222 0.008503070
v 0.092170924 0.017897215 0.008503070
v 0.091883717 0.017963038 0.008503070
v 0.090351733 0.018251359 0.008503070
v 0.089967856 0.018307329 0.008503070
v 0.088804059 0.018437928 0.008503070
v 0.087735818 0.018506670 0.008503070
v 0.087247442 0.018521930 0.008503070
v 0.085688676 0.018503000 0.008503070
v 0.085494947 0.018493445 0.008503070
v 0.084134566 0.018381219 0.008503070
v 0.083265423 0.018267768 0.008503070
v 0.082591876 0.018157119 0.008503070
v 0.081067344 0.017831676 0.008503070
v 0.080563925 0.017706698 0.008503070
v 0.075557793 0.020168287 0.008503070
v 0.074983911 0.021476286 0.008503070
v 0.079154874 -0.023430930 0.008506785
v 0.079611855 -0.023449754 0.008512788
v 0.085223750 -0.019673106 0.008518290
v 0.085268443 -0.021299375 0.008543830
v 0.089015980 -0.000107024 0.008550826
v 0.085242141 -0.019418139 0.008550826
v 0.085080216 -0.020599308 0.008565081
v 0.085251405 -0.021303604 0.008570359
v 0.085036331 -0.020593836 0.008623408
v 0.085046518 -0.020344109 0.008629801
v 0.088926435 -0.000121117 0.008641086
v 0.085054467 -0.020109097 0.008642872
v 0.068599991 0.020072788 0.008688022
v 0.085065207 -0.019635812 0.008688826
v 0.073466461 0.021280944 0.008694353
v 0.079337195 -0.021150220 0.008722464
v 0.078464864 -0.017636435 0.008722464
v 0.077592528 -0.014122652 0.008722464
v 0.076720192 -0.010608866 0.008722464
v 0.075847850 -0.007095082 0.008722464
v 0.074975514 -0.003581298 0.008722464
v 0.074103183 -0.000067513 0.008722464
v 0.073230847 0.003446271 0.008722464
v 0.072358505 0.006960055 0.008722464
v 0.071486169 0.010473840 0.008722464
v 0.070613833 0.013987624 0.008722464
v 0.069741497 0.017501408 0.008722464
v 0.088828814 -0.000137904 0.008723722
v 0.085067676 -0.019384044 0.008723722
v 0.085129853 -0.021333780 0.008729859
v 0.079334560 -0.023431913 0.008745303
v 0.084926932 -0.020582160 0.008747073
v 0.079168415 -0.019947224 0.008752382
v 0.078296073 -0.016433439 0.008752382
v 0.077423737 -0.012919656 0.008752382
v 0.076551406 -0.009405871 0.008752382
v 0.075679070 -0.005892086 0.008752382
v 0.074806728 -0.002378302 0.008752382
v 0.073934392 0.001135483 0.008752382
v 0.073062056 0.004649267 0.008752382
v 0.072189725 0.008163052 0.008752382
v 0.071317383 0.011676835 0.008752382
v 0.070445047 0.015190620 0.008752382
v 0.069572711 0.018704404 0.008752382
v 0.084916750 -0.020581189 0.008757295
v 0.085101783 -0.021340751 0.008760883
v 0.084913121 -0.020580848 0.008760885
v 0.084905249 -0.020580116 0.008768602
v 0.084909817 -0.020296607 0.008768703
v 0.084902265 -0.020063781 0.008784108
v 0.084575361 -0.021802624 0.008802494
v 0.084209095 -0.022308440 0.008819015
v 0.077750431 -0.019884999 0.008824400
v 0.076878095 -0.016371213 0.008824400
v 0.076005753 -0.012857429 0.008824400
v 0.075133417 -0.009343645 0.008824400
v 0.074261081 -0.005829861 0.008824400
v 0.073388750 -0.002316076 0.008824400
v 0.072516408 0.001197708 0.008824400
v 0.071644072 0.004711493 0.008824400
v 0.070771736 0.008225277 0.008824400
v 0.069899400 0.011739061 0.008824400
v 0.069027064 0.015252846 0.008824400
v 0.068154727 0.018766629 0.008824400
v 0.078130474 -0.021410570 0.008826997
v 0.077258138 -0.017896786 0.008826997
v 0.076385796 -0.014383001 0.008826997
v 0.075513460 -0.010869218 0.008826997
v 0.074641130 -0.007355434 0.008826997
v 0.073768793 -0.003841649 0.008826997
v 0.072896452 -0.000327865 0.008826997
v 0.072024115 0.003185920 0.008826997
v 0.071151779 0.006699704 0.008826997
v 0.070279443 0.010213487 0.008826997
v 0.069407107 0.013727273 0.008826997
v 0.068534771 0.017241059 0.008826997
v 0.084881405 -0.019594591 0.008830701
v 0.088612242 -0.000179047 0.008863755
v 0.084866810 -0.019344793 0.008863755
v 0.084785779 -0.020570106 0.008873319
v 0.084754870 -0.020248484 0.008886659
v 0.084963939 -0.021374970 0.008890400
v 0.084730850 -0.020017263 0.008900807
v 0.084720840 -0.020565432 0.008921814
v 0.084923120 -0.021385105 0.008922683
v 0.084677225 -0.019550534 0.008940155
v 0.088372617 -0.000229246 0.008966819
v 0.084645454 -0.019301533 0.008966819
v 0.084646410 -0.020560645 0.008971224
v 0.079564744 -0.023437915 0.008971378
v 0.084584647 -0.020200660 0.008981405
v 0.084543905 -0.019970542 0.008990455
v 0.084458079 -0.019504810 0.009014284
v 0.078616160 -0.022950879 0.009018022
v 0.084775050 -0.021421864 0.009021244
v 0.088116966 -0.000287029 0.009029891
v 0.084410083 -0.019255536 0.009029891
v 0.079648106 -0.023440755 0.009038812
v 0.081115566 -0.020714317 0.009046226
v 0.081028331 -0.020362938 0.009046226
v 0.080941101 -0.020011559 0.009046226
v 0.080243230 -0.017200532 0.009046226
v 0.080156000 -0.016849153 0.009046226
v 0.080068765 -0.016497776 0.009046226
v 0.079370894 -0.013686747 0.009046226
v 0.079283664 -0.013335369 0.009046226
v 0.079196429 -0.012983990 0.009046226
v 0.078498563 -0.010172963 0.009046226
v 0.078411328 -0.009821584 0.009046226
v 0.078324092 -0.009470206 0.009046226
v 0.077626221 -0.006659178 0.009046226
v 0.077538986 -0.006307799 0.009046226
v 0.077451751 -0.005956421 0.009046226
v 0.076753885 -0.003145394 0.009046226
v 0.076666650 -0.002794016 0.009046226
v 0.076579420 -0.002442637 0.009046226
v 0.075881549 0.000368391 0.009046226
v 0.075794314 0.000719769 0.009046226
v 0.075707084 0.001071147 0.009046226
v 0.075009213 0.003882175 0.009046226
v 0.074921983 0.004233553 0.009046226
v 0.074834748 0.004584931 0.009046226
v 0.074136876 0.007395960 0.009046226
v 0.074049641 0.007747338 0.009046226
v 0.073962406 0.008098716 0.009046226
v 0.073264540 0.010909743 0.009046226
v 0.073177305 0.011261121 0.009046226
v 0.073090070 0.011612501 0.009046226
v 0.072392204 0.014423528 0.009046226
v 0.072304969 0.014774905 0.009046226
v 0.072217739 0.015126284 0.009046226
v 0.071519868 0.017937313 0.009046226
v 0.071432633 0.018288690 0.009046226
v 0.071345403 0.018640069 0.009046226
v 0.084510516 -0.020553290 0.009046695
v 0.068165710 0.019218901 0.009049803
v 0.078241696 -0.021364286 0.009051071
v 0.077369355 -0.017850503 0.009051071
v 0.076497019 -0.014336718 0.009051071
v 0.075624682 -0.010822933 0.009051071
v 0.074752346 -0.007309148 0.009051071
v 0.073880010 -0.003795364 0.009051071
v 0.073007674 -0.000281580 0.009051071
v 0.072135338 0.003232205 0.009051071
v 0.071263001 0.006745989 0.009051071
v 0.070390660 0.010259774 0.009051071
v 0.069518329 0.013773557 0.009051071
v 0.068645993 0.017287342 0.009051071
v 0.089324864 0.000014759 0.009051123
v 0.087852775 -0.000350703 0.009051123
v 0.083790348 0.006863371 0.009051123
v 0.081078901 0.017785141 0.009051123
v 0.080536253 0.017650424 0.009051123
v 0.080164414 0.017575161 0.009051123
v 0.079787613 0.017532639 0.009051123
v 0.079408736 0.017523184 0.009051123
v 0.079030642 0.017546868 0.009051123
v 0.078656212 0.017603508 0.009051123
v 0.078288272 0.017692678 0.009051123
v 0.077929625 0.017813699 0.009051123
v 0.077582993 0.017965654 0.009051123
v 0.077251001 0.018147388 0.009051123
v 0.076936178 0.018357522 0.009051123
v 0.076640901 0.018594465 0.009051123
v 0.076367417 0.018856414 0.009051123
v 0.076117809 0.019141383 0.009051123
v 0.075893951 0.019447211 0.009051123
v 0.075697560 0.019771575 0.009051123
v 0.075530127 0.020112013 0.009051123
v 0.075160111 0.020955341 0.009051123
v 0.084720536 -0.021435398 0.009051123
v 0.084579339 -0.020866658 0.009051123
v 0.084501434 -0.020552857 0.009051123
v 0.084428833 -0.020260429 0.009051123
v 0.084402426 -0.020154056 0.009051123
v 0.084345464 -0.019924625 0.009051123
v 0.084229779 -0.019458629 0.009051123
v 0.084167596 -0.019208148 0.009051123
v 0.079486519 -0.000352691 0.009051123
v 0.074252496 0.020730014 0.009051123
v 0.078634484 -0.022946328 0.009051123
v 0.073400467 -0.001863622 0.009051123
v 0.077875243 -0.019887623 0.009051321
v 0.077002907 -0.016373839 0.009051321
v 0.076130571 -0.012860053 0.009051321
v 0.075258235 -0.009346270 0.009051321
v 0.074385898 -0.005832486 0.009051321
v 0.073513557 -0.002318702 0.009051321
v 0.072641226 0.001195082 0.009051321
v 0.071768890 0.004708867 0.009051321
v 0.070896554 0.008222651 0.009051321
v 0.070024212 0.011736436 0.009051321
v 0.069151876 0.015250221 0.009051321
v 0.068279545 0.018764004 0.009051321
v 0.074248795 0.020729096 0.009057716
v 0.079673458 -0.023434462 0.009071323
v 0.068880618 0.020142458 0.009101397
v 0.073184824 0.021211023 0.009106996
v 0.081097557 -0.020713191 0.009125444
v 0.080225215 -0.017199406 0.009125444
v 0.079352879 -0.013685623 0.009125444
v 0.078480548 -0.010171839 0.009125444
v 0.077608212 -0.006658054 0.009125444
v 0.076735870 -0.003144270 0.009125444
v 0.075863534 0.000369515 0.009125444
v 0.074991198 0.003883299 0.009125444
v 0.074118861 0.007397084 0.009125444
v 0.073246525 0.010910868 0.009125444
v 0.072374189 0.014424652 0.009125444
v 0.071501853 0.017938437 0.009125444
v 0.080922561 -0.020010405 0.009127720
v 0.080050225 -0.016496621 0.009127720
v 0.079177883 -0.012982837 0.009127720
v 0.078305547 -0.009469052 0.009127720
v 0.077433211 -0.005955267 0.009127720
v 0.076560880 -0.002441483 0.009127720
v 0.075688539 0.001072302 0.009127720
v 0.074816202 0.004586086 0.009127720
v 0.073943866 0.008099870 0.009127720
v 0.073071530 0.011613654 0.009127720
v 0.072199199 0.015127437 0.009127720
v 0.071326858 0.018641223 0.009127720
v 0.077939569 -0.019890022 0.009154447
v 0.077067233 -0.016376238 0.009154447
v 0.076194896 -0.012862454 0.009154447
v 0.075322560 -0.009348669 0.009154447
v 0.074450224 -0.005834885 0.009154447
v 0.073577888 -0.002321100 0.009154447
v 0.072705552 0.001192684 0.009154447
v 0.071833210 0.004706468 0.009154447
v 0.070960879 0.008220252 0.009154447
v 0.070088543 0.011734037 0.009154447
v 0.069216207 0.015247822 0.009154447
v 0.068343871 0.018761606 0.009154447
v 0.078331534 -0.021330075 0.009207142
v 0.077459203 -0.017816292 0.009207142
v 0.076586867 -0.014302507 0.009207142
v 0.075714531 -0.010788723 0.009207142
v 0.074842189 -0.007274938 0.009207142
v 0.073969853 -0.003761154 0.009207142
v 0.073097522 -0.000247369 0.009207142
v 0.072225186 0.003266415 0.009207142
v 0.071352844 0.006780199 0.009207142
v 0.070480508 0.010293984 0.009207142
v 0.069608172 0.013807768 0.009207142
v 0.068735841 0.017321553 0.009207142
v 0.083914039 -0.022381691 0.009209332
v 0.084623909 -0.021459387 0.009213544
v 0.080007588 -0.023351511 0.009426640
v 0.079125606 -0.021136943 0.009443258
v 0.078253264 -0.017623157 0.009443258
v 0.077380928 -0.014109374 0.009443258
v 0.076508592 -0.010595590 0.009443258
v 0.075636261 -0.007081805 0.009443258
v 0.074763920 -0.003568020 0.009443258
v 0.073891583 -0.000054236 0.009443258
v 0.073019247 0.003459548 0.009443258
v 0.072146911 0.006973332 0.009443258
v 0.071274575 0.010487116 0.009443258
v 0.070402239 0.014000902 0.009443258
v 0.069529902 0.017514686 0.009443258
v 0.069226604 0.020228352 0.009458332
v 0.072837965 0.021124914 0.009463030
v 0.078166847 -0.019901693 0.009466393
v 0.077294505 -0.016387909 0.009466393
v 0.076422169 -0.012874124 0.009466393
v 0.075549838 -0.009360340 0.009466393
v 0.074677502 -0.005846556 0.009466393
v 0.073805166 -0.002332771 0.009466393
v 0.072932824 0.001181013 0.009466393
v 0.072060488 0.004694797 0.009466393
v 0.071188152 0.008208582 0.009466393
v 0.070315821 0.011722365 0.009466393
v 0.069443479 0.015236151 0.009466393
v 0.068571143 0.018749935 0.009466393
v 0.078952213 -0.019934911 0.009488763
v 0.078079877 -0.016421127 0.009488763
v 0.077207535 -0.012907342 0.009488763
v 0.076335199 -0.009393557 0.009488763
v 0.075462868 -0.005879773 0.009488763
v 0.074590532 -0.002365989 0.009488763
v 0.073718190 0.001147795 0.009488763
v 0.072845854 0.004661580 0.009488763
v 0.071973518 0.008175364 0.009488763
v 0.071101182 0.011689149 0.009488763
v 0.070228845 0.015202932 0.009488763
v 0.069356509 0.018716715 0.009488763
v 0.078954362 -0.022866915 0.009528929
v 0.078554663 -0.021253112 0.009530053
v 0.077682332 -0.017739328 0.009530053
v 0.076809991 -0.014225543 0.009530053
v 0.075937654 -0.010711758 0.009530053
v 0.075065318 -0.007197975 0.009530053
v 0.074192982 -0.003684190 0.009530053
v 0.073320646 -0.000170406 0.009530053
v 0.072448310 0.003343379 0.009530053
v 0.071575973 0.006857163 0.009530053
v 0.070703637 0.010370947 0.009530053
v 0.069831301 0.013884731 0.009530053
v 0.068958959 0.017398516 0.009530053
v 0.083558811 -0.022469879 0.009542214
v 0.078233322 -0.019905685 0.009545624
v 0.077360985 -0.016391900 0.009545624
v 0.076488644 -0.012878115 0.009545624
v 0.075616307 -0.009364331 0.009545624
v 0.074743971 -0.005850546 0.009545624
v 0.073871635 -0.002336762 0.009545624
v 0.072999304 0.001177022 0.009545624
v 0.072126963 0.004690807 0.009545624
v 0.071254626 0.008204591 0.009545624
v 0.070382290 0.011718374 0.009545624
v 0.069509954 0.015232160 0.009545624
v 0.068637618 0.018745945 0.009545624
v 0.068516491 0.019305986 0.009566521
v 0.078584671 -0.021243407 0.009568069
v 0.077712330 -0.017729623 0.009568069
v 0.076839999 -0.014215838 0.009568069
v 0.075967663 -0.010702053 0.009568069
v 0.075095326 -0.007188270 0.009568069
v 0.074222985 -0.003674485 0.009568069
v 0.073350649 -0.000160701 0.009568069
v 0.072478318 0.003353083 0.009568069
v 0.071605982 0.006866868 0.009568069
v 0.070733640 0.010380652 0.009568069
v 0.069861304 0.013894437 0.009568069
v 0.068988968 0.017408221 0.009568069
v 0.084369225 -0.021522614 0.009568078
v 0.079135208 -0.000439908 0.009568078
v 0.073901185 0.020642798 0.009568078
v 0.078985796 -0.022859111 0.009568078
v 0.073751778 -0.001776405 0.009568078
v 0.078252928 -0.019906893 0.009568142
v 0.077380591 -0.016393108 0.009568142
v 0.076508255 -0.012879324 0.009568142
v 0.075635919 -0.009365539 0.009568142
v 0.074763583 -0.005851755 0.009568142
v 0.073891247 -0.002337970 0.009568142
v 0.073018905 0.001175814 0.009568142
v 0.072146574 0.004689599 0.009568142
v 0.071274238 0.008203383 0.009568142
v 0.070401902 0.011717167 0.009568142
v 0.069529560 0.015230952 0.009568142
v 0.068657224 0.018744735 0.009568142
v 0.073896749 0.020641696 0.009573520
v 0.084255086 -0.021550952 0.009701440
v 0.080395531 -0.023255199 0.009718181
v 0.069627441 0.020327865 0.009747999
v 0.072436416 0.021025224 0.009751653
v 0.083153787 -0.022570432 0.009807948
v 0.078810253 -0.021173916 0.009823043
v 0.077937917 -0.017660132 0.009823043
v 0.077065581 -0.014146347 0.009823043
v 0.076193245 -0.010632562 0.009823043
v 0.075320908 -0.007118778 0.009823043
v 0.074448567 -0.003604993 0.009823043
v 0.073576236 -0.000091209 0.009823043
v 0.072703900 0.003422576 0.009823043
v 0.071831564 0.006936359 0.009823043
v 0.070959222 0.010450143 0.009823043
v 0.070086886 0.013963928 0.009823043
v 0.069214555 0.017477713 0.009823043
v 0.078509474 -0.019923477 0.009832221
v 0.077637137 -0.016409693 0.009832221
v 0.076764801 -0.012895908 0.009832221
v 0.075892471 -0.009382125 0.009832221
v 0.075020129 -0.005868340 0.009832221
v 0.074147793 -0.002354556 0.009832221
v 0.073275456 0.001159228 0.009832221
v 0.072403120 0.004673013 0.009832221
v 0.071530784 0.008186797 0.009832221
v 0.070658448 0.011700583 0.009832221
v 0.069786112 0.015214366 0.009832221
v 0.068913775 0.018728151 0.009832221
v 0.080870748 -0.020711847 0.009930142
v 0.080783513 -0.020360470 0.009930142
v 0.080696278 -0.020009090 0.009930142
v 0.079998412 -0.017198063 0.009930142
v 0.079911177 -0.016846684 0.009930142
v 0.079823941 -0.016495306 0.009930142
v 0.079126070 -0.013684277 0.009930142
v 0.079038835 -0.013332901 0.009930142
v 0.078951605 -0.012981522 0.009930142
v 0.078253734 -0.010170493 0.009930142
v 0.078166499 -0.009819115 0.009930142
v 0.078079269 -0.009467737 0.009930142
v 0.077381398 -0.006656709 0.009930142
v 0.077294168 -0.006305330 0.009930142
v 0.077206933 -0.005953952 0.009930142
v 0.076509062 -0.003142925 0.009930142
v 0.076421832 -0.002791546 0.009930142
v 0.076334597 -0.002440168 0.009930142
v 0.075636731 0.000370860 0.009930142
v 0.075549496 0.000722238 0.009930142
v 0.075462255 0.001073617 0.009930142
v 0.074764389 0.003884644 0.009930142
v 0.074677154 0.004236023 0.009930142
v 0.074589919 0.004587401 0.009930142
v 0.073892053 0.007398428 0.009930142
v 0.073804818 0.007749807 0.009930142
v 0.073717588 0.008101185 0.009930142
v 0.073019717 0.010912213 0.009930142
v 0.072932487 0.011263592 0.009930142
v 0.072845252 0.011614969 0.009930142
v 0.072147381 0.014425999 0.009930142
v 0.072060151 0.014777376 0.009930142
v 0.071972916 0.015128755 0.009930142
v 0.071275044 0.017939782 0.009930142
v 0.071187809 0.018291161 0.009930142
v 0.071100574 0.018642540 0.009930142
v 0.080825973 -0.023148336 0.009937439
v 0.070070981 0.020437978 0.009961611
v 0.071992356 0.020914981 0.009964111
v 0.079372026 -0.022763226 0.009973075
v 0.082710771 -0.022680415 0.009998779
v 0.068948966 0.019413354 0.010012690
v 0.079012710 -0.021115528 0.010014314
v 0.078140374 -0.017601743 0.010014314
v 0.077268038 -0.014087959 0.010014314
v 0.076395702 -0.010574174 0.010014314
v 0.075523365 -0.007060390 0.010014314
v 0.074651029 -0.003546606 0.010014314
v 0.073778693 -0.000032821 0.010014314
v 0.072906351 0.003480963 0.010014314
v 0.072034015 0.006994748 0.010014314
v 0.071161684 0.010508532 0.010014314
v 0.070289348 0.014022317 0.010014314
v 0.069417007 0.017536101 0.010014314
v 0.083936125 -0.021630136 0.010014323
v 0.078702108 -0.000547429 0.010014323
v 0.079418889 -0.022751591 0.010014323
v 0.074184872 -0.001668884 0.010014323
v 0.078720427 -0.019937505 0.010014454
v 0.077848091 -0.016423720 0.010014454
v 0.076975749 -0.012909937 0.010014454
v 0.076103413 -0.009396152 0.010014454
v 0.075231082 -0.005882367 0.010014454
v 0.074358746 -0.002368583 0.010014454
v 0.073486404 0.001145201 0.010014454
v 0.072614068 0.004658986 0.010014454
v 0.071741732 0.008172770 0.010014454
v 0.070869401 0.011686554 0.010014454
v 0.069997060 0.015200338 0.010014454
v 0.069124723 0.018714123 0.010014454
v 0.073463174 0.020534056 0.010018563
v 0.080832591 -0.020713165 0.010042291
v 0.079960250 -0.017199380 0.010042291
v 0.079087919 -0.013685596 0.010042291
v 0.078215583 -0.010171810 0.010042291
v 0.077343247 -0.006658026 0.010042291
v 0.076470910 -0.003144241 0.010042291
v 0.075598569 0.000369543 0.010042291
v 0.074726238 0.003883327 0.010042291
v 0.073853902 0.007397111 0.010042291
v 0.072981566 0.010910895 0.010042291
v 0.072109224 0.014424680 0.010042291
v 0.071236888 0.017938466 0.010042291
v 0.080656502 -0.020010471 0.010046963
v 0.079784160 -0.016496686 0.010046963
v 0.078911824 -0.012982902 0.010046963
v 0.078039488 -0.009469116 0.010046963
v 0.077167152 -0.005955332 0.010046963
v 0.076294821 -0.002441548 0.010046963
v 0.075422479 0.001072236 0.010046963
v 0.074550143 0.004586020 0.010046963
v 0.073677807 0.008099806 0.010046963
v 0.072805471 0.011613589 0.010046963
v 0.071933129 0.015127374 0.010046963
v 0.071060798 0.018641157 0.010046963
v 0.081286346 -0.023034042 0.010078017
v 0.078816126 -0.019943829 0.010088608
v 0.077943789 -0.016430044 0.010088608
v 0.077071453 -0.012916260 0.010088608
v 0.076199117 -0.009402475 0.010088608
v 0.075326781 -0.005888691 0.010088608
v 0.074454445 -0.002374907 0.010088608
v 0.073582108 0.001138878 0.010088608
v 0.072709767 0.004652662 0.010088608
v 0.071837436 0.008166446 0.010088608
v 0.070965100 0.011680231 0.010088608
v 0.070092764 0.015194014 0.010088608
v 0.069220422 0.018707797 0.010088608
v 0.070543767 0.020555353 0.010092689
v 0.071519249 0.020797527 0.010093958
v 0.079116811 -0.021086601 0.010101468
v 0.078244470 -0.017572818 0.010101468
v 0.077372134 -0.014059032 0.010101468
v 0.076499803 -0.010545248 0.010101468
v 0.075627467 -0.007031463 0.010101468
v 0.074755130 -0.003517679 0.010101468
v 0.073882789 -0.000003895 0.010101468
v 0.073010453 0.003509890 0.010101468
v 0.072138122 0.007023675 0.010101468
v 0.071265786 0.010537458 0.010101468
v 0.070393444 0.014051242 0.010101468
v 0.069521108 0.017565027 0.010101468
v 0.082242703 -0.022796619 0.010109142
v 0.083811054 -0.021661186 0.010117543
v 0.081763232 -0.022915652 0.010135814
v 0.071031459 0.020676426 0.010137255
v 0.079152460 -0.019965371 0.010313781
v 0.078280129 -0.016451588 0.010313781
v 0.077407788 -0.012937803 0.010313781
v 0.076535452 -0.009424020 0.010313781
v 0.075663115 -0.005910236 0.010313781
v 0.074790779 -0.002396451 0.010313781
v 0.073918437 0.001117333 0.010313781
v 0.073046107 0.004631118 0.010313781
v 0.072173771 0.008144901 0.010313781
v 0.071301434 0.011658687 0.010313781
v 0.070429098 0.015172471 0.010313781
v 0.069556756 0.018686255 0.010313781
v 0.079435076 -0.021001642 0.010328973
v 0.078562745 -0.017487858 0.010328973
v 0.077690409 -0.013974072 0.010328973
v 0.076818067 -0.010460288 0.010328973
v 0.075945731 -0.006946504 0.010328973
v 0.075073395 -0.003432719 0.010328973
v 0.074201064 0.000081065 0.010328973
v 0.073328722 0.003594849 0.010328973
v 0.072456386 0.007108634 0.010328973
v 0.071584050 0.010622418 0.010328973
v 0.070711714 0.014136203 0.010328973
v 0.069839372 0.017649988 0.010328973
v 0.079856955 -0.022642837 0.010337501
v 0.079209825 -0.019968907 0.010347263
v 0.078337483 -0.016455124 0.010347263
v 0.077465147 -0.012941339 0.010347263
v 0.076592811 -0.009427554 0.010347263
v 0.075720480 -0.005913770 0.010347263
v 0.074848139 -0.002399985 0.010347263
v 0.073975802 0.001113799 0.010347263
v 0.073103466 0.004627583 0.010347263
v 0.072231130 0.008141367 0.010347263
v 0.071358799 0.011655152 0.010347263
v 0.070486458 0.015168936 0.010347263
v 0.069614121 0.018682720 0.010347263
v 0.069450020 0.019537745 0.010374774
v 0.079512146 -0.020981711 0.010376298
v 0.078639810 -0.017467927 0.010376298
v 0.077767474 -0.013954142 0.010376298
v 0.076895138 -0.010440358 0.010376298
v 0.076022801 -0.006926573 0.010376298
v 0.075150465 -0.003412789 0.010376298
v 0.074278129 0.000100995 0.010376298
v 0.073405793 0.003614779 0.010376298
v 0.072533451 0.007128564 0.010376298
v 0.071661120 0.010642348 0.010376298
v 0.070788784 0.014156132 0.010376298
v 0.069916448 0.017669917 0.010376298
v 0.083434397 -0.021754694 0.010376299
v 0.078200380 -0.000671988 0.010376299
v 0.079920618 -0.022627031 0.010376299
v 0.074686595 -0.001544325 0.010376299
v 0.079261550 -0.019972053 0.010376333
v 0.078389214 -0.016458270 0.010376333
v 0.077516877 -0.012944485 0.010376333
v 0.076644541 -0.009430701 0.010376333
v 0.075772205 -0.005916916 0.010376333
v 0.074899869 -0.002403132 0.010376333
v 0.074027533 0.001110652 0.010376333
v 0.073155196 0.004624437 0.010376333
v 0.072282860 0.008138222 0.010376333
v 0.071410524 0.011652007 0.010376333
v 0.070538188 0.015165790 0.010376333
v 0.069665846 0.018679575 0.010376333
v 0.072961241 0.020409446 0.010379342
v 0.083304773 -0.021786878 0.010449710
v 0.079774034 -0.020915459 0.010517447
v 0.078901698 -0.017401676 0.010517447
v 0.078029362 -0.013887891 0.010517447
v 0.077157026 -0.010374106 0.010517447
v 0.076284690 -0.006860322 0.010517447
v 0.075412353 -0.003346538 0.010517447
v 0.074540017 0.000167247 0.010517447
v 0.073667681 0.003681031 0.010517447
v 0.072795345 0.007194816 0.010517447
v 0.071923003 0.010708600 0.010517447
v 0.071050672 0.014222383 0.010517447
v 0.070178336 0.017736169 0.010517447
v 0.079576881 -0.019990348 0.010532094
v 0.078704545 -0.016476564 0.010532094
v 0.077832208 -0.012962779 0.010532094
v 0.076959867 -0.009448996 0.010532094
v 0.076087530 -0.005935211 0.010532094
v 0.075215194 -0.002421427 0.010532094
v 0.074342864 0.001092358 0.010532094
v 0.073470522 0.004606142 0.010532094
v 0.072598186 0.008119926 0.010532094
v 0.071725849 0.011633712 0.010532094
v 0.070853513 0.015147495 0.010532094
v 0.069981177 0.018661280 0.010532094
v 0.080395006 -0.022509259 0.010611574
v 0.070004440 0.019675388 0.010641790
v 0.082879292 -0.021892508 0.010643008
v 0.077645275 -0.000809800 0.010643008
v 0.080475723 -0.022489220 0.010643008
v 0.075241706 -0.001406513 0.010643008
v 0.070007683 0.019676193 0.010643008
v 0.080067163 -0.020843526 0.010643008
v 0.079194827 -0.017329743 0.010643008
v 0.078322490 -0.013815958 0.010643008
v 0.077450154 -0.010302174 0.010643008
v 0.076577818 -0.006788389 0.010643008
v 0.075705482 -0.003274605 0.010643008
v 0.074833146 0.000239180 0.010643008
v 0.073960804 0.003752963 0.010643008
v 0.073088468 0.007266749 0.010643008
v 0.072216137 0.010780533 0.010643008
v 0.071343801 0.014294317 0.010643008
v 0.070471459 0.017808102 0.010643008
v 0.079859132 -0.020005361 0.010643026
v 0.078986795 -0.016491576 0.010643026
v 0.078114459 -0.012977792 0.010643026
v 0.077242123 -0.009464008 0.010643026
v 0.076369787 -0.005950224 0.010643026
v 0.075497451 -0.002436439 0.010643026
v 0.074625109 0.001077345 0.010643026
v 0.073752773 0.004591130 0.010643026
v 0.072880442 0.008104913 0.010643026
v 0.072008106 0.011618699 0.010643026
v 0.071135764 0.015132484 0.010643026
v 0.070263428 0.018646268 0.010643026
v 0.072406159 0.020271642 0.010644914
v 0.080149481 -0.020823677 0.010672645
v 0.079277145 -0.017309892 0.010672645
v 0.078404809 -0.013796109 0.010672645
v 0.077532473 -0.010282324 0.010672645
v 0.076660137 -0.006768540 0.010672645
v 0.075787800 -0.003254755 0.010672645
v 0.074915464 0.000259029 0.010672645
v 0.074043128 0.003772813 0.010672645
v 0.073170792 0.007286598 0.010672645
v 0.072298450 0.010800382 0.010672645
v 0.071426119 0.014314166 0.010672645
v 0.070553783 0.017827951 0.010672645
v 0.079961830 -0.020010497 0.010677255
v 0.079089488 -0.016496712 0.010677255
v 0.078217157 -0.012982928 0.010677255
v 0.077344821 -0.009469143 0.010677255
v 0.076472485 -0.005955359 0.010677255
v 0.075600143 -0.002441575 0.010677255
v 0.074727807 0.001072209 0.010677255
v 0.073855471 0.004585993 0.010677255
v 0.072983140 0.008099778 0.010677255
v 0.072110804 0.011613562 0.010677255
v 0.071238462 0.015127348 0.010677255
v 0.070366126 0.018641131 0.010677255
v 0.082751000 -0.021924356 0.010688250
v 0.080538098 -0.020731705 0.010781907
v 0.080450863 -0.020380327 0.010781907
v 0.080363633 -0.020028950 0.010781907
v 0.079665762 -0.017217920 0.010781907
v 0.079578532 -0.016866543 0.010781907
v 0.079491297 -0.016515164 0.010781907
v 0.078793432 -0.013704137 0.010781907
v 0.078706196 -0.013352758 0.010781907
v 0.078618961 -0.013001381 0.010781907
v 0.077921090 -0.010190352 0.010781907
v 0.077833855 -0.009838974 0.010781907
v 0.077746619 -0.009487595 0.010781907
v 0.077048754 -0.006676568 0.010781907
v 0.076961518 -0.006325189 0.010781907
v 0.076874289 -0.005973811 0.010781907
v 0.076176417 -0.003162783 0.010781907
v 0.076089182 -0.002811405 0.010781907
v 0.076001952 -0.002460027 0.010781907
v 0.075304081 0.000351001 0.010781907
v 0.075216851 0.000702379 0.010781907
v 0.075129616 0.001053758 0.010781907
v 0.074431740 0.003864785 0.010781907
v 0.074344510 0.004216164 0.010781907
v 0.074257274 0.004567542 0.010781907
v 0.073559409 0.007378570 0.010781907
v 0.073472174 0.007729948 0.010781907
v 0.073384938 0.008081326 0.010781907
v 0.072687073 0.010892353 0.010781907
v 0.072599837 0.011243733 0.010781907
v 0.072512602 0.011595112 0.010781907
v 0.071814736 0.014406139 0.010781907
v 0.071727501 0.014757517 0.010781907
v 0.071640271 0.015108896 0.010781907
v 0.070942400 0.017919923 0.010781907
v 0.070855165 0.018271302 0.010781907
v 0.070767930 0.018622681 0.010781907
v 0.080970480 -0.022366392 0.010787297
v 0.070595426 0.019822105 0.010805637
v 0.082287671 -0.022039383 0.010806345
v 0.077053654 -0.000956677 0.010806345
v 0.081067349 -0.022342342 0.010806345
v 0.075833327 -0.001259636 0.010806345
v 0.070599309 0.019823070 0.010806345
v 0.071814781 0.020124824 0.010807223
v 0.082165914 -0.022069611 0.010826203
v 0.105929182 0.008335148 0.010834725
v 0.081566575 -0.022218403 0.010859542
v 0.071205040 0.019973448 0.010861344
v 0.081677510 -0.022190864 0.010861347
v 0.076443493 -0.001108157 0.010861347
v 0.106070087 0.007767572 0.013159834
v 0.106058950 0.007784315 0.013159834
v 0.105138557 0.009068785 0.013159834
v 0.104872161 0.009408415 0.013159834
v 0.104132835 0.010287612 0.013159834
v 0.103416866 0.011061282 0.013159834
v 0.103046468 0.011435138 0.013159834
v 0.101884495 0.012506037 0.013159834
v 0.101811386 0.012568689 0.013159834
v 0.100652318 0.013495340 0.013159834
v 0.100070183 0.013917053 0.013159834
v 0.099355628 0.014398457 0.013159834
v 0.098208968 0.015094215 0.013159834
v 0.098000479 0.015211195 0.013159834
v 0.096593124 0.015929784 0.013159834
v 0.096244503 0.016089567 0.013159834
v 0.095140116 0.016550887 0.013159834
v 0.094194499 0.016894135 0.013159834
v 0.093648194 0.017071624 0.013159834
v 0.092124276 0.017489577 0.013159834
v 0.092077440 0.017500672 0.013159834
v 0.090575448 0.017802807 0.013159834
v 0.089912391 0.017903708 0.013159834
v 0.089008881 0.018009859 0.013159834
v 0.087718886 0.018099609 0.013159834
v 0.087431851 0.018109772 0.013159834
v 0.085851683 0.018102085 0.013159834
v 0.085516685 0.018086611 0.013159834
v 0.084275697 0.017986833 0.013159834
v 0.083325644 0.017864830 0.013159834
v 0.082711219 0.017764549 0.013159834
v 0.081165506 0.017436265 0.013159834
v 0.106074517 0.007749710 0.013217346
v 0.106075656 0.007745156 0.013229277
v 0.106086461 0.007701646 0.013318501
v 0.106025439 0.007761990 0.013394852
v 0.105106637 0.009044230 0.013394852
v 0.104102672 0.010260941 0.013394852
v 0.103018184 0.011406474 0.013394852
v 0.101858232 0.012475515 0.013394852
v 0.100628188 0.013463102 0.013394852
v 0.099333762 0.014364651 0.013394852
v 0.097980955 0.015175979 0.013394852
v 0.096576043 0.015893319 0.013394852
v 0.095125565 0.016513345 0.013394852
v 0.093636229 0.017033177 0.013394852
v 0.092114956 0.017450403 0.013394852
v 0.090568813 0.017763089 0.013394852
v 0.089004970 0.017969782 0.013394852
v 0.087430674 0.018069523 0.013394852
v 0.085853246 0.018061850 0.013394852
v 0.084280006 0.017946798 0.013394852
v 0.082718240 0.017724899 0.013394852
v 0.081175207 0.017397187 0.013394852
v 0.106099200 0.007650328 0.013395381
v 0.106102051 0.007638851 0.013410267
v 0.106113210 0.007593859 0.013463170
v 0.106144986 0.007465889 0.013583200
v 0.105960296 0.007718585 0.013620078
v 0.105044599 0.008996492 0.013620078
v 0.104044014 0.010209089 0.013620078
v 0.102963205 0.011350750 0.013620078
v 0.101807176 0.012416176 0.013620078
v 0.100581286 0.013400424 0.013620078
v 0.099291236 0.014298925 0.013620078
v 0.097943003 0.015107508 0.013620078
v 0.096542841 0.015822425 0.013620078
v 0.095097258 0.016440354 0.013620078
v 0.093612960 0.016958428 0.013620078
v 0.092096836 0.017374244 0.013620078
v 0.090555919 0.017685874 0.013620078
v 0.088997363 0.017891869 0.013620078
v 0.087428393 0.017991272 0.013620078
v 0.085856296 0.017983625 0.013620078
v 0.084288365 0.017868961 0.013620078
v 0.082731885 0.017647812 0.013620078
v 0.081194073 0.017321208 0.013620078
v 0.106157295 0.007416336 0.013621895
v 0.106187734 0.007293730 0.013705588
v 0.106214074 0.007187608 0.013767742
v 0.105865266 0.007655280 0.013829404
v 0.104954099 0.008926862 0.013829404
v 0.103958475 0.010133461 0.013829404
v 0.102883013 0.011269473 0.013829404
v 0.101732697 0.012329627 0.013829404
v 0.100512872 0.013309005 0.013829404
v 0.099229208 0.014203060 0.013829404
v 0.097887638 0.015007644 0.013829404
v 0.096494415 0.015719022 0.013829404
v 0.095055991 0.016333894 0.013829404
v 0.093579029 0.016849407 0.013829404
v 0.092070402 0.017263167 0.013829404
v 0.090537109 0.017573253 0.013829404
v 0.088986264 0.017778227 0.013829404
v 0.087425056 0.017877140 0.013829404
v 0.085860738 0.017869530 0.013829404
v 0.084300568 0.017755434 0.013829404
v 0.082751790 0.017535380 0.013829404
v 0.081221584 0.017210392 0.013829404
v 0.106245254 0.007062032 0.013832247
v 0.106286985 0.006893945 0.013906942
v 0.106322407 0.006751257 0.013962193
v 0.105742945 0.007573788 0.014017157
v 0.104837601 0.008837231 0.014017157
v 0.103848352 0.010036106 0.014017157
v 0.102779774 0.011164848 0.014017157
v 0.101636827 0.012218216 0.014017157
v 0.100424814 0.013191325 0.014017157
v 0.099149359 0.014079658 0.014017157
v 0.097816385 0.014879092 0.014017157
v 0.096432078 0.015585917 0.014017157
v 0.095002847 0.016196853 0.014017157
v 0.093535354 0.016709065 0.014017157
v 0.092036383 0.017120176 0.014017157
v 0.090512901 0.017428278 0.014017157
v 0.088971978 0.017631941 0.014017157
v 0.087420764 0.017730221 0.014017157
v 0.085866461 0.017722661 0.014017157
v 0.084316279 0.017609294 0.014017157
v 0.082777412 0.017390648 0.014017157
v 0.081257001 0.017067740 0.014017157
v 0.106364259 0.006582667 0.014019798
v 0.106423912 0.006342410 0.014090347
v 0.106407548 0.006164354 0.014178248
v 0.105596638 0.007476318 0.014178248
v 0.104698276 0.008730027 0.014178248
v 0.103716651 0.009919664 0.014178248
v 0.102656304 0.011039709 0.014178248
v 0.101522163 0.012084961 0.014178248
v 0.100319486 0.013050572 0.014178248
v 0.099053865 0.013932061 0.014178248
v 0.097731155 0.014725337 0.014178248
v 0.096357510 0.015426714 0.014178248
v 0.094939294 0.016032945 0.014178248
v 0.093483093 0.016541208 0.014178248
v 0.091995685 0.016949151 0.014178248
v 0.090483937 0.017254882 0.014178248
v 0.088954891 0.017456974 0.014178248
v 0.087415631 0.017554496 0.014178248
v 0.085873305 0.017546994 0.014178248
v 0.084335068 0.017434501 0.014178248
v 0.082808055 0.017217540 0.014178248
v 0.081299356 0.016897120 0.014178248
v 0.106533869 0.005899471 0.014193449
v 0.106632600 0.005501780 0.014263855
v 0.106234072 0.006065131 0.014308306
v 0.105430321 0.007365514 0.014308306
v 0.104539893 0.008608158 0.014308306
v 0.103566919 0.009787294 0.014308306
v 0.102515930 0.010897452 0.014308306
v 0.101391799 0.011933479 0.014308306
v 0.100199751 0.012890566 0.014308306
v 0.098945300 0.013764274 0.014308306
v 0.097634257 0.014550544 0.014308306
v 0.096272744 0.015245733 0.014308306
v 0.094867047 0.015846610 0.014308306
v 0.093423706 0.016350389 0.014308306
v 0.091949418 0.016754734 0.014308306
v 0.090451017 0.017057762 0.014308306
v 0.088935473 0.017258071 0.014308306
v 0.087409798 0.017354732 0.014308306
v 0.085881084 0.017347296 0.014308306
v 0.084356425 0.017235795 0.014308306
v 0.082842886 0.017020751 0.014308306
v 0.081347512 0.016703158 0.014308306
v 0.106714703 0.005171067 0.014310310
v 0.106796442 0.004841821 0.014347817
v 0.106677546 0.004812303 0.014396840
v 0.106044421 0.005956658 0.014403809
v 0.105248492 0.007244381 0.014403809
v 0.104366726 0.008474925 0.014403809
v 0.103403243 0.009642581 0.014403809
v 0.102362485 0.010741930 0.014403809
v 0.101249303 0.011767870 0.014403809
v 0.100068846 0.012715640 0.014403809
v 0.098826603 0.013580840 0.014403809
v 0.097528333 0.014359458 0.014403809
v 0.096180067 0.015047878 0.014403809
v 0.094788070 0.015642905 0.014403809
v 0.093358784 0.016141780 0.014403809
v 0.091898848 0.016542185 0.014403809
v 0.090415037 0.016842264 0.014403809
v 0.088914237 0.017040625 0.014403809
v 0.087403411 0.017136344 0.014403809
v 0.085889586 0.017128979 0.014403809
v 0.084379765 0.017018565 0.014403809
v 0.082880977 0.016805614 0.014403809
v 0.081400154 0.016491114 0.014403809
v 0.106648444 0.004805079 0.014406984
v 0.105843743 0.005841874 0.014462166
v 0.105056089 0.007116199 0.014462166
v 0.104183505 0.008333942 0.014462166
v 0.103230032 0.009489451 0.014462166
v 0.102200102 0.010577363 0.014462166
v 0.101098499 0.011592630 0.014462166
v 0.099930328 0.012530537 0.014462166
v 0.098701012 0.013386737 0.014462166
v 0.097416255 0.014157255 0.014462166
v 0.096082010 0.014838512 0.014462166
v 0.094704487 0.015427351 0.014462166
v 0.093290072 0.015921035 0.014462166
v 0.091845328 0.016317274 0.014462166
v 0.090376952 0.016614230 0.014462166
v 0.088891764 0.016810527 0.014462166
v 0.087396666 0.016905252 0.014462166
v 0.085898585 0.016897964 0.014462166
v 0.084404476 0.016788699 0.014462166
v 0.082921272 0.016577962 0.014462166
v 0.081455856 0.016266733 0.014462166
v 0.106424873 0.004749577 0.014462670
v 0.106191524 0.004691643 0.014481796
v 0.105637463 0.005723892 0.014481796
v 0.104858317 0.006984447 0.014481796
v 0.103995157 0.008189031 0.014481796
v 0.103052004 0.009332053 0.014481796
v 0.102033200 0.010408209 0.014481796
v 0.100943497 0.011412505 0.014481796
v 0.099787954 0.012340278 0.014481796
v 0.098571919 0.013187226 0.014481796
v 0.097301038 0.013949416 0.014481796
v 0.095981223 0.014623314 0.014481796
v 0.094618583 0.015205788 0.014481796
v 0.093219448 0.015694137 0.014481796
v 0.091790311 0.016086096 0.014481796
v 0.090337806 0.016379844 0.014481796
v 0.088868672 0.016574019 0.014481796
v 0.087389728 0.016667719 0.014481796
v 0.085907833 0.016660510 0.014481796
v 0.089222818 0.000478971 0.014481796
v 0.088995352 0.000422501 0.014481796
v 0.084429871 0.016552424 0.014481796
v 0.082962693 0.016343966 0.014481796
v 0.083790348 0.006863371 0.014481796
v 0.081513116 0.016036100 0.014481796
s 1
usemtl face_000
f 8126 8106 8104
f 8127 8126 8104
f 8108 8127 8104
f 8109 8108 8104
f 8106 8105 8104
f 8105 8109 8104
f 8161 8109 8105
f 8107 8161 8105
f 8106 8107 8105
f 8126 8110 8106
f 8110 8107 8106
f 8111 8161 8107
f 8110 8111 8107
f 8112 8127 8108
f 8109 8113 8108
f 8113 8112 8108
f 8161 8113 8109
f 8126 8114 8110
f 8114 8111 8110
f 8115 8161 8111
f 8114 8115 8111
f 8116 8127 8112
f 8113 8117 8112
f 8117 8116 8112
f 8161 8117 8113
f 8126 8118 8114
f 8118 8115 8114
f 8119 8161 8115
f 8118 8119 8115
f 8141 8127 8116
f 8120 8141 8116
f 8117 8121 8116
f 8121 8120 8116
f 8161 8121 8117
f 8140 8122 8118
f 8126 8140 8118
f 8122 8119 8118
f 8123 8161 8119
f 8122 8123 8119
f 8124 8141 8120
f 8121 8125 8120
f 8125 8124 8120
f 8161 8125 8121
f 8140 8128 8122
f 8128 8123 8122
f 8129 8161 8123
f 8128 8129 8123
f 8130 8142 8124
f 8142 8141 8124
f 8125 8131 8124
f 8131 8130 8124
f 8161 8131 8125
f 8127 8134 8126
f 8164 8140 8126
f 8134 8164 8126
f 8141 8164 8127
f 8164 8134 8127
f 8140 8139 8128
f 8139 8135 8128
f 8135 8129 8128
f 8136 8161 8129
f 8135 8136 8129
f 8137 8142 8130
f 8131 8138 8130
f 8138 8137 8130
f 8161 8138 8131
f 8139 8143 8135
f 8143 8136 8135
f 8144 8161 8136
f 8143 8144 8136
f 8145 8142 8137
f 8138 8146 8137
f 8146 8145 8137
f 8161 8146 8138
f 8172 8143 8139
f 8140 8164 8139
f 8164 8160 8139
f 8160 8172 8139
f 8142 8164 8141
f 8145 8175 8142
f 8175 8163 8142
f 8163 8164 8142
f 8172 8156 8143
f 8156 8144 8143
f 8162 8161 8144
f 8156 8162 8144
f 8154 8175 8145
f 8146 8159 8145
f 8159 8154 8145
f 8161 8159 8146
f 8173 8172 8164
f 8172 8160 8164
f 8174 8188 8164
f 8188 8180 8164
f 8187 8173 8164
f 8180 8187 8164
f 8175 8174 8164
f 8163 8175 8164
f 8159 8171 8154
f 8171 8170 8154
f 8170 8175 8154
f 8168 8162 8156
f 8172 8168 8156
f 8161 8171 8159
f 8179 8171 8161
f 8196 8192 8161
f 8192 8186 8161
f 8186 8179 8161
f 8208 8204 8161
f 8204 8200 8161
f 8200 8196 8161
f 8202 8206 8161
f 8206 8210 8161
f 8210 8208 8161
f 8190 8194 8161
f 8194 8198 8161
f 8198 8202 8161
f 8169 8177 8161
f 8177 8184 8161
f 8184 8190 8161
f 8162 8169 8161
f 8168 8169 8162
f 8172 8176 8168
f 8176 8169 8168
f 8176 8177 8169
f 8178 8175 8170
f 8171 8179 8170
f 8179 8178 8170
f 8173 8189 8172
f 8189 8183 8172
f 8183 8176 8172
f 8187 8197 8173
f 8197 8193 8173
f 8193 8189 8173
f 8195 8188 8174
f 8175 8185 8174
f 8185 8191 8174
f 8191 8195 8174
f 8178 8185 8175
f 8183 8177 8176
f 8183 8184 8177
f 8179 8186 8178
f 8186 8185 8178
f 8188 8187 8180
f 8189 8184 8183
f 8189 8190 8184
f 8186 8192 8185
f 8192 8191 8185
f 8201 8197 8187
f 8188 8209 8187
f 8209 8205 8187
f 8205 8201 8187
f 8195 8199 8188
f 8199 8203 8188
f 8203 8207 8188
f 8207 8209 8188
f 8193 8190 8189
f 8193 8194 8190
f 8192 8196 8191
f 8196 8195 8191
f 8197 8194 8193
f 8197 8198 8194
f 8196 8200 8195
f 8200 8199 8195
f 8201 8198 8197
f 8201 8202 8198
f 8200 8204 8199
f 8204 8203 8199
f 8205 8202 8201
f 8205 8206 8202
f 8204 8208 8203
f 8208 8207 8203
f 8209 8206 8205
f 8209 8210 8206
f 8208 8210 8207
f 8210 8209 8207
usemtl face_001
f 90 15 1
f 91 90 1
f 2 91 1
f 16 2 1
f 15 16 1
f 16 91 2
f 92 19 3
f 93 92 3
f 4 93 3
f 20 4 3
f 19 20 3
f 20 93 4
f 238 23 5
f 94 238 5
f 95 94 5
f 6 95 5
f 24 6 5
f 23 24 5
f 24 95 6
f 25 96 7
f 8 25 7
f 96 8 7
f 241 26 8
f 97 241 8
f 26 25 8
f 96 97 8
f 21 98 9
f 10 21 9
f 98 10 9
f 99 22 10
f 22 21 10
f 98 99 10
f 17 100 11
f 12 17 11
f 100 12 11
f 101 18 12
f 18 17 12
f 100 101 12
f 29 27 13
f 14 30 13
f 30 29 13
f 27 14 13
f 89 30 14
f 28 89 14
f 27 28 14
f 90 231 15
f 231 247 15
f 247 39 15
f 31 16 15
f 39 31 15
f 31 230 16
f 230 91 16
f 41 232 17
f 232 100 17
f 18 41 17
f 101 233 18
f 233 249 18
f 249 42 18
f 42 41 18
f 92 234 19
f 234 252 19
f 252 43 19
f 34 20 19
f 43 34 19
f 34 235 20
f 235 93 20
f 37 236 21
f 236 98 21
f 22 37 21
f 99 237 22
f 237 38 22
f 38 37 22
f 238 32 23
f 33 24 23
f 32 33 23
f 33 239 24
f 239 95 24
f 35 240 25
f 240 96 25
f 26 35 25
f 241 36 26
f 36 35 26
f 242 263 27
f 263 51 27
f 88 242 27
f 29 88 27
f 51 52 27
f 52 28 27
f 243 89 28
f 52 243 28
f 89 88 29
f 30 89 29
f 40 246 31
f 246 230 31
f 39 40 31
f 238 257 32
f 257 47 32
f 48 33 32
f 47 48 32
f 48 256 33
f 256 239 33
f 44 253 34
f 253 235 34
f 43 44 34
f 49 258 35
f 258 240 35
f 36 49 35
f 241 259 36
f 259 50 36
f 50 49 36
f 45 255 37
f 255 236 37
f 38 45 37
f 237 254 38
f 254 46 38
f 46 45 38
f 247 267 39
f 267 53 39
f 53 40 39
f 54 246 40
f 53 54 40
f 67 248 41
f 248 232 41
f 42 68 41
f 68 67 41
f 249 115 42
f 115 68 42
f 252 106 43
f 106 59 43
f 59 60 43
f 60 44 43
f 60 253 44
f 65 255 45
f 46 65 45
f 254 113 46
f 113 66 46
f 66 65 46
f 108 61 47
f 257 108 47
f 62 48 47
f 61 62 47
f 62 256 48
f 63 258 49
f 50 63 49
f 111 64 50
f 259 111 50
f 64 63 50
f 102 55 51
f 263 102 51
f 55 56 51
f 56 52 51
f 56 103 52
f 262 243 52
f 103 262 52
f 104 57 53
f 267 104 53
f 57 54 53
f 58 105 54
f 105 266 54
f 266 246 54
f 57 58 54
f 102 56 55
f 102 103 56
f 104 58 57
f 104 105 58
f 106 60 59
f 107 253 60
f 106 107 60
f 108 62 61
f 109 256 62
f 108 109 62
f 110 258 63
f 111 110 63
f 64 111 63
f 112 255 65
f 113 112 65
f 66 113 65
f 114 248 67
f 115 114 67
f 68 115 67
f 74 216 69
f 216 223 69
f 223 82 69
f 75 74 69
f 83 75 69
f 82 83 69
f 78 221 70
f 221 219 70
f 219 76 70
f 71 78 70
f 77 71 70
f 76 77 70
f 77 218 71
f 218 220 71
f 220 79 71
f 79 78 71
f 84 215 72
f 215 90 72
f 73 84 72
f 90 73 72
f 224 85 73
f 91 230 73
f 230 214 73
f 214 224 73
f 85 84 73
f 90 91 73
f 100 232 74
f 232 216 74
f 75 100 74
f 83 217 75
f 217 101 75
f 101 100 75
f 219 92 76
f 93 77 76
f 92 93 76
f 93 235 77
f 235 218 77
f 98 236 78
f 236 221 78
f 79 98 78
f 220 99 79
f 99 98 79
f 228 86 80
f 146 228 80
f 81 145 80
f 145 144 80
f 144 146 80
f 86 81 80
f 87 145 81
f 86 87 81
f 223 94 82
f 95 83 82
f 94 95 82
f 95 239 83
f 239 222 83
f 222 217 83
f 96 240 84
f 240 225 84
f 225 215 84
f 85 96 84
f 224 97 85
f 97 96 85
f 228 88 86
f 88 87 86
f 229 145 87
f 243 229 87
f 89 243 87
f 88 89 87
f 228 242 88
f 215 231 90
f 219 234 92
f 223 238 94
f 224 241 97
f 220 237 99
f 217 233 101
f 263 142 102
f 142 143 102
f 143 103 102
f 292 262 103
f 143 292 103
f 267 149 104
f 150 105 104
f 149 150 104
f 150 295 105
f 295 266 105
f 252 118 106
f 118 107 106
f 285 253 107
f 119 285 107
f 118 119 107
f 257 122 108
f 123 109 108
f 122 123 108
f 289 256 109
f 123 289 109
f 290 258 110
f 124 290 110
f 111 124 110
f 259 125 111
f 125 124 111
f 120 286 112
f 286 255 112
f 121 120 112
f 113 121 112
f 254 121 113
f 116 269 114
f 269 248 114
f 117 116 114
f 115 117 114
f 249 117 115
f 153 269 116
f 154 153 116
f 117 154 116
f 297 154 117
f 268 297 117
f 249 268 117
f 252 284 118
f 284 299 118
f 299 161 118
f 161 119 118
f 162 285 119
f 161 162 119
f 160 286 120
f 164 160 120
f 121 164 120
f 254 287 121
f 287 300 121
f 300 164 121
f 257 288 122
f 288 303 122
f 303 167 122
f 168 123 122
f 167 168 122
f 168 289 123
f 157 290 124
f 125 157 124
f 259 291 125
f 291 158 125
f 158 157 125
f 194 340 126
f 340 165 126
f 195 194 126
f 127 195 126
f 165 166 126
f 166 127 126
f 166 195 127
f 347 171 128
f 196 347 128
f 197 196 128
f 129 197 128
f 171 172 128
f 172 129 128
f 172 197 129
f 198 353 130
f 353 177 130
f 199 198 130
f 131 199 130
f 177 131 130
f 178 199 131
f 177 178 131
f 200 147 132
f 201 200 132
f 133 201 132
f 147 148 132
f 148 133 132
f 148 201 133
f 151 202 134
f 135 151 134
f 202 135 134
f 203 152 135
f 152 151 135
f 202 203 135
f 140 204 136
f 137 141 136
f 141 140 136
f 204 137 136
f 205 141 137
f 204 205 137
f 173 206 138
f 139 173 138
f 206 139 138
f 349 174 139
f 207 349 139
f 174 173 139
f 206 207 139
f 181 332 140
f 332 204 140
f 141 182 140
f 182 181 140
f 205 333 141
f 333 356 141
f 356 182 141
f 263 293 142
f 293 155 142
f 155 156 142
f 156 143 142
f 156 292 143
f 212 146 144
f 404 212 144
f 213 404 144
f 145 213 144
f 229 213 145
f 212 228 146
f 359 208 147
f 200 335 147
f 335 359 147
f 208 183 147
f 183 148 147
f 183 334 148
f 334 201 148
f 267 294 149
f 294 159 149
f 159 150 149
f 180 295 150
f 159 180 150
f 210 339 151
f 339 202 151
f 152 210 151
f 203 338 152
f 338 362 152
f 362 211 152
f 211 210 152
f 190 296 153
f 296 269 153
f 154 190 153
f 327 191 154
f 297 327 154
f 191 190 154
f 293 307 155
f 307 175 155
f 175 176 155
f 176 156 155
f 176 306 156
f 306 292 156
f 169 305 157
f 305 290 157
f 158 169 157
f 291 304 158
f 304 170 158
f 170 169 158
f 294 323 159
f 323 179 159
f 179 180 159
f 163 301 160
f 301 286 160
f 164 163 160
f 299 331 161
f 331 198 161
f 198 199 161
f 199 162 161
f 298 285 162
f 199 298 162
f 204 332 163
f 332 301 163
f 205 204 163
f 164 205 163
f 300 205 164
f 340 184 165
f 184 185 165
f 185 166 165
f 185 341 166
f 341 195 166
f 303 200 167
f 200 168 167
f 201 334 168
f 334 302 168
f 302 289 168
f 200 201 168
f 202 339 169
f 339 305 169
f 170 202 169
f 304 203 170
f 203 202 170
f 347 187 171
f 187 188 171
f 188 172 171
f 188 346 172
f 346 197 172
f 250 348 173
f 348 206 173
f 174 189 173
f 189 250 173
f 349 189 174
f 307 194 175
f 194 195 175
f 195 176 175
f 195 341 176
f 341 306 176
f 353 396 177
f 396 260 177
f 260 178 177
f 261 352 178
f 352 199 178
f 260 261 178
f 323 196 179
f 196 197 179
f 197 180 179
f 197 346 180
f 346 322 180
f 322 295 180
f 264 357 181
f 357 332 181
f 182 186 181
f 186 265 181
f 265 264 181
f 356 186 182
f 209 358 183
f 358 334 183
f 208 209 183
f 340 373 184
f 373 226 184
f 226 227 184
f 227 185 184
f 227 374 185
f 374 341 185
f 356 399 186
f 399 265 186
f 347 378 187
f 378 244 187
f 244 245 187
f 245 188 187
f 245 377 188
f 377 346 188
f 349 380 189
f 380 251 189
f 251 250 189
f 206 348 190
f 348 326 190
f 326 296 190
f 191 206 190
f 327 207 191
f 207 206 191
f 352 330 199
f 330 298 199
f 307 340 194
f 323 347 196
f 331 353 198
f 303 335 200
f 304 338 203
f 300 333 205
f 327 349 207
f 314 276 208
f 359 314 208
f 276 277 208
f 277 209 208
f 277 358 209
f 278 363 210
f 363 339 210
f 211 279 210
f 279 278 210
f 362 317 211
f 317 279 211
f 403 413 212
f 413 228 212
f 404 403 212
f 229 430 213
f 430 414 213
f 414 404 213
f 418 406 214
f 406 224 214
f 432 418 214
f 230 432 214
f 225 425 215
f 425 405 215
f 405 417 215
f 417 231 215
f 232 435 216
f 435 407 216
f 407 223 216
f 222 416 217
f 416 408 217
f 408 233 217
f 410 220 218
f 235 446 218
f 446 420 218
f 420 410 218
f 221 421 219
f 421 409 219
f 409 419 219
f 419 234 219
f 410 422 220
f 422 237 220
f 236 437 221
f 437 421 221
f 239 450 222
f 450 424 222
f 424 416 222
f 423 238 223
f 415 423 223
f 407 415 223
f 440 241 224
f 426 440 224
f 406 426 224
f 439 425 225
f 240 439 225
f 308 270 226
f 373 308 226
f 270 271 226
f 271 227 226
f 271 374 227
f 413 429 228
f 429 242 228
f 243 458 229
f 458 430 229
f 464 432 230
f 246 464 230
f 417 431 231
f 431 247 231
f 248 471 232
f 471 441 232
f 441 435 232
f 442 249 233
f 408 436 233
f 436 442 233
f 419 445 234
f 445 252 234
f 253 466 235
f 466 446 235
f 255 477 236
f 477 447 236
f 447 437 236
f 448 254 237
f 422 438 237
f 438 448 237
f 423 449 238
f 449 467 238
f 467 257 238
f 256 482 239
f 482 468 239
f 468 450 239
f 258 485 240
f 451 439 240
f 485 451 240
f 452 259 241
f 440 452 241
f 429 457 242
f 457 459 242
f 459 263 242
f 262 498 243
f 498 460 243
f 460 458 243
f 378 310 244
f 310 272 244
f 272 273 244
f 273 245 244
f 273 311 245
f 311 377 245
f 470 464 246
f 502 470 246
f 266 502 246
f 431 463 247
f 463 469 247
f 469 267 247
f 269 493 248
f 493 471 248
f 472 268 249
f 442 472 249
f 282 320 250
f 320 379 250
f 379 348 250
f 251 282 250
f 321 283 251
f 380 321 251
f 283 282 251
f 445 465 252
f 465 475 252
f 475 284 252
f 285 510 253
f 510 476 253
f 476 466 253
f 448 478 254
f 478 492 254
f 492 287 254
f 286 491 255
f 491 477 255
f 289 532 256
f 532 482 256
f 467 481 257
f 481 288 257
f 290 543 258
f 543 489 258
f 489 485 258
f 490 291 259
f 486 490 259
f 452 486 259
f 396 312 260
f 312 274 260
f 274 261 260
f 275 313 261
f 313 395 261
f 395 352 261
f 274 275 261
f 292 538 262
f 538 498 262
f 459 497 263
f 497 293 263
f 280 318 264
f 318 400 264
f 400 357 264
f 265 281 264
f 281 280 264
f 399 319 265
f 319 281 265
f 534 502 266
f 295 534 266
f 469 501 267
f 501 533 267
f 533 294 267
f 472 494 268
f 494 506 268
f 506 297 268
f 296 555 269
f 555 505 269
f 505 493 269
f 308 271 270
f 309 374 271
f 308 309 271
f 310 273 272
f 310 311 273
f 312 275 274
f 312 313 275
f 314 277 276
f 315 358 277
f 314 315 277
f 316 363 278
f 317 316 278
f 279 317 278
f 319 318 280
f 281 319 280
f 321 320 282
f 283 321 282
f 475 509 284
f 509 535 284
f 535 299 284
f 298 560 285
f 560 536 285
f 536 510 285
f 301 563 286
f 563 511 286
f 511 491 286
f 492 512 287
f 512 300 287
f 481 531 288
f 531 539 288
f 539 303 288
f 302 576 289
f 576 540 289
f 540 532 289
f 305 567 290
f 567 543 290
f 544 304 291
f 490 544 291
f 306 582 292
f 582 550 292
f 550 538 292
f 497 537 293
f 537 549 293
f 549 307 293
f 533 553 294
f 553 323 294
f 554 534 295
f 322 595 295
f 595 554 295
f 326 598 296
f 598 565 296
f 565 555 296
f 566 327 297
f 506 556 297
f 556 566 297
f 330 607 298
f 607 560 298
f 535 559 299
f 559 331 299
f 570 333 300
f 512 564 300
f 564 570 300
f 332 612 301
f 612 569 301
f 569 563 301
f 334 603 302
f 603 576 302
f 539 575 303
f 575 335 303
f 568 580 304
f 580 338 304
f 544 568 304
f 339 620 305
f 620 579 305
f 579 567 305
f 341 625 306
f 625 601 306
f 601 582 306
f 549 581 307
f 581 600 307
f 600 340 307
f 373 336 308
f 337 309 308
f 336 337 308
f 483 374 309
f 337 483 309
f 378 342 310
f 343 311 310
f 342 343 310
f 507 377 311
f 343 507 311
f 396 350 312
f 350 313 312
f 351 548 313
f 548 395 313
f 350 351 313
f 359 324 314
f 325 315 314
f 324 325 314
f 443 358 315
f 325 443 315
f 328 453 316
f 453 363 316
f 317 328 316
f 362 329 317
f 329 328 317
f 354 552 318
f 552 400 318
f 355 354 318
f 319 355 318
f 399 355 319
f 344 529 320
f 529 379 320
f 321 344 320
f 380 345 321
f 345 344 321
f 346 633 322
f 633 605 322
f 605 595 322
f 553 594 323
f 594 604 323
f 604 347 323
f 562 360 324
f 359 444 324
f 444 562 324
f 360 325 324
f 361 443 325
f 360 361 325
f 638 598 326
f 348 638 326
f 566 599 327
f 599 349 327
f 364 453 328
f 329 364 328
f 577 372 329
f 454 577 329
f 362 454 329
f 372 364 329
f 352 649 330
f 649 611 330
f 611 607 330
f 559 606 331
f 606 610 331
f 610 353 331
f 357 636 332
f 636 612 332
f 570 613 333
f 613 356 333
f 358 657 334
f 657 617 334
f 617 603 334
f 575 602 335
f 602 616 335
f 616 359 335
f 593 375 336
f 373 484 336
f 484 593 336
f 376 337 336
f 375 376 336
f 376 483 337
f 580 621 338
f 621 362 338
f 363 634 339
f 634 620 339
f 600 624 340
f 624 373 340
f 374 665 341
f 665 625 341
f 378 508 342
f 508 367 342
f 368 343 342
f 367 368 342
f 368 507 343
f 369 529 344
f 345 369 344
f 380 530 345
f 530 370 345
f 370 369 345
f 377 671 346
f 671 633 346
f 604 632 347
f 632 378 347
f 379 680 348
f 642 638 348
f 680 642 348
f 643 380 349
f 599 639 349
f 639 643 349
f 396 547 350
f 547 366 350
f 366 351 350
f 456 548 351
f 366 456 351
f 395 675 352
f 675 649 352
f 610 648 353
f 648 396 353
f 473 552 354
f 355 473 354
f 399 551 355
f 551 631 355
f 631 474 355
f 474 473 355
f 651 399 356
f 613 637 356
f 637 651 356
f 400 688 357
f 688 650 357
f 650 636 357
f 443 707 358
f 707 677 358
f 677 657 358
f 676 444 359
f 656 676 359
f 616 656 359
f 562 365 360
f 365 361 360
f 561 443 361
f 500 561 361
f 365 499 361
f 499 500 361
f 659 454 362
f 621 635 362
f 635 659 362
f 453 710 363
f 710 658 363
f 658 634 363
f 578 453 364
f 371 578 364
f 372 371 364
f 562 647 365
f 647 499 365
f 547 627 366
f 627 455 366
f 455 456 366
f 615 397 367
f 508 615 367
f 398 368 367
f 397 398 367
f 398 614 368
f 614 507 368
f 401 619 369
f 619 529 369
f 370 401 369
f 530 618 370
f 618 402 370
f 402 401 370
f 503 578 371
f 372 504 371
f 504 503 371
f 577 653 372
f 653 504 372
f 672 484 373
f 664 672 373
f 624 664 373
f 483 723 374
f 723 673 374
f 673 665 374
f 593 513 375
f 513 376 375
f 514 662 376
f 662 592 376
f 592 483 376
f 513 514 376
f 507 729 377
f 729 679 377
f 679 671 377
f 632 670 378
f 670 678 378
f 678 508 378
f 529 720 379
f 720 680 379
f 643 681 380
f 681 530 380
f 513 427 381
f 514 513 381
f 382 514 381
f 427 382 381
f 428 514 382
f 427 428 382
f 515 479 383
f 516 515 383
f 384 516 383
f 480 384 383
f 479 480 383
f 480 516 384
f 709 527 385
f 517 709 385
f 518 517 385
f 386 518 385
f 527 528 385
f 528 386 385
f 528 518 386
f 725 557 387
f 519 725 387
f 520 519 387
f 388 520 387
f 557 388 387
f 558 520 388
f 557 558 388
f 573 521 389
f 390 573 389
f 521 390 389
f 726 574 390
f 522 726 390
f 574 573 390
f 521 522 390
f 545 523 391
f 392 545 391
f 523 392 391
f 712 546 392
f 524 712 392
f 546 545 392
f 523 524 392
f 495 525 393
f 394 495 393
f 525 394 393
f 526 496 394
f 496 495 394
f 525 526 394
f 548 733 395
f 733 685 395
f 685 675 395
f 648 674 396
f 674 684 396
f 684 547 396
f 615 515 397
f 516 398 397
f 515 516 397
f 516 682 398
f 682 614 398
f 651 689 399
f 689 719 399
f 719 551 399
f 552 718 400
f 718 688 400
f 525 687 401
f 687 619 401
f 402 525 401
f 618 526 402
f 526 525 402
f 433 413 403
f 404 433 403
f 414 425 404
f 425 439 404
f 439 433 404
f 414 417 405
f 425 414 405
f 421 426 406
f 409 421 406
f 418 409 406
f 410 415 407
f 422 410 407
f 435 422 407
f 416 412 408
f 412 434 408
f 434 436 408
f 418 419 409
f 420 415 410
f 461 429 411
f 429 413 411
f 413 433 411
f 1096 461 411
f 433 1096 411
f 416 424 412
f 424 450 412
f 450 462 412
f 1095 434 412
f 1101 1095 412
f 462 1101 412
f 430 417 414
f 420 423 415
f 430 431 417
f 432 419 418
f 432 445 419
f 446 423 420
f 437 426 421
f 435 438 422
f 446 449 423
f 437 440 426
f 663 751 427
f 751 596 427
f 513 663 427
f 596 428 427
f 591 662 428
f 662 514 428
f 596 591 428
f 461 457 429
f 458 431 430
f 458 463 431
f 464 445 432
f 439 451 433
f 451 485 433
f 485 487 433
f 1102 1096 433
f 487 1102 433
f 488 472 434
f 472 442 434
f 442 436 434
f 1095 1103 434
f 1103 488 434
f 441 438 435
f 447 440 437
f 441 448 438
f 447 452 440
f 471 448 441
f 561 753 443
f 753 707 443
f 676 706 444
f 706 562 444
f 464 465 445
f 466 449 446
f 477 452 447
f 471 478 448
f 466 467 449
f 468 462 450
f 477 486 452
f 578 754 453
f 754 716 453
f 716 710 453
f 659 711 454
f 711 717 454
f 717 577 454
f 627 517 455
f 517 518 455
f 518 456 455
f 518 708 456
f 708 626 456
f 626 548 456
f 461 459 457
f 460 463 458
f 461 497 459
f 498 469 460
f 469 463 460
f 541 497 461
f 1100 541 461
f 1096 1100 461
f 482 542 462
f 468 482 462
f 1127 1101 462
f 542 1127 462
f 470 465 464
f 470 475 465
f 476 467 466
f 476 481 467
f 498 501 469
f 502 475 470
f 493 478 471
f 488 494 472
f 523 713 473
f 713 630 473
f 630 552 473
f 474 523 473
f 631 524 474
f 524 523 474
f 502 509 475
f 510 481 476
f 491 486 477
f 493 492 478
f 515 683 479
f 683 768 479
f 768 622 479
f 589 480 479
f 622 589 479
f 589 682 480
f 682 516 480
f 510 531 481
f 532 542 482
f 592 761 483
f 761 723 483
f 672 722 484
f 722 593 484
f 489 487 485
f 491 490 486
f 543 571 487
f 489 543 487
f 1128 1102 487
f 571 1128 487
f 572 506 488
f 506 494 488
f 1103 572 488
f 511 544 490
f 491 511 490
f 493 505 492
f 505 512 492
f 587 687 495
f 687 525 495
f 496 587 495
f 526 686 496
f 686 588 496
f 588 587 496
f 541 537 497
f 538 501 498
f 647 519 499
f 519 500 499
f 520 724 500
f 646 561 500
f 724 646 500
f 519 520 500
f 538 533 501
f 534 509 502
f 521 727 503
f 727 652 503
f 652 578 503
f 504 522 503
f 522 521 503
f 653 522 504
f 555 512 505
f 572 556 506
f 614 765 507
f 765 729 507
f 678 728 508
f 728 764 508
f 764 615 508
f 534 535 509
f 536 531 510
f 563 544 511
f 555 564 512
f 593 663 513
f 615 683 515
f 627 709 517
f 528 708 518
f 647 725 519
f 558 724 520
f 573 727 521
f 653 726 522
f 545 713 523
f 631 712 524
f 618 686 526
f 709 583 527
f 583 584 527
f 584 528 527
f 584 708 528
f 619 782 529
f 782 730 529
f 730 720 529
f 731 618 530
f 681 721 530
f 721 731 530
f 536 539 531
f 540 542 532
f 550 553 533
f 538 550 533
f 554 535 534
f 554 559 535
f 560 539 536
f 541 549 537
f 560 575 539
f 576 542 540
f 608 581 541
f 581 549 541
f 1126 608 541
f 1100 1126 541
f 576 609 542
f 609 1127 542
f 567 571 543
f 563 568 544
f 585 713 545
f 546 585 545
f 712 586 546
f 586 585 546
f 684 732 547
f 732 762 547
f 762 627 547
f 626 789 548
f 789 763 548
f 763 733 548
f 582 553 550
f 719 749 551
f 749 631 551
f 630 790 552
f 790 748 552
f 748 718 552
f 582 594 553
f 595 559 554
f 565 564 555
f 572 566 556
f 725 793 557
f 793 660 557
f 660 661 557
f 661 558 557
f 661 724 558
f 595 606 559
f 607 575 560
f 646 807 561
f 807 759 561
f 759 753 561
f 706 752 562
f 752 758 562
f 758 647 562
f 569 568 563
f 565 570 564
f 598 570 565
f 572 599 566
f 579 571 567
f 569 580 568
f 612 580 569
f 598 613 570
f 620 640 571
f 579 620 571
f 1158 1128 571
f 640 1158 571
f 641 599 572
f 1129 641 572
f 1103 1129 572
f 666 727 573
f 590 666 573
f 574 590 573
f 726 590 574
f 607 602 575
f 603 609 576
f 717 755 577
f 755 653 577
f 652 800 578
f 800 754 578
f 612 621 580
f 608 600 581
f 601 594 582
f 709 777 583
f 777 644 583
f 644 645 583
f 645 584 583
f 645 776 584
f 776 708 584
f 654 785 585
f 785 713 585
f 586 654 585
f 712 784 586
f 784 655 586
f 655 654 586
f 628 775 587
f 775 687 587
f 588 628 587
f 686 774 588
f 774 629 588
f 629 628 588
f 623 769 589
f 769 682 589
f 622 623 589
f 726 805 590
f 805 667 590
f 667 666 590
f 597 750 591
f 750 662 591
f 596 597 591
f 662 815 592
f 815 773 592
f 773 761 592
f 722 760 593
f 760 772 593
f 772 663 593
f 601 604 594
f 605 606 595
f 751 813 596
f 813 690 596
f 690 597 596
f 691 750 597
f 690 691 597
f 638 613 598
f 641 639 599
f 608 624 600
f 625 604 601
f 607 616 602
f 617 609 603
f 625 632 604
f 610 606 605
f 633 610 605
f 611 616 607
f 668 624 608
f 1126 1156 608
f 1156 668 608
f 617 669 609
f 1157 1127 609
f 669 1157 609
f 633 648 610
f 656 616 611
f 676 656 611
f 649 676 611
f 636 621 612
f 638 637 613
f 682 819 614
f 819 779 614
f 779 765 614
f 764 778 615
f 778 683 615
f 657 669 617
f 731 783 618
f 783 799 618
f 799 686 618
f 687 822 619
f 822 798 619
f 798 782 619
f 634 640 620
f 636 635 621
f 736 694 622
f 768 736 622
f 694 623 622
f 695 769 623
f 694 695 623
f 668 664 624
f 665 632 625
f 708 833 626
f 833 789 626
f 762 788 627
f 788 709 627
f 704 775 628
f 629 704 628
f 774 747 629
f 747 705 629
f 705 704 629
f 713 845 630
f 845 794 630
f 794 790 630
f 795 712 631
f 749 791 631
f 791 795 631
f 665 670 632
f 671 648 633
f 658 640 634
f 650 659 635
f 636 650 635
f 638 642 637
f 642 651 637
f 641 643 639
f 658 710 640
f 710 714 640
f 1174 1158 640
f 714 1174 640
f 715 681 641
f 681 643 641
f 1159 715 641
f 1129 1159 641
f 680 651 642
f 738 696 644
f 777 738 644
f 696 697 644
f 697 645 644
f 697 776 645
f 724 839 646
f 839 807 646
f 758 806 647
f 806 725 647
f 671 674 648
f 675 676 649
f 688 659 650
f 680 689 651
f 727 855 652
f 855 810 652
f 810 800 652
f 811 726 653
f 755 801 653
f 801 811 653
f 702 744 654
f 744 785 654
f 655 702 654
f 745 703 655
f 784 745 655
f 703 702 655
f 677 669 657
f 688 711 659
f 740 698 660
f 793 740 660
f 698 699 660
f 699 661 660
f 699 741 661
f 741 792 661
f 792 724 661
f 750 864 662
f 864 835 662
f 835 815 662
f 772 814 663
f 814 834 663
f 834 751 663
f 668 672 664
f 673 670 665
f 700 742 666
f 742 804 666
f 804 727 666
f 667 700 666
f 805 743 667
f 743 701 667
f 701 700 667
f 722 672 668
f 756 722 668
f 1156 756 668
f 707 757 669
f 677 707 669
f 1173 1157 669
f 757 1173 669
f 673 678 670
f 679 674 671
f 723 678 673
f 679 684 674
f 685 676 675
f 685 706 676
f 723 728 678
f 729 684 679
f 720 689 680
f 715 721 681
f 769 870 682
f 870 837 682
f 837 819 682
f 778 818 683
f 818 836 683
f 836 768 683
f 729 732 684
f 733 706 685
f 799 823 686
f 823 774 686
f 775 877 687
f 877 822 687
f 718 711 688
f 720 719 689
f 734 692 690
f 813 734 690
f 692 693 690
f 693 691 690
f 693 735 691
f 812 750 691
f 735 812 691
f 734 693 692
f 734 735 693
f 736 695 694
f 737 769 695
f 736 737 695
f 738 697 696
f 739 776 697
f 738 739 697
f 740 699 698
f 740 741 699
f 743 742 700
f 701 743 700
f 745 744 702
f 703 745 702
f 746 775 704
f 747 746 704
f 705 747 704
f 733 752 706
f 753 757 707
f 776 884 708
f 884 841 708
f 841 833 708
f 788 832 709
f 832 777 709
f 716 714 710
f 718 717 711
f 795 846 712
f 846 784 712
f 785 873 713
f 873 845 713
f 754 796 714
f 716 754 714
f 796 1174 714
f 731 721 715
f 783 731 715
f 797 783 715
f 1175 797 715
f 1159 1175 715
f 748 755 717
f 718 748 717
f 720 730 719
f 730 749 719
f 756 760 722
f 761 728 723
f 792 910 724
f 910 852 724
f 852 839 724
f 806 838 725
f 838 851 725
f 851 793 725
f 811 856 726
f 856 805 726
f 804 871 727
f 871 855 727
f 761 764 728
f 765 732 729
f 782 749 730
f 765 762 732
f 763 752 733
f 813 816 734
f 817 735 734
f 816 817 734
f 817 879 735
f 879 812 735
f 768 766 736
f 766 737 736
f 820 769 737
f 767 820 737
f 766 767 737
f 777 780 738
f 781 739 738
f 780 781 738
f 847 776 739
f 781 847 739
f 793 802 740
f 803 741 740
f 802 803 740
f 803 860 741
f 860 792 741
f 866 804 742
f 808 866 742
f 809 808 742
f 743 809 742
f 805 809 743
f 853 785 744
f 786 853 744
f 745 786 744
f 784 787 745
f 787 786 745
f 831 775 746
f 770 831 746
f 771 770 746
f 747 771 746
f 774 771 747
f 790 755 748
f 782 791 749
f 812 920 750
f 920 864 750
f 834 863 751
f 863 813 751
f 763 758 752
f 759 757 753
f 800 796 754
f 790 801 755
f 840 814 756
f 814 772 756
f 772 760 756
f 1172 840 756
f 1156 1172 756
f 759 807 757
f 807 842 757
f 1215 1173 757
f 842 1215 757
f 789 806 758
f 763 789 758
f 773 764 761
f 765 779 762
f 779 788 762
f 773 778 764
f 904 843 766
f 768 821 766
f 821 904 766
f 843 767 766
f 844 820 767
f 843 844 767
f 836 869 768
f 869 821 768
f 820 946 769
f 946 870 769
f 824 831 770
f 850 824 770
f 771 850 770
f 774 830 771
f 830 912 771
f 912 850 771
f 815 778 773
f 823 878 774
f 878 830 774
f 831 955 775
f 955 877 775
f 847 942 776
f 942 884 776
f 832 883 777
f 883 848 777
f 848 780 777
f 815 818 778
f 819 788 779
f 916 857 780
f 848 916 780
f 858 781 780
f 857 858 780
f 858 847 781
f 798 791 782
f 797 799 783
f 886 854 784
f 854 787 784
f 846 874 784
f 874 886 784
f 853 963 785
f 963 885 785
f 885 873 785
f 825 853 786
f 787 825 786
f 854 826 787
f 826 825 787
f 819 832 788
f 833 806 789
f 794 801 790
f 798 795 791
f 860 968 792
f 968 940 792
f 940 910 792
f 859 802 793
f 851 909 793
f 909 939 793
f 939 859 793
f 845 811 794
f 811 801 794
f 798 822 795
f 822 846 795
f 855 875 796
f 810 855 796
f 800 810 796
f 1216 1174 796
f 875 1216 796
f 823 799 797
f 876 823 797
f 1175 1217 797
f 1217 876 797
f 859 827 802
f 828 803 802
f 827 828 802
f 828 860 803
f 866 969 804
f 969 913 804
f 913 871 804
f 914 865 805
f 865 809 805
f 856 872 805
f 872 914 805
f 833 838 806
f 839 842 807
f 881 866 808
f 809 881 808
f 865 957 809
f 957 882 809
f 882 881 809
f 845 856 811
f 879 984 812
f 984 944 812
f 944 920 812
f 880 816 813
f 863 919 813
f 919 943 813
f 943 880 813
f 840 834 814
f 835 818 815
f 880 829 816
f 829 817 816
f 906 879 817
f 829 905 817
f 905 906 817
f 835 836 818
f 837 832 819
f 844 903 820
f 903 992 820
f 992 952 820
f 952 946 820
f 869 945 821
f 945 951 821
f 951 904 821
f 877 846 822
f 876 878 823
f 911 831 824
f 849 911 824
f 850 849 824
f 936 853 825
f 861 936 825
f 826 861 825
f 854 935 826
f 935 862 826
f 862 861 826
f 859 949 827
f 949 867 827
f 868 828 827
f 867 868 827
f 868 950 828
f 950 860 828
f 880 966 829
f 966 905 829
f 878 956 830
f 956 912 830
f 911 975 831
f 975 955 831
f 870 883 832
f 837 870 832
f 841 838 833
f 840 863 834
f 864 836 835
f 864 869 836
f 841 851 838
f 852 842 839
f 947 863 840
f 1214 947 840
f 1172 1214 840
f 884 851 841
f 852 948 842
f 948 1215 842
f 904 923 843
f 923 844 843
f 924 973 844
f 973 903 844
f 923 924 844
f 873 856 845
f 877 874 846
f 915 1008 847
f 1008 962 847
f 962 942 847
f 858 915 847
f 883 941 848
f 941 961 848
f 961 916 848
f 933 986 849
f 986 911 849
f 850 933 849
f 912 934 850
f 934 933 850
f 884 909 851
f 910 948 852
f 936 977 853
f 977 963 853
f 886 964 854
f 964 978 854
f 978 935 854
f 871 875 855
f 873 872 856
f 916 925 857
f 925 858 857
f 926 989 858
f 989 915 858
f 925 926 858
f 939 967 859
f 967 949 859
f 950 1020 860
f 1020 968 860
f 931 1006 861
f 1006 936 861
f 862 931 861
f 935 932 862
f 932 931 862
f 947 919 863
f 920 869 864
f 914 970 865
f 970 982 865
f 982 957 865
f 881 958 866
f 958 1021 866
f 1021 981 866
f 981 969 866
f 949 927 867
f 928 868 867
f 927 928 867
f 928 1011 868
f 1011 950 868
f 920 945 869
f 946 883 870
f 913 875 871
f 885 914 872
f 873 885 872
f 877 886 874
f 913 969 875
f 969 979 875
f 1252 1216 875
f 979 1252 875
f 956 878 876
f 980 956 876
f 1217 980 876
f 955 886 877
f 906 965 879
f 965 1028 879
f 1028 984 879
f 943 983 880
f 983 966 880
f 929 1016 881
f 1016 958 881
f 882 929 881
f 957 930 882
f 930 929 882
f 946 941 883
f 942 909 884
f 963 914 885
f 955 964 886
f 1036 971 887
f 921 1036 887
f 922 921 887
f 888 922 887
f 972 888 887
f 971 972 887
f 972 922 888
f 924 923 889
f 890 924 889
f 925 917 891
f 926 925 891
f 892 926 891
f 918 892 891
f 917 918 891
f 918 926 892
f 927 953 893
f 928 927 893
f 894 928 893
f 954 894 893
f 953 954 893
f 954 928 894
f 959 929 895
f 896 959 895
f 929 896 895
f 1015 960 896
f 930 1015 896
f 960 959 896
f 929 930 896
f 937 931 897
f 898 937 897
f 931 898 897
f 932 938 898
f 938 937 898
f 931 932 898
f 907 933 899
f 900 907 899
f 933 900 899
f 934 908 900
f 908 907 900
f 933 934 900
f 923 974 889
f 974 1042 889
f 1042 987 889
f 988 890 889
f 987 988 889
f 988 973 890
f 973 924 890
f 973 1032 903
f 1032 992 903
f 974 923 904
f 951 991 904
f 991 1031 904
f 1031 974 904
f 966 921 905
f 921 906 905
f 922 1035 906
f 1035 965 906
f 921 922 906
f 993 986 907
f 986 933 907
f 994 993 907
f 908 994 907
f 934 985 908
f 985 1045 908
f 1045 994 908
f 942 939 909
f 940 948 910
f 986 1047 911
f 1047 1003 911
f 1003 975 911
f 1004 985 912
f 985 934 912
f 956 976 912
f 976 1004 912
f 963 970 914
f 1052 1030 915
f 1030 1008 915
f 989 1052 915
f 990 925 916
f 961 1007 916
f 1007 1029 916
f 1029 990 916
f 925 990 917
f 990 1053 917
f 1053 1009 917
f 996 918 917
f 1009 996 917
f 996 989 918
f 989 926 918
f 947 943 919
f 944 945 920
f 966 1036 921
f 972 1035 922
f 949 1012 927
f 1012 953 927
f 954 1011 928
f 959 1016 929
f 957 1015 930
f 937 1006 931
f 935 1005 932
f 1005 938 932
f 978 1014 935
f 1014 1005 935
f 1006 1055 936
f 1055 1013 936
f 1013 977 936
f 1017 1006 937
f 938 1017 937
f 1005 1057 938
f 1057 1018 938
f 1018 1017 938
f 962 967 939
f 942 962 939
f 968 948 940
f 946 952 941
f 952 961 941
f 947 983 943
f 984 951 944
f 951 945 944
f 1023 983 947
f 1250 1023 947
f 1214 1250 947
f 968 1020 948
f 1020 1024 948
f 1251 1215 948
f 1024 1251 948
f 967 1019 949
f 1019 1025 949
f 1025 1012 949
f 1011 1070 950
f 1070 1026 950
f 1026 1020 950
f 984 991 951
f 992 961 952
f 1012 999 953
f 1000 954 953
f 999 1000 953
f 1000 1011 954
f 975 964 955
f 980 976 956
f 982 1022 957
f 1022 1015 957
f 1061 1021 958
f 1016 1061 958
f 1001 1016 959
f 960 1001 959
f 1015 1002 960
f 1002 1001 960
f 992 1007 961
f 1008 967 962
f 977 970 963
f 975 978 964
f 1035 1094 965
f 1094 1040 965
f 1040 1028 965
f 983 1027 966
f 1027 1039 966
f 1039 1036 966
f 1008 1019 967
f 981 979 969
f 977 982 970
f 1036 997 971
f 998 972 971
f 997 998 971
f 998 1035 972
f 1041 1119 973
f 988 1041 973
f 1119 1044 973
f 1044 1032 973
f 1031 1043 974
f 1043 1042 974
f 1003 978 975
f 980 1004 976
f 1013 982 977
f 1003 1014 978
f 1021 1059 979
f 981 1021 979
f 1302 1252 979
f 1059 1302 979
f 1060 1048 980
f 1048 1004 980
f 1253 1060 980
f 1217 1253 980
f 1013 1022 982
f 1023 1027 983
f 1028 991 984
f 1004 1048 985
f 1048 1066 985
f 1066 1045 985
f 993 1046 986
f 1046 1122 986
f 1122 1065 986
f 1065 1047 986
f 1042 1130 987
f 1130 1067 987
f 1067 988 987
f 1068 1041 988
f 1067 1068 988
f 1054 1133 989
f 996 1054 989
f 1133 1052 989
f 1029 1051 990
f 1051 1053 990
f 1028 1031 991
f 1032 1007 992
f 1075 1046 993
f 994 995 993
f 995 1076 993
f 1076 1075 993
f 1045 995 994
f 1045 1146 995
f 1146 1076 995
f 1010 1054 996
f 1009 1010 996
f 1036 1098 997
f 1098 1049 997
f 1050 998 997
f 1049 1050 997
f 1050 1099 998
f 1099 1035 998
f 1012 1074 999
f 1074 1033 999
f 1034 1000 999
f 1033 1034 999
f 1034 1073 1000
f 1073 1011 1000
f 1037 1078 1001
f 1078 1016 1001
f 1002 1037 1001
f 1015 1077 1002
f 1077 1038 1002
f 1038 1037 1002
f 1047 1014 1003
f 1064 1057 1005
f 1014 1056 1005
f 1056 1064 1005
f 1017 1058 1006
f 1058 1144 1006
f 1144 1063 1006
f 1063 1055 1006
f 1032 1029 1007
f 1030 1019 1008
f 1108 1083 1009
f 1053 1108 1009
f 1083 1084 1009
f 1084 1010 1009
f 1084 1054 1010
f 1073 1141 1011
f 1141 1070 1011
f 1025 1069 1012
f 1069 1074 1012
f 1055 1022 1013
f 1047 1056 1014
f 1072 1077 1015
f 1022 1062 1015
f 1062 1072 1015
f 1078 1160 1016
f 1071 1061 1016
f 1160 1071 1016
f 1089 1058 1017
f 1018 1090 1017
f 1090 1089 1017
f 1115 1090 1018
f 1057 1115 1018
f 1030 1025 1019
f 1026 1024 1020
f 1061 1059 1021
f 1055 1062 1022
f 1134 1093 1023
f 1093 1039 1023
f 1039 1027 1023
f 1250 1134 1023
f 1070 1135 1024
f 1026 1070 1024
f 1301 1251 1024
f 1135 1301 1024
f 1052 1069 1025
f 1030 1052 1025
f 1040 1031 1028
f 1032 1044 1029
f 1044 1051 1029
f 1040 1043 1031
f 1074 1110 1033
f 1110 1085 1033
f 1086 1034 1033
f 1085 1086 1033
f 1086 1073 1034
f 1099 1143 1035
f 1143 1094 1035
f 1039 1093 1036
f 1093 1142 1036
f 1142 1098 1036
f 1087 1078 1037
f 1038 1087 1037
f 1077 1113 1038
f 1113 1088 1038
f 1088 1087 1038
f 1094 1043 1040
f 1068 1131 1041
f 1131 1177 1041
f 1177 1139 1041
f 1139 1119 1041
f 1043 1118 1042
f 1118 1138 1042
f 1138 1130 1042
f 1094 1118 1043
f 1119 1051 1044
f 1066 1123 1045
f 1123 1146 1045
f 1075 1147 1046
f 1147 1178 1046
f 1178 1122 1046
f 1065 1056 1047
f 1060 1066 1048
f 1104 1079 1049
f 1098 1104 1049
f 1080 1050 1049
f 1079 1080 1049
f 1080 1105 1050
f 1105 1099 1050
f 1132 1053 1051
f 1119 1132 1051
f 1133 1069 1052
f 1136 1155 1053
f 1132 1136 1053
f 1120 1108 1053
f 1155 1120 1053
f 1084 1109 1054
f 1109 1154 1054
f 1154 1195 1054
f 1195 1137 1054
f 1137 1133 1054
f 1063 1062 1055
f 1065 1064 1056
f 1125 1115 1057
f 1162 1125 1057
f 1064 1145 1057
f 1145 1162 1057
f 1114 1163 1058
f 1089 1114 1058
f 1163 1188 1058
f 1188 1144 1058
f 1160 1184 1059
f 1071 1160 1059
f 1061 1071 1059
f 1184 1302 1059
f 1185 1123 1060
f 1123 1066 1060
f 1303 1185 1060
f 1253 1303 1060
f 1063 1072 1062
f 1144 1072 1063
f 1122 1145 1064
f 1065 1122 1064
f 1106 1081 1067
f 1130 1106 1067
f 1081 1068 1067
f 1082 1107 1068
f 1107 1131 1068
f 1081 1082 1068
f 1140 1074 1069
f 1133 1140 1069
f 1141 1135 1070
f 1161 1077 1072
f 1144 1161 1072
f 1168 1201 1073
f 1086 1111 1073
f 1111 1168 1073
f 1201 1151 1073
f 1151 1141 1073
f 1148 1110 1074
f 1140 1150 1074
f 1150 1169 1074
f 1169 1148 1074
f 1091 1116 1075
f 1116 1147 1075
f 1076 1092 1075
f 1092 1091 1075
f 1146 1117 1076
f 1117 1092 1076
f 1153 1113 1077
f 1171 1153 1077
f 1161 1171 1077
f 1112 1170 1078
f 1087 1112 1078
f 1170 1186 1078
f 1186 1160 1078
f 1104 1080 1079
f 1104 1105 1080
f 1106 1082 1081
f 1106 1107 1082
f 1108 1084 1083
f 1108 1109 1084
f 1110 1086 1085
f 1110 1111 1086
f 1113 1112 1087
f 1088 1113 1087
f 1115 1114 1089
f 1090 1115 1089
f 1117 1116 1091
f 1092 1117 1091
f 1134 1142 1093
f 1143 1118 1094
f 1101 1100 1095
f 1100 1096 1095
f 1096 1103 1095
f 1102 1103 1096
f 1166 1104 1098
f 1191 1166 1098
f 1142 1164 1098
f 1164 1191 1098
f 1190 1225 1099
f 1105 1190 1099
f 1225 1165 1099
f 1165 1143 1099
f 1101 1126 1100
f 1127 1126 1101
f 1129 1103 1102
f 1128 1129 1102
f 1166 1167 1104
f 1167 1105 1104
f 1167 1190 1105
f 1130 1180 1106
f 1181 1107 1106
f 1180 1181 1106
f 1181 1203 1107
f 1203 1131 1107
f 1120 1109 1108
f 1121 1154 1109
f 1120 1121 1109
f 1148 1111 1110
f 1149 1168 1111
f 1148 1149 1111
f 1152 1170 1112
f 1113 1152 1112
f 1153 1152 1113
f 1124 1163 1114
f 1125 1124 1114
f 1115 1125 1114
f 1219 1147 1116
f 1192 1219 1116
f 1193 1192 1116
f 1117 1193 1116
f 1146 1193 1117
f 1143 1138 1118
f 1139 1132 1119
f 1223 1198 1120
f 1155 1223 1120
f 1198 1121 1120
f 1199 1154 1121
f 1198 1199 1121
f 1178 1145 1122
f 1179 1146 1123
f 1185 1179 1123
f 1209 1163 1124
f 1211 1209 1124
f 1125 1211 1124
f 1227 1211 1125
f 1162 1227 1125
f 1127 1156 1126
f 1157 1156 1127
f 1159 1129 1128
f 1158 1159 1128
f 1202 1180 1130
f 1138 1176 1130
f 1176 1202 1130
f 1203 1237 1131
f 1237 1177 1131
f 1139 1136 1132
f 1137 1140 1133
f 1164 1142 1134
f 1238 1164 1134
f 1300 1238 1134
f 1250 1300 1134
f 1151 1239 1135
f 1141 1151 1135
f 1357 1301 1135
f 1239 1357 1135
f 1194 1155 1136
f 1139 1177 1136
f 1177 1194 1136
f 1195 1150 1137
f 1150 1140 1137
f 1165 1176 1138
f 1143 1165 1138
f 1188 1161 1144
f 1189 1162 1145
f 1178 1189 1145
f 1218 1193 1146
f 1183 1218 1146
f 1179 1183 1146
f 1219 1244 1147
f 1244 1182 1147
f 1182 1178 1147
f 1169 1242 1148
f 1242 1220 1148
f 1220 1149 1148
f 1221 1168 1149
f 1220 1221 1149
f 1200 1169 1150
f 1195 1200 1150
f 1201 1239 1151
f 1207 1170 1152
f 1153 1207 1152
f 1247 1229 1153
f 1171 1247 1153
f 1229 1207 1153
f 1222 1235 1154
f 1235 1195 1154
f 1199 1222 1154
f 1194 1223 1155
f 1157 1172 1156
f 1173 1172 1157
f 1175 1159 1158
f 1174 1175 1158
f 1186 1184 1160
f 1187 1171 1161
f 1188 1187 1161
f 1197 1227 1162
f 1189 1197 1162
f 1209 1226 1163
f 1226 1256 1163
f 1256 1196 1163
f 1196 1188 1163
f 1224 1191 1164
f 1238 1224 1164
f 1225 1176 1165
f 1191 1204 1166
f 1204 1205 1166
f 1205 1167 1166
f 1205 1190 1167
f 1221 1243 1168
f 1243 1261 1168
f 1261 1231 1168
f 1231 1201 1168
f 1200 1230 1169
f 1230 1242 1169
f 1246 1264 1170
f 1207 1246 1170
f 1264 1212 1170
f 1212 1186 1170
f 1187 1213 1171
f 1213 1247 1171
f 1173 1214 1172
f 1215 1214 1173
f 1217 1175 1174
f 1216 1217 1174
f 1236 1202 1176
f 1225 1236 1176
f 1237 1194 1177
f 1182 1189 1178
f 1185 1183 1179
f 1202 1206 1180
f 1206 1181 1180
f 1263 1203 1181
f 1206 1263 1181
f 1244 1197 1182
f 1197 1189 1182
f 1245 1218 1183
f 1185 1245 1183
f 1186 1212 1184
f 1212 1264 1184
f 1264 1278 1184
f 1358 1302 1184
f 1278 1358 1184
f 1279 1245 1185
f 1359 1279 1185
f 1303 1359 1185
f 1196 1213 1187
f 1188 1196 1187
f 1233 1225 1190
f 1205 1259 1190
f 1271 1233 1190
f 1259 1271 1190
f 1258 1204 1191
f 1224 1232 1191
f 1232 1258 1191
f 1266 1219 1192
f 1193 1266 1192
f 1218 1280 1193
f 1280 1267 1193
f 1267 1266 1193
f 1234 1223 1194
f 1237 1234 1194
f 1235 1200 1195
f 1256 1213 1196
f 1257 1227 1197
f 1244 1257 1197
f 1223 1208 1198
f 1208 1199 1198
f 1283 1222 1199
f 1208 1283 1199
f 1235 1230 1200
f 1231 1239 1201
f 1268 1206 1202
f 1236 1240 1202
f 1240 1268 1202
f 1263 1269 1203
f 1269 1321 1203
f 1321 1241 1203
f 1241 1237 1203
f 1258 1248 1204
f 1248 1249 1204
f 1249 1205 1204
f 1249 1259 1205
f 1268 1262 1206
f 1262 1263 1206
f 1228 1246 1207
f 1229 1228 1207
f 1223 1305 1208
f 1305 1282 1208
f 1282 1283 1208
f 1210 1226 1209
f 1211 1210 1209
f 1296 1226 1210
f 1211 1297 1210
f 1297 1296 1210
f 1227 1323 1211
f 1323 1297 1211
f 1265 1247 1213
f 1256 1265 1213
f 1215 1250 1214
f 1251 1250 1215
f 1253 1217 1216
f 1252 1253 1216
f 1245 1280 1218
f 1266 1281 1219
f 1281 1276 1219
f 1276 1244 1219
f 1242 1312 1220
f 1312 1221 1220
f 1313 1334 1221
f 1334 1243 1221
f 1312 1313 1221
f 1304 1332 1222
f 1332 1255 1222
f 1255 1235 1222
f 1283 1304 1222
f 1234 1254 1223
f 1254 1305 1223
f 1238 1232 1224
f 1233 1236 1225
f 1296 1324 1226
f 1324 1272 1226
f 1272 1256 1226
f 1273 1323 1227
f 1257 1273 1227
f 1314 1337 1228
f 1337 1246 1228
f 1229 1315 1228
f 1315 1314 1228
f 1247 1315 1229
f 1260 1242 1230
f 1255 1260 1230
f 1235 1255 1230
f 1261 1239 1231
f 1270 1258 1232
f 1238 1270 1232
f 1271 1240 1233
f 1240 1236 1233
f 1237 1241 1234
f 1241 1254 1234
f 1352 1270 1238
f 1356 1352 1238
f 1300 1356 1238
f 1261 1353 1239
f 1353 1357 1239
f 1320 1268 1240
f 1271 1320 1240
f 1321 1254 1241
f 1333 1312 1242
f 1260 1333 1242
f 1334 1340 1243
f 1340 1261 1243
f 1276 1257 1244
f 1277 1280 1245
f 1279 1277 1245
f 1337 1343 1246
f 1343 1274 1246
f 1274 1264 1246
f 1338 1315 1247
f 1275 1338 1247
f 1265 1275 1247
f 1258 1306 1248
f 1306 1307 1248
f 1307 1249 1248
f 1307 1354 1249
f 1354 1259 1249
f 1251 1300 1250
f 1301 1300 1251
f 1303 1253 1252
f 1302 1303 1252
f 1331 1305 1254
f 1321 1331 1254
f 1332 1260 1255
f 1272 1265 1256
f 1276 1273 1257
f 1355 1306 1258
f 1270 1355 1258
f 1351 1271 1259
f 1354 1351 1259
f 1339 1333 1260
f 1332 1339 1260
f 1340 1353 1261
f 1268 1308 1262
f 1308 1309 1262
f 1309 1263 1262
f 1309 1364 1263
f 1364 1269 1263
f 1274 1278 1264
f 1272 1275 1265
f 1318 1368 1266
f 1368 1281 1266
f 1267 1318 1266
f 1280 1319 1267
f 1319 1318 1267
f 1365 1308 1268
f 1320 1365 1268
f 1364 1348 1269
f 1348 1321 1269
f 1350 1355 1270
f 1352 1350 1270
f 1351 1320 1271
f 1324 1335 1272
f 1335 1275 1272
f 1336 1323 1273
f 1326 1336 1273
f 1276 1326 1273
f 1343 1278 1274
f 1344 1338 1275
f 1335 1344 1275
f 1281 1326 1276
f 1327 1280 1277
f 1279 1327 1277
f 1343 1402 1278
f 1403 1358 1278
f 1402 1403 1278
f 1396 1373 1279
f 1373 1327 1279
f 1359 1396 1279
f 1327 1369 1280
f 1369 1319 1280
f 1368 1372 1281
f 1372 1326 1281
f 1305 1310 1282
f 1310 1311 1282
f 1311 1283 1282
f 1311 1376 1283
f 1376 1304 1283
f 1306 1341 1284
f 1307 1306 1284
f 1285 1307 1284
f 1341 1342 1284
f 1342 1285 1284
f 1342 1307 1285
f 1365 1362 1286
f 1308 1365 1286
f 1309 1308 1286
f 1287 1309 1286
f 1362 1363 1286
f 1363 1287 1286
f 1363 1309 1287
f 1310 1377 1288
f 1377 1374 1288
f 1311 1310 1288
f 1289 1311 1288
f 1374 1289 1288
f 1375 1311 1289
f 1374 1375 1289
f 1328 1314 1290
f 1329 1328 1290
f 1291 1329 1290
f 1314 1291 1290
f 1315 1329 1291
f 1314 1315 1291
f 1380 1316 1292
f 1293 1380 1292
f 1316 1293 1292
f 1382 1381 1293
f 1317 1382 1293
f 1381 1380 1293
f 1316 1317 1293
f 1366 1318 1294
f 1295 1366 1294
f 1318 1295 1294
f 1369 1367 1295
f 1319 1369 1295
f 1367 1366 1295
f 1318 1319 1295
f 1316 1383 1296
f 1383 1324 1296
f 1297 1316 1296
f 1323 1317 1297
f 1317 1316 1297
f 1312 1325 1298
f 1322 1299 1298
f 1325 1395 1298
f 1395 1392 1298
f 1392 1322 1298
f 1313 1312 1298
f 1299 1313 1298
f 1322 1313 1299
f 1301 1356 1300
f 1357 1356 1301
f 1359 1303 1302
f 1358 1359 1302
f 1379 1346 1304
f 1346 1332 1304
f 1376 1379 1304
f 1377 1310 1305
f 1331 1345 1305
f 1345 1377 1305
f 1355 1341 1306
f 1342 1354 1307
f 1363 1364 1309
f 1375 1376 1311
f 1333 1325 1312
f 1322 1334 1313
f 1328 1337 1314
f 1338 1329 1315
f 1380 1383 1316
f 1323 1382 1317
f 1366 1368 1318
f 1347 1365 1320
f 1351 1347 1320
f 1348 1331 1321
f 1392 1334 1322
f 1336 1382 1323
f 1383 1384 1324
f 1384 1335 1324
f 1333 1330 1325
f 1330 1395 1325
f 1372 1336 1326
f 1373 1369 1327
f 1420 1337 1328
f 1421 1420 1328
f 1329 1421 1328
f 1338 1419 1329
f 1419 1421 1329
f 1333 1391 1330
f 1391 1395 1330
f 1348 1345 1331
f 1346 1339 1332
f 1394 1391 1333
f 1349 1394 1333
f 1339 1349 1333
f 1392 1390 1334
f 1390 1400 1334
f 1400 1340 1334
f 1384 1344 1335
f 1385 1382 1336
f 1372 1385 1336
f 1420 1418 1337
f 1418 1386 1337
f 1386 1343 1337
f 1344 1419 1338
f 1346 1349 1339
f 1400 1353 1340
f 1424 1426 1341
f 1355 1424 1341
f 1426 1388 1341
f 1388 1342 1341
f 1388 1354 1342
f 1386 1402 1343
f 1387 1419 1344
f 1384 1387 1344
f 1378 1377 1345
f 1348 1371 1345
f 1371 1378 1345
f 1379 1349 1346
f 1370 1365 1347
f 1361 1370 1347
f 1351 1361 1347
f 1364 1371 1348
f 1393 1394 1349
f 1439 1393 1349
f 1379 1439 1349
f 1360 1355 1350
f 1352 1360 1350
f 1354 1361 1351
f 1406 1360 1352
f 1356 1405 1352
f 1405 1406 1352
f 1401 1357 1353
f 1400 1401 1353
f 1388 1425 1354
f 1423 1361 1354
f 1425 1423 1354
f 1360 1424 1355
f 1357 1405 1356
f 1401 1405 1357
f 1398 1359 1358
f 1403 1398 1358
f 1398 1396 1359
f 1422 1424 1360
f 1406 1422 1360
f 1423 1370 1361
f 1365 1407 1362
f 1407 1408 1362
f 1408 1363 1362
f 1408 1364 1363
f 1408 1432 1364
f 1432 1429 1364
f 1429 1371 1364
f 1370 1433 1365
f 1433 1407 1365
f 1409 1368 1366
f 1367 1409 1366
f 1369 1410 1367
f 1410 1409 1367
f 1409 1434 1368
f 1434 1430 1368
f 1430 1411 1368
f 1411 1372 1368
f 1435 1410 1369
f 1373 1412 1369
f 1412 1435 1369
f 1428 1433 1370
f 1423 1428 1370
f 1429 1378 1371
f 1411 1385 1372
f 1396 1412 1373
f 1377 1456 1374
f 1456 1462 1374
f 1462 1463 1374
f 1463 1375 1374
f 1463 1376 1375
f 1457 1439 1376
f 1463 1457 1376
f 1439 1379 1376
f 1378 1456 1377
f 1438 1456 1378
f 1429 1438 1378
f 1464 1383 1380
f 1381 1413 1380
f 1413 1464 1380
f 1382 1413 1381
f 1459 1413 1382
f 1415 1459 1382
f 1385 1415 1382
f 1464 1458 1383
f 1458 1452 1383
f 1452 1414 1383
f 1414 1384 1383
f 1414 1387 1384
f 1411 1415 1385
f 1418 1416 1386
f 1416 1402 1386
f 1417 1419 1387
f 1414 1417 1387
f 1427 1425 1388
f 1426 1427 1388
f 1395 1391 1394
f 1400 1395 1394
f 1393 1400 1394
f 1392 1395 1390
f 1395 1400 1390
f 1445 1400 1393
f 1447 1445 1393
f 1439 1447 1393
f 1507 1431 1396
f 1431 1412 1396
f 1398 1507 1396
f 1403 1443 1398
f 1443 1507 1398
f 1445 1401 1400
f 1445 1441 1401
f 1441 1440 1401
f 1440 1405 1401
f 1460 1506 1402
f 1416 1460 1402
f 1442 1403 1402
f 1506 1442 1402
f 1442 1443 1403
f 1440 1444 1405
f 1444 1406 1405
f 1444 1422 1406
f 1433 1436 1407
f 1436 1437 1407
f 1437 1408 1407
f 1437 1432 1408
f 1454 1434 1409
f 1410 1454 1409
f 1435 1455 1410
f 1455 1454 1410
f 1430 1415 1411
f 1431 1435 1412
f 1459 1465 1413
f 1465 1464 1413
f 1452 1417 1414
f 1453 1459 1415
f 1430 1453 1415
f 1418 1460 1416
f 1469 1419 1417
f 1461 1469 1417
f 1452 1461 1417
f 1482 1468 1418
f 1420 1482 1418
f 1468 1460 1418
f 1469 1421 1419
f 1483 1482 1420
f 1421 1483 1420
f 1469 1483 1421
f 1450 1424 1422
f 1444 1450 1422
f 1425 1451 1423
f 1451 1428 1423
f 1450 1502 1424
f 1470 1426 1424
f 1516 1470 1424
f 1502 1516 1424
f 1427 1491 1425
f 1491 1471 1425
f 1471 1503 1425
f 1503 1451 1425
f 1470 1490 1426
f 1490 1491 1426
f 1491 1427 1426
f 1448 1433 1428
f 1451 1448 1428
f 1432 1449 1429
f 1449 1438 1429
f 1434 1504 1430
f 1504 1453 1430
f 1523 1435 1431
f 1505 1523 1431
f 1507 1505 1431
f 1437 1493 1432
f 1493 1473 1432
f 1521 1485 1432
f 1473 1521 1432
f 1485 1449 1432
f 1448 1520 1433
f 1472 1436 1433
f 1526 1472 1433
f 1520 1526 1433
f 1480 1522 1434
f 1454 1480 1434
f 1522 1504 1434
f 1481 1455 1435
f 1531 1481 1435
f 1523 1531 1435
f 1472 1492 1436
f 1492 1493 1436
f 1493 1437 1436
f 1446 1456 1438
f 1449 1446 1438
f 1457 1447 1439
f 1486 1632 1440
f 1632 1544 1440
f 1544 1444 1440
f 1441 1486 1440
f 1445 1545 1441
f 1545 1487 1441
f 1487 1486 1441
f 1588 1488 1442
f 1506 1588 1442
f 1489 1443 1442
f 1488 1489 1442
f 1489 1589 1443
f 1589 1507 1443
f 1544 1466 1444
f 1466 1450 1444
f 1515 1545 1445
f 1447 1515 1445
f 1528 1456 1446
f 1514 1528 1446
f 1449 1485 1446
f 1485 1514 1446
f 1457 1515 1447
f 1484 1520 1448
f 1467 1484 1448
f 1451 1467 1448
f 1466 1502 1450
f 1503 1467 1451
f 1458 1510 1452
f 1510 1461 1452
f 1511 1533 1453
f 1533 1459 1453
f 1504 1511 1453
f 1500 1480 1454
f 1455 1500 1454
f 1481 1501 1455
f 1501 1500 1455
f 1474 1462 1456
f 1540 1474 1456
f 1528 1540 1456
f 1475 1529 1457
f 1463 1475 1457
f 1529 1515 1457
f 1478 1532 1458
f 1464 1478 1458
f 1532 1510 1458
f 1479 1465 1459
f 1543 1479 1459
f 1533 1543 1459
f 1468 1512 1460
f 1512 1506 1460
f 1513 1553 1461
f 1553 1469 1461
f 1510 1513 1461
f 1474 1494 1462
f 1494 1495 1462
f 1495 1463 1462
f 1495 1475 1463
f 1498 1478 1464
f 1465 1498 1464
f 1479 1499 1465
f 1499 1498 1465
f 1560 1502 1466
f 1538 1560 1466
f 1544 1538 1466
f 1503 1539 1467
f 1539 1484 1467
f 1476 1552 1468
f 1482 1476 1468
f 1552 1512 1468
f 1563 1477 1469
f 1477 1483 1469
f 1553 1563 1469
f 1491 1490 1470
f 1471 1491 1470
f 1517 1471 1470
f 1516 1517 1470
f 1517 1503 1471
f 1493 1492 1472
f 1473 1493 1472
f 1527 1473 1472
f 1526 1527 1472
f 1527 1521 1473
f 1495 1494 1474
f 1475 1495 1474
f 1541 1475 1474
f 1540 1541 1474
f 1541 1529 1475
f 1482 1496 1476
f 1562 1552 1476
f 1563 1562 1476
f 1477 1563 1476
f 1496 1477 1476
f 1497 1483 1477
f 1496 1497 1477
f 1542 1532 1478
f 1543 1542 1478
f 1479 1543 1478
f 1498 1479 1478
f 1498 1499 1479
f 1530 1522 1480
f 1481 1530 1480
f 1500 1481 1480
f 1531 1530 1481
f 1500 1501 1481
f 1497 1496 1482
f 1483 1497 1482
f 1576 1520 1484
f 1546 1576 1484
f 1539 1546 1484
f 1521 1547 1485
f 1547 1514 1485
f 1534 1733 1486
f 1733 1632 1486
f 1487 1534 1486
f 1545 1633 1487
f 1633 1535 1487
f 1535 1534 1487
f 1588 1699 1488
f 1699 1536 1488
f 1537 1489 1488
f 1536 1537 1488
f 1537 1766 1489
f 1766 1700 1489
f 1700 1589 1489
f 1560 1516 1502
f 1517 1579 1503
f 1579 1561 1503
f 1561 1539 1503
f 1522 1508 1504
f 1508 1511 1504
f 1509 1523 1505
f 1507 1509 1505
f 1512 1524 1506
f 1524 1574 1506
f 1574 1588 1506
f 1557 1509 1507
f 1589 1557 1507
f 1522 1556 1508
f 1556 1519 1508
f 1519 1511 1508
f 1581 1523 1509
f 1557 1581 1509
f 1532 1518 1510
f 1518 1513 1510
f 1519 1533 1511
f 1552 1524 1512
f 1525 1553 1513
f 1518 1525 1513
f 1592 1528 1514
f 1550 1592 1514
f 1547 1550 1514
f 1529 1551 1515
f 1551 1545 1515
f 1560 1578 1516
f 1579 1517 1516
f 1578 1579 1516
f 1532 1564 1518
f 1564 1525 1518
f 1597 1533 1519
f 1565 1597 1519
f 1556 1565 1519
f 1576 1526 1520
f 1527 1595 1521
f 1595 1577 1521
f 1577 1547 1521
f 1572 1580 1522
f 1530 1572 1522
f 1580 1556 1522
f 1573 1531 1523
f 1581 1573 1523
f 1552 1574 1524
f 1609 1553 1525
f 1575 1609 1525
f 1564 1575 1525
f 1576 1594 1526
f 1595 1527 1526
f 1594 1595 1526
f 1570 1540 1528
f 1592 1570 1528
f 1571 1593 1529
f 1541 1571 1529
f 1593 1551 1529
f 1531 1572 1530
f 1573 1572 1531
f 1542 1616 1532
f 1616 1596 1532
f 1596 1564 1532
f 1597 1543 1533
f 1566 1797 1534
f 1797 1733 1534
f 1535 1566 1534
f 1798 1567 1535
f 1633 1734 1535
f 1734 1798 1535
f 1567 1566 1535
f 1699 1765 1536
f 1765 1568 1536
f 1569 1537 1536
f 1568 1569 1536
f 1569 1857 1537
f 1857 1766 1537
f 1548 1560 1538
f 1544 1548 1538
f 1561 1549 1539
f 1549 1546 1539
f 1571 1541 1540
f 1570 1571 1540
f 1543 1616 1542
f 1597 1617 1543
f 1617 1616 1543
f 1582 1548 1544
f 1632 1582 1544
f 1551 1559 1545
f 1559 1611 1545
f 1611 1633 1545
f 1554 1576 1546
f 1549 1554 1546
f 1577 1555 1547
f 1555 1550 1547
f 1622 1560 1548
f 1582 1622 1548
f 1561 1583 1549
f 1583 1554 1549
f 1558 1592 1550
f 1555 1558 1550
f 1593 1559 1551
f 1562 1634 1552
f 1634 1608 1552
f 1608 1574 1552
f 1609 1563 1553
f 1642 1576 1554
f 1602 1642 1554
f 1583 1602 1554
f 1577 1603 1555
f 1603 1558 1555
f 1580 1590 1556
f 1590 1565 1556
f 1645 1581 1557
f 1591 1645 1557
f 1589 1591 1557
f 1610 1667 1558
f 1667 1592 1558
f 1603 1610 1558
f 1593 1611 1559
f 1646 1578 1560
f 1622 1646 1560
f 1579 1623 1561
f 1623 1583 1561
f 1635 1634 1562
f 1563 1635 1562
f 1609 1635 1563
f 1596 1586 1564
f 1586 1575 1564
f 1672 1597 1565
f 1587 1672 1565
f 1590 1587 1565
f 1598 1960 1566
f 1960 1886 1566
f 1886 1797 1566
f 1567 1598 1566
f 1798 1887 1567
f 1887 1599 1567
f 1599 1598 1567
f 1930 1600 1568
f 1765 1856 1568
f 1856 1930 1568
f 1601 1569 1568
f 1600 1601 1568
f 1601 1933 1569
f 1933 1857 1569
f 1592 1612 1570
f 1613 1571 1570
f 1612 1613 1570
f 1613 1593 1571
f 1604 1580 1572
f 1573 1604 1572
f 1581 1605 1573
f 1605 1604 1573
f 1608 1584 1574
f 1584 1588 1574
f 1585 1609 1575
f 1586 1585 1575
f 1648 1594 1576
f 1642 1648 1576
f 1595 1643 1577
f 1643 1603 1577
f 1646 1579 1578
f 1647 1623 1579
f 1646 1647 1579
f 1604 1644 1580
f 1644 1590 1580
f 1657 1605 1581
f 1645 1657 1581
f 1707 1622 1582
f 1630 1707 1582
f 1632 1630 1582
f 1623 1631 1583
f 1631 1602 1583
f 1608 1624 1584
f 1624 1588 1584
f 1692 1609 1585
f 1625 1692 1585
f 1614 1625 1585
f 1586 1614 1585
f 1596 1671 1586
f 1671 1614 1586
f 1615 1672 1587
f 1606 1615 1587
f 1590 1606 1587
f 1624 1699 1588
f 1607 1591 1589
f 1700 1607 1589
f 1644 1606 1590
f 1607 1645 1591
f 1650 1612 1592
f 1667 1650 1592
f 1668 1611 1593
f 1613 1668 1593
f 1648 1595 1594
f 1649 1643 1595
f 1648 1649 1595
f 1616 1671 1596
f 1672 1655 1597
f 1655 1617 1597
f 1618 2040 1598
f 2040 1960 1598
f 1599 1618 1598
f 1887 1961 1599
f 1961 1619 1599
f 1619 1618 1599
f 1930 2002 1600
f 2002 1620 1600
f 1621 1601 1600
f 1620 1621 1600
f 1621 2063 1601
f 2063 2003 1601
f 2003 1933 1601
f 1715 1642 1602
f 1628 1715 1602
f 1631 1628 1602
f 1643 1629 1603
f 1629 1610 1603
f 1656 1644 1604
f 1605 1656 1604
f 1657 1656 1605
f 1644 1669 1606
f 1669 1615 1606
f 1722 1645 1607
f 1670 1722 1607
f 1700 1670 1607
f 1691 1624 1608
f 1634 1691 1608
f 1692 1653 1609
f 1653 1635 1609
f 1626 1667 1610
f 1629 1626 1610
f 1668 1627 1611
f 1627 1633 1611
f 1651 1613 1612
f 1650 1651 1612
f 1651 1668 1613
f 1671 1689 1614
f 1689 1625 1614
f 1740 1672 1615
f 1690 1740 1615
f 1669 1690 1615
f 1654 1671 1616
f 1617 1654 1616
f 1655 1654 1617
f 1636 2090 1618
f 2090 2040 1618
f 1619 1636 1618
f 2091 1637 1619
f 1961 2041 1619
f 2041 2091 1619
f 1637 1636 1619
f 2002 2062 1620
f 2062 1638 1620
f 1639 1621 1620
f 1638 1639 1620
f 1639 2125 1621
f 2125 2063 1621
f 1687 1646 1622
f 1707 1687 1622
f 1746 1708 1623
f 1688 1746 1623
f 1647 1688 1623
f 1708 1631 1623
f 1691 1697 1624
f 1697 1699 1624
f 1744 1692 1625
f 1698 1744 1625
f 1689 1698 1625
f 1736 1667 1626
f 1685 1736 1626
f 1629 1663 1626
f 1663 1685 1626
f 1668 1686 1627
f 1686 1633 1627
f 1662 1715 1628
f 1641 1662 1628
f 1631 1641 1628
f 1643 1716 1629
f 1716 1663 1629
f 1640 1707 1630
f 1632 1640 1630
f 1708 1641 1631
f 1733 1709 1632
f 1709 1640 1632
f 1724 1734 1633
f 1686 1724 1633
f 1652 1691 1634
f 1653 1652 1634
f 1635 1653 1634
f 1658 2212 1636
f 2212 2146 1636
f 2146 2090 1636
f 1637 1658 1636
f 2091 2147 1637
f 2147 1659 1637
f 1659 1658 1637
f 2062 2124 1638
f 2124 1660 1638
f 1661 1639 1638
f 1660 1661 1638
f 1661 2183 1639
f 2183 2125 1639
f 1757 1707 1640
f 1709 1757 1640
f 1708 1710 1641
f 1710 1662 1641
f 1703 1648 1642
f 1715 1703 1642
f 1754 1716 1643
f 1704 1754 1643
f 1649 1704 1643
f 1773 1721 1644
f 1705 1773 1644
f 1656 1705 1644
f 1721 1669 1644
f 1706 1657 1645
f 1722 1706 1645
f 1687 1673 1646
f 1673 1647 1646
f 1674 1688 1647
f 1673 1674 1647
f 1703 1675 1648
f 1675 1649 1648
f 1676 1704 1649
f 1675 1676 1649
f 1667 1711 1650
f 1711 1677 1650
f 1677 1651 1650
f 1678 1712 1651
f 1712 1668 1651
f 1677 1678 1651
f 1679 1737 1652
f 1737 1691 1652
f 1680 1679 1652
f 1653 1680 1652
f 1692 1680 1653
f 1681 1717 1654
f 1717 1671 1654
f 1682 1681 1654
f 1655 1682 1654
f 1672 1682 1655
f 1683 1705 1656
f 1684 1683 1656
f 1657 1684 1656
f 1706 1684 1657
f 1665 2254 1658
f 2254 2212 1658
f 1659 1665 1658
f 2147 2213 1659
f 2213 1664 1659
f 1664 1665 1659
f 2124 2182 1660
f 2182 2234 1660
f 2234 1665 1660
f 1664 1661 1660
f 1665 1664 1660
f 1664 2235 1661
f 2235 2183 1661
f 1777 1715 1662
f 1713 1777 1662
f 1710 1713 1662
f 1716 1714 1663
f 1714 1685 1663
f 2213 2255 1664
f 2255 2235 1664
f 2234 2254 1665
f 1752 1711 1667
f 1736 1752 1667
f 1753 1735 1668
f 1712 1753 1668
f 1735 1686 1668
f 1721 1693 1669
f 1693 1690 1669
f 1694 1722 1670
f 1700 1694 1670
f 1739 1689 1671
f 1750 1739 1671
f 1717 1750 1671
f 1718 1682 1672
f 1751 1718 1672
f 1740 1751 1672
f 1687 1674 1673
f 1687 1688 1674
f 1704 1676 1675
f 1703 1704 1675
f 1711 1712 1677
f 1712 1678 1677
f 1680 1737 1679
f 1692 1738 1680
f 1738 1737 1680
f 1682 1717 1681
f 1718 1717 1682
f 1684 1705 1683
f 1706 1705 1684
f 1788 1736 1685
f 1723 1788 1685
f 1714 1723 1685
f 1735 1724 1686
f 1707 1745 1687
f 1745 1688 1687
f 1745 1746 1688
f 1739 1695 1689
f 1695 1698 1689
f 1696 1740 1690
f 1693 1696 1690
f 1793 1743 1691
f 1737 1793 1691
f 1743 1697 1691
f 1749 1738 1692
f 1744 1749 1692
f 1779 1719 1693
f 1721 1779 1693
f 1719 1696 1693
f 1780 1722 1694
f 1720 1780 1694
f 1700 1720 1694
f 1739 1725 1695
f 1725 1702 1695
f 1702 1698 1695
f 1790 1740 1696
f 1726 1790 1696
f 1719 1726 1696
f 1743 1701 1697
f 1701 1699 1697
f 1702 1744 1698
f 1741 1765 1699
f 1701 1741 1699
f 1766 1720 1700
f 1743 1741 1701
f 1805 1744 1702
f 1742 1805 1702
f 1725 1742 1702
f 1715 1761 1703
f 1754 1704 1703
f 1761 1754 1703
f 1706 1773 1705
f 1722 1774 1706
f 1774 1773 1706
f 1757 1745 1707
f 1829 1758 1708
f 1746 1829 1708
f 1758 1710 1708
f 1727 1757 1709
f 1733 1727 1709
f 1758 1728 1710
f 1728 1713 1710
f 1752 1753 1711
f 1753 1712 1711
f 1729 1777 1713
f 1728 1729 1713
f 1778 1730 1714
f 1716 1778 1714
f 1730 1723 1714
f 1822 1810 1715
f 1810 1761 1715
f 1777 1822 1715
f 1762 1839 1716
f 1839 1811 1716
f 1811 1778 1716
f 1754 1762 1716
f 1718 1750 1717
f 1751 1750 1718
f 1779 1759 1719
f 1759 1726 1719
f 1853 1780 1720
f 1760 1853 1720
f 1766 1760 1720
f 1818 1779 1721
f 1846 1818 1721
f 1773 1846 1721
f 1831 1819 1722
f 1819 1774 1722
f 1780 1831 1722
f 1731 1788 1723
f 1730 1731 1723
f 1735 1787 1724
f 1787 1732 1724
f 1732 1734 1724
f 1789 1763 1725
f 1739 1789 1725
f 1763 1742 1725
f 1869 1790 1726
f 1764 1869 1726
f 1759 1764 1726
f 1826 1757 1727
f 1747 1826 1727
f 1733 1747 1727
f 1758 1827 1728
f 1827 1748 1728
f 1748 1729 1728
f 1848 1777 1729
f 1755 1848 1729
f 1748 1755 1729
f 1778 1756 1730
f 1756 1731 1730
f 1865 1788 1731
f 1771 1865 1731
f 1756 1771 1731
f 1787 1772 1732
f 1772 1734 1732
f 1797 1747 1733
f 1772 1798 1734
f 1782 1841 1735
f 1841 1813 1735
f 1813 1787 1735
f 1753 1782 1735
f 1812 1781 1736
f 1834 1812 1736
f 1781 1752 1736
f 1788 1834 1736
f 1749 1793 1737
f 1738 1749 1737
f 1750 1785 1739
f 1785 1844 1739
f 1844 1816 1739
f 1816 1789 1739
f 1851 1817 1740
f 1790 1851 1740
f 1786 1751 1740
f 1817 1786 1740
f 1804 1767 1741
f 1743 1804 1741
f 1767 1765 1741
f 1879 1805 1742
f 1768 1879 1742
f 1763 1768 1742
f 1814 1804 1743
f 1793 1814 1743
f 1794 1749 1744
f 1815 1794 1744
f 1871 1815 1744
f 1805 1871 1744
f 1757 1828 1745
f 1828 1829 1745
f 1829 1746 1745
f 1884 1826 1747
f 1791 1884 1747
f 1797 1791 1747
f 1827 1792 1748
f 1792 1755 1748
f 1794 1793 1749
f 1751 1785 1750
f 1786 1785 1751
f 1781 1782 1752
f 1782 1753 1752
f 1761 1762 1754
f 1906 1848 1755
f 1795 1906 1755
f 1792 1795 1755
f 1778 1849 1756
f 1849 1796 1756
f 1796 1771 1756
f 1808 1828 1757
f 1880 1808 1757
f 1826 1880 1757
f 1809 1827 1758
f 1829 1809 1758
f 1852 1769 1759
f 1779 1852 1759
f 1769 1764 1759
f 1770 1853 1760
f 1766 1770 1760
f 1810 1838 1761
f 1838 1762 1761
f 1838 1839 1762
f 1868 1775 1763
f 1789 1868 1763
f 1775 1768 1763
f 1776 1869 1764
f 1769 1776 1764
f 1767 1783 1765
f 1783 1832 1765
f 1832 1856 1765
f 1807 1770 1766
f 1857 1807 1766
f 1878 1783 1767
f 1804 1878 1767
f 1784 1879 1768
f 1775 1784 1768
f 1852 1806 1769
f 1806 1776 1769
f 1911 1853 1770
f 1807 1911 1770
f 1920 1865 1771
f 1802 1920 1771
f 1796 1802 1771
f 1864 1803 1772
f 1787 1864 1772
f 1803 1798 1772
f 1774 1847 1773
f 1847 1846 1773
f 1819 1847 1774
f 1868 1824 1775
f 1824 1784 1775
f 1925 1869 1776
f 1825 1925 1776
f 1806 1825 1776
f 1848 1822 1777
f 1811 1823 1778
f 1823 1897 1778
f 1897 1849 1778
f 1818 1830 1779
f 1899 1852 1779
f 1830 1899 1779
f 1853 1831 1780
f 1812 1840 1781
f 1840 1841 1781
f 1841 1782 1781
f 1878 1832 1783
f 1939 1879 1784
f 1833 1939 1784
f 1824 1833 1784
f 1786 1844 1785
f 1817 1845 1786
f 1845 1844 1786
f 1915 1864 1787
f 1813 1835 1787
f 1835 1915 1787
f 1865 1834 1788
f 1898 1868 1789
f 1816 1850 1789
f 1850 1898 1789
f 1869 1851 1790
f 1800 1884 1791
f 1797 1800 1791
f 1827 1885 1792
f 1885 1801 1792
f 1801 1795 1792
f 1842 1814 1793
f 1794 1842 1793
f 1815 1843 1794
f 1843 1842 1794
f 1963 1906 1795
f 1866 1963 1795
f 1855 1866 1795
f 1801 1855 1795
f 1849 1907 1796
f 1907 1799 1796
f 1799 1802 1796
f 1854 1800 1797
f 1886 1854 1797
f 1803 1821 1798
f 1821 1875 1798
f 1875 1887 1798
f 1907 1867 1799
f 1820 1802 1799
f 1867 1820 1799
f 1946 1884 1800
f 1854 1946 1800
f 1885 1855 1801
f 1820 1920 1802
f 1921 1821 1803
f 1864 1921 1803
f 1870 1900 1804
f 1900 1878 1804
f 1814 1870 1804
f 1901 1871 1805
f 1879 1901 1805
f 1910 1860 1806
f 1852 1910 1806
f 1860 1825 1806
f 1967 1911 1807
f 1861 1967 1807
f 1857 1861 1807
f 1836 1828 1808
f 1837 1836 1808
f 1809 1837 1808
f 1881 1809 1808
f 1880 1881 1808
f 1829 1837 1809
f 1881 1827 1809
f 1839 1838 1810
f 1811 1839 1810
f 1822 1811 1810
f 1822 1823 1811
f 1841 1840 1812
f 1813 1841 1812
f 1835 1813 1812
f 1834 1835 1812
f 1815 1870 1814
f 1842 1815 1814
f 1871 1870 1815
f 1842 1843 1815
f 1817 1850 1816
f 1844 1817 1816
f 1851 1850 1817
f 1844 1845 1817
f 1831 1830 1818
f 1819 1831 1818
f 1846 1819 1818
f 1846 1847 1819
f 1984 1920 1820
f 1874 1984 1820
f 1867 1874 1820
f 1921 1875 1821
f 1848 1896 1822
f 1896 1823 1822
f 1896 1897 1823
f 1924 1862 1824
f 1868 1924 1824
f 1862 1833 1824
f 1989 1925 1825
f 1863 1989 1825
f 1860 1863 1825
f 1903 1880 1826
f 1884 1903 1826
f 1881 1945 1827
f 1945 1885 1827
f 1836 1837 1828
f 1837 1829 1828
f 1905 1899 1830
f 1831 1905 1830
f 1853 1905 1831
f 1938 1858 1832
f 1878 1938 1832
f 1858 1856 1832
f 1859 1939 1833
f 1862 1859 1833
f 1865 1914 1834
f 1915 1835 1834
f 1914 1915 1834
f 1906 1902 1848
f 1902 1896 1848
f 1897 1965 1849
f 1965 1907 1849
f 1851 1898 1850
f 1869 1919 1851
f 1919 1898 1851
f 1899 1904 1852
f 1904 1970 1852
f 1970 1910 1852
f 1911 1905 1853
f 2022 1946 1854
f 1888 2022 1854
f 1886 1888 1854
f 1947 1889 1855
f 1885 1947 1855
f 1889 1866 1855
f 1882 1930 1856
f 1858 1882 1856
f 1873 1861 1857
f 1933 1873 1857
f 1938 1882 1858
f 1995 1939 1859
f 1883 1995 1859
f 1876 1883 1859
f 1862 1876 1859
f 1910 1966 1860
f 1966 1872 1860
f 1872 1863 1860
f 1873 1967 1861
f 1988 1876 1862
f 1924 1988 1862
f 1877 1989 1863
f 1872 1877 1863
f 1915 1921 1864
f 1920 1976 1865
f 1976 1914 1865
f 2030 1963 1866
f 1892 2030 1866
f 1889 1892 1866
f 1962 1893 1867
f 1907 1962 1867
f 1893 1874 1867
f 1918 1924 1868
f 1898 1918 1868
f 1925 1981 1869
f 1981 1919 1869
f 1871 1900 1870
f 1901 1900 1871
f 1966 1912 1872
f 1912 1877 1872
f 2043 1967 1873
f 1913 2043 1873
f 1933 1913 1873
f 1890 1984 1874
f 1893 1890 1874
f 1921 1985 1875
f 1985 1891 1875
f 1891 1887 1875
f 1988 1922 1876
f 1922 1883 1876
f 2055 1989 1877
f 1923 2055 1877
f 1912 1923 1877
f 1936 1938 1878
f 1900 1936 1878
f 1937 1901 1879
f 1979 1937 1879
f 1939 1979 1879
f 1903 1881 1880
f 1903 1945 1881
f 1994 1931 1882
f 1938 1994 1882
f 1931 1930 1882
f 2061 1995 1883
f 1932 2061 1883
f 1922 1932 1883
f 1946 1972 1884
f 1972 1944 1884
f 1944 1903 1884
f 1945 1947 1885
f 1960 1940 1886
f 1940 1894 1886
f 1894 1888 1886
f 1951 1961 1887
f 1917 1951 1887
f 1891 1917 1887
f 1894 2022 1888
f 1947 2023 1889
f 2023 1895 1889
f 1895 1892 1889
f 2048 1984 1890
f 1916 2048 1890
f 1893 1909 1890
f 1909 1916 1890
f 1985 1917 1891
f 1908 2030 1892
f 1895 1908 1892
f 2031 1909 1893
f 1962 2031 1893
f 2078 2022 1894
f 1940 2078 1894
f 2023 1941 1895
f 1941 1908 1895
f 1902 1897 1896
f 1902 1964 1897
f 1964 1965 1897
f 1919 1918 1898
f 1905 1904 1899
f 1901 1936 1900
f 1937 1936 1901
f 1906 1964 1902
f 1944 1945 1903
f 1971 1970 1904
f 1905 1971 1904
f 1911 1971 1905
f 1974 1964 1906
f 1963 1974 1906
f 1965 1962 1907
f 2088 2030 1908
f 1942 2088 1908
f 1941 1942 1908
f 2031 1943 1909
f 1943 1916 1909
f 1970 1966 1910
f 1967 1983 1911
f 1983 1971 1911
f 2042 1928 1912
f 1966 2042 1912
f 1928 1923 1912
f 1929 2043 1913
f 1933 1929 1913
f 1976 1915 1914
f 1977 1921 1915
f 1976 1977 1915
f 2112 2048 1916
f 1950 2112 1916
f 1943 1950 1916
f 2049 1951 1917
f 1985 2049 1917
f 1980 1924 1918
f 1919 1980 1918
f 1981 1980 1919
f 2024 1976 1920
f 1984 2024 1920
f 2104 1985 1921
f 2025 2104 1921
f 1977 2025 1921
f 2054 1926 1922
f 1988 2054 1922
f 1926 1932 1922
f 1927 2055 1923
f 1928 1927 1923
f 2118 1988 1924
f 2028 2118 1924
f 1980 2028 1924
f 1989 2029 1925
f 2029 1981 1925
f 2054 1952 1926
f 1952 1935 1926
f 1935 1932 1926
f 2117 2055 1927
f 1953 2117 1927
f 1948 1953 1927
f 1928 1948 1927
f 2100 1948 1928
f 2042 2100 1928
f 2101 2043 1929
f 1949 2101 1929
f 1933 1949 1929
f 1968 2002 1930
f 1934 1968 1930
f 1931 1934 1930
f 2060 1934 1931
f 1994 2060 1931
f 1935 2061 1932
f 2003 1949 1933
f 2060 1968 1934
f 2133 2061 1935
f 1969 2133 1935
f 1952 1969 1935
f 1978 1938 1936
f 1937 1978 1936
f 1979 1978 1937
f 2136 1994 1938
f 2052 2136 1938
f 1978 2052 1938
f 2053 1979 1939
f 1995 2053 1939
f 1956 2078 1940
f 1960 1956 1940
f 2079 1957 1941
f 2023 2079 1941
f 1957 1942 1941
f 1954 2088 1942
f 1957 1954 1942
f 2031 2089 1943
f 2089 1955 1943
f 1955 1950 1943
f 1973 1945 1944
f 1972 1973 1944
f 1973 1947 1945
f 2070 2008 1946
f 2008 1972 1946
f 2106 2070 1946
f 2022 2106 1946
f 2107 2023 1947
f 2071 2107 1947
f 1973 2071 1947
f 2100 1992 1948
f 1992 1953 1948
f 2179 2101 1949
f 1993 2179 1949
f 2003 1993 1949
f 1958 2112 1950
f 1955 1958 1950
f 2049 2113 1951
f 2113 1959 1951
f 1959 1961 1951
f 2116 2000 1952
f 2054 2116 1952
f 2000 1969 1952
f 2205 2117 1953
f 2001 2205 1953
f 1992 2001 1953
f 2172 2088 1954
f 1990 2172 1954
f 1987 1990 1954
f 1957 1987 1954
f 2089 1991 1955
f 1991 1958 1955
f 2145 2078 1956
f 1986 2145 1956
f 1960 1986 1956
f 2144 1987 1957
f 2079 2144 1957
f 2196 2112 1958
f 2004 2196 1958
f 1991 2004 1958
f 2113 2005 1959
f 2005 1961 1959
f 2040 1986 1960
f 2005 2041 1961
f 2201 2031 1962
f 2083 2201 1962
f 1975 2083 1962
f 1965 1975 1962
f 2010 1974 1963
f 2082 2010 1963
f 2030 2082 1963
f 1974 1965 1964
f 1974 1975 1965
f 2220 2042 1966
f 2086 2220 1966
f 1982 2086 1966
f 1970 1982 1966
f 2087 2019 1967
f 2019 1983 1967
f 2105 2087 1967
f 2043 2105 1967
f 2132 1996 1968
f 2060 2132 1968
f 1996 2002 1968
f 2245 2133 1969
f 1997 2245 1969
f 2000 1997 1969
f 1983 1982 1970
f 1971 1983 1970
f 2008 1973 1972
f 2009 2071 1973
f 2008 2009 1973
f 2010 1975 1974
f 2011 2083 1975
f 2010 2011 1975
f 2024 2012 1976
f 2012 1977 1976
f 2013 2025 1977
f 2012 2013 1977
f 2014 2052 1978
f 2015 2014 1978
f 1979 2015 1978
f 2053 2015 1979
f 2016 2028 1980
f 2017 2016 1980
f 1981 2017 1980
f 2029 2017 1981
f 2018 2086 1982
f 2019 2018 1982
f 1983 2019 1982
f 2110 2024 1984
f 2048 2110 1984
f 2263 2049 1985
f 2111 2263 1985
f 2104 2111 1985
f 2276 2145 1986
f 2026 2276 1986
f 2040 2026 1986
f 2144 2027 1987
f 2027 1990 1987
f 2164 2054 1988
f 2118 2164 1988
f 2055 2119 1989
f 2119 2029 1989
f 2282 2172 1990
f 2032 2282 1990
f 2027 2032 1990
f 2173 2033 1991
f 2089 2173 1991
f 2033 2004 1991
f 2178 1998 1992
f 2100 2178 1992
f 1998 2001 1992
f 1999 2179 1993
f 2003 1999 1993
f 2162 2060 1994
f 2270 2162 1994
f 2136 2270 1994
f 2137 2053 1995
f 2163 2137 1995
f 2193 2163 1995
f 2061 2193 1995
f 2244 2020 1996
f 2132 2244 1996
f 2020 2002 1996
f 2021 2245 1997
f 2006 2021 1997
f 2000 2006 1997
f 2178 2044 1998
f 2044 2007 1998
f 2007 2001 1998
f 2285 2179 1999
f 2045 2285 1999
f 2003 2045 1999
f 2204 2006 2000
f 2116 2204 2000
f 2007 2205 2001
f 2020 2056 2002
f 2056 2062 2002
f 2063 2045 2003
f 2291 2196 2004
f 2036 2291 2004
f 2033 2036 2004
f 2197 2037 2005
f 2113 2197 2005
f 2037 2041 2005
f 2204 2050 2006
f 2050 2021 2006
f 2293 2205 2007
f 2051 2293 2007
f 2044 2051 2007
f 2071 2009 2008
f 2070 2071 2008
f 2082 2011 2010
f 2082 2083 2011
f 2025 2013 2012
f 2024 2025 2012
f 2015 2052 2014
f 2053 2052 2015
f 2017 2028 2016
f 2029 2028 2017
f 2019 2087 2018
f 2087 2086 2018
f 2244 2056 2020
f 2303 2245 2021
f 2057 2303 2021
f 2050 2057 2021
f 2226 2156 2022
f 2170 2106 2022
f 2156 2170 2022
f 2078 2226 2022
f 2171 2265 2023
f 2265 2157 2023
f 2157 2079 2023
f 2107 2171 2023
f 2104 2025 2024
f 2110 2104 2024
f 2034 2276 2026
f 2040 2034 2026
f 2144 2277 2027
f 2277 2035 2027
f 2035 2032 2027
f 2029 2118 2028
f 2119 2118 2029
f 2278 2158 2030
f 2200 2082 2030
f 2158 2200 2030
f 2088 2278 2030
f 2159 2089 2031
f 2201 2159 2031
f 2038 2282 2032
f 2035 2038 2032
f 2173 2283 2033
f 2283 2039 2033
f 2039 2036 2033
f 2304 2276 2034
f 2058 2304 2034
f 2040 2058 2034
f 2277 2059 2035
f 2059 2038 2035
f 2046 2291 2036
f 2039 2046 2036
f 2290 2047 2037
f 2197 2290 2037
f 2047 2041 2037
f 2308 2282 2038
f 2072 2308 2038
f 2059 2072 2038
f 2283 2073 2039
f 2073 2046 2039
f 2090 2058 2040
f 2047 2077 2041
f 2077 2091 2041
f 2166 2100 2042
f 2220 2166 2042
f 2281 2167 2043
f 2101 2281 2043
f 2221 2105 2043
f 2167 2221 2043
f 2284 2064 2044
f 2178 2284 2044
f 2064 2051 2044
f 2311 2285 2045
f 2065 2311 2045
f 2063 2065 2045
f 2314 2291 2046
f 2076 2314 2046
f 2073 2076 2046
f 2290 2077 2047
f 2262 2110 2048
f 2160 2262 2048
f 2286 2160 2048
f 2112 2286 2048
f 2161 2113 2049
f 2263 2161 2049
f 2292 2066 2050
f 2204 2292 2050
f 2066 2057 2050
f 2317 2293 2051
f 2067 2317 2051
f 2064 2067 2051
f 2053 2136 2052
f 2137 2136 2053
f 2288 2116 2054
f 2164 2288 2054
f 2117 2165 2055
f 2165 2119 2055
f 2302 2068 2056
f 2244 2302 2056
f 2068 2062 2056
f 2069 2303 2057
f 2066 2069 2057
f 2327 2304 2058
f 2092 2327 2058
f 2090 2092 2058
f 2305 2093 2059
f 2277 2305 2059
f 2093 2072 2059
f 2299 2132 2060
f 2192 2299 2060
f 2162 2192 2060
f 2133 2193 2061
f 2084 2124 2062
f 2068 2084 2062
f 2075 2065 2063
f 2125 2075 2063
f 2310 2074 2064
f 2284 2310 2064
f 2074 2067 2064
f 2075 2311 2065
f 2316 2080 2066
f 2292 2316 2066
f 2080 2069 2066
f 2081 2317 2067
f 2074 2081 2067
f 2302 2084 2068
f 2321 2303 2069
f 2085 2321 2069
f 2080 2085 2069
f 2107 2071 2070
f 2106 2107 2070
f 2340 2308 2072
f 2094 2340 2072
f 2093 2094 2072
f 2309 2095 2073
f 2283 2309 2073
f 2095 2076 2073
f 2310 2108 2074
f 2108 2081 2074
f 2343 2311 2075
f 2109 2343 2075
f 2125 2109 2075
f 2096 2314 2076
f 2095 2096 2076
f 2290 2315 2077
f 2315 2097 2077
f 2097 2091 2077
f 2145 2296 2078
f 2296 2226 2078
f 2297 2144 2079
f 2157 2227 2079
f 2227 2297 2079
f 2316 2120 2080
f 2120 2085 2080
f 2347 2317 2081
f 2121 2347 2081
f 2108 2121 2081
f 2200 2201 2082
f 2201 2083 2082
f 2320 2122 2084
f 2302 2320 2084
f 2122 2124 2084
f 2349 2321 2085
f 2123 2349 2085
f 2120 2123 2085
f 2087 2105 2086
f 2105 2221 2086
f 2221 2220 2086
f 2172 2294 2088
f 2294 2278 2088
f 2295 2173 2089
f 2279 2295 2089
f 2159 2279 2089
f 2146 2130 2090
f 2130 2098 2090
f 2098 2092 2090
f 2141 2147 2091
f 2115 2141 2091
f 2097 2115 2091
f 2098 2327 2092
f 2305 2326 2093
f 2326 2099 2093
f 2099 2094 2093
f 2102 2340 2094
f 2099 2102 2094
f 2309 2341 2095
f 2341 2103 2095
f 2103 2096 2095
f 2344 2314 2096
f 2114 2344 2096
f 2103 2114 2096
f 2315 2115 2097
f 2351 2327 2098
f 2130 2351 2098
f 2326 2131 2099
f 2131 2102 2099
f 2280 2318 2100
f 2166 2280 2100
f 2318 2178 2100
f 2179 2281 2101
f 2352 2340 2102
f 2134 2352 2102
f 2131 2134 2102
f 2341 2135 2103
f 2135 2114 2103
f 2110 2111 2104
f 2171 2107 2106
f 2170 2171 2106
f 2342 2128 2108
f 2310 2342 2108
f 2128 2121 2108
f 2129 2343 2109
f 2125 2129 2109
f 2262 2111 2110
f 2262 2263 2111
f 2298 2286 2112
f 2196 2298 2112
f 2323 2197 2113
f 2287 2323 2113
f 2161 2287 2113
f 2356 2344 2114
f 2140 2356 2114
f 2135 2140 2114
f 2345 2141 2115
f 2315 2345 2115
f 2324 2204 2116
f 2288 2324 2116
f 2205 2289 2117
f 2289 2165 2117
f 2272 2164 2118
f 2119 2273 2118
f 2273 2272 2118
f 2165 2273 2119
f 2346 2126 2120
f 2316 2346 2120
f 2126 2123 2120
f 2127 2347 2121
f 2128 2127 2121
f 2348 2154 2122
f 2320 2348 2122
f 2154 2124 2122
f 2361 2349 2123
f 2155 2361 2123
f 2126 2142 2123
f 2142 2155 2123
f 2154 2182 2124
f 2183 2139 2125
f 2139 2129 2125
f 2346 2142 2126
f 2359 2347 2127
f 2143 2359 2127
f 2138 2143 2127
f 2128 2138 2127
f 2354 2138 2128
f 2342 2354 2128
f 2355 2343 2129
f 2139 2355 2129
f 2374 2351 2130
f 2152 2374 2130
f 2146 2152 2130
f 2350 2153 2131
f 2326 2350 2131
f 2153 2134 2131
f 2300 2244 2132
f 2299 2300 2132
f 2335 2301 2133
f 2301 2193 2133
f 2245 2335 2133
f 2150 2352 2134
f 2153 2150 2134
f 2353 2151 2135
f 2341 2353 2135
f 2151 2140 2135
f 2137 2271 2136
f 2271 2270 2136
f 2163 2271 2137
f 2354 2176 2138
f 2176 2143 2138
f 2381 2355 2139
f 2177 2381 2139
f 2183 2177 2139
f 2148 2356 2140
f 2151 2148 2140
f 2357 2149 2141
f 2345 2357 2141
f 2149 2147 2141
f 2358 2184 2142
f 2346 2358 2142
f 2184 2155 2142
f 2385 2359 2143
f 2185 2385 2143
f 2176 2185 2143
f 2307 2277 2144
f 2297 2307 2144
f 2276 2328 2145
f 2328 2306 2145
f 2306 2296 2145
f 2168 2152 2146
f 2212 2168 2146
f 2189 2213 2147
f 2149 2189 2147
f 2382 2356 2148
f 2188 2382 2148
f 2151 2175 2148
f 2175 2188 2148
f 2357 2189 2149
f 2379 2352 2150
f 2174 2379 2150
f 2169 2174 2150
f 2153 2169 2150
f 2353 2175 2151
f 2168 2374 2152
f 2375 2169 2153
f 2350 2375 2153
f 2360 2186 2154
f 2348 2360 2154
f 2186 2182 2154
f 2389 2361 2155
f 2187 2389 2155
f 2184 2187 2155
f 2264 2170 2156
f 2265 2264 2156
f 2157 2265 2156
f 2226 2227 2156
f 2227 2157 2156
f 2266 2200 2158
f 2267 2266 2158
f 2159 2267 2158
f 2278 2279 2158
f 2279 2159 2158
f 2201 2267 2159
f 2268 2262 2160
f 2269 2268 2160
f 2161 2269 2160
f 2287 2161 2160
f 2286 2287 2160
f 2263 2269 2161
f 2193 2192 2162
f 2163 2193 2162
f 2270 2163 2162
f 2270 2271 2163
f 2289 2288 2164
f 2165 2289 2164
f 2272 2165 2164
f 2272 2273 2165
f 2220 2274 2166
f 2281 2280 2166
f 2167 2281 2166
f 2274 2167 2166
f 2275 2221 2167
f 2274 2275 2167
f 2391 2374 2168
f 2198 2391 2168
f 2212 2198 2168
f 2375 2199 2169
f 2199 2174 2169
f 2265 2171 2170
f 2264 2265 2170
f 2282 2330 2172
f 2330 2312 2172
f 2312 2294 2172
f 2313 2283 2173
f 2295 2313 2173
f 2392 2379 2174
f 2202 2392 2174
f 2199 2202 2174
f 2353 2378 2175
f 2378 2203 2175
f 2203 2188 2175
f 2380 2180 2176
f 2354 2380 2176
f 2180 2185 2176
f 2181 2381 2177
f 2183 2181 2177
f 2318 2284 2178
f 2285 2339 2179
f 2339 2319 2179
f 2319 2281 2179
f 2380 2214 2180
f 2214 2191 2180
f 2191 2185 2180
f 2395 2381 2181
f 2215 2395 2181
f 2183 2215 2181
f 2222 2234 2182
f 2194 2222 2182
f 2186 2194 2182
f 2235 2215 2183
f 2384 2190 2184
f 2358 2384 2184
f 2190 2187 2184
f 2191 2385 2185
f 2388 2194 2186
f 2360 2388 2186
f 2195 2389 2187
f 2190 2195 2187
f 2396 2382 2188
f 2208 2396 2188
f 2203 2208 2188
f 2357 2383 2189
f 2383 2209 2189
f 2209 2213 2189
f 2384 2218 2190
f 2218 2195 2190
f 2399 2385 2191
f 2219 2399 2191
f 2214 2219 2191
f 2301 2299 2192
f 2193 2301 2192
f 2388 2222 2194
f 2403 2389 2195
f 2223 2403 2195
f 2218 2223 2195
f 2291 2332 2196
f 2332 2322 2196
f 2322 2298 2196
f 2323 2290 2197
f 2206 2391 2198
f 2212 2206 2198
f 2375 2390 2199
f 2390 2207 2199
f 2207 2202 2199
f 2266 2267 2200
f 2267 2201 2200
f 2210 2392 2202
f 2207 2210 2202
f 2378 2393 2203
f 2393 2211 2203
f 2211 2208 2203
f 2324 2292 2204
f 2293 2337 2205
f 2337 2325 2205
f 2325 2289 2205
f 2407 2391 2206
f 2224 2407 2206
f 2212 2224 2206
f 2390 2225 2207
f 2225 2210 2207
f 2216 2396 2208
f 2211 2216 2208
f 2383 2397 2209
f 2397 2217 2209
f 2217 2213 2209
f 2408 2392 2210
f 2236 2408 2210
f 2225 2236 2210
f 2393 2237 2211
f 2237 2216 2211
f 2254 2224 2212
f 2217 2241 2213
f 2241 2255 2213
f 2394 2232 2214
f 2380 2394 2214
f 2232 2219 2214
f 2411 2395 2215
f 2233 2411 2215
f 2235 2233 2215
f 2412 2396 2216
f 2240 2412 2216
f 2237 2240 2216
f 2397 2241 2217
f 2398 2228 2218
f 2384 2398 2218
f 2228 2223 2218
f 2229 2415 2219
f 2415 2399 2219
f 2232 2229 2219
f 2221 2275 2220
f 2275 2274 2220
f 2402 2230 2222
f 2388 2402 2222
f 2230 2234 2222
f 2231 2403 2223
f 2228 2231 2223
f 2418 2407 2224
f 2252 2418 2224
f 2254 2252 2224
f 2406 2253 2225
f 2390 2406 2225
f 2253 2236 2225
f 2296 2297 2226
f 2297 2227 2226
f 2414 2242 2228
f 2398 2414 2228
f 2242 2231 2228
f 2243 2415 2229
f 2238 2243 2229
f 2232 2238 2229
f 2402 2246 2230
f 2246 2234 2230
f 2417 2403 2231
f 2247 2417 2231
f 2242 2247 2231
f 2410 2238 2232
f 2394 2410 2232
f 2239 2411 2233
f 2235 2239 2233
f 2246 2256 2234
f 2256 2254 2234
f 2255 2239 2235
f 2420 2408 2236
f 2250 2420 2236
f 2253 2250 2236
f 2409 2251 2237
f 2393 2409 2237
f 2251 2240 2237
f 2410 2260 2238
f 2260 2243 2238
f 2423 2411 2239
f 2261 2423 2239
f 2255 2261 2239
f 2248 2412 2240
f 2251 2248 2240
f 2397 2413 2241
f 2413 2249 2241
f 2249 2255 2241
f 2414 2258 2242
f 2258 2247 2242
f 2421 2415 2243
f 2259 2421 2243
f 2260 2259 2243
f 2334 2376 2244
f 2300 2334 2244
f 2442 2302 2244
f 2376 2442 2244
f 2303 2377 2245
f 2377 2335 2245
f 2416 2256 2246
f 2402 2416 2246
f 2419 2417 2247
f 2257 2419 2247
f 2258 2257 2247
f 2422 2412 2248
f 2260 2422 2248
f 2251 2259 2248
f 2259 2260 2248
f 2413 2423 2249
f 2423 2261 2249
f 2261 2255 2249
f 2258 2420 2250
f 2257 2258 2250
f 2253 2257 2250
f 2409 2421 2251
f 2421 2259 2251
f 2256 2418 2252
f 2254 2256 2252
f 2406 2419 2253
f 2419 2257 2253
f 2416 2418 2256
f 2414 2420 2258
f 2410 2422 2260
f 2268 2263 2262
f 2268 2269 2263
f 2386 2328 2276
f 2304 2386 2276
f 2444 2305 2277
f 2387 2444 2277
f 2329 2387 2277
f 2307 2329 2277
f 2294 2295 2278
f 2295 2279 2278
f 2281 2318 2280
f 2319 2318 2281
f 2400 2364 2282
f 2364 2330 2282
f 2445 2400 2282
f 2308 2445 2282
f 2446 2309 2283
f 2401 2446 2283
f 2331 2401 2283
f 2313 2331 2283
f 2447 2310 2284
f 2404 2447 2284
f 2338 2404 2284
f 2318 2338 2284
f 2405 2373 2285
f 2373 2339 2285
f 2448 2405 2285
f 2311 2448 2285
f 2298 2287 2286
f 2298 2323 2287
f 2289 2324 2288
f 2325 2324 2289
f 2323 2333 2290
f 2451 2315 2290
f 2425 2451 2290
f 2333 2425 2290
f 2450 2424 2291
f 2424 2366 2291
f 2366 2332 2291
f 2314 2450 2291
f 2426 2479 2292
f 2336 2426 2292
f 2324 2336 2292
f 2479 2316 2292
f 2427 2371 2293
f 2371 2337 2293
f 2452 2427 2293
f 2317 2452 2293
f 2312 2313 2294
f 2313 2295 2294
f 2306 2307 2296
f 2307 2297 2296
f 2322 2323 2298
f 2301 2300 2299
f 2335 2334 2300
f 2301 2335 2300
f 2485 2320 2302
f 2442 2485 2302
f 2443 2377 2303
f 2449 2443 2303
f 2321 2449 2303
f 2457 2386 2304
f 2428 2457 2304
f 2440 2428 2304
f 2327 2440 2304
f 2458 2492 2305
f 2492 2429 2305
f 2429 2326 2305
f 2444 2458 2305
f 2328 2329 2306
f 2329 2307 2306
f 2463 2445 2308
f 2430 2463 2308
f 2453 2430 2308
f 2340 2453 2308
f 2464 2494 2309
f 2494 2431 2309
f 2431 2341 2309
f 2446 2464 2309
f 2465 2501 2310
f 2501 2438 2310
f 2438 2342 2310
f 2447 2465 2310
f 2456 2439 2311
f 2466 2448 2311
f 2439 2466 2311
f 2343 2456 2311
f 2330 2331 2312
f 2331 2313 2312
f 2432 2469 2314
f 2459 2432 2314
f 2344 2459 2314
f 2469 2450 2314
f 2433 2345 2315
f 2470 2433 2315
f 2451 2470 2315
f 2436 2346 2316
f 2479 2436 2316
f 2480 2452 2317
f 2437 2480 2317
f 2462 2437 2317
f 2347 2462 2317
f 2319 2338 2318
f 2339 2338 2319
f 2434 2348 2320
f 2485 2434 2320
f 2468 2435 2321
f 2349 2468 2321
f 2486 2449 2321
f 2435 2486 2321
f 2332 2333 2322
f 2333 2323 2322
f 2325 2336 2324
f 2337 2336 2325
f 2472 2350 2326
f 2429 2441 2326
f 2441 2472 2326
f 2351 2440 2327
f 2386 2362 2328
f 2362 2329 2328
f 2363 2387 2329
f 2362 2363 2329
f 2364 2331 2330
f 2365 2401 2331
f 2364 2365 2331
f 2366 2333 2332
f 2367 2425 2333
f 2366 2367 2333
f 2368 2376 2334
f 2369 2368 2334
f 2335 2369 2334
f 2377 2369 2335
f 2370 2426 2336
f 2371 2370 2336
f 2337 2371 2336
f 2372 2404 2338
f 2373 2372 2338
f 2339 2373 2338
f 2352 2453 2340
f 2431 2454 2341
f 2454 2482 2341
f 2482 2353 2341
f 2478 2354 2342
f 2438 2455 2342
f 2455 2478 2342
f 2355 2456 2343
f 2474 2459 2344
f 2356 2474 2344
f 2475 2357 2345
f 2433 2460 2345
f 2460 2475 2345
f 2476 2358 2346
f 2436 2461 2346
f 2461 2476 2346
f 2477 2462 2347
f 2359 2477 2347
f 2503 2360 2348
f 2467 2503 2348
f 2434 2467 2348
f 2361 2468 2349
f 2472 2506 2350
f 2506 2375 2350
f 2374 2473 2351
f 2471 2440 2351
f 2473 2471 2351
f 2481 2453 2352
f 2509 2481 2352
f 2379 2509 2352
f 2482 2378 2353
f 2483 2380 2354
f 2478 2483 2354
f 2484 2456 2355
f 2518 2484 2355
f 2381 2518 2355
f 2487 2474 2356
f 2511 2487 2356
f 2382 2511 2356
f 2488 2383 2357
f 2475 2488 2357
f 2489 2384 2358
f 2476 2489 2358
f 2385 2516 2359
f 2516 2490 2359
f 2490 2477 2359
f 2503 2388 2360
f 2389 2514 2361
f 2514 2504 2361
f 2504 2468 2361
f 2386 2387 2362
f 2387 2363 2362
f 2400 2401 2364
f 2401 2365 2364
f 2424 2425 2366
f 2425 2367 2366
f 2369 2377 2368
f 2377 2376 2368
f 2371 2426 2370
f 2427 2426 2371
f 2373 2404 2372
f 2405 2404 2373
f 2507 2505 2374
f 2505 2473 2374
f 2391 2507 2374
f 2506 2390 2375
f 2377 2443 2376
f 2443 2442 2376
f 2482 2510 2378
f 2577 2393 2378
f 2561 2577 2378
f 2510 2561 2378
f 2560 2509 2379
f 2392 2560 2379
f 2483 2517 2380
f 2580 2394 2380
f 2562 2580 2380
f 2517 2562 2380
f 2563 2518 2381
f 2395 2563 2381
f 2564 2511 2382
f 2396 2564 2382
f 2572 2397 2383
f 2565 2572 2383
f 2512 2565 2383
f 2488 2512 2383
f 2573 2398 2384
f 2566 2573 2384
f 2515 2566 2384
f 2489 2515 2384
f 2567 2516 2385
f 2574 2567 2385
f 2399 2574 2385
f 2457 2444 2386
f 2444 2387 2386
f 2513 2568 2388
f 2503 2513 2388
f 2575 2402 2388
f 2568 2575 2388
f 2569 2555 2389
f 2555 2514 2389
f 2576 2569 2389
f 2403 2576 2389
f 2506 2508 2390
f 2589 2406 2390
f 2571 2589 2390
f 2508 2571 2390
f 2570 2548 2391
f 2407 2570 2391
f 2548 2507 2391
f 2578 2560 2392
f 2408 2578 2392
f 2591 2409 2393
f 2579 2591 2393
f 2577 2579 2393
f 2602 2529 2394
f 2529 2410 2394
f 2580 2602 2394
f 2581 2563 2395
f 2530 2581 2395
f 2532 2530 2395
f 2411 2532 2395
f 2533 2523 2396
f 2582 2564 2396
f 2523 2582 2396
f 2412 2533 2396
f 2583 2597 2397
f 2597 2524 2397
f 2524 2413 2397
f 2572 2583 2397
f 2527 2414 2398
f 2600 2527 2398
f 2584 2600 2398
f 2573 2584 2398
f 2536 2528 2399
f 2585 2574 2399
f 2528 2585 2399
f 2415 2536 2399
f 2445 2446 2400
f 2446 2401 2400
f 2575 2586 2402
f 2586 2598 2402
f 2598 2525 2402
f 2525 2416 2402
f 2587 2576 2403
f 2526 2587 2403
f 2538 2526 2403
f 2417 2538 2403
f 2405 2447 2404
f 2448 2447 2405
f 2520 2419 2406
f 2589 2520 2406
f 2588 2570 2407
f 2519 2588 2407
f 2539 2519 2407
f 2418 2539 2407
f 2541 2521 2408
f 2420 2541 2408
f 2590 2578 2408
f 2521 2590 2408
f 2522 2421 2409
f 2591 2522 2409
f 2543 2422 2410
f 2531 2543 2410
f 2529 2531 2410
f 2423 2532 2411
f 2422 2533 2412
f 2544 2423 2413
f 2524 2534 2413
f 2534 2544 2413
f 2527 2535 2414
f 2547 2420 2414
f 2535 2547 2414
f 2421 2536 2415
f 2545 2418 2416
f 2525 2537 2416
f 2537 2545 2416
f 2546 2538 2417
f 2419 2546 2417
f 2545 2539 2418
f 2540 2546 2419
f 2520 2540 2419
f 2547 2541 2420
f 2522 2542 2421
f 2542 2536 2421
f 2543 2533 2422
f 2544 2532 2423
f 2450 2451 2424
f 2451 2425 2424
f 2427 2452 2426
f 2452 2479 2426
f 2491 2457 2428
f 2492 2491 2428
f 2429 2492 2428
f 2441 2429 2428
f 2440 2441 2428
f 2493 2463 2430
f 2494 2493 2430
f 2431 2494 2430
f 2454 2431 2430
f 2453 2454 2430
f 2495 2469 2432
f 2496 2495 2432
f 2433 2496 2432
f 2460 2433 2432
f 2459 2460 2432
f 2470 2496 2433
f 2485 2497 2434
f 2468 2467 2434
f 2435 2468 2434
f 2497 2435 2434
f 2498 2486 2435
f 2497 2498 2435
f 2479 2499 2436
f 2437 2461 2436
f 2499 2437 2436
f 2500 2480 2437
f 2462 2461 2437
f 2499 2500 2437
f 2439 2455 2438
f 2501 2439 2438
f 2502 2466 2439
f 2456 2455 2439
f 2501 2502 2439
f 2471 2441 2440
f 2471 2472 2441
f 2443 2449 2442
f 2449 2486 2442
f 2486 2485 2442
f 2457 2458 2444
f 2463 2464 2445
f 2464 2446 2445
f 2448 2465 2447
f 2466 2465 2448
f 2469 2470 2450
f 2470 2451 2450
f 2480 2479 2452
f 2482 2454 2453
f 2481 2482 2453
f 2456 2478 2455
f 2484 2478 2456
f 2491 2492 2457
f 2492 2458 2457
f 2475 2460 2459
f 2474 2475 2459
f 2462 2476 2461
f 2477 2476 2462
f 2493 2494 2463
f 2494 2464 2463
f 2466 2501 2465
f 2502 2501 2466
f 2468 2503 2467
f 2504 2503 2468
f 2495 2496 2469
f 2496 2470 2469
f 2473 2472 2471
f 2473 2505 2472
f 2505 2506 2472
f 2488 2475 2474
f 2487 2488 2474
f 2477 2489 2476
f 2490 2489 2477
f 2484 2483 2478
f 2480 2499 2479
f 2500 2499 2480
f 2509 2482 2481
f 2509 2510 2482
f 2484 2517 2483
f 2518 2517 2484
f 2486 2498 2485
f 2498 2497 2485
f 2512 2488 2487
f 2511 2512 2487
f 2490 2515 2489
f 2516 2515 2490
f 2504 2513 2503
f 2514 2513 2504
f 2507 2506 2505
f 2507 2508 2506
f 2548 2508 2507
f 2549 2571 2508
f 2548 2549 2508
f 2560 2550 2509
f 2550 2510 2509
f 2551 2561 2510
f 2550 2551 2510
f 2564 2552 2511
f 2552 2512 2511
f 2553 2565 2512
f 2552 2553 2512
f 2554 2568 2513
f 2555 2554 2513
f 2514 2555 2513
f 2556 2566 2515
f 2557 2556 2515
f 2516 2557 2515
f 2567 2557 2516
f 2558 2562 2517
f 2559 2558 2517
f 2518 2559 2517
f 2563 2559 2518
f 2592 2588 2519
f 2593 2592 2519
f 2520 2593 2519
f 2540 2520 2519
f 2539 2540 2519
f 2589 2593 2520
f 2594 2590 2521
f 2595 2594 2521
f 2522 2595 2521
f 2542 2522 2521
f 2541 2542 2521
f 2591 2595 2522
f 2596 2582 2523
f 2597 2596 2523
f 2524 2597 2523
f 2533 2524 2523
f 2533 2534 2524
f 2526 2537 2525
f 2598 2526 2525
f 2599 2587 2526
f 2538 2537 2526
f 2598 2599 2526
f 2536 2535 2527
f 2528 2536 2527
f 2600 2528 2527
f 2601 2585 2528
f 2600 2601 2528
f 2530 2532 2529
f 2532 2531 2529
f 2602 2530 2529
f 2603 2581 2530
f 2602 2603 2530
f 2532 2544 2531
f 2544 2543 2531
f 2543 2534 2533
f 2543 2544 2534
f 2542 2547 2535
f 2536 2542 2535
f 2538 2545 2537
f 2546 2545 2538
f 2546 2540 2539
f 2545 2546 2539
f 2547 2542 2541
f 2570 2549 2548
f 2570 2571 2549
f 2560 2551 2550
f 2560 2561 2551
f 2565 2553 2552
f 2564 2565 2552
f 2555 2568 2554
f 2569 2568 2555
f 2557 2566 2556
f 2567 2566 2557
f 2559 2563 2558
f 2563 2562 2558
f 2578 2561 2560
f 2578 2577 2561
f 2563 2581 2562
f 2581 2580 2562
f 2572 2565 2564
f 2582 2572 2564
f 2567 2573 2566
f 2574 2573 2567
f 2569 2575 2568
f 2576 2575 2569
f 2588 2589 2570
f 2589 2571 2570
f 2582 2583 2572
f 2574 2584 2573
f 2585 2584 2574
f 2576 2586 2575
f 2587 2586 2576
f 2578 2579 2577
f 2590 2579 2578
f 2590 2591 2579
f 2581 2603 2580
f 2603 2602 2580
f 2596 2583 2582
f 2596 2597 2583
f 2585 2600 2584
f 2601 2600 2585
f 2587 2598 2586
f 2599 2598 2587
f 2592 2593 2588
f 2593 2589 2588
f 2594 2595 2590
f 2595 2591 2590
f 2606 2617 2604
f 2617 2605 2604
f 2605 2696 2604
f 2696 2698 2604
f 2698 2606 2604
f 2617 2607 2605
f 2607 2655 2605
f 2655 2658 2605
f 2658 2662 2605
f 2662 2697 2605
f 2697 2696 2605
f 2608 2617 2606
f 2698 2699 2606
f 2699 2608 2606
f 2619 2622 2607
f 2617 2619 2607
f 2622 2770 2607
f 2770 2774 2607
f 2774 2840 2607
f 2840 2905 2607
f 2903 2655 2607
f 2905 2903 2607
f 2609 2617 2608
f 2699 2700 2608
f 2700 2609 2608
f 2610 2617 2609
f 2700 2701 2609
f 2701 2610 2609
f 2611 2617 2610
f 2701 2702 2610
f 2702 2611 2610
f 2612 2617 2611
f 2702 2703 2611
f 2703 2612 2611
f 2613 2617 2612
f 2703 2704 2612
f 2704 2613 2612
f 2614 2617 2613
f 2704 2705 2613
f 2705 2614 2613
f 2615 2617 2614
f 2705 2706 2614
f 2706 2615 2614
f 2616 2617 2615
f 2706 2707 2615
f 2707 2616 2615
f 2618 2617 2616
f 2707 2708 2616
f 2708 2618 2616
f 4479 2619 2617
f 4478 4479 2617
f 2618 2621 2617
f 2621 4478 2617
f 2708 2621 2618
f 4481 2620 2619
f 4479 4481 2619
f 2624 2623 2619
f 2623 2622 2619
f 2627 2626 2619
f 2626 2625 2619
f 2625 2624 2619
f 2620 2629 2619
f 2629 2628 2619
f 2628 2627 2619
f 4481 4482 2620
f 4480 2652 2620
f 4482 4480 2620
f 2652 2636 2620
f 2636 2635 2620
f 2635 2634 2620
f 2631 2630 2620
f 2630 2629 2620
f 2634 2633 2620
f 2633 2632 2620
f 2632 2631 2620
f 2714 4478 2621
f 2708 2714 2621
f 2656 2770 2622
f 2623 2656 2622
f 2663 2661 2623
f 2661 2656 2623
f 2684 2663 2623
f 2624 2684 2623
f 2680 2684 2624
f 2625 2680 2624
f 2676 2680 2625
f 2626 2676 2625
f 2672 2676 2626
f 2627 2672 2626
f 2669 2672 2627
f 2628 2669 2627
f 2673 2669 2628
f 2629 2673 2628
f 2677 2673 2629
f 2630 2677 2629
f 2681 2677 2630
f 2631 2681 2630
f 2685 2681 2631
f 2632 2685 2631
f 2688 2685 2632
f 2633 2688 2632
f 2692 2688 2633
f 2634 2692 2633
f 2694 2692 2634
f 2635 2694 2634
f 2709 2694 2635
f 2636 2710 2635
f 2710 2709 2635
f 2652 2637 2636
f 2637 2710 2636
f 2652 2638 2637
f 2695 2710 2637
f 2638 2695 2637
f 2652 2639 2638
f 2693 2695 2638
f 2639 2693 2638
f 2652 2640 2639
f 2689 2693 2639
f 2640 2689 2639
f 2652 2641 2640
f 2686 2689 2640
f 2641 2686 2640
f 2652 2642 2641
f 2682 2686 2641
f 2642 2682 2641
f 2652 2643 2642
f 2678 2682 2642
f 2643 2678 2642
f 2652 2644 2643
f 2674 2678 2643
f 2644 2674 2643
f 2652 2645 2644
f 2670 2674 2644
f 2645 2670 2644
f 2652 2646 2645
f 2671 2670 2645
f 2646 2671 2645
f 2652 2647 2646
f 2675 2671 2646
f 2647 2675 2646
f 2652 2648 2647
f 2679 2675 2647
f 2648 2679 2647
f 2652 2649 2648
f 2683 2679 2648
f 2649 2683 2648
f 2652 2650 2649
f 2653 2659 2649
f 2650 2653 2649
f 2687 2683 2649
f 2659 2687 2649
f 2652 2651 2650
f 2651 2771 2650
f 2771 2653 2650
f 2654 2841 2651
f 2841 2775 2651
f 2775 2771 2651
f 2652 2654 2651
f 3168 3111 2652
f 3111 3099 2652
f 4480 3255 2652
f 3255 3180 2652
f 3180 3168 2652
f 3099 2711 2652
f 2711 2713 2652
f 2713 2665 2652
f 2665 2660 2652
f 2660 2657 2652
f 2657 2654 2652
f 2771 2659 2653
f 2657 2841 2654
f 2903 2658 2655
f 2661 2770 2656
f 2660 2841 2657
f 2903 2662 2658
f 2771 2664 2659
f 2664 2687 2659
f 2665 2841 2660
f 2663 2770 2661
f 2903 2666 2662
f 2666 2697 2662
f 2667 2770 2663
f 2684 2667 2663
f 2668 2687 2664
f 2771 2668 2664
f 3286 3260 2665
f 3260 2906 2665
f 2906 2841 2665
f 2713 3286 2665
f 2903 2712 2666
f 2712 2697 2666
f 2690 2770 2667
f 2684 2690 2667
f 2691 2687 2668
f 2771 2691 2668
f 2726 2672 2669
f 2723 2726 2669
f 2673 2723 2669
f 2671 2724 2670
f 2724 2728 2670
f 2728 2674 2670
f 2675 2725 2671
f 2725 2724 2671
f 2730 2676 2672
f 2726 2730 2672
f 2727 2723 2673
f 2677 2727 2673
f 2728 2732 2674
f 2732 2678 2674
f 2679 2729 2675
f 2729 2725 2675
f 2734 2680 2676
f 2730 2734 2676
f 2731 2727 2677
f 2681 2731 2677
f 2732 2736 2678
f 2736 2682 2678
f 2683 2733 2679
f 2733 2729 2679
f 2738 2684 2680
f 2734 2738 2680
f 2735 2731 2681
f 2685 2735 2681
f 2736 2740 2682
f 2740 2686 2682
f 2687 2737 2683
f 2737 2733 2683
f 2715 2690 2684
f 2738 2715 2684
f 2739 2735 2685
f 2688 2739 2685
f 2740 2743 2686
f 2743 2689 2686
f 2691 2716 2687
f 2716 2741 2687
f 2741 2737 2687
f 2742 2739 2688
f 2692 2742 2688
f 2743 2747 2689
f 2747 2693 2689
f 2776 2770 2690
f 2715 2776 2690
f 2771 2777 2691
f 2777 2716 2691
f 2746 2742 2692
f 2694 2746 2692
f 2747 2749 2693
f 2749 2695 2693
f 2748 2746 2694
f 2709 2748 2694
f 2749 2764 2695
f 2764 2710 2695
f 2697 2750 2696
f 2750 2752 2696
f 2752 2698 2696
f 2721 2751 2697
f 2712 2721 2697
f 2751 2750 2697
f 2752 2753 2698
f 2753 2699 2698
f 2753 2754 2699
f 2754 2700 2699
f 2754 2755 2700
f 2755 2701 2700
f 2755 2756 2701
f 2756 2702 2701
f 2756 2757 2702
f 2757 2703 2702
f 2757 2758 2703
f 2758 2704 2703
f 2758 2759 2704
f 2759 2705 2704
f 2759 2760 2705
f 2760 2706 2705
f 2760 2761 2706
f 2761 2707 2706
f 2761 2762 2707
f 2762 2708 2707
f 2762 2714 2708
f 2763 2748 2709
f 2710 2764 2709
f 2764 2763 2709
f 3099 2765 2711
f 2717 2713 2711
f 2765 2767 2711
f 2767 2718 2711
f 2718 2717 2711
f 2903 2907 2712
f 2907 2721 2712
f 2717 3288 2713
f 3288 3286 2713
f 2768 4478 2714
f 2762 2768 2714
f 2719 2776 2715
f 2738 2719 2715
f 2720 2741 2716
f 2777 2720 2716
f 2718 3288 2717
f 2767 3288 2718
f 2744 2776 2719
f 2738 2744 2719
f 2745 2741 2720
f 2777 2745 2720
f 2907 2722 2721
f 2722 2751 2721
f 2907 2766 2722
f 2766 2751 2722
f 2792 2726 2723
f 2789 2792 2723
f 2727 2789 2723
f 2725 2790 2724
f 2790 2794 2724
f 2794 2728 2724
f 2729 2791 2725
f 2791 2790 2725
f 2796 2730 2726
f 2792 2796 2726
f 2793 2789 2727
f 2731 2793 2727
f 2794 2798 2728
f 2798 2732 2728
f 2733 2795 2729
f 2795 2791 2729
f 2800 2734 2730
f 2796 2800 2730
f 2797 2793 2731
f 2735 2797 2731
f 2798 2802 2732
f 2802 2736 2732
f 2737 2799 2733
f 2799 2795 2733
f 2804 2738 2734
f 2800 2804 2734
f 2801 2797 2735
f 2739 2801 2735
f 2802 2806 2736
f 2806 2740 2736
f 2741 2803 2737
f 2803 2799 2737
f 2772 2744 2738
f 2804 2772 2738
f 2805 2801 2739
f 2742 2805 2739
f 2806 2809 2740
f 2809 2743 2740
f 2745 2773 2741
f 2773 2807 2741
f 2807 2803 2741
f 2808 2805 2742
f 2746 2808 2742
f 2809 2812 2743
f 2812 2747 2743
f 2772 2833 2744
f 2833 2776 2744
f 2777 2834 2745
f 2834 2773 2745
f 2811 2808 2746
f 2748 2811 2746
f 2812 2814 2747
f 2814 2749 2747
f 2813 2811 2748
f 2763 2813 2748
f 2814 2830 2749
f 2830 2764 2749
f 2751 2816 2750
f 2816 2818 2750
f 2818 2752 2750
f 2766 2781 2751
f 2781 2817 2751
f 2817 2816 2751
f 2818 2819 2752
f 2819 2753 2752
f 2819 2820 2753
f 2820 2754 2753
f 2820 2821 2754
f 2821 2755 2754
f 2821 2822 2755
f 2822 2756 2755
f 2822 2823 2756
f 2823 2757 2756
f 2823 2824 2757
f 2824 2758 2757
f 2824 2825 2758
f 2825 2759 2758
f 2825 2826 2759
f 2826 2760 2759
f 2826 2827 2760
f 2827 2761 2760
f 2827 2828 2761
f 2828 2762 2761
f 2769 2768 2762
f 2828 2769 2762
f 2829 2813 2763
f 2764 2830 2763
f 2830 2829 2763
f 3099 2831 2765
f 2832 2782 2765
f 2831 2832 2765
f 2782 2778 2765
f 2778 2767 2765
f 2907 2971 2766
f 2971 2781 2766
f 3293 3288 2767
f 2778 3293 2767
f 2769 4478 2768
f 2788 4478 2769
f 2828 2788 2769
f 2783 2774 2770
f 2776 2783 2770
f 2775 2777 2771
f 2779 2833 2772
f 2804 2779 2772
f 2780 2807 2773
f 2834 2780 2773
f 2846 2840 2774
f 2783 2846 2774
f 2784 2777 2775
f 2841 2784 2775
f 2837 2783 2776
f 2833 2837 2776
f 2784 2834 2777
f 2782 3293 2778
f 2785 2833 2779
f 2804 2785 2779
f 2786 2807 2780
f 2834 2786 2780
f 2971 2787 2781
f 2787 2817 2781
f 2832 3293 2782
f 2901 2846 2783
f 2837 2901 2783
f 2838 2834 2784
f 2847 2838 2784
f 2841 2847 2784
f 2876 2833 2785
f 2835 2876 2785
f 2804 2835 2785
f 2810 2807 2786
f 2834 2810 2786
f 2971 2845 2787
f 2845 2817 2787
f 7919 6234 2788
f 6234 4478 2788
f 2828 2815 2788
f 7889 7919 2788
f 7790 7829 2788
f 7829 7862 2788
f 7862 7889 2788
f 2815 3251 2788
f 3251 4657 2788
f 4657 5267 2788
f 5267 5459 2788
f 5459 6072 2788
f 6072 7469 2788
f 7548 7557 2788
f 7469 7517 2788
f 7517 7523 2788
f 7523 7548 2788
f 7557 7594 2788
f 7594 7621 2788
f 7621 7658 2788
f 7658 7700 2788
f 7700 7755 2788
f 7755 7790 2788
f 2852 2792 2789
f 2849 2852 2789
f 2793 2849 2789
f 2791 2850 2790
f 2850 2854 2790
f 2854 2794 2790
f 2795 2851 2791
f 2851 2850 2791
f 2856 2796 2792
f 2852 2856 2792
f 2853 2849 2793
f 2797 2853 2793
f 2854 2858 2794
f 2858 2798 2794
f 2799 2855 2795
f 2855 2851 2795
f 2860 2800 2796
f 2856 2860 2796
f 2857 2853 2797
f 2801 2857 2797
f 2858 2862 2798
f 2862 2802 2798
f 2803 2859 2799
f 2859 2855 2799
f 2864 2804 2800
f 2860 2864 2800
f 2861 2857 2801
f 2805 2861 2801
f 2862 2866 2802
f 2866 2806 2802
f 2807 2863 2803
f 2863 2859 2803
f 2864 2835 2804
f 2865 2861 2805
f 2808 2865 2805
f 2866 2869 2806
f 2869 2809 2806
f 2810 2836 2807
f 2836 2867 2807
f 2867 2863 2807
f 2868 2865 2808
f 2811 2868 2808
f 2869 2872 2809
f 2872 2812 2809
f 2834 2877 2810
f 2877 2836 2810
f 2871 2868 2811
f 2813 2871 2811
f 2872 2874 2812
f 2874 2814 2812
f 2873 2871 2813
f 2829 2873 2813
f 2874 2892 2814
f 2892 2830 2814
f 2828 2890 2815
f 2890 2875 2815
f 2875 3251 2815
f 2817 2878 2816
f 2878 2880 2816
f 2880 2818 2816
f 2848 2879 2817
f 2845 2848 2817
f 2879 2878 2817
f 2880 2881 2818
f 2881 2819 2818
f 2881 2882 2819
f 2882 2820 2819
f 2882 2883 2820
f 2883 2821 2820
f 2883 2884 2821
f 2884 2822 2821
f 2884 2885 2822
f 2885 2823 2822
f 2885 2886 2823
f 2886 2824 2823
f 2886 2887 2824
f 2887 2825 2824
f 2887 2888 2825
f 2888 2826 2825
f 2888 2889 2826
f 2889 2827 2826
f 2889 2890 2827
f 2890 2828 2827
f 2891 2873 2829
f 2830 2892 2829
f 2892 2891 2829
f 3099 2893 2831
f 2839 2832 2831
f 2893 2895 2831
f 2895 2844 2831
f 2844 2839 2831
f 2839 3297 2832
f 3297 3293 2832
f 2896 2837 2833
f 2876 2896 2833
f 2838 2877 2834
f 2842 2876 2835
f 2864 2842 2835
f 2843 2867 2836
f 2877 2843 2836
f 2918 2901 2837
f 2896 2918 2837
f 2897 2877 2838
f 2902 2897 2838
f 2847 2902 2838
f 2844 3297 2839
f 2908 2905 2840
f 2846 2908 2840
f 2906 2847 2841
f 2870 2876 2842
f 2864 2870 2842
f 2899 2867 2843
f 2877 2914 2843
f 2914 2899 2843
f 2895 3297 2844
f 2993 2848 2845
f 2971 2993 2845
f 2966 2908 2846
f 2901 2966 2846
f 2909 2902 2847
f 2906 2909 2847
f 2993 2894 2848
f 2894 2879 2848
f 2924 2852 2849
f 2921 2924 2849
f 2853 2921 2849
f 2851 2922 2850
f 2922 2926 2850
f 2926 2854 2850
f 2855 2923 2851
f 2923 2922 2851
f 2928 2856 2852
f 2924 2928 2852
f 2925 2921 2853
f 2857 2925 2853
f 2926 2930 2854
f 2930 2858 2854
f 2859 2927 2855
f 2927 2923 2855
f 2932 2860 2856
f 2928 2932 2856
f 2929 2925 2857
f 2861 2929 2857
f 2930 2934 2858
f 2934 2862 2858
f 2863 2931 2859
f 2931 2927 2859
f 2937 2864 2860
f 2932 2937 2860
f 2933 2929 2861
f 2865 2933 2861
f 2934 2939 2862
f 2939 2866 2862
f 2867 2936 2863
f 2936 2931 2863
f 2898 2870 2864
f 2937 2898 2864
f 2938 2933 2865
f 2868 2938 2865
f 2939 2942 2866
f 2942 2869 2866
f 2899 2940 2867
f 2940 2936 2867
f 2941 2938 2868
f 2871 2941 2868
f 2942 2945 2869
f 2945 2872 2869
f 2898 2913 2870
f 2913 2876 2870
f 2944 2941 2871
f 2873 2944 2871
f 2945 2947 2872
f 2947 2874 2872
f 2946 2944 2873
f 2891 2946 2873
f 2947 2963 2874
f 2963 2892 2874
f 2890 2900 2875
f 2900 3251 2875
f 2916 2896 2876
f 2913 2916 2876
f 2897 2914 2877
f 2879 2949 2878
f 2949 2951 2878
f 2951 2880 2878
f 2915 2950 2879
f 2894 2915 2879
f 2950 2949 2879
f 2951 2952 2880
f 2952 2881 2880
f 2952 2953 2881
f 2953 2882 2881
f 2953 2954 2882
f 2954 2883 2882
f 2954 2955 2883
f 2955 2884 2883
f 2955 2956 2884
f 2956 2885 2884
f 2956 2957 2885
f 2957 2886 2885
f 2957 2958 2886
f 2958 2887 2886
f 2958 2959 2887
f 2959 2888 2887
f 2959 2960 2888
f 2960 2889 2888
f 2960 2961 2889
f 2961 2890 2889
f 2961 2948 2890
f 2948 2900 2890
f 2962 2946 2891
f 2892 2963 2891
f 2963 2962 2891
f 3099 2964 2893
f 2964 2965 2893
f 2965 2920 2893
f 2920 2912 2893
f 2912 2904 2893
f 2904 2895 2893
f 2993 2915 2894
f 3302 3297 2895
f 2904 3302 2895
f 2973 2918 2896
f 2916 2973 2896
f 2917 2914 2897
f 2919 2917 2897
f 2902 2919 2897
f 2910 2913 2898
f 2937 2910 2898
f 2911 2940 2899
f 2914 2911 2899
f 2948 3251 2900
f 2975 2966 2901
f 2918 2975 2901
f 2967 2919 2902
f 2909 2967 2902
f 2905 3038 2903
f 3038 2907 2903
f 2912 3302 2904
f 3275 3268 2905
f 3268 3185 2905
f 3185 3108 2905
f 3108 3038 2905
f 2908 3275 2905
f 3260 2909 2906
f 3045 2971 2907
f 3038 3045 2907
f 2966 3308 2908
f 3308 3305 2908
f 3305 3275 2908
f 3261 2967 2909
f 3260 3261 2909
f 2969 2977 2910
f 2977 2913 2910
f 2937 2969 2910
f 2943 2940 2911
f 2914 2943 2911
f 2920 3302 2912
f 2979 2916 2913
f 2977 2979 2913
f 2970 2943 2914
f 2978 2970 2914
f 2917 2978 2914
f 2993 3046 2915
f 3046 2935 2915
f 2935 2950 2915
f 3039 2973 2916
f 2979 3039 2916
f 2980 2978 2917
f 2974 2980 2917
f 2919 2974 2917
f 3034 2975 2918
f 2973 3034 2918
f 2976 2974 2919
f 2967 2976 2919
f 2965 3302 2920
f 2987 2924 2921
f 2984 2987 2921
f 2925 2984 2921
f 2923 2985 2922
f 2985 2989 2922
f 2989 2926 2922
f 2927 2986 2923
f 2986 2985 2923
f 2991 2928 2924
f 2987 2991 2924
f 2988 2984 2925
f 2929 2988 2925
f 2989 2994 2926
f 2994 2930 2926
f 2931 2990 2927
f 2990 2986 2927
f 2997 2932 2928
f 2991 2997 2928
f 2992 2988 2929
f 2933 2992 2929
f 2994 2999 2930
f 2999 2934 2930
f 2936 2995 2931
f 2995 2990 2931
f 3001 2937 2932
f 2997 3001 2932
f 2998 2992 2933
f 2938 2998 2933
f 2999 3003 2934
f 3003 2939 2934
f 3046 2996 2935
f 2996 2950 2935
f 2940 3000 2936
f 3000 2995 2936
f 3001 2969 2937
f 3002 2998 2938
f 2941 3002 2938
f 3003 3007 2939
f 3007 2942 2939
f 2943 2970 2940
f 2970 3004 2940
f 3004 3000 2940
f 3005 3002 2941
f 2944 3005 2941
f 3007 3009 2942
f 3009 2945 2942
f 3008 3005 2944
f 2946 3008 2944
f 3009 3012 2945
f 3012 2947 2945
f 3011 3008 2946
f 2962 3011 2946
f 3012 3028 2947
f 3028 2963 2947
f 2961 2968 2948
f 2968 3251 2948
f 2950 3014 2949
f 3014 3016 2949
f 3016 2951 2949
f 2996 3010 2950
f 3010 3015 2950
f 3015 3014 2950
f 3016 3017 2951
f 3017 2952 2951
f 3017 3018 2952
f 3018 2953 2952
f 3018 3019 2953
f 3019 2954 2953
f 3019 3020 2954
f 3020 2955 2954
f 3020 3021 2955
f 3021 2956 2955
f 3021 3022 2956
f 3022 2957 2956
f 3022 3023 2957
f 3023 2958 2957
f 3023 3024 2958
f 3024 2959 2958
f 3024 3025 2959
f 3025 2960 2959
f 3025 3026 2960
f 3026 2961 2960
f 3026 3013 2961
f 3013 2968 2961
f 3027 3011 2962
f 2963 3028 2962
f 3028 3027 2962
f 3099 3029 2964
f 2972 2965 2964
f 3029 3031 2964
f 3031 2983 2964
f 2983 2972 2964
f 3311 3302 2965
f 2972 3311 2965
f 2975 3314 2966
f 3314 3308 2966
f 3261 3265 2967
f 3265 2976 2967
f 3013 3113 2968
f 3113 3152 2968
f 3152 3172 2968
f 3172 3181 2968
f 3181 3224 2968
f 3224 3251 2968
f 2981 2977 2969
f 3001 2981 2969
f 2982 3004 2970
f 2978 2982 2970
f 3083 2993 2971
f 3045 3083 2971
f 2983 3311 2972
f 3074 3034 2973
f 3039 3074 2973
f 3040 2980 2974
f 3035 3040 2974
f 2976 3035 2974
f 3034 3320 2975
f 3320 3314 2975
f 3265 3274 2976
f 3274 3035 2976
f 2981 3041 2977
f 3043 2979 2977
f 3041 3043 2977
f 3042 2982 2978
f 2980 3042 2978
f 3101 3039 2979
f 3043 3101 2979
f 3044 3042 2980
f 3040 3044 2980
f 3006 3041 2981
f 3001 3006 2981
f 3033 3004 2982
f 3042 3033 2982
f 3031 3311 2983
f 3053 2987 2984
f 3050 3053 2984
f 2988 3050 2984
f 2986 3051 2985
f 3051 3055 2985
f 3055 2989 2985
f 2990 3052 2986
f 3052 3051 2986
f 3057 2991 2987
f 3053 3057 2987
f 3054 3050 2988
f 2992 3054 2988
f 3055 3059 2989
f 3059 2994 2989
f 2995 3056 2990
f 3056 3052 2990
f 3061 2997 2991
f 3057 3061 2991
f 3058 3054 2992
f 2998 3058 2992
f 3112 3046 2993
f 3083 3112 2993
f 3059 3063 2994
f 3063 2999 2994
f 3000 3060 2995
f 3060 3056 2995
f 3046 3109 2996
f 3109 3010 2996
f 3065 3001 2997
f 3061 3065 2997
f 3062 3058 2998
f 3002 3062 2998
f 3063 3067 2999
f 3067 3003 2999
f 3004 3064 3000
f 3064 3060 3000
f 3032 3006 3001
f 3065 3032 3001
f 3066 3062 3002
f 3005 3066 3002
f 3067 3072 3003
f 3072 3007 3003
f 3033 3069 3004
f 3069 3064 3004
f 3070 3066 3005
f 3008 3070 3005
f 3032 3041 3006
f 3072 3077 3007
f 3077 3009 3007
f 3076 3070 3008
f 3011 3076 3008
f 3077 3080 3009
f 3080 3012 3009
f 3109 3030 3010
f 3030 3015 3010
f 3078 3076 3011
f 3027 3078 3011
f 3080 3098 3012
f 3098 3028 3012
f 3026 3036 3013
f 3036 3113 3013
f 3015 3084 3014
f 3084 3086 3014
f 3086 3016 3014
f 3049 3085 3015
f 3030 3049 3015
f 3085 3084 3015
f 3086 3087 3016
f 3087 3017 3016
f 3087 3088 3017
f 3088 3018 3017
f 3088 3089 3018
f 3089 3019 3018
f 3089 3090 3019
f 3090 3020 3019
f 3090 3091 3020
f 3091 3021 3020
f 3091 3092 3021
f 3092 3022 3021
f 3092 3093 3022
f 3093 3023 3022
f 3093 3094 3023
f 3094 3024 3023
f 3094 3095 3024
f 3095 3025 3024
f 3095 3096 3025
f 3096 3026 3025
f 3096 3068 3026
f 3068 3036 3026
f 3097 3078 3027
f 3028 3098 3027
f 3098 3097 3027
f 3099 3100 3029
f 3100 3073 3029
f 3073 3037 3029
f 3037 3031 3029
f 3109 3049 3030
f 3037 3322 3031
f 3322 3311 3031
f 3047 3041 3032
f 3065 3047 3032
f 3048 3069 3033
f 3042 3048 3033
f 3074 3327 3034
f 3327 3320 3034
f 3274 3281 3035
f 3281 3075 3035
f 3075 3040 3035
f 3068 3110 3036
f 3110 3113 3036
f 3073 3322 3037
f 3108 3045 3038
f 3115 3074 3039
f 3101 3115 3039
f 3102 3044 3040
f 3075 3102 3040
f 3047 3104 3041
f 3106 3043 3041
f 3104 3106 3041
f 3105 3071 3042
f 3071 3048 3042
f 3044 3105 3042
f 3149 3101 3043
f 3106 3149 3043
f 3107 3105 3044
f 3102 3107 3044
f 3114 3083 3045
f 3108 3114 3045
f 3178 3109 3046
f 3112 3178 3046
f 3081 3104 3047
f 3065 3081 3047
f 3071 3069 3048
f 3109 3179 3049
f 3179 3079 3049
f 3079 3085 3049
f 3120 3053 3050
f 3117 3120 3050
f 3054 3117 3050
f 3052 3118 3051
f 3118 3122 3051
f 3122 3055 3051
f 3056 3119 3052
f 3119 3118 3052
f 3126 3057 3053
f 3120 3126 3053
f 3121 3117 3054
f 3058 3121 3054
f 3122 3128 3055
f 3128 3059 3055
f 3060 3125 3056
f 3125 3119 3056
f 3130 3061 3057
f 3126 3130 3057
f 3127 3121 3058
f 3062 3127 3058
f 3128 3132 3059
f 3132 3063 3059
f 3064 3129 3060
f 3129 3125 3060
f 3134 3065 3061
f 3130 3134 3061
f 3131 3127 3062
f 3066 3131 3062
f 3132 3136 3063
f 3136 3067 3063
f 3069 3133 3064
f 3133 3129 3064
f 3134 3081 3065
f 3135 3131 3066
f 3070 3135 3066
f 3136 3140 3067
f 3140 3072 3067
f 3096 3110 3068
f 3071 3082 3069
f 3082 3137 3069
f 3137 3133 3069
f 3139 3135 3070
f 3076 3139 3070
f 3105 3082 3071
f 3140 3145 3072
f 3145 3077 3072
f 3100 3322 3073
f 3115 3359 3074
f 3359 3327 3074
f 3281 3292 3075
f 3292 3116 3075
f 3116 3102 3075
f 3144 3139 3076
f 3078 3144 3076
f 3145 3148 3077
f 3148 3080 3077
f 3147 3144 3078
f 3097 3147 3078
f 3179 3146 3079
f 3146 3085 3079
f 3148 3167 3080
f 3167 3098 3080
f 3174 3104 3081
f 3123 3174 3081
f 3134 3123 3081
f 3124 3137 3082
f 3105 3124 3082
f 3171 3112 3083
f 3114 3171 3083
f 3085 3153 3084
f 3153 3155 3084
f 3155 3086 3084
f 3151 3154 3085
f 3146 3151 3085
f 3154 3153 3085
f 3155 3156 3086
f 3156 3087 3086
f 3156 3157 3087
f 3157 3088 3087
f 3157 3158 3088
f 3158 3089 3088
f 3158 3159 3089
f 3159 3090 3089
f 3159 3160 3090
f 3160 3091 3090
f 3160 3161 3091
f 3161 3092 3091
f 3161 3162 3092
f 3162 3093 3092
f 3162 3163 3093
f 3163 3094 3093
f 3163 3164 3094
f 3164 3095 3094
f 3164 3165 3095
f 3165 3096 3095
f 3165 3152 3096
f 3152 3113 3096
f 3113 3110 3096
f 3166 3147 3097
f 3098 3167 3097
f 3167 3166 3097
f 3111 3141 3099
f 3141 3103 3099
f 3103 3100 3099
f 3331 3322 3100
f 3103 3331 3100
f 3183 3115 3101
f 3149 3183 3101
f 3150 3107 3102
f 3116 3150 3102
f 3141 3331 3103
f 3176 3106 3104
f 3174 3176 3104
f 3175 3124 3105
f 3107 3175 3105
f 3206 3149 3106
f 3176 3206 3106
f 3177 3175 3107
f 3150 3177 3107
f 3185 3114 3108
f 3229 3179 3109
f 3178 3229 3109
f 3168 3170 3111
f 3170 3141 3111
f 3182 3178 3112
f 3171 3182 3112
f 3209 3171 3114
f 3185 3209 3114
f 3183 3433 3115
f 3433 3359 3115
f 3292 3298 3116
f 3298 3184 3116
f 3184 3150 3116
f 3189 3120 3117
f 3186 3189 3117
f 3121 3186 3117
f 3187 3122 3118
f 3119 3187 3118
f 3188 3187 3119
f 3192 3188 3119
f 3194 3192 3119
f 3125 3194 3119
f 3195 3126 3120
f 3189 3195 3120
f 3190 3186 3121
f 3127 3190 3121
f 3197 3128 3122
f 3187 3191 3122
f 3191 3193 3122
f 3193 3197 3122
f 3138 3174 3123
f 3134 3138 3123
f 3143 3137 3124
f 3175 3143 3124
f 3129 3194 3125
f 3201 3130 3126
f 3195 3201 3126
f 3196 3190 3127
f 3131 3196 3127
f 3197 3132 3128
f 3198 3194 3129
f 3133 3208 3129
f 3208 3204 3129
f 3204 3198 3129
f 3210 3134 3130
f 3201 3210 3130
f 3202 3196 3131
f 3135 3202 3131
f 3212 3136 3132
f 3205 3212 3132
f 3203 3205 3132
f 3197 3203 3132
f 3137 3200 3133
f 3200 3208 3133
f 3199 3142 3134
f 3142 3138 3134
f 3210 3199 3134
f 3211 3202 3135
f 3139 3211 3135
f 3212 3140 3136
f 3143 3200 3137
f 3142 3174 3138
f 3216 3211 3139
f 3144 3216 3139
f 3220 3145 3140
f 3212 3217 3140
f 3217 3218 3140
f 3218 3220 3140
f 3170 3331 3141
f 3227 3174 3142
f 3199 3227 3142
f 3175 3200 3143
f 3219 3216 3144
f 3147 3219 3144
f 3220 3148 3145
f 3264 3151 3146
f 3179 3264 3146
f 3221 3219 3147
f 3166 3221 3147
f 3222 3223 3148
f 3223 3253 3148
f 3253 3167 3148
f 3220 3222 3148
f 3266 3183 3149
f 3206 3266 3149
f 3207 3177 3150
f 3184 3207 3150
f 3264 3169 3151
f 3169 3154 3151
f 3165 3172 3152
f 3230 3231 3153
f 3154 3230 3153
f 3231 3233 3153
f 3233 3155 3153
f 3225 3232 3154
f 3169 3225 3154
f 3232 3230 3154
f 3233 3234 3155
f 3234 3156 3155
f 3236 3237 3156
f 3234 3236 3156
f 3237 3238 3156
f 3238 3157 3156
f 3238 3239 3157
f 3239 3158 3157
f 3239 3240 3158
f 3240 3159 3158
f 3240 3241 3159
f 3241 3160 3159
f 3242 3243 3160
f 3241 3242 3160
f 3243 3244 3160
f 3244 3161 3160
f 3244 3245 3161
f 3245 3162 3161
f 3245 3246 3162
f 3246 3163 3162
f 3246 3247 3163
f 3247 3164 3163
f 3248 3249 3164
f 3247 3248 3164
f 3249 3250 3164
f 3250 3165 3164
f 3250 3251 3165
f 3251 3224 3165
f 3224 3181 3165
f 3181 3172 3165
f 3252 3221 3166
f 3167 3253 3166
f 3253 3252 3166
f 3173 3170 3168
f 3180 3226 3168
f 3226 3215 3168
f 3215 3173 3168
f 3264 3225 3169
f 3173 3388 3170
f 3388 3331 3170
f 3263 3182 3171
f 3209 3263 3171
f 3215 3388 3173
f 3227 3176 3174
f 3257 3228 3175
f 3228 3200 3175
f 3177 3257 3175
f 3227 3256 3176
f 3258 3206 3176
f 3256 3258 3176
f 3270 3259 3177
f 3259 3257 3177
f 3207 3270 3177
f 3262 3229 3178
f 3182 3262 3178
f 3276 3264 3179
f 3229 3276 3179
f 3255 3254 3180
f 3254 3226 3180
f 3273 3262 3182
f 3263 3273 3182
f 3266 3569 3183
f 3569 3433 3183
f 3298 3310 3184
f 3310 3267 3184
f 3267 3207 3184
f 3268 3209 3185
f 3389 3189 3186
f 3379 3389 3186
f 3190 3379 3186
f 3380 3191 3187
f 3390 3380 3187
f 3188 3390 3187
f 3192 3390 3188
f 3397 3195 3189
f 3389 3397 3189
f 3371 3379 3190
f 3196 3371 3190
f 3370 3193 3191
f 3380 3370 3191
f 3398 3390 3192
f 3194 3398 3192
f 3370 3197 3193
f 3410 3398 3194
f 3198 3410 3194
f 3409 3201 3195
f 3397 3409 3195
f 3365 3371 3196
f 3202 3365 3196
f 3366 3203 3197
f 3370 3366 3197
f 3204 3410 3198
f 3213 3227 3199
f 3210 3213 3199
f 3214 3208 3200
f 3228 3214 3200
f 3422 3210 3201
f 3409 3422 3201
f 3363 3365 3202
f 3211 3363 3202
f 3364 3205 3203
f 3366 3364 3203
f 3423 3410 3204
f 3208 3423 3204
f 3364 3212 3205
f 3269 3271 3206
f 3258 3269 3206
f 3282 3266 3206
f 3271 3282 3206
f 3272 3270 3207
f 3267 3272 3207
f 3214 3228 3208
f 3228 3423 3208
f 3277 3263 3209
f 3268 3277 3209
f 3422 3213 3210
f 3360 3363 3211
f 3216 3360 3211
f 3361 3217 3212
f 3364 3361 3212
f 3422 3227 3213
f 3226 3388 3215
f 3355 3360 3216
f 3219 3355 3216
f 3361 3218 3217
f 3361 3354 3218
f 3354 3220 3218
f 3351 3355 3219
f 3221 3351 3219
f 3354 3222 3220
f 3349 3351 3221
f 3252 3349 3221
f 3352 3223 3222
f 3354 3352 3222
f 3350 3253 3223
f 3352 3350 3223
f 3264 3279 3225
f 3279 3235 3225
f 3235 3232 3225
f 3254 3486 3226
f 3486 3388 3226
f 3422 3256 3227
f 3257 3441 3228
f 3441 3423 3228
f 3278 3276 3229
f 3262 3278 3229
f 3232 3339 3230
f 3339 3383 3230
f 3383 3450 3230
f 3450 3231 3230
f 3450 3472 3231
f 3472 3233 3231
f 3235 3345 3232
f 3345 3336 3232
f 3336 3339 3232
f 4475 3234 3233
f 4062 4475 3233
f 3472 3623 3233
f 3623 4062 3233
f 4475 3236 3234
f 3279 3544 3235
f 3544 3408 3235
f 3408 3345 3235
f 4476 3237 3236
f 4475 4476 3236
f 4476 3238 3237
f 4477 4642 3238
f 4476 4477 3238
f 4642 3239 3238
f 4642 4645 3239
f 4645 3240 3239
f 4645 4646 3240
f 4646 3241 3240
f 4646 4648 3241
f 4648 3242 3241
f 4648 4649 3242
f 4649 3243 3242
f 4649 4650 3243
f 4650 3244 3243
f 4650 4651 3244
f 4651 3245 3244
f 4651 4652 3245
f 4652 3246 3245
f 4652 4653 3246
f 4653 3247 3246
f 4653 4655 3247
f 4655 3248 3247
f 4655 4656 3248
f 4656 3249 3248
f 4656 3250 3249
f 4657 3251 3250
f 4656 4657 3250
f 3253 3348 3252
f 3348 3347 3252
f 3347 3349 3252
f 3350 3348 3253
f 3346 3411 3254
f 4539 4450 3254
f 3337 3346 3254
f 4450 3486 3254
f 3411 3546 3254
f 3546 3672 3254
f 3672 4539 3254
f 3255 3384 3254
f 3384 3340 3254
f 3340 3337 3254
f 4484 4483 3255
f 4483 4063 3255
f 4063 3624 3255
f 3624 3473 3255
f 3473 3384 3255
f 4480 4484 3255
f 3442 3459 3256
f 3459 3258 3256
f 3422 3442 3256
f 3259 3460 3257
f 3460 3441 3257
f 3459 3269 3258
f 3270 3511 3259
f 3511 3460 3259
f 3319 3344 3260
f 3286 3319 3260
f 3344 3261 3260
f 3344 3353 3261
f 3353 3357 3261
f 3357 3265 3261
f 3284 3278 3262
f 3273 3284 3262
f 3280 3273 3263
f 3277 3280 3263
f 3289 3279 3264
f 3276 3289 3264
f 3357 3368 3265
f 3368 3376 3265
f 3376 3274 3265
f 3282 3654 3266
f 3654 3569 3266
f 3310 3323 3267
f 3323 3283 3267
f 3283 3272 3267
f 3275 3285 3268
f 3285 3277 3268
f 3459 3512 3269
f 3548 3271 3269
f 3545 3548 3269
f 3512 3545 3269
f 3272 3547 3270
f 3547 3511 3270
f 3548 3282 3271
f 3283 3607 3272
f 3607 3547 3272
f 3290 3284 3273
f 3280 3290 3273
f 3376 3403 3274
f 3403 3414 3274
f 3414 3281 3274
f 3304 3309 3275
f 3309 3285 3275
f 3305 3304 3275
f 3291 3289 3276
f 3278 3291 3276
f 3287 3280 3277
f 3285 3287 3277
f 3295 3291 3278
f 3284 3295 3278
f 3300 3669 3279
f 3669 3544 3279
f 3289 3300 3279
f 3294 3290 3280
f 3287 3294 3280
f 3414 3445 3281
f 3445 3468 3281
f 3468 3292 3281
f 3606 5245 3282
f 5245 5230 3282
f 5230 5142 3282
f 4757 3654 3282
f 4768 4757 3282
f 4886 4846 3282
f 4846 4835 3282
f 4835 4768 3282
f 5142 5066 3282
f 5066 4929 3282
f 4929 4886 3282
f 3548 3606 3282
f 5232 3607 3283
f 3338 5068 3283
f 5068 5144 3283
f 5144 5232 3283
f 3323 3338 3283
f 3296 3295 3284
f 3290 3296 3284
f 3309 3287 3285
f 3288 3321 3286
f 3321 3319 3286
f 3309 3312 3287
f 3312 3294 3287
f 3293 3324 3288
f 3324 3321 3288
f 3301 3300 3289
f 3291 3301 3289
f 3299 3296 3290
f 3294 3299 3290
f 3303 3301 3291
f 3295 3303 3291
f 3468 3533 3292
f 3533 3572 3292
f 3572 3298 3292
f 3297 3330 3293
f 3330 3324 3293
f 3312 3316 3294
f 3316 3299 3294
f 3306 3303 3295
f 3296 3306 3295
f 3307 3306 3296
f 3299 3307 3296
f 3302 3341 3297
f 3341 3330 3297
f 3572 3599 3298
f 3599 3640 3298
f 3640 3310 3298
f 3316 3325 3299
f 3325 3307 3299
f 4622 4452 3300
f 4638 4622 3300
f 4452 4267 3300
f 4267 3669 3300
f 3313 4641 3300
f 4641 4639 3300
f 4639 4638 3300
f 3301 3313 3300
f 3315 3313 3301
f 3303 3315 3301
f 3311 3401 3302
f 3401 3341 3302
f 3317 3315 3303
f 3306 3317 3303
f 3335 3309 3304
f 3343 3335 3304
f 3356 3343 3304
f 3305 3356 3304
f 3367 3356 3305
f 3308 3367 3305
f 3318 3317 3306
f 3307 3318 3306
f 3325 3333 3307
f 3333 3318 3307
f 3375 3367 3308
f 3402 3375 3308
f 3314 3402 3308
f 3335 3312 3309
f 3640 3663 3310
f 3663 3930 3310
f 3930 3323 3310
f 3322 3484 3311
f 3484 3401 3311
f 3335 3514 3312
f 3514 3316 3312
f 3326 4643 3313
f 4643 4641 3313
f 3315 3326 3313
f 3413 3402 3314
f 3444 3413 3314
f 3320 3444 3314
f 3329 3326 3315
f 3317 3329 3315
f 3514 3550 3316
f 3550 3565 3316
f 3565 3325 3316
f 3328 3329 3317
f 3318 3328 3317
f 3333 3387 3318
f 3387 3328 3318
f 3332 3344 3319
f 3321 3334 3319
f 3334 3332 3319
f 3467 3444 3320
f 3532 3467 3320
f 3327 3532 3320
f 3324 3342 3321
f 3342 3334 3321
f 3331 3592 3322
f 3592 3484 3322
f 3930 4039 3323
f 4039 4188 3323
f 4188 3338 3323
f 3330 3385 3324
f 3385 3342 3324
f 3565 3591 3325
f 3591 3612 3325
f 3612 3333 3325
f 3374 4644 3326
f 4644 4643 3326
f 3329 3374 3326
f 3571 3532 3327
f 3598 3571 3327
f 3359 3598 3327
f 3387 3480 3328
f 3480 3372 3328
f 3372 3329 3328
f 3372 3374 3329
f 3341 3432 3330
f 3432 3385 3330
f 3388 3675 3331
f 3675 3592 3331
f 3394 3378 3332
f 3378 3358 3332
f 3358 3344 3332
f 3334 3406 3332
f 3406 3394 3332
f 3612 3641 3333
f 3641 3673 3333
f 3673 3387 3333
f 3342 3429 3334
f 3429 3406 3334
f 3343 3470 3335
f 3504 3514 3335
f 3470 3504 3335
f 3345 3337 3336
f 3337 3340 3336
f 3340 3339 3336
f 3345 3346 3337
f 4769 4758 3338
f 4836 4769 3338
f 4758 4753 3338
f 4753 4759 3338
f 4759 4770 3338
f 4847 4836 3338
f 4446 4847 3338
f 4770 4837 3338
f 4837 4848 3338
f 4848 4888 3338
f 4888 4931 3338
f 4931 5068 3338
f 4188 4198 3338
f 4198 4446 3338
f 3340 3384 3339
f 3384 3383 3339
f 3401 3536 3341
f 3536 3432 3341
f 3385 3483 3342
f 3483 3429 3342
f 3369 3470 3343
f 3373 3369 3343
f 3356 3373 3343
f 3358 3353 3344
f 3408 3409 3345
f 3409 3397 3345
f 3397 3389 3345
f 3389 3379 3345
f 3379 3371 3345
f 3371 3365 3345
f 3365 3363 3345
f 3363 3360 3345
f 3360 3355 3345
f 3355 3351 3345
f 3351 3349 3345
f 3349 3347 3345
f 3347 3346 3345
f 3364 3366 3346
f 3366 3370 3346
f 3370 3380 3346
f 3352 3354 3346
f 3354 3361 3346
f 3361 3364 3346
f 3347 3348 3346
f 3348 3350 3346
f 3350 3352 3346
f 3380 3390 3346
f 3390 3398 3346
f 3398 3411 3346
f 3358 3362 3353
f 3362 3357 3353
f 3391 3373 3356
f 3367 3391 3356
f 3362 3368 3357
f 3378 3362 3358
f 3639 3598 3359
f 3662 3639 3359
f 3433 3662 3359
f 3377 3368 3362
f 3382 3377 3362
f 3378 3382 3362
f 3375 3391 3367
f 3377 3376 3368
f 3392 3470 3369
f 3393 3392 3369
f 3373 3393 3369
f 3480 3603 3372
f 3603 3463 3372
f 3463 3374 3372
f 3391 3412 3373
f 3412 3393 3373
f 3463 4647 3374
f 4647 4644 3374
f 3419 3391 3375
f 3402 3419 3375
f 3377 3403 3376
f 3407 3403 3377
f 3396 3407 3377
f 3382 3396 3377
f 3394 3381 3378
f 3381 3382 3378
f 3394 3404 3381
f 3386 3382 3381
f 3404 3386 3381
f 3386 3396 3382
f 3384 3450 3383
f 3473 3450 3384
f 3432 3567 3385
f 3567 3483 3385
f 3400 3396 3386
f 3405 3400 3386
f 3404 3405 3386
f 3673 3707 3387
f 3707 4044 3387
f 4044 3480 3387
f 3486 4055 3388
f 4055 3675 3388
f 3437 3412 3391
f 3419 3437 3391
f 3503 3470 3392
f 3395 3503 3392
f 3399 3395 3392
f 3393 3399 3392
f 3412 3415 3393
f 3415 3399 3393
f 3420 3404 3394
f 3471 3420 3394
f 3406 3490 3394
f 3490 3471 3394
f 3531 3503 3395
f 3416 3531 3395
f 3417 3416 3395
f 3399 3417 3395
f 3426 3407 3396
f 3400 3426 3396
f 3410 3411 3398
f 3415 3428 3399
f 3428 3417 3399
f 3427 3426 3400
f 3418 3427 3400
f 3405 3418 3400
f 3484 3613 3401
f 3613 3536 3401
f 3413 3419 3402
f 3407 3414 3403
f 3420 3405 3404
f 3421 3418 3405
f 3420 3421 3405
f 3429 3538 3406
f 3538 3490 3406
f 3448 3445 3407
f 3445 3414 3407
f 3426 3448 3407
f 3459 3442 3408
f 3544 3545 3408
f 3545 3512 3408
f 3512 3459 3408
f 3442 3422 3408
f 3422 3409 3408
f 3423 3411 3410
f 3423 3441 3411
f 3441 3460 3411
f 3460 3511 3411
f 3511 3546 3411
f 3439 3415 3412
f 3437 3439 3412
f 3461 3419 3413
f 3444 3461 3413
f 3457 3428 3415
f 3439 3457 3415
f 3578 3531 3416
f 3431 3578 3416
f 3430 3431 3416
f 3417 3430 3416
f 3428 3447 3417
f 3447 3430 3417
f 3446 3427 3418
f 3435 3446 3418
f 3421 3435 3418
f 3461 3500 3419
f 3500 3437 3419
f 3471 3424 3420
f 3424 3421 3420
f 3425 3435 3421
f 3424 3425 3421
f 3471 3443 3424
f 3443 3425 3424
f 3438 3435 3425
f 3440 3438 3425
f 3443 3440 3425
f 3478 3448 3426
f 3427 3478 3426
f 3481 3478 3427
f 3446 3481 3427
f 3487 3447 3428
f 3457 3487 3428
f 3483 3582 3429
f 3582 3538 3429
f 3434 3431 3430
f 3447 3449 3430
f 3449 3434 3430
f 3436 3578 3431
f 3434 3436 3431
f 3536 3625 3432
f 3625 3567 3432
f 3929 3662 3433
f 4038 3929 3433
f 3569 4038 3433
f 3451 3436 3434
f 3449 3464 3434
f 3464 3451 3434
f 3465 3446 3435
f 3438 3465 3435
f 3614 3578 3436
f 3452 3614 3436
f 3451 3452 3436
f 3500 3508 3437
f 3508 3439 3437
f 3474 3465 3438
f 3453 3474 3438
f 3440 3453 3438
f 3508 3535 3439
f 3535 3457 3439
f 3454 3453 3440
f 3456 3454 3440
f 3443 3456 3440
f 3471 3456 3443
f 3467 3461 3444
f 3448 3468 3445
f 3521 3481 3446
f 3465 3521 3446
f 3494 3449 3447
f 3487 3494 3447
f 3540 3533 3448
f 3533 3468 3448
f 3478 3540 3448
f 3522 3464 3449
f 3494 3522 3449
f 3473 3472 3450
f 3462 3452 3451
f 3464 3488 3451
f 3488 3462 3451
f 3469 3614 3452
f 3462 3469 3452
f 3502 3474 3453
f 3476 3502 3453
f 3454 3476 3453
f 3455 3476 3454
f 3458 3455 3454
f 3456 3458 3454
f 3479 3476 3455
f 3477 3479 3455
f 3482 3477 3455
f 3458 3482 3455
f 3471 3577 3456
f 3577 3458 3456
f 3535 3554 3457
f 3554 3487 3457
f 3577 3482 3458
f 3573 3500 3461
f 3555 3573 3461
f 3467 3555 3461
f 3466 3469 3462
f 3488 3492 3462
f 3492 3466 3462
f 3687 4647 3463
f 3603 3687 3463
f 3537 3488 3464
f 3522 3537 3464
f 3541 3521 3465
f 3474 3541 3465
f 3485 3475 3466
f 3475 3469 3466
f 3492 3515 3466
f 3515 3485 3466
f 3532 3555 3467
f 3475 3614 3469
f 3503 3504 3470
f 3490 3585 3471
f 3585 3577 3471
f 3473 3624 3472
f 3624 3623 3472
f 3543 3541 3474
f 3502 3543 3474
f 3493 3614 3475
f 3485 3493 3475
f 3527 3502 3476
f 3479 3527 3476
f 3497 3479 3477
f 3489 3497 3477
f 3495 3489 3477
f 3482 3495 3477
f 3564 3540 3478
f 3481 3564 3478
f 3530 3527 3479
f 3497 3530 3479
f 4044 4138 3480
f 4138 4299 3480
f 4299 3603 3480
f 3566 3564 3481
f 3521 3566 3481
f 3627 3495 3482
f 3577 3627 3482
f 3567 3630 3483
f 3630 3582 3483
f 3592 3686 3484
f 3686 3613 3484
f 3496 3493 3485
f 3515 3523 3485
f 3523 3496 3485
f 4450 4418 3486
f 4418 4332 3486
f 4332 4321 3486
f 4321 4316 3486
f 4316 4320 3486
f 4320 4324 3486
f 4324 4335 3486
f 4335 4415 3486
f 4415 4055 3486
f 3554 3556 3487
f 3556 3494 3487
f 3539 3492 3488
f 3537 3539 3488
f 3519 3497 3489
f 3491 3519 3489
f 3499 3491 3489
f 3495 3499 3489
f 3538 3610 3490
f 3610 3585 3490
f 3520 3519 3491
f 3501 3520 3491
f 3513 3501 3491
f 3499 3513 3491
f 3549 3515 3492
f 3539 3549 3492
f 3509 3614 3493
f 3496 3509 3493
f 3556 3570 3494
f 3570 3522 3494
f 3627 3499 3495
f 3498 3509 3496
f 3523 3524 3496
f 3524 3498 3496
f 3542 3530 3497
f 3519 3542 3497
f 3505 3510 3498
f 3510 3509 3498
f 3524 3526 3498
f 3526 3505 3498
f 3627 3513 3499
f 3576 3508 3500
f 3573 3576 3500
f 3525 3520 3501
f 3507 3525 3501
f 3518 3507 3501
f 3513 3518 3501
f 3563 3543 3502
f 3527 3563 3502
f 3531 3534 3503
f 3534 3504 3503
f 3534 3514 3504
f 3506 3516 3505
f 3516 3510 3505
f 3526 3528 3505
f 3528 3506 3505
f 3517 3516 3506
f 3518 3517 3506
f 3507 3518 3506
f 3528 3507 3506
f 3528 3529 3507
f 3529 3525 3507
f 3587 3535 3508
f 3576 3587 3508
f 3510 3614 3509
f 3516 3614 3510
f 3547 3546 3511
f 3627 3518 3513
f 3534 3550 3514
f 3557 3523 3515
f 3549 3557 3515
f 3517 3614 3516
f 3518 3627 3517
f 3627 3614 3517
f 3552 3542 3519
f 3520 3552 3519
f 3553 3552 3520
f 3525 3553 3520
f 3579 3566 3521
f 3541 3579 3521
f 3570 3580 3522
f 3580 3537 3522
f 3558 3524 3523
f 3557 3558 3523
f 3560 3526 3524
f 3558 3560 3524
f 3559 3553 3525
f 3529 3559 3525
f 3561 3528 3526
f 3560 3561 3526
f 3574 3563 3527
f 3530 3574 3527
f 3561 3529 3528
f 3561 3562 3529
f 3562 3559 3529
f 3575 3574 3530
f 3542 3575 3530
f 3578 3551 3531
f 3551 3534 3531
f 3571 3555 3532
f 3540 3572 3533
f 3568 3550 3534
f 3551 3568 3534
f 3605 3554 3535
f 3587 3605 3535
f 3613 3699 3536
f 3699 3625 3536
f 3580 3583 3537
f 3583 3539 3537
f 3582 3643 3538
f 3643 3610 3538
f 3583 3586 3539
f 3586 3549 3539
f 3604 3572 3540
f 3564 3604 3540
f 3593 3579 3541
f 3543 3593 3541
f 3584 3575 3542
f 3552 3584 3542
f 3596 3593 3543
f 3563 3596 3543
f 3669 3606 3544
f 3606 3548 3544
f 3548 3545 3544
f 3547 3672 3546
f 3607 3672 3547
f 3586 3594 3549
f 3594 3557 3549
f 3568 3565 3550
f 3588 3581 3551
f 3578 3588 3551
f 3581 3568 3551
f 3589 3584 3552
f 3553 3589 3552
f 3590 3589 3553
f 3559 3590 3553
f 3608 3556 3554
f 3605 3608 3554
f 3631 3573 3555
f 3615 3631 3555
f 3571 3615 3555
f 3617 3570 3556
f 3608 3617 3556
f 3594 3595 3557
f 3595 3558 3557
f 3595 3600 3558
f 3600 3560 3558
f 3597 3590 3559
f 3562 3597 3559
f 3600 3601 3560
f 3601 3561 3560
f 3601 3562 3561
f 3601 3602 3562
f 3602 3597 3562
f 3611 3596 3563
f 3574 3611 3563
f 3619 3604 3564
f 3566 3619 3564
f 3568 3591 3565
f 3621 3619 3566
f 3579 3621 3566
f 3625 3689 3567
f 3689 3630 3567
f 3581 3609 3568
f 3609 3591 3568
f 4187 4038 3569
f 3654 4445 3569
f 4445 4197 3569
f 4197 4187 3569
f 3628 3580 3570
f 3617 3628 3570
f 3598 3615 3571
f 3604 3599 3572
f 3633 3576 3573
f 3631 3633 3573
f 3620 3611 3574
f 3575 3620 3574
f 3622 3620 3575
f 3584 3622 3575
f 3646 3587 3576
f 3633 3646 3576
f 3585 3634 3577
f 3634 3627 3577
f 3614 3588 3578
f 3636 3621 3579
f 3593 3636 3579
f 3629 3583 3580
f 3628 3629 3580
f 3616 3618 3581
f 3588 3616 3581
f 3618 3609 3581
f 3630 3694 3582
f 3694 3643 3582
f 3635 3586 3583
f 3629 3635 3583
f 3632 3622 3584
f 3589 3632 3584
f 3610 3657 3585
f 3657 3634 3585
f 3642 3594 3586
f 3635 3642 3586
f 3660 3605 3587
f 3646 3660 3587
f 3626 3616 3588
f 3614 3626 3588
f 3637 3632 3589
f 3590 3637 3589
f 3638 3637 3590
f 3597 3638 3590
f 3609 3612 3591
f 3675 4101 3592
f 4101 3686 3592
f 3651 3636 3593
f 3596 3651 3593
f 3644 3595 3594
f 3642 3644 3594
f 3648 3600 3595
f 3644 3648 3595
f 3653 3651 3596
f 3611 3653 3596
f 3645 3638 3597
f 3602 3645 3597
f 3679 3615 3598
f 3639 3679 3598
f 3604 3640 3599
f 3649 3601 3600
f 3648 3649 3600
f 3649 3602 3601
f 3649 3650 3602
f 3650 3645 3602
f 4299 4313 3603
f 4313 4467 3603
f 4467 3687 3603
f 3666 3640 3604
f 3619 3666 3604
f 3661 3608 3605
f 3660 3661 3605
f 3670 5245 3606
f 3669 3670 3606
f 5232 5247 3607
f 5247 3671 3607
f 3671 3672 3607
f 3676 3617 3608
f 3661 3676 3608
f 3618 3656 3609
f 3656 3641 3609
f 3641 3612 3609
f 3643 3695 3610
f 3695 3657 3610
f 3665 3653 3611
f 3620 3665 3611
f 3686 4168 3613
f 4168 3699 3613
f 3627 3647 3614
f 3647 3626 3614
f 3700 3631 3615
f 3679 3700 3615
f 3655 3618 3616
f 3652 3655 3616
f 3626 3652 3616
f 3683 3628 3617
f 3676 3683 3617
f 3655 3667 3618
f 3667 3656 3618
f 3682 3666 3619
f 3621 3682 3619
f 3677 3665 3620
f 3622 3677 3620
f 3685 3682 3621
f 3636 3685 3621
f 3678 3677 3622
f 3632 3678 3622
f 3624 4063 3623
f 4063 4062 3623
f 3699 4061 3625
f 4061 3689 3625
f 3658 3652 3626
f 3647 3658 3626
f 3659 3647 3627
f 3664 3704 3627
f 3704 3680 3627
f 3680 3659 3627
f 3634 3674 3627
f 3674 3664 3627
f 3684 3629 3628
f 3683 3684 3628
f 3698 3635 3629
f 3684 3698 3629
f 3689 4053 3630
f 4053 3694 3630
f 3703 3633 3631
f 3700 3703 3631
f 3688 3678 3632
f 3637 3688 3632
f 3924 3646 3633
f 3703 3924 3633
f 3657 3696 3634
f 3696 3674 3634
f 3708 3642 3635
f 3698 3708 3635
f 3709 3685 3636
f 3651 3709 3636
f 3702 3688 3637
f 3638 3702 3637
f 3705 3702 3638
f 3645 3705 3638
f 3662 3679 3639
f 3666 3663 3640
f 3656 3673 3641
f 3711 3644 3642
f 3708 3711 3642
f 3694 4045 3643
f 4045 3695 3643
f 3823 3648 3644
f 3711 3823 3644
f 3816 3705 3645
f 3650 3816 3645
f 3934 3660 3646
f 3924 3934 3646
f 3659 3658 3647
f 3824 3649 3648
f 3823 3824 3648
f 3824 3650 3649
f 3824 3825 3650
f 3825 3816 3650
f 3927 3709 3651
f 3653 3927 3651
f 3691 3655 3652
f 3681 3691 3652
f 3658 3681 3652
f 3928 3927 3653
f 3665 3928 3653
f 4757 4752 3654
f 4752 4756 3654
f 4756 4767 3654
f 4767 4834 3654
f 4834 4845 3654
f 4845 4885 3654
f 4885 4928 3654
f 4928 5065 3654
f 5065 5141 3654
f 5141 4445 3654
f 3817 3667 3655
f 3691 3817 3655
f 3667 3925 3656
f 3925 3673 3656
f 3695 3970 3657
f 3970 3696 3657
f 3668 3681 3658
f 3659 3668 3658
f 3680 3668 3659
f 3935 3661 3660
f 3934 3935 3660
f 4040 3676 3661
f 3935 4040 3661
f 4049 3679 3662
f 3929 4049 3662
f 3666 3930 3663
f 3690 3704 3664
f 3674 3701 3664
f 3701 3690 3664
f 3971 3928 3665
f 3677 3971 3665
f 4041 3930 3666
f 3682 4041 3666
f 3817 3936 3667
f 3936 3925 3667
f 3697 3681 3668
f 3693 3697 3668
f 3680 3693 3668
f 4267 3670 3669
f 4268 5245 3670
f 4267 4268 3670
f 5247 4269 3671
f 4269 4270 3671
f 4270 4042 3671
f 4042 3672 3671
f 4042 4539 3672
f 3925 3707 3673
f 3696 3931 3674
f 3931 3701 3674
f 4055 4326 3675
f 4326 4101 3675
f 4048 3683 3676
f 4040 4048 3676
f 4046 3971 3677
f 3678 4046 3677
f 4047 4046 3678
f 3688 4047 3678
f 4099 3700 3679
f 4049 4099 3679
f 3704 3693 3680
f 3932 3691 3681
f 3697 3932 3681
f 4057 4041 3682
f 3685 4057 3682
f 4052 3684 3683
f 4048 4052 3683
f 4064 3698 3684
f 4052 4064 3684
f 4059 4057 3685
f 3709 4059 3685
f 4101 4327 3686
f 4327 4168 3686
f 4654 4647 3687
f 4467 4487 3687
f 4487 4654 3687
f 4056 4047 3688
f 3702 4056 3688
f 4061 4300 3689
f 4300 4053 3689
f 3692 3725 3690
f 3725 3704 3690
f 3701 3706 3690
f 3706 3692 3690
f 4043 3817 3691
f 3932 4043 3691
f 3710 3725 3692
f 3706 3828 3692
f 3828 3710 3692
f 3926 3697 3693
f 3820 3926 3693
f 3704 3820 3693
f 4053 4191 3694
f 4191 4045 3694
f 4045 4175 3695
f 4175 3970 3695
f 3970 4058 3696
f 4058 3931 3696
f 4009 3932 3697
f 3926 4009 3697
f 4140 3708 3698
f 4064 4140 3698
f 4168 4309 3699
f 4309 4061 3699
f 4139 3703 3700
f 4099 4139 3700
f 3931 3933 3701
f 3933 3706 3701
f 4067 4056 3702
f 3705 4067 3702
f 4178 3924 3703
f 4139 4178 3703
f 3725 3820 3704
f 4097 4067 3705
f 3816 4097 3705
f 3933 4010 3706
f 4010 3828 3706
f 3925 4044 3707
f 4142 3711 3708
f 4140 4142 3708
f 4171 4059 3709
f 3927 4171 3709
f 3793 3725 3710
f 3828 3914 3710
f 3914 3793 3710
f 4172 3823 3711
f 4142 4172 3711
f 3730 3715 3712
f 3729 3730 3712
f 3718 3713 3712
f 3720 3718 3712
f 3715 3720 3712
f 3713 3896 3712
f 3896 3729 3712
f 3719 3714 3713
f 3718 3719 3713
f 3714 3897 3713
f 3897 3896 3713
f 3721 3717 3714
f 3719 3721 3714
f 3717 3898 3714
f 3898 3897 3714
f 3716 3728 3715
f 3722 3720 3715
f 3728 3722 3715
f 3810 3716 3715
f 3730 3810 3715
f 3723 3735 3716
f 3735 3728 3716
f 3810 3812 3716
f 3812 3814 3716
f 3814 3818 3716
f 3818 3821 3716
f 3821 3921 3716
f 3921 3923 3716
f 3923 3723 3716
f 3727 3724 3717
f 3721 3727 3717
f 3724 3899 3717
f 3899 3898 3717
f 3720 3860 3718
f 3860 3861 3718
f 3861 3719 3718
f 3861 3863 3719
f 3863 3721 3719
f 3722 3862 3720
f 3862 3860 3720
f 3863 3865 3721
f 3865 3727 3721
f 3728 3864 3722
f 3864 3862 3722
f 3732 3739 3723
f 3739 3735 3723
f 3830 3732 3723
f 3923 3829 3723
f 3829 3830 3723
f 3734 3733 3724
f 3727 3734 3724
f 3733 3900 3724
f 3900 3899 3724
f 3793 3766 3725
f 3766 3760 3725
f 3760 3756 3725
f 3756 3753 3725
f 3753 3748 3725
f 3748 3743 3725
f 3743 3726 3725
f 3726 3901 3725
f 3901 3820 3725
f 3743 3742 3726
f 3742 3729 3726
f 3729 3902 3726
f 3902 3901 3726
f 3865 3867 3727
f 3867 3734 3727
f 3735 3866 3728
f 3866 3864 3728
f 3731 3730 3729
f 3736 3731 3729
f 3742 3737 3729
f 3737 3736 3729
f 3896 3903 3729
f 3903 3902 3729
f 3731 3831 3730
f 3922 3921 3730
f 3831 3922 3730
f 3921 3821 3730
f 3821 3818 3730
f 3818 3814 3730
f 3814 3812 3730
f 3812 3810 3730
f 3832 3831 3731
f 3736 3832 3731
f 3740 3745 3732
f 3745 3739 3732
f 3835 3740 3732
f 3830 3835 3732
f 3738 3741 3733
f 3734 3738 3733
f 3741 3904 3733
f 3904 3900 3733
f 3867 3869 3734
f 3869 3738 3734
f 3739 3868 3735
f 3868 3866 3735
f 3833 3832 3736
f 3737 3833 3736
f 3834 3833 3737
f 3742 3834 3737
f 3744 3741 3738
f 3869 3871 3738
f 3871 3744 3738
f 3745 3870 3739
f 3870 3868 3739
f 3746 3750 3740
f 3750 3745 3740
f 3835 3838 3740
f 3838 3746 3740
f 3744 3747 3741
f 3747 3905 3741
f 3905 3904 3741
f 3836 3834 3742
f 3743 3836 3742
f 3837 3836 3743
f 3748 3837 3743
f 3749 3747 3744
f 3871 3873 3744
f 3873 3749 3744
f 3750 3872 3745
f 3872 3870 3745
f 3751 3762 3746
f 3762 3755 3746
f 3755 3750 3746
f 3838 3840 3746
f 3840 3751 3746
f 3749 3752 3747
f 3752 3906 3747
f 3906 3905 3747
f 3839 3837 3748
f 3753 3839 3748
f 3754 3752 3749
f 3873 3875 3749
f 3875 3754 3749
f 3755 3874 3750
f 3874 3872 3750
f 3757 3762 3751
f 3840 3843 3751
f 3843 3757 3751
f 3754 3758 3752
f 3758 3907 3752
f 3907 3906 3752
f 3841 3839 3753
f 3756 3841 3753
f 3761 3758 3754
f 3875 3877 3754
f 3877 3761 3754
f 3762 3876 3755
f 3876 3874 3755
f 3842 3841 3756
f 3760 3842 3756
f 3765 3762 3757
f 3845 3765 3757
f 3843 3845 3757
f 3761 3764 3758
f 3764 3908 3758
f 3908 3907 3758
f 3844 3842 3760
f 3766 3844 3760
f 3767 3770 3761
f 3770 3764 3761
f 3879 3767 3761
f 3877 3879 3761
f 3768 3878 3762
f 3878 3876 3762
f 3765 3768 3762
f 3770 3909 3764
f 3909 3908 3764
f 3771 3768 3765
f 3848 3771 3765
f 3845 3848 3765
f 3793 3769 3766
f 3846 3844 3766
f 3769 3846 3766
f 3772 3775 3767
f 3775 3770 3767
f 3879 3881 3767
f 3881 3772 3767
f 3771 3773 3768
f 3773 3880 3768
f 3880 3878 3768
f 3793 3774 3769
f 3847 3846 3769
f 3774 3847 3769
f 3775 3910 3770
f 3910 3909 3770
f 3776 3773 3771
f 3850 3776 3771
f 3848 3850 3771
f 3777 3781 3772
f 3781 3775 3772
f 3881 3883 3772
f 3883 3777 3772
f 3776 3778 3773
f 3778 3882 3773
f 3882 3880 3773
f 3793 3779 3774
f 3849 3847 3774
f 3779 3849 3774
f 3781 3911 3775
f 3911 3910 3775
f 3782 3778 3776
f 3853 3782 3776
f 3850 3853 3776
f 3783 3789 3777
f 3789 3781 3777
f 3883 3885 3777
f 3885 3783 3777
f 3782 3784 3778
f 3784 3884 3778
f 3884 3882 3778
f 3793 3780 3779
f 3851 3849 3779
f 3780 3851 3779
f 3793 3785 3780
f 3852 3851 3780
f 3785 3852 3780
f 3789 3912 3781
f 3912 3911 3781
f 3790 3784 3782
f 3858 3790 3782
f 3853 3858 3782
f 3787 3797 3783
f 3797 3789 3783
f 3885 3887 3783
f 3887 3787 3783
f 3790 3788 3784
f 3788 3886 3784
f 3886 3884 3784
f 3794 3786 3785
f 3793 3794 3785
f 3854 3852 3785
f 3786 3854 3785
f 3794 3791 3786
f 3855 3854 3786
f 3791 3855 3786
f 3795 3804 3787
f 3804 3797 3787
f 3887 3889 3787
f 3889 3795 3787
f 3790 3798 3788
f 3798 3796 3788
f 3796 3888 3788
f 3888 3886 3788
f 3797 3913 3789
f 3913 3912 3789
f 3859 3798 3790
f 3858 3859 3790
f 3794 3792 3791
f 3856 3855 3791
f 3792 3856 3791
f 3809 3806 3792
f 3794 3809 3792
f 3811 3857 3792
f 3806 3811 3792
f 3857 3856 3792
f 3914 3915 3793
f 3915 3794 3793
f 3915 3809 3794
f 3799 3807 3795
f 3807 3804 3795
f 3889 3891 3795
f 3891 3799 3795
f 3798 3805 3796
f 3805 3800 3796
f 3800 3890 3796
f 3890 3888 3796
f 3804 3916 3797
f 3916 3913 3797
f 3859 3805 3798
f 3801 3808 3799
f 3808 3807 3799
f 3891 3893 3799
f 3893 3801 3799
f 3805 3806 3800
f 3806 3802 3800
f 3802 3892 3800
f 3892 3890 3800
f 3803 3809 3801
f 3809 3808 3801
f 3893 3895 3801
f 3895 3803 3801
f 3806 3803 3802
f 3803 3894 3802
f 3894 3892 3802
f 3806 3809 3803
f 3895 3894 3803
f 3807 3917 3804
f 3917 3916 3804
f 3811 3806 3805
f 3826 3822 3805
f 3822 3819 3805
f 3819 3815 3805
f 3815 3813 3805
f 3813 3811 3805
f 3827 3826 3805
f 3859 3827 3805
f 3808 3918 3807
f 3918 3917 3807
f 3809 3919 3808
f 3919 3918 3808
f 3915 3920 3809
f 3920 3919 3809
f 3813 3857 3811
f 3815 3857 3813
f 3819 3857 3815
f 4170 4097 3816
f 3825 4170 3816
f 4098 3936 3817
f 4043 4098 3817
f 3822 3857 3819
f 3937 3926 3820
f 3901 3937 3820
f 3826 3857 3822
f 4173 3824 3823
f 4172 4173 3823
f 4173 3825 3824
f 4173 4174 3825
f 4174 4170 3825
f 3827 3857 3826
f 3967 3857 3827
f 3938 3967 3827
f 3969 3938 3827
f 3859 3969 3827
f 4010 4031 3828
f 4031 3914 3828
f 3940 3830 3829
f 3923 3972 3829
f 3972 3939 3829
f 3939 3940 3829
f 3944 3835 3830
f 3940 3944 3830
f 3832 3941 3831
f 3923 3922 3831
f 3941 4011 3831
f 4011 3972 3831
f 3972 3923 3831
f 3942 3941 3832
f 3833 3942 3832
f 3943 3942 3833
f 3834 3943 3833
f 3945 3943 3834
f 3836 3945 3834
f 3944 3947 3835
f 3947 3838 3835
f 3946 3945 3836
f 3837 3946 3836
f 3948 3946 3837
f 3839 3948 3837
f 3947 3950 3838
f 3950 3840 3838
f 3949 3948 3839
f 3841 3949 3839
f 3950 3953 3840
f 3953 3843 3840
f 3951 3949 3841
f 3842 3951 3841
f 3952 3951 3842
f 3844 3952 3842
f 3955 3845 3843
f 3953 3955 3843
f 3954 3952 3844
f 3846 3954 3844
f 3958 3848 3845
f 3955 3958 3845
f 3956 3954 3846
f 3847 3956 3846
f 3957 3956 3847
f 3849 3957 3847
f 3961 3850 3848
f 3958 3961 3848
f 3959 3957 3849
f 3851 3959 3849
f 3964 3853 3850
f 3961 3964 3850
f 3960 3959 3851
f 3852 3960 3851
f 3962 3960 3852
f 3854 3962 3852
f 3968 3858 3853
f 3964 3968 3853
f 3963 3962 3854
f 3855 3963 3854
f 3965 3963 3855
f 3856 3965 3855
f 3966 3965 3856
f 3857 3966 3856
f 3967 3966 3857
f 3969 3859 3858
f 3968 3969 3858
f 3862 3973 3860
f 3973 3974 3860
f 3974 3861 3860
f 3974 3976 3861
f 3976 3863 3861
f 3864 3975 3862
f 3975 3973 3862
f 3976 3978 3863
f 3978 3865 3863
f 3866 3977 3864
f 3977 3975 3864
f 3978 3980 3865
f 3980 3867 3865
f 3868 3979 3866
f 3979 3977 3866
f 3980 3982 3867
f 3982 3869 3867
f 3870 3981 3868
f 3981 3979 3868
f 3982 3984 3869
f 3984 3871 3869
f 3872 3983 3870
f 3983 3981 3870
f 3984 3986 3871
f 3986 3873 3871
f 3874 3985 3872
f 3985 3983 3872
f 3986 3988 3873
f 3988 3875 3873
f 3876 3987 3874
f 3987 3985 3874
f 3988 3990 3875
f 3990 3877 3875
f 3878 3989 3876
f 3989 3987 3876
f 3992 3879 3877
f 3990 3992 3877
f 3880 3991 3878
f 3991 3989 3878
f 3992 3994 3879
f 3994 3881 3879
f 3882 3993 3880
f 3993 3991 3880
f 3994 3996 3881
f 3996 3883 3881
f 3884 3995 3882
f 3995 3993 3882
f 3996 3998 3883
f 3998 3885 3883
f 3886 3997 3884
f 3997 3995 3884
f 3998 4000 3885
f 4000 3887 3885
f 3888 3999 3886
f 3999 3997 3886
f 4000 4002 3887
f 4002 3889 3887
f 3890 4001 3888
f 4001 3999 3888
f 4002 4004 3889
f 4004 3891 3889
f 3892 4003 3890
f 4003 4001 3890
f 4004 4006 3891
f 4006 3893 3891
f 3894 4005 3892
f 4005 4003 3892
f 4006 4008 3893
f 4008 3895 3893
f 3895 4007 3894
f 4007 4005 3894
f 4008 4007 3895
f 3897 4013 3896
f 4013 3903 3896
f 3898 4014 3897
f 4014 4013 3897
f 3899 4015 3898
f 4015 4014 3898
f 3900 4016 3899
f 4016 4015 3899
f 3904 4017 3900
f 4017 4016 3900
f 3902 4018 3901
f 4018 3937 3901
f 3903 4019 3902
f 4019 4018 3902
f 4013 4020 3903
f 4020 4019 3903
f 3905 4021 3904
f 4021 4017 3904
f 3906 4022 3905
f 4022 4021 3905
f 3907 4023 3906
f 4023 4022 3906
f 3908 4024 3907
f 4024 4023 3907
f 3909 4025 3908
f 4025 4024 3908
f 3910 4026 3909
f 4026 4025 3909
f 3911 4027 3910
f 4027 4026 3910
f 3912 4028 3911
f 4028 4027 3911
f 3913 4029 3912
f 4029 4028 3912
f 3916 4030 3913
f 4030 4029 3913
f 4031 4032 3914
f 4032 3915 3914
f 4032 3920 3915
f 3917 4033 3916
f 4033 4030 3916
f 3918 4034 3917
f 4034 4033 3917
f 3919 4035 3918
f 4035 4034 3918
f 3920 4036 3919
f 4036 4035 3919
f 4032 4037 3920
f 4037 4036 3920
f 3922 3923 3921
f 4184 3934 3924
f 4178 4184 3924
f 4176 4044 3925
f 3936 4176 3925
f 4054 4009 3926
f 3937 4054 3926
f 4179 4171 3927
f 3928 4179 3927
f 4180 4179 3928
f 3971 4180 3928
f 4038 4049 3929
f 4041 4039 3930
f 4058 4060 3931
f 4060 3933 3931
f 4169 4043 3932
f 4009 4169 3932
f 4060 4141 3933
f 4141 4010 3933
f 4185 3935 3934
f 4184 4185 3934
f 4228 4040 3935
f 4185 4228 3935
f 4098 4183 3936
f 4183 4176 3936
f 4100 4054 3937
f 4018 4100 3937
f 4012 3967 3938
f 3969 4012 3938
f 3972 4011 3939
f 4011 4050 3939
f 4050 4066 3939
f 4066 3940 3939
f 4066 4068 3940
f 4071 3944 3940
f 4068 4071 3940
f 3942 4069 3941
f 4069 4066 3941
f 4066 4050 3941
f 4050 4011 3941
f 4070 4069 3942
f 3943 4070 3942
f 4072 4070 3943
f 3945 4072 3943
f 4071 4075 3944
f 4075 3947 3944
f 4073 4072 3945
f 3946 4073 3945
f 4074 4073 3946
f 3948 4074 3946
f 4075 4078 3947
f 4078 3950 3947
f 4076 4074 3948
f 3949 4076 3948
f 4077 4076 3949
f 3951 4077 3949
f 4078 4081 3950
f 4081 3953 3950
f 4079 4077 3951
f 3952 4079 3951
f 4080 4079 3952
f 3954 4080 3952
f 4083 3955 3953
f 4081 4083 3953
f 4082 4080 3954
f 3956 4082 3954
f 4086 3958 3955
f 4083 4086 3955
f 4084 4082 3956
f 3957 4084 3956
f 4085 4084 3957
f 3959 4085 3957
f 4089 3961 3958
f 4086 4089 3958
f 4087 4085 3959
f 3960 4087 3959
f 4088 4087 3960
f 3962 4088 3960
f 4093 3964 3961
f 4089 4093 3961
f 4090 4088 3962
f 3963 4090 3962
f 4091 4090 3963
f 3965 4091 3963
f 4096 3968 3964
f 4093 4096 3964
f 4092 4091 3965
f 3966 4092 3965
f 4094 4092 3966
f 3967 4094 3966
f 4012 4095 3967
f 4095 4094 3967
f 4096 3969 3968
f 4096 4065 3969
f 4065 4051 3969
f 4051 4012 3969
f 4175 4192 3970
f 4192 4058 3970
f 4189 4180 3971
f 4046 4189 3971
f 3975 4102 3973
f 4102 4103 3973
f 4103 3974 3973
f 4103 4105 3974
f 4105 3976 3974
f 3977 4104 3975
f 4104 4102 3975
f 4105 4107 3976
f 4107 3978 3976
f 3979 4106 3977
f 4106 4104 3977
f 4107 4109 3978
f 4109 3980 3978
f 3981 4108 3979
f 4108 4106 3979
f 4109 4111 3980
f 4111 3982 3980
f 3983 4110 3981
f 4110 4108 3981
f 4111 4113 3982
f 4113 3984 3982
f 3985 4112 3983
f 4112 4110 3983
f 4113 4115 3984
f 4115 3986 3984
f 3987 4114 3985
f 4114 4112 3985
f 4115 4117 3986
f 4117 3988 3986
f 3989 4116 3987
f 4116 4114 3987
f 4117 4119 3988
f 4119 3990 3988
f 3991 4118 3989
f 4118 4116 3989
f 4121 3992 3990
f 4119 4121 3990
f 3993 4120 3991
f 4120 4118 3991
f 4121 4123 3992
f 4123 3994 3992
f 3995 4122 3993
f 4122 4120 3993
f 4123 4125 3994
f 4125 3996 3994
f 3997 4124 3995
f 4124 4122 3995
f 4125 4127 3996
f 4127 3998 3996
f 3999 4126 3997
f 4126 4124 3997
f 4127 4129 3998
f 4129 4000 3998
f 4001 4128 3999
f 4128 4126 3999
f 4129 4131 4000
f 4131 4002 4000
f 4003 4130 4001
f 4130 4128 4001
f 4131 4133 4002
f 4133 4004 4002
f 4005 4132 4003
f 4132 4130 4003
f 4133 4135 4004
f 4135 4006 4004
f 4007 4134 4005
f 4134 4132 4005
f 4135 4137 4006
f 4137 4008 4006
f 4008 4136 4007
f 4136 4134 4007
f 4137 4136 4008
f 4177 4169 4009
f 4054 4177 4009
f 4141 4161 4010
f 4161 4031 4010
f 4051 4095 4012
f 4014 4143 4013
f 4143 4020 4013
f 4015 4144 4014
f 4144 4143 4014
f 4016 4145 4015
f 4145 4144 4015
f 4017 4146 4016
f 4146 4145 4016
f 4021 4148 4017
f 4148 4146 4017
f 4019 4147 4018
f 4147 4100 4018
f 4020 4149 4019
f 4149 4147 4019
f 4143 4150 4020
f 4150 4149 4020
f 4022 4151 4021
f 4151 4148 4021
f 4023 4152 4022
f 4152 4151 4022
f 4024 4153 4023
f 4153 4152 4023
f 4025 4154 4024
f 4154 4153 4024
f 4026 4155 4025
f 4155 4154 4025
f 4027 4156 4026
f 4156 4155 4026
f 4028 4157 4027
f 4157 4156 4027
f 4029 4158 4028
f 4158 4157 4028
f 4030 4159 4029
f 4159 4158 4029
f 4033 4160 4030
f 4160 4159 4030
f 4161 4162 4031
f 4162 4032 4031
f 4162 4037 4032
f 4034 4163 4033
f 4163 4160 4033
f 4035 4164 4034
f 4164 4163 4034
f 4036 4165 4035
f 4165 4164 4035
f 4037 4166 4036
f 4166 4165 4036
f 4162 4167 4037
f 4167 4166 4037
f 4303 4049 4038
f 4187 4303 4038
f 4041 4188 4039
f 4301 4048 4040
f 4228 4301 4040
f 4229 4188 4041
f 4057 4229 4041
f 4270 4539 4042
f 4186 4098 4043
f 4169 4186 4043
f 4176 4138 4044
f 4191 4315 4045
f 4315 4175 4045
f 4230 4189 4046
f 4047 4230 4046
f 4272 4230 4047
f 4056 4272 4047
f 4302 4052 4048
f 4301 4302 4048
f 4314 4099 4049
f 4303 4314 4049
f 4065 4095 4051
f 4310 4064 4052
f 4302 4310 4052
f 4300 4375 4053
f 4375 4191 4053
f 4190 4177 4054
f 4100 4190 4054
f 4615 4660 4055
f 4496 4615 4055
f 4486 4496 4055
f 4415 4458 4055
f 4458 4486 4055
f 4660 4659 4055
f 4659 4326 4055
f 4304 4272 4056
f 4067 4304 4056
f 4305 4229 4057
f 4059 4305 4057
f 4192 4193 4058
f 4193 4060 4058
f 4307 4305 4059
f 4171 4307 4059
f 4193 4273 4060
f 4273 4141 4060
f 4309 4454 4061
f 4454 4300 4061
f 4474 4475 4062
f 4063 4483 4062
f 4483 4474 4062
f 4317 4140 4064
f 4310 4317 4064
f 4225 4095 4065
f 4182 4225 4065
f 4096 4182 4065
f 4181 4068 4066
f 4069 4181 4066
f 4311 4304 4067
f 4097 4311 4067
f 4181 4199 4068
f 4200 4071 4068
f 4199 4200 4068
f 4070 4201 4069
f 4201 4196 4069
f 4196 4194 4069
f 4194 4181 4069
f 4202 4201 4070
f 4072 4202 4070
f 4200 4205 4071
f 4205 4075 4071
f 4203 4202 4072
f 4073 4203 4072
f 4204 4203 4073
f 4074 4204 4073
f 4206 4204 4074
f 4076 4206 4074
f 4205 4209 4075
f 4209 4078 4075
f 4207 4206 4076
f 4077 4207 4076
f 4208 4207 4077
f 4079 4208 4077
f 4209 4212 4078
f 4212 4081 4078
f 4210 4208 4079
f 4080 4210 4079
f 4211 4210 4080
f 4082 4211 4080
f 4212 4214 4081
f 4214 4083 4081
f 4213 4211 4082
f 4084 4213 4082
f 4217 4086 4083
f 4214 4217 4083
f 4215 4213 4084
f 4085 4215 4084
f 4216 4215 4085
f 4087 4216 4085
f 4221 4089 4086
f 4217 4221 4086
f 4218 4216 4087
f 4088 4218 4087
f 4219 4218 4088
f 4090 4219 4088
f 4226 4093 4089
f 4221 4226 4089
f 4220 4219 4090
f 4091 4220 4090
f 4222 4220 4091
f 4092 4222 4091
f 4223 4222 4092
f 4094 4223 4092
f 4227 4096 4093
f 4226 4227 4093
f 4224 4223 4094
f 4095 4224 4094
f 4225 4224 4095
f 4227 4195 4096
f 4195 4182 4096
f 4312 4311 4097
f 4170 4312 4097
f 4308 4183 4098
f 4186 4308 4098
f 4319 4139 4099
f 4314 4319 4099
f 4271 4190 4100
f 4147 4271 4100
f 4326 4531 4101
f 4531 4327 4101
f 4104 4231 4102
f 4231 4232 4102
f 4232 4103 4102
f 4232 4234 4103
f 4234 4105 4103
f 4106 4233 4104
f 4233 4231 4104
f 4234 4236 4105
f 4236 4107 4105
f 4108 4235 4106
f 4235 4233 4106
f 4236 4238 4107
f 4238 4109 4107
f 4110 4237 4108
f 4237 4235 4108
f 4238 4240 4109
f 4240 4111 4109
f 4112 4239 4110
f 4239 4237 4110
f 4240 4242 4111
f 4242 4113 4111
f 4114 4241 4112
f 4241 4239 4112
f 4242 4244 4113
f 4244 4115 4113
f 4116 4243 4114
f 4243 4241 4114
f 4244 4246 4115
f 4246 4117 4115
f 4118 4245 4116
f 4245 4243 4116
f 4246 4248 4117
f 4248 4119 4117
f 4120 4247 4118
f 4247 4245 4118
f 4250 4121 4119
f 4248 4250 4119
f 4122 4249 4120
f 4249 4247 4120
f 4250 4252 4121
f 4252 4123 4121
f 4124 4251 4122
f 4251 4249 4122
f 4252 4254 4123
f 4254 4125 4123
f 4126 4253 4124
f 4253 4251 4124
f 4254 4256 4125
f 4256 4127 4125
f 4128 4255 4126
f 4255 4253 4126
f 4256 4258 4127
f 4258 4129 4127
f 4130 4257 4128
f 4257 4255 4128
f 4258 4260 4129
f 4260 4131 4129
f 4132 4259 4130
f 4259 4257 4130
f 4260 4262 4131
f 4262 4133 4131
f 4134 4261 4132
f 4261 4259 4132
f 4262 4264 4133
f 4264 4135 4133
f 4136 4263 4134
f 4263 4261 4134
f 4264 4266 4135
f 4266 4137 4135
f 4137 4265 4136
f 4265 4263 4136
f 4266 4265 4137
f 4176 4299 4138
f 4333 4178 4139
f 4319 4333 4139
f 4322 4142 4140
f 4317 4322 4140
f 4273 4292 4141
f 4292 4161 4141
f 4328 4172 4142
f 4322 4328 4142
f 4144 4274 4143
f 4274 4150 4143
f 4145 4275 4144
f 4275 4274 4144
f 4146 4276 4145
f 4276 4275 4145
f 4148 4277 4146
f 4277 4276 4146
f 4149 4278 4147
f 4278 4271 4147
f 4151 4279 4148
f 4279 4277 4148
f 4150 4280 4149
f 4280 4278 4149
f 4274 4281 4150
f 4281 4280 4150
f 4152 4282 4151
f 4282 4279 4151
f 4153 4283 4152
f 4283 4282 4152
f 4154 4284 4153
f 4284 4283 4153
f 4155 4285 4154
f 4285 4284 4154
f 4156 4286 4155
f 4286 4285 4155
f 4157 4287 4156
f 4287 4286 4156
f 4158 4288 4157
f 4288 4287 4157
f 4159 4289 4158
f 4289 4288 4158
f 4160 4290 4159
f 4290 4289 4159
f 4163 4291 4160
f 4291 4290 4160
f 4292 4293 4161
f 4293 4162 4161
f 4293 4167 4162
f 4164 4294 4163
f 4294 4291 4163
f 4165 4295 4164
f 4295 4294 4164
f 4166 4296 4165
f 4296 4295 4165
f 4167 4297 4166
f 4297 4296 4166
f 4293 4298 4167
f 4298 4297 4167
f 4327 4472 4168
f 4472 4309 4168
f 4306 4186 4169
f 4177 4306 4169
f 4323 4312 4170
f 4174 4323 4170
f 4325 4307 4171
f 4179 4325 4171
f 4329 4173 4172
f 4328 4329 4172
f 4329 4174 4173
f 4329 4330 4174
f 4330 4323 4174
f 4315 4341 4175
f 4341 4192 4175
f 4183 4331 4176
f 4331 4299 4176
f 4318 4306 4177
f 4190 4318 4177
f 4374 4184 4178
f 4333 4374 4178
f 4334 4325 4179
f 4180 4334 4179
f 4337 4334 4180
f 4189 4337 4180
f 4194 4199 4181
f 4195 4225 4182
f 4308 4372 4183
f 4372 4331 4183
f 4412 4185 4184
f 4374 4412 4184
f 4447 4228 4185
f 4412 4447 4185
f 4373 4308 4186
f 4306 4373 4186
f 4197 4303 4187
f 4229 4198 4188
f 4417 4337 4189
f 4230 4417 4189
f 4336 4318 4190
f 4271 4336 4190
f 4375 4469 4191
f 4469 4315 4191
f 4341 4371 4192
f 4371 4193 4192
f 4371 4419 4193
f 4419 4273 4193
f 4196 4199 4194
f 4368 4225 4195
f 4338 4368 4195
f 4227 4370 4195
f 4370 4338 4195
f 4342 4199 4196
f 4339 4342 4196
f 4201 4344 4196
f 4344 4339 4196
f 4459 4303 4197
f 4445 4459 4197
f 4229 4446 4198
f 4343 4200 4199
f 4342 4343 4199
f 4343 4348 4200
f 4348 4205 4200
f 4202 4344 4201
f 4345 4344 4202
f 4203 4345 4202
f 4346 4345 4203
f 4204 4346 4203
f 4347 4346 4204
f 4206 4347 4204
f 4348 4351 4205
f 4351 4209 4205
f 4349 4347 4206
f 4207 4349 4206
f 4350 4349 4207
f 4208 4350 4207
f 4352 4350 4208
f 4210 4352 4208
f 4351 4355 4209
f 4355 4212 4209
f 4353 4352 4210
f 4211 4353 4210
f 4354 4353 4211
f 4213 4354 4211
f 4355 4357 4212
f 4357 4214 4212
f 4356 4354 4213
f 4215 4356 4213
f 4357 4361 4214
f 4361 4217 4214
f 4358 4356 4215
f 4216 4358 4215
f 4359 4358 4216
f 4218 4359 4216
f 4364 4221 4217
f 4361 4364 4217
f 4360 4359 4218
f 4219 4360 4218
f 4362 4360 4219
f 4220 4362 4219
f 4363 4362 4220
f 4222 4363 4220
f 4369 4226 4221
f 4364 4369 4221
f 4365 4363 4222
f 4223 4365 4222
f 4366 4365 4223
f 4224 4366 4223
f 4367 4366 4224
f 4225 4367 4224
f 4368 4367 4225
f 4370 4227 4226
f 4369 4370 4226
f 4455 4301 4228
f 4447 4455 4228
f 4463 4448 4229
f 4448 4446 4229
f 4305 4463 4229
f 4449 4417 4230
f 4272 4449 4230
f 4233 4376 4231
f 4376 4377 4231
f 4377 4232 4231
f 4377 4379 4232
f 4379 4234 4232
f 4235 4378 4233
f 4378 4376 4233
f 4379 4381 4234
f 4381 4236 4234
f 4237 4380 4235
f 4380 4378 4235
f 4381 4383 4236
f 4383 4238 4236
f 4239 4382 4237
f 4382 4380 4237
f 4383 4385 4238
f 4385 4240 4238
f 4241 4384 4239
f 4384 4382 4239
f 4385 4387 4240
f 4387 4242 4240
f 4243 4386 4241
f 4386 4384 4241
f 4387 4389 4242
f 4389 4244 4242
f 4245 4388 4243
f 4388 4386 4243
f 4389 4391 4244
f 4391 4246 4244
f 4247 4390 4245
f 4390 4388 4245
f 4391 4393 4246
f 4393 4248 4246
f 4249 4392 4247
f 4392 4390 4247
f 4395 4250 4248
f 4393 4395 4248
f 4251 4394 4249
f 4394 4392 4249
f 4395 4397 4250
f 4397 4252 4250
f 4253 4396 4251
f 4396 4394 4251
f 4397 4399 4252
f 4399 4254 4252
f 4255 4398 4253
f 4398 4396 4253
f 4399 4401 4254
f 4401 4256 4254
f 4257 4400 4255
f 4400 4398 4255
f 4401 4403 4256
f 4403 4258 4256
f 4259 4402 4257
f 4402 4400 4257
f 4403 4405 4258
f 4405 4260 4258
f 4261 4404 4259
f 4404 4402 4259
f 4405 4407 4260
f 4407 4262 4260
f 4263 4406 4261
f 4406 4404 4261
f 4407 4409 4262
f 4409 4264 4262
f 4265 4408 4263
f 4408 4406 4263
f 4409 4411 4264
f 4411 4266 4264
f 4266 4410 4265
f 4410 4408 4265
f 4411 4410 4266
f 4452 4268 4267
f 5263 5245 4268
f 4623 5263 4268
f 4452 4623 4268
f 5247 4624 4269
f 4624 4621 4269
f 4621 4453 4269
f 4453 4270 4269
f 4453 4539 4270
f 4416 4336 4271
f 4278 4416 4271
f 4451 4449 4272
f 4304 4451 4272
f 4419 4438 4273
f 4438 4292 4273
f 4275 4420 4274
f 4420 4281 4274
f 4276 4421 4275
f 4421 4420 4275
f 4277 4422 4276
f 4422 4421 4276
f 4279 4423 4277
f 4423 4422 4277
f 4280 4424 4278
f 4424 4416 4278
f 4282 4425 4279
f 4425 4423 4279
f 4281 4426 4280
f 4426 4424 4280
f 4420 4427 4281
f 4427 4426 4281
f 4283 4428 4282
f 4428 4425 4282
f 4284 4429 4283
f 4429 4428 4283
f 4285 4430 4284
f 4430 4429 4284
f 4286 4431 4285
f 4431 4430 4285
f 4287 4432 4286
f 4432 4431 4286
f 4288 4433 4287
f 4433 4432 4287
f 4289 4434 4288
f 4434 4433 4288
f 4290 4435 4289
f 4435 4434 4289
f 4291 4436 4290
f 4436 4435 4290
f 4294 4437 4291
f 4437 4436 4291
f 4438 4439 4292
f 4439 4293 4292
f 4439 4298 4293
f 4295 4440 4294
f 4440 4437 4294
f 4296 4441 4295
f 4441 4440 4295
f 4297 4442 4296
f 4442 4441 4296
f 4298 4443 4297
f 4443 4442 4297
f 4439 4444 4298
f 4444 4443 4298
f 4331 4313 4299
f 4454 4582 4300
f 4582 4375 4300
f 4457 4302 4301
f 4455 4457 4301
f 4470 4310 4302
f 4457 4470 4302
f 4462 4314 4303
f 4459 4462 4303
f 4464 4451 4304
f 4311 4464 4304
f 4466 4463 4305
f 4307 4466 4305
f 4456 4373 4306
f 4318 4456 4306
f 4492 4468 4307
f 4468 4466 4307
f 4325 4492 4307
f 4465 4372 4308
f 4373 4465 4308
f 4472 4626 4309
f 4626 4454 4309
f 4490 4317 4310
f 4470 4490 4310
f 4473 4464 4311
f 4312 4473 4311
f 4485 4473 4312
f 4323 4485 4312
f 4331 4467 4313
f 4489 4319 4314
f 4488 4489 4314
f 4462 4488 4314
f 4469 4534 4315
f 4534 4341 4315
f 4321 4760 4316
f 4755 4320 4316
f 4754 4755 4316
f 4760 4754 4316
f 4493 4322 4317
f 4490 4493 4317
f 4471 4456 4318
f 4336 4471 4318
f 4491 4333 4319
f 4489 4491 4319
f 4772 4324 4320
f 4755 4772 4320
f 4332 4771 4321
f 4771 4764 4321
f 4764 4760 4321
f 4497 4328 4322
f 4493 4497 4322
f 4494 4485 4323
f 4330 4494 4323
f 4832 4335 4324
f 4772 4832 4324
f 4536 4495 4325
f 4495 4492 4325
f 4334 4536 4325
f 4659 4531 4326
f 4531 4658 4327
f 4658 4472 4327
f 4501 4329 4328
f 4497 4501 4328
f 4501 4330 4329
f 4501 4502 4330
f 4502 4494 4330
f 4503 4467 4331
f 4372 4503 4331
f 4418 4833 4332
f 4833 4773 4332
f 4773 4771 4332
f 4535 4374 4333
f 4533 4535 4333
f 4491 4533 4333
f 4538 4536 4334
f 4337 4538 4334
f 4841 4415 4335
f 4832 4841 4335
f 4532 4471 4336
f 4416 4532 4336
f 4612 4576 4337
f 4576 4538 4337
f 4417 4612 4337
f 4413 4342 4339
f 4344 4413 4339
f 4529 4368 4338
f 4414 4529 4338
f 4370 4414 4338
f 4534 4537 4341
f 4537 4371 4341
f 4413 4460 4342
f 4498 4343 4342
f 4460 4498 4342
f 4498 4504 4343
f 4504 4509 4343
f 4509 4348 4343
f 4345 4505 4344
f 4460 4413 4344
f 4505 4498 4344
f 4498 4460 4344
f 4506 4505 4345
f 4346 4506 4345
f 4507 4506 4346
f 4347 4507 4346
f 4508 4507 4347
f 4349 4508 4347
f 4509 4512 4348
f 4512 4351 4348
f 4510 4508 4349
f 4350 4510 4349
f 4511 4510 4350
f 4352 4511 4350
f 4512 4515 4351
f 4515 4355 4351
f 4513 4511 4352
f 4353 4513 4352
f 4514 4513 4353
f 4354 4514 4353
f 4516 4514 4354
f 4356 4516 4354
f 4515 4519 4355
f 4519 4357 4355
f 4517 4516 4356
f 4358 4517 4356
f 4519 4522 4357
f 4522 4361 4357
f 4518 4517 4358
f 4359 4518 4358
f 4520 4518 4359
f 4360 4520 4359
f 4521 4520 4360
f 4362 4521 4360
f 4522 4525 4361
f 4525 4364 4361
f 4523 4521 4362
f 4363 4523 4362
f 4524 4523 4363
f 4365 4524 4363
f 4530 4369 4364
f 4525 4530 4364
f 4526 4524 4365
f 4366 4526 4365
f 4527 4526 4366
f 4367 4527 4366
f 4528 4527 4367
f 4368 4528 4367
f 4529 4528 4368
f 4499 4370 4369
f 4530 4499 4369
f 4499 4461 4370
f 4461 4414 4370
f 4537 4583 4371
f 4583 4419 4371
f 4465 4580 4372
f 4580 4503 4372
f 4577 4465 4373
f 4456 4577 4373
f 4610 4412 4374
f 4584 4610 4374
f 4535 4584 4374
f 4582 4633 4375
f 4633 4469 4375
f 4378 4540 4376
f 4540 4541 4376
f 4541 4377 4376
f 4541 4543 4377
f 4543 4379 4377
f 4380 4542 4378
f 4542 4540 4378
f 4543 4545 4379
f 4545 4381 4379
f 4382 4544 4380
f 4544 4542 4380
f 4545 4547 4381
f 4547 4383 4381
f 4384 4546 4382
f 4546 4544 4382
f 4547 4549 4383
f 4549 4385 4383
f 4386 4548 4384
f 4548 4546 4384
f 4549 4551 4385
f 4551 4387 4385
f 4388 4550 4386
f 4550 4548 4386
f 4551 4553 4387
f 4553 4389 4387
f 4390 4552 4388
f 4552 4550 4388
f 4553 4555 4389
f 4555 4391 4389
f 4392 4554 4390
f 4554 4552 4390
f 4555 4557 4391
f 4557 4393 4391
f 4394 4556 4392
f 4556 4554 4392
f 4559 4395 4393
f 4557 4559 4393
f 4396 4558 4394
f 4558 4556 4394
f 4559 4561 4395
f 4561 4397 4395
f 4398 4560 4396
f 4560 4558 4396
f 4561 4563 4397
f 4563 4399 4397
f 4400 4562 4398
f 4562 4560 4398
f 4563 4565 4399
f 4565 4401 4399
f 4402 4564 4400
f 4564 4562 4400
f 4565 4567 4401
f 4567 4403 4401
f 4404 4566 4402
f 4566 4564 4402
f 4567 4569 4403
f 4569 4405 4403
f 4406 4568 4404
f 4568 4566 4404
f 4569 4571 4405
f 4571 4407 4405
f 4408 4570 4406
f 4570 4568 4406
f 4571 4573 4407
f 4573 4409 4407
f 4410 4572 4408
f 4572 4570 4408
f 4573 4575 4409
f 4575 4411 4409
f 4411 4574 4410
f 4574 4572 4410
f 4575 4574 4411
f 4611 4447 4412
f 4610 4611 4412
f 4461 4529 4414
f 4852 4458 4415
f 4841 4852 4415
f 4581 4532 4416
f 4424 4581 4416
f 4616 4613 4417
f 4613 4612 4417
f 4449 4616 4417
f 4882 4842 4418
f 4842 4840 4418
f 4840 4839 4418
f 4839 4833 4418
f 4450 4882 4418
f 4583 4603 4419
f 4603 4438 4419
f 4421 4585 4420
f 4585 4427 4420
f 4422 4586 4421
f 4586 4585 4421
f 4423 4587 4422
f 4587 4586 4422
f 4425 4588 4423
f 4588 4587 4423
f 4426 4589 4424
f 4589 4581 4424
f 4428 4590 4425
f 4590 4588 4425
f 4427 4591 4426
f 4591 4589 4426
f 4585 4592 4427
f 4592 4591 4427
f 4429 4593 4428
f 4593 4590 4428
f 4430 4594 4429
f 4594 4593 4429
f 4431 4595 4430
f 4595 4594 4430
f 4432 4596 4431
f 4596 4595 4431
f 4433 4597 4432
f 4597 4596 4432
f 4434 4598 4433
f 4598 4597 4433
f 4435 4599 4434
f 4599 4598 4434
f 4436 4600 4435
f 4600 4599 4435
f 4437 4601 4436
f 4601 4600 4436
f 4440 4602 4437
f 4602 4601 4437
f 4603 4604 4438
f 4604 4439 4438
f 4604 4444 4439
f 4441 4605 4440
f 4605 4602 4440
f 4442 4606 4441
f 4606 4605 4441
f 4443 4607 4442
f 4607 4606 4442
f 4444 4608 4443
f 4608 4607 4443
f 4604 4609 4444
f 4609 4608 4444
f 5244 5262 4445
f 5262 5350 4445
f 5141 5229 4445
f 5229 5244 4445
f 5350 4459 4445
f 5264 5246 4446
f 5246 5231 4446
f 5231 5143 4446
f 5280 5264 4446
f 5389 5280 4446
f 4887 4847 4446
f 5143 5067 4446
f 5067 4930 4446
f 4930 4887 4446
f 4448 5389 4446
f 4617 4455 4447
f 4614 4617 4447
f 4611 4614 4447
f 4463 5299 4448
f 5299 5389 4448
f 4618 4616 4449
f 4451 4618 4449
f 4539 4882 4450
f 4629 4619 4451
f 4619 4618 4451
f 4464 4629 4451
f 4622 4623 4452
f 4621 4539 4453
f 4626 4800 4454
f 4800 4582 4454
f 4627 4457 4455
f 4625 4627 4455
f 4617 4625 4455
f 4620 4577 4456
f 4471 4620 4456
f 4628 4470 4457
f 4627 4628 4457
f 4852 4486 4458
f 5350 5322 4459
f 5322 4462 4459
f 4499 4529 4461
f 5322 4488 4462
f 4466 5299 4463
f 4636 4630 4464
f 4630 4629 4464
f 4473 4636 4464
f 4631 4580 4465
f 4577 4631 4465
f 4468 5299 4466
f 4503 4487 4467
f 5301 5299 4468
f 4492 5301 4468
f 4633 4713 4469
f 4713 4534 4469
f 4635 4490 4470
f 4634 4635 4470
f 4628 4634 4470
f 4632 4620 4471
f 4532 4632 4471
f 4658 4880 4472
f 4880 4626 4472
f 4637 4636 4473
f 4485 4637 4473
f 4480 4475 4474
f 4483 4480 4474
f 4480 4476 4475
f 4480 4477 4476
f 4640 4642 4477
f 4478 4640 4477
f 4480 4478 4477
f 6234 5286 4478
f 5286 4640 4478
f 4480 4479 4478
f 4480 4481 4479
f 4483 4484 4480
f 4482 4481 4480
f 4704 4664 4485
f 4664 4637 4485
f 4494 4704 4485
f 4923 4496 4486
f 4852 4923 4486
f 4503 4654 4487
f 5322 4489 4488
f 5322 4491 4489
f 4666 4493 4490
f 4665 4666 4490
f 4635 4665 4490
f 5328 4533 4491
f 5330 5328 4491
f 5322 5330 4491
f 5295 5301 4492
f 4495 5295 4492
f 4703 4497 4493
f 4666 4703 4493
f 4705 4704 4494
f 4502 4705 4494
f 5305 5295 4495
f 4536 5305 4495
f 4923 4615 4496
f 4710 4711 4497
f 4711 4501 4497
f 4703 4710 4497
f 4579 4699 4499
f 4699 4529 4499
f 4530 4579 4499
f 4578 4504 4498
f 4505 4578 4498
f 4711 4502 4501
f 4711 4712 4502
f 4712 4705 4502
f 4580 4709 4503
f 4709 4654 4503
f 4578 4668 4504
f 4668 4669 4504
f 4669 4509 4504
f 4506 4670 4505
f 4670 4667 4505
f 4667 4578 4505
f 4671 4670 4506
f 4507 4671 4506
f 4672 4671 4507
f 4508 4672 4507
f 4674 4672 4508
f 4510 4674 4508
f 4669 4673 4509
f 4673 4675 4509
f 4675 4512 4509
f 4676 4674 4510
f 4511 4676 4510
f 4677 4676 4511
f 4513 4677 4511
f 4675 4678 4512
f 4678 4679 4512
f 4679 4515 4512
f 4680 4677 4513
f 4514 4680 4513
f 4681 4680 4514
f 4516 4681 4514
f 4679 4682 4515
f 4682 4519 4515
f 4683 4681 4516
f 4517 4683 4516
f 4685 4683 4517
f 4518 4685 4517
f 4686 4685 4518
f 4520 4686 4518
f 4682 4687 4519
f 4687 4690 4519
f 4690 4522 4519
f 4688 4686 4520
f 4521 4688 4520
f 4689 4688 4521
f 4523 4689 4521
f 4690 4691 4522
f 4691 4525 4522
f 4692 4689 4523
f 4524 4692 4523
f 4693 4692 4524
f 4526 4693 4524
f 4696 4530 4525
f 4691 4694 4525
f 4694 4696 4525
f 4695 4693 4526
f 4527 4695 4526
f 4697 4695 4527
f 4528 4697 4527
f 4698 4697 4528
f 4529 4698 4528
f 4699 4698 4529
f 4700 4701 4530
f 4701 4702 4530
f 4702 4579 4530
f 4696 4700 4530
f 4659 4658 4531
f 4708 4632 4532
f 4581 4708 4532
f 5326 4535 4533
f 5328 5326 4533
f 4713 4714 4534
f 4714 4537 4534
f 5339 4584 4535
f 5326 5339 4535
f 4538 5305 4536
f 4714 4774 4537
f 4774 4583 4537
f 5312 5305 4538
f 4576 5312 4538
f 4621 4661 4539
f 5007 4924 4539
f 4661 5007 4539
f 4924 4922 4539
f 4922 4882 4539
f 4542 4715 4540
f 4715 4716 4540
f 4716 4541 4540
f 4716 4718 4541
f 4718 4543 4541
f 4544 4717 4542
f 4717 4715 4542
f 4718 4720 4543
f 4720 4545 4543
f 4546 4719 4544
f 4719 4717 4544
f 4720 4722 4545
f 4722 4547 4545
f 4548 4721 4546
f 4721 4719 4546
f 4722 4724 4547
f 4724 4549 4547
f 4550 4723 4548
f 4723 4721 4548
f 4724 4726 4549
f 4726 4551 4549
f 4552 4725 4550
f 4725 4723 4550
f 4726 4728 4551
f 4728 4553 4551
f 4554 4727 4552
f 4727 4725 4552
f 4728 4730 4553
f 4730 4555 4553
f 4556 4729 4554
f 4729 4727 4554
f 4730 4732 4555
f 4732 4557 4555
f 4558 4731 4556
f 4731 4729 4556
f 4734 4559 4557
f 4732 4734 4557
f 4560 4733 4558
f 4733 4731 4558
f 4734 4736 4559
f 4736 4561 4559
f 4562 4735 4560
f 4735 4733 4560
f 4736 4738 4561
f 4738 4563 4561
f 4564 4737 4562
f 4737 4735 4562
f 4738 4740 4563
f 4740 4565 4563
f 4566 4739 4564
f 4739 4737 4564
f 4740 4742 4565
f 4742 4567 4565
f 4568 4741 4566
f 4741 4739 4566
f 4742 4744 4567
f 4744 4569 4567
f 4570 4743 4568
f 4743 4741 4568
f 4744 4746 4569
f 4746 4571 4569
f 4572 4745 4570
f 4745 4743 4570
f 4746 4748 4571
f 4748 4573 4571
f 4574 4747 4572
f 4747 4745 4572
f 4748 4750 4573
f 4750 4575 4573
f 4575 4749 4574
f 4749 4747 4574
f 4750 4749 4575
f 5310 5312 4576
f 4612 5310 4576
f 4761 4631 4577
f 4620 4761 4577
f 4667 4668 4578
f 4702 4699 4579
f 4631 4763 4580
f 4763 4709 4580
f 4762 4708 4581
f 4589 4762 4581
f 4800 4890 4582
f 4890 4633 4582
f 4774 4793 4583
f 4793 4603 4583
f 5339 4610 4584
f 4586 4775 4585
f 4775 4592 4585
f 4587 4776 4586
f 4776 4775 4586
f 4588 4777 4587
f 4777 4776 4587
f 4590 4778 4588
f 4778 4777 4588
f 4591 4779 4589
f 4779 4762 4589
f 4593 4780 4590
f 4780 4778 4590
f 4592 4781 4591
f 4781 4779 4591
f 4775 4782 4592
f 4782 4781 4592
f 4594 4783 4593
f 4783 4780 4593
f 4595 4784 4594
f 4784 4783 4594
f 4596 4785 4595
f 4785 4784 4595
f 4597 4786 4596
f 4786 4785 4596
f 4598 4787 4597
f 4787 4786 4597
f 4599 4788 4598
f 4788 4787 4598
f 4600 4789 4599
f 4789 4788 4599
f 4601 4790 4600
f 4790 4789 4600
f 4602 4791 4601
f 4791 4790 4601
f 4605 4792 4602
f 4792 4791 4602
f 4793 4794 4603
f 4794 4604 4603
f 4794 4609 4604
f 4606 4795 4605
f 4795 4792 4605
f 4607 4796 4606
f 4796 4795 4606
f 4608 4797 4607
f 4797 4796 4607
f 4609 4798 4608
f 4798 4797 4608
f 4794 4799 4609
f 4799 4798 4609
f 5339 4611 4610
f 5335 4614 4611
f 5339 5335 4611
f 5306 5310 4612
f 4613 5306 4612
f 5308 5306 4613
f 4616 5308 4613
f 5321 4617 4614
f 5335 5321 4614
f 4663 4660 4615
f 5137 4663 4615
f 4923 4935 4615
f 4935 5008 4615
f 5008 5137 4615
f 4618 5308 4616
f 5323 4625 4617
f 5321 5323 4617
f 4619 5308 4618
f 5314 5308 4619
f 4629 5314 4619
f 4849 4761 4620
f 4632 4849 4620
f 4662 4661 4621
f 4624 4662 4621
f 4638 5151 4622
f 5151 4623 4622
f 5151 5263 4623
f 5247 5265 4624
f 5265 5152 4624
f 5152 5153 4624
f 5153 4662 4624
f 5318 4627 4625
f 5323 5318 4625
f 4880 4925 4626
f 4925 4800 4626
f 5327 4628 4627
f 5318 5327 4627
f 5327 4634 4628
f 5315 5314 4629
f 4630 5315 4629
f 5303 5315 4630
f 4636 5303 4630
f 4881 4763 4631
f 4761 4881 4631
f 4889 4849 4632
f 4708 4889 4632
f 4890 4972 4633
f 4972 4713 4633
f 5317 4635 4634
f 5327 5317 4634
f 5336 4665 4635
f 5317 5336 4635
f 5316 5303 4636
f 4637 5316 4636
f 4664 5316 4637
f 5150 5151 4638
f 4639 5150 4638
f 4641 5239 4639
f 5239 5150 4639
f 5286 4642 4640
f 5272 5253 4641
f 5253 5239 4641
f 5418 5272 4641
f 5419 5418 4641
f 4643 5419 4641
f 5411 4645 4642
f 5410 5411 4642
f 5286 5410 4642
f 4644 5419 4643
f 4647 5419 4644
f 5411 4646 4645
f 5411 4648 4646
f 5401 5419 4647
f 4654 5401 4647
f 5412 4649 4648
f 5411 5412 4648
f 5413 4650 4649
f 5412 5413 4649
f 5414 4651 4650
f 5413 5414 4650
f 5415 4652 4651
f 5414 5415 4651
f 5415 4653 4652
f 5415 4655 4653
f 4709 6007 4654
f 6007 5401 4654
f 5417 4656 4655
f 5415 5416 4655
f 5416 5417 4655
f 5417 4657 4656
f 5417 5267 4657
f 5398 4880 4658
f 5399 5398 4658
f 4659 5399 4658
f 4660 5399 4659
f 4663 4707 4660
f 4707 4838 4660
f 4838 4884 4660
f 4884 5000 4660
f 5000 5133 4660
f 5133 5234 4660
f 5234 5250 4660
f 5250 5269 4660
f 5269 5421 4660
f 5421 5399 4660
f 4662 4706 4661
f 5146 5136 4661
f 4706 5146 4661
f 5136 5007 4661
f 5153 5268 4662
f 5268 5249 4662
f 5249 5235 4662
f 5235 5134 4662
f 5134 4883 4662
f 4883 4706 4662
f 5137 5145 4663
f 5145 4707 4663
f 5302 5316 4664
f 4704 5302 4664
f 5336 4666 4665
f 5336 4703 4666
f 4801 4668 4667
f 4670 4801 4667
f 4801 4803 4668
f 4803 4669 4668
f 4803 4673 4669
f 4671 4805 4670
f 4805 4804 4670
f 4830 4801 4670
f 4804 4830 4670
f 4672 4806 4671
f 4806 4805 4671
f 4674 4808 4672
f 4808 4806 4672
f 4807 4675 4673
f 4803 4807 4673
f 4676 4809 4674
f 4809 4808 4674
f 4807 4678 4675
f 4677 4810 4676
f 4810 4809 4676
f 4680 4812 4677
f 4812 4810 4677
f 4811 4679 4678
f 4807 4811 4678
f 4811 4682 4679
f 4681 4813 4680
f 4813 4812 4680
f 4683 4815 4681
f 4815 4813 4681
f 4814 4687 4682
f 4811 4814 4682
f 4685 4816 4683
f 4816 4815 4683
f 4686 4817 4685
f 4817 4816 4685
f 4688 4819 4686
f 4819 4817 4686
f 4818 4690 4687
f 4814 4818 4687
f 4689 4820 4688
f 4820 4819 4688
f 4692 4822 4689
f 4822 4820 4689
f 4821 4691 4690
f 4818 4821 4690
f 4821 4694 4691
f 4693 4823 4692
f 4823 4822 4692
f 4695 4824 4693
f 4824 4823 4693
f 4825 4696 4694
f 4821 4825 4694
f 4697 4826 4695
f 4826 4824 4695
f 4825 4700 4696
f 4698 4827 4697
f 4827 4826 4697
f 4699 4828 4698
f 4828 4827 4698
f 4802 4828 4699
f 4702 4802 4699
f 4829 4701 4700
f 4825 4829 4700
f 4802 4702 4701
f 4831 4802 4701
f 4829 4831 4701
f 5334 4710 4703
f 5336 5334 4703
f 4705 5302 4704
f 4712 5388 4705
f 5388 5302 4705
f 4883 5196 4706
f 5196 5147 4706
f 5147 5146 4706
f 5145 5148 4707
f 5148 4838 4707
f 4932 4889 4708
f 4762 4932 4708
f 4763 5402 4709
f 5402 6007 4709
f 5334 4711 4710
f 5356 4712 4711
f 5334 5356 4711
f 5356 5388 4712
f 4972 5004 4713
f 5004 4714 4713
f 5004 5009 4714
f 5009 4774 4714
f 4717 4936 4715
f 4936 4937 4715
f 4937 4716 4715
f 4937 4939 4716
f 4939 4718 4716
f 4719 4938 4717
f 4938 4936 4717
f 4939 4941 4718
f 4941 4720 4718
f 4721 4940 4719
f 4940 4938 4719
f 4941 4943 4720
f 4943 4722 4720
f 4723 4942 4721
f 4942 4940 4721
f 4943 4945 4722
f 4945 4724 4722
f 4725 4944 4723
f 4944 4942 4723
f 4945 4947 4724
f 4947 4726 4724
f 4727 4946 4725
f 4946 4944 4725
f 4947 4949 4726
f 4949 4728 4726
f 4729 4948 4727
f 4948 4946 4727
f 4949 4951 4728
f 4951 4730 4728
f 4731 4950 4729
f 4950 4948 4729
f 4951 4953 4730
f 4953 4732 4730
f 4733 4952 4731
f 4952 4950 4731
f 4955 4734 4732
f 4953 4955 4732
f 4735 4954 4733
f 4954 4952 4733
f 4955 4957 4734
f 4957 4736 4734
f 4737 4956 4735
f 4956 4954 4735
f 4957 4959 4736
f 4959 4738 4736
f 4739 4958 4737
f 4958 4956 4737
f 4959 4961 4738
f 4961 4740 4738
f 4741 4960 4739
f 4960 4958 4739
f 4961 4963 4740
f 4963 4742 4740
f 4743 4962 4741
f 4962 4960 4741
f 4963 4965 4742
f 4965 4744 4742
f 4745 4964 4743
f 4964 4962 4743
f 4965 4967 4744
f 4967 4746 4744
f 4747 4966 4745
f 4966 4964 4745
f 4967 4969 4746
f 4969 4748 4746
f 4749 4968 4747
f 4968 4966 4747
f 4969 4971 4748
f 4971 4750 4748
f 4750 4970 4749
f 4970 4968 4749
f 4971 4970 4750
f 4765 4756 4751
f 4756 4752 4751
f 4752 4766 4751
f 5343 4765 4751
f 4766 5343 4751
f 4757 4766 4752
f 4758 4755 4753
f 4755 4754 4753
f 4754 4759 4753
f 4760 4759 4754
f 4758 4772 4755
f 4765 4767 4756
f 4768 4766 4757
f 4769 4772 4758
f 4760 4770 4759
f 4764 4770 4760
f 5135 5005 4761
f 5005 4881 4761
f 4849 5135 4761
f 5006 4932 4762
f 4779 5006 4762
f 4881 5402 4763
f 4771 4770 4764
f 4843 4834 4765
f 4834 4767 4765
f 5343 4843 4765
f 4768 4844 4766
f 4844 5343 4766
f 4835 4844 4768
f 4836 4841 4769
f 4841 4832 4769
f 4832 4772 4769
f 4771 4773 4770
f 4773 4837 4770
f 4833 4837 4773
f 5009 5028 4774
f 5028 4793 4774
f 4776 5010 4775
f 5010 4782 4775
f 4777 5011 4776
f 5011 5010 4776
f 4778 5012 4777
f 5012 5011 4777
f 4780 5013 4778
f 5013 5012 4778
f 4781 5014 4779
f 5014 5006 4779
f 4783 5015 4780
f 5015 5013 4780
f 4782 5016 4781
f 5016 5014 4781
f 5010 5017 4782
f 5017 5016 4782
f 4784 5018 4783
f 5018 5015 4783
f 4785 5019 4784
f 5019 5018 4784
f 4786 5020 4785
f 5020 5019 4785
f 4787 5021 4786
f 5021 5020 4786
f 4788 5022 4787
f 5022 5021 4787
f 4789 5023 4788
f 5023 5022 4788
f 4790 5024 4789
f 5024 5023 4789
f 4791 5025 4790
f 5025 5024 4790
f 4792 5026 4791
f 5026 5025 4791
f 4795 5027 4792
f 5027 5026 4792
f 5028 5029 4793
f 5029 4794 4793
f 5029 4799 4794
f 4796 5030 4795
f 5030 5027 4795
f 4797 5031 4796
f 5031 5030 4796
f 4798 5032 4797
f 5032 5031 4797
f 4799 5033 4798
f 5033 5032 4798
f 5029 5034 4799
f 5034 5033 4799
f 4925 5071 4800
f 5071 5154 4800
f 5154 4890 4800
f 4830 4803 4801
f 4831 4828 4802
f 4830 4850 4803
f 4850 4853 4803
f 4853 4807 4803
f 4805 4855 4804
f 4855 4854 4804
f 4854 4830 4804
f 4806 4856 4805
f 4856 4855 4805
f 4808 4858 4806
f 4858 4856 4806
f 4853 4857 4807
f 4857 4811 4807
f 4809 4859 4808
f 4859 4858 4808
f 4810 4860 4809
f 4860 4859 4809
f 4812 4862 4810
f 4862 4860 4810
f 4857 4861 4811
f 4861 4814 4811
f 4813 4863 4812
f 4863 4862 4812
f 4815 4865 4813
f 4865 4863 4813
f 4861 4864 4814
f 4864 4818 4814
f 4816 4866 4815
f 4866 4865 4815
f 4817 4867 4816
f 4867 4866 4816
f 4819 4869 4817
f 4869 4867 4817
f 4864 4868 4818
f 4868 4821 4818
f 4820 4870 4819
f 4870 4869 4819
f 4822 4872 4820
f 4872 4870 4820
f 4868 4871 4821
f 4871 4825 4821
f 4823 4873 4822
f 4873 4872 4822
f 4824 4874 4823
f 4874 4873 4823
f 4826 4876 4824
f 4876 4874 4824
f 4871 4875 4825
f 4875 4829 4825
f 4827 4877 4826
f 4877 4876 4826
f 4828 4878 4827
f 4878 4877 4827
f 4831 4878 4828
f 4875 4879 4829
f 4879 4831 4829
f 4854 4850 4830
f 4851 4878 4831
f 4879 4851 4831
f 4839 4837 4833
f 4843 4845 4834
f 4846 4844 4835
f 4847 4841 4836
f 4839 4848 4837
f 5148 5155 4838
f 5155 4884 4838
f 4840 4848 4839
f 4842 4848 4840
f 4847 4852 4841
f 4888 4848 4842
f 4882 4888 4842
f 4926 4885 4843
f 4885 4845 4843
f 5343 4926 4843
f 4846 4927 4844
f 4927 5343 4844
f 4886 4927 4846
f 4887 4923 4847
f 4923 4852 4847
f 5138 5135 4849
f 4889 5138 4849
f 4918 4853 4850
f 4854 4918 4850
f 4919 4878 4851
f 4879 4917 4851
f 4917 4919 4851
f 4918 4891 4853
f 4891 4857 4853
f 4855 4893 4854
f 4893 4892 4854
f 4892 4918 4854
f 4856 4894 4855
f 4894 4893 4855
f 4858 4896 4856
f 4896 4894 4856
f 4891 4895 4857
f 4895 4861 4857
f 4859 4897 4858
f 4897 4896 4858
f 4860 4898 4859
f 4898 4897 4859
f 4862 4900 4860
f 4900 4898 4860
f 4895 4899 4861
f 4899 4864 4861
f 4863 4901 4862
f 4901 4900 4862
f 4865 4903 4863
f 4903 4901 4863
f 4899 4902 4864
f 4902 4868 4864
f 4866 4904 4865
f 4904 4903 4865
f 4867 4905 4866
f 4905 4904 4866
f 4869 4907 4867
f 4907 4905 4867
f 4902 4906 4868
f 4906 4871 4868
f 4870 4908 4869
f 4908 4907 4869
f 4872 4910 4870
f 4910 4908 4870
f 4906 4909 4871
f 4909 4875 4871
f 4873 4911 4872
f 4911 4910 4872
f 4874 4912 4873
f 4912 4911 4873
f 4876 4914 4874
f 4914 4912 4874
f 4909 4913 4875
f 4913 4879 4875
f 4877 4915 4876
f 4915 4914 4876
f 4878 4916 4877
f 4916 4915 4877
f 4919 4916 4878
f 4913 4917 4879
f 5397 4925 4880
f 5398 5397 4880
f 5005 5403 4881
f 5403 5402 4881
f 4922 4888 4882
f 5134 5238 4883
f 5238 5226 4883
f 5226 5196 4883
f 5155 5197 4884
f 5197 5000 4884
f 4926 4928 4885
f 4929 4927 4886
f 4930 4923 4887
f 4922 4924 4888
f 4924 4931 4888
f 5149 5138 4889
f 4932 5149 4889
f 5154 5194 4890
f 5194 4972 4890
f 4918 4933 4891
f 4933 4973 4891
f 4973 4895 4891
f 4893 4975 4892
f 4975 4974 4892
f 4974 5001 4892
f 5001 4933 4892
f 4933 4918 4892
f 4894 4976 4893
f 4976 4975 4893
f 4896 4978 4894
f 4978 4976 4894
f 4973 4977 4895
f 4977 4899 4895
f 4897 4979 4896
f 4979 4978 4896
f 4898 4980 4897
f 4980 4979 4897
f 4900 4982 4898
f 4982 4980 4898
f 4977 4981 4899
f 4981 4902 4899
f 4901 4983 4900
f 4983 4982 4900
f 4903 4985 4901
f 4985 4983 4901
f 4981 4984 4902
f 4984 4906 4902
f 4904 4986 4903
f 4986 4985 4903
f 4905 4987 4904
f 4987 4986 4904
f 4907 4989 4905
f 4989 4987 4905
f 4984 4988 4906
f 4988 4909 4906
f 4908 4990 4907
f 4990 4989 4907
f 4910 4992 4908
f 4992 4990 4908
f 4988 4991 4909
f 4991 4913 4909
f 4911 4993 4910
f 4993 4992 4910
f 4912 4994 4911
f 4994 4993 4911
f 4914 4996 4912
f 4996 4994 4912
f 4991 4995 4913
f 4995 4917 4913
f 4915 4997 4914
f 4997 4996 4914
f 4916 4998 4915
f 4998 4997 4915
f 4919 4934 4916
f 4934 5002 4916
f 5002 4998 4916
f 5002 4934 4917
f 4934 4919 4917
f 4995 4999 4917
f 4999 5002 4917
f 4930 4935 4923
f 5007 4931 4924
f 5397 5071 4925
f 5139 5065 4926
f 5065 4928 4926
f 5343 5139 4926
f 4929 5140 4927
f 5140 5343 4927
f 5066 5140 4929
f 5137 5008 4930
f 5145 5137 4930
f 5067 5145 4930
f 5008 4935 4930
f 5007 5068 4931
f 5156 5149 4932
f 5006 5156 4932
f 5001 4973 4933
f 4938 5157 4936
f 5157 5158 4936
f 5158 4937 4936
f 5158 5160 4937
f 5160 4939 4937
f 4940 5159 4938
f 5159 5157 4938
f 5160 5162 4939
f 5162 4941 4939
f 4942 5161 4940
f 5161 5159 4940
f 5162 5164 4941
f 5164 4943 4941
f 4944 5163 4942
f 5163 5161 4942
f 5164 5166 4943
f 5166 4945 4943
f 4946 5165 4944
f 5165 5163 4944
f 5166 5168 4945
f 5168 4947 4945
f 4948 5167 4946
f 5167 5165 4946
f 5168 5170 4947
f 5170 4949 4947
f 4950 5169 4948
f 5169 5167 4948
f 5170 5172 4949
f 5172 4951 4949
f 4952 5171 4950
f 5171 5169 4950
f 5172 5174 4951
f 5174 4953 4951
f 4954 5173 4952
f 5173 5171 4952
f 5177 4955 4953
f 5174 5177 4953
f 4956 5176 4954
f 5176 5173 4954
f 5177 5179 4955
f 5179 4957 4955
f 4958 5178 4956
f 5178 5176 4956
f 5179 5181 4957
f 5181 4959 4957
f 4960 5180 4958
f 5180 5178 4958
f 5181 5183 4959
f 5183 4961 4959
f 4962 5182 4960
f 5182 5180 4960
f 5183 5185 4961
f 5185 4963 4961
f 4964 5184 4962
f 5184 5182 4962
f 5185 5187 4963
f 5187 4965 4963
f 4966 5186 4964
f 5186 5184 4964
f 5187 5189 4965
f 5189 4967 4965
f 4968 5188 4966
f 5188 5186 4966
f 5189 5191 4967
f 5191 4969 4967
f 4970 5190 4968
f 5190 5188 4968
f 5191 5193 4969
f 5193 4971 4969
f 4971 5192 4970
f 5192 5190 4970
f 5193 5192 4971
f 5194 5195 4972
f 5195 5004 4972
f 5001 5062 4973
f 5062 5035 4973
f 5035 4977 4973
f 4975 5037 4974
f 5037 5036 4974
f 5036 5062 4974
f 5062 5001 4974
f 4976 5039 4975
f 5039 5037 4975
f 4978 5040 4976
f 5040 5039 4976
f 5035 5038 4977
f 5038 4981 4977
f 4979 5041 4978
f 5041 5040 4978
f 4980 5042 4979
f 5042 5041 4979
f 4982 5044 4980
f 5044 5042 4980
f 5038 5043 4981
f 5043 4984 4981
f 4983 5045 4982
f 5045 5044 4982
f 4985 5047 4983
f 5047 5045 4983
f 5043 5046 4984
f 5046 4988 4984
f 4986 5048 4985
f 5048 5047 4985
f 4987 5049 4986
f 5049 5048 4986
f 4989 5051 4987
f 5051 5049 4987
f 5046 5050 4988
f 5050 4991 4988
f 4990 5052 4989
f 5052 5051 4989
f 4992 5054 4990
f 5054 5052 4990
f 5050 5053 4991
f 5053 4995 4991
f 4993 5055 4992
f 5055 5054 4992
f 4994 5056 4993
f 5056 5055 4993
f 4996 5057 4994
f 5057 5056 4994
f 5053 5058 4995
f 5058 4999 4995
f 4997 5059 4996
f 5059 5057 4996
f 4998 5060 4997
f 5060 5059 4997
f 5064 5060 4998
f 5002 5064 4998
f 5064 5002 4999
f 5058 5061 4999
f 5061 5064 4999
f 5236 5133 5000
f 5197 5233 5000
f 5233 5236 5000
f 5195 5199 5004
f 5199 5009 5004
f 5135 5404 5005
f 5404 5403 5005
f 5198 5156 5006
f 5014 5198 5006
f 5136 5068 5007
f 5199 5219 5009
f 5219 5028 5009
f 5011 5200 5010
f 5200 5017 5010
f 5012 5201 5011
f 5201 5200 5011
f 5013 5202 5012
f 5202 5201 5012
f 5015 5203 5013
f 5203 5202 5013
f 5205 5204 5014
f 5016 5205 5014
f 5204 5198 5014
f 5018 5206 5015
f 5206 5203 5015
f 5017 5207 5016
f 5207 5205 5016
f 5200 5208 5017
f 5208 5207 5017
f 5019 5209 5018
f 5209 5206 5018
f 5020 5210 5019
f 5210 5209 5019
f 5021 5211 5020
f 5211 5210 5020
f 5022 5212 5021
f 5212 5211 5021
f 5023 5213 5022
f 5213 5212 5022
f 5024 5214 5023
f 5214 5213 5023
f 5025 5215 5024
f 5215 5214 5024
f 5026 5216 5025
f 5216 5215 5025
f 5027 5217 5026
f 5217 5216 5026
f 5030 5218 5027
f 5218 5217 5027
f 5219 5220 5028
f 5220 5029 5028
f 5220 5034 5029
f 5031 5221 5030
f 5221 5218 5030
f 5032 5222 5031
f 5222 5221 5031
f 5033 5223 5032
f 5223 5222 5032
f 5034 5224 5033
f 5224 5223 5033
f 5220 5225 5034
f 5225 5224 5034
f 5062 5069 5035
f 5069 5074 5035
f 5074 5038 5035
f 5037 5077 5036
f 5077 5075 5036
f 5075 5072 5036
f 5072 5069 5036
f 5069 5062 5036
f 5039 5078 5037
f 5078 5077 5037
f 5074 5076 5038
f 5076 5043 5038
f 5040 5079 5039
f 5079 5078 5039
f 5041 5080 5040
f 5080 5079 5040
f 5042 5081 5041
f 5081 5080 5041
f 5044 5083 5042
f 5083 5081 5042
f 5076 5082 5043
f 5082 5046 5043
f 5045 5084 5044
f 5084 5083 5044
f 5047 5086 5045
f 5086 5084 5045
f 5082 5085 5046
f 5085 5050 5046
f 5048 5087 5047
f 5087 5086 5047
f 5049 5088 5048
f 5088 5087 5048
f 5051 5090 5049
f 5090 5088 5049
f 5085 5089 5050
f 5089 5053 5050
f 5052 5091 5051
f 5091 5090 5051
f 5054 5093 5052
f 5093 5091 5052
f 5089 5092 5053
f 5092 5058 5053
f 5055 5094 5054
f 5094 5093 5054
f 5056 5095 5055
f 5095 5094 5055
f 5057 5096 5056
f 5096 5095 5056
f 5059 5097 5057
f 5097 5096 5057
f 5092 5098 5058
f 5098 5061 5058
f 5060 5099 5059
f 5099 5097 5059
f 5064 5070 5060
f 5070 5099 5060
f 5073 5070 5061
f 5070 5064 5061
f 5098 5100 5061
f 5100 5073 5061
f 5139 5141 5065
f 5142 5140 5066
f 5143 5145 5067
f 5146 5144 5068
f 5136 5146 5068
f 5072 5074 5069
f 5073 5099 5070
f 5397 5154 5071
f 5101 5074 5072
f 5075 5101 5072
f 5129 5099 5073
f 5102 5129 5073
f 5100 5102 5073
f 5101 5104 5074
f 5104 5076 5074
f 5077 5107 5075
f 5107 5106 5075
f 5106 5103 5075
f 5103 5101 5075
f 5104 5105 5076
f 5105 5082 5076
f 5078 5108 5077
f 5108 5107 5077
f 5079 5109 5078
f 5109 5108 5078
f 5080 5110 5079
f 5110 5109 5079
f 5081 5111 5080
f 5111 5110 5080
f 5083 5113 5081
f 5113 5111 5081
f 5105 5112 5082
f 5112 5085 5082
f 5084 5114 5083
f 5114 5113 5083
f 5086 5116 5084
f 5116 5114 5084
f 5112 5115 5085
f 5115 5089 5085
f 5087 5118 5086
f 5118 5116 5086
f 5088 5119 5087
f 5119 5118 5087
f 5090 5121 5088
f 5121 5119 5088
f 5115 5120 5089
f 5120 5092 5089
f 5091 5122 5090
f 5122 5121 5090
f 5093 5124 5091
f 5124 5122 5091
f 5120 5123 5092
f 5123 5098 5092
f 5094 5125 5093
f 5125 5124 5093
f 5095 5126 5094
f 5126 5125 5094
f 5096 5127 5095
f 5127 5126 5095
f 5097 5128 5096
f 5128 5127 5096
f 5099 5129 5097
f 5129 5128 5097
f 5123 5130 5098
f 5130 5100 5098
f 5132 5102 5100
f 5130 5131 5100
f 5131 5132 5100
f 5103 5104 5101
f 5132 5129 5102
f 5106 5104 5103
f 5106 5105 5104
f 5106 5112 5105
f 5129 5115 5106
f 5115 5112 5106
f 5125 5126 5106
f 5124 5125 5106
f 5107 5124 5106
f 5126 5127 5106
f 5127 5128 5106
f 5128 5129 5106
f 5108 5124 5107
f 5109 5124 5108
f 5110 5124 5109
f 5122 5124 5110
f 5111 5119 5110
f 5119 5121 5110
f 5121 5122 5110
f 5113 5119 5111
f 5114 5119 5113
f 5118 5119 5114
f 5116 5118 5114
f 5129 5120 5115
f 5129 5123 5120
f 5129 5130 5123
f 5132 5131 5129
f 5131 5130 5129
f 5236 5237 5133
f 5237 5234 5133
f 5235 5252 5134
f 5252 5241 5134
f 5241 5238 5134
f 5138 5404 5135
f 5149 5404 5138
f 5227 5141 5139
f 5343 5227 5139
f 5230 5228 5140
f 5142 5230 5140
f 5228 5343 5140
f 5227 5229 5141
f 5231 5233 5143
f 5233 5197 5143
f 5197 5155 5143
f 5155 5148 5143
f 5148 5145 5143
f 5146 5232 5144
f 5147 5232 5146
f 5196 5232 5147
f 5405 5404 5149
f 5156 5405 5149
f 5239 5151 5150
f 5254 5279 5151
f 5279 5263 5151
f 5239 5254 5151
f 5265 5255 5152
f 5255 5256 5152
f 5256 5240 5152
f 5240 5153 5152
f 5240 5268 5153
f 5397 5396 5154
f 5396 5194 5154
f 5198 5405 5156
f 5345 5158 5157
f 5347 5345 5157
f 5159 5347 5157
f 5346 5160 5158
f 5345 5346 5158
f 5349 5347 5159
f 5161 5349 5159
f 5348 5162 5160
f 5346 5348 5160
f 5352 5349 5161
f 5163 5352 5161
f 5351 5164 5162
f 5348 5351 5162
f 5354 5352 5163
f 5165 5354 5163
f 5353 5166 5164
f 5351 5353 5164
f 5358 5354 5165
f 5167 5358 5165
f 5357 5168 5166
f 5353 5357 5166
f 5361 5358 5167
f 5169 5361 5167
f 5360 5170 5168
f 5357 5360 5168
f 5364 5361 5169
f 5171 5364 5169
f 5363 5172 5170
f 5360 5363 5170
f 5366 5364 5171
f 5173 5366 5171
f 5365 5174 5172
f 5363 5365 5172
f 5370 5366 5173
f 5176 5370 5173
f 5369 5177 5174
f 5365 5369 5174
f 5372 5370 5176
f 5178 5372 5176
f 5371 5179 5177
f 5369 5371 5177
f 5374 5372 5178
f 5180 5374 5178
f 5373 5181 5179
f 5371 5373 5179
f 5376 5374 5180
f 5182 5376 5180
f 5375 5183 5181
f 5373 5375 5181
f 5378 5376 5182
f 5184 5378 5182
f 5377 5185 5183
f 5375 5377 5183
f 5380 5378 5184
f 5186 5380 5184
f 5379 5187 5185
f 5377 5379 5185
f 5382 5380 5186
f 5188 5382 5186
f 5381 5189 5187
f 5379 5381 5187
f 5384 5382 5188
f 5190 5384 5188
f 5383 5191 5189
f 5381 5383 5189
f 5386 5384 5190
f 5192 5386 5190
f 5383 5385 5191
f 5385 5193 5191
f 5387 5386 5192
f 5193 5387 5192
f 5385 5387 5193
f 5396 5395 5194
f 5395 5195 5194
f 5395 5199 5195
f 5226 5232 5196
f 5406 5405 5198
f 5204 5406 5198
f 5394 5219 5199
f 5395 5394 5199
f 5408 5208 5200
f 5491 5408 5200
f 5201 5491 5200
f 5492 5491 5201
f 5202 5492 5201
f 5493 5492 5202
f 5203 5493 5202
f 5494 5493 5203
f 5206 5494 5203
f 5205 5407 5204
f 5407 5406 5204
f 5207 5407 5205
f 5496 5494 5206
f 5209 5496 5206
f 5208 5408 5207
f 5408 5407 5207
f 5499 5496 5209
f 5210 5499 5209
f 5500 5499 5210
f 5211 5500 5210
f 5501 5500 5211
f 5212 5501 5211
f 5502 5501 5212
f 5213 5502 5212
f 5503 5502 5213
f 5214 5503 5213
f 5504 5503 5214
f 5215 5504 5214
f 5505 5504 5215
f 5216 5505 5215
f 5506 5505 5216
f 5217 5506 5216
f 5507 5506 5217
f 5218 5507 5217
f 5508 5507 5218
f 5221 5508 5218
f 5394 5220 5219
f 5394 5225 5220
f 5511 5508 5221
f 5222 5511 5221
f 5512 5511 5222
f 5223 5512 5222
f 5513 5512 5223
f 5224 5513 5223
f 5514 5513 5224
f 5225 5514 5224
f 5515 5514 5225
f 5394 5515 5225
f 5238 5232 5226
f 5242 5229 5227
f 5343 5242 5227
f 5245 5243 5228
f 5230 5245 5228
f 5243 5343 5228
f 5242 5244 5229
f 5246 5248 5231
f 5248 5237 5231
f 5237 5236 5231
f 5236 5233 5231
f 5238 5247 5232
f 5251 5250 5234
f 5237 5248 5234
f 5248 5251 5234
f 5249 5257 5235
f 5257 5252 5235
f 5241 5247 5238
f 5253 5254 5239
f 5282 5268 5240
f 5256 5282 5240
f 5252 5247 5241
f 5260 5244 5242
f 5343 5260 5242
f 5263 5261 5243
f 5245 5263 5243
f 5261 5343 5243
f 5260 5262 5244
f 5264 5266 5246
f 5266 5258 5246
f 5258 5251 5246
f 5251 5248 5246
f 5252 5265 5247
f 5268 5270 5249
f 5270 5259 5249
f 5259 5257 5249
f 5251 5258 5250
f 5258 5266 5250
f 5266 5269 5250
f 5257 5265 5252
f 5272 5254 5253
f 5362 5359 5254
f 5359 5279 5254
f 5272 5362 5254
f 5281 5392 5255
f 5265 5281 5255
f 5273 5256 5255
f 5424 5273 5255
f 5392 5424 5255
f 5273 5282 5256
f 5259 5265 5257
f 5270 5265 5259
f 5276 5262 5260
f 5343 5276 5260
f 5279 5277 5261
f 5263 5279 5261
f 5277 5343 5261
f 5278 5350 5262
f 5276 5278 5262
f 5280 5275 5264
f 5275 5271 5264
f 5271 5266 5264
f 5270 5281 5265
f 5271 5269 5266
f 5417 5459 5267
f 5282 5284 5268
f 5284 5274 5268
f 5274 5270 5268
f 5283 5421 5269
f 5271 5283 5269
f 5274 5281 5270
f 5275 5283 5271
f 5425 5362 5272
f 5418 5425 5272
f 5428 5282 5273
f 5424 5428 5273
f 5284 5281 5274
f 5280 5285 5275
f 5285 5283 5275
f 5393 5278 5276
f 5343 5393 5276
f 5359 5344 5277
f 5279 5359 5277
f 5344 5343 5277
f 5355 5350 5278
f 5393 5355 5278
f 5389 5390 5280
f 5390 5289 5280
f 5289 5288 5280
f 5288 5285 5280
f 5391 5392 5281
f 5284 5391 5281
f 5428 5427 5282
f 5427 5290 5282
f 5290 5284 5282
f 5287 5421 5283
f 5285 5287 5283
f 5290 5391 5284
f 5288 5287 5285
f 6234 6055 5286
f 6055 5410 5286
f 5430 5421 5287
f 5288 5430 5287
f 5289 5430 5288
f 5390 5429 5289
f 5429 5430 5289
f 5427 5391 5290
f 5302 6011 5316
f 6011 6051 5316
f 6051 6078 5316
f 6078 6079 5316
f 6079 5303 5316
f 5303 6079 5315
f 6079 6085 5315
f 6085 6086 5315
f 6086 5314 5315
f 5310 6106 5312
f 6106 6140 5312
f 6140 6177 5312
f 6177 5305 5312
f 5295 6220 5301
f 6246 5299 5301
f 6223 6246 5301
f 6220 6223 5301
f 6177 6179 5305
f 6179 5295 5305
f 5308 6099 5306
f 6099 6105 5306
f 6105 5310 5306
f 5314 6096 5308
f 6096 6097 5308
f 6097 6099 5308
f 6246 6250 5299
f 6268 5389 5299
f 6253 6268 5299
f 6250 6253 5299
f 6105 6106 5310
f 5388 6005 5302
f 6005 6010 5302
f 6010 6011 5302
f 6179 6220 5295
f 6086 6096 5314
f 6257 6254 5322
f 5350 6257 5322
f 6254 6227 5322
f 6227 6226 5322
f 6226 5330 5322
f 5330 6224 5328
f 6224 6182 5328
f 6182 5326 5328
f 6226 6224 5330
f 6182 6180 5326
f 6180 5339 5326
f 5318 6088 5327
f 6088 6087 5327
f 6087 5317 5327
f 5336 6049 5334
f 6006 5356 5334
f 6012 6006 5334
f 6049 6012 5334
f 5339 6108 5335
f 6108 6107 5335
f 6107 5321 5335
f 5317 6081 5336
f 6081 6080 5336
f 6080 6050 5336
f 6050 6049 5336
f 6107 6102 5321
f 6102 5323 5321
f 6102 6098 5323
f 6098 5318 5323
f 6180 6134 5339
f 6134 6108 5339
f 6098 6090 5318
f 6090 6088 5318
f 6087 6081 5317
f 5438 5436 5344
f 5359 5438 5344
f 5450 5435 5343
f 5435 5393 5343
f 5572 5482 5343
f 5482 5469 5343
f 5469 5450 5343
f 5946 5868 5343
f 5868 5783 5343
f 5783 5572 5343
f 5869 5947 5343
f 5947 5963 5343
f 5963 5946 5343
f 5483 5573 5343
f 5573 5784 5343
f 5784 5869 5343
f 5436 5451 5343
f 5451 5470 5343
f 5470 5483 5343
f 5344 5436 5343
f 5347 5525 5345
f 5525 5523 5345
f 5523 5346 5345
f 5523 5524 5346
f 5524 5348 5346
f 5349 5527 5347
f 5527 5525 5347
f 5524 5526 5348
f 5526 5351 5348
f 5352 5529 5349
f 5529 5527 5349
f 5437 6270 5350
f 5355 5437 5350
f 6270 6257 5350
f 5526 5528 5351
f 5528 5353 5351
f 5354 5531 5352
f 5531 5529 5352
f 5528 5530 5353
f 5530 5357 5353
f 5358 5533 5354
f 5533 5531 5354
f 5435 5437 5355
f 5393 5435 5355
f 6004 5388 5356
f 6006 6004 5356
f 5530 5532 5357
f 5532 5360 5357
f 5361 5535 5358
f 5535 5533 5358
f 5362 5438 5359
f 5532 5534 5360
f 5534 5363 5360
f 5364 5537 5361
f 5537 5535 5361
f 5461 5438 5362
f 5425 5461 5362
f 5534 5536 5363
f 5536 5365 5363
f 5366 5539 5364
f 5539 5537 5364
f 5536 5538 5365
f 5538 5369 5365
f 5370 5542 5366
f 5542 5539 5366
f 5538 5541 5369
f 5541 5371 5369
f 5372 5544 5370
f 5544 5542 5370
f 5541 5543 5371
f 5543 5373 5371
f 5374 5546 5372
f 5546 5544 5372
f 5543 5545 5373
f 5545 5375 5373
f 5376 5548 5374
f 5548 5546 5374
f 5545 5547 5375
f 5547 5377 5375
f 5378 5550 5376
f 5550 5548 5376
f 5547 5549 5377
f 5549 5379 5377
f 5380 5552 5378
f 5552 5550 5378
f 5549 5551 5379
f 5551 5381 5379
f 5382 5554 5380
f 5554 5552 5380
f 5551 5553 5381
f 5553 5383 5381
f 5384 5556 5382
f 5556 5554 5382
f 5553 5555 5383
f 5555 5385 5383
f 5386 5558 5384
f 5558 5556 5384
f 5555 5557 5385
f 5557 5387 5385
f 5387 5559 5386
f 5559 5558 5386
f 5557 5559 5387
f 6004 6005 5388
f 6271 5454 5389
f 5454 5439 5389
f 5439 5390 5389
f 6268 6271 5389
f 5439 5431 5390
f 5431 5429 5390
f 5462 5392 5391
f 5440 5462 5391
f 5427 5432 5391
f 5432 5440 5391
f 5444 5424 5392
f 5462 5444 5392
f 5395 5521 5394
f 5521 5516 5394
f 5516 5509 5394
f 5509 5510 5394
f 5396 5562 5395
f 5562 5522 5395
f 5522 5521 5395
f 5397 5644 5396
f 5644 5562 5396
f 6073 5837 5397
f 5837 5789 5397
f 5789 5644 5397
f 5398 6073 5397
f 5399 6073 5398
f 6074 6073 5399
f 5421 6074 5399
f 6075 6074 5421
f 6069 6062 5401
f 6007 6069 5401
f 5952 6007 5402
f 5836 5952 5402
f 5403 5836 5402
f 5794 5836 5403
f 5711 5794 5403
f 5404 5579 5403
f 5579 5711 5403
f 5405 5560 5404
f 5560 5567 5404
f 5567 5579 5404
f 5406 5519 5405
f 5519 5560 5405
f 5497 5495 5406
f 5495 5518 5406
f 5518 5519 5406
f 5407 5497 5406
f 5408 5497 5407
f 5498 5497 5408
f 5491 5498 5408
f 5510 5515 5394
f 6060 5411 5410
f 6057 6060 5410
f 6061 5412 5411
f 6060 6061 5411
f 6063 5413 5412
f 6061 6063 5412
f 6064 6065 5413
f 6065 6066 5413
f 6066 5414 5413
f 6063 6064 5413
f 6066 6067 5414
f 6067 5415 5414
f 6067 6068 5415
f 6068 5416 5415
f 6071 5417 5416
f 6068 6070 5416
f 6070 6071 5416
f 6072 5459 5417
f 6071 6072 5417
f 5443 5425 5418
f 5460 5443 5418
f 6056 5460 5418
f 6058 6056 5418
f 5419 6058 5418
f 6059 6058 5419
f 5401 6059 5419
f 6062 6059 5401
f 5430 5433 5421
f 5433 6075 5421
f 6055 6057 5410
f 5434 5428 5424
f 5444 5434 5424
f 5443 5461 5425
f 5428 5432 5427
f 5434 5432 5428
f 5433 5430 5429
f 5431 5433 5429
f 5439 5441 5431
f 5441 5433 5431
f 5442 5440 5432
f 5434 5442 5432
f 5447 6075 5433
f 5441 5447 5433
f 5463 5448 5434
f 5444 5463 5434
f 5448 5442 5434
f 5450 5437 5435
f 5453 5451 5436
f 5438 5453 5436
f 5452 6270 5437
f 5450 5452 5437
f 5461 5453 5438
f 5454 5445 5439
f 5445 5441 5439
f 5565 5462 5440
f 5455 5565 5440
f 5446 5455 5440
f 5442 5446 5440
f 5445 5447 5441
f 5448 5446 5442
f 5460 5461 5443
f 5462 5463 5444
f 5454 5449 5445
f 5465 5447 5445
f 5449 5465 5445
f 5456 5455 5446
f 5448 5456 5446
f 5465 6075 5447
f 5566 6077 5448
f 6077 5467 5448
f 5463 5477 5448
f 5477 5566 5448
f 5467 5456 5448
f 5454 5457 5449
f 5457 5465 5449
f 5469 5452 5450
f 5472 5470 5451
f 5453 5472 5451
f 5471 6270 5452
f 5469 5471 5452
f 6092 5472 5453
f 5461 5564 5453
f 5564 6092 5453
f 6271 5473 5454
f 5473 5457 5454
f 5474 6449 5455
f 6093 5565 5455
f 6449 6093 5455
f 5456 5458 5455
f 5458 5466 5455
f 5466 5474 5455
f 5467 5458 5456
f 5473 5464 5457
f 5481 5465 5457
f 5464 5481 5457
f 5467 5466 5458
f 5564 5461 5460
f 5476 5564 5460
f 6056 5476 5460
f 5477 5463 5462
f 5565 5477 5462
f 5473 5468 5464
f 5468 5481 5464
f 5481 6075 5465
f 5475 5474 5466
f 5490 5475 5466
f 5467 5490 5466
f 6077 5490 5467
f 5473 5478 5468
f 5569 5481 5468
f 5478 5569 5468
f 5482 5471 5469
f 5485 5483 5470
f 5472 5485 5470
f 5484 6270 5471
f 5482 5484 5471
f 6092 6448 5472
f 7102 5485 5472
f 7037 7102 5472
f 6448 7037 5472
f 6271 5486 5473
f 5486 5478 5473
f 7418 7103 5474
f 5487 7418 5474
f 7103 7038 5474
f 7038 6449 5474
f 5479 5487 5474
f 5475 5479 5474
f 5490 5582 5475
f 5582 5479 5475
f 5563 5564 5476
f 6056 5563 5476
f 5565 5566 5477
f 5486 5480 5478
f 5709 5569 5478
f 5480 5709 5478
f 5489 5487 5479
f 5582 5489 5479
f 5486 5488 5480
f 5488 5709 5480
f 5569 6075 5481
f 5572 5484 5482
f 5575 5573 5483
f 5485 5575 5483
f 5574 6270 5484
f 5572 5574 5484
f 7102 7417 5485
f 7417 5575 5485
f 6271 5576 5486
f 5517 5488 5486
f 5576 5517 5486
f 5577 7418 5487
f 5489 5520 5487
f 5520 5568 5487
f 5568 5577 5487
f 5826 5709 5488
f 5517 5826 5488
f 5582 5833 5489
f 5833 5520 5489
f 6077 5582 5490
f 5492 5681 5491
f 5681 5498 5491
f 5493 5682 5492
f 5682 5681 5492
f 5494 5683 5493
f 5683 5682 5493
f 5496 5684 5494
f 5684 5683 5494
f 5497 5685 5495
f 5685 5518 5495
f 5499 5686 5496
f 5686 5684 5496
f 5498 5687 5497
f 5687 5685 5497
f 5681 5688 5498
f 5688 5687 5498
f 5500 5689 5499
f 5689 5686 5499
f 5501 5690 5500
f 5690 5689 5500
f 5502 5691 5501
f 5691 5690 5501
f 5503 5692 5502
f 5692 5691 5502
f 5504 5693 5503
f 5693 5692 5503
f 5505 5694 5504
f 5694 5693 5504
f 5506 5695 5505
f 5695 5694 5505
f 5507 5696 5506
f 5696 5695 5506
f 5508 5697 5507
f 5697 5696 5507
f 5511 5698 5508
f 5698 5697 5508
f 5516 5699 5509
f 5699 5700 5509
f 5700 5510 5509
f 5700 5515 5510
f 5512 5701 5511
f 5701 5698 5511
f 5513 5702 5512
f 5702 5701 5512
f 5514 5703 5513
f 5703 5702 5513
f 5515 5704 5514
f 5704 5703 5514
f 5700 5705 5515
f 5705 5704 5515
f 5521 5706 5516
f 5706 5699 5516
f 5576 5561 5517
f 5954 5826 5517
f 5561 5954 5517
f 5685 5710 5518
f 5710 5519 5518
f 5710 5782 5519
f 5782 5560 5519
f 5833 5568 5520
f 5522 5712 5521
f 5712 5706 5521
f 5562 5743 5522
f 5743 5712 5522
f 5525 5744 5523
f 5744 5745 5523
f 5745 5524 5523
f 5745 5747 5524
f 5747 5526 5524
f 5527 5746 5525
f 5746 5744 5525
f 5747 5749 5526
f 5749 5528 5526
f 5529 5748 5527
f 5748 5746 5527
f 5749 5751 5528
f 5751 5530 5528
f 5531 5750 5529
f 5750 5748 5529
f 5751 5753 5530
f 5753 5532 5530
f 5533 5752 5531
f 5752 5750 5531
f 5753 5755 5532
f 5755 5534 5532
f 5535 5754 5533
f 5754 5752 5533
f 5755 5757 5534
f 5757 5536 5534
f 5537 5756 5535
f 5756 5754 5535
f 5757 5759 5536
f 5759 5538 5536
f 5539 5758 5537
f 5758 5756 5537
f 5759 5761 5538
f 5761 5541 5538
f 5542 5760 5539
f 5760 5758 5539
f 5763 5543 5541
f 5761 5763 5541
f 5544 5762 5542
f 5762 5760 5542
f 5763 5765 5543
f 5765 5545 5543
f 5546 5764 5544
f 5764 5762 5544
f 5765 5767 5545
f 5767 5547 5545
f 5548 5766 5546
f 5766 5764 5546
f 5767 5769 5547
f 5769 5549 5547
f 5550 5768 5548
f 5768 5766 5548
f 5769 5771 5549
f 5771 5551 5549
f 5552 5770 5550
f 5770 5768 5550
f 5771 5773 5551
f 5773 5553 5551
f 5554 5772 5552
f 5772 5770 5552
f 5773 5775 5553
f 5775 5555 5553
f 5556 5774 5554
f 5774 5772 5554
f 5775 5777 5555
f 5777 5557 5555
f 5558 5776 5556
f 5776 5774 5556
f 5777 5779 5557
f 5779 5559 5557
f 5559 5778 5558
f 5778 5776 5558
f 5779 5778 5559
f 5782 5828 5560
f 5828 5567 5560
f 5576 5571 5561
f 5571 5954 5561
f 5644 5827 5562
f 5827 5743 5562
f 6092 5564 5563
f 6053 6092 5563
f 6056 6054 5563
f 6054 6053 5563
f 6077 5566 5565
f 6093 6077 5565
f 5828 5867 5567
f 5867 5579 5567
f 5570 5577 5568
f 6009 5570 5568
f 5833 6009 5568
f 5709 6075 5569
f 5650 5577 5570
f 5581 5650 5570
f 6076 5581 5570
f 6009 6076 5570
f 5576 5649 5571
f 5649 5578 5571
f 6052 5954 5571
f 5578 6052 5571
f 5783 5785 5572
f 5785 5647 5572
f 5647 5574 5572
f 5648 5784 5573
f 5575 5648 5573
f 5647 6270 5574
f 7417 5648 5575
f 7054 5649 5576
f 6271 7054 5576
f 5650 7418 5577
f 5649 5580 5578
f 5580 6052 5578
f 5867 5955 5579
f 5955 5711 5579
f 5787 5707 5580
f 5649 5787 5580
f 5707 6052 5580
f 5708 5650 5581
f 6076 6104 5581
f 6104 5708 5581
f 6077 5833 5582
f 5584 5586 5583
f 5586 5613 5583
f 5613 5615 5583
f 5615 5584 5583
f 5585 5586 5584
f 5615 5585 5584
f 5592 5586 5585
f 5617 5592 5585
f 5615 5617 5585
f 5592 5595 5586
f 5595 5600 5586
f 5606 5605 5586
f 5607 5606 5586
f 5605 5604 5586
f 5604 5602 5586
f 5602 5587 5586
f 5600 5609 5586
f 5609 5608 5586
f 5608 5607 5586
f 5643 5613 5586
f 5616 5643 5586
f 5618 5616 5586
f 5587 5618 5586
f 5602 5588 5587
f 5619 5618 5587
f 5588 5619 5587
f 5602 5589 5588
f 5620 5619 5588
f 5589 5620 5588
f 5602 5590 5589
f 5621 5620 5589
f 5590 5621 5589
f 5602 5591 5590
f 5622 5621 5590
f 5591 5622 5590
f 5602 5593 5591
f 5624 5622 5591
f 5593 5624 5591
f 5623 5595 5592
f 5617 5623 5592
f 5602 5594 5593
f 5625 5624 5593
f 5594 5625 5593
f 5602 5596 5594
f 5627 5625 5594
f 5596 5627 5594
f 5626 5600 5595
f 5623 5626 5595
f 5601 5597 5596
f 5602 5601 5596
f 5628 5627 5596
f 5597 5628 5596
f 5601 5599 5597
f 5629 5628 5597
f 5599 5629 5597
f 5631 5629 5599
f 5601 5631 5599
f 5603 5609 5600
f 5630 5603 5600
f 5626 5630 5600
f 5632 5631 5601
f 5602 5632 5601
f 5634 5632 5602
f 5604 5634 5602
f 5610 5609 5603
f 5633 5610 5603
f 5630 5633 5603
f 5635 5634 5604
f 5605 5635 5604
f 5636 5635 5605
f 5606 5636 5605
f 5637 5636 5606
f 5607 5637 5606
f 5638 5637 5607
f 5608 5638 5607
f 5640 5638 5608
f 5609 5640 5608
f 5610 5611 5609
f 5611 5612 5609
f 5612 5640 5609
f 5639 5611 5610
f 5633 5639 5610
f 5614 5612 5611
f 5641 5614 5611
f 5639 5641 5611
f 5614 5640 5612
f 5643 5615 5613
f 5641 5642 5614
f 5642 5640 5614
f 5654 5617 5615
f 5643 5654 5615
f 5645 5643 5616
f 5655 5645 5616
f 5656 5655 5616
f 5618 5656 5616
f 5657 5623 5617
f 5654 5657 5617
f 5658 5656 5618
f 5619 5658 5618
f 5659 5658 5619
f 5620 5659 5619
f 5660 5659 5620
f 5621 5660 5620
f 5661 5660 5621
f 5622 5661 5621
f 5663 5661 5622
f 5624 5663 5622
f 5662 5626 5623
f 5657 5662 5623
f 5664 5663 5624
f 5625 5664 5624
f 5666 5664 5625
f 5627 5666 5625
f 5665 5630 5626
f 5662 5665 5626
f 5667 5666 5627
f 5628 5667 5627
f 5668 5667 5628
f 5629 5668 5628
f 5670 5668 5629
f 5631 5670 5629
f 5669 5633 5630
f 5665 5669 5630
f 5671 5670 5631
f 5632 5671 5631
f 5673 5671 5632
f 5634 5673 5632
f 5672 5639 5633
f 5669 5672 5633
f 5674 5673 5634
f 5635 5674 5634
f 5675 5674 5635
f 5636 5675 5635
f 5676 5675 5636
f 5637 5676 5636
f 5678 5676 5637
f 5638 5678 5637
f 5679 5678 5638
f 5640 5679 5638
f 5677 5641 5639
f 5672 5677 5639
f 5642 5679 5640
f 5646 5642 5641
f 5680 5646 5641
f 5677 5680 5641
f 5646 5679 5642
f 5645 5654 5643
f 5789 6089 5644
f 6089 5915 5644
f 5915 5827 5644
f 5655 5653 5645
f 5653 5654 5645
f 5680 5652 5646
f 5652 5679 5646
f 5785 6270 5647
f 7372 5786 5648
f 7417 7372 5648
f 5786 5784 5648
f 7054 5787 5649
f 5788 7418 5650
f 5708 5788 5650
f 5680 5715 5652
f 5715 5679 5652
f 5655 5717 5653
f 5717 5714 5653
f 5714 5654 5653
f 5716 5657 5654
f 5714 5716 5654
f 5718 5717 5655
f 5656 5718 5655
f 5719 5718 5656
f 5658 5719 5656
f 5720 5662 5657
f 5716 5720 5657
f 5721 5719 5658
f 5659 5721 5658
f 5722 5721 5659
f 5660 5722 5659
f 5723 5722 5660
f 5661 5723 5660
f 5725 5723 5661
f 5663 5725 5661
f 5724 5665 5662
f 5720 5724 5662
f 5726 5725 5663
f 5664 5726 5663
f 5728 5726 5664
f 5666 5728 5664
f 5727 5669 5665
f 5724 5727 5665
f 5729 5728 5666
f 5667 5729 5666
f 5730 5729 5667
f 5668 5730 5667
f 5732 5730 5668
f 5670 5732 5668
f 5731 5672 5669
f 5727 5731 5669
f 5733 5732 5670
f 5671 5733 5670
f 5735 5733 5671
f 5673 5735 5671
f 5734 5677 5672
f 5731 5734 5672
f 5736 5735 5673
f 5674 5736 5673
f 5737 5736 5674
f 5675 5737 5674
f 5739 5737 5675
f 5676 5739 5675
f 5740 5739 5676
f 5678 5740 5676
f 5738 5680 5677
f 5734 5738 5677
f 5741 5740 5678
f 5679 5741 5678
f 5715 5741 5679
f 5742 5715 5680
f 5738 5742 5680
f 5682 5916 5681
f 5916 5688 5681
f 5683 5917 5682
f 5917 5916 5682
f 5684 5918 5683
f 5918 5917 5683
f 5686 5919 5684
f 5919 5918 5684
f 5687 5920 5685
f 5920 5953 5685
f 5953 5710 5685
f 5689 5921 5686
f 5921 5919 5686
f 5688 5922 5687
f 5922 5920 5687
f 5916 5923 5688
f 5923 5922 5688
f 5690 5924 5689
f 5924 5921 5689
f 5691 5925 5690
f 5925 5924 5690
f 5692 5926 5691
f 5926 5925 5691
f 5693 5927 5692
f 5927 5926 5692
f 5694 5928 5693
f 5928 5927 5693
f 5695 5929 5694
f 5929 5928 5694
f 5696 5930 5695
f 5930 5929 5695
f 5697 5931 5696
f 5931 5930 5696
f 5698 5932 5697
f 5932 5931 5697
f 5701 5933 5698
f 5933 5932 5698
f 5706 5934 5699
f 5934 5935 5699
f 5935 5700 5699
f 5935 5705 5700
f 5702 5936 5701
f 5936 5933 5701
f 5703 5937 5702
f 5937 5936 5702
f 5704 5938 5703
f 5938 5937 5703
f 5705 5939 5704
f 5939 5938 5704
f 5935 5940 5705
f 5940 5939 5705
f 5941 5934 5706
f 5712 5941 5706
f 5787 5790 5707
f 5790 6103 5707
f 6103 6052 5707
f 5791 5788 5708
f 6104 5791 5708
f 5826 6075 5709
f 5953 6008 5710
f 6008 5782 5710
f 5955 5794 5711
f 6002 5941 5712
f 5743 6002 5712
f 5824 5741 5715
f 5717 5780 5714
f 5780 5799 5714
f 5799 5716 5714
f 5742 5781 5715
f 5781 5824 5715
f 5799 5720 5716
f 5800 5780 5717
f 5801 5800 5717
f 5718 5801 5717
f 5802 5801 5718
f 5719 5802 5718
f 5804 5802 5719
f 5721 5804 5719
f 5803 5724 5720
f 5799 5803 5720
f 5805 5804 5721
f 5722 5805 5721
f 5806 5805 5722
f 5723 5806 5722
f 5808 5806 5723
f 5725 5808 5723
f 5807 5727 5724
f 5803 5807 5724
f 5809 5808 5725
f 5726 5809 5725
f 5811 5809 5726
f 5728 5811 5726
f 5810 5731 5727
f 5807 5810 5727
f 5812 5811 5728
f 5729 5812 5728
f 5813 5812 5729
f 5730 5813 5729
f 5815 5813 5730
f 5732 5815 5730
f 5814 5734 5731
f 5810 5814 5731
f 5816 5815 5732
f 5733 5816 5732
f 5818 5816 5733
f 5735 5818 5733
f 5817 5738 5734
f 5814 5817 5734
f 5819 5818 5735
f 5736 5819 5735
f 5820 5819 5736
f 5737 5820 5736
f 5822 5820 5737
f 5739 5822 5737
f 5821 5742 5738
f 5817 5821 5738
f 5823 5822 5739
f 5740 5823 5739
f 5824 5823 5740
f 5741 5824 5740
f 5825 5781 5742
f 5821 5825 5742
f 6003 6002 5743
f 5827 6003 5743
f 5746 5966 5744
f 5966 5967 5744
f 5967 5745 5744
f 5967 5969 5745
f 5969 5747 5745
f 5748 5968 5746
f 5968 5966 5746
f 5969 5971 5747
f 5971 5749 5747
f 5750 5970 5748
f 5970 5968 5748
f 5971 5973 5749
f 5973 5751 5749
f 5752 5972 5750
f 5972 5970 5750
f 5973 5975 5751
f 5975 5753 5751
f 5754 5974 5752
f 5974 5972 5752
f 5975 5977 5753
f 5977 5755 5753
f 5756 5976 5754
f 5976 5974 5754
f 5977 5979 5755
f 5979 5757 5755
f 5758 5978 5756
f 5978 5976 5756
f 5979 5981 5757
f 5981 5759 5757
f 5760 5980 5758
f 5980 5978 5758
f 5981 5983 5759
f 5983 5761 5759
f 5762 5982 5760
f 5982 5980 5760
f 5985 5763 5761
f 5983 5985 5761
f 5764 5984 5762
f 5984 5982 5762
f 5985 5987 5763
f 5987 5765 5763
f 5766 5986 5764
f 5986 5984 5764
f 5987 5989 5765
f 5989 5767 5765
f 5768 5988 5766
f 5988 5986 5766
f 5989 5991 5767
f 5991 5769 5767
f 5770 5990 5768
f 5990 5988 5768
f 5991 5993 5769
f 5993 5771 5769
f 5772 5992 5770
f 5992 5990 5770
f 5993 5995 5771
f 5995 5773 5771
f 5774 5994 5772
f 5994 5992 5772
f 5995 5997 5773
f 5997 5775 5773
f 5776 5996 5774
f 5996 5994 5774
f 5997 5999 5775
f 5999 5777 5775
f 5778 5998 5776
f 5998 5996 5776
f 5999 6001 5777
f 6001 5779 5777
f 5779 6000 5778
f 6000 5998 5778
f 6001 6000 5779
f 5800 5797 5780
f 5797 5799 5780
f 5825 5798 5781
f 5798 5824 5781
f 6008 6083 5782
f 6083 5828 5782
f 5868 5870 5783
f 5870 5829 5783
f 5829 5785 5783
f 5830 5869 5784
f 5786 5830 5784
f 5829 6270 5785
f 7372 5830 5786
f 7054 5831 5787
f 5831 5790 5787
f 5832 7418 5788
f 5791 5832 5788
f 5837 6089 5789
f 5831 5792 5790
f 5792 6218 5790
f 6218 6103 5790
f 5793 5832 5791
f 6219 5793 5791
f 6104 6219 5791
f 5872 5834 5792
f 5831 5872 5792
f 5834 6218 5792
f 5835 5832 5793
f 6219 6259 5793
f 6259 5835 5793
f 5955 6084 5794
f 6084 5836 5794
f 5863 5824 5798
f 5800 5839 5797
f 5839 5865 5797
f 5865 5799 5797
f 5864 5866 5798
f 5825 5864 5798
f 5866 5863 5798
f 5838 5803 5799
f 5865 5838 5799
f 5840 5839 5800
f 5801 5840 5800
f 5841 5840 5801
f 5802 5841 5801
f 5843 5841 5802
f 5804 5843 5802
f 5842 5807 5803
f 5838 5842 5803
f 5844 5843 5804
f 5805 5844 5804
f 5845 5844 5805
f 5806 5845 5805
f 5847 5845 5806
f 5808 5847 5806
f 5846 5810 5807
f 5842 5846 5807
f 5848 5847 5808
f 5809 5848 5808
f 5850 5848 5809
f 5811 5850 5809
f 5849 5814 5810
f 5846 5849 5810
f 5851 5850 5811
f 5812 5851 5811
f 5852 5851 5812
f 5813 5852 5812
f 5854 5852 5813
f 5815 5854 5813
f 5853 5817 5814
f 5849 5853 5814
f 5855 5854 5815
f 5816 5855 5815
f 5857 5855 5816
f 5818 5857 5816
f 5856 5821 5817
f 5853 5856 5817
f 5858 5857 5818
f 5819 5858 5818
f 5859 5858 5819
f 5820 5859 5819
f 5861 5859 5820
f 5822 5861 5820
f 5860 5825 5821
f 5856 5860 5821
f 5862 5861 5822
f 5823 5862 5822
f 5863 5862 5823
f 5824 5863 5823
f 5860 5864 5825
f 5954 6075 5826
f 6082 6003 5827
f 5915 6082 5827
f 6083 6095 5828
f 6095 5867 5828
f 5870 6270 5829
f 7372 5871 5830
f 5871 5869 5830
f 7054 5872 5831
f 5873 7418 5832
f 5835 5873 5832
f 6077 6009 5833
f 5872 5874 5834
f 5874 6258 5834
f 6258 6218 5834
f 5875 5873 5835
f 6259 5875 5835
f 6084 6138 5836
f 6138 5952 5836
f 6073 6089 5837
f 5886 5842 5838
f 5884 5886 5838
f 5865 5884 5838
f 5887 5865 5839
f 5888 5887 5839
f 5840 5888 5839
f 5889 5888 5840
f 5841 5889 5840
f 5891 5889 5841
f 5843 5891 5841
f 5890 5846 5842
f 5886 5890 5842
f 5892 5891 5843
f 5844 5892 5843
f 5893 5892 5844
f 5845 5893 5844
f 5895 5893 5845
f 5847 5895 5845
f 5894 5849 5846
f 5890 5894 5846
f 5896 5895 5847
f 5848 5896 5847
f 5898 5896 5848
f 5850 5898 5848
f 5897 5853 5849
f 5894 5897 5849
f 5899 5898 5850
f 5851 5899 5850
f 5900 5899 5851
f 5852 5900 5851
f 5902 5900 5852
f 5854 5902 5852
f 5901 5856 5853
f 5897 5901 5853
f 5903 5902 5854
f 5855 5903 5854
f 5905 5903 5855
f 5857 5905 5855
f 5904 5860 5856
f 5901 5904 5856
f 5906 5905 5857
f 5858 5906 5857
f 5907 5906 5858
f 5859 5907 5858
f 5909 5907 5859
f 5861 5909 5859
f 5908 5864 5860
f 5904 5908 5860
f 5910 5909 5861
f 5862 5910 5861
f 5911 5910 5862
f 5863 5911 5862
f 5866 5911 5863
f 5912 5866 5864
f 5908 5912 5864
f 5887 5884 5865
f 5912 5885 5866
f 5885 5911 5866
f 6095 6139 5867
f 6139 5955 5867
f 5946 5948 5868
f 5948 5878 5868
f 5878 5870 5868
f 5879 5947 5869
f 5871 5879 5869
f 5878 7372 5870
f 7372 6270 5870
f 7372 5879 5871
f 7054 5880 5872
f 5876 5874 5872
f 5880 5876 5872
f 5881 7418 5873
f 5875 5881 5873
f 5876 6299 5874
f 6299 6258 5874
f 5877 5881 5875
f 6300 5877 5875
f 6259 6300 5875
f 5950 5882 5876
f 5880 5950 5876
f 5882 6299 5876
f 5883 5881 5877
f 6300 6380 5877
f 6380 5883 5877
f 5948 7372 5878
f 7372 5949 5879
f 5949 5947 5879
f 7054 5950 5880
f 5951 7418 5881
f 5883 5951 5881
f 5950 5942 5882
f 5942 6379 5882
f 6379 6299 5882
f 5943 5951 5883
f 6380 5943 5883
f 5887 5913 5884
f 5913 6014 5884
f 6014 5886 5884
f 5912 5914 5885
f 5914 5911 5885
f 6014 6015 5886
f 6015 5890 5886
f 6016 5913 5887
f 6017 6016 5887
f 5888 6017 5887
f 6018 6017 5888
f 5889 6018 5888
f 6020 6018 5889
f 5891 6020 5889
f 6015 6019 5890
f 6019 6021 5890
f 6021 5894 5890
f 6022 6020 5891
f 5892 6022 5891
f 6023 6022 5892
f 5893 6023 5892
f 6026 6023 5893
f 5895 6026 5893
f 6021 6024 5894
f 6024 6025 5894
f 6025 5897 5894
f 6027 6026 5895
f 5896 6027 5895
f 6029 6027 5896
f 5898 6029 5896
f 6025 6028 5897
f 6028 5901 5897
f 6030 6029 5898
f 5899 6030 5898
f 6032 6030 5899
f 5900 6032 5899
f 6034 6032 5900
f 5902 6034 5900
f 6028 6033 5901
f 6033 5904 5901
f 6035 6034 5902
f 5903 6035 5902
f 6038 6035 5903
f 5905 6038 5903
f 6033 6036 5904
f 6036 6037 5904
f 6037 5908 5904
f 6039 6038 5905
f 5906 6039 5905
f 6041 6039 5906
f 5907 6041 5906
f 6043 6041 5907
f 5909 6043 5907
f 6037 6040 5908
f 6040 6042 5908
f 6042 5912 5908
f 6044 6043 5909
f 5910 6044 5909
f 6045 6044 5910
f 5911 6045 5910
f 6048 6045 5911
f 5914 6048 5911
f 6047 5914 5912
f 6042 6046 5912
f 6046 6047 5912
f 6016 6013 5913
f 6013 6014 5913
f 6047 6048 5914
f 6136 6082 5915
f 6089 6136 5915
f 5917 6109 5916
f 6109 5923 5916
f 5918 6110 5917
f 6110 6109 5917
f 5919 6111 5918
f 6111 6110 5918
f 5921 6112 5919
f 6112 6111 5919
f 5922 6113 5920
f 6113 6137 5920
f 6137 5953 5920
f 5924 6114 5921
f 6114 6112 5921
f 5923 6115 5922
f 6115 6113 5922
f 6109 6116 5923
f 6116 6115 5923
f 5925 6117 5924
f 6117 6114 5924
f 5926 6118 5925
f 6118 6117 5925
f 5927 6119 5926
f 6119 6118 5926
f 5928 6120 5927
f 6120 6119 5927
f 5929 6121 5928
f 6121 6120 5928
f 5930 6122 5929
f 6122 6121 5929
f 5931 6123 5930
f 6123 6122 5930
f 5932 6124 5931
f 6124 6123 5931
f 5933 6125 5932
f 6125 6124 5932
f 5936 6126 5933
f 6126 6125 5933
f 5941 6127 5934
f 6127 6128 5934
f 6128 5935 5934
f 6128 5940 5935
f 5937 6129 5936
f 6129 6126 5936
f 5938 6130 5937
f 6130 6129 5937
f 5939 6131 5938
f 6131 6130 5938
f 5940 6132 5939
f 6132 6131 5939
f 6128 6133 5940
f 6133 6132 5940
f 6135 6127 5941
f 6002 6135 5941
f 5950 5944 5942
f 5944 6386 5942
f 6386 6379 5942
f 5961 5951 5943
f 5945 5961 5943
f 6380 5945 5943
f 5950 5960 5944
f 5960 5956 5944
f 5956 6386 5944
f 5957 5961 5945
f 6380 6387 5945
f 6387 6395 5945
f 6395 5957 5945
f 5958 5948 5946
f 5964 5958 5946
f 5963 5964 5946
f 5959 5963 5947
f 5949 5959 5947
f 5958 7372 5948
f 7372 5959 5949
f 7054 5960 5950
f 5961 7418 5951
f 6212 6007 5952
f 6138 6212 5952
f 6137 6183 5953
f 6183 6008 5953
f 6052 6075 5954
f 6139 6251 5955
f 6251 6084 5955
f 5960 5965 5956
f 5965 5962 5956
f 5962 6394 5956
f 6394 6386 5956
f 5965 5961 5957
f 5962 5965 5957
f 6395 6401 5957
f 6401 5962 5957
f 5964 7372 5958
f 7372 5964 5959
f 5964 5963 5959
f 7054 5965 5960
f 5965 7054 5961
f 7054 7418 5961
f 6401 6394 5962
f 5968 6141 5966
f 6141 6142 5966
f 6142 5967 5966
f 6142 6144 5967
f 6144 5969 5967
f 5970 6143 5968
f 6143 6141 5968
f 6144 6146 5969
f 6146 5971 5969
f 5972 6145 5970
f 6145 6143 5970
f 6146 6148 5971
f 6148 5973 5971
f 5974 6147 5972
f 6147 6145 5972
f 6148 6150 5973
f 6150 5975 5973
f 5976 6149 5974
f 6149 6147 5974
f 6150 6152 5975
f 6152 5977 5975
f 5978 6151 5976
f 6151 6149 5976
f 6152 6154 5977
f 6154 5979 5977
f 5980 6153 5978
f 6153 6151 5978
f 6154 6156 5979
f 6156 5981 5979
f 5982 6155 5980
f 6155 6153 5980
f 6156 6158 5981
f 6158 5983 5981
f 5984 6157 5982
f 6157 6155 5982
f 6160 5985 5983
f 6158 6160 5983
f 5986 6159 5984
f 6159 6157 5984
f 6160 6162 5985
f 6162 5987 5985
f 5988 6161 5986
f 6161 6159 5986
f 6162 6164 5987
f 6164 5989 5987
f 5990 6163 5988
f 6163 6161 5988
f 6164 6166 5989
f 6166 5991 5989
f 5992 6165 5990
f 6165 6163 5990
f 6166 6168 5991
f 6168 5993 5991
f 5994 6167 5992
f 6167 6165 5992
f 6168 6170 5993
f 6170 5995 5993
f 5996 6169 5994
f 6169 6167 5994
f 6170 6172 5995
f 6172 5997 5995
f 5998 6171 5996
f 6171 6169 5996
f 6172 6174 5997
f 6174 5999 5997
f 6000 6173 5998
f 6173 6171 5998
f 6174 6176 5999
f 6176 6001 5999
f 6001 6175 6000
f 6175 6173 6000
f 6176 6175 6001
f 6178 6135 6002
f 6003 6178 6002
f 6181 6178 6003
f 6082 6181 6003
f 6006 6213 6004
f 6213 6005 6004
f 6213 6214 6005
f 6221 6010 6005
f 6214 6221 6005
f 6012 6222 6006
f 6222 6217 6006
f 6217 6213 6006
f 6228 6069 6007
f 6212 6228 6007
f 6183 6243 6008
f 6243 6083 6008
f 6077 6076 6009
f 6221 6011 6010
f 6221 6051 6011
f 6049 6222 6012
f 6185 6014 6013
f 6100 6185 6013
f 6016 6100 6013
f 6185 6015 6014
f 6185 6019 6015
f 6017 6186 6016
f 6186 6215 6016
f 6215 6100 6016
f 6187 6186 6017
f 6018 6187 6017
f 6188 6187 6018
f 6020 6188 6018
f 6190 6021 6019
f 6185 6190 6019
f 6189 6188 6020
f 6022 6189 6020
f 6190 6024 6021
f 6191 6189 6022
f 6023 6191 6022
f 6192 6191 6023
f 6026 6192 6023
f 6193 6025 6024
f 6190 6193 6024
f 6196 6028 6025
f 6193 6196 6025
f 6194 6192 6026
f 6027 6194 6026
f 6195 6194 6027
f 6029 6195 6027
f 6196 6033 6028
f 6197 6195 6029
f 6030 6197 6029
f 6198 6197 6030
f 6032 6198 6030
f 6199 6198 6032
f 6034 6199 6032
f 6200 6036 6033
f 6196 6200 6033
f 6201 6199 6034
f 6035 6201 6034
f 6202 6201 6035
f 6038 6202 6035
f 6203 6037 6036
f 6200 6203 6036
f 6203 6040 6037
f 6204 6202 6038
f 6039 6204 6038
f 6205 6204 6039
f 6041 6205 6039
f 6206 6042 6040
f 6203 6206 6040
f 6207 6205 6041
f 6043 6207 6041
f 6206 6046 6042
f 6208 6207 6043
f 6044 6208 6043
f 6209 6208 6044
f 6045 6209 6044
f 6048 6210 6045
f 6210 6209 6045
f 6211 6047 6046
f 6206 6211 6046
f 6101 6048 6047
f 6211 6101 6047
f 6101 6210 6048
f 6050 6222 6049
f 6225 6222 6050
f 6244 6225 6050
f 6080 6244 6050
f 6241 6078 6051
f 6221 6229 6051
f 6229 6241 6051
f 6662 6075 6052
f 6103 6662 6052
f 6054 6091 6053
f 6091 6092 6053
f 7402 6091 6054
f 7392 7402 6054
f 6056 7392 6054
f 7456 6057 6055
f 6233 7456 6055
f 6234 6233 6055
f 7382 7392 6056
f 6058 7382 6056
f 7456 6060 6057
f 7333 7382 6058
f 6059 7333 6058
f 7244 7333 6059
f 6062 7244 6059
f 7456 7457 6060
f 7457 6061 6060
f 7457 7458 6061
f 7458 6063 6061
f 6272 7244 6062
f 6069 6272 6062
f 7458 7459 6063
f 7459 6064 6063
f 7459 7460 6064
f 7460 6065 6064
f 7460 7461 6065
f 7461 6066 6065
f 7461 7462 6066
f 7462 6067 6066
f 7462 7463 6067
f 7463 6068 6067
f 7463 7464 6068
f 7464 6070 6068
f 6533 6272 6069
f 6228 6533 6069
f 7464 7465 6070
f 7465 6071 6070
f 7467 6072 6071
f 7465 7466 6071
f 7466 7467 6071
f 7467 7468 6072
f 7468 7469 6072
f 6074 6184 6073
f 6184 6242 6073
f 6242 6089 6073
f 6390 6184 6074
f 6075 6390 6074
f 6662 6390 6075
f 6077 6094 6076
f 6094 7394 6076
f 7394 6104 6076
f 6093 6094 6077
f 6241 6079 6078
f 6241 6085 6079
f 6081 6244 6080
f 6260 6244 6081
f 6087 6260 6081
f 6245 6181 6082
f 6136 6245 6082
f 6243 6261 6083
f 6261 6095 6083
f 6251 6343 6084
f 6343 6138 6084
f 6252 6086 6085
f 6241 6252 6085
f 6252 6096 6086
f 6088 6260 6087
f 6090 6260 6088
f 6263 6136 6089
f 6242 6263 6089
f 6262 6260 6090
f 6269 6262 6090
f 6098 6269 6090
f 7402 6265 6091
f 6448 6092 6091
f 6265 6448 6091
f 6264 6094 6093
f 6449 6264 6093
f 6264 7394 6094
f 6261 6342 6095
f 6342 6139 6095
f 6267 6097 6096
f 6266 6267 6096
f 6252 6266 6096
f 6267 6099 6097
f 6102 6269 6098
f 6267 6105 6099
f 6215 6185 6100
f 6216 6210 6101
f 6211 6216 6101
f 6303 6269 6102
f 6107 6303 6102
f 6218 6662 6103
f 7394 6219 6104
f 6301 6106 6105
f 6267 6301 6105
f 6301 6140 6106
f 6108 6303 6107
f 6134 6303 6108
f 6110 6273 6109
f 6273 6116 6109
f 6111 6274 6110
f 6274 6273 6110
f 6112 6275 6111
f 6275 6274 6111
f 6114 6276 6112
f 6276 6275 6112
f 6115 6277 6113
f 6277 6302 6113
f 6302 6137 6113
f 6117 6278 6114
f 6278 6276 6114
f 6116 6279 6115
f 6279 6277 6115
f 6273 6280 6116
f 6280 6279 6116
f 6118 6281 6117
f 6281 6278 6117
f 6119 6282 6118
f 6282 6281 6118
f 6120 6283 6119
f 6283 6282 6119
f 6121 6284 6120
f 6284 6283 6120
f 6122 6285 6121
f 6285 6284 6121
f 6123 6286 6122
f 6286 6285 6122
f 6124 6287 6123
f 6287 6286 6123
f 6125 6288 6124
f 6288 6287 6124
f 6126 6289 6125
f 6289 6288 6125
f 6129 6290 6126
f 6290 6289 6126
f 6135 6291 6127
f 6291 6292 6127
f 6292 6128 6127
f 6292 6133 6128
f 6130 6293 6129
f 6293 6290 6129
f 6131 6294 6130
f 6294 6293 6130
f 6132 6295 6131
f 6295 6294 6131
f 6133 6296 6132
f 6296 6295 6132
f 6292 6297 6133
f 6297 6296 6133
f 6341 6303 6134
f 6382 6341 6134
f 6180 6382 6134
f 6298 6291 6135
f 6178 6298 6135
f 6340 6245 6136
f 6263 6340 6136
f 6302 6378 6137
f 6378 6183 6137
f 6343 6383 6138
f 6383 6212 6138
f 6342 6409 6139
f 6409 6251 6139
f 6381 6177 6140
f 6377 6381 6140
f 6301 6377 6140
f 6143 6304 6141
f 6304 6305 6141
f 6305 6142 6141
f 6305 6307 6142
f 6307 6144 6142
f 6145 6306 6143
f 6306 6304 6143
f 6307 6309 6144
f 6309 6146 6144
f 6147 6308 6145
f 6308 6306 6145
f 6309 6311 6146
f 6311 6148 6146
f 6149 6310 6147
f 6310 6308 6147
f 6311 6313 6148
f 6313 6150 6148
f 6151 6312 6149
f 6312 6310 6149
f 6313 6315 6150
f 6315 6152 6150
f 6153 6314 6151
f 6314 6312 6151
f 6315 6317 6152
f 6317 6154 6152
f 6155 6316 6153
f 6316 6314 6153
f 6317 6319 6154
f 6319 6156 6154
f 6157 6318 6155
f 6318 6316 6155
f 6319 6321 6156
f 6321 6158 6156
f 6159 6320 6157
f 6320 6318 6157
f 6323 6160 6158
f 6321 6323 6158
f 6161 6322 6159
f 6322 6320 6159
f 6323 6325 6160
f 6325 6162 6160
f 6163 6324 6161
f 6324 6322 6161
f 6325 6327 6162
f 6327 6164 6162
f 6165 6326 6163
f 6326 6324 6163
f 6327 6329 6164
f 6329 6166 6164
f 6167 6328 6165
f 6328 6326 6165
f 6329 6331 6166
f 6331 6168 6166
f 6169 6330 6167
f 6330 6328 6167
f 6331 6333 6168
f 6333 6170 6168
f 6171 6332 6169
f 6332 6330 6169
f 6333 6335 6170
f 6335 6172 6170
f 6173 6334 6171
f 6334 6332 6171
f 6335 6337 6172
f 6337 6174 6172
f 6175 6336 6173
f 6336 6334 6173
f 6337 6339 6174
f 6339 6176 6174
f 6176 6338 6175
f 6338 6336 6175
f 6339 6338 6176
f 6381 6179 6177
f 6344 6298 6178
f 6181 6344 6178
f 6381 6220 6179
f 6182 6382 6180
f 6374 6344 6181
f 6245 6374 6181
f 6396 6382 6182
f 6224 6396 6182
f 6378 6397 6183
f 6397 6243 6183
f 6389 6242 6184
f 6390 6389 6184
f 6215 6346 6185
f 6346 6351 6185
f 6351 6190 6185
f 6187 6347 6186
f 6347 6375 6186
f 6375 6255 6186
f 6255 6247 6186
f 6247 6215 6186
f 6348 6347 6187
f 6188 6348 6187
f 6349 6348 6188
f 6189 6349 6188
f 6350 6349 6189
f 6191 6350 6189
f 6351 6354 6190
f 6354 6193 6190
f 6352 6350 6191
f 6192 6352 6191
f 6353 6352 6192
f 6194 6353 6192
f 6354 6358 6193
f 6358 6196 6193
f 6355 6353 6194
f 6195 6355 6194
f 6356 6355 6195
f 6197 6356 6195
f 6358 6360 6196
f 6360 6200 6196
f 6357 6356 6197
f 6198 6357 6197
f 6359 6357 6198
f 6199 6359 6198
f 6361 6359 6199
f 6201 6361 6199
f 6360 6364 6200
f 6364 6203 6200
f 6362 6361 6201
f 6202 6362 6201
f 6363 6362 6202
f 6204 6363 6202
f 6364 6367 6203
f 6367 6206 6203
f 6365 6363 6204
f 6205 6365 6204
f 6366 6365 6205
f 6207 6366 6205
f 6367 6372 6206
f 6372 6211 6206
f 6368 6366 6207
f 6208 6368 6207
f 6369 6368 6208
f 6209 6369 6208
f 6370 6369 6209
f 6210 6370 6209
f 6216 6371 6210
f 6371 6370 6210
f 6372 6248 6211
f 6248 6216 6211
f 6383 6402 6212
f 6249 6228 6212
f 6402 6249 6212
f 6217 6384 6213
f 6384 6214 6213
f 6384 6385 6214
f 6392 6221 6214
f 6385 6392 6214
f 6247 6346 6215
f 6248 6371 6216
f 6222 6388 6217
f 6388 6384 6217
f 6258 6662 6218
f 7394 6259 6219
f 6391 6223 6220
f 6381 6391 6220
f 6405 6229 6221
f 6392 6405 6221
f 6225 6393 6222
f 6393 6388 6222
f 6391 6246 6223
f 6226 6396 6224
f 6244 6398 6225
f 6398 6393 6225
f 6227 6396 6226
f 6400 6396 6227
f 6414 6400 6227
f 6254 6414 6227
f 6249 6533 6228
f 6406 6241 6229
f 6405 6406 6229
f 6654 7451 6230
f 7451 6231 6230
f 6239 6655 6230
f 6655 6654 6230
f 6236 6239 6230
f 6231 6236 6230
f 7451 7452 6231
f 7452 6232 6231
f 6232 6236 6231
f 7455 6233 6232
f 7454 7455 6232
f 7452 7454 6232
f 6233 6234 6232
f 6234 6236 6232
f 7455 7456 6233
f 8067 6235 6234
f 7983 7991 6234
f 7919 7983 6234
f 7991 8009 6234
f 8009 8071 6234
f 8071 8067 6234
f 6237 6236 6234
f 6235 6237 6234
f 8067 8069 6235
f 8069 6237 6235
f 7473 6240 6236
f 8070 7473 6236
f 6238 8070 6236
f 6240 6239 6236
f 6237 6238 6236
f 8069 8070 6237
f 8070 6238 6237
f 6240 6655 6239
f 7473 6655 6240
f 6413 6252 6241
f 6406 6413 6241
f 6389 6408 6242
f 6408 6263 6242
f 6397 6411 6243
f 6411 6261 6243
f 6260 6407 6244
f 6407 6398 6244
f 6399 6374 6245
f 6340 6399 6245
f 6412 6250 6246
f 6410 6412 6246
f 6391 6410 6246
f 6255 6345 6247
f 6345 6346 6247
f 6256 6371 6248
f 6372 6256 6248
f 6794 6533 6249
f 6402 6794 6249
f 6412 6253 6250
f 6409 6534 6251
f 6534 6343 6251
f 6445 6266 6252
f 6413 6445 6252
f 6412 6268 6253
f 6257 6414 6254
f 6375 6345 6255
f 6376 6371 6256
f 6372 6373 6256
f 6373 6376 6256
f 6270 6414 6257
f 6299 6662 6258
f 7394 6300 6259
f 6262 6415 6260
f 6415 6407 6260
f 6411 6530 6261
f 6530 6342 6261
f 6269 6416 6262
f 6416 6415 6262
f 6417 6340 6263
f 6408 6417 6263
f 6450 7394 6264
f 6449 6450 6264
f 7402 6447 6265
f 6447 6448 6265
f 6487 6267 6266
f 6445 6487 6266
f 6527 6301 6267
f 6487 6527 6267
f 6520 6271 6268
f 6488 6520 6268
f 6412 6488 6268
f 6303 6489 6269
f 6489 6416 6269
f 6519 6414 6270
f 7372 6519 6270
f 7139 7054 6271
f 6520 7139 6271
f 7335 7244 6272
f 6533 7335 6272
f 6274 6419 6273
f 6419 6280 6273
f 6275 6420 6274
f 6420 6419 6274
f 6276 6421 6275
f 6421 6420 6275
f 6278 6422 6276
f 6422 6421 6276
f 6279 6423 6277
f 6423 6446 6277
f 6446 6302 6277
f 6281 6424 6278
f 6424 6422 6278
f 6280 6425 6279
f 6425 6423 6279
f 6419 6426 6280
f 6426 6425 6280
f 6282 6427 6281
f 6427 6424 6281
f 6283 6428 6282
f 6428 6427 6282
f 6284 6429 6283
f 6429 6428 6283
f 6285 6430 6284
f 6430 6429 6284
f 6286 6431 6285
f 6431 6430 6285
f 6287 6432 6286
f 6432 6431 6286
f 6288 6433 6287
f 6433 6432 6287
f 6289 6434 6288
f 6434 6433 6288
f 6290 6435 6289
f 6435 6434 6289
f 6293 6436 6290
f 6436 6435 6290
f 6298 6437 6291
f 6437 6438 6291
f 6438 6292 6291
f 6438 6297 6292
f 6294 6439 6293
f 6439 6436 6293
f 6295 6440 6294
f 6440 6439 6294
f 6296 6441 6295
f 6441 6440 6295
f 6297 6442 6296
f 6442 6441 6296
f 6438 6443 6297
f 6443 6442 6297
f 6444 6437 6298
f 6344 6444 6298
f 6379 6662 6299
f 7394 6380 6300
f 6535 6377 6301
f 6527 6535 6301
f 6446 6526 6302
f 6526 6378 6302
f 6341 6531 6303
f 6531 6489 6303
f 6306 6451 6304
f 6451 6452 6304
f 6452 6305 6304
f 6452 6454 6305
f 6454 6307 6305
f 6308 6453 6306
f 6453 6451 6306
f 6454 6456 6307
f 6456 6309 6307
f 6310 6455 6308
f 6455 6453 6308
f 6456 6458 6309
f 6458 6311 6309
f 6312 6457 6310
f 6457 6455 6310
f 6458 6460 6311
f 6460 6313 6311
f 6314 6459 6312
f 6459 6457 6312
f 6460 6462 6313
f 6462 6315 6313
f 6316 6461 6314
f 6461 6459 6314
f 6462 6464 6315
f 6464 6317 6315
f 6318 6463 6316
f 6463 6461 6316
f 6464 6466 6317
f 6466 6319 6317
f 6320 6465 6318
f 6465 6463 6318
f 6466 6468 6319
f 6468 6321 6319
f 6322 6467 6320
f 6467 6465 6320
f 6470 6323 6321
f 6468 6470 6321
f 6324 6469 6322
f 6469 6467 6322
f 6470 6472 6323
f 6472 6325 6323
f 6326 6471 6324
f 6471 6469 6324
f 6472 6474 6325
f 6474 6327 6325
f 6328 6473 6326
f 6473 6471 6326
f 6474 6476 6327
f 6476 6329 6327
f 6330 6475 6328
f 6475 6473 6328
f 6476 6478 6329
f 6478 6331 6329
f 6332 6477 6330
f 6477 6475 6330
f 6478 6480 6331
f 6480 6333 6331
f 6334 6479 6332
f 6479 6477 6332
f 6480 6482 6333
f 6482 6335 6333
f 6336 6481 6334
f 6481 6479 6334
f 6482 6484 6335
f 6484 6337 6335
f 6338 6483 6336
f 6483 6481 6336
f 6484 6486 6337
f 6486 6339 6337
f 6339 6485 6338
f 6485 6483 6338
f 6486 6485 6339
f 6525 6399 6340
f 6417 6525 6340
f 6382 6532 6341
f 6532 6531 6341
f 6530 6619 6342
f 6619 6409 6342
f 6539 6383 6343
f 6534 6539 6343
f 6523 6444 6344
f 6374 6523 6344
f 6375 6403 6345
f 6403 6490 6345
f 6490 6491 6345
f 6491 6346 6345
f 6491 6496 6346
f 6496 6351 6346
f 6348 6492 6347
f 6492 6521 6347
f 6521 6403 6347
f 6403 6375 6347
f 6493 6492 6348
f 6349 6493 6348
f 6494 6493 6349
f 6350 6494 6349
f 6495 6494 6350
f 6352 6495 6350
f 6496 6500 6351
f 6500 6354 6351
f 6497 6495 6352
f 6353 6497 6352
f 6498 6497 6353
f 6355 6498 6353
f 6500 6503 6354
f 6503 6358 6354
f 6499 6498 6355
f 6356 6499 6355
f 6501 6499 6356
f 6357 6501 6356
f 6502 6501 6357
f 6359 6502 6357
f 6503 6505 6358
f 6505 6360 6358
f 6504 6502 6359
f 6361 6504 6359
f 6505 6508 6360
f 6508 6364 6360
f 6506 6504 6361
f 6362 6506 6361
f 6507 6506 6362
f 6363 6507 6362
f 6509 6507 6363
f 6365 6509 6363
f 6508 6512 6364
f 6512 6367 6364
f 6510 6509 6365
f 6366 6510 6365
f 6511 6510 6366
f 6368 6511 6366
f 6512 6517 6367
f 6517 6372 6367
f 6513 6511 6368
f 6369 6513 6368
f 6514 6513 6369
f 6370 6514 6369
f 6515 6514 6370
f 6371 6515 6370
f 6376 6516 6371
f 6516 6515 6371
f 6517 6518 6372
f 6518 6373 6372
f 6518 6404 6373
f 6404 6376 6373
f 6524 6523 6374
f 6399 6524 6374
f 6404 6516 6376
f 6536 6381 6377
f 6535 6536 6377
f 6526 6538 6378
f 6538 6397 6378
f 6386 6662 6379
f 7394 6387 6380
f 6546 6391 6381
f 6536 6546 6381
f 6396 6537 6382
f 6537 6532 6382
f 6539 6579 6383
f 6579 6418 6383
f 6418 6402 6383
f 6388 6543 6384
f 6543 6385 6384
f 6543 6544 6385
f 6547 6392 6385
f 6544 6547 6385
f 7394 6662 6386
f 6394 7394 6386
f 7394 6395 6387
f 6545 6543 6388
f 6393 6545 6388
f 6549 6408 6389
f 6616 6549 6389
f 6390 6616 6389
f 6662 6616 6390
f 6658 6410 6391
f 6546 6658 6391
f 6620 6405 6392
f 6547 6620 6392
f 6575 6545 6393
f 6398 6575 6393
f 6401 7394 6394
f 7394 6401 6395
f 6400 6578 6396
f 6578 6537 6396
f 6538 6548 6397
f 6548 6411 6397
f 6577 6575 6398
f 6407 6577 6398
f 6540 6524 6399
f 6525 6540 6399
f 6414 6618 6400
f 6618 6578 6400
f 6418 6794 6402
f 6521 6490 6403
f 6522 6516 6404
f 6518 6522 6404
f 6650 6406 6405
f 6620 6650 6405
f 6661 6413 6406
f 6650 6661 6406
f 6653 6577 6407
f 6415 6653 6407
f 6549 6656 6408
f 6656 6417 6408
f 6619 6781 6409
f 6781 6534 6409
f 6660 6412 6410
f 6658 6660 6410
f 6548 6674 6411
f 6674 6530 6411
f 6676 6488 6412
f 6660 6676 6412
f 6670 6445 6413
f 6661 6670 6413
f 6519 6528 6414
f 6528 6668 6414
f 6668 6618 6414
f 6665 6653 6415
f 6416 6665 6415
f 6669 6665 6416
f 6489 6669 6416
f 6664 6525 6417
f 6656 6664 6417
f 7076 6794 6418
f 6579 7076 6418
f 6420 6550 6419
f 6550 6426 6419
f 6421 6551 6420
f 6551 6550 6420
f 6422 6552 6421
f 6552 6551 6421
f 6424 6553 6422
f 6553 6552 6422
f 6425 6554 6423
f 6554 6617 6423
f 6617 6446 6423
f 6427 6555 6424
f 6555 6553 6424
f 6426 6556 6425
f 6556 6554 6425
f 6550 6557 6426
f 6557 6556 6426
f 6428 6558 6427
f 6558 6555 6427
f 6429 6559 6428
f 6559 6558 6428
f 6430 6560 6429
f 6560 6559 6429
f 6431 6561 6430
f 6561 6560 6430
f 6432 6562 6431
f 6562 6561 6431
f 6433 6563 6432
f 6563 6562 6432
f 6434 6564 6433
f 6564 6563 6433
f 6435 6565 6434
f 6565 6564 6434
f 6436 6566 6435
f 6566 6565 6435
f 6439 6567 6436
f 6567 6566 6436
f 6444 6568 6437
f 6568 6569 6437
f 6569 6438 6437
f 6569 6443 6438
f 6440 6570 6439
f 6570 6567 6439
f 6441 6571 6440
f 6571 6570 6440
f 6442 6572 6441
f 6572 6571 6441
f 6443 6573 6442
f 6573 6572 6442
f 6569 6574 6443
f 6574 6573 6443
f 6576 6568 6444
f 6523 6576 6444
f 6671 6487 6445
f 6670 6671 6445
f 6617 6663 6446
f 6663 6526 6446
f 7402 7036 6447
f 7036 6448 6447
f 7036 7037 6448
f 6675 6450 6449
f 7038 6675 6449
f 6675 7394 6450
f 6453 6580 6451
f 6580 6581 6451
f 6581 6452 6451
f 6581 6583 6452
f 6583 6454 6452
f 6455 6582 6453
f 6582 6580 6453
f 6583 6585 6454
f 6585 6456 6454
f 6457 6584 6455
f 6584 6582 6455
f 6585 6587 6456
f 6587 6458 6456
f 6459 6586 6457
f 6586 6584 6457
f 6587 6589 6458
f 6589 6460 6458
f 6461 6588 6459
f 6588 6586 6459
f 6589 6591 6460
f 6591 6462 6460
f 6463 6590 6461
f 6590 6588 6461
f 6591 6593 6462
f 6593 6464 6462
f 6465 6592 6463
f 6592 6590 6463
f 6593 6595 6464
f 6595 6466 6464
f 6467 6594 6465
f 6594 6592 6465
f 6595 6597 6466
f 6597 6468 6466
f 6469 6596 6467
f 6596 6594 6467
f 6599 6470 6468
f 6597 6599 6468
f 6471 6598 6469
f 6598 6596 6469
f 6599 6601 6470
f 6601 6472 6470
f 6473 6600 6471
f 6600 6598 6471
f 6601 6603 6472
f 6603 6474 6472
f 6475 6602 6473
f 6602 6600 6473
f 6603 6605 6474
f 6605 6476 6474
f 6477 6604 6475
f 6604 6602 6475
f 6605 6607 6476
f 6607 6478 6476
f 6479 6606 6477
f 6606 6604 6477
f 6607 6609 6478
f 6609 6480 6478
f 6481 6608 6479
f 6608 6606 6479
f 6609 6611 6480
f 6611 6482 6480
f 6483 6610 6481
f 6610 6608 6481
f 6611 6613 6482
f 6613 6484 6482
f 6485 6612 6483
f 6612 6610 6483
f 6613 6615 6484
f 6615 6486 6484
f 6486 6614 6485
f 6614 6612 6485
f 6615 6614 6486
f 6745 6527 6487
f 6671 6745 6487
f 6681 6529 6488
f 6529 6520 6488
f 6676 6681 6488
f 6677 6669 6489
f 6531 6677 6489
f 6521 6621 6490
f 6621 6624 6490
f 6624 6491 6490
f 6624 6628 6491
f 6628 6496 6491
f 6493 6622 6492
f 6622 6651 6492
f 6651 6541 6492
f 6541 6521 6492
f 6623 6622 6493
f 6494 6623 6493
f 6625 6623 6494
f 6495 6625 6494
f 6626 6625 6495
f 6497 6626 6495
f 6628 6631 6496
f 6631 6500 6496
f 6627 6626 6497
f 6498 6627 6497
f 6629 6627 6498
f 6499 6629 6498
f 6630 6629 6499
f 6501 6630 6499
f 6631 6634 6500
f 6634 6503 6500
f 6632 6630 6501
f 6502 6632 6501
f 6633 6632 6502
f 6504 6633 6502
f 6634 6636 6503
f 6636 6505 6503
f 6635 6633 6504
f 6506 6635 6504
f 6636 6639 6505
f 6639 6508 6505
f 6637 6635 6506
f 6507 6637 6506
f 6638 6637 6507
f 6509 6638 6507
f 6639 6642 6508
f 6642 6512 6508
f 6640 6638 6509
f 6510 6640 6509
f 6641 6640 6510
f 6511 6641 6510
f 6643 6641 6511
f 6513 6643 6511
f 6642 6646 6512
f 6646 6517 6512
f 6644 6643 6513
f 6514 6644 6513
f 6645 6644 6514
f 6515 6645 6514
f 6647 6645 6515
f 6516 6647 6515
f 6522 6648 6516
f 6648 6647 6516
f 6646 6649 6517
f 6649 6518 6517
f 6649 6542 6518
f 6542 6522 6518
f 7372 6528 6519
f 6529 7139 6520
f 6541 6621 6521
f 6542 6648 6522
f 6657 6576 6523
f 6524 6657 6523
f 6659 6657 6524
f 6540 6659 6524
f 6672 6540 6525
f 6664 6672 6525
f 6663 6708 6526
f 6708 6538 6526
f 6789 6535 6527
f 6745 6789 6527
f 6680 6668 6528
f 7384 6680 6528
f 7372 7384 6528
f 6681 7139 6529
f 6674 6894 6530
f 6894 6619 6530
f 6782 6677 6531
f 6532 6782 6531
f 6783 6782 6532
f 6537 6783 6532
f 7380 7335 6533
f 6794 7380 6533
f 6781 6792 6534
f 6792 6539 6534
f 6790 6536 6535
f 6789 6790 6535
f 7000 6546 6536
f 6790 7000 6536
f 6793 6783 6537
f 6578 6793 6537
f 6708 6784 6538
f 6784 6548 6538
f 6792 7002 6539
f 7002 6673 6539
f 6673 6579 6539
f 6746 6659 6540
f 6672 6746 6540
f 6651 6621 6541
f 6652 6648 6542
f 6649 6652 6542
f 6545 6890 6543
f 6890 6544 6543
f 6890 6891 6544
f 6895 6547 6544
f 6891 6895 6544
f 6892 6890 6545
f 6575 6892 6545
f 7023 6658 6546
f 7000 7023 6546
f 7004 6620 6547
f 6895 7004 6547
f 6784 7018 6548
f 7018 6674 6548
f 7010 6656 6549
f 7022 7010 6549
f 6616 7022 6549
f 6551 6682 6550
f 6682 6557 6550
f 6552 6683 6551
f 6683 6682 6551
f 6553 6684 6552
f 6684 6683 6552
f 6555 6685 6553
f 6685 6684 6553
f 6556 6687 6554
f 6687 6780 6554
f 6780 6617 6554
f 6558 6686 6555
f 6686 6685 6555
f 6557 6688 6556
f 6688 6687 6556
f 6682 6689 6557
f 6689 6688 6557
f 6559 6690 6558
f 6690 6686 6558
f 6560 6691 6559
f 6691 6690 6559
f 6561 6692 6560
f 6692 6691 6560
f 6562 6693 6561
f 6693 6692 6561
f 6563 6694 6562
f 6694 6693 6562
f 6564 6695 6563
f 6695 6694 6563
f 6565 6696 6564
f 6696 6695 6564
f 6566 6697 6565
f 6697 6696 6565
f 6567 6698 6566
f 6698 6697 6566
f 6570 6699 6567
f 6699 6698 6567
f 6576 6700 6568
f 6700 6701 6568
f 6701 6569 6568
f 6701 6574 6569
f 6571 6702 6570
f 6702 6699 6570
f 6572 6703 6571
f 6703 6702 6571
f 6573 6704 6572
f 6704 6703 6572
f 6574 6705 6573
f 6705 6704 6573
f 6701 6706 6574
f 6706 6705 6574
f 6998 6892 6575
f 6577 6998 6575
f 6707 6700 6576
f 6657 6707 6576
f 7001 6998 6577
f 6653 7001 6577
f 7006 6793 6578
f 6618 7006 6578
f 6673 7076 6579
f 6582 6709 6580
f 6709 6710 6580
f 6710 6581 6580
f 6710 6712 6581
f 6712 6583 6581
f 6584 6711 6582
f 6711 6709 6582
f 6712 6714 6583
f 6714 6585 6583
f 6586 6713 6584
f 6713 6711 6584
f 6714 6716 6585
f 6716 6587 6585
f 6588 6715 6586
f 6715 6713 6586
f 6716 6718 6587
f 6718 6589 6587
f 6590 6717 6588
f 6717 6715 6588
f 6718 6720 6589
f 6720 6591 6589
f 6592 6719 6590
f 6719 6717 6590
f 6720 6722 6591
f 6722 6593 6591
f 6594 6721 6592
f 6721 6719 6592
f 6722 6724 6593
f 6724 6595 6593
f 6596 6723 6594
f 6723 6721 6594
f 6724 6726 6595
f 6726 6597 6595
f 6598 6725 6596
f 6725 6723 6596
f 6728 6599 6597
f 6726 6728 6597
f 6600 6727 6598
f 6727 6725 6598
f 6728 6730 6599
f 6730 6601 6599
f 6602 6729 6600
f 6729 6727 6600
f 6730 6732 6601
f 6732 6603 6601
f 6604 6731 6602
f 6731 6729 6602
f 6732 6734 6603
f 6734 6605 6603
f 6606 6733 6604
f 6733 6731 6604
f 6734 6736 6605
f 6736 6607 6605
f 6608 6735 6606
f 6735 6733 6606
f 6736 6738 6607
f 6738 6609 6607
f 6610 6737 6608
f 6737 6735 6608
f 6738 6740 6609
f 6740 6611 6609
f 6612 6739 6610
f 6739 6737 6610
f 6740 6742 6611
f 6742 6613 6611
f 6614 6741 6612
f 6741 6739 6612
f 6742 6744 6613
f 6744 6615 6613
f 6615 6743 6614
f 6743 6741 6614
f 6744 6743 6615
f 7033 7022 6616
f 6662 7033 6616
f 6780 6791 6617
f 6791 6663 6617
f 7009 7006 6618
f 6668 7009 6618
f 6894 7041 6619
f 7041 6781 6619
f 7007 6650 6620
f 7004 7007 6620
f 6651 6747 6621
f 6747 6748 6621
f 6748 6752 6621
f 6752 6624 6621
f 6623 6749 6622
f 6749 6678 6622
f 6678 6666 6622
f 6666 6651 6622
f 6750 6749 6623
f 6625 6750 6623
f 6752 6755 6624
f 6755 6628 6624
f 6751 6750 6625
f 6626 6751 6625
f 6753 6751 6626
f 6627 6753 6626
f 6754 6753 6627
f 6629 6754 6627
f 6755 6758 6628
f 6758 6631 6628
f 6756 6754 6629
f 6630 6756 6629
f 6757 6756 6630
f 6632 6757 6630
f 6758 6761 6631
f 6761 6634 6631
f 6759 6757 6632
f 6633 6759 6632
f 6760 6759 6633
f 6635 6760 6633
f 6761 6763 6634
f 6763 6636 6634
f 6762 6760 6635
f 6637 6762 6635
f 6763 6766 6636
f 6766 6639 6636
f 6764 6762 6637
f 6638 6764 6637
f 6765 6764 6638
f 6640 6765 6638
f 6766 6769 6639
f 6769 6642 6639
f 6767 6765 6640
f 6641 6767 6640
f 6768 6767 6641
f 6643 6768 6641
f 6769 6772 6642
f 6772 6646 6642
f 6770 6768 6643
f 6644 6770 6643
f 6771 6770 6644
f 6645 6771 6644
f 6773 6771 6645
f 6647 6773 6645
f 6772 6776 6646
f 6776 6649 6646
f 6774 6773 6647
f 6648 6774 6647
f 6652 6775 6648
f 6775 6774 6648
f 6776 6652 6649
f 7021 6661 6650
f 7007 7021 6650
f 6666 6747 6651
f 6667 6775 6652
f 6776 6777 6652
f 6777 6667 6652
f 7011 7001 6653
f 6665 7011 6653
f 7085 7451 6654
f 6655 7086 6654
f 7086 7085 6654
f 7473 7086 6655
f 7010 7020 6656
f 7020 6664 6656
f 6785 6707 6657
f 6659 6785 6657
f 7026 6660 6658
f 7023 7026 6658
f 6786 6785 6659
f 6746 6786 6659
f 7042 6676 6660
f 7026 7042 6660
f 7030 6670 6661
f 7021 7030 6661
f 7394 7033 6662
f 6791 7012 6663
f 7012 6708 6663
f 7015 6672 6664
f 7020 7015 6664
f 7024 7011 6665
f 6669 7024 6665
f 6678 6747 6666
f 6679 6775 6667
f 6777 6679 6667
f 7029 7009 6668
f 6680 6787 6668
f 6787 7029 6668
f 7025 7024 6669
f 6677 7025 6669
f 7031 6671 6670
f 7030 7031 6670
f 7043 6745 6671
f 7031 7043 6671
f 7014 6746 6672
f 7015 7014 6672
f 7149 7076 6673
f 7002 7149 6673
f 7018 7053 6674
f 7053 6894 6674
f 7039 7394 6675
f 7038 7039 6675
f 6788 6681 6676
f 7046 6788 6676
f 7042 7046 6676
f 7032 7025 6677
f 6782 7032 6677
f 6778 6747 6678
f 6749 6778 6678
f 6779 6775 6679
f 6777 6779 6679
f 7384 6787 6680
f 6788 7275 6681
f 7275 7139 6681
f 6683 6795 6682
f 6795 6689 6682
f 6684 6796 6683
f 6796 6795 6683
f 6685 6797 6684
f 6797 6796 6684
f 6686 6798 6685
f 6798 6797 6685
f 6690 6799 6686
f 6799 6798 6686
f 6688 6800 6687
f 6800 6893 6687
f 6893 6780 6687
f 6689 6801 6688
f 6801 6800 6688
f 6795 6802 6689
f 6802 6801 6689
f 6691 6803 6690
f 6803 6799 6690
f 6692 6804 6691
f 6804 6803 6691
f 6693 6805 6692
f 6805 6804 6692
f 6694 6806 6693
f 6806 6805 6693
f 6695 6807 6694
f 6807 6806 6694
f 6696 6808 6695
f 6808 6807 6695
f 6697 6809 6696
f 6809 6808 6696
f 6698 6810 6697
f 6810 6809 6697
f 6699 6811 6698
f 6811 6810 6698
f 6702 6812 6699
f 6812 6811 6699
f 6707 6813 6700
f 6813 6814 6700
f 6814 6701 6700
f 6814 6706 6701
f 6703 6815 6702
f 6815 6812 6702
f 6704 6816 6703
f 6816 6815 6703
f 6705 6817 6704
f 6817 6816 6704
f 6706 6818 6705
f 6818 6817 6705
f 6814 6819 6706
f 6819 6818 6706
f 6889 6813 6707
f 6785 6889 6707
f 7012 7027 6708
f 7027 6784 6708
f 6711 6822 6709
f 6822 6823 6709
f 6823 6710 6709
f 6823 6825 6710
f 6825 6712 6710
f 6713 6824 6711
f 6824 6822 6711
f 6825 6827 6712
f 6827 6714 6712
f 6715 6826 6713
f 6826 6824 6713
f 6827 6829 6714
f 6829 6716 6714
f 6717 6828 6715
f 6828 6826 6715
f 6829 6831 6716
f 6831 6718 6716
f 6719 6830 6717
f 6830 6828 6717
f 6831 6833 6718
f 6833 6720 6718
f 6721 6832 6719
f 6832 6830 6719
f 6833 6835 6720
f 6835 6722 6720
f 6723 6834 6721
f 6834 6832 6721
f 6835 6837 6722
f 6837 6724 6722
f 6725 6836 6723
f 6836 6834 6723
f 6837 6839 6724
f 6839 6726 6724
f 6727 6838 6725
f 6838 6836 6725
f 6841 6728 6726
f 6839 6841 6726
f 6729 6840 6727
f 6840 6838 6727
f 6841 6843 6728
f 6843 6730 6728
f 6731 6842 6729
f 6842 6840 6729
f 6843 6845 6730
f 6845 6732 6730
f 6733 6844 6731
f 6844 6842 6731
f 6845 6847 6732
f 6847 6734 6732
f 6735 6846 6733
f 6846 6844 6733
f 6847 6849 6734
f 6849 6736 6734
f 6737 6848 6735
f 6848 6846 6735
f 6849 6851 6736
f 6851 6738 6736
f 6739 6850 6737
f 6850 6848 6737
f 6851 6853 6738
f 6853 6740 6738
f 6741 6852 6739
f 6852 6850 6739
f 6853 6855 6740
f 6855 6742 6740
f 6743 6854 6741
f 6854 6852 6741
f 6855 6857 6742
f 6857 6744 6742
f 6744 6856 6743
f 6856 6854 6743
f 6857 6856 6744
f 7055 6789 6745
f 7043 7055 6745
f 7013 6786 6746
f 7014 7013 6746
f 6778 6820 6747
f 6820 6858 6747
f 6858 6859 6747
f 6859 6748 6747
f 6864 6752 6748
f 6859 6864 6748
f 6750 6860 6749
f 6860 6778 6749
f 6861 6860 6750
f 6751 6861 6750
f 6862 6861 6751
f 6753 6862 6751
f 6867 6755 6752
f 6864 6867 6752
f 6863 6862 6753
f 6754 6863 6753
f 6865 6863 6754
f 6756 6865 6754
f 6869 6758 6755
f 6867 6869 6755
f 6866 6865 6756
f 6757 6866 6756
f 6868 6866 6757
f 6759 6868 6757
f 6872 6761 6758
f 6869 6872 6758
f 6870 6868 6759
f 6760 6870 6759
f 6871 6870 6760
f 6762 6871 6760
f 6874 6763 6761
f 6872 6874 6761
f 6873 6871 6762
f 6764 6873 6762
f 6877 6766 6763
f 6874 6877 6763
f 6875 6873 6764
f 6765 6875 6764
f 6876 6875 6765
f 6767 6876 6765
f 6879 6769 6766
f 6877 6879 6766
f 6878 6876 6767
f 6768 6878 6767
f 6880 6878 6768
f 6770 6880 6768
f 6882 6772 6769
f 6879 6882 6769
f 6881 6880 6770
f 6771 6881 6770
f 6883 6881 6771
f 6773 6883 6771
f 6887 6776 6772
f 6882 6887 6772
f 6884 6883 6773
f 6774 6884 6773
f 6885 6884 6774
f 6775 6885 6774
f 6779 6886 6775
f 6886 6885 6775
f 6888 6777 6776
f 6887 6888 6776
f 6888 6779 6777
f 6860 6820 6778
f 6821 6886 6779
f 6888 6821 6779
f 6893 7016 6780
f 7016 6791 6780
f 7041 7052 6781
f 7052 6792 6781
f 7047 7032 6782
f 6783 7047 6782
f 7048 7047 6783
f 6793 7048 6783
f 7027 7056 6784
f 7056 7018 6784
f 7003 6889 6785
f 6786 7003 6785
f 7008 7003 6786
f 7013 7008 6786
f 7045 7029 6787
f 7393 7045 6787
f 7384 7393 6787
f 7046 7275 6788
f 7057 6790 6789
f 7055 7057 6789
f 7072 7000 6790
f 7057 7072 6790
f 7016 7040 6791
f 7040 7012 6791
f 7052 7067 6792
f 7067 7035 6792
f 7035 7002 6792
f 7062 7048 6793
f 7006 7062 6793
f 7388 7380 6794
f 7076 7388 6794
f 6796 6900 6795
f 6900 6802 6795
f 6797 6901 6796
f 6901 6900 6796
f 6798 6902 6797
f 6902 6901 6797
f 6799 6905 6798
f 6905 6902 6798
f 6803 6912 6799
f 6912 6905 6799
f 6801 6913 6800
f 6913 7005 6800
f 7005 6893 6800
f 6802 6914 6801
f 6914 6913 6801
f 6900 6917 6802
f 6917 6914 6802
f 6804 6921 6803
f 6921 6912 6803
f 6805 6929 6804
f 6929 6921 6804
f 6806 6935 6805
f 6935 6929 6805
f 6807 6940 6806
f 6940 6935 6806
f 6808 6946 6807
f 6946 6940 6807
f 6809 6952 6808
f 6952 6946 6808
f 6810 6958 6809
f 6958 6952 6809
f 6811 6963 6810
f 6963 6958 6810
f 6812 6969 6811
f 6969 6963 6811
f 6815 6977 6812
f 6977 6969 6812
f 6889 6981 6813
f 6981 6982 6813
f 6982 6814 6813
f 6982 6819 6814
f 6816 6985 6815
f 6985 6977 6815
f 6817 6992 6816
f 6992 6985 6816
f 6818 6995 6817
f 6995 6992 6817
f 6819 6996 6818
f 6996 6995 6818
f 6982 6997 6819
f 6997 6996 6819
f 6896 6904 6820
f 6904 6858 6820
f 6860 6896 6820
f 6980 6886 6821
f 6897 6980 6821
f 6986 6993 6821
f 6993 6897 6821
f 6888 6986 6821
f 6824 6906 6822
f 6906 6907 6822
f 6907 6823 6822
f 6907 6909 6823
f 6909 6825 6823
f 6826 6908 6824
f 6908 6906 6824
f 6909 6915 6825
f 6915 6827 6825
f 6828 6910 6826
f 6910 6908 6826
f 6915 6922 6827
f 6922 6829 6827
f 6830 6916 6828
f 6916 6910 6828
f 6922 6926 6829
f 6926 6831 6829
f 6832 6923 6830
f 6923 6916 6830
f 6926 6932 6831
f 6932 6833 6831
f 6834 6927 6832
f 6927 6923 6832
f 6932 6937 6833
f 6937 6835 6833
f 6836 6933 6834
f 6933 6927 6834
f 6937 6942 6835
f 6942 6837 6835
f 6838 6938 6836
f 6938 6933 6836
f 6942 6949 6837
f 6949 6839 6837
f 6840 6943 6838
f 6943 6938 6838
f 6955 6841 6839
f 6949 6955 6839
f 6842 6951 6840
f 6951 6943 6840
f 6955 6960 6841
f 6960 6843 6841
f 6844 6956 6842
f 6956 6951 6842
f 6960 6965 6843
f 6965 6845 6843
f 6846 6961 6844
f 6961 6956 6844
f 6965 6971 6845
f 6971 6847 6845
f 6848 6966 6846
f 6966 6961 6846
f 6971 6975 6847
f 6975 6849 6847
f 6850 6972 6848
f 6972 6966 6848
f 6975 6983 6849
f 6983 6851 6849
f 6852 6976 6850
f 6976 6972 6850
f 6983 6987 6851
f 6987 6853 6851
f 6854 6984 6852
f 6984 6976 6852
f 6987 6989 6853
f 6989 6855 6853
f 6856 6988 6854
f 6988 6984 6854
f 6989 6991 6855
f 6991 6857 6855
f 6857 6990 6856
f 6990 6988 6856
f 6991 6990 6857
f 6904 6911 6858
f 6911 6920 6858
f 6920 6859 6858
f 6928 6864 6859
f 6920 6928 6859
f 6861 6918 6860
f 6898 6896 6860
f 6918 6898 6860
f 6919 6918 6861
f 6862 6919 6861
f 6924 6919 6862
f 6863 6924 6862
f 6925 6924 6863
f 6865 6925 6863
f 6934 6867 6864
f 6928 6934 6864
f 6930 6925 6865
f 6866 6930 6865
f 6931 6930 6866
f 6868 6931 6866
f 6939 6869 6867
f 6934 6939 6867
f 6936 6931 6868
f 6870 6936 6868
f 6945 6872 6869
f 6939 6945 6869
f 6941 6936 6870
f 6871 6941 6870
f 6944 6941 6871
f 6873 6944 6871
f 6953 6874 6872
f 6945 6953 6872
f 6947 6944 6873
f 6875 6947 6873
f 6959 6877 6874
f 6953 6959 6874
f 6954 6947 6875
f 6876 6954 6875
f 6957 6954 6876
f 6878 6957 6876
f 6964 6879 6877
f 6959 6964 6877
f 6962 6957 6878
f 6880 6962 6878
f 6970 6882 6879
f 6964 6970 6879
f 6967 6962 6880
f 6881 6967 6880
f 6968 6967 6881
f 6883 6968 6881
f 6978 6887 6882
f 6970 6978 6882
f 6973 6968 6883
f 6884 6973 6883
f 6974 6973 6884
f 6885 6974 6884
f 6979 6974 6885
f 6886 6979 6885
f 6980 6979 6886
f 6986 6888 6887
f 6978 6986 6887
f 6999 6981 6889
f 7003 6999 6889
f 6892 7058 6890
f 7058 6891 6890
f 7058 7059 6891
f 7063 6895 6891
f 7059 7063 6891
f 7060 7058 6892
f 6998 7060 6892
f 7005 7028 6893
f 7028 7016 6893
f 7053 7091 6894
f 7091 7041 6894
f 7070 7004 6895
f 7063 7070 6895
f 6898 6904 6896
f 6899 6980 6897
f 6993 6899 6897
f 6903 6904 6898
f 6918 6903 6898
f 6994 6980 6899
f 6993 6994 6899
f 6906 6903 6900
f 6903 6918 6900
f 6918 6917 6900
f 6907 6906 6900
f 6901 6907 6900
f 6909 6907 6901
f 6902 6909 6901
f 6915 6909 6902
f 6905 6915 6902
f 6910 6904 6903
f 6908 6910 6903
f 6906 6908 6903
f 6916 6911 6904
f 6910 6916 6904
f 6922 6915 6905
f 6912 6922 6905
f 6923 6920 6911
f 6916 6923 6911
f 6926 6922 6912
f 6921 6926 6912
f 6931 6936 6913
f 6936 6941 6913
f 6941 6944 6913
f 6930 6931 6913
f 6914 6930 6913
f 6944 6947 6913
f 6947 6954 6913
f 6954 6981 6913
f 6981 6999 6913
f 6999 7017 6913
f 7017 7005 6913
f 6925 6930 6914
f 6917 6925 6914
f 6924 6925 6917
f 6918 6919 6917
f 6919 6924 6917
f 6927 6928 6920
f 6923 6927 6920
f 6932 6926 6921
f 6929 6932 6921
f 6933 6928 6927
f 6933 6934 6928
f 6937 6932 6929
f 6935 6937 6929
f 6938 6934 6933
f 6938 6939 6934
f 6942 6937 6935
f 6940 6942 6935
f 6943 6939 6938
f 6943 6945 6939
f 6949 6942 6940
f 6946 6949 6940
f 6951 6945 6943
f 6951 6953 6945
f 6952 6949 6946
f 6952 6955 6949
f 6956 6959 6951
f 6959 6953 6951
f 6958 6955 6952
f 6957 6981 6954
f 6958 6960 6955
f 6961 6964 6956
f 6964 6959 6956
f 6962 6981 6957
f 6963 6960 6958
f 6963 6965 6960
f 6966 6970 6961
f 6970 6964 6961
f 6967 6981 6962
f 6969 6965 6963
f 6969 6971 6965
f 6972 6978 6966
f 6978 6970 6966
f 6968 6981 6967
f 6982 6981 6968
f 6973 6982 6968
f 6977 6971 6969
f 6977 6975 6971
f 6976 6986 6972
f 6986 6978 6972
f 6974 6982 6973
f 6979 6982 6974
f 6977 6985 6975
f 6985 6983 6975
f 6984 6993 6976
f 6993 6986 6976
f 6980 6982 6979
f 6994 6997 6980
f 6997 6982 6980
f 6985 6992 6983
f 6992 6987 6983
f 6988 6994 6984
f 6994 6993 6984
f 6992 6995 6987
f 6995 6989 6987
f 6990 6994 6988
f 6995 6996 6989
f 6996 6991 6989
f 6991 6997 6990
f 6997 6994 6990
f 6996 6997 6991
f 7064 7060 6998
f 7001 7064 6998
f 7003 7017 6999
f 7088 7023 7000
f 7072 7088 7000
f 7066 7064 7001
f 7011 7066 7001
f 7035 7149 7002
f 7008 7017 7003
f 7071 7007 7004
f 7070 7071 7004
f 7082 7028 7005
f 7044 7082 7005
f 7017 7019 7005
f 7019 7044 7005
f 7075 7062 7006
f 7009 7075 7006
f 7077 7021 7007
f 7071 7077 7007
f 7019 7017 7008
f 7034 7019 7008
f 7013 7034 7008
f 7078 7075 7009
f 7029 7078 7009
f 7084 7020 7010
f 7096 7084 7010
f 7022 7096 7010
f 7073 7066 7011
f 7024 7073 7011
f 7040 7050 7012
f 7050 7027 7012
f 7051 7034 7013
f 7014 7051 7013
f 7065 7051 7014
f 7015 7065 7014
f 7079 7065 7015
f 7020 7079 7015
f 7028 7049 7016
f 7049 7040 7016
f 7056 7093 7018
f 7093 7053 7018
f 7034 7044 7019
f 7084 7079 7020
f 7087 7030 7021
f 7077 7087 7021
f 7116 7096 7022
f 7033 7116 7022
f 7090 7026 7023
f 7088 7090 7023
f 7080 7073 7024
f 7025 7080 7024
f 7081 7080 7025
f 7032 7081 7025
f 7105 7042 7026
f 7090 7105 7026
f 7050 7083 7027
f 7083 7056 7027
f 7082 7049 7028
f 7045 7068 7029
f 7094 7078 7029
f 7068 7094 7029
f 7089 7031 7030
f 7087 7089 7030
f 7098 7043 7031
f 7089 7098 7031
f 7092 7081 7032
f 7047 7092 7032
f 7394 7405 7033
f 7405 7116 7033
f 7074 7044 7034
f 7051 7074 7034
f 7067 7149 7035
f 7402 7163 7036
f 7163 7162 7036
f 7162 7102 7036
f 7102 7037 7036
f 7103 7039 7038
f 7472 7394 7039
f 7165 7472 7039
f 7103 7165 7039
f 7049 7061 7040
f 7061 7050 7040
f 7100 7052 7041
f 7091 7100 7041
f 7069 7046 7042
f 7110 7069 7042
f 7105 7110 7042
f 7112 7055 7043
f 7098 7112 7043
f 7074 7082 7044
f 7393 7068 7045
f 7069 7349 7046
f 7349 7275 7046
f 7101 7092 7047
f 7048 7101 7047
f 7104 7101 7048
f 7062 7104 7048
f 7082 7061 7049
f 7061 7095 7050
f 7095 7083 7050
f 7099 7074 7051
f 7065 7099 7051
f 7100 7097 7052
f 7097 7067 7052
f 7093 7127 7053
f 7127 7091 7053
f 7436 7418 7054
f 7139 7436 7054
f 7115 7057 7055
f 7112 7115 7055
f 7083 7120 7056
f 7120 7093 7056
f 7129 7072 7057
f 7115 7129 7057
f 7060 7106 7058
f 7106 7059 7058
f 7106 7107 7059
f 7111 7063 7059
f 7107 7111 7059
f 7108 7106 7060
f 7064 7108 7060
f 7082 7095 7061
f 7121 7104 7062
f 7075 7121 7062
f 7118 7070 7063
f 7111 7118 7063
f 7113 7108 7064
f 7066 7113 7064
f 7126 7099 7065
f 7079 7126 7065
f 7114 7113 7066
f 7073 7114 7066
f 7097 7256 7067
f 7256 7149 7067
f 7109 7094 7068
f 7404 7109 7068
f 7393 7404 7068
f 7110 7349 7069
f 7119 7071 7070
f 7118 7119 7070
f 7124 7077 7071
f 7119 7124 7071
f 7142 7088 7072
f 7129 7142 7072
f 7122 7114 7073
f 7080 7122 7073
f 7123 7082 7074
f 7099 7123 7074
f 7132 7121 7075
f 7078 7132 7075
f 7396 7388 7076
f 7149 7396 7076
f 7133 7087 7077
f 7124 7133 7077
f 7135 7132 7078
f 7094 7135 7078
f 7141 7126 7079
f 7084 7141 7079
f 7125 7122 7080
f 7081 7125 7080
f 7128 7125 7081
f 7092 7128 7081
f 7131 7249 7082
f 7249 7226 7082
f 7226 7214 7082
f 7214 7210 7082
f 7210 7196 7082
f 7196 7192 7082
f 7192 7095 7082
f 7123 7131 7082
f 7095 7130 7083
f 7130 7120 7083
f 7173 7141 7084
f 7096 7173 7084
f 7449 7451 7085
f 7234 7449 7085
f 7086 7235 7085
f 7235 7234 7085
f 7473 7235 7086
f 7134 7089 7087
f 7133 7134 7087
f 7144 7090 7088
f 7142 7144 7088
f 7145 7098 7089
f 7134 7145 7089
f 7169 7105 7090
f 7144 7169 7090
f 7127 7140 7091
f 7140 7100 7091
f 7138 7128 7092
f 7101 7138 7092
f 7120 7158 7093
f 7158 7127 7093
f 7154 7135 7094
f 7109 7154 7094
f 7192 7191 7095
f 7191 7193 7095
f 7193 7199 7095
f 7199 7200 7095
f 7200 7216 7095
f 7216 7232 7095
f 7232 7238 7095
f 7238 7255 7095
f 7255 7130 7095
f 7224 7173 7096
f 7116 7224 7096
f 7100 7117 7097
f 7117 7256 7097
f 7166 7112 7098
f 7145 7166 7098
f 7171 7123 7099
f 7126 7171 7099
f 7140 7143 7100
f 7143 7117 7100
f 7153 7138 7101
f 7104 7153 7101
f 7430 7417 7102
f 7162 7430 7102
f 7161 7165 7103
f 7418 7161 7103
f 7155 7153 7104
f 7121 7155 7104
f 7137 7110 7105
f 7177 7137 7105
f 7169 7177 7105
f 7108 7146 7106
f 7146 7107 7106
f 7146 7147 7107
f 7150 7111 7107
f 7147 7150 7107
f 7148 7146 7108
f 7113 7148 7108
f 7136 7154 7109
f 7404 7136 7109
f 7137 7381 7110
f 7381 7349 7110
f 7156 7118 7111
f 7150 7156 7111
f 7168 7115 7112
f 7166 7168 7112
f 7151 7148 7113
f 7114 7151 7113
f 7152 7151 7114
f 7122 7152 7114
f 7188 7129 7115
f 7168 7188 7115
f 7405 7414 7116
f 7414 7224 7116
f 7143 7305 7117
f 7305 7256 7117
f 7157 7119 7118
f 7156 7157 7118
f 7167 7124 7119
f 7157 7167 7119
f 7130 7178 7120
f 7178 7158 7120
f 7174 7155 7121
f 7132 7174 7121
f 7160 7152 7122
f 7125 7160 7122
f 7219 7131 7123
f 7171 7219 7123
f 7179 7133 7124
f 7167 7179 7124
f 7170 7160 7125
f 7128 7170 7125
f 7225 7171 7126
f 7141 7225 7126
f 7158 7175 7127
f 7175 7140 7127
f 7172 7170 7128
f 7138 7172 7128
f 7227 7142 7129
f 7188 7227 7129
f 7255 7272 7130
f 7272 7277 7130
f 7277 7178 7130
f 7237 7265 7131
f 7265 7251 7131
f 7251 7249 7131
f 7219 7237 7131
f 7201 7174 7132
f 7135 7201 7132
f 7182 7134 7133
f 7179 7182 7133
f 7207 7145 7134
f 7182 7207 7134
f 7209 7201 7135
f 7154 7209 7135
f 7176 7154 7136
f 7409 7176 7136
f 7404 7409 7136
f 7177 7381 7137
f 7187 7172 7138
f 7153 7187 7138
f 7519 7436 7139
f 7275 7519 7139
f 7195 7159 7140
f 7175 7195 7140
f 7159 7143 7140
f 7276 7225 7141
f 7173 7276 7141
f 7229 7144 7142
f 7227 7229 7142
f 7159 7305 7143
f 7260 7169 7144
f 7229 7260 7144
f 7233 7166 7145
f 7207 7233 7145
f 7148 7180 7146
f 7180 7147 7146
f 7180 7181 7147
f 7184 7150 7147
f 7181 7184 7147
f 7183 7180 7148
f 7151 7183 7148
f 7403 7396 7149
f 7256 7403 7149
f 7189 7156 7150
f 7184 7189 7150
f 7185 7183 7151
f 7152 7185 7151
f 7186 7185 7152
f 7160 7186 7152
f 7215 7187 7153
f 7155 7215 7153
f 7246 7209 7154
f 7176 7246 7154
f 7222 7215 7155
f 7174 7222 7155
f 7190 7157 7156
f 7189 7190 7156
f 7212 7167 7157
f 7190 7212 7157
f 7206 7175 7158
f 7178 7206 7158
f 7195 7341 7159
f 7341 7305 7159
f 7194 7186 7160
f 7170 7194 7160
f 7164 7165 7161
f 7418 7431 7161
f 7431 7433 7161
f 7433 7164 7161
f 7163 7198 7162
f 7432 7430 7162
f 7198 7432 7162
f 7421 7297 7163
f 7402 7421 7163
f 7297 7285 7163
f 7285 7267 7163
f 7267 7247 7163
f 7247 7198 7163
f 7300 7165 7164
f 7197 7300 7164
f 7433 7197 7164
f 7300 7472 7165
f 7242 7168 7166
f 7233 7242 7166
f 7228 7179 7167
f 7212 7228 7167
f 7262 7188 7168
f 7242 7262 7168
f 7240 7177 7169
f 7260 7240 7169
f 7217 7194 7170
f 7172 7217 7170
f 7279 7219 7171
f 7225 7279 7171
f 7221 7217 7172
f 7187 7221 7172
f 7308 7276 7173
f 7224 7308 7173
f 7250 7222 7174
f 7201 7250 7174
f 7206 7236 7175
f 7205 7195 7175
f 7236 7205 7175
f 7239 7246 7176
f 7409 7239 7176
f 7240 7386 7177
f 7386 7381 7177
f 7277 7292 7178
f 7292 7206 7178
f 7231 7182 7179
f 7228 7231 7179
f 7183 7202 7180
f 7202 7181 7180
f 7202 7203 7181
f 7208 7184 7181
f 7203 7208 7181
f 7254 7207 7182
f 7231 7254 7182
f 7204 7202 7183
f 7185 7204 7183
f 7218 7189 7184
f 7208 7218 7184
f 7211 7204 7185
f 7186 7211 7185
f 7213 7211 7186
f 7194 7213 7186
f 7243 7221 7187
f 7215 7243 7187
f 7281 7227 7188
f 7262 7281 7188
f 7220 7190 7189
f 7218 7220 7189
f 7230 7212 7190
f 7220 7230 7190
f 7202 7204 7191
f 7204 7193 7191
f 7203 7202 7191
f 7192 7203 7191
f 7196 7203 7192
f 7204 7211 7193
f 7211 7199 7193
f 7223 7213 7194
f 7217 7223 7194
f 7205 7341 7195
f 7210 7208 7196
f 7208 7203 7196
f 7248 7300 7197
f 7433 7248 7197
f 7444 7432 7198
f 7247 7444 7198
f 7211 7213 7199
f 7213 7200 7199
f 7213 7223 7200
f 7223 7216 7200
f 7269 7250 7201
f 7209 7269 7201
f 7236 7367 7205
f 7367 7341 7205
f 7292 7314 7206
f 7314 7236 7206
f 7270 7233 7207
f 7254 7270 7207
f 7210 7218 7208
f 7271 7269 7209
f 7246 7271 7209
f 7214 7218 7210
f 7252 7228 7212
f 7230 7252 7212
f 7226 7220 7214
f 7220 7218 7214
f 7259 7243 7215
f 7222 7259 7215
f 7223 7241 7216
f 7241 7232 7216
f 7241 7223 7217
f 7221 7241 7217
f 7302 7237 7219
f 7279 7302 7219
f 7226 7230 7220
f 7245 7241 7221
f 7243 7245 7221
f 7261 7259 7222
f 7250 7261 7222
f 7414 7423 7224
f 7423 7308 7224
f 7322 7279 7225
f 7276 7322 7225
f 7249 7230 7226
f 7282 7229 7227
f 7281 7282 7227
f 7253 7231 7228
f 7252 7253 7228
f 7301 7260 7229
f 7282 7301 7229
f 7249 7252 7230
f 7268 7254 7231
f 7253 7268 7231
f 7241 7245 7232
f 7245 7238 7232
f 7273 7242 7233
f 7270 7273 7233
f 7448 7449 7234
f 7258 7448 7234
f 7235 7258 7234
f 7473 7324 7235
f 7324 7258 7235
f 7314 7317 7236
f 7317 7338 7236
f 7338 7367 7236
f 7315 7304 7237
f 7304 7288 7237
f 7288 7284 7237
f 7284 7265 7237
f 7302 7315 7237
f 7245 7257 7238
f 7257 7255 7238
f 7263 7246 7239
f 7419 7263 7239
f 7409 7419 7239
f 7260 7264 7240
f 7264 7386 7240
f 7290 7262 7242
f 7273 7290 7242
f 7257 7245 7243
f 7259 7257 7243
f 7335 7379 7244
f 7379 7333 7244
f 7289 7271 7246
f 7263 7289 7246
f 7446 7444 7247
f 7267 7446 7247
f 7266 7300 7248
f 7433 7445 7248
f 7445 7447 7248
f 7447 7266 7248
f 7251 7252 7249
f 7280 7261 7250
f 7269 7280 7250
f 7265 7253 7251
f 7253 7252 7251
f 7265 7268 7253
f 7283 7270 7254
f 7268 7283 7254
f 7257 7274 7255
f 7274 7272 7255
f 7408 7403 7256
f 7305 7408 7256
f 7259 7274 7257
f 7323 7448 7258
f 7324 7323 7258
f 7261 7274 7259
f 7295 7264 7260
f 7301 7295 7260
f 7278 7274 7261
f 7280 7278 7261
f 7309 7281 7262
f 7290 7309 7262
f 7294 7289 7263
f 7419 7294 7263
f 7295 7391 7264
f 7391 7386 7264
f 7284 7268 7265
f 7286 7300 7266
f 7447 7286 7266
f 7475 7446 7267
f 7285 7475 7267
f 7284 7283 7268
f 7293 7280 7269
f 7271 7293 7269
f 7287 7273 7270
f 7283 7287 7270
f 7296 7293 7271
f 7289 7296 7271
f 7274 7278 7272
f 7278 7277 7272
f 7303 7290 7273
f 7287 7303 7273
f 7587 7519 7275
f 7349 7587 7275
f 7369 7322 7276
f 7308 7369 7276
f 7278 7291 7277
f 7291 7292 7277
f 7280 7291 7278
f 7368 7302 7279
f 7322 7368 7279
f 7293 7291 7280
f 7313 7282 7281
f 7309 7313 7281
f 7330 7301 7282
f 7313 7330 7282
f 7288 7287 7283
f 7284 7288 7283
f 7297 7298 7285
f 7298 7500 7285
f 7491 7475 7285
f 7500 7491 7285
f 7299 7300 7286
f 7497 7299 7286
f 7447 7476 7286
f 7476 7488 7286
f 7488 7493 7286
f 7493 7497 7286
f 7304 7303 7287
f 7288 7304 7287
f 7294 7306 7289
f 7318 7296 7289
f 7306 7318 7289
f 7321 7309 7290
f 7303 7321 7290
f 7293 7310 7291
f 7310 7292 7291
f 7310 7314 7292
f 7296 7310 7293
f 7428 7306 7294
f 7419 7428 7294
f 7301 7307 7295
f 7307 7391 7295
f 7316 7310 7296
f 7318 7316 7296
f 7453 7363 7297
f 7421 7453 7297
f 7363 7327 7297
f 7327 7319 7297
f 7319 7311 7297
f 7311 7298 7297
f 7311 7506 7298
f 7506 7500 7298
f 7364 7300 7299
f 7312 7364 7299
f 7497 7503 7299
f 7503 7507 7299
f 7507 7312 7299
f 7364 7472 7300
f 7332 7307 7301
f 7330 7332 7301
f 7376 7315 7302
f 7368 7376 7302
f 7326 7321 7303
f 7304 7326 7303
f 7315 7326 7304
f 7413 7408 7305
f 7341 7413 7305
f 7331 7318 7306
f 7428 7331 7306
f 7332 7395 7307
f 7395 7391 7307
f 7423 7441 7308
f 7441 7369 7308
f 7325 7313 7309
f 7321 7325 7309
f 7316 7314 7310
f 7319 7512 7311
f 7512 7506 7311
f 7320 7364 7312
f 7507 7510 7312
f 7510 7320 7312
f 7346 7330 7313
f 7325 7346 7313
f 7316 7317 7314
f 7377 7350 7315
f 7350 7329 7315
f 7329 7326 7315
f 7376 7377 7315
f 7318 7334 7316
f 7334 7317 7316
f 7334 7338 7317
f 7331 7339 7318
f 7339 7334 7318
f 7327 7515 7319
f 7515 7512 7319
f 7328 7364 7320
f 7510 7513 7320
f 7513 7514 7320
f 7514 7328 7320
f 7329 7325 7321
f 7326 7329 7321
f 7378 7368 7322
f 7369 7378 7322
f 7450 7448 7323
f 7370 7450 7323
f 7324 7371 7323
f 7371 7370 7323
f 7473 7371 7324
f 7350 7346 7325
f 7329 7350 7325
f 7363 7337 7327
f 7337 7511 7327
f 7511 7515 7327
f 7336 7364 7328
f 7514 7509 7328
f 7509 7336 7328
f 7352 7340 7330
f 7340 7332 7330
f 7346 7352 7330
f 7437 7339 7331
f 7428 7437 7331
f 7340 7395 7332
f 7379 7390 7333
f 7390 7382 7333
f 7351 7355 7334
f 7339 7351 7334
f 7355 7338 7334
f 7380 7389 7335
f 7389 7379 7335
f 7343 7364 7336
f 7509 7508 7336
f 7508 7504 7336
f 7504 7343 7336
f 7363 7342 7337
f 7342 7505 7337
f 7505 7511 7337
f 7365 7367 7338
f 7355 7365 7338
f 7437 7351 7339
f 7352 7398 7340
f 7398 7395 7340
f 7415 7413 7341
f 7367 7415 7341
f 7363 7344 7342
f 7344 7499 7342
f 7499 7505 7342
f 7345 7364 7343
f 7504 7498 7343
f 7498 7345 7343
f 7363 7347 7344
f 7347 7490 7344
f 7490 7499 7344
f 7348 7364 7345
f 7498 7496 7345
f 7496 7489 7345
f 7489 7348 7345
f 7356 7352 7346
f 7366 7356 7346
f 7350 7366 7346
f 7363 7354 7347
f 7354 7483 7347
f 7483 7486 7347
f 7486 7490 7347
f 7353 7364 7348
f 7489 7485 7348
f 7485 7484 7348
f 7484 7353 7348
f 7632 7587 7349
f 7381 7632 7349
f 7377 7366 7350
f 7375 7355 7351
f 7437 7442 7351
f 7442 7443 7351
f 7443 7375 7351
f 7356 7398 7352
f 7358 7364 7353
f 7484 7482 7353
f 7482 7358 7353
f 7363 7357 7354
f 7357 7481 7354
f 7481 7483 7354
f 7375 7365 7355
f 7366 7399 7356
f 7399 7398 7356
f 7363 7359 7357
f 7359 7470 7357
f 7470 7481 7357
f 7360 7364 7358
f 7482 7480 7358
f 7480 7479 7358
f 7479 7360 7358
f 7363 7361 7359
f 7361 7470 7359
f 7362 7364 7360
f 7479 7471 7360
f 7471 7362 7360
f 7471 7470 7361
f 7362 7471 7361
f 7364 7362 7361
f 7363 7364 7361
f 7453 7373 7363
f 7373 7364 7363
f 7374 7472 7364
f 7373 7374 7364
f 7375 7367 7365
f 7377 7399 7366
f 7375 7415 7367
f 7383 7376 7368
f 7378 7383 7368
f 7441 7521 7369
f 7521 7378 7369
f 7373 7450 7370
f 7371 7374 7370
f 7374 7373 7370
f 7472 7374 7371
f 7473 7472 7371
f 7417 7384 7372
f 7453 7450 7373
f 7443 7415 7375
f 7385 7377 7376
f 7383 7385 7376
f 7387 7399 7377
f 7385 7387 7377
f 7521 7549 7378
f 7549 7383 7378
f 7389 7400 7379
f 7400 7390 7379
f 7388 7397 7380
f 7397 7389 7380
f 7670 7632 7381
f 7386 7670 7381
f 7390 7401 7382
f 7401 7392 7382
f 7549 7589 7383
f 7589 7385 7383
f 7435 7393 7384
f 7417 7435 7384
f 7426 7387 7385
f 7589 7599 7385
f 7599 7426 7385
f 7729 7670 7386
f 7391 7729 7386
f 7426 7427 7387
f 7427 7399 7387
f 7396 7406 7388
f 7406 7397 7388
f 7397 7407 7389
f 7407 7400 7389
f 7400 7410 7390
f 7410 7401 7390
f 7737 7729 7391
f 7395 7737 7391
f 7401 7412 7392
f 7412 7402 7392
f 7518 7404 7393
f 7435 7518 7393
f 7477 7405 7394
f 7472 7477 7394
f 7796 7737 7395
f 7398 7796 7395
f 7403 7411 7396
f 7411 7406 7396
f 7406 7416 7397
f 7416 7407 7397
f 7427 7796 7398
f 7399 7427 7398
f 7407 7422 7400
f 7422 7410 7400
f 7410 7425 7401
f 7425 7412 7401
f 7412 7438 7402
f 7438 7421 7402
f 7408 7420 7403
f 7420 7411 7403
f 7586 7409 7404
f 7518 7586 7404
f 7600 7414 7405
f 7551 7600 7405
f 7477 7551 7405
f 7411 7429 7406
f 7429 7416 7406
f 7416 7440 7407
f 7440 7422 7407
f 7413 7424 7408
f 7424 7420 7408
f 7631 7419 7409
f 7586 7631 7409
f 7422 7474 7410
f 7474 7425 7410
f 7420 7439 7411
f 7439 7429 7411
f 7425 7524 7412
f 7524 7438 7412
f 7415 7434 7413
f 7434 7424 7413
f 7600 7423 7414
f 7443 7434 7415
f 7429 7520 7416
f 7520 7440 7416
f 7430 7435 7417
f 7436 7495 7418
f 7495 7431 7418
f 7669 7428 7419
f 7631 7669 7419
f 7424 7492 7420
f 7492 7439 7420
f 7478 7453 7421
f 7438 7478 7421
f 7440 7525 7422
f 7525 7474 7422
f 7600 7604 7423
f 7604 7633 7423
f 7633 7668 7423
f 7668 7441 7423
f 7434 7516 7424
f 7516 7492 7424
f 7474 7592 7425
f 7592 7524 7425
f 7603 7427 7426
f 7599 7603 7426
f 7603 7799 7427
f 7799 7796 7427
f 7728 7437 7428
f 7669 7728 7428
f 7439 7530 7429
f 7530 7520 7429
f 7432 7494 7430
f 7494 7435 7430
f 7495 7433 7431
f 7444 7526 7432
f 7526 7494 7432
f 7495 7445 7433
f 7443 7516 7434
f 7494 7518 7435
f 7519 7554 7436
f 7554 7495 7436
f 7728 7736 7437
f 7736 7442 7437
f 7531 7478 7438
f 7550 7531 7438
f 7524 7550 7438
f 7492 7588 7439
f 7588 7530 7439
f 7520 7590 7440
f 7590 7525 7440
f 7695 7732 7441
f 7732 7521 7441
f 7668 7673 7441
f 7673 7695 7441
f 7795 7443 7442
f 7736 7795 7442
f 7798 7516 7443
f 7795 7798 7443
f 7446 7526 7444
f 7495 7527 7445
f 7527 7447 7445
f 7475 7528 7446
f 7528 7526 7446
f 7527 7476 7447
f 7450 7533 7448
f 7533 7532 7448
f 7532 7449 7448
f 7532 7451 7449
f 7478 7533 7450
f 7453 7478 7450
f 7534 7452 7451
f 7532 7534 7451
f 7534 7454 7452
f 7535 7455 7454
f 7534 7535 7454
f 7535 7536 7455
f 7536 7456 7455
f 7536 7537 7456
f 7537 7457 7456
f 7537 7458 7457
f 7537 7538 7458
f 7538 7459 7458
f 7538 7460 7459
f 7539 7461 7460
f 7538 7539 7460
f 7539 7540 7461
f 7540 7462 7461
f 7540 7541 7462
f 7541 7463 7462
f 7541 7464 7463
f 7541 7542 7464
f 7542 7465 7464
f 7542 7466 7465
f 7543 7467 7466
f 7542 7543 7466
f 7543 7544 7467
f 7544 7468 7467
f 7517 7469 7468
f 7544 7517 7468
f 7556 7481 7470
f 7545 7556 7470
f 7546 7545 7470
f 7471 7546 7470
f 7479 7546 7471
f 7522 7477 7472
f 7473 7522 7472
f 8070 8102 7473
f 8102 7522 7473
f 7525 7659 7474
f 7659 7592 7474
f 7491 7487 7475
f 7501 7528 7475
f 7487 7501 7475
f 7502 7488 7476
f 7527 7529 7476
f 7529 7561 7476
f 7561 7502 7476
f 7547 7551 7477
f 7522 7547 7477
f 7531 7533 7478
f 7555 7546 7479
f 7480 7555 7479
f 7558 7555 7480
f 7482 7558 7480
f 7559 7483 7481
f 7556 7559 7481
f 7484 7558 7482
f 7563 7486 7483
f 7559 7563 7483
f 7562 7558 7484
f 7485 7562 7484
f 7566 7562 7485
f 7489 7566 7485
f 7567 7490 7486
f 7563 7567 7486
f 7491 7501 7487
f 7502 7493 7488
f 7496 7566 7489
f 7571 7499 7490
f 7567 7571 7490
f 7568 7501 7491
f 7500 7568 7491
f 7516 7593 7492
f 7593 7588 7492
f 7502 7569 7493
f 7569 7497 7493
f 7526 7553 7494
f 7553 7518 7494
f 7554 7596 7495
f 7596 7527 7495
f 7570 7566 7496
f 7498 7570 7496
f 7569 7573 7497
f 7573 7503 7497
f 7574 7570 7498
f 7504 7574 7498
f 7575 7505 7499
f 7571 7575 7499
f 7572 7568 7500
f 7506 7572 7500
f 7560 7528 7501
f 7568 7560 7501
f 7565 7569 7502
f 7561 7565 7502
f 7573 7577 7503
f 7577 7507 7503
f 7508 7574 7504
f 7580 7511 7505
f 7575 7580 7505
f 7576 7572 7506
f 7512 7576 7506
f 7577 7510 7507
f 7579 7574 7508
f 7509 7579 7508
f 7583 7579 7509
f 7514 7583 7509
f 7582 7513 7510
f 7577 7582 7510
f 7584 7515 7511
f 7580 7584 7511
f 7581 7576 7512
f 7515 7581 7512
f 7583 7514 7513
f 7582 7583 7513
f 7584 7581 7515
f 7798 7593 7516
f 7544 7523 7517
f 7553 7586 7518
f 7587 7602 7519
f 7602 7554 7519
f 7530 7622 7520
f 7622 7590 7520
f 7785 7801 7521
f 7801 7809 7521
f 7809 7549 7521
f 7732 7756 7521
f 7756 7785 7521
f 8102 7547 7522
f 7544 7548 7523
f 7623 7550 7524
f 7592 7674 7524
f 7674 7627 7524
f 7627 7623 7524
f 7590 7712 7525
f 7712 7659 7525
f 7528 7595 7526
f 7595 7553 7526
f 7596 7598 7527
f 7598 7529 7527
f 7560 7564 7528
f 7564 7585 7528
f 7585 7597 7528
f 7597 7595 7528
f 7598 7624 7529
f 7624 7578 7529
f 7578 7561 7529
f 7588 7660 7530
f 7660 7622 7530
f 7550 7606 7531
f 7606 7533 7531
f 7533 7605 7532
f 7607 7534 7532
f 7605 7607 7532
f 7606 7605 7533
f 7608 7535 7534
f 7607 7608 7534
f 7608 7609 7535
f 7609 7536 7535
f 7609 7610 7536
f 7610 7537 7536
f 7610 7611 7537
f 7611 7538 7537
f 7612 7539 7538
f 7611 7612 7538
f 7612 7613 7539
f 7613 7540 7539
f 7613 7614 7540
f 7614 7541 7540
f 7614 7615 7541
f 7615 7542 7541
f 7616 7543 7542
f 7615 7616 7542
f 7616 7617 7543
f 7617 7544 7543
f 7557 7548 7544
f 7617 7557 7544
f 7628 7556 7545
f 7618 7628 7545
f 7619 7618 7545
f 7546 7619 7545
f 7555 7619 7546
f 8102 7591 7547
f 7591 7551 7547
f 7898 7589 7549
f 7866 7898 7549
f 7809 7857 7549
f 7857 7866 7549
f 7591 7600 7551
f 7623 7606 7550
f 7595 7601 7553
f 7601 7586 7553
f 7602 7662 7554
f 7662 7596 7554
f 7558 7626 7555
f 7626 7619 7555
f 7630 7559 7556
f 7628 7630 7556
f 7617 7594 7557
f 7562 7629 7558
f 7629 7626 7558
f 7636 7563 7559
f 7630 7636 7559
f 7568 7564 7560
f 7578 7565 7561
f 7566 7634 7562
f 7634 7629 7562
f 7639 7567 7563
f 7636 7639 7563
f 7568 7585 7564
f 7578 7637 7565
f 7637 7641 7565
f 7641 7569 7565
f 7570 7638 7566
f 7638 7634 7566
f 7643 7571 7567
f 7639 7643 7567
f 7625 7585 7568
f 7640 7625 7568
f 7572 7640 7568
f 7641 7645 7569
f 7645 7573 7569
f 7574 7642 7570
f 7642 7638 7570
f 7647 7575 7571
f 7643 7647 7571
f 7644 7640 7572
f 7576 7644 7572
f 7645 7649 7573
f 7649 7577 7573
f 7579 7646 7574
f 7646 7642 7574
f 7651 7580 7575
f 7647 7651 7575
f 7648 7644 7576
f 7581 7648 7576
f 7649 7653 7577
f 7653 7582 7577
f 7624 7637 7578
f 7583 7650 7579
f 7650 7646 7579
f 7655 7584 7580
f 7651 7655 7580
f 7652 7648 7581
f 7584 7652 7581
f 7653 7654 7582
f 7654 7583 7582
f 7654 7650 7583
f 7655 7652 7584
f 7625 7597 7585
f 7601 7631 7586
f 7632 7666 7587
f 7666 7602 7587
f 7593 7667 7588
f 7667 7660 7588
f 7925 7930 7589
f 7930 7938 7589
f 7938 7599 7589
f 7898 7925 7589
f 7622 7733 7590
f 7733 7712 7590
f 8102 7620 7591
f 7620 7600 7591
f 7694 7691 7592
f 7691 7674 7592
f 7738 7694 7592
f 7659 7738 7592
f 7798 7667 7593
f 7617 7621 7594
f 7597 7661 7595
f 7661 7601 7595
f 7662 7664 7596
f 7664 7598 7596
f 7625 7663 7597
f 7663 7661 7597
f 7635 7624 7598
f 7657 7635 7598
f 7664 7657 7598
f 7992 7603 7599
f 7988 7992 7599
f 7938 7985 7599
f 7985 7988 7599
f 7620 7604 7600
f 7661 7665 7601
f 7665 7631 7601
f 7666 7725 7602
f 7725 7662 7602
f 8041 7799 7603
f 8038 8041 7603
f 7992 8038 7603
f 7620 7633 7604
f 7606 7675 7605
f 7677 7607 7605
f 7675 7677 7605
f 7674 7676 7606
f 7623 7627 7606
f 7627 7674 7606
f 7676 7675 7606
f 7678 7608 7607
f 7677 7678 7607
f 7678 7679 7608
f 7679 7609 7608
f 7679 7680 7609
f 7680 7610 7609
f 7680 7681 7610
f 7681 7611 7610
f 7682 7612 7611
f 7681 7682 7611
f 7682 7683 7612
f 7683 7613 7612
f 7683 7684 7613
f 7684 7614 7613
f 7684 7685 7614
f 7685 7615 7614
f 7686 7616 7615
f 7685 7686 7615
f 7686 7687 7616
f 7687 7617 7616
f 7687 7658 7617
f 7658 7621 7617
f 7693 7628 7618
f 7688 7693 7618
f 7689 7688 7618
f 7619 7689 7618
f 7626 7689 7619
f 8102 8008 7620
f 8008 7955 7620
f 7955 7888 7620
f 7888 7826 7620
f 7826 7754 7620
f 7754 7690 7620
f 7690 7633 7620
f 7660 7797 7622
f 7797 7733 7622
f 7635 7637 7624
f 7656 7663 7625
f 7640 7656 7625
f 7629 7692 7626
f 7692 7689 7626
f 7697 7630 7628
f 7693 7697 7628
f 7634 7696 7629
f 7696 7692 7629
f 7701 7636 7630
f 7697 7701 7630
f 7665 7669 7631
f 7670 7731 7632
f 7731 7666 7632
f 7690 7668 7633
f 7638 7699 7634
f 7699 7696 7634
f 7657 7637 7635
f 7704 7639 7636
f 7701 7704 7636
f 7657 7702 7637
f 7702 7706 7637
f 7706 7641 7637
f 7642 7703 7638
f 7703 7699 7638
f 7708 7643 7639
f 7704 7708 7639
f 7671 7656 7640
f 7705 7671 7640
f 7644 7705 7640
f 7706 7710 7641
f 7710 7645 7641
f 7646 7707 7642
f 7707 7703 7642
f 7713 7647 7643
f 7708 7713 7643
f 7709 7705 7644
f 7648 7709 7644
f 7710 7715 7645
f 7715 7649 7645
f 7650 7711 7646
f 7711 7707 7646
f 7717 7651 7647
f 7713 7717 7647
f 7714 7709 7648
f 7652 7714 7648
f 7715 7719 7649
f 7719 7653 7649
f 7654 7716 7650
f 7716 7711 7650
f 7721 7655 7651
f 7717 7721 7651
f 7718 7714 7652
f 7655 7718 7652
f 7719 7720 7653
f 7720 7654 7653
f 7720 7716 7654
f 7721 7718 7655
f 7671 7663 7656
f 7664 7672 7657
f 7672 7702 7657
f 7687 7700 7658
f 7763 7738 7659
f 7712 7810 7659
f 7810 7770 7659
f 7770 7763 7659
f 7667 7802 7660
f 7802 7797 7660
f 7663 7724 7661
f 7724 7665 7661
f 7725 7727 7662
f 7727 7664 7662
f 7671 7698 7663
f 7698 7723 7663
f 7723 7726 7663
f 7726 7724 7663
f 7722 7672 7664
f 7727 7722 7664
f 7724 7730 7665
f 7730 7669 7665
f 7731 7789 7666
f 7789 7725 7666
f 7798 7802 7667
f 7690 7673 7668
f 7730 7728 7669
f 7729 7787 7670
f 7787 7731 7670
f 7705 7698 7671
f 7722 7702 7672
f 7690 7695 7673
f 7691 7740 7674
f 7740 7676 7674
f 7676 7739 7675
f 7741 7677 7675
f 7739 7741 7675
f 7740 7739 7676
f 7742 7678 7677
f 7741 7742 7677
f 7742 7743 7678
f 7743 7679 7678
f 7743 7744 7679
f 7744 7680 7679
f 7744 7745 7680
f 7745 7681 7680
f 7746 7682 7681
f 7745 7746 7681
f 7746 7747 7682
f 7747 7683 7682
f 7747 7748 7683
f 7748 7684 7683
f 7748 7749 7684
f 7749 7685 7684
f 7750 7686 7685
f 7749 7750 7685
f 7750 7751 7686
f 7751 7687 7686
f 7751 7700 7687
f 7758 7693 7688
f 7752 7758 7688
f 7753 7752 7688
f 7689 7753 7688
f 7692 7753 7689
f 7754 7695 7690
f 7694 7740 7691
f 7696 7757 7692
f 7757 7753 7692
f 7760 7697 7693
f 7758 7760 7693
f 7738 7740 7694
f 7754 7732 7695
f 7699 7759 7696
f 7759 7757 7696
f 7764 7701 7697
f 7760 7764 7697
f 7705 7723 7698
f 7703 7762 7699
f 7762 7759 7699
f 7751 7755 7700
f 7767 7704 7701
f 7764 7767 7701
f 7722 7734 7702
f 7734 7765 7702
f 7765 7769 7702
f 7769 7706 7702
f 7707 7766 7703
f 7766 7762 7703
f 7772 7708 7704
f 7767 7772 7704
f 7735 7723 7705
f 7768 7735 7705
f 7709 7768 7705
f 7769 7774 7706
f 7774 7710 7706
f 7711 7771 7707
f 7771 7766 7707
f 7776 7713 7708
f 7772 7776 7708
f 7773 7768 7709
f 7714 7773 7709
f 7774 7778 7710
f 7778 7715 7710
f 7716 7775 7711
f 7775 7771 7711
f 7858 7837 7712
f 7837 7810 7712
f 7890 7858 7712
f 7733 7890 7712
f 7780 7717 7713
f 7776 7780 7713
f 7777 7773 7714
f 7718 7777 7714
f 7778 7782 7715
f 7782 7719 7715
f 7720 7779 7716
f 7779 7775 7716
f 7784 7721 7717
f 7780 7784 7717
f 7781 7777 7718
f 7721 7781 7718
f 7782 7783 7719
f 7783 7720 7719
f 7783 7779 7720
f 7784 7781 7721
f 7727 7734 7722
f 7735 7726 7723
f 7726 7788 7724
f 7788 7730 7724
f 7789 7792 7725
f 7792 7727 7725
f 7793 7791 7726
f 7735 7793 7726
f 7791 7788 7726
f 7761 7734 7727
f 7792 7761 7727
f 7730 7786 7728
f 7786 7736 7728
f 7737 7804 7729
f 7804 7787 7729
f 7788 7786 7730
f 7787 7808 7731
f 7808 7789 7731
f 7754 7756 7732
f 7920 7890 7733
f 7797 7939 7733
f 7939 7921 7733
f 7921 7920 7733
f 7761 7765 7734
f 7768 7793 7735
f 7786 7803 7736
f 7803 7795 7736
f 7796 7860 7737
f 7860 7804 7737
f 7812 7740 7738
f 7763 7812 7738
f 7740 7811 7739
f 7813 7741 7739
f 7811 7813 7739
f 7812 7811 7740
f 7814 7742 7741
f 7813 7814 7741
f 7814 7815 7742
f 7815 7743 7742
f 7815 7816 7743
f 7816 7744 7743
f 7816 7817 7744
f 7817 7745 7744
f 7818 7746 7745
f 7817 7818 7745
f 7818 7819 7746
f 7819 7747 7746
f 7819 7820 7747
f 7820 7748 7747
f 7820 7821 7748
f 7821 7749 7748
f 7822 7750 7749
f 7821 7822 7749
f 7822 7823 7750
f 7823 7751 7750
f 7823 7790 7751
f 7790 7755 7751
f 7831 7758 7752
f 7824 7831 7752
f 7825 7824 7752
f 7753 7825 7752
f 7757 7825 7753
f 7785 7756 7754
f 7826 7785 7754
f 7759 7830 7757
f 7830 7825 7757
f 7833 7760 7758
f 7831 7833 7758
f 7762 7832 7759
f 7832 7830 7759
f 7836 7764 7760
f 7833 7836 7760
f 7792 7794 7761
f 7794 7765 7761
f 7766 7835 7762
f 7835 7832 7762
f 7770 7812 7763
f 7840 7767 7764
f 7836 7840 7764
f 7794 7805 7765
f 7805 7838 7765
f 7838 7842 7765
f 7842 7769 7765
f 7771 7839 7766
f 7839 7835 7766
f 7844 7772 7767
f 7840 7844 7767
f 7806 7800 7768
f 7800 7793 7768
f 7841 7806 7768
f 7773 7841 7768
f 7842 7846 7769
f 7846 7774 7769
f 7810 7812 7770
f 7775 7843 7771
f 7843 7839 7771
f 7848 7776 7772
f 7844 7848 7772
f 7845 7841 7773
f 7777 7845 7773
f 7846 7850 7774
f 7850 7778 7774
f 7779 7847 7775
f 7847 7843 7775
f 7852 7780 7776
f 7848 7852 7776
f 7849 7845 7777
f 7781 7849 7777
f 7850 7854 7778
f 7854 7782 7778
f 7783 7851 7779
f 7851 7847 7779
f 7856 7784 7780
f 7852 7856 7780
f 7853 7849 7781
f 7784 7853 7781
f 7854 7855 7782
f 7855 7783 7782
f 7855 7851 7783
f 7856 7853 7784
f 7826 7801 7785
f 7788 7807 7786
f 7807 7803 7786
f 7804 7868 7787
f 7868 7808 7787
f 7791 7807 7788
f 7808 7828 7789
f 7828 7792 7789
f 7823 7829 7790
f 7806 7827 7791
f 7793 7800 7791
f 7800 7806 7791
f 7827 7807 7791
f 7828 7861 7792
f 7861 7805 7792
f 7805 7794 7792
f 7803 7859 7795
f 7859 7798 7795
f 7799 7864 7796
f 7864 7860 7796
f 7986 7984 7797
f 7984 7939 7797
f 8037 7986 7797
f 7802 8037 7797
f 7863 7802 7798
f 7859 7863 7798
f 8041 7864 7799
f 7826 7809 7801
f 8057 8051 7802
f 8051 8048 7802
f 8048 8044 7802
f 8044 8040 7802
f 7863 8057 7802
f 8040 8037 7802
f 7807 7867 7803
f 7867 7859 7803
f 7860 7924 7804
f 7924 7868 7804
f 7861 7838 7805
f 7834 7827 7806
f 7841 7834 7806
f 7827 7867 7807
f 7868 7872 7808
f 7872 7828 7808
f 7826 7857 7809
f 7874 7812 7810
f 7837 7874 7810
f 7812 7873 7811
f 7875 7813 7811
f 7873 7875 7811
f 7874 7873 7812
f 7876 7814 7813
f 7875 7876 7813
f 7876 7877 7814
f 7877 7815 7814
f 7877 7878 7815
f 7878 7816 7815
f 7878 7879 7816
f 7879 7817 7816
f 7880 7818 7817
f 7879 7880 7817
f 7880 7881 7818
f 7881 7819 7818
f 7881 7882 7819
f 7882 7820 7819
f 7882 7883 7820
f 7883 7821 7820
f 7884 7822 7821
f 7883 7884 7821
f 7884 7885 7822
f 7885 7823 7822
f 7885 7862 7823
f 7862 7829 7823
f 7892 7831 7824
f 7886 7892 7824
f 7887 7886 7824
f 7825 7887 7824
f 7830 7887 7825
f 7888 7857 7826
f 7896 7871 7827
f 7834 7865 7827
f 7865 7870 7827
f 7870 7896 7827
f 7871 7867 7827
f 7872 7895 7828
f 7895 7869 7828
f 7869 7861 7828
f 7832 7891 7830
f 7891 7887 7830
f 7894 7833 7831
f 7892 7894 7831
f 7835 7893 7832
f 7893 7891 7832
f 7899 7836 7833
f 7894 7899 7833
f 7841 7865 7834
f 7839 7897 7835
f 7897 7893 7835
f 7902 7840 7836
f 7899 7902 7836
f 7858 7874 7837
f 7861 7900 7838
f 7900 7904 7838
f 7904 7842 7838
f 7843 7901 7839
f 7901 7897 7839
f 7906 7844 7840
f 7902 7906 7840
f 7870 7865 7841
f 7903 7870 7841
f 7845 7903 7841
f 7904 7908 7842
f 7908 7846 7842
f 7847 7905 7843
f 7905 7901 7843
f 7910 7848 7844
f 7906 7910 7844
f 7907 7903 7845
f 7849 7907 7845
f 7908 7912 7846
f 7912 7850 7846
f 7851 7909 7847
f 7909 7905 7847
f 7914 7852 7848
f 7910 7914 7848
f 7911 7907 7849
f 7853 7911 7849
f 7912 7916 7850
f 7916 7854 7850
f 7855 7913 7851
f 7913 7909 7851
f 7918 7856 7852
f 7914 7918 7852
f 7915 7911 7853
f 7856 7915 7853
f 7916 7917 7854
f 7917 7855 7854
f 7917 7913 7855
f 7918 7915 7856
f 7888 7866 7857
f 7890 7874 7858
f 7867 7923 7859
f 7923 7863 7859
f 7864 7933 7860
f 7933 7924 7860
f 7869 7900 7861
f 7885 7889 7862
f 7932 8057 7863
f 7923 7932 7863
f 8046 8049 7864
f 8049 8052 7864
f 8052 8101 7864
f 8101 7933 7864
f 8041 8046 7864
f 7888 7898 7866
f 7871 7923 7867
f 7924 7929 7868
f 7929 7872 7868
f 7895 7900 7869
f 7903 7896 7870
f 7931 7935 7871
f 7935 7961 7871
f 7961 7928 7871
f 7896 7926 7871
f 7926 7931 7871
f 7928 7923 7871
f 7934 7927 7872
f 7927 7922 7872
f 7922 7895 7872
f 7960 7934 7872
f 7929 7960 7872
f 7874 7940 7873
f 7942 7875 7873
f 7940 7942 7873
f 7890 7920 7874
f 7920 7921 7874
f 7921 7941 7874
f 7941 7940 7874
f 7943 7876 7875
f 7942 7943 7875
f 7943 7944 7876
f 7944 7877 7876
f 7944 7945 7877
f 7945 7878 7877
f 7945 7946 7878
f 7946 7879 7878
f 7947 7880 7879
f 7946 7947 7879
f 7947 7948 7880
f 7948 7881 7880
f 7948 7949 7881
f 7949 7882 7881
f 7949 7950 7882
f 7950 7883 7882
f 7951 7884 7883
f 7950 7951 7883
f 7951 7952 7884
f 7952 7885 7884
f 7952 7889 7885
f 7957 7892 7886
f 7953 7957 7886
f 7954 7953 7886
f 7887 7954 7886
f 7891 7954 7887
f 7925 7898 7888
f 7955 7925 7888
f 7983 7919 7889
f 7952 7983 7889
f 7893 7956 7891
f 7956 7954 7891
f 7959 7894 7892
f 7957 7959 7892
f 7897 7958 7893
f 7958 7956 7893
f 7963 7899 7894
f 7959 7963 7894
f 7922 7900 7895
f 7903 7926 7896
f 7901 7962 7897
f 7962 7958 7897
f 7966 7902 7899
f 7963 7966 7899
f 7922 7927 7900
f 7927 7964 7900
f 7964 7968 7900
f 7968 7904 7900
f 7905 7965 7901
f 7965 7962 7901
f 7970 7906 7902
f 7966 7970 7902
f 7935 7931 7903
f 7931 7926 7903
f 7967 7935 7903
f 7907 7967 7903
f 7968 7972 7904
f 7972 7908 7904
f 7909 7969 7905
f 7969 7965 7905
f 7974 7910 7906
f 7970 7974 7906
f 7971 7967 7907
f 7911 7971 7907
f 7972 7976 7908
f 7976 7912 7908
f 7913 7973 7909
f 7973 7969 7909
f 7979 7914 7910
f 7974 7979 7910
f 7975 7971 7911
f 7915 7975 7911
f 7976 7980 7912
f 7980 7916 7912
f 7917 7977 7913
f 7977 7973 7913
f 7982 7918 7914
f 7979 7982 7914
f 7978 7975 7915
f 7918 7978 7915
f 7980 7981 7916
f 7981 7917 7916
f 7981 7977 7917
f 7982 7978 7918
f 7939 7941 7921
f 7928 7932 7923
f 7933 7937 7924
f 7937 7929 7924
f 7955 7930 7925
f 7934 7964 7927
f 8015 7936 7928
f 7961 7989 7928
f 7989 8015 7928
f 7936 7932 7928
f 7987 7960 7929
f 7937 8014 7929
f 8014 7990 7929
f 7990 7987 7929
f 7955 7938 7930
f 7936 8053 7932
f 8053 8072 7932
f 8072 8057 7932
f 8101 7937 7933
f 7960 7964 7934
f 7967 7961 7935
f 8042 8047 7936
f 8047 8053 7936
f 8015 8042 7936
f 8101 8100 7937
f 8100 8050 7937
f 8050 8045 7937
f 8045 8043 7937
f 8043 8039 7937
f 8039 8014 7937
f 7955 7985 7938
f 7984 7941 7939
f 7941 7993 7940
f 7995 7942 7940
f 7993 7995 7940
f 7986 7994 7941
f 7984 7986 7941
f 7994 7993 7941
f 7996 7943 7942
f 7995 7996 7942
f 7996 7997 7943
f 7997 7944 7943
f 7997 7998 7944
f 7998 7945 7944
f 7998 7999 7945
f 7999 7946 7945
f 8000 7947 7946
f 7999 8000 7946
f 8000 8001 7947
f 8001 7948 7947
f 8001 8002 7948
f 8002 7949 7948
f 8002 8003 7949
f 8003 7950 7949
f 8004 7951 7950
f 8003 8004 7950
f 8004 8005 7951
f 8005 7952 7951
f 8005 7991 7952
f 7991 7983 7952
f 8011 7957 7953
f 8006 8011 7953
f 8007 8006 7953
f 7954 8007 7953
f 7956 8007 7954
f 8008 7985 7955
f 7958 8010 7956
f 8010 8007 7956
f 8013 7959 7957
f 8011 8013 7957
f 7962 8012 7958
f 8012 8010 7958
f 8017 7963 7959
f 8013 8017 7959
f 7987 7964 7960
f 7967 7989 7961
f 7965 8016 7962
f 8016 8012 7962
f 8021 7966 7963
f 8017 8021 7963
f 7987 7990 7964
f 7990 8018 7964
f 8018 8022 7964
f 8022 7968 7964
f 7969 8019 7965
f 8019 8016 7965
f 8024 7970 7966
f 8021 8024 7966
f 8020 7989 7967
f 7971 8020 7967
f 8022 8026 7968
f 8026 7972 7968
f 7973 8023 7969
f 8023 8019 7969
f 8028 7974 7970
f 8024 8028 7970
f 8025 8020 7971
f 7975 8025 7971
f 8026 8030 7972
f 8030 7976 7972
f 7977 8027 7973
f 8027 8023 7973
f 8033 7979 7974
f 8028 8033 7974
f 8029 8025 7975
f 7978 8029 7975
f 8030 8034 7976
f 8034 7980 7976
f 7981 8031 7977
f 8031 8027 7977
f 8032 8029 7978
f 7982 8032 7978
f 8036 7982 7979
f 8033 8036 7979
f 8034 8035 7980
f 8035 7981 7980
f 8035 8031 7981
f 8036 8032 7982
f 8008 7988 7985
f 8037 7994 7986
f 8008 7992 7988
f 8020 8015 7989
f 8014 8018 7990
f 8005 8009 7991
f 8008 8038 7992
f 7994 8054 7993
f 8056 7995 7993
f 8054 8056 7993
f 8040 8055 7994
f 8037 8040 7994
f 8055 8054 7994
f 8058 7996 7995
f 8056 8058 7995
f 8058 8059 7996
f 8059 7997 7996
f 8059 8060 7997
f 8060 7998 7997
f 8060 8061 7998
f 8061 7999 7998
f 8062 8000 7999
f 8061 8062 7999
f 8062 8063 8000
f 8063 8001 8000
f 8063 8064 8001
f 8064 8002 8001
f 8064 8065 8002
f 8065 8003 8002
f 8066 8004 8003
f 8065 8066 8003
f 8066 8068 8004
f 8068 8005 8004
f 8068 8009 8005
f 8084 8011 8006
f 8085 8084 8006
f 8086 8085 8006
f 8007 8086 8006
f 8010 8086 8007
f 8102 8038 8008
f 8068 8071 8009
f 8087 8086 8010
f 8012 8087 8010
f 8083 8013 8011
f 8084 8083 8011
f 8088 8087 8012
f 8016 8088 8012
f 8082 8017 8013
f 8083 8082 8013
f 8039 8018 8014
f 8020 8042 8015
f 8089 8088 8016
f 8019 8089 8016
f 8081 8021 8017
f 8082 8081 8017
f 8039 8043 8018
f 8043 8045 8018
f 8098 8022 8018
f 8099 8098 8018
f 8045 8099 8018
f 8090 8089 8019
f 8023 8090 8019
f 8047 8042 8020
f 8073 8047 8020
f 8025 8073 8020
f 8080 8024 8021
f 8081 8080 8021
f 8097 8026 8022
f 8098 8097 8022
f 8091 8090 8023
f 8027 8091 8023
f 8079 8028 8024
f 8080 8079 8024
f 8074 8073 8025
f 8029 8074 8025
f 8096 8030 8026
f 8097 8096 8026
f 8092 8091 8027
f 8031 8092 8027
f 8078 8033 8028
f 8079 8078 8028
f 8075 8074 8029
f 8032 8075 8029
f 8095 8034 8030
f 8096 8095 8030
f 8093 8092 8031
f 8035 8093 8031
f 8076 8075 8032
f 8036 8076 8032
f 8077 8036 8033
f 8078 8077 8033
f 8094 8035 8034
f 8095 8094 8034
f 8094 8093 8035
f 8077 8076 8036
f 8102 8041 8038
f 8044 8055 8040
f 8102 8046 8041
f 8048 8055 8044
f 8050 8099 8045
f 8102 8049 8046
f 8073 8053 8047
f 8051 8055 8048
f 8102 8052 8049
f 8100 8099 8050
f 8057 8055 8051
f 8102 8101 8052
f 8073 8072 8053
f 8067 8056 8054
f 8055 8067 8054
f 8069 8067 8055
f 8057 8069 8055
f 8067 8058 8056
f 8072 8069 8057
f 8067 8059 8058
f 8067 8060 8059
f 8067 8061 8060
f 8067 8062 8061
f 8067 8063 8062
f 8067 8064 8063
f 8067 8065 8064
f 8067 8066 8065
f 8067 8068 8066
f 8071 8068 8067
f 8072 8073 8069
f 8073 8074 8069
f 8074 8075 8069
f 8075 8076 8069
f 8076 8077 8069
f 8077 8078 8069
f 8078 8070 8069
f 8085 8102 8070
f 8078 8079 8070
f 8079 8080 8070
f 8080 8081 8070
f 8081 8082 8070
f 8082 8083 8070
f 8083 8084 8070
f 8084 8085 8070
f 8086 8102 8085
f 8087 8102 8086
f 8088 8102 8087
f 8089 8102 8088
f 8090 8102 8089
f 8091 8102 8090
f 8092 8102 8091
f 8093 8102 8092
f 8094 8102 8093
f 8095 8102 8094
f 8096 8102 8095
f 8097 8102 8096
f 8098 8102 8097
f 8099 8102 8098
f 8100 8101 8099
f 8101 8102 8099
f 8212 8229 8211
f 8229 10908 8211
f 10908 10890 8211
f 10890 8235 8211
f 8235 8212 8211
f 8213 8229 8212
f 8235 8238 8212
f 8238 8239 8212
f 8239 8213 8212
f 8214 8229 8213
f 8239 8240 8213
f 8240 8214 8213
f 8215 8229 8214
f 8240 8241 8214
f 8241 8215 8214
f 8216 8229 8215
f 8241 8242 8215
f 8242 8216 8215
f 8217 8229 8216
f 8242 8243 8216
f 8243 8217 8216
f 8218 8229 8217
f 8243 8244 8217
f 8244 8218 8217
f 8219 8229 8218
f 8244 8245 8218
f 8245 8219 8218
f 8220 8229 8219
f 8245 8246 8219
f 8246 8220 8219
f 8221 8229 8220
f 8246 8247 8220
f 8247 8221 8220
f 8222 8229 8221
f 8247 8248 8221
f 8248 8222 8221
f 8223 8229 8222
f 8248 8249 8222
f 8249 8223 8222
f 8224 8229 8223
f 8249 8250 8223
f 8250 8224 8223
f 8225 8229 8224
f 8250 8251 8224
f 8251 8225 8224
f 8226 8229 8225
f 8251 8252 8225
f 8252 8226 8225
f 8227 8229 8226
f 8252 8253 8226
f 8253 8227 8226
f 8228 8229 8227
f 8253 8254 8227
f 8254 8228 8227
f 8230 8229 8228
f 8231 8230 8228
f 8254 8255 8228
f 8255 8231 8228
f 8230 8958 8229
f 8958 9436 8229
f 9436 10908 8229
f 8231 8233 8230
f 8233 8958 8230
f 8232 8233 8231
f 8255 8256 8231
f 8256 8232 8231
f 8234 8233 8232
f 8256 8257 8232
f 8257 8234 8232
f 8441 8960 8233
f 8234 8441 8233
f 8960 8958 8233
f 8406 8441 8234
f 8257 8279 8234
f 8279 8301 8234
f 8301 8322 8234
f 8322 8343 8234
f 8343 8364 8234
f 8364 8384 8234
f 8384 8406 8234
f 10890 8236 8235
f 8236 8238 8235
f 10868 10847 8236
f 10890 10889 8236
f 10889 10868 8236
f 10847 8237 8236
f 8237 8238 8236
f 10847 8258 8237
f 8258 8238 8237
f 8258 8260 8238
f 8260 8261 8238
f 8261 8239 8238
f 8261 8262 8239
f 8262 8240 8239
f 8262 8263 8240
f 8263 8241 8240
f 8263 8264 8241
f 8264 8242 8241
f 8264 8265 8242
f 8265 8243 8242
f 8265 8266 8243
f 8266 8244 8243
f 8266 8267 8244
f 8267 8245 8244
f 8267 8268 8245
f 8268 8246 8245
f 8268 8269 8246
f 8269 8247 8246
f 8269 8270 8247
f 8270 8248 8247
f 8270 8271 8248
f 8271 8249 8248
f 8271 8272 8249
f 8272 8250 8249
f 8272 8273 8250
f 8273 8251 8250
f 8273 8274 8251
f 8274 8252 8251
f 8274 8275 8252
f 8275 8253 8252
f 8275 8276 8253
f 8276 8254 8253
f 8276 8277 8254
f 8277 8255 8254
f 8277 8278 8255
f 8278 8256 8255
f 8278 8279 8256
f 8279 8257 8256
f 10847 8259 8258
f 8259 8260 8258
f 10847 8280 8259
f 8280 8281 8259
f 8281 8260 8259
f 8281 8282 8260
f 8282 8283 8260
f 8283 8261 8260
f 8283 8284 8261
f 8284 8262 8261
f 8284 8285 8262
f 8285 8263 8262
f 8285 8286 8263
f 8286 8264 8263
f 8286 8287 8264
f 8287 8265 8264
f 8287 8288 8265
f 8288 8266 8265
f 8288 8289 8266
f 8289 8267 8266
f 8289 8290 8267
f 8290 8268 8267
f 8290 8291 8268
f 8291 8269 8268
f 8291 8292 8269
f 8292 8270 8269
f 8292 8293 8270
f 8293 8271 8270
f 8293 8294 8271
f 8294 8272 8271
f 8294 8295 8272
f 8295 8273 8272
f 8295 8296 8273
f 8296 8274 8273
f 8296 8297 8274
f 8297 8275 8274
f 8297 8298 8275
f 8298 8276 8275
f 8298 8299 8276
f 8299 8277 8276
f 8299 8300 8277
f 8300 8278 8277
f 8300 8301 8278
f 8301 8279 8278
f 10847 10846 8280
f 10846 8281 8280
f 10846 8302 8281
f 8302 8282 8281
f 8302 8303 8282
f 8303 8304 8282
f 8304 8283 8282
f 8304 8305 8283
f 8305 8284 8283
f 8305 8306 8284
f 8306 8285 8284
f 8306 8307 8285
f 8307 8286 8285
f 8307 8308 8286
f 8308 8287 8286
f 8308 8309 8287
f 8309 8288 8287
f 8309 8310 8288
f 8310 8289 8288
f 8310 8311 8289
f 8311 8290 8289
f 8311 8312 8290
f 8312 8291 8290
f 8312 8313 8291
f 8313 8292 8291
f 8313 8314 8292
f 8314 8293 8292
f 8314 8315 8293
f 8315 8294 8293
f 8315 8316 8294
f 8316 8295 8294
f 8316 8317 8295
f 8317 8296 8295
f 8317 8318 8296
f 8318 8297 8296
f 8318 8319 8297
f 8319 8298 8297
f 8319 8320 8298
f 8320 8299 8298
f 8320 8321 8299
f 8321 8300 8299
f 8321 8322 8300
f 8322 8301 8300
f 10846 8323 8302
f 8323 8303 8302
f 8323 8304 8303
f 8323 8325 8304
f 8325 8326 8304
f 8326 8305 8304
f 8326 8327 8305
f 8327 8306 8305
f 8327 8328 8306
f 8328 8307 8306
f 8328 8329 8307
f 8329 8308 8307
f 8329 8330 8308
f 8330 8309 8308
f 8330 8331 8309
f 8331 8310 8309
f 8331 8332 8310
f 8332 8311 8310
f 8332 8333 8311
f 8333 8312 8311
f 8333 8334 8312
f 8334 8313 8312
f 8334 8335 8313
f 8335 8314 8313
f 8335 8336 8314
f 8336 8315 8314
f 8336 8337 8315
f 8337 8316 8315
f 8337 8338 8316
f 8338 8317 8316
f 8338 8339 8317
f 8339 8318 8317
f 8339 8340 8318
f 8340 8319 8318
f 8340 8341 8319
f 8341 8320 8319
f 8341 8342 8320
f 8342 8321 8320
f 8342 8343 8321
f 8343 8322 8321
f 10846 8324 8323
f 8324 8325 8323
f 10846 8344 8324
f 8344 8325 8324
f 8344 8346 8325
f 8346 8347 8325
f 8347 8326 8325
f 8347 8348 8326
f 8348 8327 8326
f 8348 8349 8327
f 8349 8328 8327
f 8349 8350 8328
f 8350 8329 8328
f 8350 8351 8329
f 8351 8330 8329
f 8351 8352 8330
f 8352 8331 8330
f 8352 8353 8331
f 8353 8332 8331
f 8353 8354 8332
f 8354 8333 8332
f 8354 8355 8333
f 8355 8334 8333
f 8355 8356 8334
f 8356 8335 8334
f 8356 8357 8335
f 8357 8336 8335
f 8357 8358 8336
f 8358 8337 8336
f 8358 8359 8337
f 8359 8338 8337
f 8359 8360 8338
f 8360 8339 8338
f 8360 8361 8339
f 8361 8340 8339
f 8361 8362 8340
f 8362 8341 8340
f 8362 8363 8341
f 8363 8342 8341
f 8363 8364 8342
f 8364 8343 8342
f 10846 8345 8344
f 8345 8346 8344
f 10846 8365 8345
f 8365 8346 8345
f 8365 8366 8346
f 8366 8367 8346
f 8367 8347 8346
f 8367 8368 8347
f 8368 8348 8347
f 8368 8369 8348
f 8369 8349 8348
f 8369 8370 8349
f 8370 8350 8349
f 8370 8371 8350
f 8371 8351 8350
f 8371 8372 8351
f 8372 8352 8351
f 8372 8373 8352
f 8373 8353 8352
f 8373 8374 8353
f 8374 8354 8353
f 8374 8375 8354
f 8375 8355 8354
f 8375 8376 8355
f 8376 8356 8355
f 8376 8377 8356
f 8377 8357 8356
f 8377 8378 8357
f 8378 8358 8357
f 8378 8379 8358
f 8379 8359 8358
f 8379 8380 8359
f 8380 8360 8359
f 8380 8381 8360
f 8381 8361 8360
f 8381 8382 8361
f 8382 8362 8361
f 8382 8383 8362
f 8383 8363 8362
f 8383 8384 8363
f 8384 8364 8363
f 10846 8385 8365
f 8385 8366 8365
f 8385 8386 8366
f 8386 8388 8366
f 8388 8389 8366
f 8389 8367 8366
f 8389 8390 8367
f 8390 8368 8367
f 8390 8391 8368
f 8391 8369 8368
f 8391 8392 8369
f 8392 8370 8369
f 8392 8393 8370
f 8393 8371 8370
f 8393 8394 8371
f 8394 8372 8371
f 8394 8395 8372
f 8395 8373 8372
f 8395 8396 8373
f 8396 8374 8373
f 8396 8397 8374
f 8397 8375 8374
f 8397 8398 8375
f 8398 8376 8375
f 8398 8399 8376
f 8399 8377 8376
f 8399 8400 8377
f 8400 8378 8377
f 8400 8401 8378
f 8401 8379 8378
f 8401 8402 8379
f 8402 8380 8379
f 8402 8403 8380
f 8403 8381 8380
f 8403 8404 8381
f 8404 8382 8381
f 8404 8405 8382
f 8405 8383 8382
f 8405 8406 8383
f 8406 8384 8383
f 10846 8386 8385
f 10846 8387 8386
f 8387 8388 8386
f 10846 8407 8387
f 8407 8388 8387
f 8407 8408 8388
f 8408 8409 8388
f 8412 8389 8388
f 8411 8412 8388
f 8409 8411 8388
f 8413 8390 8389
f 8412 8413 8389
f 8414 8391 8390
f 8413 8414 8390
f 8414 8415 8391
f 8415 8416 8391
f 8416 8417 8391
f 8417 8392 8391
f 8417 8418 8392
f 8418 8393 8392
f 8418 8419 8393
f 8419 8420 8393
f 8420 8394 8393
f 8420 8421 8394
f 8421 8395 8394
f 8421 8422 8395
f 8422 8423 8395
f 8423 8424 8395
f 8424 8396 8395
f 8424 8425 8396
f 8425 8397 8396
f 8425 8426 8397
f 8426 8398 8397
f 8426 8427 8398
f 8427 8428 8398
f 8428 8429 8398
f 8429 8399 8398
f 8429 8430 8399
f 8430 8400 8399
f 8430 8431 8400
f 8431 8432 8400
f 8432 8401 8400
f 8432 8433 8401
f 8433 8402 8401
f 8433 8434 8402
f 8434 8435 8402
f 8435 8436 8402
f 8436 8403 8402
f 8436 8437 8403
f 8437 8404 8403
f 8437 8438 8404
f 8438 8405 8404
f 8438 8439 8405
f 8439 8440 8405
f 8440 8441 8405
f 8441 8406 8405
f 10846 8408 8407
f 10846 8409 8408
f 10846 8410 8409
f 8410 8411 8409
f 8446 8411 8410
f 10846 8446 8410
f 8446 8412 8411
f 8446 8413 8412
f 8446 9152 8413
f 9152 8414 8413
f 9152 9153 8414
f 9153 9154 8414
f 9154 8415 8414
f 9154 9155 8415
f 9155 8416 8415
f 9155 9156 8416
f 9156 8417 8416
f 9156 9157 8417
f 9157 8418 8417
f 9157 9158 8418
f 9158 8419 8418
f 9158 9159 8419
f 9159 8420 8419
f 9159 9160 8420
f 9160 8421 8420
f 9160 9161 8421
f 9161 8422 8421
f 9161 9162 8422
f 9162 8423 8422
f 9162 9163 8423
f 9163 8424 8423
f 9163 9164 8424
f 9164 8425 8424
f 9164 9165 8425
f 9165 8426 8425
f 9165 9166 8426
f 9166 8427 8426
f 9166 9167 8427
f 9167 8428 8427
f 9167 9168 8428
f 9168 8429 8428
f 9168 9169 8429
f 9169 8430 8429
f 9169 9170 8430
f 9170 8431 8430
f 9170 9171 8431
f 9171 8432 8431
f 9171 9172 8432
f 9172 8433 8432
f 9172 9173 8433
f 9173 8434 8433
f 9173 9174 8434
f 9174 8435 8434
f 9174 9175 8435
f 9175 8436 8435
f 9175 9176 8436
f 9176 8437 8436
f 9176 9177 8437
f 9177 8438 8437
f 9177 9178 8438
f 9178 8439 8438
f 9178 9179 8439
f 9179 8440 8439
f 8961 8441 8440
f 9179 9180 8440
f 9180 8961 8440
f 8961 8960 8441
f 8443 8445 8442
f 8447 8443 8442
f 8668 8447 8442
f 8666 8668 8442
f 8445 8666 8442
f 8447 8450 8443
f 8450 8444 8443
f 8444 8453 8443
f 8453 8452 8443
f 8452 8445 8443
f 8450 8448 8444
f 8448 8665 8444
f 8665 8453 8444
f 8452 8451 8445
f 8451 8666 8445
f 9151 9152 8446
f 10846 9151 8446
f 8449 8450 8447
f 8668 8449 8447
f 8543 8529 8448
f 8450 8543 8448
f 8529 8669 8448
f 8669 8665 8448
f 8516 8450 8449
f 8738 8516 8449
f 8668 8738 8449
f 8516 8543 8450
f 8469 8468 8451
f 8470 8469 8451
f 8466 8465 8451
f 8467 8466 8451
f 8468 8467 8451
f 8465 8464 8451
f 8464 8463 8451
f 8463 8462 8451
f 8462 8461 8451
f 8459 8458 8451
f 8460 8459 8451
f 8461 8460 8451
f 8458 8457 8451
f 8457 8456 8451
f 8456 8455 8451
f 8471 8470 8451
f 8452 8471 8451
f 8671 8666 8451
f 8455 8671 8451
f 8487 8486 8452
f 8488 8487 8452
f 8486 8485 8452
f 8485 8484 8452
f 8484 8483 8452
f 8483 8482 8452
f 8482 8481 8452
f 8481 8480 8452
f 8480 8479 8452
f 8479 8478 8452
f 8478 8477 8452
f 8476 8475 8452
f 8477 8476 8452
f 8509 8497 8452
f 8545 8509 8452
f 8474 8545 8452
f 8475 8474 8452
f 8497 8473 8452
f 8473 8472 8452
f 8472 8471 8452
f 8453 8489 8452
f 8489 8488 8452
f 8454 8491 8453
f 8491 8490 8453
f 8490 8489 8453
f 8670 8454 8453
f 8665 8670 8453
f 8503 8491 8454
f 8515 8503 8454
f 8546 8515 8454
f 8670 8546 8454
f 8456 8517 8455
f 8517 8544 8455
f 8544 8671 8455
f 8457 8696 8456
f 8696 8517 8456
f 8744 8696 8457
f 8458 8744 8457
f 8459 8492 8458
f 8492 8684 8458
f 8684 8744 8458
f 8518 8492 8459
f 8460 8697 8459
f 8697 8518 8459
f 8747 8697 8460
f 8461 8747 8460
f 8462 8493 8461
f 8493 8685 8461
f 8685 8747 8461
f 8519 8493 8462
f 8463 8698 8462
f 8698 8519 8462
f 8750 8698 8463
f 8464 8750 8463
f 8465 8494 8464
f 8494 8686 8464
f 8686 8750 8464
f 8549 8506 8465
f 8506 8494 8465
f 8520 8549 8465
f 8466 8699 8465
f 8699 8520 8465
f 8753 8699 8466
f 8467 8753 8466
f 8468 8495 8467
f 8495 8687 8467
f 8687 8753 8467
f 8521 8495 8468
f 8469 8700 8468
f 8700 8521 8468
f 8756 8700 8469
f 8470 8756 8469
f 8471 8496 8470
f 8496 8688 8470
f 8688 8756 8470
f 8522 8496 8471
f 8472 8701 8471
f 8701 8522 8471
f 8759 8701 8472
f 8473 8759 8472
f 8497 8689 8473
f 8689 8759 8473
f 8523 8545 8474
f 8475 8702 8474
f 8702 8523 8474
f 8762 8702 8475
f 8476 8762 8475
f 8477 8498 8476
f 8498 8690 8476
f 8690 8762 8476
f 8524 8498 8477
f 8478 8703 8477
f 8703 8524 8477
f 8765 8703 8478
f 8479 8765 8478
f 8480 8499 8479
f 8499 8691 8479
f 8691 8765 8479
f 8525 8499 8480
f 8481 8704 8480
f 8704 8525 8480
f 8768 8704 8481
f 8482 8768 8481
f 8483 8500 8482
f 8500 8692 8482
f 8692 8768 8482
f 8555 8512 8483
f 8512 8500 8483
f 8526 8555 8483
f 8484 8705 8483
f 8705 8526 8483
f 8771 8705 8484
f 8485 8771 8484
f 8486 8501 8485
f 8501 8693 8485
f 8693 8771 8485
f 8556 8513 8486
f 8513 8501 8486
f 8527 8556 8486
f 8487 8706 8486
f 8706 8527 8486
f 8774 8706 8487
f 8488 8774 8487
f 8489 8502 8488
f 8502 8694 8488
f 8694 8774 8488
f 8528 8502 8489
f 8707 8528 8489
f 8490 8707 8489
f 8777 8707 8490
f 8491 8777 8490
f 8503 8695 8491
f 8695 8777 8491
f 8518 8504 8492
f 8504 8684 8492
f 8519 8505 8493
f 8505 8685 8493
f 8506 8686 8494
f 8521 8507 8495
f 8507 8687 8495
f 8522 8508 8496
f 8508 8688 8496
f 8509 8689 8497
f 8524 8510 8498
f 8510 8690 8498
f 8525 8511 8499
f 8511 8691 8499
f 8512 8692 8500
f 8513 8693 8501
f 8528 8514 8502
f 8514 8694 8502
f 8515 8695 8503
f 8518 8547 8504
f 8547 8684 8504
f 8519 8548 8505
f 8548 8685 8505
f 8549 8686 8506
f 8521 8550 8507
f 8550 8687 8507
f 8522 8551 8508
f 8551 8688 8508
f 8545 8552 8509
f 8552 8689 8509
f 8524 8553 8510
f 8553 8690 8510
f 8525 8554 8511
f 8554 8691 8511
f 8555 8692 8512
f 8556 8693 8513
f 8528 8557 8514
f 8557 8694 8514
f 8546 8558 8515
f 8558 8695 8515
f 8542 8543 8516
f 8738 8542 8516
f 8530 8544 8517
f 8696 8530 8517
f 8531 8547 8518
f 8697 8531 8518
f 8532 8548 8519
f 8698 8532 8519
f 8533 8549 8520
f 8699 8533 8520
f 8534 8550 8521
f 8700 8534 8521
f 8535 8551 8522
f 8701 8535 8522
f 8536 8545 8523
f 8702 8536 8523
f 8537 8553 8524
f 8703 8537 8524
f 8538 8554 8525
f 8704 8538 8525
f 8539 8555 8526
f 8705 8539 8526
f 8540 8556 8527
f 8706 8540 8527
f 8541 8557 8528
f 8707 8541 8528
f 8612 8610 8529
f 8543 8612 8529
f 8610 8740 8529
f 8740 8669 8529
f 8560 8544 8530
f 8573 8560 8530
f 8696 8573 8530
f 8574 8561 8531
f 8561 8547 8531
f 8697 8574 8531
f 8562 8548 8532
f 8575 8562 8532
f 8698 8575 8532
f 8563 8549 8533
f 8576 8563 8533
f 8699 8576 8533
f 8564 8550 8534
f 8577 8564 8534
f 8700 8577 8534
f 8578 8565 8535
f 8565 8551 8535
f 8701 8578 8535
f 8579 8545 8536
f 8702 8579 8536
f 8580 8567 8537
f 8567 8553 8537
f 8703 8580 8537
f 8568 8554 8538
f 8581 8568 8538
f 8704 8581 8538
f 8569 8555 8539
f 8582 8569 8539
f 8705 8582 8539
f 8570 8556 8540
f 8583 8570 8540
f 8706 8583 8540
f 8584 8571 8541
f 8571 8557 8541
f 8707 8584 8541
f 8597 8543 8542
f 8791 8597 8542
f 8738 8791 8542
f 8597 8612 8543
f 8742 8671 8544
f 8560 8742 8544
f 8566 8552 8545
f 8614 8632 8545
f 8632 8603 8545
f 8603 8566 8545
f 8579 8614 8545
f 8559 8558 8546
f 8741 8559 8546
f 8670 8741 8546
f 8561 8684 8547
f 8562 8685 8548
f 8563 8686 8549
f 8564 8687 8550
f 8565 8688 8551
f 8566 8689 8552
f 8567 8690 8553
f 8568 8691 8554
f 8569 8692 8555
f 8570 8693 8556
f 8571 8694 8557
f 8559 8572 8558
f 8572 8695 8558
f 8639 8638 8559
f 8638 8609 8559
f 8609 8572 8559
f 8805 8639 8559
f 8741 8805 8559
f 8573 8613 8560
f 8613 8742 8560
f 8574 8598 8561
f 8598 8684 8561
f 8575 8599 8562
f 8599 8685 8562
f 8576 8600 8563
f 8600 8686 8563
f 8577 8601 8564
f 8601 8687 8564
f 8578 8602 8565
f 8602 8688 8565
f 8603 8689 8566
f 8580 8604 8567
f 8604 8690 8567
f 8581 8605 8568
f 8605 8691 8568
f 8582 8606 8569
f 8606 8692 8569
f 8583 8607 8570
f 8607 8693 8570
f 8584 8608 8571
f 8608 8694 8571
f 8609 8695 8572
f 8585 8613 8573
f 8696 8585 8573
f 8586 8598 8574
f 8697 8586 8574
f 8587 8599 8575
f 8698 8587 8575
f 8588 8600 8576
f 8699 8588 8576
f 8589 8601 8577
f 8700 8589 8577
f 8590 8602 8578
f 8701 8590 8578
f 8591 8614 8579
f 8702 8591 8579
f 8592 8604 8580
f 8703 8592 8580
f 8593 8605 8581
f 8704 8593 8581
f 8594 8606 8582
f 8705 8594 8582
f 8595 8607 8583
f 8706 8595 8583
f 8596 8608 8584
f 8707 8596 8584
f 8615 8613 8585
f 8696 8615 8585
f 8616 8627 8586
f 8627 8598 8586
f 8697 8616 8586
f 8628 8599 8587
f 8617 8628 8587
f 8698 8617 8587
f 8629 8600 8588
f 8618 8629 8588
f 8699 8618 8588
f 8630 8601 8589
f 8619 8630 8589
f 8700 8619 8589
f 8620 8631 8590
f 8631 8602 8590
f 8701 8620 8590
f 8621 8614 8591
f 8702 8621 8591
f 8622 8633 8592
f 8633 8604 8592
f 8703 8622 8592
f 8634 8605 8593
f 8623 8634 8593
f 8704 8623 8593
f 8635 8606 8594
f 8624 8635 8594
f 8705 8624 8594
f 8636 8607 8595
f 8625 8636 8595
f 8706 8625 8595
f 8626 8637 8596
f 8637 8608 8596
f 8707 8626 8596
f 8611 8612 8597
f 8791 8611 8597
f 8627 8684 8598
f 8628 8685 8599
f 8629 8686 8600
f 8630 8687 8601
f 8631 8688 8602
f 8632 8689 8603
f 8633 8690 8604
f 8634 8691 8605
f 8635 8692 8606
f 8636 8693 8607
f 8637 8694 8608
f 8638 8695 8609
f 8710 8708 8610
f 8612 8710 8610
f 8708 8804 8610
f 8804 8740 8610
f 8667 8612 8611
f 8851 8667 8611
f 8791 8851 8611
f 8667 8710 8612
f 8615 8640 8613
f 8806 8742 8613
f 8640 8806 8613
f 8658 8632 8614
f 8621 8647 8614
f 8647 8712 8614
f 8712 8658 8614
f 8641 8640 8615
f 8696 8641 8615
f 8642 8653 8616
f 8653 8627 8616
f 8697 8642 8616
f 8654 8628 8617
f 8643 8654 8617
f 8698 8643 8617
f 8655 8629 8618
f 8644 8655 8618
f 8699 8644 8618
f 8656 8630 8619
f 8645 8656 8619
f 8700 8645 8619
f 8646 8657 8620
f 8657 8631 8620
f 8701 8646 8620
f 8702 8647 8621
f 8648 8659 8622
f 8659 8633 8622
f 8703 8648 8622
f 8660 8634 8623
f 8649 8660 8623
f 8704 8649 8623
f 8661 8635 8624
f 8650 8661 8624
f 8705 8650 8624
f 8662 8636 8625
f 8651 8662 8625
f 8706 8651 8625
f 8652 8663 8626
f 8663 8637 8626
f 8707 8652 8626
f 8653 8853 8627
f 8853 8684 8627
f 8654 8854 8628
f 8854 8685 8628
f 8655 8855 8629
f 8855 8686 8629
f 8656 8856 8630
f 8856 8687 8630
f 8657 8857 8631
f 8857 8688 8631
f 8658 8858 8632
f 8858 8689 8632
f 8659 8859 8633
f 8859 8690 8633
f 8660 8860 8634
f 8860 8691 8634
f 8661 8861 8635
f 8861 8692 8635
f 8662 8862 8636
f 8862 8693 8636
f 8663 8863 8637
f 8863 8694 8637
f 8639 8664 8638
f 8664 8864 8638
f 8864 8695 8638
f 8737 8664 8639
f 8878 8737 8639
f 8805 8878 8639
f 8641 8711 8640
f 8711 8806 8640
f 8672 8711 8641
f 8696 8672 8641
f 8673 8725 8642
f 8725 8653 8642
f 8697 8673 8642
f 8726 8654 8643
f 8674 8726 8643
f 8698 8674 8643
f 8727 8655 8644
f 8675 8727 8644
f 8699 8675 8644
f 8728 8656 8645
f 8676 8728 8645
f 8700 8676 8645
f 8677 8729 8646
f 8729 8657 8646
f 8701 8677 8646
f 8678 8712 8647
f 8702 8678 8647
f 8679 8731 8648
f 8731 8659 8648
f 8703 8679 8648
f 8732 8660 8649
f 8680 8732 8649
f 8704 8680 8649
f 8733 8661 8650
f 8681 8733 8650
f 8705 8681 8650
f 8734 8662 8651
f 8682 8734 8651
f 8706 8682 8651
f 8683 8735 8652
f 8735 8663 8652
f 8707 8683 8652
f 8725 8853 8653
f 8726 8854 8654
f 8727 8855 8655
f 8728 8856 8656
f 8729 8857 8657
f 8712 8730 8658
f 8730 8858 8658
f 8731 8859 8659
f 8732 8860 8660
f 8733 8861 8661
f 8734 8862 8662
f 8735 8863 8663
f 8737 8736 8664
f 8736 8864 8664
f 8741 8670 8665
f 8669 8741 8665
f 8671 8668 8666
f 8709 8710 8667
f 8851 8709 8667
f 8671 8738 8668
f 8740 8741 8669
f 9916 9215 8671
f 9215 9076 8671
f 9284 9460 8671
f 9460 9916 8671
f 9076 8905 8671
f 8905 8851 8671
f 8851 8791 8671
f 8742 9284 8671
f 8791 8738 8671
f 8713 8711 8672
f 8879 8713 8672
f 8696 8879 8672
f 8714 8725 8673
f 8880 8714 8673
f 8697 8880 8673
f 8715 8726 8674
f 8881 8715 8674
f 8698 8881 8674
f 8716 8727 8675
f 8882 8716 8675
f 8699 8882 8675
f 8717 8728 8676
f 8883 8717 8676
f 8700 8883 8676
f 8718 8729 8677
f 8884 8718 8677
f 8701 8884 8677
f 8719 8712 8678
f 8885 8719 8678
f 8702 8885 8678
f 8720 8731 8679
f 8886 8720 8679
f 8703 8886 8679
f 8721 8732 8680
f 8887 8721 8680
f 8704 8887 8680
f 8722 8733 8681
f 8888 8722 8681
f 8705 8888 8681
f 8723 8734 8682
f 8889 8723 8682
f 8706 8889 8682
f 8724 8735 8683
f 8890 8724 8683
f 8707 8890 8683
f 8853 8745 8684
f 8745 8744 8684
f 8854 8748 8685
f 8748 8747 8685
f 8855 8751 8686
f 8751 8750 8686
f 8856 8754 8687
f 8754 8753 8687
f 8857 8757 8688
f 8757 8756 8688
f 8858 8760 8689
f 8760 8759 8689
f 8859 8763 8690
f 8763 8762 8690
f 8860 8766 8691
f 8766 8765 8691
f 8861 8769 8692
f 8769 8768 8692
f 8862 8772 8693
f 8772 8771 8693
f 8863 8775 8694
f 8775 8774 8694
f 8864 8778 8695
f 8778 8777 8695
f 8744 8743 8696
f 8743 8879 8696
f 8747 8746 8697
f 8746 8880 8697
f 8750 8749 8698
f 8749 8881 8698
f 8753 8752 8699
f 8752 8882 8699
f 8756 8755 8700
f 8755 8883 8700
f 8759 8758 8701
f 8758 8884 8701
f 8762 8761 8702
f 8761 8885 8702
f 8765 8764 8703
f 8764 8886 8703
f 8768 8767 8704
f 8767 8887 8704
f 8771 8770 8705
f 8770 8888 8705
f 8774 8773 8706
f 8773 8889 8706
f 8776 8890 8707
f 8777 8776 8707
f 8710 8820 8708
f 8820 8877 8708
f 8877 8804 8708
f 8807 8710 8709
f 8905 8807 8709
f 8851 8905 8709
f 8834 8820 8710
f 8807 8834 8710
f 8713 8739 8711
f 8891 8806 8711
f 8739 8891 8711
f 8784 8730 8712
f 8837 8826 8712
f 8826 8813 8712
f 8813 8784 8712
f 8719 8837 8712
f 8792 8739 8713
f 8879 8792 8713
f 8793 8808 8714
f 8808 8779 8714
f 8779 8725 8714
f 8880 8793 8714
f 8794 8809 8715
f 8809 8780 8715
f 8780 8726 8715
f 8881 8794 8715
f 8795 8810 8716
f 8810 8781 8716
f 8781 8727 8716
f 8882 8795 8716
f 8796 8811 8717
f 8811 8782 8717
f 8782 8728 8717
f 8883 8796 8717
f 8797 8812 8718
f 8812 8783 8718
f 8783 8729 8718
f 8884 8797 8718
f 8798 8837 8719
f 8885 8798 8719
f 8799 8814 8720
f 8814 8785 8720
f 8785 8731 8720
f 8886 8799 8720
f 8800 8815 8721
f 8815 8786 8721
f 8786 8732 8721
f 8887 8800 8721
f 8801 8816 8722
f 8816 8787 8722
f 8787 8733 8722
f 8888 8801 8722
f 8802 8817 8723
f 8817 8788 8723
f 8788 8734 8723
f 8889 8802 8723
f 8803 8818 8724
f 8818 8789 8724
f 8789 8735 8724
f 8890 8803 8724
f 8779 8853 8725
f 8780 8854 8726
f 8781 8855 8727
f 8782 8856 8728
f 8783 8857 8729
f 8784 8858 8730
f 8785 8859 8731
f 8786 8860 8732
f 8787 8861 8733
f 8788 8862 8734
f 8789 8863 8735
f 8737 8790 8736
f 8790 8864 8736
f 8850 8832 8737
f 8832 8819 8737
f 8819 8790 8737
f 8943 8850 8737
f 8878 8943 8737
f 8792 8836 8739
f 8836 8891 8739
f 8804 8741 8740
f 8942 8805 8741
f 8877 8942 8741
f 8804 8877 8741
f 8806 9284 8742
f 8744 8930 8743
f 9112 8879 8743
f 8930 9112 8743
f 8745 8918 8744
f 8918 9007 8744
f 9007 8930 8744
f 8853 9096 8745
f 9096 8918 8745
f 8747 8931 8746
f 9113 8880 8746
f 8931 9113 8746
f 8748 8919 8747
f 8919 9010 8747
f 9010 8931 8747
f 8854 9097 8748
f 9097 8919 8748
f 8750 8932 8749
f 9114 8881 8749
f 8932 9114 8749
f 8751 8920 8750
f 8920 9013 8750
f 9013 8932 8750
f 8855 9098 8751
f 9098 8920 8751
f 8753 8933 8752
f 9115 8882 8752
f 8933 9115 8752
f 8754 8921 8753
f 8921 9016 8753
f 9016 8933 8753
f 8856 9099 8754
f 9099 8921 8754
f 8756 8934 8755
f 9116 8883 8755
f 8934 9116 8755
f 8757 8922 8756
f 8922 9019 8756
f 9019 8934 8756
f 8857 9100 8757
f 9100 8922 8757
f 8759 8935 8758
f 9117 8884 8758
f 8935 9117 8758
f 8760 8923 8759
f 8923 9022 8759
f 9022 8935 8759
f 8858 9101 8760
f 9101 8923 8760
f 8762 8936 8761
f 9118 8885 8761
f 8936 9118 8761
f 8763 8924 8762
f 8924 9025 8762
f 9025 8936 8762
f 8859 9102 8763
f 9102 8924 8763
f 8765 8937 8764
f 9119 8886 8764
f 8937 9119 8764
f 8766 8925 8765
f 8925 9028 8765
f 9028 8937 8765
f 8860 9103 8766
f 9103 8925 8766
f 8768 8938 8767
f 9120 8887 8767
f 8938 9120 8767
f 8769 8926 8768
f 8926 9031 8768
f 9031 8938 8768
f 8861 9104 8769
f 9104 8926 8769
f 8771 8939 8770
f 9121 8888 8770
f 8939 9121 8770
f 8772 8927 8771
f 8927 9034 8771
f 9034 8939 8771
f 8862 9105 8772
f 9105 8927 8772
f 8774 8940 8773
f 9122 8889 8773
f 8940 9122 8773
f 8775 8928 8774
f 8928 9037 8774
f 9037 8940 8774
f 8863 9106 8775
f 9106 8928 8775
f 9123 8890 8776
f 8941 9123 8776
f 8777 8941 8776
f 8778 8929 8777
f 8929 9040 8777
f 9040 8941 8777
f 8864 9107 8778
f 9107 8929 8778
f 8808 8853 8779
f 8809 8854 8780
f 8810 8855 8781
f 8811 8856 8782
f 8812 8857 8783
f 8813 8858 8784
f 8814 8859 8785
f 8815 8860 8786
f 8816 8861 8787
f 8817 8862 8788
f 8818 8863 8789
f 8819 8864 8790
f 8838 8836 8792
f 8879 8838 8792
f 8839 8821 8793
f 8821 8808 8793
f 8880 8839 8793
f 8840 8822 8794
f 8822 8809 8794
f 8881 8840 8794
f 8841 8823 8795
f 8823 8810 8795
f 8882 8841 8795
f 8842 8824 8796
f 8824 8811 8796
f 8883 8842 8796
f 8843 8825 8797
f 8825 8812 8797
f 8884 8843 8797
f 8844 8837 8798
f 8885 8844 8798
f 8845 8827 8799
f 8827 8814 8799
f 8886 8845 8799
f 8846 8828 8800
f 8828 8815 8800
f 8887 8846 8800
f 8847 8829 8801
f 8829 8816 8801
f 8888 8847 8801
f 8848 8830 8802
f 8830 8817 8802
f 8889 8848 8802
f 8849 8831 8803
f 8831 8818 8803
f 8890 8849 8803
f 8942 8878 8805
f 8891 8944 8806
f 9139 9284 8806
f 8944 9139 8806
f 8833 8834 8807
f 8905 8833 8807
f 8821 8853 8808
f 8822 8854 8809
f 8823 8855 8810
f 8824 8856 8811
f 8825 8857 8812
f 8826 8858 8813
f 8827 8859 8814
f 8828 8860 8815
f 8829 8861 8816
f 8830 8862 8817
f 8831 8863 8818
f 8832 8864 8819
f 8834 8835 8820
f 8835 8942 8820
f 8942 8877 8820
f 8839 8892 8821
f 8892 8853 8821
f 8840 8893 8822
f 8893 8854 8822
f 8841 8894 8823
f 8894 8855 8823
f 8842 8895 8824
f 8895 8856 8824
f 8843 8896 8825
f 8896 8857 8825
f 8837 8897 8826
f 8897 8858 8826
f 8845 8898 8827
f 8898 8859 8827
f 8846 8899 8828
f 8899 8860 8828
f 8847 8900 8829
f 8900 8861 8829
f 8848 8901 8830
f 8901 8862 8830
f 8849 8902 8831
f 8902 8863 8831
f 8850 8903 8832
f 8903 8864 8832
f 8904 8988 8833
f 8988 8834 8833
f 9076 8904 8833
f 8905 9076 8833
f 8988 8989 8834
f 8989 8945 8834
f 8945 8835 8834
f 8945 9124 8835
f 9124 8942 8835
f 8838 8852 8836
f 8944 8891 8836
f 8852 8944 8836
f 8991 8951 8837
f 8951 8897 8837
f 8871 8991 8837
f 8844 8871 8837
f 8865 8852 8838
f 8879 8865 8838
f 8866 8892 8839
f 8880 8866 8839
f 8867 8893 8840
f 8881 8867 8840
f 8868 8894 8841
f 8882 8868 8841
f 8869 8895 8842
f 8883 8869 8842
f 8870 8896 8843
f 8884 8870 8843
f 8885 8871 8844
f 8872 8898 8845
f 8886 8872 8845
f 8873 8899 8846
f 8887 8873 8846
f 8874 8900 8847
f 8888 8874 8847
f 8875 8901 8848
f 8889 8875 8848
f 8876 8902 8849
f 8890 8876 8849
f 9004 8957 8850
f 8957 8903 8850
f 9126 9004 8850
f 8943 9126 8850
f 8865 8990 8852
f 8990 8944 8852
f 8892 8946 8853
f 8946 9096 8853
f 8893 8947 8854
f 8947 9097 8854
f 8894 8948 8855
f 8948 9098 8855
f 8895 8949 8856
f 8949 9099 8856
f 8896 8950 8857
f 8950 9100 8857
f 8897 8951 8858
f 8951 9101 8858
f 8898 8952 8859
f 8952 9102 8859
f 8899 8953 8860
f 8953 9103 8860
f 8900 8954 8861
f 8954 9104 8861
f 8901 8955 8862
f 8955 9105 8862
f 8902 8956 8863
f 8956 9106 8863
f 8903 8957 8864
f 8957 9107 8864
f 8906 8990 8865
f 8879 8906 8865
f 8907 8946 8866
f 8946 8892 8866
f 8880 8907 8866
f 8908 8947 8867
f 8947 8893 8867
f 8881 8908 8867
f 8909 8948 8868
f 8948 8894 8868
f 8882 8909 8868
f 8910 8949 8869
f 8949 8895 8869
f 8883 8910 8869
f 8911 8950 8870
f 8950 8896 8870
f 8884 8911 8870
f 8912 8991 8871
f 8885 8912 8871
f 8913 8952 8872
f 8952 8898 8872
f 8886 8913 8872
f 8914 8953 8873
f 8953 8899 8873
f 8887 8914 8873
f 8915 8954 8874
f 8954 8900 8874
f 8888 8915 8874
f 8916 8955 8875
f 8955 8901 8875
f 8889 8916 8875
f 8917 8956 8876
f 8956 8902 8876
f 8890 8917 8876
f 9124 8943 8878
f 8942 9124 8878
f 9112 8992 8879
f 8992 8906 8879
f 9113 8993 8880
f 8993 8907 8880
f 9114 8994 8881
f 8994 8908 8881
f 9115 8995 8882
f 8995 8909 8882
f 9116 8996 8883
f 8996 8910 8883
f 9117 8997 8884
f 8997 8911 8884
f 9118 8998 8885
f 8998 8912 8885
f 9119 8999 8886
f 8999 8913 8886
f 9120 9000 8887
f 9000 8914 8887
f 9121 9001 8888
f 9001 8915 8888
f 9122 9002 8889
f 9002 8916 8889
f 9123 9003 8890
f 9003 8917 8890
f 8980 8981 8904
f 8981 8982 8904
f 8982 8983 8904
f 8983 8984 8904
f 8984 8985 8904
f 8985 8986 8904
f 8986 8987 8904
f 8987 8988 8904
f 9077 8980 8904
f 9076 9077 8904
f 8992 8990 8906
f 8993 8946 8907
f 8994 8947 8908
f 8995 8948 8909
f 8996 8949 8910
f 8997 8950 8911
f 8998 8991 8912
f 8999 8952 8913
f 9000 8953 8914
f 9001 8954 8915
f 9002 8955 8916
f 9003 8956 8917
f 9096 9008 8918
f 9008 9007 8918
f 9097 9011 8919
f 9011 9010 8919
f 9098 9014 8920
f 9014 9013 8920
f 9099 9017 8921
f 9017 9016 8921
f 9100 9020 8922
f 9020 9019 8922
f 9101 9023 8923
f 9023 9022 8923
f 9102 9026 8924
f 9026 9025 8924
f 9103 9029 8925
f 9029 9028 8925
f 9104 9032 8926
f 9032 9031 8926
f 9105 9035 8927
f 9035 9034 8927
f 9106 9038 8928
f 9038 9037 8928
f 9107 9041 8929
f 9041 9040 8929
f 9007 9006 8930
f 9006 9112 8930
f 9010 9009 8931
f 9009 9113 8931
f 9013 9012 8932
f 9012 9114 8932
f 9016 9015 8933
f 9015 9115 8933
f 9019 9018 8934
f 9018 9116 8934
f 9022 9021 8935
f 9021 9117 8935
f 9025 9024 8936
f 9024 9118 8936
f 9028 9027 8937
f 9027 9119 8937
f 9031 9030 8938
f 9030 9120 8938
f 9034 9033 8939
f 9033 9121 8939
f 9037 9036 8940
f 9036 9122 8940
f 9039 9123 8941
f 9040 9039 8941
f 9124 9126 8943
f 8990 9139 8944
f 8989 9255 8945
f 9255 9124 8945
f 8993 9042 8946
f 9042 9096 8946
f 8994 9043 8947
f 9043 9097 8947
f 8995 9044 8948
f 9044 9098 8948
f 8996 9045 8949
f 9045 9099 8949
f 8997 9046 8950
f 9046 9100 8950
f 8991 9047 8951
f 9047 9101 8951
f 8999 9048 8952
f 9048 9102 8952
f 9000 9049 8953
f 9049 9103 8953
f 9001 9050 8954
f 9050 9104 8954
f 9002 9051 8955
f 9051 9105 8955
f 9003 9052 8956
f 9052 9106 8956
f 9004 9053 8957
f 9053 9107 8957
f 8960 8959 8958
f 9073 9109 8958
f 8959 9055 8958
f 9055 9063 8958
f 9063 9073 8958
f 9334 9369 8958
f 9369 9399 8958
f 9399 9436 8958
f 9221 9251 8958
f 9251 9282 8958
f 9282 9334 8958
f 9109 9141 8958
f 9141 9146 8958
f 9146 9221 8958
f 8988 8987 8959
f 8960 8989 8959
f 8989 8988 8959
f 9056 9055 8959
f 8987 9056 8959
f 8967 8968 8960
f 8968 8969 8960
f 8969 8970 8960
f 8970 8971 8960
f 8971 8972 8960
f 8972 8973 8960
f 8964 8965 8960
f 8965 8966 8960
f 8966 8967 8960
f 8973 8974 8960
f 8974 8975 8960
f 8975 8989 8960
f 8961 8962 8960
f 8962 8963 8960
f 8963 8964 8960
f 9180 9181 8961
f 9182 8962 8961
f 9181 9182 8961
f 9182 8963 8962
f 9182 9216 8963
f 9216 8964 8963
f 9216 9219 8964
f 9219 8965 8964
f 9219 9223 8965
f 9223 8966 8965
f 9223 9225 8966
f 9225 8967 8966
f 9225 9239 8967
f 9239 8968 8967
f 9239 9241 8968
f 9241 8969 8968
f 9241 9244 8969
f 9244 8970 8969
f 9244 9246 8970
f 9246 8971 8970
f 9246 9245 8971
f 9245 8972 8971
f 9245 9242 8972
f 9242 8973 8972
f 9242 9240 8973
f 9240 8974 8973
f 9240 9226 8974
f 9226 9224 8974
f 9224 8975 8974
f 8976 8989 8975
f 9224 9220 8975
f 9220 8976 8975
f 8977 8989 8976
f 9220 9217 8976
f 9217 8977 8976
f 8978 8989 8977
f 9217 9183 8977
f 9183 8978 8977
f 9184 8979 8978
f 9183 9184 8978
f 8979 8989 8978
f 9184 8989 8979
f 9057 9062 8980
f 9062 8981 8980
f 9077 9243 8980
f 9243 9057 8980
f 9005 8982 8981
f 9062 9054 8981
f 9054 9005 8981
f 9005 8983 8982
f 9061 8984 8983
f 9005 9061 8983
f 9061 9060 8984
f 9060 8985 8984
f 9060 9059 8985
f 9059 8986 8985
f 9059 9056 8986
f 9056 8987 8986
f 9184 9255 8989
f 8992 9058 8990
f 9058 9139 8990
f 9199 9191 8991
f 9191 9132 8991
f 9132 9047 8991
f 8998 9199 8991
f 9079 9058 8992
f 9112 9079 8992
f 9080 9127 8993
f 9127 9042 8993
f 9113 9080 8993
f 9081 9128 8994
f 9128 9043 8994
f 9114 9081 8994
f 9082 9129 8995
f 9129 9044 8995
f 9115 9082 8995
f 9083 9130 8996
f 9130 9045 8996
f 9116 9083 8996
f 9084 9131 8997
f 9131 9046 8997
f 9117 9084 8997
f 9085 9199 8998
f 9118 9085 8998
f 9086 9133 8999
f 9133 9048 8999
f 9119 9086 8999
f 9087 9134 9000
f 9134 9049 9000
f 9120 9087 9000
f 9088 9135 9001
f 9135 9050 9001
f 9121 9088 9001
f 9089 9136 9002
f 9136 9051 9002
f 9122 9089 9002
f 9090 9137 9003
f 9137 9052 9003
f 9123 9090 9003
f 9212 9197 9004
f 9197 9138 9004
f 9138 9053 9004
f 9283 9212 9004
f 9126 9283 9004
f 9054 9061 9005
f 9007 9297 9006
f 9297 9382 9006
f 9382 9112 9006
f 9310 9297 9007
f 9008 9285 9007
f 9285 9310 9007
f 9096 9370 9008
f 9370 9285 9008
f 9010 9298 9009
f 9298 9383 9009
f 9383 9113 9009
f 9312 9298 9010
f 9011 9286 9010
f 9286 9312 9010
f 9097 9371 9011
f 9371 9286 9011
f 9013 9299 9012
f 9299 9384 9012
f 9384 9114 9012
f 9314 9299 9013
f 9014 9287 9013
f 9287 9314 9013
f 9098 9372 9014
f 9372 9287 9014
f 9016 9300 9015
f 9300 9385 9015
f 9385 9115 9015
f 9316 9300 9016
f 9017 9288 9016
f 9288 9316 9016
f 9099 9373 9017
f 9373 9288 9017
f 9019 9301 9018
f 9301 9386 9018
f 9386 9116 9018
f 9318 9301 9019
f 9020 9289 9019
f 9289 9318 9019
f 9100 9374 9020
f 9374 9289 9020
f 9022 9302 9021
f 9302 9387 9021
f 9387 9117 9021
f 9320 9302 9022
f 9023 9290 9022
f 9290 9320 9022
f 9101 9375 9023
f 9375 9290 9023
f 9025 9303 9024
f 9303 9388 9024
f 9388 9118 9024
f 9322 9303 9025
f 9026 9291 9025
f 9291 9322 9025
f 9102 9376 9026
f 9376 9291 9026
f 9028 9304 9027
f 9304 9389 9027
f 9389 9119 9027
f 9324 9304 9028
f 9029 9292 9028
f 9292 9324 9028
f 9103 9377 9029
f 9377 9292 9029
f 9031 9305 9030
f 9305 9390 9030
f 9390 9120 9030
f 9326 9305 9031
f 9032 9293 9031
f 9293 9326 9031
f 9104 9378 9032
f 9378 9293 9032
f 9034 9306 9033
f 9306 9391 9033
f 9391 9121 9033
f 9328 9306 9034
f 9035 9294 9034
f 9294 9328 9034
f 9105 9379 9035
f 9379 9294 9035
f 9037 9307 9036
f 9307 9392 9036
f 9392 9122 9036
f 9330 9307 9037
f 9038 9295 9037
f 9295 9330 9037
f 9106 9380 9038
f 9380 9295 9038
f 9308 9393 9039
f 9393 9123 9039
f 9040 9308 9039
f 9332 9308 9040
f 9041 9296 9040
f 9296 9332 9040
f 9107 9381 9041
f 9381 9296 9041
f 9127 9096 9042
f 9128 9097 9043
f 9129 9098 9044
f 9130 9099 9045
f 9131 9100 9046
f 9132 9101 9047
f 9133 9102 9048
f 9134 9103 9049
f 9135 9104 9050
f 9136 9105 9051
f 9137 9106 9052
f 9138 9107 9053
f 9062 9061 9054
f 9064 9063 9055
f 9056 9064 9055
f 9059 9064 9056
f 9067 9066 9057
f 9066 9062 9057
f 9243 9067 9057
f 9079 9198 9058
f 9198 9139 9058
f 9065 9064 9059
f 9060 9065 9059
f 9069 9065 9060
f 9061 9069 9060
f 9062 9071 9061
f 9071 9069 9061
f 9066 9071 9062
f 9074 9073 9063
f 9064 9074 9063
f 9065 9074 9064
f 9075 9074 9065
f 9069 9075 9065
f 9067 9068 9066
f 9068 9071 9066
f 9070 9072 9067
f 9072 9068 9067
f 9257 9070 9067
f 9243 9257 9067
f 9072 9071 9068
f 9078 9075 9069
f 9071 9078 9069
f 9093 9092 9070
f 9092 9072 9070
f 9257 9093 9070
f 9072 9091 9071
f 9091 9078 9071
f 9092 9091 9072
f 9074 9110 9073
f 9110 9109 9073
f 9075 9110 9074
f 9125 9110 9075
f 9078 9125 9075
f 9215 9077 9076
f 9215 9222 9077
f 9222 9243 9077
f 9140 9125 9078
f 9091 9140 9078
f 9200 9198 9079
f 9112 9200 9079
f 9201 9186 9080
f 9186 9127 9080
f 9113 9201 9080
f 9202 9187 9081
f 9187 9128 9081
f 9114 9202 9081
f 9203 9188 9082
f 9188 9129 9082
f 9115 9203 9082
f 9204 9189 9083
f 9189 9130 9083
f 9116 9204 9083
f 9205 9190 9084
f 9190 9131 9084
f 9117 9205 9084
f 9206 9199 9085
f 9118 9206 9085
f 9207 9192 9086
f 9192 9133 9086
f 9119 9207 9086
f 9208 9193 9087
f 9193 9134 9087
f 9120 9208 9087
f 9209 9194 9088
f 9194 9135 9088
f 9121 9209 9088
f 9210 9195 9089
f 9195 9136 9089
f 9122 9210 9089
f 9211 9196 9090
f 9196 9137 9090
f 9123 9211 9090
f 9094 9095 9091
f 9095 9111 9091
f 9111 9142 9091
f 9092 9094 9091
f 9142 9140 9091
f 9093 9094 9092
f 9108 9143 9093
f 9143 9111 9093
f 9111 9095 9093
f 9095 9094 9093
f 9281 9108 9093
f 9257 9281 9093
f 9127 9186 9096
f 9186 9370 9096
f 9128 9187 9097
f 9187 9371 9097
f 9129 9188 9098
f 9188 9372 9098
f 9130 9189 9099
f 9189 9373 9099
f 9131 9190 9100
f 9190 9374 9100
f 9132 9191 9101
f 9191 9375 9101
f 9133 9192 9102
f 9192 9376 9102
f 9134 9193 9103
f 9193 9377 9103
f 9135 9194 9104
f 9194 9378 9104
f 9136 9195 9105
f 9195 9379 9105
f 9137 9196 9106
f 9196 9380 9106
f 9138 9197 9107
f 9197 9381 9107
f 9145 9144 9108
f 9144 9143 9108
f 9281 9145 9108
f 9110 9141 9109
f 9147 9141 9110
f 9125 9147 9110
f 9143 9142 9111
f 9227 9200 9112
f 9344 9227 9112
f 9382 9344 9112
f 9228 9201 9113
f 9345 9228 9113
f 9383 9345 9113
f 9229 9202 9114
f 9346 9229 9114
f 9384 9346 9114
f 9230 9203 9115
f 9347 9230 9115
f 9385 9347 9115
f 9231 9204 9116
f 9348 9231 9116
f 9386 9348 9116
f 9232 9205 9117
f 9349 9232 9117
f 9387 9349 9117
f 9233 9206 9118
f 9350 9233 9118
f 9388 9350 9118
f 9234 9207 9119
f 9351 9234 9119
f 9389 9351 9119
f 9235 9208 9120
f 9352 9235 9120
f 9390 9352 9120
f 9236 9209 9121
f 9353 9236 9121
f 9391 9353 9121
f 9237 9210 9122
f 9354 9237 9122
f 9392 9354 9122
f 9238 9211 9123
f 9355 9238 9123
f 9393 9355 9123
f 10328 10243 9124
f 10243 10178 9124
f 10178 9994 9124
f 9994 9854 9124
f 9854 9697 9124
f 9697 9532 9124
f 9532 9438 9124
f 9438 9283 9124
f 9283 9126 9124
f 9255 10463 9124
f 10463 10392 9124
f 10392 10328 9124
f 9150 9147 9125
f 9140 9150 9125
f 9198 9284 9139
f 9185 9150 9140
f 9142 9185 9140
f 9147 9146 9141
f 9144 9214 9142
f 9143 9144 9142
f 9214 9185 9142
f 9145 9149 9144
f 9149 9214 9144
f 9148 9213 9145
f 9213 9149 9145
f 9309 9148 9145
f 9281 9309 9145
f 9147 9221 9146
f 9252 9221 9147
f 9150 9252 9147
f 9250 9249 9148
f 9249 9213 9148
f 9309 9250 9148
f 9213 9214 9149
f 9258 9252 9150
f 9185 9258 9150
f 9356 9152 9151
f 10846 9356 9151
f 9356 9153 9152
f 9443 9154 9153
f 9442 9443 9153
f 9356 9442 9153
f 9443 9155 9154
f 9443 9156 9155
f 9443 9444 9156
f 9444 9157 9156
f 9444 9445 9157
f 9445 9158 9157
f 9446 9159 9158
f 9445 9446 9158
f 9446 9160 9159
f 9446 9161 9160
f 9446 9447 9161
f 9447 9162 9161
f 9447 9163 9162
f 9448 9164 9163
f 9447 9448 9163
f 9449 9165 9164
f 9448 9449 9164
f 9450 9166 9165
f 9449 9450 9165
f 9450 9167 9166
f 9450 9168 9167
f 9451 9169 9168
f 9450 9451 9168
f 9452 9170 9169
f 9451 9452 9169
f 9453 9171 9170
f 9452 9453 9170
f 9453 9172 9171
f 9453 9173 9172
f 9454 9174 9173
f 9453 9454 9173
f 9455 9175 9174
f 9454 9455 9174
f 9456 9176 9175
f 9455 9456 9175
f 9456 9177 9176
f 9456 9178 9177
f 9456 9457 9178
f 9457 9179 9178
f 9457 9458 9179
f 9458 9180 9179
f 9459 9181 9180
f 9458 9459 9180
f 9459 9643 9181
f 9643 9247 9181
f 9247 9182 9181
f 9247 9216 9182
f 9248 9184 9183
f 9217 9260 9183
f 9260 9248 9183
f 9248 9254 9184
f 9254 9255 9184
f 9274 9258 9185
f 9214 9274 9185
f 9201 9261 9186
f 9261 9370 9186
f 9202 9262 9187
f 9262 9371 9187
f 9203 9263 9188
f 9263 9372 9188
f 9204 9264 9189
f 9264 9373 9189
f 9205 9265 9190
f 9265 9374 9190
f 9199 9266 9191
f 9266 9375 9191
f 9207 9267 9192
f 9267 9376 9192
f 9208 9268 9193
f 9268 9377 9193
f 9209 9269 9194
f 9269 9378 9194
f 9210 9270 9195
f 9270 9379 9195
f 9211 9271 9196
f 9271 9380 9196
f 9212 9272 9197
f 9272 9381 9197
f 9200 9218 9198
f 9218 9284 9198
f 9418 9362 9199
f 9362 9266 9199
f 9233 9418 9199
f 9206 9233 9199
f 9227 9218 9200
f 9228 9357 9201
f 9357 9261 9201
f 9229 9358 9202
f 9358 9262 9202
f 9230 9359 9203
f 9359 9263 9203
f 9231 9360 9204
f 9360 9264 9204
f 9232 9361 9205
f 9361 9265 9205
f 9234 9363 9207
f 9363 9267 9207
f 9235 9364 9208
f 9364 9268 9208
f 9236 9365 9209
f 9365 9269 9209
f 9237 9366 9210
f 9366 9270 9210
f 9238 9367 9211
f 9367 9271 9211
f 9431 9368 9212
f 9368 9272 9212
f 9438 9431 9212
f 9283 9438 9212
f 9273 9214 9213
f 9249 9273 9213
f 9273 9274 9214
f 9435 9222 9215
f 9536 9435 9215
f 9916 9536 9215
f 9259 9219 9216
f 9247 9259 9216
f 9220 9260 9217
f 9227 9417 9218
f 9417 9284 9218
f 9259 9223 9219
f 9224 9276 9220
f 9276 9260 9220
f 9252 9251 9221
f 9435 9396 9222
f 9396 9343 9222
f 9343 9309 9222
f 9309 9243 9222
f 9259 9275 9223
f 9275 9225 9223
f 9226 9276 9224
f 9275 9239 9225
f 9240 9278 9226
f 9278 9276 9226
f 9344 9417 9227
f 9345 9405 9228
f 9405 9357 9228
f 9346 9406 9229
f 9406 9358 9229
f 9347 9407 9230
f 9407 9359 9230
f 9348 9408 9231
f 9408 9360 9231
f 9349 9409 9232
f 9409 9361 9232
f 9350 9418 9233
f 9351 9411 9234
f 9411 9363 9234
f 9352 9412 9235
f 9412 9364 9235
f 9353 9413 9236
f 9413 9365 9236
f 9354 9414 9237
f 9414 9366 9237
f 9355 9415 9238
f 9415 9367 9238
f 9275 9277 9239
f 9277 9241 9239
f 9242 9278 9240
f 9277 9244 9241
f 9245 9280 9242
f 9280 9278 9242
f 9309 9281 9243
f 9281 9257 9243
f 9277 9279 9244
f 9279 9246 9244
f 9246 9280 9245
f 9279 9280 9246
f 9643 9259 9247
f 9644 9254 9248
f 9260 9642 9248
f 9642 9644 9248
f 9250 9256 9249
f 9256 9273 9249
f 9253 9256 9250
f 9343 9253 9250
f 9309 9343 9250
f 9252 9282 9251
f 9335 9282 9252
f 9258 9335 9252
f 9337 9336 9253
f 9336 9256 9253
f 9343 9337 9253
f 9644 9559 9254
f 9559 9255 9254
f 9559 9865 9255
f 9865 10480 9255
f 10480 10463 9255
f 9336 9273 9256
f 9340 9335 9258
f 9274 9340 9258
f 9643 9641 9259
f 9641 9639 9259
f 9639 9275 9259
f 9276 9642 9260
f 9357 9370 9261
f 9358 9371 9262
f 9359 9372 9263
f 9360 9373 9264
f 9361 9374 9265
f 9362 9375 9266
f 9363 9376 9267
f 9364 9377 9268
f 9365 9378 9269
f 9366 9379 9270
f 9367 9380 9271
f 9368 9381 9272
f 9336 9338 9273
f 9338 9342 9273
f 9342 9274 9273
f 9342 9340 9274
f 9639 9637 9275
f 9637 9277 9275
f 9278 9640 9276
f 9640 9642 9276
f 9637 9635 9277
f 9635 9279 9277
f 9280 9638 9278
f 9638 9640 9278
f 9635 9636 9279
f 9636 9280 9279
f 9636 9638 9280
f 9335 9334 9282
f 9433 9460 9284
f 9417 9433 9284
f 9370 9311 9285
f 9311 9310 9285
f 9371 9313 9286
f 9313 9312 9286
f 9372 9315 9287
f 9315 9314 9287
f 9373 9317 9288
f 9317 9316 9288
f 9374 9319 9289
f 9319 9318 9289
f 9375 9321 9290
f 9321 9320 9290
f 9376 9323 9291
f 9323 9322 9291
f 9377 9325 9292
f 9325 9324 9292
f 9378 9327 9293
f 9327 9326 9293
f 9379 9329 9294
f 9329 9328 9294
f 9380 9331 9295
f 9331 9330 9295
f 9381 9333 9296
f 9333 9332 9296
f 9310 9609 9297
f 9609 9597 9297
f 9597 9382 9297
f 9312 9610 9298
f 9610 9598 9298
f 9598 9383 9298
f 9314 9611 9299
f 9611 9599 9299
f 9599 9384 9299
f 9316 9612 9300
f 9612 9600 9300
f 9600 9385 9300
f 9318 9613 9301
f 9613 9601 9301
f 9601 9386 9301
f 9320 9614 9302
f 9614 9602 9302
f 9602 9387 9302
f 9322 9615 9303
f 9615 9603 9303
f 9603 9388 9303
f 9324 9616 9304
f 9616 9604 9304
f 9604 9389 9304
f 9326 9617 9305
f 9617 9605 9305
f 9605 9390 9305
f 9328 9618 9306
f 9618 9606 9306
f 9606 9391 9306
f 9330 9619 9307
f 9619 9607 9307
f 9607 9392 9307
f 9620 9608 9308
f 9608 9393 9308
f 9332 9620 9308
f 9540 9609 9310
f 9311 9540 9310
f 9585 9541 9311
f 9370 9585 9311
f 9541 9540 9311
f 9542 9610 9312
f 9313 9542 9312
f 9586 9543 9313
f 9371 9586 9313
f 9543 9542 9313
f 9544 9611 9314
f 9315 9544 9314
f 9587 9545 9315
f 9372 9587 9315
f 9545 9544 9315
f 9569 9612 9316
f 9317 9569 9316
f 9588 9570 9317
f 9373 9588 9317
f 9570 9569 9317
f 9546 9613 9318
f 9319 9546 9318
f 9589 9547 9319
f 9374 9589 9319
f 9547 9546 9319
f 9548 9614 9320
f 9321 9548 9320
f 9590 9549 9321
f 9375 9590 9321
f 9549 9548 9321
f 9550 9615 9322
f 9323 9550 9322
f 9591 9551 9323
f 9376 9591 9323
f 9551 9550 9323
f 9552 9616 9324
f 9325 9552 9324
f 9592 9553 9325
f 9377 9592 9325
f 9553 9552 9325
f 9527 9617 9326
f 9327 9527 9326
f 9593 9528 9327
f 9378 9593 9327
f 9528 9527 9327
f 9529 9618 9328
f 9329 9529 9328
f 9594 9530 9329
f 9379 9594 9329
f 9530 9529 9329
f 9554 9619 9330
f 9331 9554 9330
f 9595 9555 9331
f 9380 9595 9331
f 9555 9554 9331
f 9556 9620 9332
f 9333 9556 9332
f 9596 9572 9333
f 9381 9596 9333
f 9572 9556 9333
f 9335 9369 9334
f 9400 9369 9335
f 9340 9400 9335
f 9337 9341 9336
f 9341 9338 9336
f 9339 9394 9337
f 9394 9341 9337
f 9396 9339 9337
f 9343 9396 9337
f 9341 9397 9338
f 9397 9398 9338
f 9398 9342 9338
f 9401 9402 9339
f 9402 9394 9339
f 9435 9401 9339
f 9396 9435 9339
f 9404 9400 9340
f 9342 9404 9340
f 9394 9397 9341
f 9398 9404 9342
f 9419 9417 9344
f 9382 9419 9344
f 9420 9405 9345
f 9383 9420 9345
f 9421 9406 9346
f 9384 9421 9346
f 9422 9407 9347
f 9385 9422 9347
f 9423 9408 9348
f 9386 9423 9348
f 9424 9409 9349
f 9387 9424 9349
f 9425 9418 9350
f 9388 9425 9350
f 9426 9411 9351
f 9389 9426 9351
f 9427 9412 9352
f 9390 9427 9352
f 9428 9413 9353
f 9391 9428 9353
f 9429 9414 9354
f 9392 9429 9354
f 9430 9415 9355
f 9393 9430 9355
f 9395 9442 9356
f 10846 9395 9356
f 9405 9370 9357
f 9406 9371 9358
f 9407 9372 9359
f 9408 9373 9360
f 9409 9374 9361
f 9418 9410 9362
f 9410 9375 9362
f 9411 9376 9363
f 9412 9377 9364
f 9413 9378 9365
f 9414 9379 9366
f 9415 9380 9367
f 9431 9416 9368
f 9416 9381 9368
f 9400 9399 9369
f 9464 9585 9370
f 9405 9464 9370
f 9465 9586 9371
f 9406 9465 9371
f 9466 9587 9372
f 9407 9466 9372
f 9467 9588 9373
f 9408 9467 9373
f 9468 9589 9374
f 9409 9468 9374
f 9469 9590 9375
f 9410 9469 9375
f 9470 9591 9376
f 9411 9470 9376
f 9471 9592 9377
f 9412 9471 9377
f 9472 9593 9378
f 9413 9472 9378
f 9473 9594 9379
f 9414 9473 9379
f 9474 9595 9380
f 9415 9474 9380
f 9475 9596 9381
f 9416 9475 9381
f 9476 9419 9382
f 9597 9476 9382
f 9477 9420 9383
f 9598 9477 9383
f 9478 9421 9384
f 9599 9478 9384
f 9479 9422 9385
f 9600 9479 9385
f 9480 9423 9386
f 9601 9480 9386
f 9481 9424 9387
f 9602 9481 9387
f 9482 9425 9388
f 9603 9482 9388
f 9483 9426 9389
f 9604 9483 9389
f 9484 9427 9390
f 9605 9484 9390
f 9485 9428 9391
f 9606 9485 9391
f 9486 9429 9392
f 9607 9486 9392
f 9487 9430 9393
f 9608 9487 9393
f 9402 9403 9394
f 9403 9397 9394
f 9489 9442 9395
f 10846 9489 9395
f 9434 9440 9397
f 9403 9434 9397
f 9440 9441 9397
f 9441 9398 9397
f 9441 9461 9398
f 9461 9404 9398
f 9400 9436 9399
f 9463 9462 9400
f 9462 9439 9400
f 9439 9436 9400
f 9404 9463 9400
f 9558 9565 9401
f 9565 9437 9401
f 9437 9434 9401
f 9434 9402 9401
f 9435 9558 9401
f 9434 9403 9402
f 9461 9463 9404
f 9420 9464 9405
f 9421 9465 9406
f 9422 9466 9407
f 9423 9467 9408
f 9424 9468 9409
f 9418 9469 9410
f 9426 9470 9411
f 9427 9471 9412
f 9428 9472 9413
f 9429 9473 9414
f 9430 9474 9415
f 9431 9475 9416
f 9419 9432 9417
f 9432 9433 9417
f 9561 9496 9418
f 9496 9469 9418
f 9425 9561 9418
f 9476 9533 9419
f 9533 9432 9419
f 9477 9491 9420
f 9491 9464 9420
f 9492 9465 9421
f 9478 9492 9421
f 9479 9493 9422
f 9493 9466 9422
f 9494 9467 9423
f 9480 9494 9423
f 9481 9495 9424
f 9495 9468 9424
f 9482 9561 9425
f 9483 9497 9426
f 9497 9470 9426
f 9498 9471 9427
f 9484 9498 9427
f 9485 9499 9428
f 9499 9472 9428
f 9500 9473 9429
f 9486 9500 9429
f 9487 9501 9430
f 9501 9474 9430
f 9562 9502 9431
f 9502 9475 9431
f 9532 9562 9431
f 9438 9532 9431
f 9533 9490 9432
f 9490 9488 9432
f 9488 9433 9432
f 9488 9460 9433
f 9437 9440 9434
f 9536 9558 9435
f 9702 10908 9436
f 9462 9702 9436
f 9439 9462 9436
f 9565 9440 9437
f 9565 9441 9440
f 9565 9461 9441
f 9489 9663 9442
f 9663 9664 9442
f 9664 9443 9442
f 9664 9665 9443
f 9665 9444 9443
f 9665 9666 9444
f 9666 9445 9444
f 9667 9446 9445
f 9666 9667 9445
f 9667 9668 9446
f 9668 9447 9446
f 9669 9448 9447
f 9668 9669 9447
f 9670 9449 9448
f 9669 9670 9448
f 9671 9450 9449
f 9670 9671 9449
f 9672 9451 9450
f 9671 9672 9450
f 9673 9452 9451
f 9672 9673 9451
f 9674 9453 9452
f 9673 9674 9452
f 9675 9454 9453
f 9674 9675 9453
f 9676 9455 9454
f 9675 9676 9454
f 9677 9456 9455
f 9676 9677 9455
f 9678 9457 9456
f 9677 9678 9456
f 9679 9458 9457
f 9678 9679 9457
f 9680 9459 9458
f 9679 9680 9458
f 9680 9643 9459
f 9488 9634 9460
f 9634 9916 9460
f 9565 9463 9461
f 9463 9565 9462
f 9661 9660 9462
f 9565 9661 9462
f 9660 9702 9462
f 9491 9573 9464
f 9573 9585 9464
f 9492 9574 9465
f 9574 9586 9465
f 9493 9575 9466
f 9575 9587 9466
f 9494 9576 9467
f 9576 9588 9467
f 9495 9577 9468
f 9577 9589 9468
f 9496 9578 9469
f 9578 9590 9469
f 9497 9579 9470
f 9579 9591 9470
f 9498 9580 9471
f 9580 9592 9471
f 9499 9581 9472
f 9581 9593 9472
f 9500 9582 9473
f 9582 9594 9473
f 9501 9583 9474
f 9583 9595 9474
f 9502 9584 9475
f 9584 9596 9475
f 9515 9533 9476
f 9597 9515 9476
f 9516 9503 9477
f 9503 9491 9477
f 9598 9516 9477
f 9504 9492 9478
f 9517 9504 9478
f 9599 9517 9478
f 9518 9505 9479
f 9505 9493 9479
f 9600 9518 9479
f 9506 9494 9480
f 9519 9506 9480
f 9601 9519 9480
f 9520 9507 9481
f 9507 9495 9481
f 9602 9520 9481
f 9521 9561 9482
f 9603 9521 9482
f 9522 9509 9483
f 9509 9497 9483
f 9604 9522 9483
f 9510 9498 9484
f 9523 9510 9484
f 9605 9523 9484
f 9524 9511 9485
f 9511 9499 9485
f 9606 9524 9485
f 9512 9500 9486
f 9525 9512 9486
f 9607 9525 9486
f 9526 9513 9487
f 9513 9501 9487
f 9608 9526 9487
f 9490 9634 9488
f 9571 9663 9489
f 10846 9571 9489
f 9621 9634 9490
f 9533 9621 9490
f 9503 9573 9491
f 9504 9574 9492
f 9505 9575 9493
f 9506 9576 9494
f 9507 9577 9495
f 9561 9508 9496
f 9508 9578 9496
f 9509 9579 9497
f 9510 9580 9498
f 9511 9581 9499
f 9512 9582 9500
f 9513 9583 9501
f 9562 9514 9502
f 9514 9584 9502
f 9623 9648 9503
f 9516 9623 9503
f 9648 9573 9503
f 9517 9624 9504
f 9624 9649 9504
f 9649 9574 9504
f 9625 9650 9505
f 9518 9625 9505
f 9650 9575 9505
f 9519 9626 9506
f 9626 9651 9506
f 9651 9576 9506
f 9627 9652 9507
f 9520 9627 9507
f 9652 9577 9507
f 9561 9653 9508
f 9653 9578 9508
f 9629 9654 9509
f 9522 9629 9509
f 9654 9579 9509
f 9523 9630 9510
f 9630 9655 9510
f 9655 9580 9510
f 9631 9656 9511
f 9524 9631 9511
f 9656 9581 9511
f 9525 9632 9512
f 9632 9657 9512
f 9657 9582 9512
f 9633 9658 9513
f 9526 9633 9513
f 9658 9583 9513
f 9562 9659 9514
f 9659 9584 9514
f 9622 9533 9515
f 9597 9622 9515
f 9598 9623 9516
f 9599 9624 9517
f 9600 9625 9518
f 9601 9626 9519
f 9602 9627 9520
f 9628 9561 9521
f 9603 9628 9521
f 9604 9629 9522
f 9605 9630 9523
f 9606 9631 9524
f 9607 9632 9525
f 9608 9633 9526
f 9849 9617 9527
f 9819 9849 9527
f 9528 9819 9527
f 9593 9820 9528
f 9820 9819 9528
f 9850 9618 9529
f 9821 9850 9529
f 9530 9821 9529
f 9594 9822 9530
f 9822 9821 9530
f 9703 9733 9536
f 9733 9558 9536
f 9647 9645 9533
f 9645 9621 9533
f 9701 9647 9533
f 9704 9701 9533
f 9916 9703 9536
f 9698 9565 9558
f 9733 9698 9558
f 9696 9663 9571
f 9841 9609 9540
f 9803 9841 9540
f 9541 9803 9540
f 9585 9804 9541
f 9804 9803 9541
f 9842 9610 9542
f 9805 9842 9542
f 9543 9805 9542
f 9586 9806 9543
f 9806 9805 9543
f 9843 9611 9544
f 9807 9843 9544
f 9545 9807 9544
f 9587 9808 9545
f 9808 9807 9545
f 9845 9613 9546
f 9811 9845 9546
f 9547 9811 9546
f 9589 9812 9547
f 9812 9811 9547
f 9846 9614 9548
f 9813 9846 9548
f 9549 9813 9548
f 9590 9814 9549
f 9814 9813 9549
f 9847 9615 9550
f 9815 9847 9550
f 9551 9815 9550
f 9591 9816 9551
f 9816 9815 9551
f 9848 9616 9552
f 9817 9848 9552
f 9553 9817 9552
f 9592 9818 9553
f 9818 9817 9553
f 9851 9619 9554
f 9823 9851 9554
f 9555 9823 9554
f 9595 9824 9555
f 9824 9823 9555
f 9852 9620 9556
f 9825 9852 9556
f 9572 9825 9556
f 9826 9825 9572
f 9864 9865 9559
f 9622 9681 9533
f 9681 9704 9533
f 9731 9653 9561
f 9628 9687 9561
f 9687 9731 9561
f 9705 9659 9562
f 9694 9693 9565
f 9698 9694 9565
f 9662 9661 9565
f 9693 9662 9565
f 9644 9981 9559
f 9981 9864 9559
f 9697 9562 9532
f 9697 9705 9562
f 9844 9612 9569
f 9809 9844 9569
f 9570 9809 9569
f 9588 9810 9570
f 9810 9809 9570
f 10846 9696 9571
f 9596 9826 9572
f 9648 9585 9573
f 9649 9586 9574
f 9650 9587 9575
f 9651 9588 9576
f 9652 9589 9577
f 9653 9590 9578
f 9654 9591 9579
f 9655 9592 9580
f 9656 9593 9581
f 9657 9594 9582
f 9658 9595 9583
f 9659 9596 9584
f 9767 9804 9585
f 9648 9767 9585
f 9768 9806 9586
f 9649 9768 9586
f 9769 9808 9587
f 9650 9769 9587
f 9770 9810 9588
f 9651 9770 9588
f 9771 9812 9589
f 9652 9771 9589
f 9772 9814 9590
f 9653 9772 9590
f 9773 9816 9591
f 9654 9773 9591
f 9774 9818 9592
f 9655 9774 9592
f 9775 9820 9593
f 9656 9775 9593
f 9776 9822 9594
f 9657 9776 9594
f 9777 9824 9595
f 9658 9777 9595
f 9778 9826 9596
f 9659 9778 9596
f 9743 9681 9597
f 9681 9622 9597
f 9609 9743 9597
f 9744 9682 9598
f 9682 9623 9598
f 9610 9744 9598
f 9745 9683 9599
f 9683 9624 9599
f 9611 9745 9599
f 9746 9684 9600
f 9684 9625 9600
f 9612 9746 9600
f 9747 9685 9601
f 9685 9626 9601
f 9613 9747 9601
f 9748 9686 9602
f 9686 9627 9602
f 9614 9748 9602
f 9749 9687 9603
f 9687 9628 9603
f 9615 9749 9603
f 9750 9688 9604
f 9688 9629 9604
f 9616 9750 9604
f 9751 9689 9605
f 9689 9630 9605
f 9617 9751 9605
f 9752 9690 9606
f 9690 9631 9606
f 9618 9752 9606
f 9753 9691 9607
f 9691 9632 9607
f 9619 9753 9607
f 9754 9692 9608
f 9692 9633 9608
f 9620 9754 9608
f 9841 9743 9609
f 9842 9744 9610
f 9843 9745 9611
f 9844 9746 9612
f 9845 9747 9613
f 9846 9748 9614
f 9847 9749 9615
f 9848 9750 9616
f 9849 9751 9617
f 9850 9752 9618
f 9851 9753 9619
f 9852 9754 9620
f 9646 9634 9621
f 9645 9646 9621
f 9682 9648 9623
f 9683 9649 9624
f 9684 9650 9625
f 9685 9651 9626
f 9686 9652 9627
f 9688 9654 9629
f 9689 9655 9630
f 9690 9656 9631
f 9691 9657 9632
f 9692 9658 9633
f 9646 9916 9634
f 9637 9888 9635
f 9888 9885 9635
f 9885 9636 9635
f 9885 9884 9636
f 9884 9886 9636
f 9886 9638 9636
f 9639 9892 9637
f 9892 9890 9637
f 9890 9888 9637
f 9889 9891 9638
f 9886 9889 9638
f 9891 9640 9638
f 9899 9894 9639
f 9641 9899 9639
f 9894 9892 9639
f 9893 9895 9640
f 9891 9893 9640
f 9895 9642 9640
f 9643 9979 9641
f 9979 9902 9641
f 9902 9899 9641
f 9900 9903 9642
f 9895 9900 9642
f 9903 9644 9642
f 9680 9978 9643
f 9978 9979 9643
f 9980 9981 9644
f 9903 9980 9644
f 9647 9646 9645
f 9647 9699 9646
f 9699 9916 9646
f 9701 9699 9647
f 9682 9706 9648
f 9706 9767 9648
f 9683 9707 9649
f 9707 9768 9649
f 9684 9708 9650
f 9708 9769 9650
f 9685 9709 9651
f 9709 9770 9651
f 9686 9710 9652
f 9710 9771 9652
f 9731 9711 9653
f 9711 9772 9653
f 9688 9712 9654
f 9712 9773 9654
f 9689 9713 9655
f 9713 9774 9655
f 9690 9714 9656
f 9714 9775 9656
f 9691 9715 9657
f 9715 9776 9657
f 9692 9716 9658
f 9716 9777 9658
f 9705 9717 9659
f 9717 9778 9659
f 9661 9695 9660
f 9695 9702 9660
f 9737 9695 9661
f 9662 9737 9661
f 9732 9737 9662
f 9693 9732 9662
f 9696 9950 9663
f 9950 9951 9663
f 9951 9664 9663
f 9951 9952 9664
f 9952 9665 9664
f 9952 9953 9665
f 9953 9666 9665
f 9956 9667 9666
f 9955 9956 9666
f 9953 9954 9666
f 9954 9955 9666
f 9956 9957 9667
f 9957 9668 9667
f 9957 9958 9668
f 9958 9959 9668
f 9959 9669 9668
f 9959 9960 9669
f 9960 9670 9669
f 9963 9671 9670
f 9962 9963 9670
f 9960 9961 9670
f 9961 9962 9670
f 9964 9672 9671
f 9963 9964 9671
f 9965 9673 9672
f 9964 9965 9672
f 9966 9967 9673
f 9967 9968 9673
f 9968 9674 9673
f 9965 9966 9673
f 9968 9969 9674
f 9969 9675 9674
f 9969 9970 9675
f 9970 9676 9675
f 9973 9677 9676
f 9972 9973 9676
f 9970 9971 9676
f 9971 9972 9676
f 9974 9678 9677
f 9973 9974 9677
f 9975 9679 9678
f 9974 9975 9678
f 9976 9977 9679
f 9978 9680 9679
f 9977 9978 9679
f 9975 9976 9679
f 9718 9704 9681
f 9743 9718 9681
f 9719 9706 9682
f 9744 9719 9682
f 9720 9707 9683
f 9745 9720 9683
f 9721 9708 9684
f 9746 9721 9684
f 9722 9709 9685
f 9747 9722 9685
f 9723 9710 9686
f 9748 9723 9686
f 9724 9731 9687
f 9749 9724 9687
f 9725 9712 9688
f 9750 9725 9688
f 9726 9713 9689
f 9751 9726 9689
f 9727 9714 9690
f 9752 9727 9690
f 9728 9715 9691
f 9753 9728 9691
f 9729 9716 9692
f 9754 9729 9692
f 9738 9732 9693
f 9694 9738 9693
f 9700 9739 9694
f 9698 9700 9694
f 9739 9738 9694
f 9737 9702 9695
f 9855 9950 9696
f 10846 9855 9696
f 9854 9705 9697
f 9733 9700 9698
f 9802 9828 9699
f 9701 9802 9699
f 9828 9916 9699
f 9733 9734 9700
f 9734 9735 9700
f 9735 9739 9700
f 9740 9802 9701
f 9704 9740 9701
f 10130 10908 9702
f 9736 10130 9702
f 9737 9736 9702
f 9862 9857 9703
f 9887 9862 9703
f 9857 9827 9703
f 9827 9780 9703
f 9780 9741 9703
f 9916 9896 9703
f 9896 9887 9703
f 9741 9733 9703
f 9718 9730 9704
f 9730 9740 9704
f 9766 9717 9705
f 9882 9766 9705
f 9931 9882 9705
f 9854 9931 9705
f 9719 9755 9706
f 9755 9767 9706
f 9720 9756 9707
f 9756 9768 9707
f 9721 9757 9708
f 9757 9769 9708
f 9722 9758 9709
f 9758 9770 9709
f 9723 9759 9710
f 9759 9771 9710
f 9731 9760 9711
f 9760 9772 9711
f 9725 9761 9712
f 9761 9773 9712
f 9726 9762 9713
f 9762 9774 9713
f 9727 9763 9714
f 9763 9775 9714
f 9728 9764 9715
f 9764 9776 9715
f 9729 9765 9716
f 9765 9777 9716
f 9766 9778 9717
f 9781 9730 9718
f 9743 9781 9718
f 9782 9755 9719
f 9744 9782 9719
f 9783 9756 9720
f 9745 9783 9720
f 9784 9757 9721
f 9746 9784 9721
f 9785 9758 9722
f 9747 9785 9722
f 9786 9759 9723
f 9748 9786 9723
f 9787 9731 9724
f 9749 9787 9724
f 9788 9761 9725
f 9750 9788 9725
f 9789 9762 9726
f 9751 9789 9726
f 9790 9763 9727
f 9752 9790 9727
f 9791 9764 9728
f 9753 9791 9728
f 9792 9765 9729
f 9754 9792 9729
f 9781 9901 9730
f 9853 9740 9730
f 9901 9853 9730
f 9876 9760 9731
f 9945 9876 9731
f 9787 9945 9731
f 9794 9801 9732
f 9801 9737 9732
f 9738 9794 9732
f 9796 9734 9733
f 9741 9796 9733
f 9796 9742 9734
f 9742 9735 9734
f 9742 9739 9735
f 9779 10130 9736
f 9737 9779 9736
f 9801 9779 9737
f 9793 9794 9738
f 9739 9793 9738
f 9742 9797 9739
f 9797 9793 9739
f 9853 9802 9740
f 9780 9798 9741
f 9798 9796 9741
f 9796 9795 9742
f 9795 9797 9742
f 9841 10080 9743
f 10080 9997 9743
f 9997 9781 9743
f 9842 10083 9744
f 10083 9998 9744
f 9998 9782 9744
f 9843 10086 9745
f 10086 9999 9745
f 9999 9783 9745
f 9844 10089 9746
f 10089 10000 9746
f 10000 9784 9746
f 9845 10092 9747
f 10092 10001 9747
f 10001 9785 9747
f 9846 10095 9748
f 10095 10002 9748
f 10002 9786 9748
f 9847 10098 9749
f 10098 10003 9749
f 10003 9787 9749
f 9848 10101 9750
f 10101 10004 9750
f 10004 9788 9750
f 9849 10104 9751
f 10104 10005 9751
f 10005 9789 9751
f 9850 10107 9752
f 10107 10006 9752
f 10006 9790 9752
f 9851 10110 9753
f 10110 10007 9753
f 10007 9791 9753
f 9852 10113 9754
f 10113 10008 9754
f 10008 9792 9754
f 9782 9871 9755
f 10014 9767 9755
f 9871 10014 9755
f 9783 9872 9756
f 10015 9768 9756
f 9872 10015 9756
f 9784 9873 9757
f 10016 9769 9757
f 9873 10016 9757
f 9785 9874 9758
f 10017 9770 9758
f 9874 10017 9758
f 9786 9875 9759
f 10018 9771 9759
f 9875 10018 9759
f 10019 9772 9760
f 9876 10019 9760
f 9788 9877 9761
f 10020 9773 9761
f 9877 10020 9761
f 9789 9878 9762
f 10021 9774 9762
f 9878 10021 9762
f 9790 9879 9763
f 10022 9775 9763
f 9879 10022 9763
f 9791 9880 9764
f 10023 9776 9764
f 9880 10023 9764
f 9792 9881 9765
f 10024 9777 9765
f 9881 10024 9765
f 10025 9778 9766
f 9882 10025 9766
f 9829 9804 9767
f 10082 9829 9767
f 10014 10082 9767
f 9830 9806 9768
f 10085 9830 9768
f 10015 10085 9768
f 9831 9808 9769
f 10088 9831 9769
f 10016 10088 9769
f 9832 9810 9770
f 10091 9832 9770
f 10017 10091 9770
f 9833 9812 9771
f 10094 9833 9771
f 10018 10094 9771
f 9834 9814 9772
f 10097 9834 9772
f 10019 10097 9772
f 9835 9816 9773
f 10100 9835 9773
f 10020 10100 9773
f 9836 9818 9774
f 10103 9836 9774
f 10021 10103 9774
f 9837 9820 9775
f 10106 9837 9775
f 10022 10106 9775
f 9838 9822 9776
f 10109 9838 9776
f 10023 10109 9776
f 9839 9824 9777
f 10112 9839 9777
f 10024 10112 9777
f 9840 9826 9778
f 10115 9840 9778
f 10025 10115 9778
f 9800 10130 9779
f 9801 9800 9779
f 9827 9869 9780
f 9869 9866 9780
f 9866 9798 9780
f 9904 9901 9781
f 9997 9904 9781
f 9905 9871 9782
f 9998 9905 9782
f 9906 9872 9783
f 9999 9906 9783
f 9907 9873 9784
f 10000 9907 9784
f 9908 9874 9785
f 10001 9908 9785
f 9909 9875 9786
f 10002 9909 9786
f 9910 9945 9787
f 10003 9910 9787
f 9911 9877 9788
f 10004 9911 9788
f 9912 9878 9789
f 10005 9912 9789
f 9913 9879 9790
f 10006 9913 9790
f 9914 9880 9791
f 10007 9914 9791
f 9915 9881 9792
f 10008 9915 9792
f 9859 9861 9793
f 9861 9794 9793
f 9797 9859 9793
f 9861 9868 9794
f 9868 9801 9794
f 9798 9799 9795
f 9796 9798 9795
f 9799 9797 9795
f 9863 9860 9797
f 9799 9863 9797
f 9860 9859 9797
f 9866 9799 9798
f 9866 9863 9799
f 9856 10130 9800
f 9801 9856 9800
f 9868 9856 9801
f 9858 9828 9802
f 9982 9858 9802
f 9897 9982 9802
f 9853 9897 9802
f 10080 9841 9803
f 10081 10080 9803
f 9829 10081 9803
f 9804 9829 9803
f 10083 9842 9805
f 10084 10083 9805
f 9830 10084 9805
f 9806 9830 9805
f 10086 9843 9807
f 10087 10086 9807
f 9831 10087 9807
f 9808 9831 9807
f 10089 9844 9809
f 10090 10089 9809
f 9832 10090 9809
f 9810 9832 9809
f 10092 9845 9811
f 10093 10092 9811
f 9833 10093 9811
f 9812 9833 9811
f 10095 9846 9813
f 10096 10095 9813
f 9834 10096 9813
f 9814 9834 9813
f 10098 9847 9815
f 10099 10098 9815
f 9835 10099 9815
f 9816 9835 9815
f 10101 9848 9817
f 10102 10101 9817
f 9836 10102 9817
f 9818 9836 9817
f 10104 9849 9819
f 10105 10104 9819
f 9837 10105 9819
f 9820 9837 9819
f 10107 9850 9821
f 10108 10107 9821
f 9838 10108 9821
f 9822 9838 9821
f 10110 9851 9823
f 10111 10110 9823
f 9839 10111 9823
f 9824 9839 9823
f 10113 9852 9825
f 10114 10113 9825
f 9840 10114 9825
f 9826 9840 9825
f 9857 9989 9827
f 9989 9985 9827
f 9985 9869 9827
f 9858 9916 9828
f 10082 10081 9829
f 10085 10084 9830
f 10088 10087 9831
f 10091 10090 9832
f 10094 10093 9833
f 10097 10096 9834
f 10100 10099 9835
f 10103 10102 9836
f 10106 10105 9837
f 10109 10108 9838
f 10112 10111 9839
f 10115 10114 9840
f 9944 9897 9853
f 9901 9944 9853
f 9994 9931 9854
f 9948 9949 9855
f 9949 9950 9855
f 10846 9948 9855
f 9867 10130 9856
f 9868 9867 9856
f 9862 10027 9857
f 10027 10011 9857
f 10011 9989 9857
f 9982 9983 9858
f 9983 9916 9858
f 9947 9984 9859
f 9984 9861 9859
f 9860 9947 9859
f 9883 9917 9860
f 9870 9883 9860
f 9863 9870 9860
f 9917 9947 9860
f 9984 9987 9861
f 9987 9868 9861
f 9887 10066 9862
f 10066 10063 9862
f 10063 10027 9862
f 9866 9869 9863
f 9869 9870 9863
f 9981 9865 9864
f 9996 10480 9865
f 10161 9996 9865
f 9981 10161 9865
f 9898 10130 9867
f 9868 9898 9867
f 9987 9898 9868
f 9985 9883 9869
f 9883 9870 9869
f 9905 9919 9871
f 9919 10014 9871
f 9906 9920 9872
f 9920 10015 9872
f 9907 9921 9873
f 9921 10016 9873
f 9908 9922 9874
f 9922 10017 9874
f 9909 9923 9875
f 9923 10018 9875
f 9945 9924 9876
f 9924 10019 9876
f 9911 9925 9877
f 9925 10020 9877
f 9912 9926 9878
f 9926 10021 9878
f 9913 9927 9879
f 9927 10022 9879
f 9914 9928 9880
f 9928 10023 9880
f 9915 9929 9881
f 9929 10024 9881
f 9931 9930 9882
f 9930 10025 9882
f 9985 9918 9883
f 9918 9917 9883
f 10142 9886 9884
f 10141 10142 9884
f 9885 10141 9884
f 10140 10141 9885
f 9888 10140 9885
f 10143 9889 9886
f 10142 10143 9886
f 9896 10032 9887
f 10032 10076 9887
f 10076 10066 9887
f 10139 10140 9888
f 9890 10139 9888
f 10144 9891 9889
f 10143 10144 9889
f 10138 10139 9890
f 9892 10138 9890
f 10145 9893 9891
f 10144 10145 9891
f 9894 10138 9892
f 10146 9895 9893
f 10145 10146 9893
f 10137 10138 9894
f 9899 10137 9894
f 10147 9900 9895
f 10146 10147 9895
f 9916 10032 9896
f 9944 10075 9897
f 10075 9982 9897
f 9986 10130 9898
f 9987 9986 9898
f 10136 10137 9899
f 9902 10136 9899
f 10148 9903 9900
f 10147 10148 9900
f 9904 9944 9901
f 10135 10136 9902
f 9979 10135 9902
f 10149 9980 9903
f 10148 10149 9903
f 9932 9944 9904
f 9997 9932 9904
f 9933 9919 9905
f 9998 9933 9905
f 9934 9920 9906
f 9999 9934 9906
f 9935 9921 9907
f 10000 9935 9907
f 9936 9922 9908
f 10001 9936 9908
f 9937 9923 9909
f 10002 9937 9909
f 9938 9945 9910
f 10003 9938 9910
f 9939 9925 9911
f 10004 9939 9911
f 9940 9926 9912
f 10005 9940 9912
f 9941 9927 9913
f 10006 9941 9913
f 9942 9928 9914
f 10007 9942 9914
f 9943 9929 9915
f 10008 9943 9915
f 9983 10079 9916
f 10079 10177 9916
f 10177 10033 9916
f 10033 10032 9916
f 9918 9991 9917
f 9991 9993 9917
f 9993 9947 9917
f 9989 9988 9918
f 9985 9989 9918
f 9988 9991 9918
f 10047 10034 9919
f 9933 10047 9919
f 10034 10014 9919
f 10048 10035 9920
f 9934 10048 9920
f 10035 10015 9920
f 10049 10036 9921
f 9935 10049 9921
f 10036 10016 9921
f 10050 10037 9922
f 9936 10050 9922
f 10037 10017 9922
f 10051 10038 9923
f 9937 10051 9923
f 10038 10018 9923
f 9945 10039 9924
f 10039 10019 9924
f 10053 10040 9925
f 9939 10053 9925
f 10040 10020 9925
f 10054 10041 9926
f 9940 10054 9926
f 10041 10021 9926
f 10055 10042 9927
f 9941 10055 9927
f 10042 10022 9927
f 10056 10043 9928
f 9942 10056 9928
f 10043 10023 9928
f 10057 10044 9929
f 9943 10057 9929
f 10044 10024 9929
f 9931 9946 9930
f 9946 10025 9930
f 10117 10045 9931
f 10045 9946 9931
f 9994 10117 9931
f 10046 9944 9932
f 9997 10046 9932
f 9998 10047 9933
f 9999 10048 9934
f 10000 10049 9935
f 10001 10050 9936
f 10002 10051 9937
f 10052 9945 9938
f 10003 10052 9938
f 10004 10053 9939
f 10005 10054 9940
f 10006 10055 9941
f 10007 10056 9942
f 10008 10057 9943
f 10046 10075 9944
f 10163 10039 9945
f 10052 10163 9945
f 10045 10025 9946
f 9993 9995 9947
f 9995 9984 9947
f 10675 10683 9948
f 10683 9949 9948
f 10846 10675 9948
f 10683 9950 9949
f 10684 9951 9950
f 10683 10684 9950
f 10685 9952 9951
f 10684 10685 9951
f 10686 9953 9952
f 10685 10686 9952
f 10687 9954 9953
f 10686 10687 9953
f 10688 9955 9954
f 10687 10688 9954
f 10689 9956 9955
f 10688 10689 9955
f 10689 9957 9956
f 10690 9958 9957
f 10689 10690 9957
f 10691 9959 9958
f 10690 10691 9958
f 10693 9960 9959
f 10692 10693 9959
f 10691 10692 9959
f 10694 9961 9960
f 10693 10694 9960
f 10695 9962 9961
f 10694 10695 9961
f 10696 9963 9962
f 10695 10696 9962
f 10696 9964 9963
f 10696 10697 9964
f 10697 9965 9964
f 10697 10698 9965
f 10698 9966 9965
f 10700 9967 9966
f 10698 10699 9966
f 10699 10700 9966
f 10700 10701 9967
f 10701 9968 9967
f 10701 9969 9968
f 10702 9970 9969
f 10701 10702 9969
f 10703 9971 9970
f 10702 10703 9970
f 10704 9972 9971
f 10703 10704 9971
f 10705 9973 9972
f 10704 10705 9972
f 10706 9974 9973
f 10705 10706 9973
f 10707 9975 9974
f 10706 10707 9974
f 10708 9976 9975
f 10707 10708 9975
f 10709 9977 9976
f 10708 10709 9976
f 10133 9978 9977
f 10710 10133 9977
f 10709 10710 9977
f 10134 9979 9978
f 10133 10134 9978
f 10134 10135 9979
f 10151 9981 9980
f 10150 10151 9980
f 10149 10150 9980
f 10151 10161 9981
f 10012 9983 9982
f 10075 10012 9982
f 10012 10071 9983
f 10071 10079 9983
f 9995 10010 9984
f 10010 9987 9984
f 9992 10130 9986
f 9987 9992 9986
f 10010 9992 9987
f 10011 9990 9988
f 9989 10011 9988
f 9990 9991 9988
f 10027 10013 9990
f 10011 10027 9990
f 10030 9991 9990
f 10013 10030 9990
f 10030 10031 9991
f 10031 9993 9991
f 10009 10130 9992
f 10010 10009 9992
f 10031 10058 9993
f 10058 9995 9993
f 10178 10117 9994
f 10058 10060 9995
f 10060 10010 9995
f 10179 10480 9996
f 10161 10176 9996
f 10176 10310 9996
f 10310 10179 9996
f 10231 10216 9997
f 10216 10118 9997
f 10118 10046 9997
f 10355 10231 9997
f 10180 10355 9997
f 10080 10180 9997
f 10232 10217 9998
f 10217 10119 9998
f 10119 10047 9998
f 10358 10232 9998
f 10181 10358 9998
f 10083 10181 9998
f 10233 10218 9999
f 10218 10120 9999
f 10120 10048 9999
f 10361 10233 9999
f 10182 10361 9999
f 10086 10182 9999
f 10234 10219 10000
f 10219 10121 10000
f 10121 10049 10000
f 10364 10234 10000
f 10183 10364 10000
f 10089 10183 10000
f 10235 10220 10001
f 10220 10122 10001
f 10122 10050 10001
f 10367 10235 10001
f 10184 10367 10001
f 10092 10184 10001
f 10236 10221 10002
f 10221 10123 10002
f 10123 10051 10002
f 10370 10236 10002
f 10185 10370 10002
f 10095 10185 10002
f 10237 10222 10003
f 10222 10124 10003
f 10124 10052 10003
f 10373 10237 10003
f 10186 10373 10003
f 10098 10186 10003
f 10238 10223 10004
f 10223 10125 10004
f 10125 10053 10004
f 10376 10238 10004
f 10187 10376 10004
f 10101 10187 10004
f 10239 10224 10005
f 10224 10126 10005
f 10126 10054 10005
f 10379 10239 10005
f 10188 10379 10005
f 10104 10188 10005
f 10240 10225 10006
f 10225 10127 10006
f 10127 10055 10006
f 10382 10240 10006
f 10189 10382 10006
f 10107 10189 10006
f 10241 10226 10007
f 10226 10128 10007
f 10128 10056 10007
f 10385 10241 10007
f 10190 10385 10007
f 10110 10190 10007
f 10242 10227 10008
f 10227 10129 10008
f 10129 10057 10008
f 10388 10242 10008
f 10191 10388 10008
f 10113 10191 10008
f 10059 10130 10009
f 10010 10060 10009
f 10060 10059 10009
f 10162 10071 10012
f 10075 10162 10012
f 10027 10026 10013
f 10026 10030 10013
f 10034 10164 10014
f 10164 10257 10014
f 10192 10082 10014
f 10357 10192 10014
f 10257 10357 10014
f 10035 10165 10015
f 10165 10258 10015
f 10193 10085 10015
f 10360 10193 10015
f 10258 10360 10015
f 10036 10166 10016
f 10166 10259 10016
f 10194 10088 10016
f 10363 10194 10016
f 10259 10363 10016
f 10037 10167 10017
f 10167 10260 10017
f 10195 10091 10017
f 10366 10195 10017
f 10260 10366 10017
f 10038 10168 10018
f 10168 10261 10018
f 10196 10094 10018
f 10369 10196 10018
f 10261 10369 10018
f 10039 10169 10019
f 10169 10262 10019
f 10197 10097 10019
f 10372 10197 10019
f 10262 10372 10019
f 10040 10170 10020
f 10170 10263 10020
f 10198 10100 10020
f 10375 10198 10020
f 10263 10375 10020
f 10041 10171 10021
f 10171 10264 10021
f 10199 10103 10021
f 10378 10199 10021
f 10264 10378 10021
f 10042 10172 10022
f 10172 10265 10022
f 10200 10106 10022
f 10381 10200 10022
f 10265 10381 10022
f 10043 10173 10023
f 10173 10266 10023
f 10201 10109 10023
f 10384 10201 10023
f 10266 10384 10023
f 10044 10174 10024
f 10174 10267 10024
f 10202 10112 10024
f 10387 10202 10024
f 10267 10387 10024
f 10045 10175 10025
f 10175 10268 10025
f 10203 10115 10025
f 10390 10203 10025
f 10268 10390 10025
f 10027 10028 10026
f 10028 10030 10026
f 10063 10029 10027
f 10029 10028 10027
f 10029 10030 10028
f 10063 10061 10029
f 10062 10030 10029
f 10061 10062 10029
f 10062 10064 10030
f 10064 10031 10030
f 10064 10067 10031
f 10067 10058 10031
f 10152 10076 10032
f 10033 10152 10032
f 10177 10230 10033
f 10230 10228 10033
f 10228 10308 10033
f 10308 10229 10033
f 10229 10152 10033
f 10119 10164 10034
f 10047 10119 10034
f 10120 10165 10035
f 10048 10120 10035
f 10121 10166 10036
f 10049 10121 10036
f 10122 10167 10037
f 10050 10122 10037
f 10123 10168 10038
f 10051 10123 10038
f 10163 10169 10039
f 10125 10170 10040
f 10053 10125 10040
f 10126 10171 10041
f 10054 10126 10041
f 10127 10172 10042
f 10055 10127 10042
f 10128 10173 10043
f 10056 10128 10043
f 10129 10174 10044
f 10057 10129 10044
f 10117 10175 10045
f 10118 10075 10046
f 10124 10163 10052
f 10067 10069 10058
f 10069 10060 10058
f 10068 10130 10059
f 10060 10069 10059
f 10069 10068 10059
f 10066 10065 10061
f 10063 10066 10061
f 10065 10062 10061
f 10065 10072 10062
f 10072 10073 10062
f 10073 10064 10062
f 10073 10074 10064
f 10074 10067 10064
f 10076 10070 10065
f 10066 10076 10065
f 10070 10072 10065
f 10074 10078 10067
f 10078 10069 10067
f 10077 10130 10068
f 10069 10078 10068
f 10078 10077 10068
f 10153 10116 10070
f 10152 10153 10070
f 10076 10152 10070
f 10116 10072 10070
f 10269 10079 10071
f 10162 10269 10071
f 10155 10156 10072
f 10116 10155 10072
f 10156 10157 10072
f 10157 10073 10072
f 10157 10158 10073
f 10158 10074 10073
f 10158 10159 10074
f 10159 10078 10074
f 10118 10162 10075
f 10131 10130 10077
f 10078 10159 10077
f 10159 10131 10077
f 10269 10177 10079
f 10081 10180 10080
f 10082 10192 10081
f 10192 10356 10081
f 10356 10180 10081
f 10084 10181 10083
f 10085 10193 10084
f 10193 10359 10084
f 10359 10181 10084
f 10087 10182 10086
f 10088 10194 10087
f 10194 10362 10087
f 10362 10182 10087
f 10090 10183 10089
f 10091 10195 10090
f 10195 10365 10090
f 10365 10183 10090
f 10093 10184 10092
f 10094 10196 10093
f 10196 10368 10093
f 10368 10184 10093
f 10096 10185 10095
f 10097 10197 10096
f 10197 10371 10096
f 10371 10185 10096
f 10099 10186 10098
f 10100 10198 10099
f 10198 10374 10099
f 10374 10186 10099
f 10102 10187 10101
f 10103 10199 10102
f 10199 10377 10102
f 10377 10187 10102
f 10105 10188 10104
f 10106 10200 10105
f 10200 10380 10105
f 10380 10188 10105
f 10108 10189 10107
f 10109 10201 10108
f 10201 10383 10108
f 10383 10189 10108
f 10111 10190 10110
f 10112 10202 10111
f 10202 10386 10111
f 10386 10190 10111
f 10114 10191 10113
f 10115 10203 10114
f 10203 10389 10114
f 10389 10191 10114
f 10153 10154 10116
f 10154 10155 10116
f 10215 10175 10117
f 10256 10215 10117
f 10295 10256 10117
f 10178 10295 10117
f 10216 10162 10118
f 10217 10164 10119
f 10218 10165 10120
f 10219 10166 10121
f 10220 10167 10122
f 10221 10168 10123
f 10222 10163 10124
f 10223 10170 10125
f 10224 10171 10126
f 10225 10172 10127
f 10226 10173 10128
f 10227 10174 10129
f 10131 10132 10130
f 10909 10908 10130
f 10132 10909 10130
f 10159 10160 10131
f 10160 10161 10131
f 10161 10132 10131
f 10143 10142 10132
f 10146 10145 10132
f 10145 10144 10132
f 10144 10143 10132
f 10142 10141 10132
f 10141 10140 10132
f 10140 10139 10132
f 10161 10147 10132
f 10147 10146 10132
f 10139 10138 10132
f 10138 10137 10132
f 10137 10136 10132
f 10136 10135 10132
f 10135 10134 10132
f 10134 10133 10132
f 10912 10909 10132
f 10913 10912 10132
f 10133 10711 10132
f 10711 10913 10132
f 10710 10711 10133
f 10161 10148 10147
f 10161 10149 10148
f 10161 10150 10149
f 10161 10151 10150
f 10229 10153 10152
f 10229 10154 10153
f 10229 10155 10154
f 10229 10156 10155
f 10229 10157 10156
f 10229 10158 10157
f 10229 10159 10158
f 10229 10160 10159
f 10176 10161 10160
f 10309 10176 10160
f 10229 10309 10160
f 10216 10269 10162
f 10250 10209 10163
f 10209 10169 10163
f 10312 10250 10163
f 10222 10312 10163
f 10217 10204 10164
f 10204 10257 10164
f 10218 10205 10165
f 10205 10258 10165
f 10219 10206 10166
f 10206 10259 10166
f 10220 10207 10167
f 10207 10260 10167
f 10221 10208 10168
f 10208 10261 10168
f 10209 10262 10169
f 10223 10210 10170
f 10210 10263 10170
f 10224 10211 10171
f 10211 10264 10171
f 10225 10212 10172
f 10212 10265 10172
f 10226 10213 10173
f 10213 10266 10173
f 10227 10214 10174
f 10214 10267 10174
f 10215 10268 10175
f 10309 10310 10176
f 10269 10311 10177
f 10311 10230 10177
f 10243 10295 10178
f 10244 10480 10179
f 10310 10325 10179
f 10325 10425 10179
f 10425 10244 10179
f 10356 10355 10180
f 10359 10358 10181
f 10362 10361 10182
f 10365 10364 10183
f 10368 10367 10184
f 10371 10370 10185
f 10374 10373 10186
f 10377 10376 10187
f 10380 10379 10188
f 10383 10382 10189
f 10386 10385 10190
f 10389 10388 10191
f 10357 10356 10192
f 10360 10359 10193
f 10363 10362 10194
f 10366 10365 10195
f 10369 10368 10196
f 10372 10371 10197
f 10375 10374 10198
f 10378 10377 10199
f 10381 10380 10200
f 10384 10383 10201
f 10387 10386 10202
f 10390 10389 10203
f 10271 10245 10204
f 10217 10271 10204
f 10245 10257 10204
f 10272 10246 10205
f 10218 10272 10205
f 10246 10258 10205
f 10273 10247 10206
f 10219 10273 10206
f 10247 10259 10206
f 10274 10248 10207
f 10220 10274 10207
f 10248 10260 10207
f 10275 10249 10208
f 10221 10275 10208
f 10249 10261 10208
f 10250 10262 10209
f 10277 10251 10210
f 10223 10277 10210
f 10251 10263 10210
f 10278 10252 10211
f 10224 10278 10211
f 10252 10264 10211
f 10279 10253 10212
f 10225 10279 10212
f 10253 10265 10212
f 10280 10254 10213
f 10226 10280 10213
f 10254 10266 10213
f 10281 10255 10214
f 10227 10281 10214
f 10255 10267 10214
f 10256 10268 10215
f 10270 10269 10216
f 10231 10270 10216
f 10232 10271 10217
f 10233 10272 10218
f 10234 10273 10219
f 10235 10274 10220
f 10236 10275 10221
f 10276 10312 10222
f 10237 10276 10222
f 10238 10277 10223
f 10239 10278 10224
f 10240 10279 10225
f 10241 10280 10226
f 10242 10281 10227
f 10230 10282 10228
f 10282 10409 10228
f 10409 10326 10228
f 10326 10308 10228
f 10308 10309 10229
f 10327 10330 10230
f 10330 10282 10230
f 10311 10394 10230
f 10394 10411 10230
f 10411 10327 10230
f 10331 10296 10231
f 10296 10270 10231
f 10493 10465 10231
f 10465 10397 10231
f 10397 10331 10231
f 10426 10493 10231
f 10355 10426 10231
f 10332 10297 10232
f 10297 10271 10232
f 10494 10466 10232
f 10466 10398 10232
f 10398 10332 10232
f 10427 10494 10232
f 10358 10427 10232
f 10333 10298 10233
f 10298 10272 10233
f 10495 10467 10233
f 10467 10399 10233
f 10399 10333 10233
f 10428 10495 10233
f 10361 10428 10233
f 10334 10299 10234
f 10299 10273 10234
f 10496 10468 10234
f 10468 10400 10234
f 10400 10334 10234
f 10429 10496 10234
f 10364 10429 10234
f 10335 10300 10235
f 10300 10274 10235
f 10497 10469 10235
f 10469 10401 10235
f 10401 10335 10235
f 10430 10497 10235
f 10367 10430 10235
f 10336 10301 10236
f 10301 10275 10236
f 10498 10470 10236
f 10470 10402 10236
f 10402 10336 10236
f 10431 10498 10236
f 10370 10431 10236
f 10337 10302 10237
f 10302 10276 10237
f 10499 10471 10237
f 10471 10403 10237
f 10403 10337 10237
f 10432 10499 10237
f 10373 10432 10237
f 10338 10303 10238
f 10303 10277 10238
f 10500 10472 10238
f 10472 10404 10238
f 10404 10338 10238
f 10433 10500 10238
f 10376 10433 10238
f 10339 10304 10239
f 10304 10278 10239
f 10501 10473 10239
f 10473 10405 10239
f 10405 10339 10239
f 10434 10501 10239
f 10379 10434 10239
f 10340 10305 10240
f 10305 10279 10240
f 10502 10474 10240
f 10474 10406 10240
f 10406 10340 10240
f 10435 10502 10240
f 10382 10435 10240
f 10341 10306 10241
f 10306 10280 10241
f 10503 10475 10241
f 10475 10407 10241
f 10407 10341 10241
f 10436 10503 10241
f 10385 10436 10241
f 10342 10307 10242
f 10307 10281 10242
f 10504 10476 10242
f 10476 10408 10242
f 10408 10342 10242
f 10437 10504 10242
f 10388 10437 10242
f 10328 10396 10243
f 10396 10295 10243
f 10329 10480 10244
f 10425 10547 10244
f 10547 10329 10244
f 10297 10283 10245
f 10271 10297 10245
f 10283 10257 10245
f 10272 10298 10246
f 10298 10284 10246
f 10284 10258 10246
f 10299 10285 10247
f 10273 10299 10247
f 10285 10259 10247
f 10274 10300 10248
f 10300 10286 10248
f 10286 10260 10248
f 10301 10287 10249
f 10275 10301 10249
f 10287 10261 10249
f 10312 10288 10250
f 10288 10262 10250
f 10303 10289 10251
f 10277 10303 10251
f 10289 10263 10251
f 10278 10304 10252
f 10304 10290 10252
f 10290 10264 10252
f 10305 10291 10253
f 10279 10305 10253
f 10291 10265 10253
f 10280 10306 10254
f 10306 10292 10254
f 10292 10266 10254
f 10307 10293 10255
f 10281 10307 10255
f 10293 10267 10255
f 10295 10294 10256
f 10294 10268 10256
f 10451 10481 10257
f 10481 10506 10257
f 10506 10535 10257
f 10283 10313 10257
f 10313 10343 10257
f 10343 10413 10257
f 10413 10451 10257
f 10438 10357 10257
f 10535 10438 10257
f 10452 10482 10258
f 10482 10507 10258
f 10507 10536 10258
f 10284 10314 10258
f 10314 10344 10258
f 10344 10414 10258
f 10414 10452 10258
f 10439 10360 10258
f 10536 10439 10258
f 10453 10483 10259
f 10483 10508 10259
f 10508 10537 10259
f 10285 10315 10259
f 10315 10345 10259
f 10345 10415 10259
f 10415 10453 10259
f 10440 10363 10259
f 10537 10440 10259
f 10454 10484 10260
f 10484 10509 10260
f 10509 10538 10260
f 10286 10316 10260
f 10316 10346 10260
f 10346 10416 10260
f 10416 10454 10260
f 10441 10366 10260
f 10538 10441 10260
f 10455 10485 10261
f 10485 10510 10261
f 10510 10539 10261
f 10287 10317 10261
f 10317 10347 10261
f 10347 10417 10261
f 10417 10455 10261
f 10442 10369 10261
f 10539 10442 10261
f 10456 10486 10262
f 10486 10511 10262
f 10511 10540 10262
f 10288 10318 10262
f 10318 10348 10262
f 10348 10418 10262
f 10418 10456 10262
f 10443 10372 10262
f 10540 10443 10262
f 10457 10487 10263
f 10487 10512 10263
f 10512 10541 10263
f 10289 10319 10263
f 10319 10349 10263
f 10349 10419 10263
f 10419 10457 10263
f 10444 10375 10263
f 10541 10444 10263
f 10458 10488 10264
f 10488 10513 10264
f 10513 10542 10264
f 10290 10320 10264
f 10320 10350 10264
f 10350 10420 10264
f 10420 10458 10264
f 10445 10378 10264
f 10542 10445 10264
f 10459 10489 10265
f 10489 10514 10265
f 10514 10543 10265
f 10291 10321 10265
f 10321 10351 10265
f 10351 10421 10265
f 10421 10459 10265
f 10446 10381 10265
f 10543 10446 10265
f 10460 10490 10266
f 10490 10515 10266
f 10515 10544 10266
f 10292 10322 10266
f 10322 10352 10266
f 10352 10422 10266
f 10422 10460 10266
f 10447 10384 10266
f 10544 10447 10266
f 10461 10491 10267
f 10491 10516 10267
f 10516 10545 10267
f 10293 10323 10267
f 10323 10353 10267
f 10353 10423 10267
f 10423 10461 10267
f 10448 10387 10267
f 10545 10448 10267
f 10462 10492 10268
f 10492 10517 10268
f 10517 10546 10268
f 10294 10324 10268
f 10324 10354 10268
f 10354 10424 10268
f 10424 10462 10268
f 10449 10390 10268
f 10546 10449 10268
f 10270 10311 10269
f 10296 10311 10270
f 10302 10312 10276
f 10330 10531 10282
f 10531 10478 10282
f 10478 10409 10282
f 10297 10313 10283
f 10298 10314 10284
f 10299 10315 10285
f 10300 10316 10286
f 10301 10317 10287
f 10312 10318 10288
f 10303 10319 10289
f 10304 10320 10290
f 10305 10321 10291
f 10306 10322 10292
f 10307 10323 10293
f 10295 10324 10294
f 10396 10354 10295
f 10354 10324 10295
f 10331 10311 10296
f 10332 10313 10297
f 10333 10314 10298
f 10334 10315 10299
f 10335 10316 10300
f 10336 10317 10301
f 10337 10312 10302
f 10338 10319 10303
f 10339 10320 10304
f 10340 10321 10305
f 10341 10322 10306
f 10342 10323 10307
f 10326 10309 10308
f 10325 10310 10309
f 10410 10325 10309
f 10326 10410 10309
f 10331 10394 10311
f 10412 10348 10312
f 10348 10318 10312
f 10337 10412 10312
f 10332 10343 10313
f 10333 10344 10314
f 10334 10345 10315
f 10335 10346 10316
f 10336 10347 10317
f 10338 10349 10319
f 10339 10350 10320
f 10340 10351 10321
f 10341 10352 10322
f 10342 10353 10323
f 10410 10425 10325
f 10409 10410 10326
f 10391 10330 10327
f 10411 10505 10327
f 10505 10533 10327
f 10533 10391 10327
f 10392 10518 10328
f 10518 10396 10328
f 10393 10480 10329
f 10547 10604 10329
f 10604 10393 10329
f 10391 10450 10330
f 10450 10395 10330
f 10395 10575 10330
f 10575 10548 10330
f 10548 10531 10330
f 10397 10394 10331
f 10398 10343 10332
f 10399 10344 10333
f 10400 10345 10334
f 10401 10346 10335
f 10402 10347 10336
f 10403 10412 10337
f 10404 10349 10338
f 10405 10350 10339
f 10406 10351 10340
f 10407 10352 10341
f 10408 10353 10342
f 10398 10413 10343
f 10399 10414 10344
f 10400 10415 10345
f 10401 10416 10346
f 10402 10417 10347
f 10412 10418 10348
f 10404 10419 10349
f 10405 10420 10350
f 10406 10421 10351
f 10407 10422 10352
f 10408 10423 10353
f 10396 10424 10354
f 10356 10426 10355
f 10631 10630 10356
f 10630 10426 10356
f 10438 10631 10356
f 10357 10438 10356
f 10359 10427 10358
f 10634 10633 10359
f 10633 10427 10359
f 10439 10634 10359
f 10360 10439 10359
f 10362 10428 10361
f 10637 10636 10362
f 10636 10428 10362
f 10440 10637 10362
f 10363 10440 10362
f 10365 10429 10364
f 10640 10639 10365
f 10639 10429 10365
f 10441 10640 10365
f 10366 10441 10365
f 10368 10430 10367
f 10643 10642 10368
f 10642 10430 10368
f 10442 10643 10368
f 10369 10442 10368
f 10371 10431 10370
f 10646 10645 10371
f 10645 10431 10371
f 10443 10646 10371
f 10372 10443 10371
f 10374 10432 10373
f 10649 10648 10374
f 10648 10432 10374
f 10444 10649 10374
f 10375 10444 10374
f 10377 10433 10376
f 10652 10651 10377
f 10651 10433 10377
f 10445 10652 10377
f 10378 10445 10377
f 10380 10434 10379
f 10655 10654 10380
f 10654 10434 10380
f 10446 10655 10380
f 10381 10446 10380
f 10383 10435 10382
f 10658 10657 10383
f 10657 10435 10383
f 10447 10658 10383
f 10384 10447 10383
f 10386 10436 10385
f 10661 10660 10386
f 10660 10436 10386
f 10448 10661 10386
f 10387 10448 10386
f 10389 10437 10388
f 10664 10663 10389
f 10663 10437 10389
f 10449 10664 10389
f 10390 10449 10389
f 10533 10573 10391
f 10573 10577 10391
f 10577 10450 10391
f 10463 10579 10392
f 10579 10574 10392
f 10574 10518 10392
f 10464 10480 10393
f 10604 10673 10393
f 10673 10464 10393
f 10397 10411 10394
f 10450 10477 10395
f 10477 10668 10395
f 10668 10629 10395
f 10629 10575 10395
f 10518 10462 10396
f 10462 10424 10396
f 10465 10411 10397
f 10466 10413 10398
f 10467 10414 10399
f 10468 10415 10400
f 10469 10416 10401
f 10470 10417 10402
f 10471 10412 10403
f 10472 10419 10404
f 10473 10420 10405
f 10474 10421 10406
f 10475 10422 10407
f 10476 10423 10408
f 10478 10410 10409
f 10478 10532 10410
f 10532 10425 10410
f 10465 10505 10411
f 10456 10418 10412
f 10534 10456 10412
f 10471 10534 10412
f 10466 10451 10413
f 10467 10452 10414
f 10468 10453 10415
f 10469 10454 10416
f 10470 10455 10417
f 10472 10457 10419
f 10473 10458 10420
f 10474 10459 10421
f 10475 10460 10422
f 10476 10461 10423
f 10532 10547 10425
f 10630 10605 10426
f 10605 10580 10426
f 10580 10549 10426
f 10549 10519 10426
f 10519 10493 10426
f 10633 10606 10427
f 10606 10581 10427
f 10581 10550 10427
f 10550 10520 10427
f 10520 10494 10427
f 10636 10607 10428
f 10607 10582 10428
f 10582 10551 10428
f 10551 10521 10428
f 10521 10495 10428
f 10639 10608 10429
f 10608 10583 10429
f 10583 10552 10429
f 10552 10522 10429
f 10522 10496 10429
f 10642 10609 10430
f 10609 10584 10430
f 10584 10553 10430
f 10553 10523 10430
f 10523 10497 10430
f 10645 10610 10431
f 10610 10585 10431
f 10585 10554 10431
f 10554 10524 10431
f 10524 10498 10431
f 10648 10611 10432
f 10611 10586 10432
f 10586 10555 10432
f 10555 10525 10432
f 10525 10499 10432
f 10651 10612 10433
f 10612 10587 10433
f 10587 10556 10433
f 10556 10526 10433
f 10526 10500 10433
f 10654 10613 10434
f 10613 10588 10434
f 10588 10557 10434
f 10557 10527 10434
f 10527 10501 10434
f 10657 10614 10435
f 10614 10589 10435
f 10589 10558 10435
f 10558 10528 10435
f 10528 10502 10435
f 10660 10615 10436
f 10615 10590 10436
f 10590 10559 10436
f 10559 10529 10436
f 10529 10503 10436
f 10663 10616 10437
f 10616 10591 10437
f 10591 10560 10437
f 10560 10530 10437
f 10530 10504 10437
f 10561 10592 10438
f 10592 10617 10438
f 10617 10632 10438
f 10535 10561 10438
f 10632 10631 10438
f 10562 10593 10439
f 10593 10618 10439
f 10618 10635 10439
f 10536 10562 10439
f 10635 10634 10439
f 10563 10594 10440
f 10594 10619 10440
f 10619 10638 10440
f 10537 10563 10440
f 10638 10637 10440
f 10564 10595 10441
f 10595 10620 10441
f 10620 10641 10441
f 10538 10564 10441
f 10641 10640 10441
f 10565 10596 10442
f 10596 10621 10442
f 10621 10644 10442
f 10539 10565 10442
f 10644 10643 10442
f 10566 10597 10443
f 10597 10622 10443
f 10622 10647 10443
f 10540 10566 10443
f 10647 10646 10443
f 10567 10598 10444
f 10598 10623 10444
f 10623 10650 10444
f 10541 10567 10444
f 10650 10649 10444
f 10568 10599 10445
f 10599 10624 10445
f 10624 10653 10445
f 10542 10568 10445
f 10653 10652 10445
f 10569 10600 10446
f 10600 10625 10446
f 10625 10656 10446
f 10543 10569 10446
f 10656 10655 10446
f 10570 10601 10447
f 10601 10626 10447
f 10626 10659 10447
f 10544 10570 10447
f 10659 10658 10447
f 10571 10602 10448
f 10602 10627 10448
f 10627 10662 10448
f 10545 10571 10448
f 10662 10661 10448
f 10572 10603 10449
f 10603 10628 10449
f 10628 10665 10449
f 10546 10572 10449
f 10665 10664 10449
f 10479 10477 10450
f 10577 10666 10450
f 10666 10670 10450
f 10670 10479 10450
f 10494 10520 10451
f 10520 10481 10451
f 10466 10494 10451
f 10495 10521 10452
f 10521 10482 10452
f 10467 10495 10452
f 10496 10522 10453
f 10522 10483 10453
f 10468 10496 10453
f 10497 10523 10454
f 10523 10484 10454
f 10469 10497 10454
f 10498 10524 10455
f 10524 10485 10455
f 10470 10498 10455
f 10534 10486 10456
f 10500 10526 10457
f 10526 10487 10457
f 10472 10500 10457
f 10501 10527 10458
f 10527 10488 10458
f 10473 10501 10458
f 10502 10528 10459
f 10528 10489 10459
f 10474 10502 10459
f 10503 10529 10460
f 10529 10490 10460
f 10475 10503 10460
f 10504 10530 10461
f 10530 10491 10461
f 10476 10504 10461
f 10518 10492 10462
f 10480 10672 10463
f 10672 10667 10463
f 10667 10579 10463
f 10673 10677 10464
f 10677 10480 10464
f 10493 10505 10465
f 10499 10534 10471
f 10479 10678 10477
f 10678 10674 10477
f 10674 10668 10477
f 10531 10532 10478
f 10670 10676 10479
f 10676 10678 10479
f 10677 10672 10480
f 10520 10506 10481
f 10521 10507 10482
f 10522 10508 10483
f 10523 10509 10484
f 10524 10510 10485
f 10534 10511 10486
f 10526 10512 10487
f 10527 10513 10488
f 10528 10514 10489
f 10529 10515 10490
f 10530 10516 10491
f 10518 10517 10492
f 10533 10505 10493
f 10519 10533 10493
f 10525 10534 10499
f 10520 10535 10506
f 10521 10536 10507
f 10522 10537 10508
f 10523 10538 10509
f 10524 10539 10510
f 10534 10540 10511
f 10526 10541 10512
f 10527 10542 10513
f 10528 10543 10514
f 10529 10544 10515
f 10530 10545 10516
f 10518 10546 10517
f 10572 10546 10518
f 10574 10572 10518
f 10549 10533 10519
f 10550 10535 10520
f 10551 10536 10521
f 10552 10537 10522
f 10553 10538 10523
f 10554 10539 10524
f 10555 10534 10525
f 10556 10541 10526
f 10557 10542 10527
f 10558 10543 10528
f 10559 10544 10529
f 10560 10545 10530
f 10548 10532 10531
f 10548 10576 10532
f 10576 10547 10532
f 10549 10573 10533
f 10578 10566 10534
f 10566 10540 10534
f 10555 10578 10534
f 10550 10561 10535
f 10551 10562 10536
f 10552 10563 10537
f 10553 10564 10538
f 10554 10565 10539
f 10556 10567 10541
f 10557 10568 10542
f 10558 10569 10543
f 10559 10570 10544
f 10560 10571 10545
f 10576 10604 10547
f 10575 10576 10548
f 10580 10573 10549
f 10581 10561 10550
f 10582 10562 10551
f 10583 10563 10552
f 10584 10564 10553
f 10585 10565 10554
f 10586 10578 10555
f 10587 10567 10556
f 10588 10568 10557
f 10589 10569 10558
f 10590 10570 10559
f 10591 10571 10560
f 10581 10592 10561
f 10582 10593 10562
f 10583 10594 10563
f 10584 10595 10564
f 10585 10596 10565
f 10578 10597 10566
f 10587 10598 10567
f 10588 10599 10568
f 10589 10600 10569
f 10590 10601 10570
f 10591 10602 10571
f 10574 10603 10572
f 10580 10577 10573
f 10579 10603 10574
f 10629 10576 10575
f 10629 10669 10576
f 10669 10604 10576
f 10580 10605 10577
f 10605 10666 10577
f 10611 10671 10578
f 10671 10622 10578
f 10622 10597 10578
f 10586 10611 10578
f 10628 10603 10579
f 10667 10628 10579
f 10606 10592 10581
f 10607 10593 10582
f 10608 10594 10583
f 10609 10595 10584
f 10610 10596 10585
f 10612 10598 10587
f 10613 10599 10588
f 10614 10600 10589
f 10615 10601 10590
f 10616 10602 10591
f 10606 10617 10592
f 10607 10618 10593
f 10608 10619 10594
f 10609 10620 10595
f 10610 10621 10596
f 10612 10623 10598
f 10613 10624 10599
f 10614 10625 10600
f 10615 10626 10601
f 10616 10627 10602
f 10669 10673 10604
f 10630 10666 10605
f 10633 10617 10606
f 10636 10618 10607
f 10639 10619 10608
f 10642 10620 10609
f 10645 10621 10610
f 10648 10671 10611
f 10651 10623 10612
f 10654 10624 10613
f 10657 10625 10614
f 10660 10626 10615
f 10663 10627 10616
f 10633 10632 10617
f 10636 10635 10618
f 10639 10638 10619
f 10642 10641 10620
f 10645 10644 10621
f 10671 10647 10622
f 10651 10650 10623
f 10654 10653 10624
f 10657 10656 10625
f 10660 10659 10626
f 10663 10662 10627
f 10667 10665 10628
f 10668 10669 10629
f 10670 10666 10630
f 10631 10670 10630
f 10632 10670 10631
f 10633 10670 10632
f 10634 10670 10633
f 10635 10670 10634
f 10636 10670 10635
f 10637 10670 10636
f 10638 10670 10637
f 10639 10670 10638
f 10640 10670 10639
f 10641 10670 10640
f 10642 10670 10641
f 10643 10671 10642
f 10671 10670 10642
f 10644 10671 10643
f 10645 10671 10644
f 10646 10671 10645
f 10647 10671 10646
f 10649 10671 10648
f 10650 10671 10649
f 10651 10671 10650
f 10652 10671 10651
f 10653 10671 10652
f 10654 10671 10653
f 10655 10671 10654
f 10656 10671 10655
f 10657 10671 10656
f 10658 10671 10657
f 10659 10671 10658
f 10660 10671 10659
f 10661 10671 10660
f 10662 10671 10661
f 10663 10671 10662
f 10672 10671 10663
f 10664 10672 10663
f 10665 10672 10664
f 10667 10672 10665
f 10674 10669 10668
f 10674 10679 10669
f 10679 10673 10669
f 10671 10676 10670
f 10679 10676 10671
f 10677 10679 10671
f 10672 10677 10671
f 10679 10677 10673
f 10678 10679 10674
f 10680 10681 10675
f 10681 10682 10675
f 10682 10683 10675
f 10845 10824 10675
f 10824 10823 10675
f 10823 10802 10675
f 10802 10801 10675
f 10801 10781 10675
f 10781 10780 10675
f 10780 10779 10675
f 10846 10845 10675
f 10779 10759 10675
f 10759 10758 10675
f 10758 10757 10675
f 10757 10737 10675
f 10737 10736 10675
f 10736 10735 10675
f 10735 10680 10675
f 10679 10678 10676
f 10735 10712 10680
f 10715 10681 10680
f 10712 10715 10680
f 10715 10716 10681
f 10716 10682 10681
f 10716 10683 10682
f 10716 10684 10683
f 10717 10685 10684
f 10716 10717 10684
f 10718 10686 10685
f 10717 10718 10685
f 10718 10719 10686
f 10719 10687 10686
f 10719 10688 10687
f 10720 10689 10688
f 10719 10720 10688
f 10720 10690 10689
f 10720 10691 10690
f 10721 10692 10691
f 10720 10721 10691
f 10722 10693 10692
f 10721 10722 10692
f 10722 10723 10693
f 10723 10694 10693
f 10723 10695 10694
f 10723 10696 10695
f 10724 10697 10696
f 10723 10724 10696
f 10725 10698 10697
f 10724 10725 10697
f 10725 10726 10698
f 10726 10699 10698
f 10726 10700 10699
f 10727 10701 10700
f 10726 10727 10700
f 10727 10702 10701
f 10727 10703 10702
f 10728 10704 10703
f 10727 10728 10703
f 10729 10705 10704
f 10728 10729 10704
f 10729 10730 10705
f 10730 10706 10705
f 10730 10707 10706
f 10730 10708 10707
f 10731 10709 10708
f 10730 10731 10708
f 10732 10710 10709
f 10731 10732 10709
f 10732 10733 10710
f 10733 10711 10710
f 10733 10913 10711
f 10734 10713 10712
f 10735 10734 10712
f 10713 10715 10712
f 10734 10714 10713
f 10714 10715 10713
f 10734 10715 10714
f 10734 10738 10715
f 10738 10739 10715
f 10739 10716 10715
f 10739 10740 10716
f 10740 10717 10716
f 10741 10718 10717
f 10740 10741 10717
f 10741 10742 10718
f 10742 10719 10718
f 10743 10720 10719
f 10742 10743 10719
f 10743 10744 10720
f 10744 10721 10720
f 10745 10722 10721
f 10744 10745 10721
f 10745 10746 10722
f 10746 10723 10722
f 10746 10747 10723
f 10747 10724 10723
f 10748 10725 10724
f 10747 10748 10724
f 10748 10749 10725
f 10749 10726 10725
f 10750 10727 10726
f 10749 10750 10726
f 10750 10751 10727
f 10751 10728 10727
f 10752 10729 10728
f 10751 10752 10728
f 10752 10753 10729
f 10753 10730 10729
f 10753 10754 10730
f 10754 10731 10730
f 10755 10732 10731
f 10754 10755 10731
f 10755 10756 10732
f 10756 10733 10732
f 10756 10913 10733
f 10735 10738 10734
f 10736 10738 10735
f 10737 10738 10736
f 10757 10738 10737
f 10757 10760 10738
f 10760 10761 10738
f 10761 10739 10738
f 10761 10762 10739
f 10762 10740 10739
f 10763 10741 10740
f 10762 10763 10740
f 10763 10764 10741
f 10764 10742 10741
f 10765 10743 10742
f 10764 10765 10742
f 10765 10766 10743
f 10766 10744 10743
f 10767 10745 10744
f 10766 10767 10744
f 10767 10768 10745
f 10768 10746 10745
f 10768 10769 10746
f 10769 10747 10746
f 10770 10748 10747
f 10769 10770 10747
f 10770 10771 10748
f 10771 10749 10748
f 10772 10750 10749
f 10771 10772 10749
f 10772 10773 10750
f 10773 10751 10750
f 10774 10752 10751
f 10773 10774 10751
f 10774 10775 10752
f 10775 10753 10752
f 10775 10776 10753
f 10776 10754 10753
f 10777 10755 10754
f 10776 10777 10754
f 10777 10778 10755
f 10778 10756 10755
f 10778 10913 10756
f 10758 10760 10757
f 10759 10760 10758
f 10779 10760 10759
f 10779 10782 10760
f 10782 10783 10760
f 10783 10761 10760
f 10783 10784 10761
f 10784 10762 10761
f 10785 10763 10762
f 10784 10785 10762
f 10785 10786 10763
f 10786 10764 10763
f 10787 10765 10764
f 10786 10787 10764
f 10787 10788 10765
f 10788 10766 10765
f 10789 10767 10766
f 10788 10789 10766
f 10789 10790 10767
f 10790 10768 10767
f 10790 10791 10768
f 10791 10769 10768
f 10792 10770 10769
f 10791 10792 10769
f 10792 10793 10770
f 10793 10771 10770
f 10794 10772 10771
f 10793 10794 10771
f 10794 10795 10772
f 10795 10773 10772
f 10796 10774 10773
f 10795 10796 10773
f 10796 10797 10774
f 10797 10775 10774
f 10797 10798 10775
f 10798 10776 10775
f 10799 10777 10776
f 10798 10799 10776
f 10799 10800 10777
f 10800 10778 10777
f 10800 10913 10778
f 10780 10782 10779
f 10781 10782 10780
f 10801 10782 10781
f 10801 10804 10782
f 10804 10805 10782
f 10805 10783 10782
f 10805 10806 10783
f 10806 10784 10783
f 10807 10785 10784
f 10806 10807 10784
f 10807 10808 10785
f 10808 10786 10785
f 10809 10787 10786
f 10808 10809 10786
f 10809 10810 10787
f 10810 10788 10787
f 10811 10789 10788
f 10810 10811 10788
f 10811 10812 10789
f 10812 10790 10789
f 10812 10813 10790
f 10813 10791 10790
f 10814 10792 10791
f 10813 10814 10791
f 10814 10815 10792
f 10815 10793 10792
f 10816 10794 10793
f 10815 10816 10793
f 10816 10817 10794
f 10817 10795 10794
f 10818 10796 10795
f 10817 10818 10795
f 10818 10819 10796
f 10819 10797 10796
f 10819 10820 10797
f 10820 10798 10797
f 10821 10799 10798
f 10820 10821 10798
f 10821 10822 10799
f 10822 10800 10799
f 10822 10913 10800
f 10802 10804 10801
f 10823 10803 10802
f 10803 10804 10802
f 10823 10825 10803
f 10825 10826 10803
f 10826 10804 10803
f 10826 10827 10804
f 10827 10805 10804
f 10827 10828 10805
f 10828 10806 10805
f 10829 10807 10806
f 10828 10829 10806
f 10829 10830 10807
f 10830 10808 10807
f 10831 10809 10808
f 10830 10831 10808
f 10831 10832 10809
f 10832 10810 10809
f 10833 10811 10810
f 10832 10833 10810
f 10833 10834 10811
f 10834 10812 10811
f 10834 10835 10812
f 10835 10813 10812
f 10836 10814 10813
f 10835 10836 10813
f 10836 10837 10814
f 10837 10815 10814
f 10838 10816 10815
f 10837 10838 10815
f 10838 10839 10816
f 10839 10817 10816
f 10840 10818 10817
f 10839 10840 10817
f 10840 10841 10818
f 10841 10819 10818
f 10841 10842 10819
f 10842 10820 10819
f 10843 10821 10820
f 10842 10843 10820
f 10843 10844 10821
f 10844 10822 10821
f 10844 10913 10822
f 10824 10825 10823
f 10845 10825 10824
f 10845 10847 10825
f 10847 10848 10825
f 10848 10849 10825
f 10849 10826 10825
f 10849 10850 10826
f 10850 10827 10826
f 10850 10851 10827
f 10851 10828 10827
f 10852 10829 10828
f 10851 10852 10828
f 10852 10853 10829
f 10853 10830 10829
f 10854 10831 10830
f 10853 10854 10830
f 10854 10855 10831
f 10855 10832 10831
f 10856 10833 10832
f 10855 10856 10832
f 10856 10857 10833
f 10857 10834 10833
f 10857 10858 10834
f 10858 10835 10834
f 10859 10836 10835
f 10858 10859 10835
f 10859 10860 10836
f 10860 10837 10836
f 10861 10838 10837
f 10860 10861 10837
f 10861 10862 10838
f 10862 10839 10838
f 10863 10840 10839
f 10862 10863 10839
f 10863 10864 10840
f 10864 10841 10840
f 10864 10865 10841
f 10865 10842 10841
f 10866 10843 10842
f 10865 10866 10842
f 10866 10867 10843
f 10867 10844 10843
f 10867 10913 10844
f 10846 10847 10845
f 10868 10848 10847
f 10889 10869 10848
f 10868 10889 10848
f 10869 10870 10848
f 10870 10849 10848
f 10870 10871 10849
f 10871 10850 10849
f 10871 10872 10850
f 10872 10851 10850
f 10873 10852 10851
f 10872 10873 10851
f 10873 10874 10852
f 10874 10853 10852
f 10875 10854 10853
f 10874 10875 10853
f 10875 10876 10854
f 10876 10855 10854
f 10877 10856 10855
f 10876 10877 10855
f 10877 10878 10856
f 10878 10857 10856
f 10878 10879 10857
f 10879 10858 10857
f 10880 10859 10858
f 10879 10880 10858
f 10880 10881 10859
f 10881 10860 10859
f 10882 10861 10860
f 10881 10882 10860
f 10882 10883 10861
f 10883 10862 10861
f 10884 10863 10862
f 10883 10884 10862
f 10884 10885 10863
f 10885 10864 10863
f 10885 10886 10864
f 10886 10865 10864
f 10887 10866 10865
f 10886 10887 10865
f 10887 10888 10866
f 10888 10867 10866
f 10888 10913 10867
f 10889 10890 10869
f 10890 10891 10869
f 10891 10892 10869
f 10892 10870 10869
f 10892 10893 10870
f 10893 10871 10870
f 10893 10894 10871
f 10894 10872 10871
f 10895 10873 10872
f 10894 10895 10872
f 10895 10896 10873
f 10896 10874 10873
f 10897 10875 10874
f 10896 10897 10874
f 10897 10898 10875
f 10898 10876 10875
f 10899 10877 10876
f 10898 10899 10876
f 10899 10900 10877
f 10900 10878 10877
f 10900 10901 10878
f 10901 10879 10878
f 10902 10880 10879
f 10901 10902 10879
f 10902 10903 10880
f 10903 10881 10880
f 10904 10882 10881
f 10903 10904 10881
f 10904 10905 10882
f 10905 10883 10882
f 10906 10884 10883
f 10905 10906 10883
f 10906 10907 10884
f 10907 10885 10884
f 10907 10910 10885
f 10910 10886 10885
f 10911 10887 10886
f 10910 10911 10886
f 10911 10913 10887
f 10913 10888 10887
f 10908 10891 10890
f 10908 10892 10891
f 10908 10893 10892
f 10908 10894 10893
f 10908 10895 10894
f 10908 10896 10895
f 10908 10897 10896
f 10908 10898 10897
f 10908 10899 10898
f 10908 10900 10899
f 10908 10901 10900
f 10908 10902 10901
f 10908 10903 10902
f 10908 10904 10903
f 10908 10905 10904
f 10908 10906 10905
f 10908 10907 10906
f 10908 10910 10907
f 10909 10910 10908
f 10911 10910 10909
f 10912 10911 10909
f 10912 10913 10911
