# OpenETA offline industrial visual mesh; units: metres.
mtllib allen_key.mtl
v -0.080000000 0.017386869 0.002420052
v -0.080000000 0.017908606 0.002721278
v -0.080000000 0.016343392 0.003022504
v -0.080000000 0.018430347 0.003022504
v -0.080000000 0.015821651 0.003323731
v -0.080000000 0.015299911 0.003624957
v -0.080000000 0.019473824 0.003624957
v -0.080000000 0.019473824 0.004227409
v -0.080000000 0.015299911 0.004829862
v -0.080000000 0.019473824 0.004829862
v -0.080000000 0.015299911 0.005432314
v -0.080000000 0.015299911 0.006034767
v -0.080000000 0.019473824 0.006034767
v -0.080000000 0.018952087 0.006335993
v -0.080000000 0.016343392 0.006637219
v -0.080000000 0.018430347 0.006637219
v -0.080000000 0.016865129 0.006938445
v -0.080000000 0.017386869 0.007239671
v -0.079531919 0.017386869 0.001833878
v -0.079531919 0.019981466 0.003331870
v -0.079531919 0.014792269 0.006327854
v -0.079531919 0.019981466 0.006327854
v -0.079531919 0.017386869 0.007825846
v -0.079232257 0.017386869 0.001495762
v -0.079232257 0.018095394 0.001939664
v -0.079232257 0.015963274 0.002364123
v -0.079232257 0.018810461 0.002364123
v -0.079232257 0.015238148 0.002771164
v -0.079232257 0.014499454 0.003162812
v -0.079232257 0.020274285 0.003162812
v -0.079232257 0.020244115 0.003998362
v -0.079232257 0.014539680 0.004829862
v -0.079232257 0.020234059 0.004829862
v -0.079232257 0.014529623 0.005661361
v -0.079232257 0.014499454 0.006496911
v -0.079232257 0.020274285 0.006496911
v -0.079232257 0.019535591 0.006888559
v -0.079232257 0.015963274 0.007295600
v -0.079232257 0.018810461 0.007295600
v -0.079232257 0.016678345 0.007720059
v -0.079232257 0.017386869 0.008163961
v -0.078947746 0.014245257 0.003016052
v -0.078751886 0.018188607 0.001541645
v -0.078751886 0.015771626 0.002032181
v -0.078751886 0.019002112 0.002032181
v -0.078751886 0.014940060 0.002491427
v -0.078751886 0.020635419 0.003880079
v -0.078751886 0.014156383 0.004829862
v -0.078751886 0.020617352 0.004829862
v -0.078751886 0.014138320 0.005779644
v -0.078751886 0.019833678 0.007168296
v -0.078751886 0.015771626 0.007627542
v -0.078751886 0.019002112 0.007627542
v -0.078751886 0.016585128 0.008118079
v -0.078629376 0.017386869 0.000906634
v -0.078629376 0.020784481 0.002868248
v -0.078629376 0.013989254 0.006791476
v -0.078629376 0.020784481 0.006791476
v -0.078629376 0.017386869 0.008753089
v -0.078224976 0.017386869 0.000583923
v -0.078224976 0.017829164 0.000887793
v -0.078224976 0.016499418 0.001179455
v -0.078224976 0.018274317 0.001179455
v -0.078224976 0.015596336 0.001728571
v -0.078224976 0.019177399 0.001728571
v -0.078224976 0.014669251 0.002236105
v -0.078224976 0.020104491 0.002236105
v -0.078224976 0.014194085 0.002475790
v -0.078224976 0.013709775 0.002706892
v -0.078224976 0.021063960 0.002706892
v -0.078224976 0.021021948 0.003241865
v -0.078224976 0.013781799 0.003773211
v -0.078224976 0.020991936 0.003773211
v -0.078224976 0.013805807 0.004829862
v -0.078224976 0.020967932 0.004829862
v -0.078224976 0.013781799 0.005886512
v -0.078224976 0.020991936 0.005886512
v -0.078224976 0.013751790 0.006417859
v -0.078224976 0.013709775 0.006952831
v -0.078224976 0.021063960 0.006952831
v -0.078224976 0.020579653 0.007183933
v -0.078224976 0.014669251 0.007423618
v -0.078224976 0.020104491 0.007423618
v -0.078224976 0.015596336 0.007931153
v -0.078224976 0.019177399 0.007931153
v -0.078224976 0.016499418 0.008480269
v -0.078224976 0.018274317 0.008480269
v -0.078224976 0.016944574 0.008771930
v -0.078224976 0.017386869 0.009075801
v -0.077991885 0.017386869 0.000426410
v -0.077991885 0.021200371 0.002628136
v -0.077991885 0.013573368 0.007031588
v -0.077991885 0.021200371 0.007031588
v -0.077991885 0.017386869 0.009233313
v -0.077758005 0.013455846 0.002560285
v -0.077664902 0.017386869 0.000243202
v -0.077664902 0.017865442 0.000569703
v -0.077664902 0.016426756 0.000883573
v -0.077664902 0.018346980 0.000883573
v -0.077664902 0.015450471 0.001475917
v -0.077664902 0.019323268 0.001475917
v -0.077664902 0.014449339 0.002025236
v -0.077664902 0.020324397 0.002025236
v -0.077664902 0.013936752 0.002285324
v -0.077664902 0.021359031 0.002536532
v -0.077664902 0.021315562 0.003114241
v -0.077664902 0.013489228 0.003688199
v -0.077664902 0.021284510 0.003688199
v -0.077664902 0.013514065 0.004829862
v -0.077664902 0.021259670 0.004829862
v -0.077664902 0.013489228 0.005971525
v -0.077664902 0.021284510 0.005971525
v -0.077664902 0.013458176 0.006545482
v -0.077664902 0.013414707 0.007123192
v -0.077664902 0.021359031 0.007123192
v -0.077664902 0.020836987 0.007374399
v -0.077664902 0.014449339 0.007634487
v -0.077664902 0.020324397 0.007634487
v -0.077664902 0.015450471 0.008183806
v -0.077664902 0.019323268 0.008183806
v -0.077664902 0.016426756 0.008776150
v -0.077664902 0.018346980 0.008776150
v -0.077664902 0.016908293 0.009090020
v -0.077664902 0.017386869 0.009416522
v -0.077520461 0.017386869 0.000177161
v -0.077520461 0.021416224 0.002503511
v -0.077520461 0.013357511 0.007156212
v -0.077520461 0.021416224 0.007156212
v -0.077520461 0.017386869 0.009482563
v -0.077376594 0.017386869 0.000120983
v -0.077376594 0.017880446 0.000451196
v -0.077376594 0.016397047 0.000770022
v -0.077376594 0.018376688 0.000770022
v -0.077376594 0.015392649 0.001375769
v -0.077376594 0.019381089 0.001375769
v -0.077376594 0.014365854 0.001942733
v -0.077376594 0.020407884 0.001942733
v -0.077376594 0.013841620 0.002213080
v -0.077376594 0.021464875 0.002475422
v -0.077376594 0.021425689 0.003067978
v -0.077376594 0.013376036 0.003657151
v -0.077376594 0.021397703 0.003657151
v -0.077376594 0.013398426 0.004829862
v -0.077376594 0.021375310 0.004829862
v -0.077376594 0.013376036 0.006002572
v -0.077376594 0.021397703 0.006002572
v -0.077376594 0.013348046 0.006591746
v -0.077376594 0.013308860 0.007184301
v -0.077376594 0.021464875 0.007184301
v -0.077376594 0.020932119 0.007446643
v -0.077376594 0.014365854 0.007716990
v -0.077376594 0.020407884 0.007716990
v -0.077376594 0.015392649 0.008283954
v -0.077376594 0.019381089 0.008283954
v -0.077376594 0.016397047 0.008889701
v -0.077376594 0.018376688 0.008889701
v -0.077376594 0.016893292 0.009208527
v -0.077376594 0.017386869 0.009538740
v -0.077371833 0.013307399 0.002474579
v -0.077190803 0.017386869 0.000063273
v -0.077190803 0.021514853 0.002446567
v -0.077190803 0.013258882 0.007213156
v -0.077190803 0.021514853 0.007213156
v -0.077190803 0.017386869 0.009596451
v -0.077084996 0.016880822 0.000365809
v -0.077084996 0.017892916 0.000365809
v -0.077084996 0.016372678 0.000684478
v -0.077084996 0.018401057 0.000684478
v -0.077084996 0.015347081 0.001296845
v -0.077084996 0.019426658 0.001296845
v -0.077084996 0.014303954 0.001878858
v -0.077084996 0.020469784 0.001878858
v -0.077084996 0.013773912 0.002159584
v -0.077084996 0.020999829 0.002159584
v -0.077084996 0.013237194 0.002434045
v -0.077084996 0.013267862 0.003036087
v -0.077084996 0.021505877 0.003036087
v -0.077084996 0.013289767 0.003635482
v -0.077084996 0.021483968 0.003635482
v -0.077084996 0.013307295 0.004829862
v -0.077084996 0.021466446 0.004829862
v -0.077084996 0.013289767 0.006024241
v -0.077084996 0.021483968 0.006024241
v -0.077084996 0.013267862 0.006623636
v -0.077084996 0.021505877 0.006623636
v -0.077084996 0.013773912 0.007500139
v -0.077084996 0.020999829 0.007500139
v -0.077084996 0.014303954 0.007780866
v -0.077084996 0.020469784 0.007780866
v -0.077084996 0.015347081 0.008362878
v -0.077084996 0.019426658 0.008362878
v -0.077084996 0.016372678 0.008975245
v -0.077084996 0.018401057 0.008975245
v -0.077084996 0.016880822 0.009293914
v -0.077084996 0.017892916 0.009293914
v -0.077049691 0.017386869 0.000031177
v -0.077049691 0.021542652 0.002430519
v -0.077049691 0.013231086 0.007229204
v -0.077049691 0.021542652 0.007229204
v -0.077049691 0.017386869 0.009628546
v -0.077017810 0.013226074 0.002427625
v -0.076791780 0.017386869 0.000000463
v -0.076791780 0.016871197 0.000318115
v -0.076791780 0.017902542 0.000318115
v -0.076791780 0.016354344 0.000630751
v -0.076791780 0.018419394 0.000630751
v -0.076791780 0.015315400 0.001241973
v -0.076791780 0.019458335 0.001241973
v -0.076791780 0.014266593 0.001836115
v -0.076791780 0.020507142 0.001836115
v -0.076791780 0.013737417 0.002127401
v -0.076791780 0.021036321 0.002127401
v -0.076791780 0.013204487 0.002415163
v -0.076791780 0.021569251 0.002415163
v -0.076791780 0.013221745 0.003020575
v -0.076791780 0.021551993 0.003020575
v -0.076791780 0.013234068 0.003624498
v -0.076791780 0.021539667 0.003624498
v -0.076791780 0.013243931 0.004829862
v -0.076791780 0.021529804 0.004829862
v -0.076791780 0.013234068 0.006035226
v -0.076791780 0.021539667 0.006035226
v -0.076791780 0.013221745 0.006639148
v -0.076791780 0.021551993 0.006639148
v -0.076791780 0.013204487 0.007244561
v -0.076791780 0.021569251 0.007244561
v -0.076791780 0.013737417 0.007532322
v -0.076791780 0.021036321 0.007532322
v -0.076791780 0.014266593 0.007823609
v -0.076791780 0.020507142 0.007823609
v -0.076791780 0.015315400 0.008417750
v -0.076791780 0.019458335 0.008417750
v -0.076791780 0.016354344 0.009028972
v -0.076791780 0.018419394 0.009028972
v -0.076791780 0.016871197 0.009341609
v -0.076791780 0.017902542 0.009341609
v -0.076791780 0.017386869 0.009659260
v -0.076780894 0.017386869 0.000000000
v -0.076780894 0.021569652 0.002414931
v -0.076780894 0.013204086 0.007244792
v -0.076780894 0.021569652 0.007244792
v -0.076780894 0.017386869 0.009659723
v -0.076742527 0.013203153 0.002414394
v -0.076645092 0.017386869 0.000000180
v -0.076645092 0.016867553 0.000309830
v -0.076645092 0.017906186 0.000309830
v -0.076645092 0.016347654 0.000617009
v -0.076645092 0.018426084 0.000617009
v -0.076645092 0.014258038 0.001823450
v -0.076645092 0.020515701 0.001823450
v -0.076645092 0.013732065 0.002120104
v -0.076645092 0.021041670 0.002120104
v -0.076645092 0.013204240 0.002415021
v -0.076645092 0.021569495 0.002415021
v -0.076645092 0.013212748 0.003019587
v -0.076645092 0.021560987 0.003019587
v -0.076645092 0.013218826 0.003623420
v -0.076645092 0.021554912 0.003623420
v -0.076645092 0.013218826 0.006036303
v -0.076645092 0.021554912 0.006036303
v -0.076645092 0.013212748 0.006640136
v -0.076645092 0.021560987 0.006640136
v -0.076645092 0.013204240 0.007244703
v -0.076645092 0.021569495 0.007244703
v -0.076645092 0.013732065 0.007539619
v -0.076645092 0.021041670 0.007539619
v -0.076645092 0.014258038 0.007836273
v -0.076645092 0.020515701 0.007836273
v -0.076645092 0.016347654 0.009042714
v -0.076645092 0.018426084 0.009042714
v -0.076645092 0.016867553 0.009349893
v -0.076645092 0.017906186 0.009349893
v -0.076645092 0.017386869 0.009659544
v -0.076524561 0.017386869 0.000009902
v -0.076524561 0.021561077 0.002419882
v -0.076524561 0.013212661 0.007239842
v -0.076524561 0.021561077 0.007239842
v -0.076524561 0.017386869 0.009649821
v -0.076498631 0.017386869 0.000013214
v -0.076498631 0.017125795 0.000162884
v -0.076498631 0.017647943 0.000162884
v -0.076498631 0.016864744 0.000312682
v -0.076498631 0.017908994 0.000312682
v -0.076498631 0.016603724 0.000462604
v -0.076498631 0.018170018 0.000462604
v -0.076498631 0.016342733 0.000612648
v -0.076498631 0.018431002 0.000612648
v -0.076498631 0.015299239 0.001213979
v -0.076498631 0.019474496 0.001213979
v -0.076498631 0.014256721 0.001817008
v -0.076498631 0.020517018 0.001817008
v -0.076498631 0.013996288 0.001968007
v -0.076498631 0.020777450 0.001968007
v -0.076498631 0.013735940 0.002119098
v -0.076498631 0.021037799 0.002119098
v -0.076498631 0.013475685 0.002270275
v -0.076498631 0.021298054 0.002270275
v -0.076498631 0.021558209 0.002421538
v -0.076498631 0.013214610 0.002722470
v -0.076498631 0.021559128 0.002722470
v -0.076498631 0.013213815 0.003023446
v -0.076498631 0.021559924 0.003023446
v -0.076498631 0.013213139 0.003324459
v -0.076498631 0.021560599 0.003324459
v -0.076498631 0.013212584 0.003625502
v -0.076498631 0.021561151 0.003625502
v -0.076498631 0.021562130 0.004829862
v -0.076498631 0.013211608 0.004829862
v -0.076498631 0.013212584 0.006034221
v -0.076498631 0.021561151 0.006034221
v -0.076498631 0.013213139 0.006335265
v -0.076498631 0.021560599 0.006335265
v -0.076498631 0.013213815 0.006636277
v -0.076498631 0.021559924 0.006636277
v -0.076498631 0.013214610 0.006937253
v -0.076498631 0.021559128 0.006937253
v -0.076498631 0.013215527 0.007238186
v -0.076498631 0.021558209 0.007238186
v -0.076498631 0.013475685 0.007389448
v -0.076498631 0.021298054 0.007389448
v -0.076498631 0.013735940 0.007540626
v -0.076498631 0.021037799 0.007540626
v -0.076498631 0.013996288 0.007691716
v -0.076498631 0.020777450 0.007691716
v -0.076498631 0.014256721 0.007842715
v -0.076498631 0.020517018 0.007842715
v -0.076498631 0.015299239 0.008445744
v -0.076498631 0.019474496 0.008445744
v -0.076498631 0.016342733 0.009047075
v -0.076498631 0.018431002 0.009047075
v -0.076498631 0.016603724 0.009197119
v -0.076498631 0.018170018 0.009197119
v -0.076498631 0.016864744 0.009347042
v -0.076498631 0.017908994 0.009347042
v -0.076498631 0.017125795 0.009496839
v -0.076498631 0.017647943 0.009496839
v -0.076498631 0.017386869 0.009646510
v -0.076489644 0.013216613 0.002422162
v -0.076352531 0.017124735 0.000182782
v -0.076352531 0.017649003 0.000182782
v -0.076352531 0.016862782 0.000326824
v -0.076352531 0.017910957 0.000326824
v -0.076352531 0.013749169 0.002124471
v -0.076352531 0.021024569 0.002124471
v -0.076352531 0.013493447 0.002279305
v -0.076352531 0.021280288 0.002279305
v -0.076352531 0.013238498 0.002434800
v -0.076352531 0.013231310 0.002733338
v -0.076352531 0.021542425 0.002733338
v -0.076352531 0.013225082 0.003032214
v -0.076352531 0.021548657 0.003032214
v -0.076352531 0.013225082 0.006627509
v -0.076352531 0.021548657 0.006627509
v -0.076352531 0.013231310 0.006926385
v -0.076352531 0.021542425 0.006926385
v -0.076352531 0.013493447 0.007380418
v -0.076352531 0.021280288 0.007380418
v -0.076352531 0.013749169 0.007535252
v -0.076352531 0.021024569 0.007535252
v -0.076352531 0.016862782 0.009332899
v -0.076352531 0.017910957 0.009332899
v -0.076352531 0.017124735 0.009476942
v -0.076352531 0.017649003 0.009476942
v -0.076259254 0.017386869 0.000063274
v -0.076259254 0.021514853 0.002446568
v -0.076259254 0.013258882 0.007213156
v -0.076259254 0.021514853 0.007213156
v -0.076259254 0.017386869 0.009596449
v -0.076224712 0.013267494 0.002451541
v -0.076206819 0.017124063 0.000214009
v -0.076206819 0.017649672 0.000214009
v -0.076206819 0.016861625 0.000351364
v -0.076206819 0.017912110 0.000351364
v -0.076206819 0.016599638 0.000490638
v -0.076206819 0.018174100 0.000490638
v -0.076206819 0.016338183 0.000631784
v -0.076206819 0.018435556 0.000631784
v -0.076206819 0.015299329 0.001214136
v -0.076206819 0.019474409 0.001214136
v -0.076206819 0.014275570 0.001822635
v -0.076206819 0.020498169 0.001822635
v -0.076206819 0.014022606 0.001978489
v -0.076206819 0.020751132 0.001978489
v -0.076206819 0.013770997 0.002135739
v -0.076206819 0.021002741 0.002135739
v -0.076206819 0.013520825 0.002294339
v -0.076206819 0.021252913 0.002294339
v -0.076206819 0.013258019 0.002749531
v -0.076206819 0.021515716 0.002749531
v -0.076206819 0.013245753 0.003045486
v -0.076206819 0.021527982 0.003045486
v -0.076206819 0.013235375 0.003342011
v -0.076206819 0.021538363 0.003342011
v -0.076206819 0.013226884 0.003639011
v -0.076206819 0.021546855 0.003639011
v -0.076206819 0.021561946 0.004829862
v -0.076206819 0.013211789 0.004829862
v -0.076206819 0.013226884 0.006020712
v -0.076206819 0.021546855 0.006020712
v -0.076206819 0.013235375 0.006317712
v -0.076206819 0.021538363 0.006317712
v -0.076206819 0.013245753 0.006614237
v -0.076206819 0.021527982 0.006614237
v -0.076206819 0.013258019 0.006910192
v -0.076206819 0.021515716 0.006910192
v -0.076206819 0.013520825 0.007365384
v -0.076206819 0.021252913 0.007365384
v -0.076206819 0.013770997 0.007523984
v -0.076206819 0.021002741 0.007523984
v -0.076206819 0.014022606 0.007681235
v -0.076206819 0.020751132 0.007681235
v -0.076206819 0.014275570 0.007837089
v -0.076206819 0.020498169 0.007837089
v -0.076206819 0.015299329 0.008445588
v -0.076206819 0.019474409 0.008445588
v -0.076206819 0.016338183 0.009027939
v -0.076206819 0.018435556 0.009027939
v -0.076206819 0.016599638 0.009169085
v -0.076206819 0.018174100 0.009169085
v -0.076206819 0.016861625 0.009308359
v -0.076206819 0.017912110 0.009308359
v -0.076206819 0.017124063 0.009445715
v -0.076206819 0.017649672 0.009445715
v -0.076061494 0.017386869 0.000128527
v -0.076061494 0.017123762 0.000255380
v -0.076061494 0.017649976 0.000255380
v -0.076061494 0.013556802 0.002314762
v -0.076061494 0.021216933 0.002314762
v -0.076061494 0.013315393 0.002479194
v -0.076061494 0.021458342 0.002479194
v -0.076061494 0.013293695 0.002770479
v -0.076061494 0.021480040 0.002770479
v -0.076061494 0.013293695 0.006889244
v -0.076061494 0.021480040 0.006889244
v -0.076061494 0.013315393 0.007180529
v -0.076061494 0.021458342 0.007180529
v -0.076061494 0.013556802 0.007344961
v -0.076061494 0.021216933 0.007344961
v -0.076061494 0.017123762 0.009404344
v -0.076061494 0.017649976 0.009404344
v -0.076061494 0.017386869 0.009531196
v -0.075916531 0.017386869 0.000188125
v -0.075916531 0.017123796 0.000305709
v -0.075916531 0.017649939 0.000305709
v -0.075916531 0.016861495 0.000427421
v -0.075916531 0.017912240 0.000427421
v -0.075916531 0.016600140 0.000553161
v -0.075916531 0.018173599 0.000553161
v -0.075916531 0.016339901 0.000682830
v -0.075916531 0.018433837 0.000682830
v -0.075916531 0.016080953 0.000816327
v -0.075916531 0.018692785 0.000816327
v -0.075916531 0.015823463 0.000953554
v -0.075916531 0.018950275 0.000953554
v -0.075916531 0.015313565 0.001238796
v -0.075916531 0.019460171 0.001238796
v -0.075916531 0.014811593 0.001537759
v -0.075916531 0.019962149 0.001537759
v -0.075916531 0.014564005 0.001692136
v -0.075916531 0.020209730 0.001692136
v -0.075916531 0.014318918 0.001849644
v -0.075916531 0.020454820 0.001849644
v -0.075916531 0.014076503 0.002010184
v -0.075916531 0.020697235 0.002010184
v -0.075916531 0.013836933 0.002173655
v -0.075916531 0.020936809 0.002173655
v -0.075916531 0.013600374 0.002339958
v -0.075916531 0.021173364 0.002339958
v -0.075916531 0.013367006 0.002508993
v -0.075916531 0.021406733 0.002508993
v -0.075916531 0.013337301 0.002795613
v -0.075916531 0.021436434 0.002795613
v -0.075916531 0.013311558 0.003083627
v -0.075916531 0.021462180 0.003083627
v -0.075916531 0.013289770 0.003372839
v -0.075916531 0.021483965 0.003372839
v -0.075916531 0.013271947 0.003663047
v -0.075916531 0.021501788 0.003663047
v -0.075916531 0.013258086 0.003954053
v -0.075916531 0.021515652 0.003954053
v -0.075916531 0.013248187 0.004245657
v -0.075916531 0.021525555 0.004245657
v -0.075916531 0.021533475 0.004829862
v -0.075916531 0.013240263 0.004829862
v -0.075916531 0.013248187 0.005414067
v -0.075916531 0.021525555 0.005414067
v -0.075916531 0.013258086 0.005705671
v -0.075916531 0.021515652 0.005705671
v -0.075916531 0.013271947 0.005996676
v -0.075916531 0.021501788 0.005996676
v -0.075916531 0.013289770 0.006286885
v -0.075916531 0.021483965 0.006286885
v -0.075916531 0.013311558 0.006576096
v -0.075916531 0.021462180 0.006576096
v -0.075916531 0.013337301 0.006864111
v -0.075916531 0.021436434 0.006864111
v -0.075916531 0.013367006 0.007150730
v -0.075916531 0.021406733 0.007150730
v -0.075916531 0.013600374 0.007319765
v -0.075916531 0.021173364 0.007319765
v -0.075916531 0.013836933 0.007486068
v -0.075916531 0.020936809 0.007486068
v -0.075916531 0.014076503 0.007649539
v -0.075916531 0.020697235 0.007649539
v -0.075916531 0.014318918 0.007810079
v -0.075916531 0.020454820 0.007810079
v -0.075916531 0.014564005 0.007967587
v -0.075916531 0.020209730 0.007967587
v -0.075916531 0.014811593 0.008121964
v -0.075916531 0.019962149 0.008121964
v -0.075916531 0.015313565 0.008420927
v -0.075916531 0.019460171 0.008420927
v -0.075916531 0.015823463 0.008706169
v -0.075916531 0.018950275 0.008706169
v -0.075916531 0.016080953 0.008843396
v -0.075916531 0.018692785 0.008843396
v -0.075916531 0.016339901 0.008976893
v -0.075916531 0.018433837 0.008976893
v -0.075916531 0.016600140 0.009106563
v -0.075916531 0.018173599 0.009106563
v -0.075916531 0.016861495 0.009232302
v -0.075916531 0.017912240 0.009232302
v -0.075916531 0.017123796 0.009354014
v -0.075916531 0.017649939 0.009354014
v -0.075916531 0.017386869 0.009471598
v -0.075828082 0.013402203 0.002529314
v -0.075627701 0.017386869 0.000331065
v -0.075627701 0.017124779 0.000428501
v -0.075627701 0.017648956 0.000428501
v -0.075627701 0.016863902 0.000532420
v -0.075627701 0.017909837 0.000532420
v -0.075627701 0.016604509 0.000642668
v -0.075627701 0.018169226 0.000642668
v -0.075627701 0.016346872 0.000759087
v -0.075627701 0.018426866 0.000759087
v -0.075627701 0.016091257 0.000881521
v -0.075627701 0.018682481 0.000881521
v -0.075627701 0.014615311 0.001733659
v -0.075627701 0.020158428 0.001733659
v -0.075627701 0.014381471 0.001893809
v -0.075627701 0.020392264 0.001893809
v -0.075627701 0.014151833 0.002058722
v -0.075627701 0.020621905 0.002058722
v -0.075627701 0.013926655 0.002228239
v -0.075627701 0.020847080 0.002228239
v -0.075627701 0.013706222 0.002402205
v -0.075627701 0.021067517 0.002402205
v -0.075627701 0.013490796 0.002580463
v -0.075627701 0.021282939 0.002580463
v -0.075627701 0.013444131 0.002856157
v -0.075627701 0.021329604 0.002856157
v -0.075627701 0.013403695 0.003134043
v -0.075627701 0.021370044 0.003134043
v -0.075627701 0.013369473 0.003413808
v -0.075627701 0.021404262 0.003413808
v -0.075627701 0.013341473 0.003695139
v -0.075627701 0.021432262 0.003695139
v -0.075627701 0.013319702 0.003977724
v -0.075627701 0.021454036 0.003977724
v -0.075627701 0.013319702 0.005682000
v -0.075627701 0.021454036 0.005682000
v -0.075627701 0.013341473 0.005964584
v -0.075627701 0.021432262 0.005964584
v -0.075627701 0.013369473 0.006245915
v -0.075627701 0.021404262 0.006245915
v -0.075627701 0.013403695 0.006525681
v -0.075627701 0.021370044 0.006525681
v -0.075627701 0.013444131 0.006803567
v -0.075627701 0.021329604 0.006803567
v -0.075627701 0.013490796 0.007079260
v -0.075627701 0.021282939 0.007079260
v -0.075627701 0.013706222 0.007257518
v -0.075627701 0.021067517 0.007257518
v -0.075627701 0.013926655 0.007431484
v -0.075627701 0.020847080 0.007431484
v -0.075627701 0.014151833 0.007601001
v -0.075627701 0.020621905 0.007601001
v -0.075627701 0.014381471 0.007765914
v -0.075627701 0.020392264 0.007765914
v -0.075627701 0.014615311 0.007926064
v -0.075627701 0.020158428 0.007926064
v -0.075627701 0.016091257 0.008778202
v -0.075627701 0.018682481 0.008778202
v -0.075627701 0.016346872 0.008900636
v -0.075627701 0.018426866 0.008900636
v -0.075627701 0.016604509 0.009017055
v -0.075627701 0.018169226 0.009017055
v -0.075627701 0.016863902 0.009127303
v -0.075627701 0.017909837 0.009127303
v -0.075627701 0.017124779 0.009231223
v -0.075627701 0.017648956 0.009231223
v -0.075627701 0.017386869 0.009328659
v -0.075340236 0.017386869 0.000496773
v -0.075340236 0.017126801 0.000572897
v -0.075340236 0.017646937 0.000572897
v -0.075340236 0.016868398 0.000657930
v -0.075340236 0.017905340 0.000657930
v -0.075340236 0.016612032 0.000751656
v -0.075340236 0.018161704 0.000751656
v -0.075340236 0.016358079 0.000853861
v -0.075340236 0.018415657 0.000853861
v -0.075340236 0.016106907 0.000964328
v -0.075340236 0.018666828 0.000964328
v -0.075340236 0.015858895 0.001082845
v -0.075340236 0.018914843 0.001082845
v -0.075340236 0.015373823 0.001343161
v -0.075340236 0.019399919 0.001343161
v -0.075340236 0.014905846 0.001633087
v -0.075340236 0.019867890 0.001633087
v -0.075340236 0.014679200 0.001788617
v -0.075340236 0.020094538 0.001788617
v -0.075340236 0.014457944 0.001950903
v -0.075340236 0.020315791 0.001950903
v -0.075340236 0.014242455 0.002119732
v -0.075340236 0.020531280 0.002119732
v -0.075340236 0.014033104 0.002294887
v -0.075340236 0.020740631 0.002294887
v -0.075340236 0.013830263 0.002476154
v -0.075340236 0.020943472 0.002476154
v -0.075340236 0.013634305 0.002663317
v -0.075340236 0.021139433 0.002663317
v -0.075340236 0.013570195 0.002926605
v -0.075340236 0.021203540 0.002926605
v -0.075340236 0.013514633 0.003192905
v -0.075340236 0.021259102 0.003192905
v -0.075340236 0.013467621 0.003461786
v -0.075340236 0.021306118 0.003461786
v -0.075340236 0.013429157 0.003732819
v -0.075340236 0.021344582 0.003732819
v -0.075340236 0.013399241 0.004005574
v -0.075340236 0.021374500 0.004005574
v -0.075340236 0.013377868 0.004279619
v -0.075340236 0.021395870 0.004279619
v -0.075340236 0.021412965 0.004829862
v -0.075340236 0.013360774 0.004829862
v -0.075340236 0.013377868 0.005380104
v -0.075340236 0.021395870 0.005380104
v -0.075340236 0.013399241 0.005654150
v -0.075340236 0.021374500 0.005654150
v -0.075340236 0.013429157 0.005926904
v -0.075340236 0.021344582 0.005926904
v -0.075340236 0.013467621 0.006197937
v -0.075340236 0.021306118 0.006197937
v -0.075340236 0.013514633 0.006466819
v -0.075340236 0.021259102 0.006466819
v -0.075340236 0.013570195 0.006733119
v -0.075340236 0.021203540 0.006733119
v -0.075340236 0.013634305 0.006996406
v -0.075340236 0.021139433 0.006996406
v -0.075340236 0.013830263 0.007183569
v -0.075340236 0.020943472 0.007183569
v -0.075340236 0.014033104 0.007364837
v -0.075340236 0.020740631 0.007364837
v -0.075340236 0.014242455 0.007539992
v -0.075340236 0.020531280 0.007539992
v -0.075340236 0.014457944 0.007708820
v -0.075340236 0.020315791 0.007708820
v -0.075340236 0.014679200 0.007871107
v -0.075340236 0.020094538 0.007871107
v -0.075340236 0.014905846 0.008026636
v -0.075340236 0.019867890 0.008026636
v -0.075340236 0.015373823 0.008316563
v -0.075340236 0.019399919 0.008316563
v -0.075340236 0.015858895 0.008576879
v -0.075340236 0.018914843 0.008576879
v -0.075340236 0.016106907 0.008695395
v -0.075340236 0.018666828 0.008695395
v -0.075340236 0.016358079 0.008805863
v -0.075340236 0.018415657 0.008805863
v -0.075340236 0.016612032 0.008908067
v -0.075340236 0.018161704 0.008908067
v -0.075340236 0.016868398 0.009001794
v -0.075340236 0.017905340 0.009001794
v -0.075340236 0.017126801 0.009086826
v -0.075340236 0.017646937 0.009086826
v -0.075340236 0.017386869 0.009162950
v -0.075056809 0.017386869 0.000672882
v -0.075056809 0.020986918 0.002751372
v -0.075056809 0.013786817 0.006908351
v -0.075056809 0.020986918 0.006908351
v -0.075056809 0.017386869 0.008986841
v -0.075054121 0.017129646 0.000729414
v -0.075054121 0.017644089 0.000729414
v -0.075054121 0.013964390 0.002556877
v -0.075054121 0.020809348 0.002556877
v -0.075054121 0.013788295 0.002752224
v -0.075054121 0.013707164 0.003002398
v -0.075054121 0.021066571 0.003002398
v -0.075054121 0.013707164 0.006657325
v -0.075054121 0.021066571 0.006657325
v -0.075054121 0.013964390 0.007102846
v -0.075054121 0.020809348 0.007102846
v -0.075054121 0.017129646 0.008930310
v -0.075054121 0.017644089 0.008930310
v -0.074770493 0.013942863 0.002841464
v -0.074769236 0.017386869 0.000853838
v -0.074769236 0.017133103 0.000888566
v -0.074769236 0.017640632 0.000888566
v -0.074769236 0.016881855 0.000936746
v -0.074769236 0.017891880 0.000936746
v -0.074769236 0.016633686 0.000998055
v -0.074769236 0.018140053 0.000998055
v -0.074769236 0.016389151 0.001072166
v -0.074769236 0.018384588 0.001072166
v -0.074769236 0.015913256 0.001257497
v -0.074769236 0.018860479 0.001257497
v -0.074769236 0.015683023 0.001368066
v -0.074769236 0.015458682 0.001490140
v -0.074769236 0.019315057 0.001490140
v -0.074769236 0.019532950 0.001623391
v -0.074769236 0.015029917 0.001767496
v -0.074769236 0.019743822 0.001767496
v -0.074769236 0.014631469 0.002086965
v -0.074769236 0.020142270 0.002086965
v -0.074769236 0.014445019 0.002261681
v -0.074769236 0.020328716 0.002261681
v -0.074769236 0.014267837 0.002445950
v -0.074769236 0.020505898 0.002445950
v -0.074769236 0.014100491 0.002639448
v -0.074769236 0.020673248 0.002639448
v -0.074769236 0.020830206 0.002841850
v -0.074769236 0.013846725 0.003078980
v -0.074769236 0.020927010 0.003078980
v -0.074769236 0.013762826 0.003320658
v -0.074769236 0.021010912 0.003320658
v -0.074769236 0.013691832 0.003566236
v -0.074769236 0.021081903 0.003566236
v -0.074769236 0.013633750 0.003815062
v -0.074769236 0.021139985 0.003815062
v -0.074769236 0.013556304 0.004319863
v -0.074769236 0.021217431 0.004319863
v -0.074769236 0.013536943 0.004574537
v -0.074769236 0.021243248 0.004829862
v -0.074769236 0.013530487 0.004829862
v -0.074769236 0.021236795 0.005085186
v -0.074769236 0.013556304 0.005339861
v -0.074769236 0.021217431 0.005339861
v -0.074769236 0.013633750 0.005844661
v -0.074769236 0.021139985 0.005844661
v -0.074769236 0.013691832 0.006093488
v -0.074769236 0.021081903 0.006093488
v -0.074769236 0.013762826 0.006339065
v -0.074769236 0.021010912 0.006339065
v -0.074769236 0.013846725 0.006580744
v -0.074769236 0.020927010 0.006580744
v -0.074769236 0.013943529 0.006817874
v -0.074769236 0.020830206 0.006817874
v -0.074769236 0.014100491 0.007020276
v -0.074769236 0.020673248 0.007020276
v -0.074769236 0.014267837 0.007213774
v -0.074769236 0.020505898 0.007213774
v -0.074769236 0.014445019 0.007398043
v -0.074769236 0.020328716 0.007398043
v -0.074769236 0.014631469 0.007572758
v -0.074769236 0.020142270 0.007572758
v -0.074769236 0.015029917 0.007892228
v -0.074769236 0.019743822 0.007892228
v -0.074769236 0.015240789 0.008036332
v -0.074769236 0.015458682 0.008169584
v -0.074769236 0.019315057 0.008169584
v -0.074769236 0.019090712 0.008291657
v -0.074769236 0.015913256 0.008402226
v -0.074769236 0.018860479 0.008402226
v -0.074769236 0.016389151 0.008587558
v -0.074769236 0.018384588 0.008587558
v -0.074769236 0.016633686 0.008661668
v -0.074769236 0.018140053 0.008661668
v -0.074769236 0.016881855 0.008722977
v -0.074769236 0.017891880 0.008722977
v -0.074769236 0.017133103 0.008771158
v -0.074769236 0.017640632 0.008771158
v -0.074769236 0.017386869 0.008805886
v -0.074273031 0.014190635 0.002984517
v -0.074202997 0.017386869 0.001173999
v -0.074202997 0.017141007 0.001176833
v -0.074202997 0.017632732 0.001176833
v -0.074202997 0.016898274 0.001196409
v -0.074202997 0.017875461 0.001196409
v -0.074202997 0.016659372 0.001232323
v -0.074202997 0.018114363 0.001232323
v -0.074202997 0.016425000 0.001284170
v -0.074202997 0.018348738 0.001284170
v -0.074202997 0.016195861 0.001351546
v -0.074202997 0.018577878 0.001351546
v -0.074202997 0.015972646 0.001434045
v -0.074202997 0.018801093 0.001434045
v -0.074202997 0.015546820 0.001642801
v -0.074202997 0.019226919 0.001642801
v -0.074202997 0.015153115 0.001907202
v -0.074202997 0.019620620 0.001907202
v -0.074202997 0.014970063 0.002059258
v -0.074202997 0.019803672 0.002059258
v -0.074202997 0.014797147 0.002224013
v -0.074202997 0.019976592 0.002224013
v -0.074202997 0.014635056 0.002401062
v -0.074202997 0.020138679 0.002401062
v -0.074202997 0.014484503 0.002590001
v -0.074202997 0.020289236 0.002590001
v -0.074202997 0.014346186 0.002790425
v -0.074202997 0.020427552 0.002790425
v -0.074202997 0.020552941 0.003001930
v -0.074202997 0.014100324 0.003216270
v -0.074202997 0.020673415 0.003216270
v -0.074202997 0.013995911 0.003436270
v -0.074202997 0.020777828 0.003436270
v -0.074202997 0.013907562 0.003661122
v -0.074202997 0.020866176 0.003661122
v -0.074202997 0.013835274 0.003890018
v -0.074202997 0.020938461 0.003890018
v -0.074202997 0.013779054 0.004122149
v -0.074202997 0.020994684 0.004122149
v -0.074202997 0.013738895 0.004356705
v -0.074202997 0.021034843 0.004356705
v -0.074202997 0.013706767 0.004829862
v -0.074202997 0.021066972 0.004829862
v -0.074202997 0.013738895 0.005303018
v -0.074202997 0.021034843 0.005303018
v -0.074202997 0.013779054 0.005537575
v -0.074202997 0.020994684 0.005537575
v -0.074202997 0.013835274 0.005769705
v -0.074202997 0.020938461 0.005769705
v -0.074202997 0.013907562 0.005998601
v -0.074202997 0.020866176 0.005998601
v -0.074202997 0.013995911 0.006223453
v -0.074202997 0.020777828 0.006223453
v -0.074202997 0.014100324 0.006443454
v -0.074202997 0.020673415 0.006443454
v -0.074202997 0.014220797 0.006657793
v -0.074202997 0.020552941 0.006657793
v -0.074202997 0.014346186 0.006869298
v -0.074202997 0.020427552 0.006869298
v -0.074202997 0.014484503 0.007069722
v -0.074202997 0.020289236 0.007069722
v -0.074202997 0.014635056 0.007258661
v -0.074202997 0.020138679 0.007258661
v -0.074202997 0.014797147 0.007435710
v -0.074202997 0.019976592 0.007435710
v -0.074202997 0.014970063 0.007600465
v -0.074202997 0.019803672 0.007600465
v -0.074202997 0.015153115 0.007752522
v -0.074202997 0.019620620 0.007752522
v -0.074202997 0.015546820 0.008016922
v -0.074202997 0.019226919 0.008016922
v -0.074202997 0.015972646 0.008225678
v -0.074202997 0.018801093 0.008225678
v -0.074202997 0.016195861 0.008308178
v -0.074202997 0.018577878 0.008308178
v -0.074202997 0.016425000 0.008375553
v -0.074202997 0.018348738 0.008375553
v -0.074202997 0.016659372 0.008427400
v -0.074202997 0.018114363 0.008427400
v -0.074202997 0.016898274 0.008463314
v -0.074202997 0.017875461 0.008463314
v -0.074202997 0.017141007 0.008482890
v -0.074202997 0.017632732 0.008482890
v -0.074202997 0.017386869 0.008485725
v -0.074151310 0.017386869 0.001198526
v -0.074151310 0.020531698 0.003014194
v -0.074151310 0.014242037 0.006645529
v -0.074151310 0.020531698 0.006645529
v -0.074151310 0.017386869 0.008461197
v -0.073921509 0.017145025 0.001286978
v -0.073921509 0.017628713 0.001286978
v -0.073921509 0.017386869 0.001293578
v -0.073921509 0.016906471 0.001297977
v -0.073921509 0.017867264 0.001297977
v -0.073921509 0.016671946 0.001326148
v -0.073921509 0.018101793 0.001326148
v -0.073921509 0.016442178 0.001371067
v -0.073921509 0.018331557 0.001371067
v -0.073921509 0.014863811 0.002282339
v -0.073921509 0.019909928 0.002282339
v -0.073921509 0.014710025 0.002458863
v -0.073921509 0.020063714 0.002458863
v -0.073921509 0.014568365 0.002647884
v -0.073921509 0.020205374 0.002647884
v -0.073921509 0.014439563 0.002848978
v -0.073921509 0.020334172 0.002848978
v -0.073921509 0.020449381 0.003061720
v -0.073921509 0.014197722 0.003267862
v -0.073921509 0.020576016 0.003267862
v -0.073921509 0.014087967 0.003479954
v -0.073921509 0.020685768 0.003479954
v -0.073921509 0.013995102 0.003697147
v -0.073921509 0.020778634 0.003697147
v -0.073921509 0.013919120 0.003918590
v -0.073921509 0.020854619 0.003918590
v -0.073921509 0.013919120 0.005741134
v -0.073921509 0.020854619 0.005741134
v -0.073921509 0.013995102 0.005962576
v -0.073921509 0.020778634 0.005962576
v -0.073921509 0.014087967 0.006179769
v -0.073921509 0.020685768 0.006179769
v -0.073921509 0.014197722 0.006391861
v -0.073921509 0.020576016 0.006391861
v -0.073921509 0.014324355 0.006598003
v -0.073921509 0.020449381 0.006598003
v -0.073921509 0.014439563 0.006810745
v -0.073921509 0.020334172 0.006810745
v -0.073921509 0.014568365 0.007011839
v -0.073921509 0.020205374 0.007011839
v -0.073921509 0.014710025 0.007200861
v -0.073921509 0.020063714 0.007200861
v -0.073921509 0.014863811 0.007377385
v -0.073921509 0.019909928 0.007377385
v -0.073921509 0.016442178 0.008288656
v -0.073921509 0.018331557 0.008288656
v -0.073921509 0.016671946 0.008333575
v -0.073921509 0.018101793 0.008333575
v -0.073921509 0.016906471 0.008361746
v -0.073921509 0.017867264 0.008361746
v -0.073921509 0.017386869 0.008366145
v -0.073921509 0.017145025 0.008372745
v -0.073921509 0.017628713 0.008372745
v -0.073915290 0.014326277 0.003062828
v -0.073789022 0.017386869 0.001336341
v -0.073789022 0.020412347 0.003083101
v -0.073789022 0.014361391 0.006576622
v -0.073789022 0.020412347 0.006576622
v -0.073789022 0.017386869 0.008323382
v -0.073640997 0.017148807 0.001361817
v -0.073640997 0.017624932 0.001361817
v -0.073640997 0.016914064 0.001369457
v -0.073640997 0.017859675 0.001369457
v -0.073640997 0.017386869 0.001371936
v -0.073640997 0.016683383 0.001394427
v -0.073640997 0.018090355 0.001394427
v -0.073640997 0.016457507 0.001436298
v -0.073640997 0.018316228 0.001436298
v -0.073640997 0.016237180 0.001494641
v -0.073640997 0.018536558 0.001494641
v -0.073640997 0.016023142 0.001569026
v -0.073640997 0.018750593 0.001569026
v -0.073640997 0.015816138 0.001659026
v -0.073640997 0.015616917 0.001764212
v -0.073640997 0.019156821 0.001764212
v -0.073640997 0.019347530 0.001884154
v -0.073640997 0.015244764 0.002018423
v -0.073640997 0.019528971 0.002018423
v -0.073640997 0.015073329 0.002166591
v -0.073640997 0.019700410 0.002166591
v -0.073640997 0.014912636 0.002328229
v -0.073640997 0.019861099 0.002328229
v -0.073640997 0.014763437 0.002502907
v -0.073640997 0.020010299 0.002502907
v -0.073640997 0.014626474 0.002690198
v -0.073640997 0.020147265 0.002690198
v -0.073640997 0.014502486 0.002889671
v -0.073640997 0.020271252 0.002889671
v -0.073640997 0.014392216 0.003100899
v -0.073640997 0.020381519 0.003100899
v -0.073640997 0.014264424 0.003302008
v -0.073640997 0.020509315 0.003302008
v -0.073640997 0.014153668 0.003509121
v -0.073640997 0.020620070 0.003509121
v -0.073640997 0.014059954 0.003721382
v -0.073640997 0.020713785 0.003721382
v -0.073640997 0.013983276 0.003937931
v -0.073640997 0.020790462 0.003937931
v -0.073640997 0.013923636 0.004157911
v -0.073640997 0.020850099 0.004157911
v -0.073640997 0.013881040 0.004380465
v -0.073640997 0.020892698 0.004380465
v -0.073640997 0.013855481 0.004604734
v -0.073640997 0.013846962 0.004829862
v -0.073640997 0.020926776 0.004829862
v -0.073640997 0.020918254 0.005054989
v -0.073640997 0.013881040 0.005279258
v -0.073640997 0.020892698 0.005279258
v -0.073640997 0.013923636 0.005501812
v -0.073640997 0.020850099 0.005501812
v -0.073640997 0.013983276 0.005721793
v -0.073640997 0.020790462 0.005721793
v -0.073640997 0.014059954 0.005938342
v -0.073640997 0.020713785 0.005938342
v -0.073640997 0.014153668 0.006150602
v -0.073640997 0.020620070 0.006150602
v -0.073640997 0.014264424 0.006357715
v -0.073640997 0.020509315 0.006357715
v -0.073640997 0.014392216 0.006558824
v -0.073640997 0.020381519 0.006558824
v -0.073640997 0.014502486 0.006770052
v -0.073640997 0.020271252 0.006770052
v -0.073640997 0.014626474 0.006969526
v -0.073640997 0.020147265 0.006969526
v -0.073640997 0.014763437 0.007156816
v -0.073640997 0.020010299 0.007156816
v -0.073640997 0.014912636 0.007331494
v -0.073640997 0.019861099 0.007331494
v -0.073640997 0.015073329 0.007493132
v -0.073640997 0.019700410 0.007493132
v -0.073640997 0.015244764 0.007641300
v -0.073640997 0.019528971 0.007641300
v -0.073640997 0.015426209 0.007775570
v -0.073640997 0.015616917 0.007895511
v -0.073640997 0.019156821 0.007895511
v -0.073640997 0.018957597 0.008000697
v -0.073640997 0.016023142 0.008090697
v -0.073640997 0.018750593 0.008090697
v -0.073640997 0.016237180 0.008165083
v -0.073640997 0.018536558 0.008165083
v -0.073640997 0.016457507 0.008223425
v -0.073640997 0.018316228 0.008223425
v -0.073640997 0.016683383 0.008265296
v -0.073640997 0.018090355 0.008265296
v -0.073640997 0.017386869 0.008287787
v -0.073640997 0.016914064 0.008290266
v -0.073640997 0.017859675 0.008290266
v -0.073640997 0.017148807 0.008297906
v -0.073640997 0.017624932 0.008297906
v -0.073591704 0.017386869 0.001380663
v -0.073591704 0.020373960 0.003105262
v -0.073591704 0.014399775 0.006554461
v -0.073591704 0.020373960 0.006554461
v -0.073591704 0.017386869 0.008279061
v -0.073501102 0.017150538 0.001383033
v -0.073501102 0.017623197 0.001383033
v -0.073501102 0.016917491 0.001391280
v -0.073501102 0.017856244 0.001391280
v -0.073501102 0.017386869 0.001392325
v -0.073501102 0.014643658 0.002704077
v -0.073501102 0.020130077 0.002704077
v -0.073501102 0.014519991 0.002901781
v -0.073501102 0.020253744 0.002901781
v -0.073501102 0.014409875 0.003111093
v -0.073501102 0.020363864 0.003111093
v -0.073501102 0.014283664 0.003311114
v -0.073501102 0.020490075 0.003311114
v -0.073501102 0.014174280 0.003517065
v -0.073501102 0.020599459 0.003517065
v -0.073501102 0.014174280 0.006142659
v -0.073501102 0.020599459 0.006142659
v -0.073501102 0.014283664 0.006348609
v -0.073501102 0.020490075 0.006348609
v -0.073501102 0.014409875 0.006548630
v -0.073501102 0.020363864 0.006548630
v -0.073501102 0.014519991 0.006757942
v -0.073501102 0.020253744 0.006757942
v -0.073501102 0.014643658 0.006955646
v -0.073501102 0.020130077 0.006955646
v -0.073501102 0.017386869 0.008267398
v -0.073501102 0.016917491 0.008268443
v -0.073501102 0.017856244 0.008268443
v -0.073501102 0.017150538 0.008276690
v -0.073501102 0.017623197 0.008276690
v -0.073424689 0.014414361 0.003113685
v -0.073391871 0.017386869 0.001398369
v -0.073391871 0.020358631 0.003114115
v -0.073391871 0.014415110 0.006545608
v -0.073391871 0.020358631 0.006545608
v -0.073391871 0.017386869 0.008261354
v -0.073361421 0.017152136 0.001391865
v -0.073361421 0.017621602 0.001391865
v -0.073361421 0.017386869 0.001398409
v -0.073361421 0.016920597 0.001402419
v -0.073361421 0.017853142 0.001402419
v -0.073361421 0.016692972 0.001429657
v -0.073361421 0.018080767 0.001429657
v -0.073361421 0.016469970 0.001473166
v -0.073361421 0.018303768 0.001473166
v -0.073361421 0.016252308 0.001532533
v -0.073361421 0.018521427 0.001532533
v -0.073361421 0.016040707 0.001607346
v -0.073361421 0.018733028 0.001607346
v -0.073361421 0.015835877 0.001697192
v -0.073361421 0.018937862 0.001697192
v -0.073361421 0.015638532 0.001801657
v -0.073361421 0.019135204 0.001801657
v -0.073361421 0.015449391 0.001920329
v -0.073361421 0.019324344 0.001920329
v -0.073361421 0.015269170 0.002052795
v -0.073361421 0.019504569 0.002052795
v -0.073361421 0.015098580 0.002198642
v -0.073361421 0.019675161 0.002198642
v -0.073361421 0.014938335 0.002357456
v -0.073361421 0.019835403 0.002357456
v -0.073361421 0.014789153 0.002528826
v -0.073361421 0.019984586 0.002528826
v -0.073361421 0.014651752 0.002712337
v -0.073361421 0.020121983 0.002712337
v -0.073361421 0.014526845 0.002907578
v -0.073361421 0.020246897 0.002907578
v -0.073361421 0.014415144 0.003114135
v -0.073361421 0.020358595 0.003114135
v -0.073361421 0.014292109 0.003314149
v -0.073361421 0.020481629 0.003314149
v -0.073361421 0.014185479 0.003519943
v -0.073361421 0.020588256 0.003519943
v -0.073361421 0.014095255 0.003730693
v -0.073361421 0.020678480 0.003730693
v -0.073361421 0.014021436 0.003945571
v -0.073361421 0.020752302 0.003945571
v -0.073361421 0.013964019 0.004163753
v -0.073361421 0.020809716 0.004163753
v -0.073361421 0.013923011 0.004384413
v -0.073361421 0.020850727 0.004384413
v -0.073361421 0.013898401 0.004606724
v -0.073361421 0.020875334 0.004606724
v -0.073361421 0.013890200 0.004829862
v -0.073361421 0.020883538 0.004829862
v -0.073361421 0.013898401 0.005052999
v -0.073361421 0.020875334 0.005052999
v -0.073361421 0.013923011 0.005275310
v -0.073361421 0.020850727 0.005275310
v -0.073361421 0.013964019 0.005495970
v -0.073361421 0.020809716 0.005495970
v -0.073361421 0.014021436 0.005714152
v -0.073361421 0.020752302 0.005714152
v -0.073361421 0.014095255 0.005929031
v -0.073361421 0.020678480 0.005929031
v -0.073361421 0.014185479 0.006139780
v -0.073361421 0.020588256 0.006139780
v -0.073361421 0.014292109 0.006345575
v -0.073361421 0.020481629 0.006345575
v -0.073361421 0.014415144 0.006545588
v -0.073361421 0.020358595 0.006545588
v -0.073361421 0.014526845 0.006752145
v -0.073361421 0.020246897 0.006752145
v -0.073361421 0.014651752 0.006947386
v -0.073361421 0.020121983 0.006947386
v -0.073361421 0.014789153 0.007130898
v -0.073361421 0.019984586 0.007130898
v -0.073361421 0.014938335 0.007302267
v -0.073361421 0.019835403 0.007302267
v -0.073361421 0.015098580 0.007461082
v -0.073361421 0.019675161 0.007461082
v -0.073361421 0.015269170 0.007606928
v -0.073361421 0.019504569 0.007606928
v -0.073361421 0.015449391 0.007739394
v -0.073361421 0.019324344 0.007739394
v -0.073361421 0.015638532 0.007858066
v -0.073361421 0.019135204 0.007858066
v -0.073361421 0.015835877 0.007962531
v -0.073361421 0.018937862 0.007962531
v -0.073361421 0.016040707 0.008052377
v -0.073361421 0.018733028 0.008052377
v -0.073361421 0.016252308 0.008127190
v -0.073361421 0.018521427 0.008127190
v -0.073361421 0.016469970 0.008186557
v -0.073361421 0.018303768 0.008186557
v -0.073361421 0.016692972 0.008230067
v -0.073361421 0.018080767 0.008230067
v -0.073361421 0.016920597 0.008257304
v -0.073361421 0.017853142 0.008257304
v -0.073361421 0.017386869 0.008261315
v -0.073361421 0.017152136 0.008267858
v -0.073361421 0.017621602 0.008267858
v -0.073234137 0.014408163 0.003110105
v -0.073221954 0.017153564 0.001387128
v -0.073221954 0.017620174 0.001387128
v -0.073221954 0.016923328 0.001401820
v -0.073221954 0.017850410 0.001401820
v -0.073221954 0.016696846 0.001432533
v -0.073221954 0.018076889 0.001432533
v -0.073221954 0.016474808 0.001478871
v -0.073221954 0.018298927 0.001478871
v -0.073221954 0.014940856 0.002364500
v -0.073221954 0.019832882 0.002364500
v -0.073221954 0.014789708 0.002533621
v -0.073221954 0.019984034 0.002533621
v -0.073221954 0.014649870 0.002714402
v -0.073221954 0.020123872 0.002714402
v -0.073221954 0.014522024 0.002906447
v -0.073221954 0.020251711 0.002906447
v -0.073221954 0.014406869 0.003109358
v -0.073221954 0.014288719 0.003310543
v -0.073221954 0.020485016 0.003310543
v -0.073221954 0.014186325 0.003517279
v -0.073221954 0.020587410 0.003517279
v -0.073221954 0.014099685 0.003728773
v -0.073221954 0.020674050 0.003728773
v -0.073221954 0.014028795 0.003944232
v -0.073221954 0.020744940 0.003944232
v -0.073221954 0.014028795 0.005715491
v -0.073221954 0.020744940 0.005715491
v -0.073221954 0.014099685 0.005930950
v -0.073221954 0.020674050 0.005930950
v -0.073221954 0.014186325 0.006142445
v -0.073221954 0.020587410 0.006142445
v -0.073221954 0.014288719 0.006349180
v -0.073221954 0.020485016 0.006349180
v -0.073221954 0.014522024 0.006753276
v -0.073221954 0.020251711 0.006753276
v -0.073221954 0.014649870 0.006945321
v -0.073221954 0.020123872 0.006945321
v -0.073221954 0.014789708 0.007126102
v -0.073221954 0.019984034 0.007126102
v -0.073221954 0.014940856 0.007295223
v -0.073221954 0.019832882 0.007295223
v -0.073221954 0.016474808 0.008180853
v -0.073221954 0.018298927 0.008180853
v -0.073221954 0.016696846 0.008227191
v -0.073221954 0.018076889 0.008227191
v -0.073221954 0.016923328 0.008257904
v -0.073221954 0.017850410 0.008257904
v -0.073221954 0.017153564 0.008272595
v -0.073221954 0.017620174 0.008272595
v -0.073203954 0.017386869 0.001386411
v -0.073203954 0.020368982 0.003108136
v -0.073203954 0.014404753 0.006551587
v -0.073203954 0.020368982 0.006551587
v -0.073203954 0.017386869 0.008273312
v -0.073082701 0.017386869 0.001362330
v -0.073082701 0.017270514 0.001363024
v -0.073082701 0.017503224 0.001363024
v -0.073082701 0.017154801 0.001367636
v -0.073082701 0.017618937 0.001367636
v -0.073082701 0.016925625 0.001388428
v -0.073082701 0.017848114 0.001388428
v -0.073082701 0.016699996 0.001424332
v -0.073082701 0.018073743 0.001424332
v -0.073082701 0.016478552 0.001474974
v -0.073082701 0.018295183 0.001474974
v -0.073082701 0.016261950 0.001539980
v -0.073082701 0.018511785 0.001539980
v -0.073082701 0.016050834 0.001618975
v -0.073082701 0.018722904 0.001618975
v -0.073082701 0.015845846 0.001711587
v -0.073082701 0.018927889 0.001711587
v -0.073082701 0.015647645 0.001817441
v -0.073082701 0.019126093 0.001817441
v -0.073082701 0.015456876 0.001936162
v -0.073082701 0.019316862 0.001936162
v -0.073082701 0.015274178 0.002067377
v -0.073082701 0.019499561 0.002067377
v -0.073082701 0.015100205 0.002210712
v -0.073082701 0.019673533 0.002210712
v -0.073082701 0.014935610 0.002365793
v -0.073082701 0.019838128 0.002365793
v -0.073082701 0.014781029 0.002532246
v -0.073082701 0.019992706 0.002532246
v -0.073082701 0.014637119 0.002709697
v -0.073082701 0.020136616 0.002709697
v -0.073082701 0.014504529 0.002897772
v -0.073082701 0.020269206 0.002897772
v -0.073082701 0.014442675 0.002995676
v -0.073082701 0.020331060 0.002995676
v -0.073082701 0.014383898 0.003096096
v -0.073082701 0.020389841 0.003096096
v -0.073082701 0.014326320 0.003197210
v -0.073082701 0.020447415 0.003197210
v -0.073082701 0.014272457 0.003299726
v -0.073082701 0.020501281 0.003299726
v -0.073082701 0.014175878 0.003508593
v -0.073082701 0.020597857 0.003508593
v -0.073082701 0.014094155 0.003721947
v -0.073082701 0.020679583 0.003721947
v -0.073082701 0.014027294 0.003939042
v -0.073082701 0.020746445 0.003939042
v -0.073082701 0.013975286 0.004159129
v -0.073082701 0.020798449 0.004159129
v -0.073082701 0.013938143 0.004381460
v -0.073082701 0.020835596 0.004381460
v -0.073082701 0.013915853 0.004605287
v -0.073082701 0.020857885 0.004605287
v -0.073082701 0.013908425 0.004829862
v -0.073082701 0.020865311 0.004829862
v -0.073082701 0.013915853 0.005054437
v -0.073082701 0.020857885 0.005054437
v -0.073082701 0.013938143 0.005278263
v -0.073082701 0.020835596 0.005278263
v -0.073082701 0.013975286 0.005500594
v -0.073082701 0.020798449 0.005500594
v -0.073082701 0.014027294 0.005720681
v -0.073082701 0.020746445 0.005720681
v -0.073082701 0.014094155 0.005937776
v -0.073082701 0.020679583 0.005937776
v -0.073082701 0.014175878 0.006151130
v -0.073082701 0.020597857 0.006151130
v -0.073082701 0.014272457 0.006359997
v -0.073082701 0.020501281 0.006359997
v -0.073082701 0.014326320 0.006462513
v -0.073082701 0.020447415 0.006462513
v -0.073082701 0.014383898 0.006563627
v -0.073082701 0.020389841 0.006563627
v -0.073082701 0.014442675 0.006664047
v -0.073082701 0.020331060 0.006664047
v -0.073082701 0.014504529 0.006761952
v -0.073082701 0.020269206 0.006761952
v -0.073082701 0.014637119 0.006950026
v -0.073082701 0.020136616 0.006950026
v -0.073082701 0.014781029 0.007127477
v -0.073082701 0.019992706 0.007127477
v -0.073082701 0.014935610 0.007293930
v -0.073082701 0.019838128 0.007293930
v -0.073082701 0.015100205 0.007449011
v -0.073082701 0.019673533 0.007449011
v -0.073082701 0.015274178 0.007592346
v -0.073082701 0.019499561 0.007592346
v -0.073082701 0.015456876 0.007723561
v -0.073082701 0.019316862 0.007723561
v -0.073082701 0.015647645 0.007842283
v -0.073082701 0.019126093 0.007842283
v -0.073082701 0.015845846 0.007948136
v -0.073082701 0.018927889 0.007948136
v -0.073082701 0.016050834 0.008040748
v -0.073082701 0.018722904 0.008040748
v -0.073082701 0.016261950 0.008119744
v -0.073082701 0.018511785 0.008119744
v -0.073082701 0.016478552 0.008184749
v -0.073082701 0.018295183 0.008184749
v -0.073082701 0.016699996 0.008235391
v -0.073082701 0.018073743 0.008235391
v -0.073082701 0.016925625 0.008271295
v -0.073082701 0.017848114 0.008271295
v -0.073082701 0.017154801 0.008292087
v -0.073082701 0.017618937 0.008292087
v -0.073082701 0.017270514 0.008296699
v -0.073082701 0.017503224 0.008296699
v -0.073082701 0.017386869 0.008297393
v -0.073055634 0.014377623 0.003092473
v -0.073025438 0.017386869 0.001346169
v -0.073025438 0.020403835 0.003088015
v -0.073025438 0.014369903 0.006571708
v -0.073025438 0.020403835 0.006571708
v -0.073025438 0.017386869 0.008313554
v -0.072943689 0.017386869 0.001317680
v -0.072943689 0.017271042 0.001323205
v -0.072943689 0.017502693 0.001323205
v -0.072943689 0.017155811 0.001332344
v -0.072943689 0.017617924 0.001332344
v -0.072943689 0.016927427 0.001361298
v -0.072943689 0.017846312 0.001361298
v -0.072943689 0.016702313 0.001404196
v -0.072943689 0.018071426 0.001404196
v -0.072943689 0.016481060 0.001460692
v -0.072943689 0.018292675 0.001460692
v -0.072943689 0.016264274 0.001530444
v -0.072943689 0.018509461 0.001530444
v -0.072943689 0.015090787 0.002207959
v -0.072943689 0.019682951 0.002207959
v -0.072943689 0.014921987 0.002360825
v -0.072943689 0.019851752 0.002360825
v -0.072943689 0.014762434 0.002524184
v -0.072943689 0.020011305 0.002524184
v -0.072943689 0.014612723 0.002697692
v -0.072943689 0.020161012 0.002697692
v -0.072943689 0.014473457 0.002881003
v -0.072943689 0.020300278 0.002881003
v -0.072943689 0.014407929 0.002976226
v -0.072943689 0.020365809 0.002976226
v -0.072943689 0.014345230 0.003073771
v -0.072943689 0.020428509 0.003073771
v -0.072943689 0.014292102 0.003176840
v -0.072943689 0.020481636 0.003176840
v -0.072943689 0.014242402 0.003281203
v -0.072943689 0.020531337 0.003281203
v -0.072943689 0.014153284 0.003493467
v -0.072943689 0.020620454 0.003493467
v -0.072943689 0.014077877 0.003709873
v -0.072943689 0.020695861 0.003709873
v -0.072943689 0.014016181 0.003929729
v -0.072943689 0.020757558 0.003929729
v -0.072943689 0.013968192 0.004152347
v -0.072943689 0.020805543 0.004152347
v -0.072943689 0.013968192 0.005507377
v -0.072943689 0.020805543 0.005507377
v -0.072943689 0.014016181 0.005729994
v -0.072943689 0.020757558 0.005729994
v -0.072943689 0.014077877 0.005949851
v -0.072943689 0.020695861 0.005949851
v -0.072943689 0.014153284 0.006166256
v -0.072943689 0.020620454 0.006166256
v -0.072943689 0.014242402 0.006378520
v -0.072943689 0.020531337 0.006378520
v -0.072943689 0.014292102 0.006482883
v -0.072943689 0.020481636 0.006482883
v -0.072943689 0.014345230 0.006585952
v -0.072943689 0.020428509 0.006585952
v -0.072943689 0.014407929 0.006683497
v -0.072943689 0.020365809 0.006683497
v -0.072943689 0.014473457 0.006778721
v -0.072943689 0.020300278 0.006778721
v -0.072943689 0.014612723 0.006962031
v -0.072943689 0.020161012 0.006962031
v -0.072943689 0.014762434 0.007135539
v -0.072943689 0.020011305 0.007135539
v -0.072943689 0.014921987 0.007298898
v -0.072943689 0.019851752 0.007298898
v -0.072943689 0.015090787 0.007451765
v -0.072943689 0.019682951 0.007451765
v -0.072943689 0.016264274 0.008129280
v -0.072943689 0.018509461 0.008129280
v -0.072943689 0.016481060 0.008199031
v -0.072943689 0.018292675 0.008199031
v -0.072943689 0.016702313 0.008255528
v -0.072943689 0.018071426 0.008255528
v -0.072943689 0.016927427 0.008298425
v -0.072943689 0.017846312 0.008298425
v -0.072943689 0.017155811 0.008327379
v -0.072943689 0.017617924 0.008327379
v -0.072943689 0.017271042 0.008336519
v -0.072943689 0.017502693 0.008336519
v -0.072943689 0.017386869 0.008342043
v -0.072867824 0.014317511 0.003057767
v -0.072833910 0.017386869 0.001269671
v -0.072833910 0.020470082 0.003049766
v -0.072833910 0.014303653 0.006609957
v -0.072833910 0.020470082 0.006609957
v -0.072833910 0.017386869 0.008390052
v -0.072805493 0.017386869 0.001255479
v -0.072805493 0.017156526 0.001281567
v -0.072805493 0.017617209 0.001281567
v -0.072805493 0.016928594 0.001320519
v -0.072805493 0.017845145 0.001320519
v -0.072805493 0.016703600 0.001372026
v -0.072805493 0.018070139 0.001372026
v -0.072805493 0.016482090 0.001435776
v -0.072805493 0.018291649 0.001435776
v -0.072805493 0.016264595 0.001511459
v -0.072805493 0.018509140 0.001511459
v -0.072805493 0.016051663 0.001598764
v -0.072805493 0.018722075 0.001598764
v -0.072805493 0.015843824 0.001697380
v -0.072805493 0.018929915 0.001697380
v -0.072805493 0.015641614 0.001806997
v -0.072805493 0.019132121 0.001806997
v -0.072805493 0.015445583 0.001927304
v -0.072805493 0.019328156 0.001927304
v -0.072805493 0.015256261 0.002057990
v -0.072805493 0.019517477 0.002057990
v -0.072805493 0.015074185 0.002198744
v -0.072805493 0.019699554 0.002198744
v -0.072805493 0.014899895 0.002349256
v -0.072805493 0.019873844 0.002349256
v -0.072805493 0.014733929 0.002509216
v -0.072805493 0.020039806 0.002509216
v -0.072805493 0.014576827 0.002678312
v -0.072805493 0.020196909 0.002678312
v -0.072805493 0.014429125 0.002856234
v -0.072805493 0.020344610 0.002856234
v -0.072805493 0.014291360 0.003042670
v -0.072805493 0.020482375 0.003042670
v -0.072805493 0.014198786 0.003255195
v -0.072805493 0.020574953 0.003255195
v -0.072805493 0.014118551 0.003472069
v -0.072805493 0.020655187 0.003472069
v -0.072805493 0.014050660 0.003692671
v -0.072805493 0.020723075 0.003692671
v -0.072805493 0.013995115 0.003916381
v -0.072805493 0.020778623 0.003916381
v -0.072805493 0.013951910 0.004142576
v -0.072805493 0.020821825 0.004142576
v -0.072805493 0.013921052 0.004370636
v -0.072805493 0.020852686 0.004370636
v -0.072805493 0.013902537 0.004599938
v -0.072805493 0.020871201 0.004599938
v -0.072805493 0.013896365 0.004829862
v -0.072805493 0.020877373 0.004829862
v -0.072805493 0.013902537 0.005059785
v -0.072805493 0.020871201 0.005059785
v -0.072805493 0.013921052 0.005289088
v -0.072805493 0.020852686 0.005289088
v -0.072805493 0.013951910 0.005517147
v -0.072805493 0.020821825 0.005517147
v -0.072805493 0.013995115 0.005743342
v -0.072805493 0.020778623 0.005743342
v -0.072805493 0.014050660 0.005967052
v -0.072805493 0.020723075 0.005967052
v -0.072805493 0.014118551 0.006187655
v -0.072805493 0.020655187 0.006187655
v -0.072805493 0.014198786 0.006404529
v -0.072805493 0.020574953 0.006404529
v -0.072805493 0.014291360 0.006617053
v -0.072805493 0.020482375 0.006617053
v -0.072805493 0.014429125 0.006803489
v -0.072805493 0.020344610 0.006803489
v -0.072805493 0.014576827 0.006981411
v -0.072805493 0.020196909 0.006981411
v -0.072805493 0.014733929 0.007150507
v -0.072805493 0.020039806 0.007150507
v -0.072805493 0.014899895 0.007310467
v -0.072805493 0.019873844 0.007310467
v -0.072805493 0.015074185 0.007460979
v -0.072805493 0.019699554 0.007460979
v -0.072805493 0.015256261 0.007601734
v -0.072805493 0.019517477 0.007601734
v -0.072805493 0.015445583 0.007732420
v -0.072805493 0.019328156 0.007732420
v -0.072805493 0.015641614 0.007852727
v -0.072805493 0.019132121 0.007852727
v -0.072805493 0.015843824 0.007962343
v -0.072805493 0.018929915 0.007962343
v -0.072805493 0.016051663 0.008060960
v -0.072805493 0.018722075 0.008060960
v -0.072805493 0.016264595 0.008148265
v -0.072805493 0.018509140 0.008148265
v -0.072805493 0.016482090 0.008223948
v -0.072805493 0.018291649 0.008223948
v -0.072805493 0.016703600 0.008287698
v -0.072805493 0.018070139 0.008287698
v -0.072805493 0.016928594 0.008339204
v -0.072805493 0.017845145 0.008339204
v -0.072805493 0.017156526 0.008378156
v -0.072805493 0.017617209 0.008378156
v -0.072805493 0.017386869 0.008404244
v -0.072668941 0.017386869 0.001177274
v -0.072668941 0.017156850 0.001216382
v -0.072668941 0.017616888 0.001216382
v -0.072668941 0.016928941 0.001266767
v -0.072668941 0.017844794 0.001266767
v -0.072668941 0.016703610 0.001328154
v -0.072668941 0.018070129 0.001328154
v -0.072668941 0.016481327 0.001400271
v -0.072668941 0.018292408 0.001400271
v -0.072668941 0.016262572 0.001482848
v -0.072668941 0.018511166 0.001482848
v -0.072668941 0.016047808 0.001575611
v -0.072668941 0.018725927 0.001575611
v -0.072668941 0.015238134 0.002043077
v -0.072668941 0.019535604 0.002043077
v -0.072668941 0.015050418 0.002182685
v -0.072668941 0.019723318 0.002182685
v -0.072668941 0.014869524 0.002330847
v -0.072668941 0.019904214 0.002330847
v -0.072668941 0.014695930 0.002487288
v -0.072668941 0.020077805 0.002487288
v -0.072668941 0.014530101 0.002651737
v -0.072668941 0.020243634 0.002651737
v -0.072668941 0.014372514 0.002823921
v -0.072668941 0.020401224 0.002823921
v -0.072668941 0.014223636 0.003003568
v -0.072668941 0.020550103 0.003003568
v -0.072668941 0.014142495 0.003222323
v -0.072668941 0.020631243 0.003222323
v -0.072668941 0.014072173 0.003444891
v -0.072668941 0.020701565 0.003444891
v -0.072668941 0.014012670 0.003670727
v -0.072668941 0.020761068 0.003670727
v -0.072668941 0.013963986 0.003899286
v -0.072668941 0.020809749 0.003899286
v -0.072668941 0.013926120 0.004130024
v -0.072668941 0.020847615 0.004130024
v -0.072668941 0.013899073 0.004362395
v -0.072668941 0.020874662 0.004362395
v -0.072668941 0.013899073 0.005297328
v -0.072668941 0.020874662 0.005297328
v -0.072668941 0.013926120 0.005529699
v -0.072668941 0.020847615 0.005529699
v -0.072668941 0.013963986 0.005760437
v -0.072668941 0.020809749 0.005760437
v -0.072668941 0.014012670 0.005988996
v -0.072668941 0.020761068 0.005988996
v -0.072668941 0.014072173 0.006214832
v -0.072668941 0.020701565 0.006214832
v -0.072668941 0.014142495 0.006437400
v -0.072668941 0.020631243 0.006437400
v -0.072668941 0.014223636 0.006656155
v -0.072668941 0.020550103 0.006656155
v -0.072668941 0.014372514 0.006835803
v -0.072668941 0.020401224 0.006835803
v -0.072668941 0.014530101 0.007007987
v -0.072668941 0.020243634 0.007007987
v -0.072668941 0.014695930 0.007172435
v -0.072668941 0.020077805 0.007172435
v -0.072668941 0.014869524 0.007328877
v -0.072668941 0.019904214 0.007328877
v -0.072668941 0.015050418 0.007477038
v -0.072668941 0.019723318 0.007477038
v -0.072668941 0.015238134 0.007616647
v -0.072668941 0.019535604 0.007616647
v -0.072668941 0.016047808 0.008084113
v -0.072668941 0.018725927 0.008084113
v -0.072668941 0.016262572 0.008176875
v -0.072668941 0.018511166 0.008176875
v -0.072668941 0.016481327 0.008259452
v -0.072668941 0.018292408 0.008259452
v -0.072668941 0.016703610 0.008331570
v -0.072668941 0.018070129 0.008331570
v -0.072668941 0.016928941 0.008392957
v -0.072668941 0.017844794 0.008392957
v -0.072668941 0.017156850 0.008443341
v -0.072668941 0.017616888 0.008443341
v -0.072668941 0.017386869 0.008482449
v -0.072626161 0.014199511 0.002989640
v -0.072605486 0.017386869 0.001135385
v -0.072605486 0.020586380 0.002982623
v -0.072605486 0.014187358 0.006677100
v -0.072605486 0.020586380 0.006677100
v -0.072605486 0.017386869 0.008524338
v -0.072534850 0.017386869 0.001084623
v -0.072534850 0.017156680 0.001137880
v -0.072534850 0.017617055 0.001137880
v -0.072534850 0.016928289 0.001200721
v -0.072534850 0.017845449 0.001200721
v -0.072534850 0.016702085 0.001272915
v -0.072534850 0.018071653 0.001272915
v -0.072534850 0.016478476 0.001354230
v -0.072534850 0.018295263 0.001354230
v -0.072534850 0.016257861 0.001444436
v -0.072534850 0.018515877 0.001444436
v -0.072534850 0.016040644 0.001543301
v -0.072534850 0.018733098 0.001543301
v -0.072534850 0.015827218 0.001650592
v -0.072534850 0.018946521 0.001650592
v -0.072534850 0.015617994 0.001766079
v -0.072534850 0.019155744 0.001766079
v -0.072534850 0.015413367 0.001889531
v -0.072534850 0.019360375 0.001889531
v -0.072534850 0.015213735 0.002020715
v -0.072534850 0.019560003 0.002020715
v -0.072534850 0.015019506 0.002159400
v -0.072534850 0.019754229 0.002159400
v -0.072534850 0.014831080 0.002305355
v -0.072534850 0.019942658 0.002305355
v -0.072534850 0.014648853 0.002458348
v -0.072534850 0.020124885 0.002458348
v -0.072534850 0.014473233 0.002618148
v -0.072534850 0.020300506 0.002618148
v -0.072534850 0.014304609 0.002784523
v -0.072534850 0.020469126 0.002784523
v -0.072534850 0.014143398 0.002957242
v -0.072534850 0.020630340 0.002957242
v -0.072534850 0.014074427 0.003183218
v -0.072534850 0.020699312 0.003183218
v -0.072534850 0.014014650 0.003412434
v -0.072534850 0.020759089 0.003412434
v -0.072534850 0.013964070 0.003644428
v -0.072534850 0.020809669 0.003644428
v -0.072534850 0.013922687 0.003878737
v -0.072534850 0.020851052 0.003878737
v -0.072534850 0.013890501 0.004114898
v -0.072534850 0.020883237 0.004114898
v -0.072534850 0.013867510 0.004352448
v -0.072534850 0.020906229 0.004352448
v -0.072534850 0.013853716 0.004590923
v -0.072534850 0.020920023 0.004590923
v -0.072534850 0.013849119 0.004829862
v -0.072534850 0.020924620 0.004829862
v -0.072534850 0.013853716 0.005068800
v -0.072534850 0.020920023 0.005068800
v -0.072534850 0.013867510 0.005307276
v -0.072534850 0.020906229 0.005307276
v -0.072534850 0.013890501 0.005544825
v -0.072534850 0.020883237 0.005544825
v -0.072534850 0.013922687 0.005780986
v -0.072534850 0.020851052 0.005780986
v -0.072534850 0.013964070 0.006015295
v -0.072534850 0.020809669 0.006015295
v -0.072534850 0.014014650 0.006247289
v -0.072534850 0.020759089 0.006247289
v -0.072534850 0.014074427 0.006476505
v -0.072534850 0.020699312 0.006476505
v -0.072534850 0.014143398 0.006702481
v -0.072534850 0.020630340 0.006702481
v -0.072534850 0.014304609 0.006875200
v -0.072534850 0.020469126 0.006875200
v -0.072534850 0.014473233 0.007041575
v -0.072534850 0.020300506 0.007041575
v -0.072534850 0.014648853 0.007201375
v -0.072534850 0.020124885 0.007201375
v -0.072534850 0.014831080 0.007354368
v -0.072534850 0.019942658 0.007354368
v -0.072534850 0.015019506 0.007500324
v -0.072534850 0.019754229 0.007500324
v -0.072534850 0.015213735 0.007639009
v -0.072534850 0.019560003 0.007639009
v -0.072534850 0.015413367 0.007770193
v -0.072534850 0.019360375 0.007770193
v -0.072534850 0.015617994 0.007893644
v -0.072534850 0.019155744 0.007893644
v -0.072534850 0.015827218 0.008009131
v -0.072534850 0.018946521 0.008009131
v -0.072534850 0.016040644 0.008116423
v -0.072534850 0.018733098 0.008116423
v -0.072534850 0.016257861 0.008215287
v -0.072534850 0.018515877 0.008215287
v -0.072534850 0.016478476 0.008305493
v -0.072534850 0.018295263 0.008305493
v -0.072534850 0.016702085 0.008386809
v -0.072534850 0.018071653 0.008386809
v -0.072534850 0.016928289 0.008459003
v -0.072534850 0.017845449 0.008459003
v -0.072534850 0.017156680 0.008521844
v -0.072534850 0.017617055 0.008521844
v -0.072534850 0.017386869 0.008575100
v -0.072404102 0.017386869 0.000979082
v -0.072404102 0.017155928 0.001047144
v -0.072404102 0.017617811 0.001047144
v -0.072404102 0.016926451 0.001123062
v -0.072404102 0.017847288 0.001123062
v -0.072404102 0.016698772 0.001206644
v -0.072404102 0.018074963 0.001206644
v -0.072404102 0.016473223 0.001297704
v -0.072404102 0.018300515 0.001297704
v -0.072404102 0.016250122 0.001396048
v -0.072404102 0.018523613 0.001396048
v -0.072404102 0.016029808 0.001501490
v -0.072404102 0.018743930 0.001501490
v -0.072404102 0.015598837 0.001732903
v -0.072404102 0.019174898 0.001732903
v -0.072404102 0.015182944 0.001990426
v -0.072404102 0.019590795 0.001990426
v -0.072404102 0.014981470 0.002128504
v -0.072404102 0.019792265 0.002128504
v -0.072404102 0.014784753 0.002272540
v -0.072404102 0.019988982 0.002272540
v -0.072404102 0.014593118 0.002422345
v -0.072404102 0.020180617 0.002422345
v -0.072404102 0.014406896 0.002577728
v -0.072404102 0.020366842 0.002577728
v -0.072404102 0.014226411 0.002738500
v -0.072404102 0.020547328 0.002738500
v -0.072404102 0.020721741 0.002904472
v -0.072404102 0.013995466 0.003138506
v -0.072404102 0.020778269 0.003138506
v -0.072404102 0.013946477 0.003375195
v -0.072404102 0.020827258 0.003375195
v -0.072404102 0.013905024 0.003614162
v -0.072404102 0.020868714 0.003614162
v -0.072404102 0.013871104 0.003855025
v -0.072404102 0.020902631 0.003855025
v -0.072404102 0.013844729 0.004097406
v -0.072404102 0.020929013 0.004097406
v -0.072404102 0.013825883 0.004340926
v -0.072404102 0.020947855 0.004340926
v -0.072404102 0.013810808 0.004829862
v -0.072404102 0.020962930 0.004829862
v -0.072404102 0.013825883 0.005318798
v -0.072404102 0.020947855 0.005318798
v -0.072404102 0.013844729 0.005562317
v -0.072404102 0.020929013 0.005562317
v -0.072404102 0.013871104 0.005804698
v -0.072404102 0.020902631 0.005804698
v -0.072404102 0.013905024 0.006045562
v -0.072404102 0.020868714 0.006045562
v -0.072404102 0.013946477 0.006284528
v -0.072404102 0.020827258 0.006284528
v -0.072404102 0.013995466 0.006521218
v -0.072404102 0.020778269 0.006521218
v -0.072404102 0.014051997 0.006755251
v -0.072404102 0.020721741 0.006755251
v -0.072404102 0.014226411 0.006921223
v -0.072404102 0.020547328 0.006921223
v -0.072404102 0.014406896 0.007081995
v -0.072404102 0.020366842 0.007081995
v -0.072404102 0.014593118 0.007237378
v -0.072404102 0.020180617 0.007237378
v -0.072404102 0.014784753 0.007387183
v -0.072404102 0.019988982 0.007387183
v -0.072404102 0.014981470 0.007531219
v -0.072404102 0.019792265 0.007531219
v -0.072404102 0.015182944 0.007669297
v -0.072404102 0.019590795 0.007669297
v -0.072404102 0.015598837 0.007926820
v -0.072404102 0.019174898 0.007926820
v -0.072404102 0.016029808 0.008158234
v -0.072404102 0.018743930 0.008158234
v -0.072404102 0.016250122 0.008263675
v -0.072404102 0.018523613 0.008263675
v -0.072404102 0.016473223 0.008362020
v -0.072404102 0.018300515 0.008362020
v -0.072404102 0.016698772 0.008453079
v -0.072404102 0.018074963 0.008453079
v -0.072404102 0.016926451 0.008536661
v -0.072404102 0.017847288 0.008536661
v -0.072404102 0.017155928 0.008612579
v -0.072404102 0.017617811 0.008612579
v -0.072404102 0.017386869 0.008680641
v -0.072335579 0.013998806 0.002873763
v -0.072283839 0.017386869 0.000868426
v -0.072283839 0.020817572 0.002849144
v -0.072283839 0.013956166 0.006810579
v -0.072283839 0.020817572 0.006810579
v -0.072283839 0.017386869 0.008791297
v -0.072277487 0.017154483 0.000945265
v -0.072277487 0.017619255 0.000945265
v -0.072277487 0.016923248 0.001034471
v -0.072277487 0.017850491 0.001034471
v -0.072277487 0.016693420 0.001129679
v -0.072277487 0.018080319 0.001129679
v -0.072277487 0.016465256 0.001230742
v -0.072277487 0.018308482 0.001230742
v -0.072277487 0.016239015 0.001337510
v -0.072277487 0.018534723 0.001337510
v -0.072277487 0.016014951 0.001449835
v -0.072277487 0.018758784 0.001449835
v -0.072277487 0.015574395 0.001690562
v -0.072277487 0.019199347 0.001690562
v -0.072277487 0.015145640 0.001951734
v -0.072277487 0.019628098 0.001951734
v -0.072277487 0.014936329 0.002089615
v -0.072277487 0.019837406 0.002089615
v -0.072277487 0.014730746 0.002232162
v -0.072277487 0.020042992 0.002232162
v -0.072277487 0.014529138 0.002379227
v -0.072277487 0.020244597 0.002379227
v -0.072277487 0.014331773 0.002530659
v -0.072277487 0.020441962 0.002530659
v -0.072277487 0.014138901 0.002686312
v -0.072277487 0.020634837 0.002686312
v -0.072277487 0.013950780 0.002846036
v -0.072277487 0.013906516 0.003088815
v -0.072277487 0.020867223 0.003088815
v -0.072277487 0.013868152 0.003333673
v -0.072277487 0.020905583 0.003333673
v -0.072277487 0.013835692 0.003580314
v -0.072277487 0.020938043 0.003580314
v -0.072277487 0.013809133 0.003828441
v -0.072277487 0.020964602 0.003828441
v -0.072277487 0.013788476 0.004077756
v -0.072277487 0.020985260 0.004077756
v -0.072277487 0.013773722 0.004327963
v -0.072277487 0.021000017 0.004327963
v -0.072277487 0.013761917 0.004829862
v -0.072277487 0.021011822 0.004829862
v -0.072277487 0.013773722 0.005331761
v -0.072277487 0.021000017 0.005331761
v -0.072277487 0.013788476 0.005581967
v -0.072277487 0.020985260 0.005581967
v -0.072277487 0.013809133 0.005831282
v -0.072277487 0.020964602 0.005831282
v -0.072277487 0.013835692 0.006079409
v -0.072277487 0.020938043 0.006079409
v -0.072277487 0.013868152 0.006326050
v -0.072277487 0.020905583 0.006326050
v -0.072277487 0.013906516 0.006570909
v -0.072277487 0.020867223 0.006570909
v -0.072277487 0.014138901 0.006973411
v -0.072277487 0.020634837 0.006973411
v -0.072277487 0.014331773 0.007129064
v -0.072277487 0.020441962 0.007129064
v -0.072277487 0.014529138 0.007280497
v -0.072277487 0.020244597 0.007280497
v -0.072277487 0.014730746 0.007427561
v -0.072277487 0.020042992 0.007427561
v -0.072277487 0.014936329 0.007570108
v -0.072277487 0.019837406 0.007570108
v -0.072277487 0.015145640 0.007707990
v -0.072277487 0.019628098 0.007707990
v -0.072277487 0.015574395 0.007969162
v -0.072277487 0.019199347 0.007969162
v -0.072277487 0.016014951 0.008209889
v -0.072277487 0.018758784 0.008209889
v -0.072277487 0.016239015 0.008322213
v -0.072277487 0.018534723 0.008322213
v -0.072277487 0.016465256 0.008428981
v -0.072277487 0.018308482 0.008428981
v -0.072277487 0.016693420 0.008530044
v -0.072277487 0.018080319 0.008530044
v -0.072277487 0.016923248 0.008625252
v -0.072277487 0.017850491 0.008625252
v -0.072277487 0.017154483 0.008714458
v -0.072277487 0.017619255 0.008714458
v -0.072155873 0.017152260 0.000833329
v -0.072155873 0.017621478 0.000833329
v -0.072155873 0.016918497 0.000935629
v -0.072155873 0.017855241 0.000935629
v -0.072155873 0.016685774 0.001042354
v -0.072155873 0.018087965 0.001042354
v -0.072155873 0.016454277 0.001153396
v -0.072155873 0.018319461 0.001153396
v -0.072155873 0.015995724 0.001387992
v -0.072155873 0.018778011 0.001387992
v -0.072155873 0.015544359 0.001638538
v -0.072155873 0.019229380 0.001638538
v -0.072155873 0.015101693 0.001904160
v -0.072155873 0.019672042 0.001904160
v -0.072155873 0.014669254 0.002183981
v -0.072155873 0.020104484 0.002183981
v -0.072155873 0.014457339 0.002328942
v -0.072155873 0.020316400 0.002328942
v -0.072155873 0.014248550 0.002477124
v -0.072155873 0.020525189 0.002477124
v -0.072155873 0.014043074 0.002628418
v -0.072155873 0.020730665 0.002628418
v -0.072155873 0.013808465 0.003034773
v -0.072155873 0.020965274 0.003034773
v -0.072155873 0.013780178 0.003288366
v -0.072155873 0.020993561 0.003288366
v -0.072155873 0.013756243 0.003543274
v -0.072155873 0.021017495 0.003543274
v -0.072155873 0.013736659 0.003799277
v -0.072155873 0.021037077 0.003799277
v -0.072155873 0.013710551 0.004313693
v -0.072155873 0.021063187 0.004313693
v -0.072155873 0.013701845 0.004829862
v -0.072155873 0.021071890 0.004829862
v -0.072155873 0.013710551 0.005346030
v -0.072155873 0.021063187 0.005346030
v -0.072155873 0.013736659 0.005860446
v -0.072155873 0.021037077 0.005860446
v -0.072155873 0.013756243 0.006116449
v -0.072155873 0.021017495 0.006116449
v -0.072155873 0.013780178 0.006371357
v -0.072155873 0.020993561 0.006371357
v -0.072155873 0.013808465 0.006624950
v -0.072155873 0.020965274 0.006624950
v -0.072155873 0.014043074 0.007031306
v -0.072155873 0.020730665 0.007031306
v -0.072155873 0.014248550 0.007182599
v -0.072155873 0.020525189 0.007182599
v -0.072155873 0.014457339 0.007330781
v -0.072155873 0.020316400 0.007330781
v -0.072155873 0.014669254 0.007475742
v -0.072155873 0.020104484 0.007475742
v -0.072155873 0.015101693 0.007755563
v -0.072155873 0.019672042 0.007755563
v -0.072155873 0.015544359 0.008021185
v -0.072155873 0.019229380 0.008021185
v -0.072155873 0.015995724 0.008271732
v -0.072155873 0.018778011 0.008271732
v -0.072155873 0.016454277 0.008506327
v -0.072155873 0.018319461 0.008506327
v -0.072155873 0.016685774 0.008617369
v -0.072155873 0.018087965 0.008617369
v -0.072155873 0.016918497 0.008724095
v -0.072155873 0.017855241 0.008724095
v -0.072155873 0.017152260 0.008826394
v -0.072155873 0.017621478 0.008826394
v -0.072040103 0.017386869 0.000600703
v -0.072040103 0.017149154 0.000712423
v -0.072040103 0.017624581 0.000712423
v -0.072040103 0.016912018 0.000827215
v -0.072040103 0.017861721 0.000827215
v -0.072040103 0.016675580 0.000945005
v -0.072040103 0.018098158 0.000945005
v -0.072040103 0.016439975 0.001065718
v -0.072040103 0.018333760 0.001065718
v -0.072040103 0.015971770 0.001315616
v -0.072040103 0.018801965 0.001315616
v -0.072040103 0.015508432 0.001576318
v -0.072040103 0.019265303 0.001576318
v -0.072040103 0.015050989 0.001847228
v -0.072040103 0.019722746 0.001847228
v -0.072040103 0.014600470 0.002127755
v -0.072040103 0.020173265 0.002127755
v -0.072040103 0.014378127 0.002271439
v -0.072040103 0.020395608 0.002271439
v -0.072040103 0.014157901 0.002417304
v -0.072040103 0.020615834 0.002417304
v -0.072040103 0.013939918 0.002565277
v -0.072040103 0.020833817 0.002565277
v -0.072040103 0.013724309 0.002715282
v -0.072040103 0.021049430 0.002715282
v -0.072040103 0.013702206 0.002977008
v -0.072040103 0.021071532 0.002977008
v -0.072040103 0.013683050 0.003239773
v -0.072040103 0.021090686 0.003239773
v -0.072040103 0.013666841 0.003503428
v -0.072040103 0.021106897 0.003503428
v -0.072040103 0.013653579 0.003767824
v -0.072040103 0.021120160 0.003767824
v -0.072040103 0.013635896 0.004298249
v -0.072040103 0.021137842 0.004298249
v -0.072040103 0.013629999 0.004829862
v -0.072040103 0.021143740 0.004829862
v -0.072040103 0.013635896 0.005361474
v -0.072040103 0.021137842 0.005361474
v -0.072040103 0.013653579 0.005891899
v -0.072040103 0.021120160 0.005891899
v -0.072040103 0.013666841 0.006156296
v -0.072040103 0.021106897 0.006156296
v -0.072040103 0.013683050 0.006419950
v -0.072040103 0.021090686 0.006419950
v -0.072040103 0.013702206 0.006682715
v -0.072040103 0.021071532 0.006682715
v -0.072040103 0.013724309 0.006944441
v -0.072040103 0.021049430 0.006944441
v -0.072040103 0.013939918 0.007094446
v -0.072040103 0.020833817 0.007094446
v -0.072040103 0.014157901 0.007242419
v -0.072040103 0.020615834 0.007242419
v -0.072040103 0.014378127 0.007388284
v -0.072040103 0.020395608 0.007388284
v -0.072040103 0.014600470 0.007531968
v -0.072040103 0.020173265 0.007531968
v -0.072040103 0.015050989 0.007812495
v -0.072040103 0.019722746 0.007812495
v -0.072040103 0.015508432 0.008083405
v -0.072040103 0.019265303 0.008083405
v -0.072040103 0.015971770 0.008344107
v -0.072040103 0.018801965 0.008344107
v -0.072040103 0.016439975 0.008594006
v -0.072040103 0.018333760 0.008594006
v -0.072040103 0.016675580 0.008714718
v -0.072040103 0.018098158 0.008714718
v -0.072040103 0.016912018 0.008832508
v -0.072040103 0.017861721 0.008832508
v -0.072040103 0.017149154 0.008947300
v -0.072040103 0.017624581 0.008947300
v -0.072040103 0.017386869 0.009059020
v -0.071992214 0.013672107 0.002685142
v -0.071955760 0.017386869 0.000492631
v -0.071955760 0.021143021 0.002661246
v -0.071955760 0.013630718 0.006998477
v -0.071955760 0.021143021 0.006998477
v -0.071955760 0.017386869 0.009167092
v -0.071931006 0.016903623 0.000709912
v -0.071931006 0.017870116 0.000709912
v -0.071931006 0.016422042 0.000967758
v -0.071931006 0.018351697 0.000967758
v -0.071931006 0.015942740 0.001232365
v -0.071931006 0.018830998 0.001232365
v -0.071931006 0.015466328 0.001503384
v -0.071931006 0.019307411 0.001503384
v -0.071931006 0.014993412 0.001780461
v -0.071931006 0.019780327 0.001780461
v -0.071931006 0.014524602 0.002063245
v -0.071931006 0.020249137 0.002063245
v -0.071931006 0.014060512 0.002351382
v -0.071931006 0.020713226 0.002351382
v -0.071931006 0.013577266 0.003188392
v -0.071931006 0.021196473 0.003188392
v -0.071931006 0.013559774 0.003734374
v -0.071931006 0.021213961 0.003734374
v -0.071931006 0.013549280 0.004281766
v -0.071931006 0.021224456 0.004281766
v -0.071931006 0.013545786 0.004829862
v -0.071931006 0.021227953 0.004829862
v -0.071931006 0.013549280 0.005377957
v -0.071931006 0.021224456 0.005377957
v -0.071931006 0.013559774 0.005925349
v -0.071931006 0.021213961 0.005925349
v -0.071931006 0.013577266 0.006471332
v -0.071931006 0.021196473 0.006471332
v -0.071931006 0.014060512 0.007308341
v -0.071931006 0.020713226 0.007308341
v -0.071931006 0.014524602 0.007596479
v -0.071931006 0.020249137 0.007596479
v -0.071931006 0.014993412 0.007879262
v -0.071931006 0.019780327 0.007879262
v -0.071931006 0.015466328 0.008156339
v -0.071931006 0.019307411 0.008156339
v -0.071931006 0.015942740 0.008427358
v -0.071931006 0.018830998 0.008427358
v -0.071931006 0.016422042 0.008691966
v -0.071931006 0.018351697 0.008691966
v -0.071931006 0.016903623 0.008949811
v -0.071931006 0.017870116 0.008949811
v -0.071829425 0.017386869 0.000312560
v -0.071829425 0.017139920 0.000448054
v -0.071829425 0.017633818 0.000448054
v -0.071829425 0.016893128 0.000584400
v -0.071829425 0.017880607 0.000584400
v -0.071829425 0.016400170 0.000859566
v -0.071829425 0.018373568 0.000859566
v -0.071829425 0.015908278 0.001137895
v -0.071829425 0.018865457 0.001137895
v -0.071829425 0.015417733 0.001419222
v -0.071829425 0.019356002 0.001419222
v -0.071829425 0.014928827 0.001703381
v -0.071829425 0.019844908 0.001703381
v -0.071829425 0.014441840 0.001990209
v -0.071829425 0.020331895 0.001990209
v -0.071829425 0.013957059 0.002279541
v -0.071829425 0.020816676 0.002279541
v -0.071829425 0.013715586 0.002425094
v -0.071829425 0.021058152 0.002425094
v -0.071829425 0.013474769 0.002571211
v -0.071829425 0.021298966 0.002571211
v -0.071829425 0.013468637 0.002852822
v -0.071829425 0.021305098 0.002852822
v -0.071829425 0.013463321 0.003134721
v -0.071829425 0.021310417 0.003134721
v -0.071829425 0.013455144 0.003699219
v -0.071829425 0.021318591 0.003699219
v -0.071829425 0.013450236 0.004264376
v -0.071829425 0.021323499 0.004264376
v -0.071829425 0.013448601 0.004829862
v -0.071829425 0.021325134 0.004829862
v -0.071829425 0.013450236 0.005395348
v -0.071829425 0.021323499 0.005395348
v -0.071829425 0.013455144 0.005960504
v -0.071829425 0.021318591 0.005960504
v -0.071829425 0.013463321 0.006525003
v -0.071829425 0.021310417 0.006525003
v -0.071829425 0.013468637 0.006806901
v -0.071829425 0.021305098 0.006806901
v -0.071829425 0.013474769 0.007088512
v -0.071829425 0.021298966 0.007088512
v -0.071829425 0.013715586 0.007234630
v -0.071829425 0.021058152 0.007234630
v -0.071829425 0.013957059 0.007380183
v -0.071829425 0.020816676 0.007380183
v -0.071829425 0.014441840 0.007669514
v -0.071829425 0.020331895 0.007669514
v -0.071829425 0.014928827 0.007956342
v -0.071829425 0.019844908 0.007956342
v -0.071829425 0.015417733 0.008240502
v -0.071829425 0.019356002 0.008240502
v -0.071829425 0.015908278 0.008521828
v -0.071829425 0.018865457 0.008521828
v -0.071829425 0.016400170 0.008800157
v -0.071829425 0.018373568 0.008800157
v -0.071829425 0.016893128 0.009075324
v -0.071829425 0.017880607 0.009075324
v -0.071829425 0.017139920 0.009211669
v -0.071829425 0.017633818 0.009211669
v -0.071829425 0.017386869 0.009347163
v -0.071736202 0.016880361 0.000451358
v -0.071736202 0.017893378 0.000451358
v -0.071736202 0.016374056 0.000741195
v -0.071736202 0.018399679 0.000741195
v -0.071736202 0.015868032 0.001031861
v -0.071736202 0.018905706 0.001031861
v -0.071736202 0.015362363 0.001323314
v -0.071736202 0.019411376 0.001323314
v -0.071736202 0.014857121 0.001615511
v -0.071736202 0.019916617 0.001615511
v -0.071736202 0.014352384 0.001908408
v -0.071736202 0.020421351 0.001908408
v -0.071736202 0.013848226 0.002201961
v -0.071736202 0.020925509 0.002201961
v -0.071736202 0.013341717 0.003079259
v -0.071736202 0.021432018 0.003079259
v -0.071736202 0.013339574 0.003662649
v -0.071736202 0.021434164 0.003662649
v -0.071736202 0.013338284 0.004246212
v -0.071736202 0.021435451 0.004246212
v -0.071736202 0.013337856 0.004829862
v -0.071736202 0.021435879 0.004829862
v -0.071736202 0.013338284 0.005413511
v -0.071736202 0.021435451 0.005413511
v -0.071736202 0.013339574 0.005997074
v -0.071736202 0.021434164 0.005997074
v -0.071736202 0.013341717 0.006580464
v -0.071736202 0.021432018 0.006580464
v -0.071736202 0.013848226 0.007457763
v -0.071736202 0.020925509 0.007457763
v -0.071736202 0.014352384 0.007751316
v -0.071736202 0.020421351 0.007751316
v -0.071736202 0.014857121 0.008044212
v -0.071736202 0.019916617 0.008044212
v -0.071736202 0.015362363 0.008336409
v -0.071736202 0.019411376 0.008336409
v -0.071736202 0.015868032 0.008627862
v -0.071736202 0.018905706 0.008627862
v -0.071736202 0.016374056 0.008918528
v -0.071736202 0.018399679 0.008918528
v -0.071736202 0.016880361 0.009208365
v -0.071736202 0.017893378 0.009208365
v -0.071691630 0.013276838 0.002456936
v -0.071652166 0.017386869 0.000010242
v -0.071652166 0.016865129 0.000311469
v -0.071652166 0.017908606 0.000311469
v -0.071652166 0.016343392 0.000612695
v -0.071652166 0.018430347 0.000612695
v -0.071652166 0.015821651 0.000913920
v -0.071652166 0.018952087 0.000913920
v -0.071652166 0.015299911 0.001215147
v -0.071652166 0.019473824 0.001215147
v -0.071652166 0.014778174 0.001516373
v -0.071652166 0.019995565 0.001516373
v -0.071652166 0.014256433 0.001817600
v -0.071652166 0.020517302 0.001817600
v -0.071652166 0.013734693 0.002118826
v -0.071652166 0.021039042 0.002118826
v -0.071652166 0.013212956 0.002420052
v -0.071652166 0.021560783 0.002420052
v -0.071652166 0.013212956 0.003022504
v -0.071652166 0.021560783 0.003022504
v -0.071652166 0.013212956 0.003624957
v -0.071652166 0.021560783 0.003624957
v -0.071652166 0.013212956 0.004227409
v -0.071652166 0.021560783 0.004227409
v -0.071652166 0.013212956 0.004829862
v -0.071652166 0.021560783 0.004829862
v -0.071652166 0.013212956 0.005432314
v -0.071652166 0.021560783 0.005432314
v -0.071652166 0.013212956 0.006034767
v -0.071652166 0.021560783 0.006034767
v -0.071652166 0.013212956 0.006637219
v -0.071652166 0.021560783 0.006637219
v -0.071652166 0.013212956 0.007239671
v -0.071652166 0.021560783 0.007239671
v -0.071652166 0.013734693 0.007540898
v -0.071652166 0.021039042 0.007540898
v -0.071652166 0.014256433 0.007842124
v -0.071652166 0.020517302 0.007842124
v -0.071652166 0.014778174 0.008143350
v -0.071652166 0.019995565 0.008143350
v -0.071652166 0.015299911 0.008444576
v -0.071652166 0.019473824 0.008444576
v -0.071652166 0.015821651 0.008745803
v -0.071652166 0.018952087 0.008745803
v -0.071652166 0.016343392 0.009047029
v -0.071652166 0.018430347 0.009047029
v -0.071652166 0.016865129 0.009348255
v -0.071652166 0.017908606 0.009348255
v -0.071652166 0.017386869 0.009649481
v 0.059130434 0.017386869 0.000010242
v 0.059130434 0.013212956 0.002420052
v 0.059130434 0.021560783 0.002420052
v 0.059130434 0.013212956 0.007239671
v 0.059130434 0.021560783 0.007239671
v 0.059130434 0.017386869 0.009649481
v 0.061304812 0.013022721 0.002420052
v 0.061304812 0.013022721 0.007239671
v 0.061742210 0.017181316 0.000010242
v 0.061742210 0.017181316 0.009649481
v 0.062029604 0.017133224 0.000010242
v 0.062029604 0.017133224 0.009649481
v 0.062395154 0.021303841 0.002420052
v 0.062395154 0.021303841 0.007239671
v 0.063413122 0.012457803 0.002420052
v 0.063413122 0.012457803 0.007239671
v 0.064289674 0.016569726 0.000010242
v 0.064289674 0.016569726 0.009649481
v 0.064840684 0.016379997 0.000010242
v 0.064840684 0.016379997 0.009649481
v 0.065391304 0.011535361 0.002420052
v 0.065391304 0.011535361 0.007239671
v 0.065579485 0.020539351 0.002420052
v 0.065579485 0.020539351 0.007239671
v 0.066710103 0.015567153 0.000010242
v 0.066710103 0.015567153 0.009649481
v 0.067179253 0.010283425 0.002420052
v 0.067179253 0.010283425 0.007239671
v 0.067478260 0.015150076 0.000010242
v 0.067478260 0.015150076 0.009649481
v 0.068605019 0.019286138 0.002420052
v 0.068605019 0.019286138 0.007239671
v 0.068722644 0.008740035 0.002420052
v 0.068722644 0.008740035 0.007239671
v 0.068943893 0.014198284 0.000010242
v 0.068943893 0.014198284 0.009649481
v 0.069862193 0.013480830 0.000010242
v 0.069862193 0.013480830 0.009649481
v 0.069974579 0.006952083 0.002420052
v 0.069974579 0.006952083 0.007239671
v 0.070897021 0.004973903 0.002420052
v 0.070897021 0.004973903 0.007239671
v 0.070936043 0.012496825 0.000010242
v 0.070936043 0.012496825 0.009649481
v 0.071397257 0.017575051 0.002420052
v 0.071397257 0.017575051 0.007239671
v 0.071461940 0.002865594 0.002420052
v 0.071461940 0.002865594 0.007239671
v 0.071652174 -0.021569652 0.002420052
v 0.071652174 0.000691216 0.002420052
v 0.071652174 -0.021569652 0.007239671
v 0.071652174 0.000691216 0.007239671
v 0.071920046 0.011422974 0.000010242
v 0.071920046 0.011422974 0.009649481
v 0.072637501 0.010504675 0.000010242
v 0.072637501 0.010504675 0.009649481
v 0.073589293 0.009039042 0.000010242
v 0.073589293 0.009039042 0.009649481
v 0.073887446 0.015448227 0.002420052
v 0.073887446 0.015448227 0.007239671
v 0.074006370 0.008270884 0.000010242
v 0.074006370 0.008270884 0.009649481
v 0.074819216 0.006401464 0.000010242
v 0.074819216 0.006401464 0.009649481
v 0.075008943 0.005850455 0.000010242
v 0.075008943 0.005850455 0.009649481
v 0.075572442 0.003590387 0.000010242
v 0.075572442 0.003590387 0.009649481
v 0.075620536 0.003302993 0.000010242
v 0.075620536 0.003302993 0.009649481
v 0.075826087 -0.021569652 0.009649481
v 0.075826087 0.000691216 0.009649481
v 0.075826087 -0.021569652 0.000010242
v 0.075826087 0.000691216 0.000010242
v 0.076014268 0.012958040 0.002420052
v 0.076014268 0.012958040 0.007239671
v 0.077725353 0.010165800 0.002420052
v 0.077725353 0.010165800 0.007239671
v 0.078978571 0.007140268 0.002420052
v 0.078978571 0.007140268 0.007239671
v 0.079743061 0.003955936 0.002420052
v 0.079743061 0.003955936 0.007239671
v 0.080000000 -0.021569652 0.002420052
v 0.080000000 0.000691216 0.002420052
v 0.080000000 -0.021569652 0.007239671
v 0.080000000 0.000691216 0.007239671
s 1
usemtl face_000
f 11 3 1
f 2 11 1
f 3 19 1
f 19 2 1
f 4 11 2
f 19 25 2
f 27 4 2
f 25 27 2
f 9 5 3
f 11 9 3
f 26 19 3
f 5 26 3
f 17 15 4
f 15 12 4
f 12 11 4
f 7 8 4
f 8 10 4
f 10 13 4
f 16 17 4
f 14 16 4
f 13 14 4
f 20 7 4
f 27 20 4
f 9 6 5
f 6 28 5
f 28 26 5
f 29 28 6
f 9 29 6
f 20 8 7
f 20 31 8
f 33 10 8
f 31 33 8
f 32 29 9
f 11 32 9
f 22 13 10
f 33 22 10
f 12 34 11
f 34 32 11
f 21 34 12
f 15 21 12
f 22 14 13
f 22 37 14
f 39 16 14
f 37 39 14
f 38 21 15
f 17 38 15
f 18 17 16
f 23 18 16
f 39 23 16
f 18 40 17
f 40 38 17
f 23 40 18
f 26 24 19
f 24 25 19
f 27 30 20
f 30 31 20
f 35 34 21
f 38 35 21
f 33 36 22
f 36 37 22
f 39 41 23
f 41 40 23
f 26 55 24
f 55 43 24
f 43 25 24
f 45 27 25
f 43 45 25
f 44 55 26
f 28 44 26
f 45 56 27
f 56 30 27
f 29 46 28
f 46 44 28
f 42 46 29
f 32 42 29
f 56 47 30
f 47 31 30
f 49 33 31
f 47 49 31
f 48 42 32
f 34 48 32
f 49 58 33
f 58 36 33
f 35 50 34
f 50 48 34
f 57 50 35
f 38 57 35
f 58 51 36
f 51 37 36
f 53 39 37
f 51 53 37
f 52 57 38
f 40 52 38
f 53 59 39
f 59 41 39
f 41 54 40
f 54 52 40
f 59 54 41
f 68 46 42
f 69 68 42
f 72 69 42
f 74 72 42
f 48 74 42
f 61 63 43
f 55 61 43
f 65 45 43
f 63 65 43
f 64 62 44
f 62 55 44
f 46 64 44
f 65 67 45
f 67 56 45
f 68 66 46
f 66 64 46
f 71 73 47
f 56 71 47
f 75 49 47
f 73 75 47
f 50 74 48
f 75 77 49
f 77 58 49
f 78 76 50
f 57 78 50
f 76 74 50
f 81 83 51
f 58 81 51
f 85 53 51
f 83 85 51
f 84 82 52
f 82 57 52
f 54 84 52
f 85 87 53
f 87 59 53
f 88 86 54
f 59 88 54
f 86 84 54
f 62 60 55
f 60 61 55
f 67 70 56
f 70 71 56
f 79 78 57
f 82 79 57
f 77 80 58
f 80 81 58
f 87 89 59
f 89 88 59
f 62 90 60
f 90 61 60
f 90 97 61
f 97 99 61
f 99 63 61
f 64 98 62
f 98 90 62
f 101 65 63
f 99 101 63
f 100 98 64
f 66 100 64
f 101 103 65
f 103 67 65
f 68 102 66
f 102 100 66
f 103 91 67
f 91 70 67
f 104 102 68
f 69 104 68
f 95 104 69
f 72 95 69
f 91 71 70
f 91 106 71
f 106 108 71
f 108 73 71
f 74 107 72
f 107 95 72
f 110 75 73
f 108 110 73
f 109 107 74
f 76 109 74
f 110 112 75
f 112 77 75
f 78 111 76
f 111 109 76
f 112 93 77
f 93 80 77
f 92 113 78
f 113 111 78
f 79 92 78
f 82 92 79
f 93 81 80
f 93 116 81
f 116 118 81
f 118 83 81
f 84 117 82
f 117 92 82
f 120 85 83
f 118 120 83
f 119 117 84
f 86 119 84
f 120 122 85
f 122 87 85
f 88 121 86
f 121 119 86
f 122 94 87
f 94 89 87
f 94 123 88
f 123 121 88
f 89 94 88
f 98 96 90
f 96 97 90
f 103 105 91
f 105 106 91
f 114 113 92
f 117 114 92
f 112 115 93
f 115 116 93
f 122 124 94
f 124 123 94
f 138 104 95
f 159 138 95
f 107 159 95
f 98 125 96
f 125 97 96
f 125 131 97
f 131 133 97
f 133 99 97
f 132 125 98
f 100 132 98
f 135 101 99
f 133 135 99
f 134 132 100
f 102 134 100
f 135 137 101
f 137 103 101
f 104 136 102
f 136 134 102
f 137 126 103
f 126 105 103
f 138 136 104
f 126 106 105
f 126 140 106
f 140 142 106
f 142 108 106
f 109 141 107
f 141 159 107
f 144 110 108
f 142 144 108
f 143 141 109
f 111 143 109
f 144 146 110
f 146 112 110
f 113 145 111
f 145 143 111
f 146 128 112
f 128 115 112
f 114 127 113
f 127 147 113
f 147 145 113
f 117 127 114
f 128 116 115
f 128 150 116
f 150 152 116
f 152 118 116
f 151 127 117
f 119 151 117
f 154 120 118
f 152 154 118
f 153 151 119
f 121 153 119
f 154 156 120
f 156 122 120
f 123 155 121
f 155 153 121
f 156 129 122
f 129 124 122
f 124 129 123
f 129 157 123
f 157 155 123
f 132 130 125
f 130 131 125
f 137 139 126
f 139 140 126
f 148 147 127
f 151 148 127
f 146 149 128
f 149 150 128
f 156 158 129
f 158 157 129
f 165 160 130
f 167 165 130
f 132 167 130
f 160 131 130
f 160 166 131
f 166 168 131
f 168 133 131
f 134 167 132
f 170 135 133
f 168 170 133
f 169 167 134
f 136 169 134
f 170 172 135
f 172 137 135
f 138 171 136
f 171 169 136
f 172 139 137
f 175 173 138
f 173 171 138
f 159 175 138
f 174 161 139
f 172 174 139
f 161 140 139
f 161 177 140
f 177 179 140
f 179 142 140
f 178 159 141
f 143 178 141
f 181 144 142
f 179 181 142
f 180 178 143
f 145 180 143
f 181 183 144
f 183 146 144
f 147 182 145
f 182 180 145
f 183 149 146
f 162 184 147
f 148 162 147
f 184 182 147
f 186 162 148
f 188 186 148
f 151 188 148
f 185 163 149
f 183 185 149
f 163 150 149
f 163 187 150
f 187 189 150
f 189 152 150
f 153 188 151
f 191 154 152
f 189 191 152
f 190 188 153
f 155 190 153
f 191 193 154
f 193 156 154
f 157 192 155
f 192 190 155
f 193 158 156
f 164 194 157
f 158 164 157
f 194 192 157
f 195 164 158
f 193 195 158
f 176 175 159
f 178 176 159
f 165 196 160
f 196 166 160
f 174 197 161
f 197 177 161
f 198 184 162
f 186 198 162
f 185 199 163
f 199 187 163
f 195 200 164
f 200 194 164
f 167 203 165
f 203 202 165
f 202 196 165
f 196 204 166
f 204 206 166
f 206 168 166
f 205 203 167
f 169 205 167
f 208 170 168
f 206 208 168
f 207 205 169
f 171 207 169
f 208 210 170
f 210 172 170
f 173 209 171
f 209 207 171
f 210 212 172
f 212 174 172
f 175 201 173
f 201 211 173
f 211 209 173
f 212 214 174
f 214 197 174
f 176 201 175
f 178 215 176
f 215 201 176
f 197 216 177
f 216 218 177
f 218 179 177
f 180 217 178
f 217 215 178
f 220 181 179
f 218 220 179
f 219 217 180
f 182 219 180
f 220 222 181
f 222 183 181
f 184 221 182
f 221 219 182
f 222 224 183
f 224 185 183
f 225 223 184
f 198 225 184
f 223 221 184
f 224 226 185
f 226 199 185
f 188 227 186
f 227 225 186
f 225 198 186
f 199 228 187
f 228 230 187
f 230 189 187
f 229 227 188
f 190 229 188
f 232 191 189
f 230 232 189
f 231 229 190
f 192 231 190
f 232 234 191
f 234 193 191
f 194 233 192
f 233 231 192
f 234 236 193
f 236 195 193
f 237 235 194
f 200 237 194
f 235 233 194
f 236 237 195
f 237 200 195
f 202 204 196
f 214 216 197
f 226 228 199
f 213 211 201
f 215 213 201
f 203 238 202
f 238 204 202
f 205 245 203
f 245 238 203
f 248 206 204
f 246 248 204
f 238 246 204
f 247 245 205
f 207 247 205
f 248 208 206
f 249 288 207
f 288 247 207
f 209 249 207
f 248 289 208
f 289 250 208
f 250 210 208
f 211 249 209
f 250 252 210
f 252 212 210
f 213 243 211
f 251 249 211
f 243 251 211
f 252 239 212
f 239 214 212
f 215 243 213
f 239 216 214
f 217 255 215
f 255 243 215
f 258 218 216
f 256 258 216
f 239 256 216
f 257 255 217
f 219 257 217
f 258 220 218
f 308 257 219
f 259 308 219
f 221 259 219
f 258 307 220
f 307 260 220
f 260 222 220
f 223 259 221
f 260 262 222
f 262 224 222
f 225 240 223
f 261 259 223
f 240 261 223
f 262 241 224
f 241 226 224
f 227 240 225
f 241 228 226
f 229 265 227
f 265 240 227
f 268 230 228
f 266 268 228
f 241 266 228
f 267 265 229
f 231 267 229
f 268 232 230
f 269 327 231
f 327 267 231
f 233 269 231
f 268 328 232
f 328 270 232
f 270 234 232
f 235 269 233
f 270 272 234
f 272 236 234
f 237 242 235
f 271 269 235
f 242 271 235
f 272 242 236
f 242 237 236
f 245 244 238
f 244 246 238
f 252 254 239
f 254 256 239
f 263 261 240
f 265 263 240
f 262 264 241
f 264 266 241
f 272 273 242
f 273 271 242
f 253 251 243
f 255 253 243
f 245 274 244
f 274 281 244
f 281 246 244
f 280 274 245
f 282 280 245
f 284 282 245
f 247 284 245
f 283 248 246
f 281 283 246
f 286 284 247
f 288 286 247
f 283 285 248
f 285 287 248
f 287 289 248
f 251 294 249
f 294 292 249
f 292 290 249
f 290 288 249
f 293 252 250
f 291 293 250
f 289 291 250
f 296 294 251
f 253 296 251
f 297 275 252
f 275 254 252
f 295 297 252
f 293 295 252
f 338 296 253
f 301 299 253
f 255 301 253
f 299 338 253
f 275 300 254
f 300 256 254
f 257 303 255
f 303 301 255
f 302 258 256
f 300 302 256
f 305 303 257
f 308 305 257
f 302 304 258
f 304 306 258
f 306 307 258
f 261 313 259
f 313 311 259
f 311 309 259
f 309 308 259
f 312 262 260
f 310 312 260
f 307 310 260
f 315 313 261
f 263 315 261
f 316 277 262
f 277 264 262
f 314 316 262
f 312 314 262
f 276 315 263
f 265 276 263
f 277 320 264
f 320 266 264
f 319 276 265
f 321 319 265
f 323 321 265
f 267 323 265
f 322 268 266
f 320 322 266
f 325 323 267
f 327 325 267
f 322 324 268
f 324 326 268
f 326 328 268
f 271 333 269
f 333 331 269
f 331 329 269
f 329 327 269
f 332 272 270
f 330 332 270
f 328 330 270
f 335 333 271
f 273 335 271
f 336 278 272
f 278 273 272
f 334 336 272
f 332 334 272
f 278 335 273
f 280 279 274
f 279 281 274
f 297 298 275
f 298 300 275
f 317 315 276
f 319 317 276
f 316 318 277
f 318 320 277
f 336 337 278
f 337 335 278
f 280 364 279
f 364 340 279
f 340 281 279
f 339 364 280
f 282 339 280
f 342 283 281
f 340 342 281
f 284 341 282
f 341 339 282
f 342 285 283
f 286 376 284
f 374 341 284
f 376 374 284
f 375 287 285
f 342 375 285
f 288 376 286
f 379 289 287
f 377 379 287
f 375 377 287
f 290 378 288
f 378 376 288
f 381 291 289
f 379 381 289
f 380 378 290
f 382 380 290
f 292 382 290
f 381 293 291
f 343 382 292
f 294 343 292
f 344 295 293
f 383 344 293
f 381 383 293
f 296 343 294
f 344 346 295
f 346 297 295
f 345 343 296
f 338 345 296
f 365 298 297
f 346 365 297
f 365 349 298
f 349 300 298
f 301 348 299
f 348 347 299
f 347 338 299
f 351 302 300
f 349 351 300
f 350 348 301
f 303 350 301
f 351 304 302
f 392 350 303
f 394 392 303
f 305 394 303
f 393 306 304
f 351 393 304
f 308 394 305
f 396 307 306
f 395 396 306
f 393 395 306
f 399 310 307
f 396 399 307
f 309 397 308
f 397 394 308
f 398 397 309
f 400 398 309
f 311 400 309
f 399 312 310
f 352 400 311
f 313 352 311
f 353 314 312
f 401 353 312
f 399 401 312
f 315 352 313
f 353 355 314
f 355 316 314
f 354 352 315
f 317 354 315
f 367 318 316
f 355 367 316
f 366 354 317
f 319 366 317
f 367 357 318
f 357 320 318
f 356 366 319
f 321 356 319
f 359 322 320
f 357 359 320
f 323 358 321
f 358 356 321
f 359 324 322
f 325 412 323
f 410 358 323
f 412 410 323
f 411 326 324
f 359 411 324
f 327 412 325
f 415 328 326
f 413 415 326
f 411 413 326
f 329 414 327
f 414 412 327
f 417 330 328
f 415 417 328
f 416 414 329
f 418 416 329
f 331 418 329
f 417 332 330
f 360 418 331
f 333 360 331
f 361 334 332
f 419 361 332
f 417 419 332
f 335 360 333
f 361 363 334
f 363 336 334
f 362 360 335
f 337 362 335
f 368 337 336
f 363 368 336
f 368 362 337
f 347 345 338
f 341 370 339
f 370 364 339
f 371 373 340
f 364 371 340
f 373 342 340
f 374 372 341
f 372 370 341
f 373 375 342
f 384 382 343
f 345 384 343
f 383 385 344
f 385 387 344
f 387 346 344
f 386 384 345
f 347 386 345
f 387 365 346
f 369 386 347
f 348 369 347
f 350 388 348
f 388 369 348
f 389 391 349
f 365 389 349
f 391 351 349
f 390 388 350
f 392 390 350
f 391 393 351
f 402 400 352
f 354 402 352
f 401 403 353
f 403 405 353
f 405 355 353
f 404 402 354
f 366 404 354
f 405 367 355
f 358 406 356
f 406 366 356
f 407 409 357
f 367 407 357
f 409 359 357
f 410 408 358
f 408 406 358
f 409 411 359
f 420 418 360
f 362 420 360
f 419 421 361
f 421 423 361
f 423 363 361
f 422 420 362
f 368 422 362
f 423 368 363
f 370 424 364
f 426 371 364
f 424 426 364
f 387 430 365
f 432 389 365
f 430 432 365
f 433 404 366
f 435 433 366
f 406 435 366
f 405 436 367
f 438 407 367
f 436 438 367
f 423 441 368
f 439 422 368
f 441 439 368
f 429 427 369
f 427 386 369
f 388 429 369
f 372 425 370
f 425 424 370
f 426 373 371
f 374 447 372
f 447 445 372
f 445 425 372
f 426 446 373
f 446 375 373
f 376 449 374
f 449 447 374
f 448 377 375
f 446 448 375
f 451 449 376
f 453 451 376
f 378 453 376
f 450 452 377
f 448 450 377
f 452 379 377
f 459 457 378
f 380 459 378
f 455 453 378
f 457 455 378
f 452 454 379
f 458 381 379
f 456 458 379
f 454 456 379
f 461 459 380
f 463 461 380
f 382 463 380
f 462 383 381
f 460 462 381
f 458 460 381
f 465 463 382
f 384 465 382
f 464 385 383
f 462 464 383
f 427 465 384
f 386 427 384
f 464 466 385
f 466 428 385
f 428 387 385
f 428 430 387
f 390 431 388
f 431 429 388
f 432 391 389
f 473 431 390
f 475 473 390
f 392 475 390
f 432 474 391
f 474 393 391
f 477 475 392
f 394 477 392
f 476 395 393
f 474 476 393
f 479 477 394
f 481 479 394
f 397 481 394
f 478 480 395
f 476 478 395
f 480 396 395
f 480 482 396
f 486 399 396
f 483 486 396
f 482 483 396
f 487 485 397
f 398 487 397
f 484 481 397
f 485 484 397
f 489 487 398
f 491 489 398
f 400 491 398
f 490 401 399
f 488 490 399
f 486 488 399
f 493 491 400
f 402 493 400
f 492 403 401
f 490 492 401
f 433 493 402
f 404 433 402
f 492 494 403
f 494 434 403
f 434 405 403
f 434 436 405
f 408 437 406
f 437 435 406
f 438 409 407
f 410 503 408
f 503 501 408
f 501 437 408
f 438 502 409
f 502 411 409
f 412 505 410
f 505 503 410
f 504 413 411
f 502 504 411
f 507 505 412
f 509 507 412
f 414 509 412
f 506 508 413
f 504 506 413
f 508 415 413
f 515 513 414
f 416 515 414
f 511 509 414
f 513 511 414
f 508 510 415
f 514 417 415
f 512 514 415
f 510 512 415
f 517 515 416
f 519 517 416
f 418 519 416
f 518 419 417
f 516 518 417
f 514 516 417
f 521 519 418
f 420 521 418
f 520 421 419
f 518 520 419
f 439 521 420
f 422 439 420
f 520 522 421
f 522 440 421
f 440 423 421
f 440 441 423
f 425 442 424
f 444 426 424
f 442 444 424
f 445 443 425
f 443 442 425
f 444 446 426
f 429 467 427
f 467 465 427
f 466 468 428
f 468 470 428
f 470 430 428
f 469 467 429
f 431 469 429
f 472 432 430
f 470 472 430
f 473 471 431
f 471 469 431
f 472 474 432
f 435 495 433
f 495 493 433
f 494 496 434
f 496 498 434
f 498 436 434
f 497 495 435
f 437 497 435
f 500 438 436
f 498 500 436
f 501 499 437
f 499 497 437
f 500 502 438
f 441 523 439
f 523 521 439
f 522 524 440
f 524 525 440
f 525 441 440
f 525 523 441
f 528 527 442
f 443 528 442
f 527 444 442
f 445 530 443
f 530 528 443
f 527 529 444
f 529 446 444
f 447 530 445
f 529 531 446
f 531 533 446
f 533 448 446
f 449 532 447
f 532 530 447
f 535 450 448
f 533 535 448
f 534 532 449
f 451 534 449
f 537 452 450
f 535 537 450
f 453 536 451
f 536 534 451
f 537 454 452
f 455 604 453
f 604 602 453
f 602 536 453
f 537 605 454
f 607 456 454
f 605 607 454
f 606 604 455
f 457 606 455
f 609 458 456
f 607 609 456
f 538 608 457
f 459 538 457
f 608 606 457
f 609 611 458
f 611 539 458
f 539 460 458
f 461 538 459
f 539 541 460
f 541 462 460
f 540 538 461
f 463 540 461
f 543 464 462
f 541 543 462
f 542 540 463
f 465 542 463
f 545 466 464
f 543 545 464
f 467 546 465
f 546 544 465
f 544 542 465
f 545 468 466
f 469 526 467
f 526 546 467
f 545 547 468
f 547 470 468
f 471 526 469
f 547 549 470
f 549 472 470
f 552 550 471
f 473 552 471
f 550 526 471
f 549 551 472
f 551 474 472
f 475 552 473
f 551 553 474
f 553 555 474
f 555 476 474
f 554 552 475
f 477 554 475
f 557 478 476
f 555 557 476
f 556 554 477
f 479 556 477
f 559 480 478
f 557 559 478
f 481 558 479
f 558 556 479
f 559 482 480
f 484 632 481
f 632 630 481
f 630 558 481
f 559 633 482
f 634 483 482
f 633 634 482
f 637 486 483
f 634 637 483
f 635 632 484
f 485 635 484
f 560 636 485
f 487 560 485
f 636 635 485
f 637 639 486
f 639 561 486
f 561 488 486
f 489 560 487
f 561 563 488
f 563 490 488
f 562 560 489
f 491 562 489
f 565 492 490
f 563 565 490
f 564 562 491
f 493 564 491
f 567 494 492
f 565 567 492
f 495 568 493
f 568 566 493
f 566 564 493
f 567 496 494
f 497 570 495
f 570 568 495
f 567 569 496
f 569 498 496
f 572 570 497
f 499 572 497
f 569 571 498
f 571 500 498
f 501 574 499
f 574 572 499
f 571 573 500
f 573 502 500
f 503 574 501
f 573 575 502
f 575 577 502
f 577 504 502
f 505 576 503
f 576 574 503
f 579 506 504
f 577 579 504
f 578 576 505
f 507 578 505
f 581 508 506
f 579 581 506
f 509 580 507
f 580 578 507
f 581 510 508
f 511 660 509
f 660 658 509
f 658 580 509
f 581 661 510
f 663 512 510
f 661 663 510
f 662 660 511
f 513 662 511
f 665 514 512
f 663 665 512
f 582 664 513
f 515 582 513
f 664 662 513
f 665 667 514
f 667 583 514
f 583 516 514
f 517 582 515
f 583 585 516
f 585 518 516
f 584 582 517
f 519 584 517
f 587 520 518
f 585 587 518
f 586 584 519
f 521 586 519
f 589 522 520
f 587 589 520
f 523 590 521
f 590 588 521
f 588 586 521
f 589 524 522
f 525 592 523
f 592 590 523
f 589 591 524
f 591 525 524
f 591 592 525
f 548 546 526
f 550 548 526
f 594 593 527
f 528 594 527
f 593 529 527
f 596 594 528
f 530 596 528
f 595 531 529
f 593 595 529
f 532 596 530
f 597 599 531
f 595 597 531
f 599 533 531
f 598 596 532
f 534 598 532
f 599 601 533
f 601 535 533
f 600 598 534
f 536 600 534
f 603 537 535
f 601 603 535
f 602 600 536
f 603 605 537
f 540 610 538
f 610 608 538
f 613 541 539
f 611 613 539
f 612 610 540
f 542 612 540
f 613 615 541
f 615 543 541
f 544 614 542
f 614 612 542
f 617 545 543
f 615 617 543
f 616 614 544
f 618 616 544
f 546 618 544
f 617 547 545
f 620 618 546
f 548 620 546
f 617 619 547
f 619 549 547
f 622 620 548
f 550 622 548
f 619 621 549
f 621 551 549
f 624 622 550
f 552 624 550
f 623 553 551
f 621 623 551
f 554 624 552
f 625 627 553
f 623 625 553
f 627 555 553
f 626 624 554
f 556 626 554
f 627 629 555
f 629 557 555
f 628 626 556
f 558 628 556
f 631 559 557
f 629 631 557
f 630 628 558
f 631 633 559
f 562 638 560
f 638 636 560
f 641 563 561
f 639 641 561
f 640 638 562
f 564 640 562
f 641 643 563
f 643 565 563
f 566 642 564
f 642 640 564
f 645 567 565
f 643 645 565
f 644 642 566
f 646 644 566
f 568 646 566
f 645 569 567
f 648 646 568
f 570 648 568
f 645 647 569
f 647 571 569
f 650 648 570
f 572 650 570
f 647 649 571
f 649 573 571
f 652 650 572
f 574 652 572
f 651 575 573
f 649 651 573
f 576 652 574
f 653 655 575
f 651 653 575
f 655 577 575
f 654 652 576
f 578 654 576
f 655 657 577
f 657 579 577
f 656 654 578
f 580 656 578
f 659 581 579
f 657 659 579
f 658 656 580
f 659 661 581
f 584 666 582
f 666 664 582
f 669 585 583
f 667 669 583
f 668 666 584
f 586 668 584
f 669 671 585
f 671 587 585
f 588 670 586
f 670 668 586
f 673 589 587
f 671 673 587
f 672 670 588
f 674 672 588
f 590 674 588
f 673 591 589
f 676 674 590
f 592 676 590
f 673 675 591
f 675 592 591
f 675 676 592
f 594 677 593
f 683 595 593
f 677 683 593
f 682 677 594
f 596 682 594
f 683 597 595
f 699 697 596
f 697 682 596
f 701 699 596
f 598 701 596
f 683 700 597
f 700 599 597
f 600 703 598
f 703 701 598
f 700 702 599
f 702 601 599
f 602 703 600
f 702 704 601
f 704 603 601
f 705 703 602
f 604 705 602
f 706 605 603
f 704 706 603
f 606 707 604
f 707 705 604
f 709 607 605
f 706 709 605
f 708 707 606
f 608 708 606
f 710 609 607
f 709 710 607
f 610 711 608
f 711 708 608
f 710 712 609
f 712 611 609
f 713 711 610
f 612 713 610
f 712 714 611
f 714 613 611
f 614 715 612
f 715 713 612
f 714 615 613
f 717 715 614
f 616 717 614
f 714 716 615
f 716 617 615
f 684 717 616
f 618 684 616
f 718 720 617
f 720 685 617
f 685 619 617
f 716 718 617
f 620 684 618
f 678 621 619
f 685 678 619
f 686 684 620
f 622 686 620
f 688 623 621
f 678 688 621
f 687 686 622
f 624 687 622
f 688 625 623
f 724 722 624
f 722 687 624
f 726 724 624
f 626 726 624
f 688 725 625
f 725 627 625
f 628 728 626
f 728 726 626
f 725 727 627
f 727 629 627
f 630 728 628
f 727 729 629
f 729 631 629
f 730 728 630
f 632 730 630
f 731 633 631
f 729 731 631
f 635 732 632
f 732 730 632
f 733 634 633
f 731 733 633
f 735 637 634
f 733 735 634
f 734 732 635
f 636 734 635
f 638 736 636
f 736 734 636
f 735 737 637
f 737 639 637
f 738 736 638
f 640 738 638
f 737 739 639
f 739 641 639
f 642 740 640
f 740 738 640
f 739 643 641
f 742 740 642
f 644 742 642
f 739 741 643
f 741 645 643
f 689 742 644
f 646 689 644
f 743 745 645
f 745 690 645
f 690 647 645
f 741 743 645
f 648 689 646
f 680 649 647
f 690 680 647
f 679 689 648
f 650 679 648
f 692 651 649
f 680 692 649
f 691 679 650
f 652 691 650
f 692 653 651
f 750 748 652
f 748 691 652
f 752 750 652
f 654 752 652
f 692 751 653
f 751 655 653
f 656 754 654
f 754 752 654
f 751 753 655
f 753 657 655
f 658 754 656
f 753 755 657
f 755 659 657
f 756 754 658
f 660 756 658
f 757 661 659
f 755 757 659
f 662 758 660
f 758 756 660
f 760 663 661
f 757 760 661
f 759 758 662
f 664 759 662
f 761 665 663
f 760 761 663
f 666 762 664
f 762 759 664
f 761 763 665
f 763 667 665
f 764 762 666
f 668 764 666
f 763 765 667
f 765 669 667
f 670 766 668
f 766 764 668
f 765 671 669
f 768 766 670
f 672 768 670
f 765 767 671
f 767 673 671
f 693 768 672
f 674 693 672
f 769 771 673
f 771 694 673
f 694 675 673
f 767 769 673
f 676 693 674
f 681 676 675
f 694 681 675
f 681 693 676
f 682 696 677
f 698 683 677
f 696 698 677
f 685 721 678
f 723 688 678
f 721 723 678
f 744 689 679
f 746 744 679
f 691 746 679
f 690 747 680
f 749 692 680
f 747 749 680
f 694 772 681
f 770 693 681
f 772 770 681
f 697 696 682
f 698 700 683
f 686 719 684
f 719 717 684
f 720 721 685
f 695 719 686
f 687 695 686
f 722 695 687
f 723 725 688
f 744 742 689
f 745 747 690
f 748 746 691
f 749 751 692
f 770 768 693
f 771 772 694
f 773 719 695
f 722 802 695
f 802 773 695
f 775 774 696
f 697 775 696
f 774 698 696
f 699 777 697
f 777 775 697
f 774 776 698
f 776 700 698
f 779 777 699
f 701 779 699
f 776 778 700
f 778 702 700
f 703 781 701
f 781 779 701
f 778 780 702
f 780 704 702
f 705 783 703
f 783 781 703
f 780 782 704
f 782 706 704
f 707 785 705
f 785 783 705
f 784 786 706
f 782 784 706
f 788 709 706
f 786 788 706
f 708 787 707
f 787 934 707
f 934 932 707
f 932 785 707
f 711 787 708
f 788 710 709
f 788 937 710
f 937 939 710
f 939 790 710
f 790 712 710
f 791 789 711
f 793 791 711
f 713 793 711
f 789 787 711
f 790 792 712
f 792 714 712
f 715 795 713
f 795 793 713
f 792 794 714
f 794 716 714
f 797 795 715
f 717 797 715
f 794 796 716
f 796 718 716
f 799 797 717
f 719 799 717
f 798 720 718
f 796 798 718
f 773 799 719
f 798 800 720
f 800 721 720
f 800 801 721
f 801 723 721
f 724 804 722
f 804 802 722
f 801 803 723
f 803 725 723
f 806 804 724
f 726 806 724
f 803 805 725
f 805 727 725
f 728 808 726
f 808 806 726
f 805 807 727
f 807 729 727
f 730 810 728
f 810 808 728
f 807 809 729
f 809 731 729
f 732 812 730
f 812 810 730
f 811 813 731
f 809 811 731
f 815 733 731
f 813 815 731
f 734 814 732
f 814 964 732
f 964 962 732
f 962 812 732
f 815 735 733
f 736 814 734
f 815 967 735
f 967 969 735
f 969 817 735
f 817 737 735
f 818 816 736
f 820 818 736
f 738 820 736
f 816 814 736
f 817 819 737
f 819 739 737
f 740 822 738
f 822 820 738
f 819 821 739
f 821 741 739
f 824 822 740
f 742 824 740
f 821 823 741
f 823 743 741
f 826 824 742
f 744 826 742
f 825 745 743
f 823 825 743
f 746 828 744
f 828 826 744
f 825 827 745
f 827 747 745
f 830 828 746
f 748 830 746
f 827 829 747
f 829 749 747
f 750 832 748
f 832 830 748
f 829 831 749
f 831 751 749
f 834 832 750
f 752 834 750
f 831 833 751
f 833 753 751
f 754 836 752
f 836 834 752
f 833 835 753
f 835 755 753
f 756 838 754
f 838 836 754
f 835 837 755
f 837 757 755
f 758 840 756
f 840 838 756
f 839 841 757
f 837 839 757
f 843 760 757
f 841 843 757
f 759 842 758
f 842 994 758
f 994 992 758
f 992 840 758
f 762 842 759
f 843 761 760
f 843 997 761
f 997 999 761
f 999 845 761
f 845 763 761
f 846 844 762
f 848 846 762
f 764 848 762
f 844 842 762
f 845 847 763
f 847 765 763
f 766 850 764
f 850 848 764
f 847 849 765
f 849 767 765
f 852 850 766
f 768 852 766
f 849 851 767
f 851 769 767
f 854 852 768
f 770 854 768
f 853 771 769
f 851 853 769
f 772 856 770
f 856 854 770
f 853 855 771
f 855 772 771
f 855 856 772
f 915 799 773
f 802 880 773
f 880 915 773
f 775 857 774
f 857 776 774
f 862 857 775
f 777 865 775
f 865 862 775
f 857 863 776
f 863 778 776
f 867 865 777
f 779 867 777
f 863 866 778
f 866 780 778
f 869 867 779
f 781 869 779
f 866 868 780
f 868 782 780
f 783 869 781
f 868 870 782
f 870 784 782
f 785 932 783
f 932 930 783
f 928 869 783
f 930 928 783
f 931 786 784
f 870 931 784
f 931 933 786
f 936 788 786
f 933 936 786
f 935 934 787
f 789 935 787
f 936 937 788
f 791 940 789
f 940 938 789
f 938 935 789
f 939 792 790
f 871 940 791
f 793 871 791
f 939 941 792
f 872 794 792
f 943 872 792
f 941 943 792
f 795 873 793
f 873 871 793
f 872 796 794
f 875 873 795
f 797 875 795
f 872 874 796
f 874 798 796
f 799 877 797
f 877 875 797
f 876 800 798
f 874 876 798
f 915 877 799
f 878 858 800
f 876 878 800
f 858 801 800
f 858 803 801
f 804 882 802
f 882 880 802
f 858 881 803
f 881 805 803
f 884 882 804
f 806 884 804
f 881 883 805
f 883 807 805
f 886 884 806
f 808 886 806
f 883 885 807
f 885 809 807
f 810 886 808
f 885 887 809
f 887 811 809
f 812 962 810
f 962 960 810
f 958 886 810
f 960 958 810
f 961 813 811
f 887 961 811
f 961 963 813
f 966 815 813
f 963 966 813
f 965 964 814
f 816 965 814
f 966 967 815
f 818 970 816
f 970 968 816
f 968 965 816
f 969 819 817
f 888 970 818
f 820 888 818
f 969 971 819
f 889 821 819
f 973 889 819
f 971 973 819
f 822 890 820
f 890 888 820
f 889 823 821
f 892 890 822
f 824 892 822
f 889 891 823
f 891 825 823
f 826 894 824
f 894 892 824
f 893 827 825
f 891 893 825
f 859 894 826
f 828 859 826
f 895 860 827
f 893 895 827
f 860 829 827
f 830 859 828
f 860 831 829
f 898 859 830
f 832 900 830
f 900 898 830
f 860 899 831
f 899 833 831
f 902 900 832
f 834 902 832
f 899 901 833
f 901 835 833
f 904 902 834
f 836 904 834
f 901 903 835
f 903 837 835
f 838 904 836
f 903 905 837
f 905 839 837
f 840 992 838
f 992 990 838
f 988 904 838
f 990 988 838
f 991 841 839
f 905 991 839
f 991 993 841
f 996 843 841
f 993 996 841
f 995 994 842
f 844 995 842
f 996 997 843
f 846 1000 844
f 1000 998 844
f 998 995 844
f 999 847 845
f 906 1000 846
f 848 906 846
f 999 1001 847
f 907 849 847
f 1003 907 847
f 1001 1003 847
f 850 908 848
f 908 906 848
f 907 851 849
f 910 908 850
f 852 910 850
f 907 909 851
f 909 853 851
f 854 913 852
f 913 910 852
f 911 855 853
f 909 911 853
f 861 913 854
f 856 861 854
f 914 861 855
f 911 914 855
f 861 856 855
f 862 864 857
f 864 863 857
f 878 879 858
f 879 881 858
f 896 894 859
f 898 896 859
f 895 897 860
f 897 899 860
f 914 912 861
f 912 913 861
f 925 916 862
f 921 925 862
f 916 864 862
f 865 923 862
f 923 921 862
f 916 922 863
f 864 916 863
f 922 866 863
f 926 923 865
f 867 926 865
f 922 924 866
f 924 868 866
f 928 926 867
f 869 928 867
f 924 927 868
f 927 870 868
f 927 929 870
f 929 931 870
f 873 944 871
f 944 942 871
f 942 940 871
f 943 874 872
f 946 944 873
f 875 946 873
f 943 945 874
f 945 876 874
f 877 948 875
f 948 946 875
f 947 878 876
f 945 947 876
f 950 948 877
f 915 950 877
f 951 917 878
f 949 951 878
f 917 879 878
f 947 949 878
f 917 881 879
f 882 954 880
f 954 952 880
f 952 915 880
f 917 953 881
f 953 883 881
f 956 954 882
f 884 956 882
f 953 955 883
f 955 885 883
f 958 956 884
f 886 958 884
f 955 957 885
f 957 887 885
f 957 959 887
f 959 961 887
f 890 974 888
f 974 972 888
f 972 970 888
f 973 891 889
f 976 974 890
f 892 976 890
f 973 975 891
f 975 893 891
f 894 978 892
f 978 976 892
f 977 895 893
f 975 977 893
f 918 978 894
f 896 918 894
f 981 919 895
f 979 981 895
f 919 897 895
f 977 979 895
f 898 918 896
f 919 899 897
f 980 918 898
f 982 980 898
f 900 984 898
f 984 982 898
f 919 983 899
f 983 901 899
f 986 984 900
f 902 986 900
f 983 985 901
f 985 903 901
f 988 986 902
f 904 988 902
f 985 987 903
f 987 905 903
f 987 989 905
f 989 991 905
f 908 1004 906
f 1004 1002 906
f 1002 1000 906
f 1003 909 907
f 1007 1004 908
f 910 1007 908
f 1003 1005 909
f 1005 911 909
f 913 1009 910
f 1009 1007 910
f 1008 914 911
f 1005 1008 911
f 914 920 912
f 920 913 912
f 920 1009 913
f 1006 920 914
f 1010 1006 914
f 1008 1010 914
f 952 950 915
f 925 922 916
f 951 953 917
f 980 978 918
f 981 983 919
f 1006 1009 920
f 1011 925 921
f 1016 1011 921
f 1018 1016 921
f 923 1018 921
f 1011 1017 922
f 925 1011 922
f 1017 924 922
f 926 1018 923
f 1019 1058 924
f 1017 1019 924
f 1058 927 924
f 1057 1018 926
f 1059 1057 926
f 928 1059 926
f 1058 929 927
f 1061 1059 928
f 930 1061 928
f 1058 1060 929
f 1060 931 929
f 932 1063 930
f 1063 1061 930
f 1060 1062 931
f 1062 933 931
f 1065 1063 932
f 934 1065 932
f 1062 1064 933
f 1066 936 933
f 1064 1066 933
f 935 1067 934
f 1067 1065 934
f 1069 1067 935
f 938 1069 935
f 1068 937 936
f 1066 1068 936
f 1068 1070 937
f 1070 939 937
f 940 1073 938
f 1073 1071 938
f 1071 1069 938
f 1072 941 939
f 1070 1072 939
f 1075 1073 940
f 942 1075 940
f 1074 943 941
f 1072 1074 941
f 944 1077 942
f 1077 1075 942
f 1074 1076 943
f 1076 945 943
f 946 1077 944
f 1078 1022 945
f 1076 1078 945
f 1022 947 945
f 1021 1077 946
f 948 1023 946
f 1023 1021 946
f 1022 949 947
f 1025 1023 948
f 950 1025 948
f 1012 951 949
f 1024 1012 949
f 1022 1024 949
f 1027 1025 950
f 952 1027 950
f 1012 953 951
f 1029 1027 952
f 954 1029 952
f 1012 1028 953
f 1028 955 953
f 956 1029 954
f 1030 1090 955
f 1028 1030 955
f 1090 957 955
f 1089 1029 956
f 1091 1089 956
f 958 1091 956
f 1090 959 957
f 1093 1091 958
f 960 1093 958
f 1090 1092 959
f 1092 961 959
f 962 1095 960
f 1095 1093 960
f 1092 1094 961
f 1094 963 961
f 1097 1095 962
f 964 1097 962
f 1094 1096 963
f 1098 966 963
f 1096 1098 963
f 965 1099 964
f 1099 1097 964
f 1101 1099 965
f 968 1101 965
f 1100 967 966
f 1098 1100 966
f 1100 1102 967
f 1102 969 967
f 970 1105 968
f 1105 1103 968
f 1103 1101 968
f 1104 971 969
f 1102 1104 969
f 1107 1105 970
f 972 1107 970
f 1106 973 971
f 1104 1106 971
f 974 1109 972
f 1109 1107 972
f 1106 1108 973
f 1108 975 973
f 976 1109 974
f 1110 1032 975
f 1108 1110 975
f 1032 977 975
f 1031 1109 976
f 978 1033 976
f 1033 1031 976
f 1032 979 977
f 1013 1033 978
f 980 1013 978
f 1014 981 979
f 1034 1014 979
f 1032 1034 979
f 982 1013 980
f 1014 983 981
f 1037 1013 982
f 1039 1037 982
f 984 1039 982
f 1014 1038 983
f 1038 985 983
f 986 1039 984
f 1040 1122 985
f 1038 1040 985
f 1122 987 985
f 1121 1039 986
f 1123 1121 986
f 988 1123 986
f 1122 989 987
f 1125 1123 988
f 990 1125 988
f 1122 1124 989
f 1124 991 989
f 992 1127 990
f 1127 1125 990
f 1124 1126 991
f 1126 993 991
f 1129 1127 992
f 994 1129 992
f 1126 1128 993
f 1130 996 993
f 1128 1130 993
f 995 1131 994
f 1131 1129 994
f 1133 1131 995
f 998 1133 995
f 1132 997 996
f 1130 1132 996
f 1132 1134 997
f 1134 999 997
f 1000 1137 998
f 1137 1135 998
f 1135 1133 998
f 1136 1001 999
f 1134 1136 999
f 1139 1137 1000
f 1002 1139 1000
f 1138 1003 1001
f 1136 1138 1001
f 1004 1141 1002
f 1141 1139 1002
f 1138 1140 1003
f 1140 1005 1003
f 1007 1141 1004
f 1142 1043 1005
f 1140 1142 1005
f 1043 1008 1005
f 1010 1015 1006
f 1015 1009 1006
f 1042 1141 1007
f 1009 1044 1007
f 1044 1042 1007
f 1043 1010 1008
f 1015 1044 1009
f 1045 1015 1010
f 1043 1045 1010
f 1016 1020 1011
f 1020 1017 1011
f 1024 1026 1012
f 1026 1028 1012
f 1035 1033 1013
f 1037 1035 1013
f 1034 1036 1014
f 1036 1038 1014
f 1045 1041 1015
f 1041 1044 1015
f 1052 1020 1016
f 1055 1052 1016
f 1018 1055 1016
f 1047 1053 1017
f 1020 1047 1017
f 1053 1019 1017
f 1057 1055 1018
f 1056 1058 1019
f 1053 1056 1019
f 1052 1047 1020
f 1079 1077 1021
f 1023 1081 1021
f 1081 1079 1021
f 1080 1024 1022
f 1078 1080 1022
f 1046 1081 1023
f 1025 1046 1023
f 1082 1026 1024
f 1080 1082 1024
f 1027 1046 1025
f 1082 1048 1026
f 1048 1028 1026
f 1087 1085 1027
f 1085 1046 1027
f 1029 1087 1027
f 1048 1086 1028
f 1086 1030 1028
f 1089 1087 1029
f 1088 1090 1030
f 1086 1088 1030
f 1111 1109 1031
f 1033 1113 1031
f 1113 1111 1031
f 1112 1034 1032
f 1110 1112 1032
f 1049 1113 1033
f 1035 1049 1033
f 1114 1036 1034
f 1112 1114 1034
f 1037 1049 1035
f 1114 1050 1036
f 1050 1038 1036
f 1119 1117 1037
f 1117 1049 1037
f 1039 1119 1037
f 1050 1118 1038
f 1118 1040 1038
f 1121 1119 1039
f 1120 1122 1040
f 1118 1120 1040
f 1045 1051 1041
f 1051 1044 1041
f 1143 1141 1042
f 1044 1146 1042
f 1146 1143 1042
f 1144 1045 1043
f 1142 1144 1043
f 1051 1146 1044
f 1144 1147 1045
f 1147 1051 1045
f 1083 1081 1046
f 1085 1083 1046
f 1052 1054 1047
f 1054 1053 1047
f 1082 1084 1048
f 1084 1086 1048
f 1115 1113 1049
f 1117 1115 1049
f 1114 1116 1050
f 1116 1118 1050
f 1147 1145 1051
f 1145 1146 1051
f 1055 1151 1052
f 1151 1149 1052
f 1149 1054 1052
f 1198 1150 1053
f 1054 1198 1053
f 1150 1056 1053
f 1149 1198 1054
f 1153 1151 1055
f 1057 1153 1055
f 1152 1058 1056
f 1150 1152 1056
f 1059 1155 1057
f 1155 1153 1057
f 1152 1154 1058
f 1154 1060 1058
f 1061 1155 1059
f 1154 1156 1060
f 1156 1215 1060
f 1215 1062 1060
f 1216 1214 1061
f 1214 1155 1061
f 1063 1216 1061
f 1215 1064 1062
f 1065 1218 1063
f 1218 1216 1063
f 1217 1066 1064
f 1215 1217 1064
f 1220 1218 1065
f 1067 1220 1065
f 1219 1068 1066
f 1217 1219 1066
f 1069 1222 1067
f 1222 1220 1067
f 1219 1221 1068
f 1221 1070 1068
f 1224 1222 1069
f 1071 1224 1069
f 1223 1072 1070
f 1221 1223 1070
f 1073 1226 1071
f 1226 1224 1071
f 1225 1074 1072
f 1223 1225 1072
f 1075 1226 1073
f 1225 1227 1074
f 1227 1158 1074
f 1158 1076 1074
f 1159 1157 1075
f 1157 1226 1075
f 1077 1159 1075
f 1158 1078 1076
f 1079 1161 1077
f 1161 1159 1077
f 1160 1080 1078
f 1158 1160 1078
f 1081 1163 1079
f 1163 1161 1079
f 1162 1082 1080
f 1160 1162 1080
f 1148 1163 1081
f 1083 1148 1081
f 1162 1164 1082
f 1164 1084 1082
f 1085 1148 1083
f 1164 1199 1084
f 1199 1086 1084
f 1087 1168 1085
f 1168 1166 1085
f 1166 1148 1085
f 1199 1167 1086
f 1167 1088 1086
f 1170 1168 1087
f 1089 1170 1087
f 1169 1090 1088
f 1167 1169 1088
f 1091 1172 1089
f 1172 1170 1089
f 1169 1171 1090
f 1171 1092 1090
f 1093 1172 1091
f 1171 1173 1092
f 1173 1251 1092
f 1251 1094 1092
f 1252 1250 1093
f 1250 1172 1093
f 1095 1252 1093
f 1251 1096 1094
f 1097 1254 1095
f 1254 1252 1095
f 1253 1098 1096
f 1251 1253 1096
f 1256 1254 1097
f 1099 1256 1097
f 1255 1100 1098
f 1253 1255 1098
f 1101 1258 1099
f 1258 1256 1099
f 1255 1257 1100
f 1257 1102 1100
f 1260 1258 1101
f 1103 1260 1101
f 1259 1104 1102
f 1257 1259 1102
f 1105 1262 1103
f 1262 1260 1103
f 1261 1106 1104
f 1259 1261 1104
f 1107 1262 1105
f 1261 1263 1106
f 1263 1175 1106
f 1175 1108 1106
f 1176 1174 1107
f 1174 1262 1107
f 1109 1176 1107
f 1175 1110 1108
f 1111 1178 1109
f 1178 1176 1109
f 1177 1112 1110
f 1175 1177 1110
f 1113 1180 1111
f 1180 1178 1111
f 1179 1114 1112
f 1177 1179 1112
f 1200 1180 1113
f 1115 1200 1113
f 1179 1181 1114
f 1181 1116 1114
f 1117 1182 1115
f 1182 1200 1115
f 1181 1201 1116
f 1201 1118 1116
f 1119 1184 1117
f 1184 1182 1117
f 1201 1183 1118
f 1183 1120 1118
f 1186 1184 1119
f 1121 1186 1119
f 1185 1122 1120
f 1183 1185 1120
f 1123 1188 1121
f 1188 1186 1121
f 1185 1187 1122
f 1187 1124 1122
f 1125 1188 1123
f 1187 1189 1124
f 1189 1287 1124
f 1287 1126 1124
f 1288 1286 1125
f 1286 1188 1125
f 1127 1288 1125
f 1287 1128 1126
f 1129 1290 1127
f 1290 1288 1127
f 1289 1130 1128
f 1287 1289 1128
f 1292 1290 1129
f 1131 1292 1129
f 1291 1132 1130
f 1289 1291 1130
f 1133 1294 1131
f 1294 1292 1131
f 1291 1293 1132
f 1293 1134 1132
f 1296 1294 1133
f 1135 1296 1133
f 1295 1136 1134
f 1293 1295 1134
f 1137 1298 1135
f 1298 1296 1135
f 1297 1138 1136
f 1295 1297 1136
f 1139 1298 1137
f 1297 1299 1138
f 1299 1191 1138
f 1191 1140 1138
f 1192 1190 1139
f 1190 1298 1139
f 1141 1192 1139
f 1191 1142 1140
f 1143 1194 1141
f 1194 1192 1141
f 1193 1144 1142
f 1191 1193 1142
f 1146 1196 1143
f 1196 1194 1143
f 1193 1195 1144
f 1195 1147 1144
f 1147 1197 1145
f 1197 1202 1145
f 1202 1146 1145
f 1202 1196 1146
f 1195 1197 1147
f 1165 1163 1148
f 1166 1165 1148
f 1208 1206 1149
f 1206 1204 1149
f 1204 1198 1149
f 1151 1208 1149
f 1205 1207 1150
f 1203 1205 1150
f 1198 1203 1150
f 1207 1152 1150
f 1153 1210 1151
f 1210 1208 1151
f 1207 1209 1152
f 1209 1154 1152
f 1212 1210 1153
f 1155 1212 1153
f 1209 1211 1154
f 1211 1156 1154
f 1214 1212 1155
f 1211 1213 1156
f 1213 1215 1156
f 1159 1230 1157
f 1230 1228 1157
f 1228 1226 1157
f 1229 1160 1158
f 1227 1229 1158
f 1232 1230 1159
f 1161 1232 1159
f 1231 1162 1160
f 1229 1231 1160
f 1163 1234 1161
f 1234 1232 1161
f 1231 1233 1162
f 1233 1164 1162
f 1236 1234 1163
f 1165 1236 1163
f 1233 1235 1164
f 1235 1237 1164
f 1237 1199 1164
f 1238 1236 1165
f 1240 1238 1165
f 1242 1240 1165
f 1166 1242 1165
f 1244 1242 1166
f 1168 1244 1166
f 1241 1243 1167
f 1239 1241 1167
f 1199 1239 1167
f 1243 1169 1167
f 1170 1246 1168
f 1246 1244 1168
f 1243 1245 1169
f 1245 1171 1169
f 1248 1246 1170
f 1172 1248 1170
f 1245 1247 1171
f 1247 1173 1171
f 1250 1248 1172
f 1247 1249 1173
f 1249 1251 1173
f 1176 1266 1174
f 1266 1264 1174
f 1264 1262 1174
f 1265 1177 1175
f 1263 1265 1175
f 1268 1266 1176
f 1178 1268 1176
f 1267 1179 1177
f 1265 1267 1177
f 1180 1270 1178
f 1270 1268 1178
f 1267 1269 1179
f 1269 1181 1179
f 1272 1270 1180
f 1274 1272 1180
f 1200 1274 1180
f 1269 1271 1181
f 1271 1273 1181
f 1273 1201 1181
f 1278 1276 1182
f 1184 1280 1182
f 1280 1278 1182
f 1276 1200 1182
f 1277 1279 1183
f 1275 1277 1183
f 1201 1275 1183
f 1279 1185 1183
f 1186 1282 1184
f 1282 1280 1184
f 1279 1281 1185
f 1281 1187 1185
f 1284 1282 1186
f 1188 1284 1186
f 1281 1283 1187
f 1283 1189 1187
f 1286 1284 1188
f 1283 1285 1189
f 1285 1287 1189
f 1192 1302 1190
f 1302 1300 1190
f 1300 1298 1190
f 1301 1193 1191
f 1299 1301 1191
f 1304 1302 1192
f 1194 1304 1192
f 1301 1303 1193
f 1303 1195 1193
f 1196 1306 1194
f 1306 1304 1194
f 1303 1305 1195
f 1305 1197 1195
f 1308 1306 1196
f 1310 1308 1196
f 1202 1310 1196
f 1307 1309 1197
f 1305 1307 1197
f 1309 1202 1197
f 1204 1203 1198
f 1237 1239 1199
f 1276 1274 1200
f 1273 1275 1201
f 1309 1310 1202
f 1204 1312 1203
f 1312 1205 1203
f 1206 1320 1204
f 1320 1318 1204
f 1318 1317 1204
f 1317 1312 1204
f 1319 1207 1205
f 1312 1319 1205
f 1208 1320 1206
f 1319 1321 1207
f 1321 1323 1207
f 1323 1209 1207
f 1324 1322 1208
f 1322 1320 1208
f 1210 1324 1208
f 1323 1211 1209
f 1212 1326 1210
f 1326 1324 1210
f 1323 1325 1211
f 1325 1213 1211
f 1214 1326 1212
f 1325 1327 1213
f 1327 1329 1213
f 1329 1215 1213
f 1216 1328 1214
f 1328 1326 1214
f 1413 1217 1215
f 1329 1413 1215
f 1414 1412 1216
f 1412 1328 1216
f 1218 1414 1216
f 1413 1219 1217
f 1220 1416 1218
f 1416 1414 1218
f 1413 1415 1219
f 1415 1221 1219
f 1418 1416 1220
f 1222 1418 1220
f 1417 1223 1221
f 1415 1417 1221
f 1224 1420 1222
f 1420 1418 1222
f 1419 1225 1223
f 1417 1419 1223
f 1226 1420 1224
f 1419 1421 1225
f 1421 1331 1225
f 1331 1227 1225
f 1228 1330 1226
f 1330 1420 1226
f 1333 1229 1227
f 1331 1333 1227
f 1334 1332 1228
f 1332 1330 1228
f 1230 1334 1228
f 1333 1231 1229
f 1232 1336 1230
f 1336 1334 1230
f 1333 1335 1231
f 1335 1233 1231
f 1234 1336 1232
f 1335 1337 1233
f 1337 1339 1233
f 1339 1235 1233
f 1340 1338 1234
f 1236 1340 1234
f 1338 1336 1234
f 1339 1237 1235
f 1311 1340 1236
f 1238 1311 1236
f 1313 1239 1237
f 1339 1341 1237
f 1341 1343 1237
f 1343 1313 1237
f 1240 1311 1238
f 1313 1241 1239
f 1242 1346 1240
f 1346 1344 1240
f 1344 1342 1240
f 1342 1311 1240
f 1345 1243 1241
f 1313 1345 1241
f 1244 1346 1242
f 1345 1347 1243
f 1347 1349 1243
f 1349 1245 1243
f 1350 1348 1244
f 1348 1346 1244
f 1246 1350 1244
f 1349 1247 1245
f 1248 1352 1246
f 1352 1350 1246
f 1349 1351 1247
f 1351 1249 1247
f 1250 1352 1248
f 1351 1353 1249
f 1353 1355 1249
f 1355 1251 1249
f 1252 1354 1250
f 1354 1352 1250
f 1445 1253 1251
f 1355 1445 1251
f 1446 1444 1252
f 1444 1354 1252
f 1254 1446 1252
f 1445 1255 1253
f 1256 1448 1254
f 1448 1446 1254
f 1445 1447 1255
f 1447 1257 1255
f 1450 1448 1256
f 1258 1450 1256
f 1449 1259 1257
f 1447 1449 1257
f 1260 1452 1258
f 1452 1450 1258
f 1451 1261 1259
f 1449 1451 1259
f 1262 1452 1260
f 1451 1453 1261
f 1453 1357 1261
f 1357 1263 1261
f 1264 1356 1262
f 1356 1452 1262
f 1359 1265 1263
f 1357 1359 1263
f 1360 1358 1264
f 1358 1356 1264
f 1266 1360 1264
f 1359 1267 1265
f 1268 1362 1266
f 1362 1360 1266
f 1359 1361 1267
f 1361 1269 1267
f 1270 1362 1268
f 1361 1363 1269
f 1363 1365 1269
f 1365 1271 1269
f 1272 1366 1270
f 1366 1364 1270
f 1364 1362 1270
f 1365 1273 1271
f 1314 1366 1272
f 1274 1314 1272
f 1315 1275 1273
f 1365 1367 1273
f 1367 1369 1273
f 1369 1315 1273
f 1276 1314 1274
f 1315 1277 1275
f 1278 1372 1276
f 1372 1370 1276
f 1370 1368 1276
f 1368 1314 1276
f 1371 1279 1277
f 1315 1371 1277
f 1280 1372 1278
f 1371 1373 1279
f 1373 1375 1279
f 1375 1281 1279
f 1282 1376 1280
f 1374 1372 1280
f 1376 1374 1280
f 1375 1283 1281
f 1378 1376 1282
f 1284 1378 1282
f 1375 1377 1283
f 1377 1285 1283
f 1286 1378 1284
f 1377 1379 1285
f 1379 1381 1285
f 1381 1287 1285
f 1288 1380 1286
f 1380 1378 1286
f 1477 1289 1287
f 1381 1477 1287
f 1478 1476 1288
f 1476 1380 1288
f 1290 1478 1288
f 1477 1291 1289
f 1292 1480 1290
f 1480 1478 1290
f 1477 1479 1291
f 1479 1293 1291
f 1482 1480 1292
f 1294 1482 1292
f 1481 1295 1293
f 1479 1481 1293
f 1296 1484 1294
f 1484 1482 1294
f 1483 1297 1295
f 1481 1483 1295
f 1298 1484 1296
f 1483 1485 1297
f 1485 1383 1297
f 1383 1299 1297
f 1300 1382 1298
f 1382 1484 1298
f 1385 1301 1299
f 1383 1385 1299
f 1386 1384 1300
f 1384 1382 1300
f 1302 1386 1300
f 1385 1303 1301
f 1304 1388 1302
f 1388 1386 1302
f 1385 1387 1303
f 1387 1305 1303
f 1306 1388 1304
f 1389 1391 1305
f 1387 1389 1305
f 1391 1307 1305
f 1308 1392 1306
f 1392 1390 1306
f 1390 1388 1306
f 1391 1309 1307
f 1316 1392 1308
f 1310 1316 1308
f 1316 1310 1309
f 1391 1393 1309
f 1393 1394 1309
f 1394 1316 1309
f 1342 1340 1311
f 1317 1319 1312
f 1343 1345 1313
f 1368 1366 1314
f 1369 1371 1315
f 1394 1392 1316
f 1318 1396 1317
f 1396 1403 1317
f 1403 1319 1317
f 1402 1396 1318
f 1320 1402 1318
f 1403 1321 1319
f 1322 1402 1320
f 1403 1405 1321
f 1405 1323 1321
f 1324 1406 1322
f 1406 1404 1322
f 1404 1402 1322
f 1405 1325 1323
f 1326 1408 1324
f 1408 1406 1324
f 1405 1407 1325
f 1407 1327 1325
f 1328 1408 1326
f 1411 1329 1327
f 1409 1411 1327
f 1407 1409 1327
f 1412 1410 1328
f 1410 1408 1328
f 1411 1413 1329
f 1422 1420 1330
f 1332 1422 1330
f 1421 1423 1331
f 1425 1333 1331
f 1423 1425 1331
f 1334 1426 1332
f 1424 1422 1332
f 1426 1424 1332
f 1425 1335 1333
f 1336 1428 1334
f 1428 1426 1334
f 1425 1427 1335
f 1427 1337 1335
f 1338 1428 1336
f 1427 1429 1337
f 1429 1431 1337
f 1431 1339 1337
f 1340 1430 1338
f 1430 1428 1338
f 1431 1341 1339
f 1342 1430 1340
f 1397 1343 1341
f 1431 1397 1341
f 1395 1430 1342
f 1344 1395 1342
f 1397 1435 1343
f 1435 1345 1343
f 1434 1395 1344
f 1346 1434 1344
f 1435 1347 1345
f 1348 1434 1346
f 1435 1437 1347
f 1437 1349 1347
f 1350 1438 1348
f 1438 1436 1348
f 1436 1434 1348
f 1437 1351 1349
f 1352 1440 1350
f 1440 1438 1350
f 1437 1439 1351
f 1439 1353 1351
f 1354 1440 1352
f 1443 1355 1353
f 1441 1443 1353
f 1439 1441 1353
f 1444 1442 1354
f 1442 1440 1354
f 1443 1445 1355
f 1454 1452 1356
f 1358 1454 1356
f 1453 1455 1357
f 1457 1359 1357
f 1455 1457 1357
f 1360 1458 1358
f 1456 1454 1358
f 1458 1456 1358
f 1457 1361 1359
f 1362 1460 1360
f 1460 1458 1360
f 1457 1459 1361
f 1459 1363 1361
f 1364 1460 1362
f 1459 1461 1363
f 1461 1463 1363
f 1463 1365 1363
f 1366 1462 1364
f 1462 1460 1364
f 1463 1367 1365
f 1368 1462 1366
f 1399 1369 1367
f 1463 1399 1367
f 1398 1462 1368
f 1370 1398 1368
f 1399 1467 1369
f 1467 1371 1369
f 1466 1398 1370
f 1372 1466 1370
f 1467 1373 1371
f 1374 1466 1372
f 1467 1469 1373
f 1469 1375 1373
f 1376 1470 1374
f 1470 1468 1374
f 1468 1466 1374
f 1469 1377 1375
f 1378 1472 1376
f 1472 1470 1376
f 1469 1471 1377
f 1471 1379 1377
f 1380 1472 1378
f 1475 1381 1379
f 1473 1475 1379
f 1471 1473 1379
f 1476 1474 1380
f 1474 1472 1380
f 1475 1477 1381
f 1486 1484 1382
f 1384 1486 1382
f 1485 1487 1383
f 1489 1385 1383
f 1487 1489 1383
f 1386 1490 1384
f 1488 1486 1384
f 1490 1488 1384
f 1489 1387 1385
f 1388 1492 1386
f 1492 1490 1386
f 1491 1389 1387
f 1489 1491 1387
f 1390 1492 1388
f 1491 1493 1389
f 1493 1495 1389
f 1495 1391 1389
f 1392 1494 1390
f 1494 1492 1390
f 1495 1393 1391
f 1394 1494 1392
f 1400 1394 1393
f 1495 1400 1393
f 1400 1494 1394
f 1432 1430 1395
f 1434 1432 1395
f 1402 1401 1396
f 1401 1403 1396
f 1431 1433 1397
f 1433 1435 1397
f 1464 1462 1398
f 1466 1464 1398
f 1463 1465 1399
f 1465 1467 1399
f 1495 1496 1400
f 1496 1494 1400
f 1402 1497 1401
f 1497 1499 1401
f 1499 1403 1401
f 1404 1498 1402
f 1498 1497 1402
f 1499 1501 1403
f 1501 1405 1403
f 1502 1500 1404
f 1500 1498 1404
f 1406 1502 1404
f 1501 1407 1405
f 1408 1504 1406
f 1504 1502 1406
f 1503 1409 1407
f 1501 1503 1407
f 1410 1504 1408
f 1505 1507 1409
f 1503 1505 1409
f 1507 1411 1409
f 1412 1506 1410
f 1506 1504 1410
f 1509 1413 1411
f 1507 1509 1411
f 1414 1508 1412
f 1508 1506 1412
f 1509 1595 1413
f 1595 1415 1413
f 1596 1594 1414
f 1594 1508 1414
f 1416 1596 1414
f 1595 1417 1415
f 1418 1598 1416
f 1598 1596 1416
f 1597 1419 1417
f 1595 1597 1417
f 1420 1598 1418
f 1597 1599 1419
f 1599 1511 1419
f 1511 1421 1419
f 1422 1510 1420
f 1510 1598 1420
f 1511 1513 1421
f 1513 1423 1421
f 1512 1510 1422
f 1424 1512 1422
f 1515 1425 1423
f 1513 1515 1423
f 1514 1512 1424
f 1516 1514 1424
f 1426 1516 1424
f 1515 1427 1425
f 1428 1518 1426
f 1518 1516 1426
f 1515 1517 1427
f 1517 1429 1427
f 1430 1518 1428
f 1517 1519 1429
f 1519 1521 1429
f 1521 1431 1429
f 1432 1520 1430
f 1520 1518 1430
f 1521 1523 1431
f 1523 1433 1431
f 1522 1520 1432
f 1434 1522 1432
f 1523 1525 1433
f 1525 1435 1433
f 1436 1524 1434
f 1524 1522 1434
f 1525 1527 1435
f 1527 1437 1435
f 1528 1526 1436
f 1526 1524 1436
f 1438 1528 1436
f 1527 1439 1437
f 1440 1530 1438
f 1530 1528 1438
f 1529 1441 1439
f 1527 1529 1439
f 1442 1530 1440
f 1531 1533 1441
f 1529 1531 1441
f 1533 1443 1441
f 1444 1532 1442
f 1532 1530 1442
f 1535 1445 1443
f 1533 1535 1443
f 1446 1534 1444
f 1534 1532 1444
f 1535 1627 1445
f 1627 1447 1445
f 1628 1626 1446
f 1626 1534 1446
f 1448 1628 1446
f 1627 1449 1447
f 1450 1630 1448
f 1630 1628 1448
f 1629 1451 1449
f 1627 1629 1449
f 1452 1630 1450
f 1629 1631 1451
f 1631 1537 1451
f 1537 1453 1451
f 1454 1536 1452
f 1536 1630 1452
f 1537 1539 1453
f 1539 1455 1453
f 1538 1536 1454
f 1456 1538 1454
f 1541 1457 1455
f 1539 1541 1455
f 1540 1538 1456
f 1542 1540 1456
f 1458 1542 1456
f 1541 1459 1457
f 1460 1544 1458
f 1544 1542 1458
f 1541 1543 1459
f 1543 1461 1459
f 1462 1544 1460
f 1543 1545 1461
f 1545 1547 1461
f 1547 1463 1461
f 1464 1546 1462
f 1546 1544 1462
f 1547 1549 1463
f 1549 1465 1463
f 1548 1546 1464
f 1466 1548 1464
f 1549 1551 1465
f 1551 1467 1465
f 1468 1550 1466
f 1550 1548 1466
f 1551 1553 1467
f 1553 1469 1467
f 1554 1552 1468
f 1552 1550 1468
f 1470 1554 1468
f 1553 1471 1469
f 1472 1556 1470
f 1556 1554 1470
f 1555 1473 1471
f 1553 1555 1471
f 1474 1556 1472
f 1557 1559 1473
f 1555 1557 1473
f 1559 1475 1473
f 1476 1558 1474
f 1558 1556 1474
f 1561 1477 1475
f 1559 1561 1475
f 1478 1560 1476
f 1560 1558 1476
f 1561 1659 1477
f 1659 1479 1477
f 1660 1658 1478
f 1658 1560 1478
f 1480 1660 1478
f 1659 1481 1479
f 1482 1662 1480
f 1662 1660 1480
f 1661 1483 1481
f 1659 1661 1481
f 1484 1662 1482
f 1661 1663 1483
f 1663 1563 1483
f 1563 1485 1483
f 1486 1562 1484
f 1562 1662 1484
f 1563 1565 1485
f 1565 1487 1485
f 1564 1562 1486
f 1488 1564 1486
f 1567 1489 1487
f 1565 1567 1487
f 1566 1564 1488
f 1568 1566 1488
f 1490 1568 1488
f 1567 1491 1489
f 1492 1570 1490
f 1570 1568 1490
f 1567 1569 1491
f 1569 1493 1491
f 1494 1570 1492
f 1569 1571 1493
f 1571 1573 1493
f 1573 1495 1493
f 1496 1572 1494
f 1572 1570 1494
f 1573 1574 1495
f 1574 1496 1495
f 1574 1572 1496
f 1498 1576 1497
f 1583 1499 1497
f 1576 1583 1497
f 1582 1576 1498
f 1500 1582 1498
f 1585 1501 1499
f 1583 1585 1499
f 1502 1586 1500
f 1584 1582 1500
f 1586 1584 1500
f 1585 1503 1501
f 1504 1588 1502
f 1588 1586 1502
f 1587 1505 1503
f 1585 1587 1503
f 1506 1588 1504
f 1591 1507 1505
f 1589 1591 1505
f 1587 1589 1505
f 1508 1590 1506
f 1590 1588 1506
f 1591 1593 1507
f 1593 1509 1507
f 1594 1592 1508
f 1592 1590 1508
f 1593 1595 1509
f 1600 1598 1510
f 1512 1600 1510
f 1599 1601 1511
f 1601 1603 1511
f 1603 1513 1511
f 1602 1600 1512
f 1514 1602 1512
f 1605 1515 1513
f 1603 1605 1513
f 1604 1602 1514
f 1606 1604 1514
f 1516 1606 1514
f 1605 1517 1515
f 1608 1606 1516
f 1518 1608 1516
f 1605 1607 1517
f 1607 1519 1517
f 1520 1608 1518
f 1611 1521 1519
f 1609 1611 1519
f 1607 1609 1519
f 1522 1575 1520
f 1610 1608 1520
f 1575 1610 1520
f 1577 1523 1521
f 1611 1577 1521
f 1524 1575 1522
f 1615 1525 1523
f 1577 1615 1523
f 1612 1575 1524
f 1614 1612 1524
f 1526 1614 1524
f 1617 1527 1525
f 1615 1617 1525
f 1528 1618 1526
f 1616 1614 1526
f 1618 1616 1526
f 1617 1529 1527
f 1530 1620 1528
f 1620 1618 1528
f 1619 1531 1529
f 1617 1619 1529
f 1532 1620 1530
f 1623 1533 1531
f 1621 1623 1531
f 1619 1621 1531
f 1534 1622 1532
f 1622 1620 1532
f 1623 1625 1533
f 1625 1535 1533
f 1626 1624 1534
f 1624 1622 1534
f 1625 1627 1535
f 1632 1630 1536
f 1538 1632 1536
f 1631 1633 1537
f 1633 1635 1537
f 1635 1539 1537
f 1634 1632 1538
f 1540 1634 1538
f 1637 1541 1539
f 1635 1637 1539
f 1636 1634 1540
f 1638 1636 1540
f 1542 1638 1540
f 1637 1543 1541
f 1640 1638 1542
f 1544 1640 1542
f 1637 1639 1543
f 1639 1545 1543
f 1546 1640 1544
f 1643 1547 1545
f 1641 1643 1545
f 1639 1641 1545
f 1642 1640 1546
f 1548 1642 1546
f 1579 1549 1547
f 1643 1579 1547
f 1578 1642 1548
f 1550 1578 1548
f 1647 1551 1549
f 1579 1647 1549
f 1646 1578 1550
f 1552 1646 1550
f 1649 1553 1551
f 1647 1649 1551
f 1554 1650 1552
f 1648 1646 1552
f 1650 1648 1552
f 1649 1555 1553
f 1556 1652 1554
f 1652 1650 1554
f 1651 1557 1555
f 1649 1651 1555
f 1558 1652 1556
f 1655 1559 1557
f 1653 1655 1557
f 1651 1653 1557
f 1560 1654 1558
f 1654 1652 1558
f 1655 1657 1559
f 1657 1561 1559
f 1658 1656 1560
f 1656 1654 1560
f 1657 1659 1561
f 1664 1662 1562
f 1564 1664 1562
f 1663 1665 1563
f 1665 1667 1563
f 1667 1565 1563
f 1666 1664 1564
f 1566 1666 1564
f 1669 1567 1565
f 1667 1669 1565
f 1668 1666 1566
f 1670 1668 1566
f 1568 1670 1566
f 1669 1569 1567
f 1672 1670 1568
f 1570 1672 1568
f 1669 1671 1569
f 1671 1571 1569
f 1572 1672 1570
f 1675 1573 1571
f 1673 1675 1571
f 1671 1673 1571
f 1674 1672 1572
f 1574 1674 1572
f 1580 1574 1573
f 1675 1580 1573
f 1580 1674 1574
f 1612 1610 1575
f 1582 1581 1576
f 1581 1583 1576
f 1611 1613 1577
f 1613 1615 1577
f 1644 1642 1578
f 1646 1644 1578
f 1643 1645 1579
f 1645 1647 1579
f 1675 1676 1580
f 1676 1674 1580
f 1582 1677 1581
f 1679 1583 1581
f 1677 1679 1581
f 1584 1678 1582
f 1678 1677 1582
f 1681 1585 1583
f 1679 1681 1583
f 1680 1678 1584
f 1586 1680 1584
f 1683 1587 1585
f 1681 1683 1585
f 1588 1682 1586
f 1682 1680 1586
f 1685 1589 1587
f 1683 1685 1587
f 1684 1682 1588
f 1590 1684 1588
f 1685 1687 1589
f 1687 1591 1589
f 1592 1686 1590
f 1686 1684 1590
f 1689 1593 1591
f 1687 1689 1591
f 1690 1688 1592
f 1594 1690 1592
f 1688 1686 1592
f 1689 1595 1593
f 1596 1690 1594
f 1691 1597 1595
f 1689 1691 1595
f 1598 1690 1596
f 1691 1599 1597
f 1692 1690 1598
f 1600 1692 1598
f 1691 1601 1599
f 1602 1692 1600
f 1691 1693 1601
f 1693 1695 1601
f 1695 1603 1601
f 1694 1692 1602
f 1604 1694 1602
f 1697 1605 1603
f 1695 1697 1603
f 1696 1694 1604
f 1606 1696 1604
f 1697 1699 1605
f 1699 1607 1605
f 1698 1696 1606
f 1608 1698 1606
f 1701 1609 1607
f 1699 1701 1607
f 1610 1700 1608
f 1700 1698 1608
f 1703 1611 1609
f 1701 1703 1609
f 1612 1702 1610
f 1702 1700 1610
f 1704 1613 1611
f 1703 1704 1611
f 1760 1702 1612
f 1614 1760 1612
f 1706 1615 1613
f 1704 1706 1613
f 1616 1705 1614
f 1705 1760 1614
f 1708 1617 1615
f 1706 1708 1615
f 1707 1705 1616
f 1618 1707 1616
f 1710 1619 1617
f 1708 1710 1617
f 1620 1709 1618
f 1709 1707 1618
f 1712 1621 1619
f 1710 1712 1619
f 1711 1709 1620
f 1622 1711 1620
f 1712 1714 1621
f 1714 1623 1621
f 1624 1713 1622
f 1713 1711 1622
f 1716 1625 1623
f 1714 1716 1623
f 1717 1715 1624
f 1626 1717 1624
f 1715 1713 1624
f 1716 1627 1625
f 1628 1717 1626
f 1718 1629 1627
f 1716 1718 1627
f 1630 1717 1628
f 1718 1631 1629
f 1719 1717 1630
f 1632 1719 1630
f 1718 1633 1631
f 1634 1719 1632
f 1718 1720 1633
f 1720 1722 1633
f 1722 1635 1633
f 1721 1719 1634
f 1636 1721 1634
f 1724 1637 1635
f 1722 1724 1635
f 1723 1721 1636
f 1638 1723 1636
f 1724 1726 1637
f 1726 1639 1637
f 1725 1723 1638
f 1640 1725 1638
f 1728 1641 1639
f 1726 1728 1639
f 1642 1727 1640
f 1727 1725 1640
f 1730 1643 1641
f 1728 1730 1641
f 1644 1729 1642
f 1729 1727 1642
f 1732 1645 1643
f 1730 1732 1643
f 1731 1729 1644
f 1646 1731 1644
f 1734 1647 1645
f 1732 1734 1645
f 1648 1733 1646
f 1733 1731 1646
f 1736 1649 1647
f 1734 1736 1647
f 1735 1733 1648
f 1650 1735 1648
f 1738 1651 1649
f 1736 1738 1649
f 1652 1737 1650
f 1737 1735 1650
f 1740 1653 1651
f 1738 1740 1651
f 1739 1737 1652
f 1654 1739 1652
f 1740 1742 1653
f 1742 1655 1653
f 1656 1741 1654
f 1741 1739 1654
f 1744 1657 1655
f 1742 1744 1655
f 1745 1743 1656
f 1658 1745 1656
f 1743 1741 1656
f 1744 1659 1657
f 1660 1745 1658
f 1746 1661 1659
f 1744 1746 1659
f 1662 1745 1660
f 1746 1663 1661
f 1747 1745 1662
f 1664 1747 1662
f 1746 1665 1663
f 1666 1747 1664
f 1746 1748 1665
f 1748 1750 1665
f 1750 1667 1665
f 1749 1747 1666
f 1668 1749 1666
f 1752 1669 1667
f 1750 1752 1667
f 1751 1749 1668
f 1670 1751 1668
f 1752 1754 1669
f 1754 1671 1669
f 1753 1751 1670
f 1672 1753 1670
f 1756 1673 1671
f 1754 1756 1671
f 1674 1755 1672
f 1755 1753 1672
f 1758 1675 1673
f 1756 1758 1673
f 1676 1757 1674
f 1757 1755 1674
f 1759 1676 1675
f 1758 1759 1675
f 1759 1757 1676
f 1678 1761 1677
f 1767 1679 1677
f 1761 1767 1677
f 1680 1766 1678
f 1766 1761 1678
f 1769 1681 1679
f 1767 1769 1679
f 1768 1766 1680
f 1682 1768 1680
f 1771 1683 1681
f 1769 1771 1681
f 1684 1770 1682
f 1770 1768 1682
f 1773 1685 1683
f 1771 1773 1683
f 1772 1770 1684
f 1686 1772 1684
f 1773 1775 1685
f 1775 1687 1685
f 1688 1774 1686
f 1774 1772 1686
f 1775 1777 1687
f 1777 1689 1687
f 1690 1776 1688
f 1776 1774 1688
f 1777 1779 1689
f 1779 1691 1689
f 1778 1776 1690
f 1692 1778 1690
f 1781 1693 1691
f 1779 1781 1691
f 1780 1778 1692
f 1694 1780 1692
f 1781 1783 1693
f 1783 1695 1693
f 1696 1782 1694
f 1782 1780 1694
f 1785 1697 1695
f 1783 1785 1695
f 1784 1782 1696
f 1698 1784 1696
f 1785 1787 1697
f 1787 1699 1697
f 1786 1784 1698
f 1700 1786 1698
f 1789 1701 1699
f 1787 1789 1699
f 1702 1788 1700
f 1788 1786 1700
f 1791 1703 1701
f 1789 1791 1701
f 1760 1790 1702
f 1790 1788 1702
f 1762 1704 1703
f 1791 1762 1703
f 1794 1706 1704
f 1762 1794 1704
f 1707 1793 1705
f 1792 1760 1705
f 1793 1792 1705
f 1796 1708 1706
f 1794 1796 1706
f 1795 1793 1707
f 1709 1795 1707
f 1798 1710 1708
f 1796 1798 1708
f 1711 1797 1709
f 1797 1795 1709
f 1800 1712 1710
f 1798 1800 1710
f 1799 1797 1711
f 1713 1799 1711
f 1800 1802 1712
f 1802 1714 1712
f 1715 1801 1713
f 1801 1799 1713
f 1802 1804 1714
f 1804 1716 1714
f 1717 1803 1715
f 1803 1801 1715
f 1804 1806 1716
f 1806 1718 1716
f 1805 1803 1717
f 1719 1805 1717
f 1808 1720 1718
f 1806 1808 1718
f 1807 1805 1719
f 1721 1807 1719
f 1808 1810 1720
f 1810 1722 1720
f 1723 1809 1721
f 1809 1807 1721
f 1812 1724 1722
f 1810 1812 1722
f 1811 1809 1723
f 1725 1811 1723
f 1812 1814 1724
f 1814 1726 1724
f 1813 1811 1725
f 1727 1813 1725
f 1816 1728 1726
f 1814 1816 1726
f 1729 1815 1727
f 1815 1813 1727
f 1818 1730 1728
f 1816 1818 1728
f 1731 1817 1729
f 1817 1815 1729
f 1764 1732 1730
f 1818 1764 1730
f 1763 1817 1731
f 1733 1763 1731
f 1820 1734 1732
f 1764 1820 1732
f 1735 1819 1733
f 1819 1763 1733
f 1822 1736 1734
f 1820 1822 1734
f 1821 1819 1735
f 1737 1821 1735
f 1824 1738 1736
f 1822 1824 1736
f 1739 1823 1737
f 1823 1821 1737
f 1826 1740 1738
f 1824 1826 1738
f 1825 1823 1739
f 1741 1825 1739
f 1826 1828 1740
f 1828 1742 1740
f 1743 1827 1741
f 1827 1825 1741
f 1828 1830 1742
f 1830 1744 1742
f 1745 1829 1743
f 1829 1827 1743
f 1830 1832 1744
f 1832 1746 1744
f 1831 1829 1745
f 1747 1831 1745
f 1834 1748 1746
f 1832 1834 1746
f 1833 1831 1747
f 1749 1833 1747
f 1834 1836 1748
f 1836 1750 1748
f 1751 1835 1749
f 1835 1833 1749
f 1838 1752 1750
f 1836 1838 1750
f 1837 1835 1751
f 1753 1837 1751
f 1838 1840 1752
f 1840 1754 1752
f 1839 1837 1753
f 1755 1839 1753
f 1842 1756 1754
f 1840 1842 1754
f 1757 1841 1755
f 1841 1839 1755
f 1844 1758 1756
f 1842 1844 1756
f 1759 1843 1757
f 1843 1841 1757
f 1765 1759 1758
f 1844 1765 1758
f 1765 1843 1759
f 1792 1790 1760
f 1845 1911 1761
f 1766 1845 1761
f 1846 1767 1761
f 1911 1846 1761
f 1866 1935 1762
f 1791 1866 1762
f 1868 1794 1762
f 1935 1868 1762
f 1887 1817 1763
f 1958 1887 1763
f 1889 1958 1763
f 1819 1889 1763
f 1888 1959 1764
f 1818 1888 1764
f 1890 1820 1764
f 1959 1890 1764
f 1910 1982 1765
f 1844 1910 1765
f 1909 1843 1765
f 1982 1909 1765
f 1768 1845 1766
f 1848 1769 1767
f 1846 1848 1767
f 1847 1845 1768
f 1770 1847 1768
f 1850 1771 1769
f 1848 1850 1769
f 1772 1849 1770
f 1849 1847 1770
f 1852 1773 1771
f 1850 1852 1771
f 1853 1851 1772
f 1851 1849 1772
f 1774 1853 1772
f 1852 1775 1773
f 1776 1853 1774
f 1852 1854 1775
f 1854 1777 1775
f 1778 1853 1776
f 1854 1856 1777
f 1856 1779 1777
f 1855 1853 1778
f 1780 1855 1778
f 1856 1858 1779
f 1858 1781 1779
f 1782 1857 1780
f 1857 1855 1780
f 1858 1783 1781
f 1784 1859 1782
f 1859 1857 1782
f 1858 1785 1783
f 1786 1859 1784
f 1858 1860 1785
f 1860 1862 1785
f 1862 1787 1785
f 1861 1859 1786
f 1788 1861 1786
f 1864 1789 1787
f 1862 1864 1787
f 1790 1863 1788
f 1863 1861 1788
f 1866 1791 1789
f 1864 1866 1789
f 1792 1865 1790
f 1865 1863 1790
f 1934 1865 1792
f 1867 1934 1792
f 1793 1867 1792
f 1795 1867 1793
f 1870 1796 1794
f 1868 1870 1794
f 1869 1867 1795
f 1797 1869 1795
f 1872 1798 1796
f 1870 1872 1796
f 1799 1871 1797
f 1871 1869 1797
f 1874 1800 1798
f 1872 1874 1798
f 1875 1873 1799
f 1873 1871 1799
f 1801 1875 1799
f 1874 1802 1800
f 1803 1875 1801
f 1874 1876 1802
f 1876 1804 1802
f 1805 1875 1803
f 1876 1878 1804
f 1878 1806 1804
f 1877 1875 1805
f 1807 1877 1805
f 1878 1880 1806
f 1880 1808 1806
f 1809 1879 1807
f 1879 1877 1807
f 1880 1810 1808
f 1811 1881 1809
f 1881 1879 1809
f 1880 1812 1810
f 1813 1881 1811
f 1880 1882 1812
f 1882 1884 1812
f 1884 1814 1812
f 1883 1881 1813
f 1815 1883 1813
f 1886 1816 1814
f 1884 1886 1814
f 1817 1885 1815
f 1885 1883 1815
f 1888 1818 1816
f 1886 1888 1816
f 1887 1885 1817
f 1821 1889 1819
f 1892 1822 1820
f 1890 1892 1820
f 1891 1889 1821
f 1823 1891 1821
f 1894 1824 1822
f 1892 1894 1822
f 1825 1893 1823
f 1893 1891 1823
f 1896 1826 1824
f 1894 1896 1824
f 1897 1895 1825
f 1895 1893 1825
f 1827 1897 1825
f 1896 1828 1826
f 1829 1897 1827
f 1896 1898 1828
f 1898 1830 1828
f 1831 1897 1829
f 1898 1900 1830
f 1900 1832 1830
f 1899 1897 1831
f 1833 1899 1831
f 1900 1902 1832
f 1902 1834 1832
f 1835 1901 1833
f 1901 1899 1833
f 1902 1836 1834
f 1837 1903 1835
f 1903 1901 1835
f 1902 1838 1836
f 1839 1903 1837
f 1902 1904 1838
f 1904 1906 1838
f 1906 1840 1838
f 1905 1903 1839
f 1841 1905 1839
f 1908 1842 1840
f 1906 1908 1840
f 1843 1907 1841
f 1907 1905 1841
f 1910 1844 1842
f 1908 1910 1842
f 1909 1907 1843
f 1847 1912 1845
f 1912 1911 1845
f 1911 1913 1846
f 1915 1848 1846
f 1913 1915 1846
f 1914 1912 1847
f 1849 1914 1847
f 1917 1850 1848
f 1915 1917 1848
f 1851 1916 1849
f 1916 1914 1849
f 1919 1852 1850
f 1917 1919 1850
f 1853 1918 1851
f 1918 1916 1851
f 1919 1921 1852
f 1921 1854 1852
f 1920 1918 1853
f 1855 1920 1853
f 1921 1923 1854
f 1923 1856 1854
f 1922 1920 1855
f 1857 1922 1855
f 1923 1925 1856
f 1925 1858 1856
f 1859 1924 1857
f 1924 1922 1857
f 1927 1860 1858
f 1925 1927 1858
f 1926 1924 1859
f 1861 1926 1859
f 1927 1929 1860
f 1929 1862 1860
f 1928 1926 1861
f 1863 1928 1861
f 1931 1864 1862
f 1929 1931 1862
f 1865 1930 1863
f 1930 1928 1863
f 1931 1933 1864
f 1933 1866 1864
f 1934 1932 1865
f 1932 1930 1865
f 1933 1935 1866
f 1869 1936 1867
f 1936 1934 1867
f 1935 1937 1868
f 1939 1870 1868
f 1937 1939 1868
f 1938 1936 1869
f 1871 1938 1869
f 1941 1872 1870
f 1939 1941 1870
f 1873 1940 1871
f 1940 1938 1871
f 1943 1874 1872
f 1941 1943 1872
f 1875 1942 1873
f 1942 1940 1873
f 1943 1945 1874
f 1945 1876 1874
f 1944 1942 1875
f 1877 1944 1875
f 1945 1947 1876
f 1947 1878 1876
f 1946 1944 1877
f 1879 1946 1877
f 1947 1949 1878
f 1949 1880 1878
f 1881 1948 1879
f 1948 1946 1879
f 1951 1882 1880
f 1949 1951 1880
f 1950 1948 1881
f 1883 1950 1881
f 1951 1953 1882
f 1953 1884 1882
f 1952 1950 1883
f 1885 1952 1883
f 1955 1886 1884
f 1953 1955 1884
f 1887 1954 1885
f 1954 1952 1885
f 1955 1957 1886
f 1957 1888 1886
f 1958 1956 1887
f 1956 1954 1887
f 1957 1959 1888
f 1891 1960 1889
f 1960 1958 1889
f 1959 1961 1890
f 1963 1892 1890
f 1961 1963 1890
f 1962 1960 1891
f 1893 1962 1891
f 1965 1894 1892
f 1963 1965 1892
f 1895 1964 1893
f 1964 1962 1893
f 1967 1896 1894
f 1965 1967 1894
f 1897 1966 1895
f 1966 1964 1895
f 1967 1969 1896
f 1969 1898 1896
f 1968 1966 1897
f 1899 1968 1897
f 1969 1971 1898
f 1971 1900 1898
f 1970 1968 1899
f 1901 1970 1899
f 1971 1973 1900
f 1973 1902 1900
f 1903 1972 1901
f 1972 1970 1901
f 1975 1904 1902
f 1973 1975 1902
f 1974 1972 1903
f 1905 1974 1903
f 1975 1977 1904
f 1977 1906 1904
f 1976 1974 1905
f 1907 1976 1905
f 1979 1908 1906
f 1977 1979 1906
f 1909 1978 1907
f 1978 1976 1907
f 1979 1981 1908
f 1981 1910 1908
f 1982 1980 1909
f 1980 1978 1909
f 1981 1982 1910
f 1912 1984 1911
f 2033 1913 1911
f 1984 2033 1911
f 1914 1989 1912
f 1989 2032 1912
f 2032 1984 1912
f 1990 1915 1913
f 2033 1990 1913
f 1991 1989 1914
f 1916 1991 1914
f 1990 1917 1915
f 1918 1991 1916
f 1992 1919 1917
f 1990 1992 1917
f 1920 1991 1918
f 1992 1994 1919
f 1994 1921 1919
f 1993 1991 1920
f 1922 1993 1920
f 1994 1996 1921
f 1996 1923 1921
f 1995 1993 1922
f 1924 1995 1922
f 1998 1925 1923
f 1996 1998 1923
f 1926 1997 1924
f 1997 1995 1924
f 1998 2000 1925
f 2000 1927 1925
f 1999 1997 1926
f 1928 1999 1926
f 2000 1929 1927
f 2001 1999 1928
f 1930 2001 1928
f 2000 1931 1929
f 1932 2001 1930
f 2000 2002 1931
f 2002 1933 1931
f 2048 2001 1932
f 1934 2048 1932
f 2002 2049 1933
f 2049 1985 1933
f 1985 1935 1933
f 1983 2048 1934
f 1936 1983 1934
f 2053 1937 1935
f 1985 2053 1935
f 1938 2003 1936
f 2003 2052 1936
f 2052 1983 1936
f 2004 1939 1937
f 2053 2004 1937
f 2005 2003 1938
f 1940 2005 1938
f 2004 1941 1939
f 1942 2005 1940
f 2006 1943 1941
f 2004 2006 1941
f 1944 2005 1942
f 2006 2008 1943
f 2008 1945 1943
f 2007 2005 1944
f 1946 2007 1944
f 2008 2010 1945
f 2010 1947 1945
f 2009 2007 1946
f 1948 2009 1946
f 2012 1949 1947
f 2010 2012 1947
f 1950 2011 1948
f 2011 2009 1948
f 2012 2014 1949
f 2014 1951 1949
f 2013 2011 1950
f 1952 2013 1950
f 2014 1953 1951
f 2015 2013 1952
f 1954 2015 1952
f 2014 1955 1953
f 1956 2015 1954
f 2014 2016 1955
f 2016 1957 1955
f 2068 2015 1956
f 1958 2068 1956
f 2016 2069 1957
f 2069 1987 1957
f 1987 1959 1957
f 1986 2068 1958
f 1960 1986 1958
f 2073 1961 1959
f 1987 2073 1959
f 1962 2017 1960
f 2017 2072 1960
f 2072 1986 1960
f 2018 1963 1961
f 2073 2018 1961
f 2019 2017 1962
f 1964 2019 1962
f 2018 1965 1963
f 1966 2019 1964
f 2020 1967 1965
f 2018 2020 1965
f 1968 2019 1966
f 2020 2022 1967
f 2022 1969 1967
f 2021 2019 1968
f 1970 2021 1968
f 2022 2024 1969
f 2024 1971 1969
f 2023 2021 1970
f 1972 2023 1970
f 2026 1973 1971
f 2024 2026 1971
f 1974 2025 1972
f 2025 2023 1972
f 2026 2028 1973
f 2028 1975 1973
f 2027 2025 1974
f 1976 2027 1974
f 2028 1977 1975
f 2029 2027 1976
f 1978 2029 1976
f 2028 1979 1977
f 1980 2029 1978
f 2028 2030 1979
f 2030 1981 1979
f 2088 2029 1980
f 1982 2088 1980
f 2030 2089 1981
f 2089 1988 1981
f 1988 1982 1981
f 1988 2088 1982
f 2050 2048 1983
f 2052 2050 1983
f 2032 2031 1984
f 2031 2033 1984
f 2049 2051 1985
f 2051 2053 1985
f 2070 2068 1986
f 2072 2070 1986
f 2069 2071 1987
f 2071 2073 1987
f 2089 2090 1988
f 2090 2088 1988
f 1991 2034 1989
f 2034 2032 1989
f 2033 2035 1990
f 2037 1992 1990
f 2035 2037 1990
f 1993 2036 1991
f 2036 2034 1991
f 2037 2039 1992
f 2039 1994 1992
f 1995 2038 1993
f 2038 2036 1993
f 2039 2041 1994
f 2041 1996 1994
f 2040 2038 1995
f 1997 2040 1995
f 2041 2043 1996
f 2043 1998 1996
f 1999 2042 1997
f 2042 2040 1997
f 2043 2045 1998
f 2045 2000 1998
f 2044 2042 1999
f 2001 2044 1999
f 2045 2047 2000
f 2047 2002 2000
f 2048 2046 2001
f 2046 2044 2001
f 2047 2049 2002
f 2005 2054 2003
f 2054 2052 2003
f 2053 2055 2004
f 2057 2006 2004
f 2055 2057 2004
f 2007 2056 2005
f 2056 2054 2005
f 2057 2059 2006
f 2059 2008 2006
f 2009 2058 2007
f 2058 2056 2007
f 2059 2061 2008
f 2061 2010 2008
f 2060 2058 2009
f 2011 2060 2009
f 2061 2063 2010
f 2063 2012 2010
f 2013 2062 2011
f 2062 2060 2011
f 2063 2065 2012
f 2065 2014 2012
f 2064 2062 2013
f 2015 2064 2013
f 2065 2067 2014
f 2067 2016 2014
f 2068 2066 2015
f 2066 2064 2015
f 2067 2069 2016
f 2019 2074 2017
f 2074 2072 2017
f 2073 2075 2018
f 2077 2020 2018
f 2075 2077 2018
f 2021 2076 2019
f 2076 2074 2019
f 2077 2079 2020
f 2079 2022 2020
f 2023 2078 2021
f 2078 2076 2021
f 2079 2081 2022
f 2081 2024 2022
f 2080 2078 2023
f 2025 2080 2023
f 2081 2083 2024
f 2083 2026 2024
f 2027 2082 2025
f 2082 2080 2025
f 2083 2085 2026
f 2085 2028 2026
f 2084 2082 2027
f 2029 2084 2027
f 2085 2087 2028
f 2087 2030 2028
f 2088 2086 2029
f 2086 2084 2029
f 2087 2089 2030
f 2135 2134 2031
f 2032 2135 2031
f 2134 2033 2031
f 2034 2091 2032
f 2091 2135 2032
f 2134 2136 2033
f 2136 2092 2033
f 2092 2035 2033
f 2036 2091 2034
f 2094 2037 2035
f 2092 2094 2035
f 2038 2093 2036
f 2093 2091 2036
f 2094 2096 2037
f 2096 2039 2037
f 2040 2095 2038
f 2095 2093 2038
f 2096 2098 2039
f 2098 2041 2039
f 2097 2095 2040
f 2042 2097 2040
f 2098 2100 2041
f 2100 2043 2041
f 2044 2099 2042
f 2099 2097 2042
f 2102 2045 2043
f 2100 2102 2043
f 2101 2099 2044
f 2046 2101 2044
f 2104 2047 2045
f 2102 2104 2045
f 2048 2103 2046
f 2103 2101 2046
f 2104 2049 2047
f 2133 2147 2048
f 2050 2133 2048
f 2147 2103 2048
f 2104 2148 2049
f 2148 2051 2049
f 2151 2133 2050
f 2052 2151 2050
f 2148 2150 2051
f 2150 2053 2051
f 2054 2105 2052
f 2105 2151 2052
f 2150 2152 2053
f 2152 2106 2053
f 2106 2055 2053
f 2056 2105 2054
f 2108 2057 2055
f 2106 2108 2055
f 2058 2107 2056
f 2107 2105 2056
f 2108 2110 2057
f 2110 2059 2057
f 2060 2109 2058
f 2109 2107 2058
f 2110 2112 2059
f 2112 2061 2059
f 2111 2109 2060
f 2062 2111 2060
f 2112 2114 2061
f 2114 2063 2061
f 2064 2113 2062
f 2113 2111 2062
f 2116 2065 2063
f 2114 2116 2063
f 2115 2113 2064
f 2066 2115 2064
f 2118 2067 2065
f 2116 2118 2065
f 2068 2117 2066
f 2117 2115 2066
f 2118 2069 2067
f 2070 2165 2068
f 2165 2163 2068
f 2163 2117 2068
f 2118 2164 2069
f 2164 2071 2069
f 2167 2165 2070
f 2072 2167 2070
f 2164 2166 2071
f 2166 2073 2071
f 2074 2119 2072
f 2119 2167 2072
f 2166 2168 2073
f 2168 2120 2073
f 2120 2075 2073
f 2076 2119 2074
f 2122 2077 2075
f 2120 2122 2075
f 2078 2121 2076
f 2121 2119 2076
f 2122 2124 2077
f 2124 2079 2077
f 2080 2123 2078
f 2123 2121 2078
f 2124 2126 2079
f 2126 2081 2079
f 2125 2123 2080
f 2082 2125 2080
f 2126 2128 2081
f 2128 2083 2081
f 2084 2127 2082
f 2127 2125 2082
f 2130 2085 2083
f 2128 2130 2083
f 2129 2127 2084
f 2086 2129 2084
f 2132 2087 2085
f 2130 2132 2085
f 2088 2131 2086
f 2131 2129 2086
f 2132 2089 2087
f 2090 2181 2088
f 2181 2179 2088
f 2179 2131 2088
f 2132 2180 2089
f 2180 2090 2089
f 2180 2181 2090
f 2093 2135 2091
f 2138 2094 2092
f 2136 2138 2092
f 2095 2137 2093
f 2137 2135 2093
f 2138 2140 2094
f 2140 2096 2094
f 2139 2137 2095
f 2097 2139 2095
f 2140 2142 2096
f 2142 2098 2096
f 2141 2139 2097
f 2099 2141 2097
f 2142 2144 2098
f 2144 2100 2098
f 2101 2143 2099
f 2143 2141 2099
f 2144 2146 2100
f 2146 2102 2100
f 2145 2143 2101
f 2103 2145 2101
f 2146 2148 2102
f 2148 2104 2102
f 2147 2145 2103
f 2107 2151 2105
f 2154 2108 2106
f 2152 2154 2106
f 2109 2153 2107
f 2153 2151 2107
f 2154 2156 2108
f 2156 2110 2108
f 2155 2153 2109
f 2111 2155 2109
f 2156 2158 2110
f 2158 2112 2110
f 2157 2155 2111
f 2113 2157 2111
f 2158 2160 2112
f 2160 2114 2112
f 2115 2159 2113
f 2159 2157 2113
f 2160 2162 2114
f 2162 2116 2114
f 2161 2159 2115
f 2117 2161 2115
f 2162 2164 2116
f 2164 2118 2116
f 2163 2161 2117
f 2121 2167 2119
f 2170 2122 2120
f 2168 2170 2120
f 2123 2169 2121
f 2169 2167 2121
f 2170 2172 2122
f 2172 2124 2122
f 2171 2169 2123
f 2125 2171 2123
f 2172 2174 2124
f 2174 2126 2124
f 2173 2171 2125
f 2127 2173 2125
f 2174 2176 2126
f 2176 2128 2126
f 2129 2175 2127
f 2175 2173 2127
f 2176 2178 2128
f 2178 2130 2128
f 2177 2175 2129
f 2131 2177 2129
f 2178 2180 2130
f 2180 2132 2130
f 2179 2177 2131
f 2149 2147 2133
f 2151 2149 2133
f 2135 2182 2134
f 2182 2136 2134
f 2137 2182 2135
f 2182 2138 2136
f 2183 2182 2137
f 2139 2183 2137
f 2182 2140 2138
f 2141 2183 2139
f 2182 2142 2140
f 2143 2183 2141
f 2182 2144 2142
f 2145 2183 2143
f 2182 2146 2144
f 2147 2183 2145
f 2184 2148 2146
f 2182 2184 2146
f 2149 2183 2147
f 2184 2150 2148
f 2151 2183 2149
f 2184 2152 2150
f 2153 2183 2151
f 2184 2154 2152
f 2185 2183 2153
f 2155 2185 2153
f 2184 2156 2154
f 2157 2185 2155
f 2184 2158 2156
f 2159 2185 2157
f 2184 2160 2158
f 2161 2185 2159
f 2184 2162 2160
f 2163 2185 2161
f 2186 2164 2162
f 2184 2186 2162
f 2165 2185 2163
f 2186 2166 2164
f 2187 2185 2165
f 2167 2187 2165
f 2186 2168 2166
f 2169 2187 2167
f 2186 2170 2168
f 2171 2187 2169
f 2186 2172 2170
f 2173 2187 2171
f 2186 2174 2172
f 2175 2187 2173
f 2186 2176 2174
f 2177 2187 2175
f 2186 2178 2176
f 2179 2187 2177
f 2187 2180 2178
f 2186 2187 2178
f 2181 2187 2179
f 2187 2181 2180
f 2183 2190 2182
f 2190 2184 2182
f 2188 2190 2183
f 2185 2188 2183
f 2190 2194 2184
f 2194 2186 2184
f 2191 2189 2185
f 2187 2191 2185
f 2189 2188 2185
f 2194 2195 2186
f 2195 2187 2186
f 2195 2191 2187
f 2192 2190 2188
f 2198 2192 2188
f 2196 2198 2188
f 2189 2196 2188
f 2199 2197 2189
f 2193 2199 2189
f 2191 2193 2189
f 2197 2196 2189
f 2192 2194 2190
f 2195 2193 2191
f 2198 2204 2192
f 2204 2194 2192
f 2195 2199 2193
f 2204 2195 2194
f 2204 2205 2195
f 2205 2199 2195
f 2200 2198 2196
f 2206 2200 2196
f 2202 2206 2196
f 2197 2202 2196
f 2207 2203 2197
f 2201 2207 2197
f 2199 2201 2197
f 2203 2202 2197
f 2200 2204 2198
f 2205 2201 2199
f 2206 2212 2200
f 2212 2204 2200
f 2205 2207 2201
f 2210 2206 2202
f 2216 2210 2202
f 2208 2216 2202
f 2203 2208 2202
f 2217 2209 2203
f 2211 2217 2203
f 2207 2211 2203
f 2209 2208 2203
f 2212 2205 2204
f 2212 2213 2205
f 2213 2207 2205
f 2210 2212 2206
f 2213 2211 2207
f 2218 2216 2208
f 2224 2218 2208
f 2214 2224 2208
f 2209 2214 2208
f 2225 2215 2209
f 2219 2225 2209
f 2217 2219 2209
f 2215 2214 2209
f 2216 2226 2210
f 2226 2212 2210
f 2213 2217 2211
f 2226 2213 2212
f 2226 2227 2213
f 2227 2217 2213
f 2234 2224 2214
f 2236 2234 2214
f 2220 2236 2214
f 2215 2220 2214
f 2237 2221 2215
f 2235 2237 2215
f 2225 2235 2215
f 2221 2220 2215
f 2218 2226 2216
f 2227 2219 2217
f 2224 2240 2218
f 2240 2226 2218
f 2227 2225 2219
f 2238 2236 2220
f 2242 2238 2220
f 2222 2242 2220
f 2221 2222 2220
f 2243 2223 2221
f 2239 2243 2221
f 2237 2239 2221
f 2223 2222 2221
f 2244 2242 2222
f 2246 2244 2222
f 2228 2246 2222
f 2223 2228 2222
f 2247 2229 2223
f 2245 2247 2223
f 2243 2245 2223
f 2229 2228 2223
f 2234 2256 2224
f 2256 2240 2224
f 2227 2241 2225
f 2241 2235 2225
f 2240 2227 2226
f 2240 2241 2227
f 2248 2246 2228
f 2250 2248 2228
f 2231 2250 2228
f 2229 2231 2228
f 2251 2233 2229
f 2249 2251 2229
f 2247 2249 2229
f 2233 2231 2229
f 2231 2233 2230
f 2233 2232 2230
f 2254 2231 2230
f 2264 2254 2230
f 2232 2264 2230
f 2255 2250 2231
f 2254 2255 2231
f 2233 2253 2232
f 2253 2252 2232
f 2266 2264 2232
f 2252 2266 2232
f 2251 2253 2233
f 2236 2256 2234
f 2241 2257 2235
f 2257 2237 2235
f 2258 2256 2236
f 2238 2258 2236
f 2257 2239 2237
f 2242 2258 2238
f 2257 2259 2239
f 2259 2243 2239
f 2256 2241 2240
f 2256 2257 2241
f 2260 2258 2242
f 2244 2260 2242
f 2259 2245 2243
f 2246 2260 2244
f 2259 2261 2245
f 2261 2247 2245
f 2262 2260 2246
f 2248 2262 2246
f 2261 2249 2247
f 2250 2262 2248
f 2261 2263 2249
f 2263 2251 2249
f 2255 2262 2250
f 2263 2267 2251
f 2267 2253 2251
f 2253 2267 2252
f 2267 2266 2252
f 2264 2255 2254
f 2265 2262 2255
f 2264 2265 2255
f 2258 2257 2256
f 2258 2259 2257
f 2260 2259 2258
f 2260 2261 2259
f 2262 2261 2260
f 2262 2263 2261
f 2265 2263 2262
f 2265 2267 2263
f 2266 2265 2264
f 2266 2267 2265
