# OpenETA offline industrial visual mesh; units: metres.
mtllib box_wrench.mtl
v -0.078791499 -0.026660879 0.008819104
v -0.078791499 -0.026660879 0.008819104
v -0.081091941 -0.026660879 0.008991499
v -0.076491058 -0.026660879 0.008991499
v -0.083340994 -0.026660879 0.009504831
v -0.074242005 -0.026660879 0.009504831
v -0.085488419 -0.026660879 0.010347632
v -0.072094580 -0.026660879 0.010347632
v -0.081728423 -0.026660879 0.010521992
v -0.075854576 -0.026660879 0.010521992
v -0.082092509 -0.026660879 0.010531526
v -0.075490490 -0.026660879 0.010531526
v -0.081367327 -0.026660879 0.010569532
v -0.076215671 -0.026660879 0.010569532
v -0.082450622 -0.026660879 0.010597899
v -0.075132377 -0.026660879 0.010597899
v -0.081018114 -0.026660879 0.010672973
v -0.076564884 -0.026660879 0.010672973
v -0.082793942 -0.026660879 0.010719476
v -0.074789057 -0.026660879 0.010719476
v -0.080689383 -0.026660879 0.010829770
v -0.076893616 -0.026660879 0.010829770
v -0.083114017 -0.026660879 0.010893262
v -0.074468981 -0.026660879 0.010893262
v -0.083402966 -0.026660879 0.011114980
v -0.074180033 -0.026660879 0.011114980
v -0.083653672 -0.026660879 0.011379168
v -0.073929327 -0.026660879 0.011379168
v -0.079694121 -0.026660879 0.011404384
v -0.077888878 -0.026660879 0.011404384
v -0.087486246 -0.026660879 0.011501079
v -0.070096753 -0.026660879 0.011501079
v -0.079451029 -0.026660879 0.011521452
v -0.078131970 -0.026660879 0.011521452
v -0.079193204 -0.026660879 0.011600981
v -0.078389795 -0.026660879 0.011600981
v -0.078926405 -0.026660879 0.011641194
v -0.078656593 -0.026660879 0.011641194
v -0.083859964 -0.026660879 0.011679325
v -0.073723035 -0.026660879 0.011679325
v -0.084434579 -0.026660879 0.012674587
v -0.073148420 -0.026660879 0.012674587
v -0.084586569 -0.026660879 0.012897516
v -0.072967931 -0.026660879 0.012932353
v -0.089289846 -0.026660879 0.012939401
v -0.068293153 -0.026660879 0.012939401
v -0.084770088 -0.026660879 0.013095301
v -0.072745422 -0.026660879 0.013154862
v -0.084981035 -0.026660879 0.013263528
v -0.072487656 -0.026660879 0.013335351
v -0.085214699 -0.026660879 0.013398433
v -0.072202464 -0.026660879 0.013468339
v -0.085465860 -0.026660879 0.013497007
v -0.071898512 -0.026660879 0.013549783
v -0.085728907 -0.026660879 0.013557045
v -0.087147194 -0.026660879 0.013577208
v -0.085997964 -0.026660879 0.013577208
v -0.071585035 -0.026660879 0.013577208
v -0.070435805 -0.026660879 0.013577208
v -0.087510283 -0.026660879 0.013605783
v -0.070072716 -0.026660879 0.013605783
v -0.087864431 -0.026660879 0.013690807
v -0.069718568 -0.026660879 0.013690807
v -0.088200918 -0.026660879 0.013830184
v -0.069382081 -0.026660879 0.013830184
v -0.088511459 -0.026660879 0.014020485
v -0.069071540 -0.026660879 0.014020485
v -0.088788408 -0.026660879 0.014257021
v -0.068794591 -0.026660879 0.014257021
v -0.089024944 -0.026660879 0.014533969
v -0.068558055 -0.026660879 0.014533969
v -0.090858931 -0.026660879 0.014630472
v -0.066724068 -0.026660879 0.014630472
v -0.089215244 -0.026660879 0.014844510
v -0.068367755 -0.026660879 0.014844510
v -0.089354621 -0.026660879 0.015180997
v -0.068228378 -0.026660879 0.015180997
v -0.089439645 -0.026660879 0.015535145
v -0.068143354 -0.026660879 0.015535145
v -0.089468220 -0.026660879 0.015898234
v -0.068114778 -0.026660879 0.015898234
v -0.092158450 -0.026660879 0.016536516
v -0.065424549 -0.026660879 0.016536516
v -0.089468220 -0.026660879 0.017047464
v -0.068114778 -0.026660879 0.017047464
v -0.068094616 -0.026660879 0.017316522
v -0.089495645 -0.026660879 0.017360941
v -0.068034577 -0.026660879 0.017579569
v -0.089577090 -0.026660879 0.017664893
v -0.067936004 -0.026660879 0.017830729
v -0.089710077 -0.026660879 0.017950086
v -0.067801098 -0.026660879 0.018064393
v -0.089890567 -0.026660879 0.018207852
v -0.067632872 -0.026660879 0.018275341
v -0.090113075 -0.026660879 0.018430360
v -0.067435087 -0.026660879 0.018458860
v -0.090370842 -0.026660879 0.018610850
v -0.067212157 -0.026660879 0.018610850
v -0.093159372 -0.026660879 0.018614954
v -0.064423626 -0.026660879 0.018614954
v -0.091366104 -0.026660879 0.019185465
v -0.066216895 -0.026660879 0.019185465
v -0.091666260 -0.026660879 0.019391756
v -0.065916739 -0.026660879 0.019391756
v -0.091930448 -0.026660879 0.019642463
v -0.065652551 -0.026660879 0.019642463
v -0.092152167 -0.026660879 0.019931411
v -0.065430832 -0.026660879 0.019931411
v -0.092325953 -0.026660879 0.020251486
v -0.065257046 -0.026660879 0.020251486
v -0.092447530 -0.026660879 0.020594807
v -0.065135469 -0.026660879 0.020594807
v -0.093839340 -0.026660879 0.020819357
v -0.063743659 -0.026660879 0.020819357
v -0.092513902 -0.026660879 0.020952919
v -0.065069097 -0.026660879 0.020952919
v -0.092523437 -0.026660879 0.021317006
v -0.065059562 -0.026660879 0.021317006
v -0.092475897 -0.026660879 0.021678101
v -0.065107102 -0.026660879 0.021678101
v -0.092372456 -0.026660879 0.022027314
v -0.065210543 -0.026660879 0.022027314
v -0.092215658 -0.026660879 0.022356046
v -0.065367341 -0.026660879 0.022356046
v -0.094183165 -0.026660879 0.023100483
v -0.063399834 -0.026660879 0.023100483
v -0.091641044 -0.026660879 0.023351308
v -0.065941955 -0.026660879 0.023351308
v -0.091523976 -0.026660879 0.023594400
v -0.066059023 -0.026660879 0.023594400
v -0.091444448 -0.026660879 0.023852225
v -0.066138551 -0.026660879 0.023852225
v -0.091404234 -0.026660879 0.024119023
v -0.066178765 -0.026660879 0.024119023
v -0.091404234 -0.026660879 0.024388835
v -0.066178765 -0.026660879 0.024388835
v -0.091444448 -0.026660879 0.024655633
v -0.066138551 -0.026660879 0.024655633
v -0.091523976 -0.026660879 0.024913458
v -0.066059023 -0.026660879 0.024913458
v -0.091641044 -0.026660879 0.025156550
v -0.065941955 -0.026660879 0.025156550
v -0.094183165 -0.026660879 0.025407375
v -0.063399834 -0.026660879 0.025407375
v -0.092215658 -0.026660879 0.026151812
v -0.065367341 -0.026660879 0.026151812
v -0.092372456 -0.026660879 0.026480544
v -0.065210543 -0.026660879 0.026480544
v -0.092475897 -0.026660879 0.026829757
v -0.065107102 -0.026660879 0.026829757
v -0.092523437 -0.026660879 0.027190852
v -0.065059562 -0.026660879 0.027190852
v -0.092513902 -0.026660879 0.027554939
v -0.065069097 -0.026660879 0.027554939
v -0.093839340 -0.026660879 0.027688500
v -0.063743659 -0.026660879 0.027688500
v -0.092447530 -0.026660879 0.027913051
v -0.065135469 -0.026660879 0.027913051
v -0.092325953 -0.026660879 0.028256372
v -0.065257046 -0.026660879 0.028256372
v -0.092152167 -0.026660879 0.028576447
v -0.065430832 -0.026660879 0.028576447
v -0.091930448 -0.026660879 0.028865395
v -0.065652551 -0.026660879 0.028865395
v -0.091666260 -0.026660879 0.029116102
v -0.065916739 -0.026660879 0.029116102
v -0.091366104 -0.026660879 0.029322393
v -0.066216895 -0.026660879 0.029322393
v -0.093159372 -0.026660879 0.029892904
v -0.064423626 -0.026660879 0.029892904
v -0.090370842 -0.026660879 0.029897008
v -0.067212157 -0.026660879 0.029897008
v -0.090147912 -0.026660879 0.030048998
v -0.067435087 -0.026660879 0.030048998
v -0.089950127 -0.026660879 0.030232517
v -0.067632872 -0.026660879 0.030232517
v -0.089781901 -0.026660879 0.030443465
v -0.067801098 -0.026660879 0.030443465
v -0.089646995 -0.026660879 0.030677129
v -0.067936004 -0.026660879 0.030677129
v -0.089548422 -0.026660879 0.030928289
v -0.068034577 -0.026660879 0.030928289
v -0.089488383 -0.026660879 0.031191336
v -0.068094616 -0.026660879 0.031191336
v -0.089468220 -0.026660879 0.031460394
v -0.068114778 -0.026660879 0.031460394
v -0.092158450 -0.026660879 0.031971341
v -0.065424549 -0.026660879 0.031971341
v -0.089468220 -0.026660879 0.032609623
v -0.068114778 -0.026660879 0.032609623
v -0.089439645 -0.026660879 0.032972712
v -0.068143354 -0.026660879 0.032972712
v -0.089354621 -0.026660879 0.033326860
v -0.068228378 -0.026660879 0.033326860
v -0.089215244 -0.026660879 0.033663348
v -0.068367755 -0.026660879 0.033663348
v -0.090858931 -0.026660879 0.033877385
v -0.066724068 -0.026660879 0.033877385
v -0.089024944 -0.026660879 0.033973889
v -0.068558055 -0.026660879 0.033973889
v -0.088788408 -0.026660879 0.034250837
v -0.068794591 -0.026660879 0.034250837
v -0.088511459 -0.026660879 0.034487373
v -0.069071540 -0.026660879 0.034487373
v -0.088200918 -0.026660879 0.034677673
v -0.069382081 -0.026660879 0.034677673
v -0.087864431 -0.026660879 0.034817050
v -0.069718568 -0.026660879 0.034817050
v -0.087510283 -0.026660879 0.034902075
v -0.070072716 -0.026660879 0.034902075
v -0.087147194 -0.026660879 0.034930650
v -0.085997964 -0.026660879 0.034930650
v -0.071585035 -0.026660879 0.034930650
v -0.070435805 -0.026660879 0.034930650
v -0.071854092 -0.026660879 0.034950812
v -0.085684487 -0.026660879 0.034958075
v -0.072117139 -0.026660879 0.035010851
v -0.085380535 -0.026660879 0.035039519
v -0.072368300 -0.026660879 0.035109425
v -0.085095343 -0.026660879 0.035172507
v -0.072601964 -0.026660879 0.035244330
v -0.084837577 -0.026660879 0.035352996
v -0.072812911 -0.026660879 0.035412556
v -0.089289846 -0.026660879 0.035568456
v -0.068293153 -0.026660879 0.035568456
v -0.084615068 -0.026660879 0.035575505
v -0.072996430 -0.026660879 0.035610342
v -0.084434579 -0.026660879 0.035833271
v -0.073148420 -0.026660879 0.035833271
v -0.083859964 -0.026660879 0.036828533
v -0.073723035 -0.026660879 0.036828533
v -0.078926405 -0.026660879 0.036866663
v -0.078656593 -0.026660879 0.036866663
v -0.079193204 -0.026660879 0.036906877
v -0.078389795 -0.026660879 0.036906877
v -0.079451029 -0.026660879 0.036986406
v -0.078131970 -0.026660879 0.036986406
v -0.087486246 -0.026660879 0.037006779
v -0.070096753 -0.026660879 0.037006779
v -0.079694121 -0.026660879 0.037103473
v -0.077888878 -0.026660879 0.037103473
v -0.083653672 -0.026660879 0.037128689
v -0.073929327 -0.026660879 0.037128689
v -0.083402966 -0.026660879 0.037392878
v -0.074180033 -0.026660879 0.037392878
v -0.083114017 -0.026660879 0.037614596
v -0.074468981 -0.026660879 0.037614596
v -0.080689383 -0.026660879 0.037678088
v -0.076893616 -0.026660879 0.037678088
v -0.082793942 -0.026660879 0.037788382
v -0.074789057 -0.026660879 0.037788382
v -0.081018114 -0.026660879 0.037834885
v -0.076564884 -0.026660879 0.037834885
v -0.082450622 -0.026660879 0.037909959
v -0.075132377 -0.026660879 0.037909959
v -0.081367327 -0.026660879 0.037938326
v -0.076215671 -0.026660879 0.037938326
v -0.082092509 -0.026660879 0.037976331
v -0.075490490 -0.026660879 0.037976331
v -0.081728423 -0.026660879 0.037985866
v -0.075854576 -0.026660879 0.037985866
v -0.085488419 -0.026660879 0.038160225
v -0.072094580 -0.026660879 0.038160225
v -0.083340994 -0.026660879 0.039003027
v -0.074242005 -0.026660879 0.039003027
v -0.081091941 -0.026660879 0.039516359
v -0.076491058 -0.026660879 0.039516359
v -0.078791499 -0.026660879 0.039688754
v -0.084329764 -0.026651354 0.035772756
v -0.083755149 -0.026651354 0.036768018
v -0.078791499 -0.026649125 0.008684757
v -0.081111964 -0.026649125 0.008858652
v -0.076471035 -0.026649125 0.008858652
v -0.083380593 -0.026649125 0.009376452
v -0.074202405 -0.026649125 0.009376452
v -0.085546710 -0.026649125 0.010226590
v -0.072036289 -0.026649125 0.010226590
v -0.081735454 -0.026649125 0.010656156
v -0.075847545 -0.026649125 0.010656156
v -0.082078466 -0.026649125 0.010665137
v -0.075504533 -0.026649125 0.010665137
v -0.081395260 -0.026649125 0.010700944
v -0.076187739 -0.026649125 0.010700944
v -0.082415850 -0.026649125 0.010727668
v -0.075167149 -0.026649125 0.010727668
v -0.081066260 -0.026649125 0.010798397
v -0.076516739 -0.026649125 0.010798397
v -0.082739298 -0.026649125 0.010842208
v -0.074843700 -0.026649125 0.010842208
v -0.080756556 -0.026649125 0.010946119
v -0.076826442 -0.026649125 0.010946119
v -0.083040846 -0.026649125 0.011005935
v -0.074542152 -0.026649125 0.011005935
v -0.083313070 -0.026649125 0.011214819
v -0.074269929 -0.026649125 0.011214819
v -0.087561927 -0.026649125 0.011390075
v -0.070021072 -0.026649125 0.011390075
v -0.083549265 -0.026649125 0.011463716
v -0.074033734 -0.026649125 0.011463716
v -0.079761294 -0.026649125 0.011520734
v -0.077821704 -0.026649125 0.011520734
v -0.079500111 -0.026649125 0.011646512
v -0.078082888 -0.026649125 0.011646512
v -0.079223099 -0.026649125 0.011731960
v -0.078359900 -0.026649125 0.011731960
v -0.083743615 -0.026649125 0.011746499
v -0.073839384 -0.026649125 0.011746499
v -0.078936445 -0.026649125 0.011775166
v -0.078646554 -0.026649125 0.011775166
v -0.084318230 -0.026649125 0.012741761
v -0.073264769 -0.026649125 0.012741761
v -0.089381226 -0.026649125 0.012840918
v -0.068201773 -0.026649125 0.012840918
v -0.084481532 -0.026649125 0.012981280
v -0.073070847 -0.026649125 0.013018710
v -0.084678708 -0.026649125 0.013193785
v -0.072831779 -0.026649125 0.013257778
v -0.084905354 -0.026649125 0.013374530
v -0.072554829 -0.026649125 0.013451700
v -0.085156408 -0.026649125 0.013519476
v -0.072248414 -0.026649125 0.013594584
v -0.085426260 -0.026649125 0.013625385
v -0.071921841 -0.026649125 0.013682089
v -0.085708884 -0.026649125 0.013689892
v -0.087147194 -0.026649125 0.013711556
v -0.085997964 -0.026649125 0.013711556
v -0.071585035 -0.026649125 0.013711556
v -0.070435805 -0.026649125 0.013711556
v -0.087489266 -0.026649125 0.013738478
v -0.070093733 -0.026649125 0.013738478
v -0.087822915 -0.026649125 0.013818580
v -0.069760084 -0.026649125 0.013818580
v -0.088139925 -0.026649125 0.013949889
v -0.069443074 -0.026649125 0.013949889
v -0.088432492 -0.026649125 0.014129174
v -0.069150507 -0.026649125 0.014129174
v -0.088693410 -0.026649125 0.014352018
v -0.068889589 -0.026649125 0.014352018
v -0.090963969 -0.026649125 0.014546710
v -0.066619030 -0.026649125 0.014546710
v -0.088916254 -0.026649125 0.014612937
v -0.068666744 -0.026649125 0.014612937
v -0.089095539 -0.026649125 0.014905503
v -0.068487459 -0.026649125 0.014905503
v -0.089226849 -0.026649125 0.015222514
v -0.068356150 -0.026649125 0.015222514
v -0.089306950 -0.026649125 0.015556162
v -0.068276049 -0.026649125 0.015556162
v -0.089333873 -0.026649125 0.015898234
v -0.068249126 -0.026649125 0.015898234
v -0.092274797 -0.026649125 0.016469343
v -0.065308202 -0.026649125 0.016469343
v -0.089333873 -0.026649125 0.017047464
v -0.068249126 -0.026649125 0.017047464
v -0.068227463 -0.026649125 0.017336545
v -0.089363339 -0.026649125 0.017384270
v -0.068162956 -0.026649125 0.017619168
v -0.089450844 -0.026649125 0.017710843
v -0.068057046 -0.026649125 0.017889021
v -0.089593729 -0.026649125 0.018017259
v -0.067912101 -0.026649125 0.018140074
v -0.089787650 -0.026649125 0.018294208
v -0.067731355 -0.026649125 0.018366720
v -0.090026718 -0.026649125 0.018533276
v -0.067518850 -0.026649125 0.018563896
v -0.093284432 -0.026649125 0.018565872
v -0.064298566 -0.026649125 0.018565872
v -0.090303668 -0.026649125 0.018727198
v -0.067279331 -0.026649125 0.018727198
v -0.091298930 -0.026649125 0.019301813
v -0.066284069 -0.026649125 0.019301813
v -0.091581712 -0.026649125 0.019496164
v -0.066001287 -0.026649125 0.019496164
v -0.091830609 -0.026649125 0.019732359
v -0.065752390 -0.026649125 0.019732359
v -0.092039494 -0.026649125 0.020004582
v -0.065543505 -0.026649125 0.020004582
v -0.092203220 -0.026649125 0.020306130
v -0.065379778 -0.026649125 0.020306130
v -0.092317760 -0.026649125 0.020629578
v -0.065265239 -0.026649125 0.020629578
v -0.093970320 -0.026649125 0.020789462
v -0.063612679 -0.026649125 0.020789462
v -0.092380291 -0.026649125 0.020966962
v -0.065202708 -0.026649125 0.020966962
v -0.092389273 -0.026649125 0.021309974
v -0.065193726 -0.026649125 0.021309974
v -0.092344485 -0.026649125 0.021650169
v -0.065238514 -0.026649125 0.021650169
v -0.092247031 -0.026649125 0.021979168
v -0.065335967 -0.026649125 0.021979168
v -0.092099310 -0.026649125 0.022288872
v -0.065483689 -0.026649125 0.022288872
v -0.094317137 -0.026649125 0.023090443
v -0.063265862 -0.026649125 0.023090443
v -0.091524695 -0.026649125 0.023284134
v -0.066058304 -0.026649125 0.023284134
v -0.091398916 -0.026649125 0.023545317
v -0.066184083 -0.026649125 0.023545317
v -0.091313469 -0.026649125 0.023822330
v -0.066269530 -0.026649125 0.023822330
v -0.091270263 -0.026649125 0.024108983
v -0.066312736 -0.026649125 0.024108983
v -0.091270263 -0.026649125 0.024398875
v -0.066312736 -0.026649125 0.024398875
v -0.091313469 -0.026649125 0.024685528
v -0.066269530 -0.026649125 0.024685528
v -0.091398916 -0.026649125 0.024962541
v -0.066184083 -0.026649125 0.024962541
v -0.091524695 -0.026649125 0.025223724
v -0.066058304 -0.026649125 0.025223724
v -0.094317137 -0.026649125 0.025417415
v -0.063265862 -0.026649125 0.025417415
v -0.092099310 -0.026649125 0.026218986
v -0.065483689 -0.026649125 0.026218986
v -0.092247031 -0.026649125 0.026528690
v -0.065335967 -0.026649125 0.026528690
v -0.092344485 -0.026649125 0.026857689
v -0.065238514 -0.026649125 0.026857689
v -0.092389273 -0.026649125 0.027197883
v -0.065193726 -0.026649125 0.027197883
v -0.092380291 -0.026649125 0.027540895
v -0.065202708 -0.026649125 0.027540895
v -0.093970320 -0.026649125 0.027718396
v -0.063612679 -0.026649125 0.027718396
v -0.092317760 -0.026649125 0.027878280
v -0.065265239 -0.026649125 0.027878280
v -0.092203220 -0.026649125 0.028201728
v -0.065379778 -0.026649125 0.028201728
v -0.092039494 -0.026649125 0.028503276
v -0.065543505 -0.026649125 0.028503276
v -0.091830609 -0.026649125 0.028775499
v -0.065752390 -0.026649125 0.028775499
v -0.091581712 -0.026649125 0.029011694
v -0.066001287 -0.026649125 0.029011694
v -0.091298930 -0.026649125 0.029206045
v -0.066284069 -0.026649125 0.029206045
v -0.090303668 -0.026649125 0.029780659
v -0.067279331 -0.026649125 0.029780659
v -0.093284432 -0.026649125 0.029941986
v -0.064298566 -0.026649125 0.029941986
v -0.090064149 -0.026649125 0.029943961
v -0.067518850 -0.026649125 0.029943961
v -0.089851643 -0.026649125 0.030141138
v -0.067731355 -0.026649125 0.030141138
v -0.089670898 -0.026649125 0.030367784
v -0.067912101 -0.026649125 0.030367784
v -0.089525953 -0.026649125 0.030618837
v -0.068057046 -0.026649125 0.030618837
v -0.089420043 -0.026649125 0.030888690
v -0.068162956 -0.026649125 0.030888690
v -0.089355536 -0.026649125 0.031171313
v -0.068227463 -0.026649125 0.031171313
v -0.089333873 -0.026649125 0.031460394
v -0.068249126 -0.026649125 0.031460394
v -0.092274797 -0.026649125 0.032038515
v -0.065308202 -0.026649125 0.032038515
v -0.089333873 -0.026649125 0.032609623
v -0.068249126 -0.026649125 0.032609623
v -0.089306950 -0.026649125 0.032951696
v -0.068276049 -0.026649125 0.032951696
v -0.089226849 -0.026649125 0.033285344
v -0.068356150 -0.026649125 0.033285344
v -0.089095539 -0.026649125 0.033602354
v -0.068487459 -0.026649125 0.033602354
v -0.088916254 -0.026649125 0.033894921
v -0.068666744 -0.026649125 0.033894921
v -0.090963969 -0.026649125 0.033961148
v -0.066619030 -0.026649125 0.033961148
v -0.088693410 -0.026649125 0.034155840
v -0.068889589 -0.026649125 0.034155840
v -0.088432492 -0.026649125 0.034378684
v -0.069150507 -0.026649125 0.034378684
v -0.088139925 -0.026649125 0.034557969
v -0.069443074 -0.026649125 0.034557969
v -0.087822915 -0.026649125 0.034689278
v -0.069760084 -0.026649125 0.034689278
v -0.087489266 -0.026649125 0.034769380
v -0.070093733 -0.026649125 0.034769380
v -0.087147194 -0.026649125 0.034796302
v -0.085997964 -0.026649125 0.034796302
v -0.071585035 -0.026649125 0.034796302
v -0.070435805 -0.026649125 0.034796302
v -0.071874115 -0.026649125 0.034817966
v -0.085661158 -0.026649125 0.034825769
v -0.072156739 -0.026649125 0.034882473
v -0.085334585 -0.026649125 0.034913274
v -0.072426591 -0.026649125 0.034988382
v -0.085028169 -0.026649125 0.035056158
v -0.072677645 -0.026649125 0.035133328
v -0.084751220 -0.026649125 0.035250080
v -0.072904290 -0.026649125 0.035314073
v -0.084512152 -0.026649125 0.035489148
v -0.073101467 -0.026649125 0.035526578
v -0.089381226 -0.026649125 0.035666940
v -0.068201773 -0.026649125 0.035666940
v -0.084318230 -0.026649125 0.035766097
v -0.073264769 -0.026649125 0.035766097
v -0.078936445 -0.026649125 0.036732692
v -0.078646554 -0.026649125 0.036732692
v -0.083743615 -0.026649125 0.036761359
v -0.073839384 -0.026649125 0.036761359
v -0.079223099 -0.026649125 0.036775898
v -0.078359900 -0.026649125 0.036775898
v -0.079500111 -0.026649125 0.036861346
v -0.078082888 -0.026649125 0.036861346
v -0.079761294 -0.026649125 0.036987124
v -0.077821704 -0.026649125 0.036987124
v -0.083549265 -0.026649125 0.037044142
v -0.074033734 -0.026649125 0.037044142
v -0.087561927 -0.026649125 0.037117783
v -0.070021072 -0.026649125 0.037117783
v -0.083313070 -0.026649125 0.037293039
v -0.074269929 -0.026649125 0.037293039
v -0.083040846 -0.026649125 0.037501923
v -0.074542152 -0.026649125 0.037501923
v -0.080756556 -0.026649125 0.037561739
v -0.076826442 -0.026649125 0.037561739
v -0.082739298 -0.026649125 0.037665650
v -0.074843700 -0.026649125 0.037665650
v -0.081066260 -0.026649125 0.037709461
v -0.076516739 -0.026649125 0.037709461
v -0.082415850 -0.026649125 0.037780189
v -0.075167149 -0.026649125 0.037780189
v -0.081395260 -0.026649125 0.037806914
v -0.076187739 -0.026649125 0.037806914
v -0.082078466 -0.026649125 0.037842720
v -0.075504533 -0.026649125 0.037842720
v -0.081735454 -0.026649125 0.037851702
v -0.075847545 -0.026649125 0.037851702
v -0.085546710 -0.026649125 0.038281268
v -0.072036289 -0.026649125 0.038281268
v -0.083380593 -0.026649125 0.039131406
v -0.074202405 -0.026649125 0.039131406
v -0.081111964 -0.026649125 0.039649206
v -0.076471035 -0.026649125 0.039649206
v -0.078791499 -0.026649125 0.039823101
v -0.084227530 -0.026623012 0.035713732
v -0.083652915 -0.026623012 0.036708993
v -0.078791499 -0.026614220 0.008554491
v -0.081131379 -0.026614220 0.008729841
v -0.076451620 -0.026614220 0.008729841
v -0.083418990 -0.026614220 0.009251973
v -0.074164009 -0.026614220 0.009251973
v -0.085603230 -0.026614220 0.010109225
v -0.071979769 -0.026614220 0.010109225
v -0.081742271 -0.026614220 0.010786243
v -0.075840727 -0.026614220 0.010786243
v -0.082064850 -0.026614220 0.010794689
v -0.075518149 -0.026614220 0.010794689
v -0.081422344 -0.026614220 0.010828362
v -0.076160655 -0.026614220 0.010828362
v -0.082382135 -0.026614220 0.010853495
v -0.075200864 -0.026614220 0.010853495
v -0.081112943 -0.026614220 0.010920010
v -0.076470056 -0.026614220 0.010920010
v -0.082686315 -0.026614220 0.010961210
v -0.074896684 -0.026614220 0.010961210
v -0.080821689 -0.026614220 0.011058932
v -0.076761310 -0.026614220 0.011058932
v -0.082969899 -0.026614220 0.011115184
v -0.074613100 -0.026614220 0.011115184
v -0.087635307 -0.026614220 0.011282445
v -0.069947692 -0.026614220 0.011282445
v -0.083225905 -0.026614220 0.011311626
v -0.074357094 -0.026614220 0.011311626
v -0.083448029 -0.026614220 0.011545695
v -0.074134970 -0.026614220 0.011545695
v -0.079826427 -0.026614220 0.011633546
v -0.077756572 -0.026614220 0.011633546
v -0.079547702 -0.026614220 0.011767773
v -0.078035296 -0.026614220 0.011767773
v -0.083630803 -0.026614220 0.011811630
v -0.073952196 -0.026614220 0.011811630
v -0.079252086 -0.026614220 0.011858958
v -0.078330913 -0.026614220 0.011858958
v -0.078946180 -0.026614220 0.011905067
v -0.078636819 -0.026614220 0.011905067
v -0.089469828 -0.026614220 0.012745427
v -0.068113171 -0.026614220 0.012745427
v -0.084205417 -0.026614220 0.012806893
v -0.073377582 -0.026614220 0.012806893
v -0.084379687 -0.026614220 0.013062499
v -0.073170636 -0.026614220 0.013102442
v -0.084590105 -0.026614220 0.013289276
v -0.072915512 -0.026614220 0.013357567
v -0.084831973 -0.026614220 0.013482161
v -0.072619962 -0.026614220 0.013564513
v -0.085099888 -0.026614220 0.013636841
v -0.072292967 -0.026614220 0.013716993
v -0.085387864 -0.026614220 0.013749862
v -0.071944461 -0.026614220 0.013810374
v -0.085689468 -0.026614220 0.013818702
v -0.087147194 -0.026614220 0.013841820
v -0.085997964 -0.026614220 0.013841820
v -0.071585035 -0.026614220 0.013841820
v -0.070435805 -0.026614220 0.013841820
v -0.087468888 -0.026614220 0.013867139
v -0.070114111 -0.026614220 0.013867139
v -0.087782661 -0.026614220 0.013942469
v -0.069800338 -0.026614220 0.013942469
v -0.088080786 -0.026614220 0.014065956
v -0.069502213 -0.026614220 0.014065956
v -0.088355923 -0.026614220 0.014234561
v -0.069227075 -0.026614220 0.014234561
v -0.088601298 -0.026614220 0.014444130
v -0.068981701 -0.026614220 0.014444130
v -0.091065814 -0.026614220 0.014465490
v -0.066517185 -0.026614220 0.014465490
v -0.088810867 -0.026614220 0.014689505
v -0.068772132 -0.026614220 0.014689505
v -0.088979472 -0.026614220 0.014964643
v -0.068603527 -0.026614220 0.014964643
v -0.089102959 -0.026614220 0.015262767
v -0.068480039 -0.026614220 0.015262767
v -0.089178289 -0.026614220 0.015576541
v -0.068404710 -0.026614220 0.015576541
v -0.089203608 -0.026614220 0.015898234
v -0.068379391 -0.026614220 0.015898234
v -0.092387611 -0.026614220 0.016404210
v -0.065195388 -0.026614220 0.016404210
v -0.089203608 -0.026614220 0.017047464
v -0.068379391 -0.026614220 0.017047464
v -0.068356273 -0.026614220 0.017355960
v -0.089235054 -0.026614220 0.017406890
v -0.068287433 -0.026614220 0.017657565
v -0.089328436 -0.026614220 0.017755396
v -0.068174411 -0.026614220 0.017945540
v -0.089480916 -0.026614220 0.018082392
v -0.068019731 -0.026614220 0.018213455
v -0.089687862 -0.026614220 0.018377941
v -0.067826847 -0.026614220 0.018455323
v -0.093405694 -0.026614220 0.018518280
v -0.064177305 -0.026614220 0.018518280
v -0.089942986 -0.026614220 0.018633065
v -0.067600069 -0.026614220 0.018665742
v -0.090238535 -0.026614220 0.018840011
v -0.067344464 -0.026614220 0.018840011
v -0.091233798 -0.026614220 0.019414626
v -0.066349201 -0.026614220 0.019414626
v -0.091499733 -0.026614220 0.019597399
v -0.066083266 -0.026614220 0.019597399
v -0.091733803 -0.026614220 0.019819523
v -0.065849196 -0.026614220 0.019819523
v -0.091930244 -0.026614220 0.020075529
v -0.065652755 -0.026614220 0.020075529
v -0.092084218 -0.026614220 0.020359114
v -0.065498781 -0.026614220 0.020359114
v -0.092191933 -0.026614220 0.020663293
v -0.065391066 -0.026614220 0.020663293
v -0.094097319 -0.026614220 0.020760476
v -0.063485680 -0.026614220 0.020760476
v -0.092250739 -0.026614220 0.020980579
v -0.065332260 -0.026614220 0.020980579
v -0.092259185 -0.026614220 0.021303157
v -0.065323813 -0.026614220 0.021303157
v -0.092217066 -0.026614220 0.021623085
v -0.065365933 -0.026614220 0.021623085
v -0.092125419 -0.026614220 0.021932485
v -0.065457580 -0.026614220 0.021932485
v -0.091986497 -0.026614220 0.022223739
v -0.065596502 -0.026614220 0.022223739
v -0.094447038 -0.026614220 0.023080708
v -0.063135961 -0.026614220 0.023080708
v -0.091411882 -0.026614220 0.023219001
v -0.066171116 -0.026614220 0.023219001
v -0.091277656 -0.026614220 0.023497726
v -0.066305343 -0.026614220 0.023497726
v -0.091186470 -0.026614220 0.023793343
v -0.066396529 -0.026614220 0.023793343
v -0.091140361 -0.026614220 0.024099248
v -0.066442638 -0.026614220 0.024099248
v -0.091140361 -0.026614220 0.024408609
v -0.066442638 -0.026614220 0.024408609
v -0.091186470 -0.026614220 0.024714515
v -0.066396529 -0.026614220 0.024714515
v -0.091277656 -0.026614220 0.025010132
v -0.066305343 -0.026614220 0.025010132
v -0.091411882 -0.026614220 0.025288856
v -0.066171116 -0.026614220 0.025288856
v -0.094447038 -0.026614220 0.025427149
v -0.063135961 -0.026614220 0.025427149
v -0.091986497 -0.026614220 0.026284119
v -0.065596502 -0.026614220 0.026284119
v -0.092125419 -0.026614220 0.026575372
v -0.065457580 -0.026614220 0.026575372
v -0.092217066 -0.026614220 0.026884773
v -0.065365933 -0.026614220 0.026884773
v -0.092259185 -0.026614220 0.027204701
v -0.065323813 -0.026614220 0.027204701
v -0.092250739 -0.026614220 0.027527279
v -0.065332260 -0.026614220 0.027527279
v -0.094097319 -0.026614220 0.027747382
v -0.063485680 -0.026614220 0.027747382
v -0.092191933 -0.026614220 0.027844564
v -0.065391066 -0.026614220 0.027844564
v -0.092084218 -0.026614220 0.028148744
v -0.065498781 -0.026614220 0.028148744
v -0.091930244 -0.026614220 0.028432329
v -0.065652755 -0.026614220 0.028432329
v -0.091733803 -0.026614220 0.028688335
v -0.065849196 -0.026614220 0.028688335
v -0.091499733 -0.026614220 0.028910459
v -0.066083266 -0.026614220 0.028910459
v -0.091233798 -0.026614220 0.029093232
v -0.066349201 -0.026614220 0.029093232
v -0.090238535 -0.026614220 0.029667847
v -0.067344464 -0.026614220 0.029667847
v -0.089982930 -0.026614220 0.029842116
v -0.067600069 -0.026614220 0.029842116
v -0.093405694 -0.026614220 0.029989577
v -0.064177305 -0.026614220 0.029989577
v -0.089756152 -0.026614220 0.030052535
v -0.067826847 -0.026614220 0.030052535
v -0.089563267 -0.026614220 0.030294403
v -0.068019731 -0.026614220 0.030294403
v -0.089408588 -0.026614220 0.030562317
v -0.068174411 -0.026614220 0.030562317
v -0.089295566 -0.026614220 0.030850293
v -0.068287433 -0.026614220 0.030850293
v -0.089226726 -0.026614220 0.031151898
v -0.068356273 -0.026614220 0.031151898
v -0.089203608 -0.026614220 0.031460394
v -0.068379391 -0.026614220 0.031460394
v -0.092387611 -0.026614220 0.032103648
v -0.065195388 -0.026614220 0.032103648
v -0.089203608 -0.026614220 0.032609623
v -0.068379391 -0.026614220 0.032609623
v -0.089178289 -0.026614220 0.032931317
v -0.068404710 -0.026614220 0.032931317
v -0.089102959 -0.026614220 0.033245090
v -0.068480039 -0.026614220 0.033245090
v -0.088979472 -0.026614220 0.033543215
v -0.068603527 -0.026614220 0.033543215
v -0.088810867 -0.026614220 0.033818353
v -0.068772132 -0.026614220 0.033818353
v -0.091065814 -0.026614220 0.034042368
v -0.066517185 -0.026614220 0.034042368
v -0.088601298 -0.026614220 0.034063727
v -0.068981701 -0.026614220 0.034063727
v -0.088355923 -0.026614220 0.034273297
v -0.069227075 -0.026614220 0.034273297
v -0.088080786 -0.026614220 0.034441901
v -0.069502213 -0.026614220 0.034441901
v -0.087782661 -0.026614220 0.034565389
v -0.069800338 -0.026614220 0.034565389
v -0.087468888 -0.026614220 0.034640719
v -0.070114111 -0.026614220 0.034640719
v -0.087147194 -0.026614220 0.034666037
v -0.085997964 -0.026614220 0.034666037
v -0.071585035 -0.026614220 0.034666037
v -0.070435805 -0.026614220 0.034666037
v -0.071893530 -0.026614220 0.034689155
v -0.085638538 -0.026614220 0.034697484
v -0.072195135 -0.026614220 0.034757996
v -0.085290032 -0.026614220 0.034790865
v -0.072483111 -0.026614220 0.034871017
v -0.084963037 -0.026614220 0.034943345
v -0.072751026 -0.026614220 0.035025697
v -0.084667487 -0.026614220 0.035150291
v -0.072992893 -0.026614220 0.035218581
v -0.084412363 -0.026614220 0.035405415
v -0.073203312 -0.026614220 0.035445359
v -0.084205417 -0.026614220 0.035700964
v -0.073377582 -0.026614220 0.035700964
v -0.089469828 -0.026614220 0.035762431
v -0.068113171 -0.026614220 0.035762431
v -0.078946180 -0.026614220 0.036602791
v -0.078636819 -0.026614220 0.036602791
v -0.079252086 -0.026614220 0.036648900
v -0.078330913 -0.026614220 0.036648900
v -0.083630803 -0.026614220 0.036696227
v -0.073952196 -0.026614220 0.036696227
v -0.079547702 -0.026614220 0.036740085
v -0.078035296 -0.026614220 0.036740085
v -0.079826427 -0.026614220 0.036874312
v -0.077756572 -0.026614220 0.036874312
v -0.083448029 -0.026614220 0.036962163
v -0.074134970 -0.026614220 0.036962163
v -0.083225905 -0.026614220 0.037196232
v -0.074357094 -0.026614220 0.037196232
v -0.087635307 -0.026614220 0.037225413
v -0.069947692 -0.026614220 0.037225413
v -0.082969899 -0.026614220 0.037392673
v -0.074613100 -0.026614220 0.037392673
v -0.080821689 -0.026614220 0.037448926
v -0.076761310 -0.026614220 0.037448926
v -0.082686315 -0.026614220 0.037546647
v -0.074896684 -0.026614220 0.037546647
v -0.081112943 -0.026614220 0.037587848
v -0.076470056 -0.026614220 0.037587848
v -0.082382135 -0.026614220 0.037654363
v -0.075200864 -0.026614220 0.037654363
v -0.081422344 -0.026614220 0.037679495
v -0.076160655 -0.026614220 0.037679495
v -0.082064850 -0.026614220 0.037713169
v -0.075518149 -0.026614220 0.037713169
v -0.081742271 -0.026614220 0.037721615
v -0.075840727 -0.026614220 0.037721615
v -0.085603230 -0.026614220 0.038398633
v -0.071979769 -0.026614220 0.038398633
v -0.083418990 -0.026614220 0.039255884
v -0.074164009 -0.026614220 0.039255884
v -0.081131379 -0.026614220 0.039778016
v -0.076451620 -0.026614220 0.039778016
v -0.078791499 -0.026614220 0.039953366
v -0.084130394 -0.026576553 0.035657650
v -0.083555780 -0.026576553 0.036652912
v -0.078791499 -0.026557226 0.008432268
v -0.081149596 -0.026557226 0.008608981
v -0.076433403 -0.026557226 0.008608981
v -0.083455016 -0.026557226 0.009135179
v -0.074127982 -0.026557226 0.009135179
v -0.085656261 -0.026557226 0.009999104
v -0.071926738 -0.026557226 0.009999104
v -0.081748668 -0.026557226 0.010908299
v -0.075834330 -0.026557226 0.010908299
v -0.082052074 -0.026557226 0.010916245
v -0.075530925 -0.026557226 0.010916245
v -0.081447755 -0.026557226 0.010947917
v -0.076135243 -0.026557226 0.010947917
v -0.082350501 -0.026557226 0.010971556
v -0.075232498 -0.026557226 0.010971556
v -0.081156745 -0.026557226 0.011034117
v -0.076426254 -0.026557226 0.011034117
v -0.082636601 -0.026557226 0.011072868
v -0.074946398 -0.026557226 0.011072868
v -0.080882802 -0.026557226 0.011164781
v -0.076700197 -0.026557226 0.011164781
v -0.087704159 -0.026557226 0.011181458
v -0.069878840 -0.026557226 0.011181458
v -0.082903330 -0.026557226 0.011217691
v -0.074679669 -0.026557226 0.011217691
v -0.083144120 -0.026557226 0.011402456
v -0.074438878 -0.026557226 0.011402456
v -0.083353043 -0.026557226 0.011622613
v -0.074229956 -0.026557226 0.011622613
v -0.079887540 -0.026557226 0.011739396
v -0.077695459 -0.026557226 0.011739396
v -0.083524952 -0.026557226 0.011872744
v -0.074058046 -0.026557226 0.011872744
v -0.079592356 -0.026557226 0.011881548
v -0.077990643 -0.026557226 0.011881548
v -0.079279283 -0.026557226 0.011978119
v -0.078303716 -0.026557226 0.011978119
v -0.078955314 -0.026557226 0.012026950
v -0.078627685 -0.026557226 0.012026950
v -0.089552963 -0.026557226 0.012655830
v -0.068030036 -0.026557226 0.012655830
v -0.084099567 -0.026557226 0.012868006
v -0.073483432 -0.026557226 0.012868006
v -0.084284127 -0.026557226 0.013138705
v -0.073264265 -0.026557226 0.013181007
v -0.084506971 -0.026557226 0.013378875
v -0.072994076 -0.026557226 0.013451196
v -0.084763121 -0.026557226 0.013583147
v -0.072681075 -0.026557226 0.013670363
v -0.085046856 -0.026557226 0.013746961
v -0.072334770 -0.026557226 0.013831847
v -0.085351837 -0.026557226 0.013866658
v -0.071965685 -0.026557226 0.013930743
v -0.085671252 -0.026557226 0.013939562
v -0.087147194 -0.026557226 0.013964046
v -0.085997964 -0.026557226 0.013964046
v -0.071585035 -0.026557226 0.013964046
v -0.070435805 -0.026557226 0.013964046
v -0.087449768 -0.026557226 0.013987858
v -0.070133231 -0.026557226 0.013987858
v -0.087744891 -0.026557226 0.014058712
v -0.069838108 -0.026557226 0.014058712
v -0.088025297 -0.026557226 0.014174860
v -0.069557702 -0.026557226 0.014174860
v -0.088284081 -0.026557226 0.014333444
v -0.069298917 -0.026557226 0.014333444
v -0.091161373 -0.026557226 0.014389284
v -0.066421626 -0.026557226 0.014389284
v -0.088514872 -0.026557226 0.014530557
v -0.069068127 -0.026557226 0.014530557
v -0.088711985 -0.026557226 0.014761347
v -0.068871014 -0.026557226 0.014761347
v -0.088870569 -0.026557226 0.015020131
v -0.068712430 -0.026557226 0.015020131
v -0.088986717 -0.026557226 0.015300537
v -0.068596282 -0.026557226 0.015300537
v -0.089057570 -0.026557226 0.015595660
v -0.068525429 -0.026557226 0.015595660
v -0.089081382 -0.026557226 0.015898234
v -0.068501617 -0.026557226 0.015898234
v -0.092493460 -0.026557226 0.016343098
v -0.065089538 -0.026557226 0.016343098
v -0.089081382 -0.026557226 0.017047464
v -0.068501617 -0.026557226 0.017047464
v -0.068477133 -0.026557226 0.017374177
v -0.089114685 -0.026557226 0.017428115
v -0.068404228 -0.026557226 0.017693591
v -0.089213581 -0.026557226 0.017797200
v -0.068284532 -0.026557226 0.017998572
v -0.089375065 -0.026557226 0.018143504
v -0.068120718 -0.026557226 0.018282307
v -0.089594232 -0.026557226 0.018456506
v -0.093519469 -0.026557226 0.018473627
v -0.064063529 -0.026557226 0.018473627
v -0.067916445 -0.026557226 0.018538457
v -0.089864421 -0.026557226 0.018726695
v -0.067676275 -0.026557226 0.018761301
v -0.090177423 -0.026557226 0.018945861
v -0.067405576 -0.026557226 0.018945861
v -0.091172685 -0.026557226 0.019520476
v -0.066410314 -0.026557226 0.019520476
v -0.091422815 -0.026557226 0.019692386
v -0.066160184 -0.026557226 0.019692386
v -0.091642973 -0.026557226 0.019901308
v -0.065940026 -0.026557226 0.019901308
v -0.091827737 -0.026557226 0.020142098
v -0.065755262 -0.026557226 0.020142098
v -0.091972560 -0.026557226 0.020408827
v -0.065610439 -0.026557226 0.020408827
v -0.092073873 -0.026557226 0.020694927
v -0.065509126 -0.026557226 0.020694927
v -0.094216480 -0.026557226 0.020733278
v -0.063366519 -0.026557226 0.020733278
v -0.092129183 -0.026557226 0.020993355
v -0.065453816 -0.026557226 0.020993355
v -0.092137129 -0.026557226 0.021296760
v -0.065445870 -0.026557226 0.021296760
v -0.092097512 -0.026557226 0.021597673
v -0.065485487 -0.026557226 0.021597673
v -0.092011311 -0.026557226 0.021888684
v -0.065571688 -0.026557226 0.021888684
v -0.091880647 -0.026557226 0.022162627
v -0.065702352 -0.026557226 0.022162627
v -0.094568921 -0.026557226 0.023071575
v -0.063014078 -0.026557226 0.023071575
v -0.091306032 -0.026557226 0.023157889
v -0.066276967 -0.026557226 0.023157889
v -0.091163880 -0.026557226 0.023453072
v -0.066419119 -0.026557226 0.023453072
v -0.091067309 -0.026557226 0.023766145
v -0.066515690 -0.026557226 0.023766145
v -0.091018478 -0.026557226 0.024090115
v -0.066564521 -0.026557226 0.024090115
v -0.091018478 -0.026557226 0.024417743
v -0.066564521 -0.026557226 0.024417743
v -0.091067309 -0.026557226 0.024741713
v -0.066515690 -0.026557226 0.024741713
v -0.091163880 -0.026557226 0.025054786
v -0.066419119 -0.026557226 0.025054786
v -0.091306032 -0.026557226 0.025349969
v -0.066276967 -0.026557226 0.025349969
v -0.094568921 -0.026557226 0.025436283
v -0.063014078 -0.026557226 0.025436283
v -0.091880647 -0.026557226 0.026345231
v -0.065702352 -0.026557226 0.026345231
v -0.092011311 -0.026557226 0.026619174
v -0.065571688 -0.026557226 0.026619174
v -0.092097512 -0.026557226 0.026910185
v -0.065485487 -0.026557226 0.026910185
v -0.092137129 -0.026557226 0.027211098
v -0.065445870 -0.026557226 0.027211098
v -0.092129183 -0.026557226 0.027514503
v -0.065453816 -0.026557226 0.027514503
v -0.094216480 -0.026557226 0.027774580
v -0.063366519 -0.026557226 0.027774580
v -0.092073873 -0.026557226 0.027812930
v -0.065509126 -0.026557226 0.027812930
v -0.091972560 -0.026557226 0.028099030
v -0.065610439 -0.026557226 0.028099030
v -0.091827737 -0.026557226 0.028365760
v -0.065755262 -0.026557226 0.028365760
v -0.091642973 -0.026557226 0.028606550
v -0.065940026 -0.026557226 0.028606550
v -0.091422815 -0.026557226 0.028815472
v -0.066160184 -0.026557226 0.028815472
v -0.091172685 -0.026557226 0.028987382
v -0.066410314 -0.026557226 0.028987382
v -0.090177423 -0.026557226 0.029561997
v -0.067405576 -0.026557226 0.029561997
v -0.089906724 -0.026557226 0.029746556
v -0.067676275 -0.026557226 0.029746556
v -0.089666554 -0.026557226 0.029969401
v -0.067916445 -0.026557226 0.029969401
v -0.093519469 -0.026557226 0.030034231
v -0.064063529 -0.026557226 0.030034231
v -0.089462281 -0.026557226 0.030225551
v -0.068120718 -0.026557226 0.030225551
v -0.089298467 -0.026557226 0.030509286
v -0.068284532 -0.026557226 0.030509286
v -0.089178770 -0.026557226 0.030814267
v -0.068404228 -0.026557226 0.030814267
v -0.089105866 -0.026557226 0.031133681
v -0.068477133 -0.026557226 0.031133681
v -0.089081382 -0.026557226 0.031460394
v -0.068501617 -0.026557226 0.031460394
v -0.092493460 -0.026557226 0.032164760
v -0.065089538 -0.026557226 0.032164760
v -0.089081382 -0.026557226 0.032609623
v -0.068501617 -0.026557226 0.032609623
v -0.089057570 -0.026557226 0.032912197
v -0.068525429 -0.026557226 0.032912197
v -0.088986717 -0.026557226 0.033207321
v -0.068596282 -0.026557226 0.033207321
v -0.088870569 -0.026557226 0.033487727
v -0.068712430 -0.026557226 0.033487727
v -0.088711985 -0.026557226 0.033746511
v -0.068871014 -0.026557226 0.033746511
v -0.088514872 -0.026557226 0.033977301
v -0.069068127 -0.026557226 0.033977301
v -0.091161373 -0.026557226 0.034118574
v -0.066421626 -0.026557226 0.034118574
v -0.088284081 -0.026557226 0.034174414
v -0.069298917 -0.026557226 0.034174414
v -0.088025297 -0.026557226 0.034332998
v -0.069557702 -0.026557226 0.034332998
v -0.087744891 -0.026557226 0.034449146
v -0.069838108 -0.026557226 0.034449146
v -0.087449768 -0.026557226 0.034520000
v -0.070133231 -0.026557226 0.034520000
v -0.087147194 -0.026557226 0.034543812
v -0.085997964 -0.026557226 0.034543812
v -0.071585035 -0.026557226 0.034543812
v -0.070435805 -0.026557226 0.034543812
v -0.071911747 -0.026557226 0.034568296
v -0.085617314 -0.026557226 0.034577115
v -0.072231162 -0.026557226 0.034641200
v -0.085248228 -0.026557226 0.034676011
v -0.072536143 -0.026557226 0.034760897
v -0.084901924 -0.026557226 0.034837495
v -0.072819878 -0.026557226 0.034924710
v -0.084588923 -0.026557226 0.035056662
v -0.073076028 -0.026557226 0.035128983
v -0.084318733 -0.026557226 0.035326850
v -0.073298872 -0.026557226 0.035369153
v -0.084099567 -0.026557226 0.035639852
v -0.073483432 -0.026557226 0.035639852
v -0.089552963 -0.026557226 0.035852028
v -0.068030036 -0.026557226 0.035852028
v -0.078955314 -0.026557226 0.036480908
v -0.078627685 -0.026557226 0.036480908
v -0.079279283 -0.026557226 0.036529738
v -0.078303716 -0.026557226 0.036529738
v -0.079592356 -0.026557226 0.036626309
v -0.077990643 -0.026557226 0.036626309
v -0.083524952 -0.026557226 0.036635114
v -0.074058046 -0.026557226 0.036635114
v -0.079887540 -0.026557226 0.036768462
v -0.077695459 -0.026557226 0.036768462
v -0.083353043 -0.026557226 0.036885245
v -0.074229956 -0.026557226 0.036885245
v -0.083144120 -0.026557226 0.037105402
v -0.074438878 -0.026557226 0.037105402
v -0.082903330 -0.026557226 0.037290167
v -0.074679669 -0.026557226 0.037290167
v -0.087704159 -0.026557226 0.037326400
v -0.069878840 -0.026557226 0.037326400
v -0.080882802 -0.026557226 0.037343077
v -0.076700197 -0.026557226 0.037343077
v -0.082636601 -0.026557226 0.037434989
v -0.074946398 -0.026557226 0.037434989
v -0.081156745 -0.026557226 0.037473740
v -0.076426254 -0.026557226 0.037473740
v -0.082350501 -0.026557226 0.037536302
v -0.075232498 -0.026557226 0.037536302
v -0.081447755 -0.026557226 0.037559941
v -0.076135243 -0.026557226 0.037559941
v -0.082052074 -0.026557226 0.037591613
v -0.075530925 -0.026557226 0.037591613
v -0.081748668 -0.026557226 0.037599559
v -0.075834330 -0.026557226 0.037599559
v -0.085656261 -0.026557226 0.038508753
v -0.071926738 -0.026557226 0.038508753
v -0.083455016 -0.026557226 0.039372679
v -0.074127982 -0.026557226 0.039372679
v -0.081149596 -0.026557226 0.039898877
v -0.076433403 -0.026557226 0.039898877
v -0.078791499 -0.026557226 0.040075590
v -0.084040749 -0.026513120 0.035605894
v -0.083466134 -0.026513120 0.036601155
v -0.078791499 -0.026479873 0.008321795
v -0.081166061 -0.026479873 0.008499745
v -0.076416938 -0.026479873 0.008499745
v -0.083487578 -0.026479873 0.009029616
v -0.074095420 -0.026479873 0.009029616
v -0.085704193 -0.026479873 0.009899573
v -0.071878806 -0.026479873 0.009899573
v -0.081754450 -0.026479873 0.011018620
v -0.075828549 -0.026479873 0.011018620
v -0.082040526 -0.026479873 0.011026111
v -0.075542473 -0.026479873 0.011026111
v -0.081470724 -0.026479873 0.011055973
v -0.076112275 -0.026479873 0.011055973
v -0.082321909 -0.026479873 0.011078263
v -0.075261090 -0.026479873 0.011078263
v -0.087766390 -0.026479873 0.011090182
v -0.069816609 -0.026479873 0.011090182
v -0.081196334 -0.026479873 0.011137252
v -0.076386665 -0.026479873 0.011137252
v -0.082591668 -0.026479873 0.011173789
v -0.074991330 -0.026479873 0.011173789
v -0.080938037 -0.026479873 0.011260453
v -0.076644962 -0.026479873 0.011260453
v -0.082843164 -0.026479873 0.011310340
v -0.074739835 -0.026479873 0.011310340
v -0.083070201 -0.026479873 0.011484552
v -0.074512798 -0.026479873 0.011484552
v -0.083267191 -0.026479873 0.011692135
v -0.074315808 -0.026479873 0.011692135
v -0.079942775 -0.026479873 0.011835068
v -0.077640224 -0.026479873 0.011835068
v -0.083429281 -0.026479873 0.011927980
v -0.074153718 -0.026479873 0.011927980
v -0.079632716 -0.026479873 0.011984384
v -0.077950283 -0.026479873 0.011984384
v -0.079303865 -0.026479873 0.012085821
v -0.078279133 -0.026479873 0.012085821
v -0.078963569 -0.026479873 0.012137112
v -0.078619430 -0.026479873 0.012137112
v -0.089628102 -0.026479873 0.012574848
v -0.067954897 -0.026479873 0.012574848
v -0.084003896 -0.026479873 0.012923242
v -0.073579102 -0.026479873 0.012923242
v -0.084197757 -0.026479873 0.013207583
v -0.073348892 -0.026479873 0.013252018
v -0.084431832 -0.026479873 0.013459854
v -0.073065086 -0.026479873 0.013535822
v -0.084700891 -0.026479873 0.013674423
v -0.072736310 -0.026479873 0.013766033
v -0.084998925 -0.026479873 0.013846492
v -0.072372554 -0.026479873 0.013935656
v -0.085319275 -0.026479873 0.013972221
v -0.071984868 -0.026479873 0.014039536
v -0.085654787 -0.026479873 0.014048799
v -0.087147194 -0.026479873 0.014074517
v -0.085997964 -0.026479873 0.014074517
v -0.071585035 -0.026479873 0.014074517
v -0.070435805 -0.026479873 0.014074517
v -0.087432486 -0.026479873 0.014096971
v -0.070150513 -0.026479873 0.014096971
v -0.087710754 -0.026479873 0.014163777
v -0.069872245 -0.026479873 0.014163777
v -0.087975145 -0.026479873 0.014273291
v -0.069607854 -0.026479873 0.014273291
v -0.091247743 -0.026479873 0.014320407
v -0.066335256 -0.026479873 0.014320407
v -0.088219148 -0.026479873 0.014422816
v -0.069363851 -0.026479873 0.014422816
v -0.088436757 -0.026479873 0.014608671
v -0.069146242 -0.026479873 0.014608671
v -0.088622613 -0.026479873 0.014826280
v -0.068960386 -0.026479873 0.014826280
v -0.088772138 -0.026479873 0.015070284
v -0.068810861 -0.026479873 0.015070284
v -0.088881652 -0.026479873 0.015334674
v -0.068701347 -0.026479873 0.015334674
v -0.088948458 -0.026479873 0.015612942
v -0.068634541 -0.026479873 0.015612942
v -0.088970911 -0.026479873 0.015898234
v -0.068612088 -0.026479873 0.015898234
v -0.092589132 -0.026479873 0.016287862
v -0.064993867 -0.026479873 0.016287862
v -0.088970911 -0.026479873 0.017047464
v -0.068612088 -0.026479873 0.017047464
v -0.068586370 -0.026479873 0.017390641
v -0.089005893 -0.026479873 0.017447298
v -0.068509792 -0.026479873 0.017726153
v -0.089109772 -0.026479873 0.017834983
v -0.068384063 -0.026479873 0.018046504
v -0.089279395 -0.026479873 0.018198740
v -0.068211993 -0.026479873 0.018344537
v -0.093622304 -0.026479873 0.018433267
v -0.063960694 -0.026479873 0.018433267
v -0.089509606 -0.026479873 0.018527515
v -0.067997425 -0.026479873 0.018613597
v -0.089793411 -0.026479873 0.018811321
v -0.067745153 -0.026479873 0.018847672
v -0.090122187 -0.026479873 0.019041532
v -0.067460812 -0.026479873 0.019041532
v -0.091117449 -0.026479873 0.019616147
v -0.066465550 -0.026479873 0.019616147
v -0.091353293 -0.026479873 0.019778238
v -0.066229706 -0.026479873 0.019778238
v -0.091560877 -0.026479873 0.019975227
v -0.066022122 -0.026479873 0.019975227
v -0.091735089 -0.026479873 0.020202265
v -0.065847910 -0.026479873 0.020202265
v -0.091871639 -0.026479873 0.020453760
v -0.065711359 -0.026479873 0.020453760
v -0.094324181 -0.026479873 0.020708695
v -0.063258818 -0.026479873 0.020708695
v -0.091967166 -0.026479873 0.020723520
v -0.065615833 -0.026479873 0.020723520
v -0.092019318 -0.026479873 0.021004902
v -0.065563681 -0.026479873 0.021004902
v -0.092026808 -0.026479873 0.021290978
v -0.065556191 -0.026479873 0.021290978
v -0.091989456 -0.026479873 0.021574705
v -0.065593543 -0.026479873 0.021574705
v -0.091908177 -0.026479873 0.021849094
v -0.065674822 -0.026479873 0.021849094
v -0.091784976 -0.026479873 0.022107391
v -0.065798023 -0.026479873 0.022107391
v -0.094679084 -0.026479873 0.023063319
v -0.062903915 -0.026479873 0.023063319
v -0.091210361 -0.026479873 0.023102653
v -0.066372638 -0.026479873 0.023102653
v -0.091061044 -0.026479873 0.023412712
v -0.066521955 -0.026479873 0.023412712
v -0.090959607 -0.026479873 0.023741563
v -0.066623392 -0.026479873 0.023741563
v -0.090908316 -0.026479873 0.024081859
v -0.066674683 -0.026479873 0.024081859
v -0.090908316 -0.026479873 0.024425999
v -0.066674683 -0.026479873 0.024425999
v -0.090959607 -0.026479873 0.024766295
v -0.066623392 -0.026479873 0.024766295
v -0.091061044 -0.026479873 0.025095145
v -0.066521955 -0.026479873 0.025095145
v -0.091210361 -0.026479873 0.025405205
v -0.066372638 -0.026479873 0.025405205
v -0.094679084 -0.026479873 0.025444539
v -0.062903915 -0.026479873 0.025444539
v -0.091784976 -0.026479873 0.026400467
v -0.065798023 -0.026479873 0.026400467
v -0.091908177 -0.026479873 0.026658764
v -0.065674822 -0.026479873 0.026658764
v -0.091989456 -0.026479873 0.026933153
v -0.065593543 -0.026479873 0.026933153
v -0.092026808 -0.026479873 0.027216880
v -0.065556191 -0.026479873 0.027216880
v -0.092019318 -0.026479873 0.027502956
v -0.065563681 -0.026479873 0.027502956
v -0.091967166 -0.026479873 0.027784338
v -0.065615833 -0.026479873 0.027784338
v -0.094324181 -0.026479873 0.027799162
v -0.063258818 -0.026479873 0.027799162
v -0.091871639 -0.026479873 0.028054098
v -0.065711359 -0.026479873 0.028054098
v -0.091735089 -0.026479873 0.028305593
v -0.065847910 -0.026479873 0.028305593
v -0.091560877 -0.026479873 0.028532630
v -0.066022122 -0.026479873 0.028532630
v -0.091353293 -0.026479873 0.028729620
v -0.066229706 -0.026479873 0.028729620
v -0.091117449 -0.026479873 0.028891711
v -0.066465550 -0.026479873 0.028891711
v -0.090122187 -0.026479873 0.029466326
v -0.067460812 -0.026479873 0.029466326
v -0.089837845 -0.026479873 0.029660186
v -0.067745153 -0.026479873 0.029660186
v -0.089585574 -0.026479873 0.029894261
v -0.067997425 -0.026479873 0.029894261
v -0.093622304 -0.026479873 0.030074591
v -0.063960694 -0.026479873 0.030074591
v -0.089371005 -0.026479873 0.030163320
v -0.068211993 -0.026479873 0.030163320
v -0.089198936 -0.026479873 0.030461354
v -0.068384063 -0.026479873 0.030461354
v -0.089073207 -0.026479873 0.030781705
v -0.068509792 -0.026479873 0.030781705
v -0.088996629 -0.026479873 0.031117216
v -0.068586370 -0.026479873 0.031117216
v -0.088970911 -0.026479873 0.031460394
v -0.068612088 -0.026479873 0.031460394
v -0.092589132 -0.026479873 0.032219996
v -0.064993867 -0.026479873 0.032219996
v -0.088970911 -0.026479873 0.032609623
v -0.068612088 -0.026479873 0.032609623
v -0.088948458 -0.026479873 0.032894915
v -0.068634541 -0.026479873 0.032894915
v -0.088881652 -0.026479873 0.033173184
v -0.068701347 -0.026479873 0.033173184
v -0.088772138 -0.026479873 0.033437574
v -0.068810861 -0.026479873 0.033437574
v -0.088622613 -0.026479873 0.033681578
v -0.068960386 -0.026479873 0.033681578
v -0.088436757 -0.026479873 0.033899186
v -0.069146242 -0.026479873 0.033899186
v -0.088219148 -0.026479873 0.034085042
v -0.069363851 -0.026479873 0.034085042
v -0.091247743 -0.026479873 0.034187451
v -0.066335256 -0.026479873 0.034187451
v -0.087975145 -0.026479873 0.034234567
v -0.069607854 -0.026479873 0.034234567
v -0.087710754 -0.026479873 0.034344081
v -0.069872245 -0.026479873 0.034344081
v -0.087432486 -0.026479873 0.034410887
v -0.070150513 -0.026479873 0.034410887
v -0.087147194 -0.026479873 0.034433341
v -0.085997964 -0.026479873 0.034433341
v -0.071585035 -0.026479873 0.034433341
v -0.070435805 -0.026479873 0.034433341
v -0.071928212 -0.026479873 0.034459058
v -0.085598130 -0.026479873 0.034468322
v -0.072263724 -0.026479873 0.034535636
v -0.085210445 -0.026479873 0.034572202
v -0.072584074 -0.026479873 0.034661365
v -0.084846689 -0.026479873 0.034741824
v -0.072882108 -0.026479873 0.034833435
v -0.084517913 -0.026479873 0.034972035
v -0.073151167 -0.026479873 0.035048003
v -0.084234107 -0.026479873 0.035255840
v -0.073385242 -0.026479873 0.035300275
v -0.084003896 -0.026479873 0.035584616
v -0.073579102 -0.026479873 0.035584616
v -0.089628102 -0.026479873 0.035933009
v -0.067954897 -0.026479873 0.035933009
v -0.078963569 -0.026479873 0.036370746
v -0.078619430 -0.026479873 0.036370746
v -0.079303865 -0.026479873 0.036422037
v -0.078279133 -0.026479873 0.036422037
v -0.079632716 -0.026479873 0.036523474
v -0.077950283 -0.026479873 0.036523474
v -0.083429281 -0.026479873 0.036579878
v -0.074153718 -0.026479873 0.036579878
v -0.079942775 -0.026479873 0.036672790
v -0.077640224 -0.026479873 0.036672790
v -0.083267191 -0.026479873 0.036815723
v -0.074315808 -0.026479873 0.036815723
v -0.083070201 -0.026479873 0.037023306
v -0.074512798 -0.026479873 0.037023306
v -0.082843164 -0.026479873 0.037197518
v -0.074739835 -0.026479873 0.037197518
v -0.080938037 -0.026479873 0.037247405
v -0.076644962 -0.026479873 0.037247405
v -0.082591668 -0.026479873 0.037334069
v -0.074991330 -0.026479873 0.037334069
v -0.081196334 -0.026479873 0.037370606
v -0.076386665 -0.026479873 0.037370606
v -0.087766390 -0.026479873 0.037417676
v -0.069816609 -0.026479873 0.037417676
v -0.082321909 -0.026479873 0.037429595
v -0.075261090 -0.026479873 0.037429595
v -0.081470724 -0.026479873 0.037451885
v -0.076112275 -0.026479873 0.037451885
v -0.082040526 -0.026479873 0.037481747
v -0.075542473 -0.026479873 0.037481747
v -0.081754450 -0.026479873 0.037489238
v -0.075828549 -0.026479873 0.037489238
v -0.085704193 -0.026479873 0.038608285
v -0.071878806 -0.026479873 0.038608285
v -0.083487578 -0.026479873 0.039478242
v -0.074095420 -0.026479873 0.039478242
v -0.081166061 -0.026479873 0.040008113
v -0.076416938 -0.026479873 0.040008113
v -0.078791499 -0.026479873 0.040186063
v -0.083960801 -0.026434274 0.035559736
v -0.083386186 -0.026434274 0.036554997
v -0.078791499 -0.026384512 0.008226435
v -0.081180274 -0.026384512 0.008405448
v -0.076402725 -0.026384512 0.008405448
v -0.083515686 -0.026384512 0.008938491
v -0.074067312 -0.026384512 0.008938491
v -0.085745569 -0.026384512 0.009813655
v -0.071837430 -0.026384512 0.009813655
v -0.087820109 -0.026384512 0.011011392
v -0.069762890 -0.026384512 0.011011392
v -0.081759441 -0.026384512 0.011113850
v -0.075823558 -0.026384512 0.011113850
v -0.082030558 -0.026384512 0.011120950
v -0.075552441 -0.026384512 0.011120950
v -0.081490550 -0.026384512 0.011149250
v -0.076092449 -0.026384512 0.011149250
v -0.082297227 -0.026384512 0.011170374
v -0.075285771 -0.026384512 0.011170374
v -0.081230508 -0.026384512 0.011226278
v -0.076352491 -0.026384512 0.011226278
v -0.082552882 -0.026384512 0.011260906
v -0.075030117 -0.026384512 0.011260906
v -0.080985718 -0.026384512 0.011343038
v -0.076597281 -0.026384512 0.011343038
v -0.082791226 -0.026384512 0.011390316
v -0.074791772 -0.026384512 0.011390316
v -0.083006392 -0.026384512 0.011555419
v -0.074576607 -0.026384512 0.011555419
v -0.083193081 -0.026384512 0.011752148
v -0.074389918 -0.026384512 0.011752148
v -0.079990456 -0.026384512 0.011917653
v -0.077592543 -0.026384512 0.011917653
v -0.083346696 -0.026384512 0.011975660
v -0.074236303 -0.026384512 0.011975660
v -0.079667555 -0.026384512 0.012073153
v -0.077915444 -0.026384512 0.012073153
v -0.079325085 -0.026384512 0.012178791
v -0.078257914 -0.026384512 0.012178791
v -0.078970696 -0.026384512 0.012232207
v -0.078612303 -0.026384512 0.012232207
v -0.089692965 -0.026384512 0.012504944
v -0.067890034 -0.026384512 0.012504944
v -0.083921311 -0.026384512 0.012970921
v -0.073661688 -0.026384512 0.012970921
v -0.084123201 -0.026384512 0.013267040
v -0.073421942 -0.026384512 0.013313314
v -0.084366970 -0.026384512 0.013529760
v -0.073126383 -0.026384512 0.013608873
v -0.084647172 -0.026384512 0.013753213
v -0.072783991 -0.026384512 0.013848619
v -0.084957549 -0.026384512 0.013932410
v -0.072405169 -0.026384512 0.014025266
v -0.085291167 -0.026384512 0.014063345
v -0.072001428 -0.026384512 0.014133449
v -0.085640574 -0.026384512 0.014143096
v -0.087147194 -0.026384512 0.014169878
v -0.085997964 -0.026384512 0.014169878
v -0.071585035 -0.026384512 0.014169878
v -0.070435805 -0.026384512 0.014169878
v -0.087417569 -0.026384512 0.014191157
v -0.070165430 -0.026384512 0.014191157
v -0.087681285 -0.026384512 0.014254469
v -0.069901714 -0.026384512 0.014254469
v -0.091322299 -0.026384512 0.014260949
v -0.066260699 -0.026384512 0.014260949
v -0.087931852 -0.026384512 0.014358258
v -0.069651147 -0.026384512 0.014358258
v -0.088163096 -0.026384512 0.014499965
v -0.069419903 -0.026384512 0.014499965
v -0.088369326 -0.026384512 0.014676102
v -0.069213672 -0.026384512 0.014676102
v -0.088545464 -0.026384512 0.014882332
v -0.069037535 -0.026384512 0.014882332
v -0.088687170 -0.026384512 0.015113577
v -0.068895828 -0.026384512 0.015113577
v -0.088790959 -0.026384512 0.015364143
v -0.068792040 -0.026384512 0.015364143
v -0.088854272 -0.026384512 0.015627860
v -0.068728727 -0.026384512 0.015627860
v -0.088875551 -0.026384512 0.015898234
v -0.068707448 -0.026384512 0.015898234
v -0.092671716 -0.026384512 0.016240182
v -0.064911283 -0.026384512 0.016240182
v -0.088875551 -0.026384512 0.017047464
v -0.068707448 -0.026384512 0.017047464
v -0.068680666 -0.026384512 0.017404854
v -0.088911979 -0.026384512 0.017463857
v -0.068600915 -0.026384512 0.017754261
v -0.089020162 -0.026384512 0.017867599
v -0.068469981 -0.026384512 0.018087879
v -0.089196810 -0.026384512 0.018246420
v -0.068290784 -0.026384512 0.018398256
v -0.093711073 -0.026384512 0.018398428
v -0.063871926 -0.026384512 0.018398428
v -0.089436555 -0.026384512 0.018588812
v -0.068067330 -0.026384512 0.018678459
v -0.089732114 -0.026384512 0.018884371
v -0.067804610 -0.026384512 0.018922227
v -0.090074507 -0.026384512 0.019124117
v -0.067508492 -0.026384512 0.019124117
v -0.091069768 -0.026384512 0.019698732
v -0.066513231 -0.026384512 0.019698732
v -0.091293280 -0.026384512 0.019852347
v -0.066289719 -0.026384512 0.019852347
v -0.091490010 -0.026384512 0.020039036
v -0.066092989 -0.026384512 0.020039036
v -0.091655112 -0.026384512 0.020254202
v -0.065927887 -0.026384512 0.020254202
v -0.091784523 -0.026384512 0.020492547
v -0.065798476 -0.026384512 0.020492547
v -0.094417152 -0.026384512 0.020687476
v -0.063165847 -0.026384512 0.020687476
v -0.091875055 -0.026384512 0.020748201
v -0.065707944 -0.026384512 0.020748201
v -0.091924479 -0.026384512 0.021014870
v -0.065658520 -0.026384512 0.021014870
v -0.091931578 -0.026384512 0.021285988
v -0.065651421 -0.026384512 0.021285988
v -0.091896179 -0.026384512 0.021554878
v -0.065686820 -0.026384512 0.021554878
v -0.091819151 -0.026384512 0.021814920
v -0.065763848 -0.026384512 0.021814920
v -0.091702391 -0.026384512 0.022059711
v -0.065880608 -0.026384512 0.022059711
v -0.091127775 -0.026384512 0.023054973
v -0.066455223 -0.026384512 0.023054973
v -0.094774178 -0.026384512 0.023056193
v -0.062808821 -0.026384512 0.023056193
v -0.090972275 -0.026384512 0.023377873
v -0.066610723 -0.026384512 0.023377873
v -0.090866637 -0.026384512 0.023720343
v -0.066716362 -0.026384512 0.023720343
v -0.090813222 -0.026384512 0.024074733
v -0.066769777 -0.026384512 0.024074733
v -0.090813222 -0.026384512 0.024433125
v -0.066769777 -0.026384512 0.024433125
v -0.090866637 -0.026384512 0.024787515
v -0.066716362 -0.026384512 0.024787515
v -0.090972275 -0.026384512 0.025129985
v -0.066610723 -0.026384512 0.025129985
v -0.094774178 -0.026384512 0.025451665
v -0.062808821 -0.026384512 0.025451665
v -0.091127775 -0.026384512 0.025452885
v -0.066455223 -0.026384512 0.025452885
v -0.091702391 -0.026384512 0.026448147
v -0.065880608 -0.026384512 0.026448147
v -0.091819151 -0.026384512 0.026692938
v -0.065763848 -0.026384512 0.026692938
v -0.091896179 -0.026384512 0.026952980
v -0.065686820 -0.026384512 0.026952980
v -0.091931578 -0.026384512 0.027221870
v -0.065651421 -0.026384512 0.027221870
v -0.091924479 -0.026384512 0.027492988
v -0.065658520 -0.026384512 0.027492988
v -0.091875055 -0.026384512 0.027759657
v -0.065707944 -0.026384512 0.027759657
v -0.094417152 -0.026384512 0.027820382
v -0.063165847 -0.026384512 0.027820382
v -0.091784523 -0.026384512 0.028015311
v -0.065798476 -0.026384512 0.028015311
v -0.091655112 -0.026384512 0.028253656
v -0.065927887 -0.026384512 0.028253656
v -0.091490010 -0.026384512 0.028468822
v -0.066092989 -0.026384512 0.028468822
v -0.091293280 -0.026384512 0.028655510
v -0.066289719 -0.026384512 0.028655510
v -0.091069768 -0.026384512 0.028809126
v -0.066513231 -0.026384512 0.028809126
v -0.090074507 -0.026384512 0.029383741
v -0.067508492 -0.026384512 0.029383741
v -0.089778389 -0.026384512 0.029585630
v -0.067804610 -0.026384512 0.029585630
v -0.089515668 -0.026384512 0.029829399
v -0.068067330 -0.026384512 0.029829399
v -0.093711073 -0.026384512 0.030109430
v -0.063871926 -0.026384512 0.030109430
v -0.089292215 -0.026384512 0.030109602
v -0.068290784 -0.026384512 0.030109602
v -0.089113018 -0.026384512 0.030419979
v -0.068469981 -0.026384512 0.030419979
v -0.088982083 -0.026384512 0.030753597
v -0.068600915 -0.026384512 0.030753597
v -0.088902332 -0.026384512 0.031103003
v -0.068680666 -0.026384512 0.031103003
v -0.088875551 -0.026384512 0.031460394
v -0.068707448 -0.026384512 0.031460394
v -0.092671716 -0.026384512 0.032267676
v -0.064911283 -0.026384512 0.032267676
v -0.088875551 -0.026384512 0.032609623
v -0.068707448 -0.026384512 0.032609623
v -0.088854272 -0.026384512 0.032879998
v -0.068728727 -0.026384512 0.032879998
v -0.088790959 -0.026384512 0.033143715
v -0.068792040 -0.026384512 0.033143715
v -0.088687170 -0.026384512 0.033394281
v -0.068895828 -0.026384512 0.033394281
v -0.088545464 -0.026384512 0.033625525
v -0.069037535 -0.026384512 0.033625525
v -0.088369326 -0.026384512 0.033831756
v -0.069213672 -0.026384512 0.033831756
v -0.088163096 -0.026384512 0.034007893
v -0.069419903 -0.026384512 0.034007893
v -0.087931852 -0.026384512 0.034149600
v -0.069651147 -0.026384512 0.034149600
v -0.091322299 -0.026384512 0.034246909
v -0.066260699 -0.026384512 0.034246909
v -0.087681285 -0.026384512 0.034253389
v -0.069901714 -0.026384512 0.034253389
v -0.087417569 -0.026384512 0.034316701
v -0.070165430 -0.026384512 0.034316701
v -0.087147194 -0.026384512 0.034337980
v -0.085997964 -0.026384512 0.034337980
v -0.071585035 -0.026384512 0.034337980
v -0.070435805 -0.026384512 0.034337980
v -0.071942425 -0.026384512 0.034364762
v -0.085581571 -0.026384512 0.034374409
v -0.072291832 -0.026384512 0.034444513
v -0.085177830 -0.026384512 0.034482592
v -0.072625450 -0.026384512 0.034575447
v -0.084799008 -0.026384512 0.034659239
v -0.072935827 -0.026384512 0.034754644
v -0.084456616 -0.026384512 0.034898985
v -0.073216029 -0.026384512 0.034978098
v -0.084161057 -0.026384512 0.035194544
v -0.073459798 -0.026384512 0.035240818
v -0.083921311 -0.026384512 0.035536937
v -0.073661688 -0.026384512 0.035536937
v -0.089692965 -0.026384512 0.036002914
v -0.067890034 -0.026384512 0.036002914
v -0.078970696 -0.026384512 0.036275651
v -0.078612303 -0.026384512 0.036275651
v -0.079325085 -0.026384512 0.036329067
v -0.078257914 -0.026384512 0.036329067
v -0.079667555 -0.026384512 0.036434705
v -0.077915444 -0.026384512 0.036434705
v -0.083346696 -0.026384512 0.036532198
v -0.074236303 -0.026384512 0.036532198
v -0.079990456 -0.026384512 0.036590205
v -0.077592543 -0.026384512 0.036590205
v -0.083193081 -0.026384512 0.036755709
v -0.074389918 -0.026384512 0.036755709
v -0.083006392 -0.026384512 0.036952439
v -0.074576607 -0.026384512 0.036952439
v -0.082791226 -0.026384512 0.037117542
v -0.074791772 -0.026384512 0.037117542
v -0.080985718 -0.026384512 0.037164820
v -0.076597281 -0.026384512 0.037164820
v -0.082552882 -0.026384512 0.037246952
v -0.075030117 -0.026384512 0.037246952
v -0.081230508 -0.026384512 0.037281580
v -0.076352491 -0.026384512 0.037281580
v -0.082297227 -0.026384512 0.037337484
v -0.075285771 -0.026384512 0.037337484
v -0.081490550 -0.026384512 0.037358608
v -0.076092449 -0.026384512 0.037358608
v -0.082030558 -0.026384512 0.037386908
v -0.075552441 -0.026384512 0.037386908
v -0.081759441 -0.026384512 0.037394008
v -0.075823558 -0.026384512 0.037394008
v -0.087820109 -0.026384512 0.037496466
v -0.069762890 -0.026384512 0.037496466
v -0.085745569 -0.026384512 0.038694203
v -0.071837430 -0.026384512 0.038694203
v -0.083515686 -0.026384512 0.039569367
v -0.074067312 -0.026384512 0.039569367
v -0.081180274 -0.026384512 0.040102410
v -0.076402725 -0.026384512 0.040102410
v -0.078791499 -0.026384512 0.040281423
v -0.083892519 -0.026341958 0.035520313
v -0.083317904 -0.026341958 0.036515574
v -0.078791499 -0.026274041 0.008149082
v -0.081191802 -0.026274041 0.008328960
v -0.076391196 -0.026274041 0.008328960
v -0.083538487 -0.026274041 0.008864575
v -0.074044512 -0.026274041 0.008864575
v -0.085779130 -0.026274041 0.009743964
v -0.071803869 -0.026274041 0.009743964
v -0.087863682 -0.026274041 0.010947479
v -0.069719316 -0.026274041 0.010947479
v -0.081763489 -0.026274041 0.011191097
v -0.075819510 -0.026274041 0.011191097
v -0.082022473 -0.026274041 0.011197879
v -0.075560526 -0.026274041 0.011197879
v -0.081506633 -0.026274041 0.011224913
v -0.076076366 -0.026274041 0.011224913
v -0.082277207 -0.026274041 0.011245091
v -0.075305792 -0.026274041 0.011245091
v -0.081258229 -0.026274041 0.011298494
v -0.076324770 -0.026274041 0.011298494
v -0.082521419 -0.026274041 0.011331571
v -0.075061579 -0.026274041 0.011331571
v -0.081024394 -0.026274041 0.011410028
v -0.076558605 -0.026274041 0.011410028
v -0.082749097 -0.026274041 0.011455189
v -0.074833902 -0.026274041 0.011455189
v -0.082954633 -0.026274041 0.011612903
v -0.074628366 -0.026274041 0.011612903
v -0.083132967 -0.026274041 0.011800827
v -0.074450032 -0.026274041 0.011800827
v -0.080029132 -0.026274041 0.011984642
v -0.077553867 -0.026274041 0.011984642
v -0.083279707 -0.026274041 0.012014336
v -0.074303292 -0.026274041 0.012014336
v -0.079695815 -0.026274041 0.012145159
v -0.077887184 -0.026274041 0.012145159
v -0.079342298 -0.026274041 0.012254204
v -0.078240701 -0.026274041 0.012254204
v -0.078976476 -0.026274041 0.012309343
v -0.078606523 -0.026274041 0.012309343
v -0.089745577 -0.026274041 0.012448240
v -0.067837421 -0.026274041 0.012448240
v -0.083854322 -0.026274041 0.013009598
v -0.073728677 -0.026274041 0.013009598
v -0.084062724 -0.026274041 0.013315268
v -0.073481198 -0.026274041 0.013363036
v -0.084314356 -0.026274041 0.013586463
v -0.073176104 -0.026274041 0.013668128
v -0.084603598 -0.026274041 0.013817125
v -0.072822667 -0.026274041 0.013915608
v -0.084923987 -0.026274041 0.014002102
v -0.072431625 -0.026274041 0.014097954
v -0.085268367 -0.026274041 0.014137261
v -0.072014860 -0.026274041 0.014209626
v -0.091382776 -0.026274041 0.014212722
v -0.066200223 -0.026274041 0.014212722
v -0.085629045 -0.026274041 0.014219584
v -0.087147194 -0.026274041 0.014247231
v -0.085997964 -0.026274041 0.014247231
v -0.071585035 -0.026274041 0.014247231
v -0.070435805 -0.026274041 0.014247231
v -0.087405468 -0.026274041 0.014267558
v -0.070177531 -0.026274041 0.014267558
v -0.087657382 -0.026274041 0.014328037
v -0.069925617 -0.026274041 0.014328037
v -0.087896734 -0.026274041 0.014427179
v -0.069686265 -0.026274041 0.014427179
v -0.088117629 -0.026274041 0.014562544
v -0.069465370 -0.026274041 0.014562544
v -0.088314630 -0.026274041 0.014730798
v -0.069268369 -0.026274041 0.014730798
v -0.088482884 -0.026274041 0.014927799
v -0.069100115 -0.026274041 0.014927799
v -0.088618250 -0.026274041 0.015148694
v -0.068964749 -0.026274041 0.015148694
v -0.088717392 -0.026274041 0.015388046
v -0.068865607 -0.026274041 0.015388046
v -0.088777871 -0.026274041 0.015639960
v -0.068805128 -0.026274041 0.015639960
v -0.088798197 -0.026274041 0.015898234
v -0.068784802 -0.026274041 0.015898234
v -0.092738706 -0.026274041 0.016201506
v -0.064844293 -0.026274041 0.016201506
v -0.088798197 -0.026274041 0.017047464
v -0.068784802 -0.026274041 0.017047464
v -0.068757154 -0.026274041 0.017416383
v -0.088835802 -0.026274041 0.017477289
v -0.068674832 -0.026274041 0.017777061
v -0.088947474 -0.026274041 0.017894054
v -0.068539672 -0.026274041 0.018121441
v -0.089129821 -0.026274041 0.018285097
v -0.093783079 -0.026274041 0.018370167
v -0.063799920 -0.026274041 0.018370167
v -0.068354696 -0.026274041 0.018441830
v -0.089377300 -0.026274041 0.018638534
v -0.068124033 -0.026274041 0.018731072
v -0.089682393 -0.026274041 0.018943627
v -0.067852839 -0.026274041 0.018982705
v -0.090035830 -0.026274041 0.019191106
v -0.067547169 -0.026274041 0.019191106
v -0.091031092 -0.026274041 0.019765721
v -0.066551907 -0.026274041 0.019765721
v -0.091244601 -0.026274041 0.019912462
v -0.066338398 -0.026274041 0.019912462
v -0.091432525 -0.026274041 0.020090795
v -0.066150474 -0.026274041 0.020090795
v -0.091590239 -0.026274041 0.020296332
v -0.065992760 -0.026274041 0.020296332
v -0.091713857 -0.026274041 0.020524009
v -0.065869142 -0.026274041 0.020524009
v -0.094492565 -0.026274041 0.020670263
v -0.063090434 -0.026274041 0.020670263
v -0.091800338 -0.026274041 0.020768221
v -0.065782661 -0.026274041 0.020768221
v -0.091847549 -0.026274041 0.021022956
v -0.065735449 -0.026274041 0.021022956
v -0.091854331 -0.026274041 0.021281939
v -0.065728668 -0.026274041 0.021281939
v -0.091820516 -0.026274041 0.021538795
v -0.065762483 -0.026274041 0.021538795
v -0.091746935 -0.026274041 0.021787199
v -0.065836064 -0.026274041 0.021787199
v -0.091635401 -0.026274041 0.022021034
v -0.065947598 -0.026274041 0.022021034
v -0.091060787 -0.026274041 0.023016296
v -0.066522212 -0.026274041 0.023016296
v -0.094851314 -0.026274041 0.023050412
v -0.062731685 -0.026274041 0.023050412
v -0.090900270 -0.026274041 0.023349613
v -0.066682729 -0.026274041 0.023349613
v -0.090791224 -0.026274041 0.023703131
v -0.066791775 -0.026274041 0.023703131
v -0.090736085 -0.026274041 0.024068952
v -0.066846914 -0.026274041 0.024068952
v -0.090736085 -0.026274041 0.024438906
v -0.066846914 -0.026274041 0.024438906
v -0.090791224 -0.026274041 0.024804727
v -0.066791775 -0.026274041 0.024804727
v -0.090900270 -0.026274041 0.025158245
v -0.066682729 -0.026274041 0.025158245
v -0.094851314 -0.026274041 0.025457446
v -0.062731685 -0.026274041 0.025457446
v -0.091060787 -0.026274041 0.025491562
v -0.066522212 -0.026274041 0.025491562
v -0.091635401 -0.026274041 0.026486823
v -0.065947598 -0.026274041 0.026486823
v -0.091746935 -0.026274041 0.026720659
v -0.065836064 -0.026274041 0.026720659
v -0.091820516 -0.026274041 0.026969062
v -0.065762483 -0.026274041 0.026969062
v -0.091854331 -0.026274041 0.027225918
v -0.065728668 -0.026274041 0.027225918
v -0.091847549 -0.026274041 0.027484902
v -0.065735449 -0.026274041 0.027484902
v -0.091800338 -0.026274041 0.027739636
v -0.065782661 -0.026274041 0.027739636
v -0.094492565 -0.026274041 0.027837594
v -0.063090434 -0.026274041 0.027837594
v -0.091713857 -0.026274041 0.027983849
v -0.065869142 -0.026274041 0.027983849
v -0.091590239 -0.026274041 0.028211526
v -0.065992760 -0.026274041 0.028211526
v -0.091432525 -0.026274041 0.028417063
v -0.066150474 -0.026274041 0.028417063
v -0.091244601 -0.026274041 0.028595396
v -0.066338398 -0.026274041 0.028595396
v -0.091031092 -0.026274041 0.028742137
v -0.066551907 -0.026274041 0.028742137
v -0.090035830 -0.026274041 0.029316751
v -0.067547169 -0.026274041 0.029316751
v -0.089730160 -0.026274041 0.029525153
v -0.067852839 -0.026274041 0.029525153
v -0.089458966 -0.026274041 0.029776786
v -0.068124033 -0.026274041 0.029776786
v -0.089228303 -0.026274041 0.030066027
v -0.068354696 -0.026274041 0.030066027
v -0.093783079 -0.026274041 0.030137690
v -0.063799920 -0.026274041 0.030137690
v -0.089043327 -0.026274041 0.030386417
v -0.068539672 -0.026274041 0.030386417
v -0.088908167 -0.026274041 0.030730796
v -0.068674832 -0.026274041 0.030730796
v -0.088825845 -0.026274041 0.031091474
v -0.068757154 -0.026274041 0.031091474
v -0.088798197 -0.026274041 0.031460394
v -0.068784802 -0.026274041 0.031460394
v -0.092738706 -0.026274041 0.032306352
v -0.064844293 -0.026274041 0.032306352
v -0.088798197 -0.026274041 0.032609623
v -0.068784802 -0.026274041 0.032609623
v -0.088777871 -0.026274041 0.032867897
v -0.068805128 -0.026274041 0.032867897
v -0.088717392 -0.026274041 0.033119812
v -0.068865607 -0.026274041 0.033119812
v -0.088618250 -0.026274041 0.033359163
v -0.068964749 -0.026274041 0.033359163
v -0.088482884 -0.026274041 0.033580059
v -0.069100115 -0.026274041 0.033580059
v -0.088314630 -0.026274041 0.033777059
v -0.069268369 -0.026274041 0.033777059
v -0.088117629 -0.026274041 0.033945314
v -0.069465370 -0.026274041 0.033945314
v -0.087896734 -0.026274041 0.034080679
v -0.069686265 -0.026274041 0.034080679
v -0.087657382 -0.026274041 0.034179821
v -0.069925617 -0.026274041 0.034179821
v -0.087405468 -0.026274041 0.034240300
v -0.070177531 -0.026274041 0.034240300
v -0.087147194 -0.026274041 0.034260627
v -0.085997964 -0.026274041 0.034260627
v -0.071585035 -0.026274041 0.034260627
v -0.070435805 -0.026274041 0.034260627
v -0.071953954 -0.026274041 0.034288274
v -0.091382776 -0.026274041 0.034295136
v -0.066200223 -0.026274041 0.034295136
v -0.085568139 -0.026274041 0.034298232
v -0.072314632 -0.026274041 0.034370597
v -0.085151374 -0.026274041 0.034409903
v -0.072659012 -0.026274041 0.034505756
v -0.084760332 -0.026274041 0.034592250
v -0.072979401 -0.026274041 0.034690733
v -0.084406894 -0.026274041 0.034839730
v -0.073268643 -0.026274041 0.034921395
v -0.084101801 -0.026274041 0.035144822
v -0.073520275 -0.026274041 0.035192590
v -0.083854322 -0.026274041 0.035498259
v -0.073728677 -0.026274041 0.035498259
v -0.089745577 -0.026274041 0.036059618
v -0.067837421 -0.026274041 0.036059618
v -0.078976476 -0.026274041 0.036198515
v -0.078606523 -0.026274041 0.036198515
v -0.079342298 -0.026274041 0.036253654
v -0.078240701 -0.026274041 0.036253654
v -0.079695815 -0.026274041 0.036362699
v -0.077887184 -0.026274041 0.036362699
v -0.083279707 -0.026274041 0.036493522
v -0.074303292 -0.026274041 0.036493522
v -0.080029132 -0.026274041 0.036523216
v -0.077553867 -0.026274041 0.036523216
v -0.083132967 -0.026274041 0.036707031
v -0.074450032 -0.026274041 0.036707031
v -0.082954633 -0.026274041 0.036894955
v -0.074628366 -0.026274041 0.036894955
v -0.082749097 -0.026274041 0.037052668
v -0.074833902 -0.026274041 0.037052668
v -0.081024394 -0.026274041 0.037097830
v -0.076558605 -0.026274041 0.037097830
v -0.082521419 -0.026274041 0.037176287
v -0.075061579 -0.026274041 0.037176287
v -0.081258229 -0.026274041 0.037209364
v -0.076324770 -0.026274041 0.037209364
v -0.082277207 -0.026274041 0.037262767
v -0.075305792 -0.026274041 0.037262767
v -0.081506633 -0.026274041 0.037282945
v -0.076076366 -0.026274041 0.037282945
v -0.082022473 -0.026274041 0.037309979
v -0.075560526 -0.026274041 0.037309979
v -0.081763489 -0.026274041 0.037316761
v -0.075819510 -0.026274041 0.037316761
v -0.087863682 -0.026274041 0.037560379
v -0.069719316 -0.026274041 0.037560379
v -0.085779130 -0.026274041 0.038763894
v -0.071803869 -0.026274041 0.038763894
v -0.083538487 -0.026274041 0.039643283
v -0.074044512 -0.026274041 0.039643283
v -0.081191802 -0.026274041 0.040178898
v -0.076391196 -0.026274041 0.040178898
v -0.078791499 -0.026274041 0.040358775
v -0.083837584 -0.026238445 0.035488596
v -0.083262969 -0.026238445 0.036483858
v -0.078791499 -0.026151816 0.008092087
v -0.081200297 -0.026151816 0.008272601
v -0.076382702 -0.026151816 0.008272601
v -0.083555286 -0.026151816 0.008810112
v -0.074027713 -0.026151816 0.008810112
v -0.085803860 -0.026151816 0.009692614
v -0.071779139 -0.026151816 0.009692614
v -0.087895790 -0.026151816 0.010900389
v -0.069687209 -0.026151816 0.010900389
v -0.081766472 -0.026151816 0.011248013
v -0.075816527 -0.026151816 0.011248013
v -0.082016515 -0.026151816 0.011254561
v -0.075566484 -0.026151816 0.011254561
v -0.081518483 -0.026151816 0.011280662
v -0.076064516 -0.026151816 0.011280662
v -0.082262456 -0.026151816 0.011300144
v -0.075320543 -0.026151816 0.011300144
v -0.081278654 -0.026151816 0.011351702
v -0.076304345 -0.026151816 0.011351702
v -0.082498238 -0.026151816 0.011383638
v -0.075084761 -0.026151816 0.011383638
v -0.081052891 -0.026151816 0.011459385
v -0.076530108 -0.026151816 0.011459385
v -0.082718055 -0.026151816 0.011502989
v -0.074864943 -0.026151816 0.011502989
v -0.082916496 -0.026151816 0.011655258
v -0.074666503 -0.026151816 0.011655258
v -0.083088673 -0.026151816 0.011836695
v -0.074494325 -0.026151816 0.011836695
v -0.080057629 -0.026151816 0.012034000
v -0.077525370 -0.026151816 0.012034000
v -0.083230348 -0.026151816 0.012042834
v -0.074352651 -0.026151816 0.012042834
v -0.079716638 -0.026151816 0.012198214
v -0.077866361 -0.026151816 0.012198214
v -0.079354980 -0.026151816 0.012309770
v -0.078228019 -0.026151816 0.012309770
v -0.078980735 -0.026151816 0.012366178
v -0.078602263 -0.026151816 0.012366178
v -0.089784344 -0.026151816 0.012406460
v -0.067798655 -0.026151816 0.012406460
v -0.083804963 -0.026151816 0.013038095
v -0.073778036 -0.026151816 0.013038095
v -0.084018164 -0.026151816 0.013350803
v -0.073524858 -0.026151816 0.013399671
v -0.084275590 -0.026151816 0.013628243
v -0.073212740 -0.026151816 0.013711789
v -0.084571492 -0.026151816 0.013864217
v -0.072851164 -0.026151816 0.013964967
v -0.084899258 -0.026151816 0.014053453
v -0.072451118 -0.026151816 0.014151511
v -0.091427336 -0.026151816 0.014177185
v -0.066155663 -0.026151816 0.014177185
v -0.085251568 -0.026151816 0.014191723
v -0.072024757 -0.026151816 0.014265755
v -0.085620551 -0.026151816 0.014275942
v -0.087147194 -0.026151816 0.014304226
v -0.085997964 -0.026151816 0.014304226
v -0.071585035 -0.026151816 0.014304226
v -0.070435805 -0.026151816 0.014304226
v -0.087396552 -0.026151816 0.014323850
v -0.070186447 -0.026151816 0.014323850
v -0.087639770 -0.026151816 0.014382241
v -0.069943229 -0.026151816 0.014382241
v -0.087870859 -0.026151816 0.014477962
v -0.069712140 -0.026151816 0.014477962
v -0.088084128 -0.026151816 0.014608654
v -0.069498871 -0.026151816 0.014608654
v -0.088274329 -0.026151816 0.014771099
v -0.069308670 -0.026151816 0.014771099
v -0.088436774 -0.026151816 0.014961300
v -0.069146224 -0.026151816 0.014961300
v -0.088567466 -0.026151816 0.015174569
v -0.069015533 -0.026151816 0.015174569
v -0.088663187 -0.026151816 0.015405658
v -0.068919812 -0.026151816 0.015405658
v -0.088721578 -0.026151816 0.015648876
v -0.068861420 -0.026151816 0.015648876
v -0.088741203 -0.026151816 0.015898234
v -0.068841796 -0.026151816 0.015898234
v -0.092788065 -0.026151816 0.016173008
v -0.064794934 -0.026151816 0.016173008
v -0.088741203 -0.026151816 0.017047464
v -0.068841796 -0.026151816 0.017047464
v -0.068813512 -0.026151816 0.017424878
v -0.088779674 -0.026151816 0.017487186
v -0.068729294 -0.026151816 0.017793861
v -0.088893917 -0.026151816 0.017913548
v -0.068591023 -0.026151816 0.018146170
v -0.089080461 -0.026151816 0.018313594
v -0.093836134 -0.026151816 0.018349345
v -0.063746865 -0.026151816 0.018349345
v -0.068401787 -0.026151816 0.018473936
v -0.089333639 -0.026151816 0.018675169
v -0.068165814 -0.026151816 0.018769838
v -0.089645758 -0.026151816 0.018987287
v -0.067888374 -0.026151816 0.019027265
v -0.090007333 -0.026151816 0.019240465
v -0.067575666 -0.026151816 0.019240465
v -0.091002594 -0.026151816 0.019815080
v -0.066580404 -0.026151816 0.019815080
v -0.091208733 -0.026151816 0.019956755
v -0.066374266 -0.026151816 0.019956755
v -0.091390170 -0.026151816 0.020128932
v -0.066192828 -0.026151816 0.020128932
v -0.091542439 -0.026151816 0.020327373
v -0.066040559 -0.026151816 0.020327373
v -0.091661790 -0.026151816 0.020547191
v -0.065921208 -0.026151816 0.020547191
v -0.094548130 -0.026151816 0.020657581
v -0.063034869 -0.026151816 0.020657581
v -0.091745285 -0.026151816 0.020782973
v -0.065837714 -0.026151816 0.020782973
v -0.091790868 -0.026151816 0.021028913
v -0.065792131 -0.026151816 0.021028913
v -0.091797415 -0.026151816 0.021278956
v -0.065785583 -0.026151816 0.021278956
v -0.091764767 -0.026151816 0.021526946
v -0.065818232 -0.026151816 0.021526946
v -0.091693726 -0.026151816 0.021766774
v -0.065889272 -0.026151816 0.021766774
v -0.091586043 -0.026151816 0.021992537
v -0.065996956 -0.026151816 0.021992537
v -0.091011428 -0.026151816 0.022987799
v -0.066571571 -0.026151816 0.022987799
v -0.094908149 -0.026151816 0.023046153
v -0.062674850 -0.026151816 0.023046153
v -0.090847214 -0.026151816 0.023328790
v -0.066735784 -0.026151816 0.023328790
v -0.090735658 -0.026151816 0.023690448
v -0.066847341 -0.026151816 0.023690448
v -0.090679251 -0.026151816 0.024064693
v -0.066903748 -0.026151816 0.024064693
v -0.090679251 -0.026151816 0.024443165
v -0.066903748 -0.026151816 0.024443165
v -0.090735658 -0.026151816 0.024817410
v -0.066847341 -0.026151816 0.024817410
v -0.090847214 -0.026151816 0.025179067
v -0.066735784 -0.026151816 0.025179067
v -0.094908149 -0.026151816 0.025461705
v -0.062674850 -0.026151816 0.025461705
v -0.091011428 -0.026151816 0.025520059
v -0.066571571 -0.026151816 0.025520059
v -0.091586043 -0.026151816 0.026515321
v -0.065996956 -0.026151816 0.026515321
v -0.091693726 -0.026151816 0.026741084
v -0.065889272 -0.026151816 0.026741084
v -0.091764767 -0.026151816 0.026980912
v -0.065818232 -0.026151816 0.026980912
v -0.091797415 -0.026151816 0.027228901
v -0.065785583 -0.026151816 0.027228901
v -0.091790868 -0.026151816 0.027478945
v -0.065792131 -0.026151816 0.027478945
v -0.091745285 -0.026151816 0.027724885
v -0.065837714 -0.026151816 0.027724885
v -0.094548130 -0.026151816 0.027850277
v -0.063034869 -0.026151816 0.027850277
v -0.091661790 -0.026151816 0.027960667
v -0.065921208 -0.026151816 0.027960667
v -0.091542439 -0.026151816 0.028180485
v -0.066040559 -0.026151816 0.028180485
v -0.091390170 -0.026151816 0.028378926
v -0.066192828 -0.026151816 0.028378926
v -0.091208733 -0.026151816 0.028551103
v -0.066374266 -0.026151816 0.028551103
v -0.091002594 -0.026151816 0.028692778
v -0.066580404 -0.026151816 0.028692778
v -0.090007333 -0.026151816 0.029267392
v -0.067575666 -0.026151816 0.029267392
v -0.089694625 -0.026151816 0.029480593
v -0.067888374 -0.026151816 0.029480593
v -0.089417185 -0.026151816 0.029738020
v -0.068165814 -0.026151816 0.029738020
v -0.089181212 -0.026151816 0.030033921
v -0.068401787 -0.026151816 0.030033921
v -0.093836134 -0.026151816 0.030158512
v -0.063746865 -0.026151816 0.030158512
v -0.088991975 -0.026151816 0.030361687
v -0.068591023 -0.026151816 0.030361687
v -0.088853705 -0.026151816 0.030713997
v -0.068729294 -0.026151816 0.030713997
v -0.088769486 -0.026151816 0.031082980
v -0.068813512 -0.026151816 0.031082980
v -0.088741203 -0.026151816 0.031460394
v -0.068841796 -0.026151816 0.031460394
v -0.092788065 -0.026151816 0.032334850
v -0.064794934 -0.026151816 0.032334850
v -0.088741203 -0.026151816 0.032609623
v -0.068841796 -0.026151816 0.032609623
v -0.088721578 -0.026151816 0.032858981
v -0.068861420 -0.026151816 0.032858981
v -0.088663187 -0.026151816 0.033102199
v -0.068919812 -0.026151816 0.033102199
v -0.088567466 -0.026151816 0.033333289
v -0.069015533 -0.026151816 0.033333289
v -0.088436774 -0.026151816 0.033546558
v -0.069146224 -0.026151816 0.033546558
v -0.088274329 -0.026151816 0.033736758
v -0.069308670 -0.026151816 0.033736758
v -0.088084128 -0.026151816 0.033899204
v -0.069498871 -0.026151816 0.033899204
v -0.087870859 -0.026151816 0.034029895
v -0.069712140 -0.026151816 0.034029895
v -0.087639770 -0.026151816 0.034125616
v -0.069943229 -0.026151816 0.034125616
v -0.087396552 -0.026151816 0.034184008
v -0.070186447 -0.026151816 0.034184008
v -0.087147194 -0.026151816 0.034203632
v -0.085997964 -0.026151816 0.034203632
v -0.071585035 -0.026151816 0.034203632
v -0.070435805 -0.026151816 0.034203632
v -0.071962448 -0.026151816 0.034231916
v -0.085558242 -0.026151816 0.034242103
v -0.072331431 -0.026151816 0.034316135
v -0.091427336 -0.026151816 0.034330672
v -0.066155663 -0.026151816 0.034330672
v -0.085131881 -0.026151816 0.034356347
v -0.072683741 -0.026151816 0.034454405
v -0.084731834 -0.026151816 0.034542891
v -0.073011507 -0.026151816 0.034643641
v -0.084370259 -0.026151816 0.034796069
v -0.073307408 -0.026151816 0.034879614
v -0.084058141 -0.026151816 0.035108187
v -0.073564835 -0.026151816 0.035157055
v -0.083804963 -0.026151816 0.035469763
v -0.073778036 -0.026151816 0.035469763
v -0.089784344 -0.026151816 0.036101397
v -0.067798655 -0.026151816 0.036101397
v -0.078980735 -0.026151816 0.036141680
v -0.078602263 -0.026151816 0.036141680
v -0.079354980 -0.026151816 0.036198088
v -0.078228019 -0.026151816 0.036198088
v -0.079716638 -0.026151816 0.036309644
v -0.077866361 -0.026151816 0.036309644
v -0.083230348 -0.026151816 0.036465024
v -0.074352651 -0.026151816 0.036465024
v -0.080057629 -0.026151816 0.036473858
v -0.077525370 -0.026151816 0.036473858
v -0.083088673 -0.026151816 0.036671162
v -0.074494325 -0.026151816 0.036671162
v -0.082916496 -0.026151816 0.036852600
v -0.074666503 -0.026151816 0.036852600
v -0.082718055 -0.026151816 0.037004869
v -0.074864943 -0.026151816 0.037004869
v -0.081052891 -0.026151816 0.037048473
v -0.076530108 -0.026151816 0.037048473
v -0.082498238 -0.026151816 0.037124220
v -0.075084761 -0.026151816 0.037124220
v -0.081278654 -0.026151816 0.037156156
v -0.076304345 -0.026151816 0.037156156
v -0.082262456 -0.026151816 0.037207714
v -0.075320543 -0.026151816 0.037207714
v -0.081518483 -0.026151816 0.037227196
v -0.076064516 -0.026151816 0.037227196
v -0.082016515 -0.026151816 0.037253297
v -0.075566484 -0.026151816 0.037253297
v -0.081766472 -0.026151816 0.037259845
v -0.075816527 -0.026151816 0.037259845
v -0.087895790 -0.026151816 0.037607468
v -0.069687209 -0.026151816 0.037607468
v -0.085803860 -0.026151816 0.038815244
v -0.071779139 -0.026151816 0.038815244
v -0.083555286 -0.026151816 0.039697745
v -0.074027713 -0.026151816 0.039697745
v -0.081200297 -0.026151816 0.040235257
v -0.076382702 -0.026151816 0.040235257
v -0.078791499 -0.026151816 0.040415771
v -0.083797349 -0.026126282 0.035465367
v -0.083222734 -0.026126282 0.036460628
v -0.078791499 -0.026021551 0.008057183
v -0.081205499 -0.026021551 0.008238086
v -0.076377500 -0.026021551 0.008238086
v -0.083565574 -0.026021551 0.008776759
v -0.074017425 -0.026021551 0.008776759
v -0.085819004 -0.026021551 0.009661165
v -0.071763994 -0.026021551 0.009661165
v -0.087915451 -0.026021551 0.010871549
v -0.069667548 -0.026021551 0.010871549
v -0.081768299 -0.026021551 0.011282869
v -0.075814700 -0.026021551 0.011282869
v -0.082012867 -0.026021551 0.011289275
v -0.075570132 -0.026021551 0.011289275
v -0.081525740 -0.026021551 0.011314803
v -0.076057259 -0.026021551 0.011314803
v -0.082253422 -0.026021551 0.011333859
v -0.075329577 -0.026021551 0.011333859
v -0.081291163 -0.026021551 0.011384289
v -0.076291836 -0.026021551 0.011384289
v -0.082484041 -0.026021551 0.011415525
v -0.075098958 -0.026021551 0.011415525
v -0.081070344 -0.026021551 0.011489614
v -0.076512655 -0.026021551 0.011489614
v -0.082699045 -0.026021551 0.011532263
v -0.074883954 -0.026021551 0.011532263
v -0.082893141 -0.026021551 0.011681197
v -0.074689858 -0.026021551 0.011681197
v -0.083061548 -0.026021551 0.011858662
v -0.074521451 -0.026021551 0.011858662
v -0.083200120 -0.026021551 0.012060285
v -0.074382879 -0.026021551 0.012060285
v -0.080075082 -0.026021551 0.012064229
v -0.077507917 -0.026021551 0.012064229
v -0.079729390 -0.026021551 0.012230705
v -0.077853609 -0.026021551 0.012230705
v -0.079362747 -0.026021551 0.012343799
v -0.078220252 -0.026021551 0.012343799
v -0.089808084 -0.026021551 0.012380873
v -0.067774915 -0.026021551 0.012380873
v -0.078983344 -0.026021551 0.012400986
v -0.078599655 -0.026021551 0.012400986
v -0.083774735 -0.026021551 0.013055548
v -0.073808264 -0.026021551 0.013055548
v -0.083990874 -0.026021551 0.013372566
v -0.073551596 -0.026021551 0.013422107
v -0.084251849 -0.026021551 0.013653830
v -0.073235176 -0.026021551 0.013738527
v -0.084551829 -0.026021551 0.013893056
v -0.072868617 -0.026021551 0.013995195
v -0.084884114 -0.026021551 0.014084901
v -0.091454625 -0.026021551 0.014155423
v -0.066128373 -0.026021551 0.014155423
v -0.072463056 -0.026021551 0.014184311
v -0.085241280 -0.026021551 0.014225078
v -0.072030818 -0.026021551 0.014300129
v -0.085615348 -0.026021551 0.014310456
v -0.087147194 -0.026021551 0.014339130
v -0.085997964 -0.026021551 0.014339130
v -0.071585035 -0.026021551 0.014339130
v -0.070435805 -0.026021551 0.014339130
v -0.087391092 -0.026021551 0.014358325
v -0.070191907 -0.026021551 0.014358325
v -0.087628984 -0.026021551 0.014415437
v -0.069954015 -0.026021551 0.014415437
v -0.087855012 -0.026021551 0.014509062
v -0.069727987 -0.026021551 0.014509062
v -0.088063613 -0.026021551 0.014636892
v -0.069519386 -0.026021551 0.014636892
v -0.088249647 -0.026021551 0.014795781
v -0.069333352 -0.026021551 0.014795781
v -0.088408536 -0.026021551 0.014981815
v -0.069174463 -0.026021551 0.014981815
v -0.088536367 -0.026021551 0.015190416
v -0.069046632 -0.026021551 0.015190416
v -0.088629991 -0.026021551 0.015416444
v -0.068953008 -0.026021551 0.015416444
v -0.088687104 -0.026021551 0.015654337
v -0.068895895 -0.026021551 0.015654337
v -0.088706298 -0.026021551 0.015898234
v -0.068876701 -0.026021551 0.015898234
v -0.092818293 -0.026021551 0.016155556
v -0.064764706 -0.026021551 0.016155556
v -0.088706298 -0.026021551 0.017047464
v -0.068876701 -0.026021551 0.017047464
v -0.068848027 -0.026021551 0.017430080
v -0.088745300 -0.026021551 0.017493247
v -0.068762648 -0.026021551 0.017804149
v -0.088861117 -0.026021551 0.017925486
v -0.068622471 -0.026021551 0.018161315
v -0.089050233 -0.026021551 0.018331046
v -0.093868626 -0.026021551 0.018336593
v -0.063714373 -0.026021551 0.018336593
v -0.068430627 -0.026021551 0.018493599
v -0.089306901 -0.026021551 0.018697606
v -0.068191401 -0.026021551 0.018793579
v -0.089623322 -0.026021551 0.019014026
v -0.067910137 -0.026021551 0.019054554
v -0.089989880 -0.026021551 0.019270693
v -0.067593119 -0.026021551 0.019270693
v -0.090985143 -0.026021551 0.019845308
v -0.066597856 -0.026021551 0.019845308
v -0.091186766 -0.026021551 0.019983880
v -0.066396232 -0.026021551 0.019983880
v -0.091364231 -0.026021551 0.020152288
v -0.066218768 -0.026021551 0.020152288
v -0.091513165 -0.026021551 0.020346383
v -0.066069834 -0.026021551 0.020346383
v -0.091629904 -0.026021551 0.020561387
v -0.065953095 -0.026021551 0.020561387
v -0.094582159 -0.026021551 0.020649814
v -0.063000840 -0.026021551 0.020649814
v -0.091711569 -0.026021551 0.020792007
v -0.065871430 -0.026021551 0.020792007
v -0.091756154 -0.026021551 0.021032562
v -0.065826845 -0.026021551 0.021032562
v -0.091762559 -0.026021551 0.021277130
v -0.065820440 -0.026021551 0.021277130
v -0.091730625 -0.026021551 0.021519689
v -0.065852374 -0.026021551 0.021519689
v -0.091661140 -0.026021551 0.021754266
v -0.065921859 -0.026021551 0.021754266
v -0.091555814 -0.026021551 0.021975085
v -0.066027185 -0.026021551 0.021975085
v -0.090981199 -0.026021551 0.022970347
v -0.066601800 -0.026021551 0.022970347
v -0.094942956 -0.026021551 0.023043545
v -0.062640043 -0.026021551 0.023043545
v -0.090814724 -0.026021551 0.023316039
v -0.066768275 -0.026021551 0.023316039
v -0.090701630 -0.026021551 0.023682681
v -0.066881369 -0.026021551 0.023682681
v -0.090644443 -0.026021551 0.024062084
v -0.066938556 -0.026021551 0.024062084
v -0.090644443 -0.026021551 0.024445773
v -0.066938556 -0.026021551 0.024445773
v -0.090701630 -0.026021551 0.024825177
v -0.066881369 -0.026021551 0.024825177
v -0.090814724 -0.026021551 0.025191819
v -0.066768275 -0.026021551 0.025191819
v -0.094942956 -0.026021551 0.025464313
v -0.062640043 -0.026021551 0.025464313
v -0.090981199 -0.026021551 0.025537511
v -0.066601800 -0.026021551 0.025537511
v -0.091555814 -0.026021551 0.026532773
v -0.066027185 -0.026021551 0.026532773
v -0.091661140 -0.026021551 0.026753592
v -0.065921859 -0.026021551 0.026753592
v -0.091730625 -0.026021551 0.026988169
v -0.065852374 -0.026021551 0.026988169
v -0.091762559 -0.026021551 0.027230728
v -0.065820440 -0.026021551 0.027230728
v -0.091756154 -0.026021551 0.027475296
v -0.065826845 -0.026021551 0.027475296
v -0.091711569 -0.026021551 0.027715851
v -0.065871430 -0.026021551 0.027715851
v -0.094582159 -0.026021551 0.027858044
v -0.063000840 -0.026021551 0.027858044
v -0.091629904 -0.026021551 0.027946470
v -0.065953095 -0.026021551 0.027946470
v -0.091513165 -0.026021551 0.028161475
v -0.066069834 -0.026021551 0.028161475
v -0.091364231 -0.026021551 0.028355570
v -0.066218768 -0.026021551 0.028355570
v -0.091186766 -0.026021551 0.028523977
v -0.066396232 -0.026021551 0.028523977
v -0.090985143 -0.026021551 0.028662549
v -0.066597856 -0.026021551 0.028662549
v -0.089989880 -0.026021551 0.029237164
v -0.067593119 -0.026021551 0.029237164
v -0.089672862 -0.026021551 0.029453304
v -0.067910137 -0.026021551 0.029453304
v -0.089391598 -0.026021551 0.029714279
v -0.068191401 -0.026021551 0.029714279
v -0.089152372 -0.026021551 0.030014259
v -0.068430627 -0.026021551 0.030014259
v -0.093868626 -0.026021551 0.030171265
v -0.063714373 -0.026021551 0.030171265
v -0.088960527 -0.026021551 0.030346543
v -0.068622471 -0.026021551 0.030346543
v -0.088820350 -0.026021551 0.030703709
v -0.068762648 -0.026021551 0.030703709
v -0.088734972 -0.026021551 0.031077778
v -0.068848027 -0.026021551 0.031077778
v -0.088706298 -0.026021551 0.031460394
v -0.068876701 -0.026021551 0.031460394
v -0.092818293 -0.026021551 0.032352302
v -0.064764706 -0.026021551 0.032352302
v -0.088706298 -0.026021551 0.032609623
v -0.068876701 -0.026021551 0.032609623
v -0.088687104 -0.026021551 0.032853521
v -0.068895895 -0.026021551 0.032853521
v -0.088629991 -0.026021551 0.033091414
v -0.068953008 -0.026021551 0.033091414
v -0.088536367 -0.026021551 0.033317442
v -0.069046632 -0.026021551 0.033317442
v -0.088408536 -0.026021551 0.033526043
v -0.069174463 -0.026021551 0.033526043
v -0.088249647 -0.026021551 0.033712077
v -0.069333352 -0.026021551 0.033712077
v -0.088063613 -0.026021551 0.033870966
v -0.069519386 -0.026021551 0.033870966
v -0.087855012 -0.026021551 0.033998796
v -0.069727987 -0.026021551 0.033998796
v -0.087628984 -0.026021551 0.034092421
v -0.069954015 -0.026021551 0.034092421
v -0.087391092 -0.026021551 0.034149533
v -0.070191907 -0.026021551 0.034149533
v -0.087147194 -0.026021551 0.034168727
v -0.085997964 -0.026021551 0.034168727
v -0.071585035 -0.026021551 0.034168727
v -0.070435805 -0.026021551 0.034168727
v -0.071967651 -0.026021551 0.034197401
v -0.085552181 -0.026021551 0.034207729
v -0.072341719 -0.026021551 0.034282780
v -0.085119943 -0.026021551 0.034323547
v -0.091454625 -0.026021551 0.034352435
v -0.066128373 -0.026021551 0.034352435
v -0.072698885 -0.026021551 0.034422957
v -0.084714382 -0.026021551 0.034512663
v -0.073031170 -0.026021551 0.034614802
v -0.084347823 -0.026021551 0.034769330
v -0.073331149 -0.026021551 0.034854027
v -0.084031403 -0.026021551 0.035085751
v -0.073592124 -0.026021551 0.035135291
v -0.083774735 -0.026021551 0.035452309
v -0.073808264 -0.026021551 0.035452309
v -0.078983344 -0.026021551 0.036106872
v -0.078599655 -0.026021551 0.036106872
v -0.089808084 -0.026021551 0.036126984
v -0.067774915 -0.026021551 0.036126984
v -0.079362747 -0.026021551 0.036164059
v -0.078220252 -0.026021551 0.036164059
v -0.079729390 -0.026021551 0.036277153
v -0.077853609 -0.026021551 0.036277153
v -0.080075082 -0.026021551 0.036443629
v -0.077507917 -0.026021551 0.036443629
v -0.083200120 -0.026021551 0.036447572
v -0.074382879 -0.026021551 0.036447572
v -0.083061548 -0.026021551 0.036649196
v -0.074521451 -0.026021551 0.036649196
v -0.082893141 -0.026021551 0.036826661
v -0.074689858 -0.026021551 0.036826661
v -0.082699045 -0.026021551 0.036975595
v -0.074883954 -0.026021551 0.036975595
v -0.081070344 -0.026021551 0.037018244
v -0.076512655 -0.026021551 0.037018244
v -0.082484041 -0.026021551 0.037092333
v -0.075098958 -0.026021551 0.037092333
v -0.081291163 -0.026021551 0.037123569
v -0.076291836 -0.026021551 0.037123569
v -0.082253422 -0.026021551 0.037173998
v -0.075329577 -0.026021551 0.037173998
v -0.081525740 -0.026021551 0.037193054
v -0.076057259 -0.026021551 0.037193054
v -0.082012867 -0.026021551 0.037218583
v -0.075570132 -0.026021551 0.037218583
v -0.081768299 -0.026021551 0.037224988
v -0.075814700 -0.026021551 0.037224988
v -0.087915451 -0.026021551 0.037636309
v -0.069667548 -0.026021551 0.037636309
v -0.085819004 -0.026021551 0.038846693
v -0.071763994 -0.026021551 0.038846693
v -0.083565574 -0.026021551 0.039731099
v -0.074017425 -0.026021551 0.039731099
v -0.081205499 -0.026021551 0.040269771
v -0.076377500 -0.026021551 0.040269771
v -0.078791499 -0.026021551 0.040450674
v -0.083772805 -0.026008233 0.035451196
v -0.083198190 -0.026008233 0.036446458
v -0.078791499 -0.025887203 0.008045428
v -0.078791499 -0.025887203 0.008045428
v -0.081207251 -0.025887203 0.008226464
v -0.076375748 -0.025887203 0.008226464
v -0.081606076 -0.025887203 0.008291671
v -0.075976923 -0.025887203 0.008291671
v -0.083569038 -0.025887203 0.008765527
v -0.074013960 -0.025887203 0.008765527
v -0.084335133 -0.025887203 0.009022921
v -0.073247866 -0.025887203 0.009022921
v -0.085824104 -0.025887203 0.009650574
v -0.071758895 -0.025887203 0.009650574
v -0.086895750 -0.025887203 0.010216956
v -0.070687249 -0.025887203 0.010216956
v -0.087922072 -0.025887203 0.010861838
v -0.069660927 -0.025887203 0.010861838
v -0.081768914 -0.025887203 0.011294607
v -0.075814085 -0.025887203 0.011294607
v -0.082011638 -0.025887203 0.011300964
v -0.075571361 -0.025887203 0.011300964
v -0.081528184 -0.025887203 0.011326301
v -0.076054815 -0.025887203 0.011326301
v -0.082250380 -0.025887203 0.011345211
v -0.075332619 -0.025887203 0.011345211
v -0.081295375 -0.025887203 0.011395262
v -0.076287624 -0.025887203 0.011395262
v -0.082479260 -0.025887203 0.011426263
v -0.075103739 -0.025887203 0.011426263
v -0.081076221 -0.025887203 0.011499794
v -0.076506778 -0.025887203 0.011499794
v -0.082692644 -0.025887203 0.011542120
v -0.074890355 -0.025887203 0.011542120
v -0.082885276 -0.025887203 0.011689932
v -0.074697723 -0.025887203 0.011689932
v -0.089210122 -0.025887203 0.011837497
v -0.068372877 -0.025887203 0.011837497
v -0.083052414 -0.025887203 0.011866058
v -0.074530585 -0.025887203 0.011866058
v -0.083189941 -0.025887203 0.012066163
v -0.074393058 -0.025887203 0.012066163
v -0.080080958 -0.025887203 0.012074408
v -0.077502040 -0.025887203 0.012074408
v -0.079733684 -0.025887203 0.012241646
v -0.077849315 -0.025887203 0.012241646
v -0.079365363 -0.025887203 0.012355258
v -0.078217636 -0.025887203 0.012355258
v -0.089816079 -0.025887203 0.012372258
v -0.067766920 -0.025887203 0.012372258
v -0.078984222 -0.025887203 0.012412706
v -0.078598777 -0.025887203 0.012412706
v -0.083764556 -0.025887203 0.013061425
v -0.073818443 -0.025887203 0.013061425
v -0.083981685 -0.025887203 0.013379894
v -0.073560600 -0.025887203 0.013429662
v -0.084243854 -0.025887203 0.013662446
v -0.073242731 -0.025887203 0.013747531
v -0.091207931 -0.025887203 0.013835307
v -0.066375068 -0.025887203 0.013835307
v -0.084545208 -0.025887203 0.013902767
v -0.072874493 -0.025887203 0.014005374
v -0.084879014 -0.025887203 0.014095491
v -0.091463815 -0.025887203 0.014148095
v -0.066119184 -0.025887203 0.014148095
v -0.072467077 -0.025887203 0.014195355
v -0.085237815 -0.025887203 0.014236309
v -0.072032859 -0.025887203 0.014311704
v -0.085613596 -0.025887203 0.014322079
v -0.087147194 -0.025887203 0.014350883
v -0.085997964 -0.025887203 0.014350883
v -0.071585035 -0.025887203 0.014350883
v -0.070435805 -0.025887203 0.014350883
v -0.087389253 -0.025887203 0.014369934
v -0.070193746 -0.025887203 0.014369934
v -0.087625352 -0.025887203 0.014426616
v -0.069957647 -0.025887203 0.014426616
v -0.087849677 -0.025887203 0.014519535
v -0.069733322 -0.025887203 0.014519535
v -0.088056704 -0.025887203 0.014646402
v -0.069526295 -0.025887203 0.014646402
v -0.088241336 -0.025887203 0.014804092
v -0.069341662 -0.025887203 0.014804092
v -0.088399027 -0.025887203 0.014988725
v -0.069183972 -0.025887203 0.014988725
v -0.088525894 -0.025887203 0.015195751
v -0.069057105 -0.025887203 0.015195751
v -0.088618812 -0.025887203 0.015420076
v -0.068964187 -0.025887203 0.015420076
v -0.088675495 -0.025887203 0.015656175
v -0.068907504 -0.025887203 0.015656175
v -0.088694545 -0.025887203 0.015898234
v -0.068888454 -0.025887203 0.015898234
v -0.092828472 -0.025887203 0.016149679
v -0.064754527 -0.025887203 0.016149679
v -0.088694545 -0.025887203 0.017047464
v -0.068888454 -0.025887203 0.017047464
v -0.068859649 -0.025887203 0.017431832
v -0.088733725 -0.025887203 0.017495289
v -0.068773880 -0.025887203 0.017807613
v -0.088850073 -0.025887203 0.017929506
v -0.068633062 -0.025887203 0.018166415
v -0.093879567 -0.025887203 0.018332299
v -0.063703432 -0.025887203 0.018332299
v -0.089040055 -0.025887203 0.018336923
v -0.068440338 -0.025887203 0.018500220
v -0.089297897 -0.025887203 0.018705161
v -0.094022507 -0.025887203 0.018710296
v -0.063560492 -0.025887203 0.018710296
v -0.068200017 -0.025887203 0.018801574
v -0.089615766 -0.025887203 0.019023030
v -0.067917465 -0.025887203 0.019063743
v -0.089984003 -0.025887203 0.019280872
v -0.067598995 -0.025887203 0.019280872
v -0.090979265 -0.025887203 0.019855487
v -0.066603733 -0.025887203 0.019855487
v -0.091179371 -0.025887203 0.019993015
v -0.066403628 -0.025887203 0.019993015
v -0.091355496 -0.025887203 0.020160153
v -0.066227503 -0.025887203 0.020160153
v -0.091503308 -0.025887203 0.020352785
v -0.066079691 -0.025887203 0.020352785
v -0.091619165 -0.025887203 0.020566168
v -0.065963833 -0.025887203 0.020566168
v -0.094593619 -0.025887203 0.020647198
v -0.062989380 -0.025887203 0.020647198
v -0.091700217 -0.025887203 0.020795048
v -0.065882782 -0.025887203 0.020795048
v -0.091744465 -0.025887203 0.021033790
v -0.065838534 -0.025887203 0.021033790
v -0.091750821 -0.025887203 0.021276514
v -0.065832177 -0.025887203 0.021276514
v -0.094753757 -0.025887203 0.021439352
v -0.062829242 -0.025887203 0.021439352
v -0.091719127 -0.025887203 0.021517245
v -0.065863871 -0.025887203 0.021517245
v -0.091650166 -0.025887203 0.021750053
v -0.065932833 -0.025887203 0.021750053
v -0.091545635 -0.025887203 0.021969208
v -0.066037364 -0.025887203 0.021969208
v -0.090971021 -0.025887203 0.022964470
v -0.066611978 -0.025887203 0.022964470
v -0.094954678 -0.025887203 0.023042666
v -0.062628320 -0.025887203 0.023042666
v -0.090803782 -0.025887203 0.023311744
v -0.066779217 -0.025887203 0.023311744
v -0.090690170 -0.025887203 0.023680066
v -0.066892829 -0.025887203 0.023680066
v -0.090632723 -0.025887203 0.024061206
v -0.066950276 -0.025887203 0.024061206
v -0.062582999 -0.025887203 0.024253929
v -0.095000000 -0.025887203 0.024253929
v -0.090632723 -0.025887203 0.024446652
v -0.066950276 -0.025887203 0.024446652
v -0.090690170 -0.025887203 0.024827792
v -0.066892829 -0.025887203 0.024827792
v -0.090803782 -0.025887203 0.025196113
v -0.066779217 -0.025887203 0.025196113
v -0.094954678 -0.025887203 0.025465192
v -0.062628320 -0.025887203 0.025465192
v -0.090971021 -0.025887203 0.025543388
v -0.066611978 -0.025887203 0.025543388
v -0.091545635 -0.025887203 0.026538650
v -0.066037364 -0.025887203 0.026538650
v -0.091650166 -0.025887203 0.026757804
v -0.065932833 -0.025887203 0.026757804
v -0.091719127 -0.025887203 0.026990613
v -0.065863871 -0.025887203 0.026990613
v -0.094753757 -0.025887203 0.027068505
v -0.062829242 -0.025887203 0.027068505
v -0.091750821 -0.025887203 0.027231343
v -0.065832177 -0.025887203 0.027231343
v -0.091744465 -0.025887203 0.027474068
v -0.065838534 -0.025887203 0.027474068
v -0.091700217 -0.025887203 0.027712809
v -0.065882782 -0.025887203 0.027712809
v -0.094593619 -0.025887203 0.027860660
v -0.062989380 -0.025887203 0.027860660
v -0.091619165 -0.025887203 0.027941690
v -0.065963833 -0.025887203 0.027941690
v -0.091503308 -0.025887203 0.028155073
v -0.066079691 -0.025887203 0.028155073
v -0.091355496 -0.025887203 0.028347705
v -0.066227503 -0.025887203 0.028347705
v -0.091179371 -0.025887203 0.028514843
v -0.066403628 -0.025887203 0.028514843
v -0.090979265 -0.025887203 0.028652371
v -0.066603733 -0.025887203 0.028652371
v -0.089984003 -0.025887203 0.029226985
v -0.067598995 -0.025887203 0.029226985
v -0.089665534 -0.025887203 0.029444115
v -0.067917465 -0.025887203 0.029444115
v -0.089382982 -0.025887203 0.029706284
v -0.068200017 -0.025887203 0.029706284
v -0.094022507 -0.025887203 0.029797562
v -0.063560492 -0.025887203 0.029797562
v -0.089142661 -0.025887203 0.030007638
v -0.068440338 -0.025887203 0.030007638
v -0.093879567 -0.025887203 0.030175559
v -0.063703432 -0.025887203 0.030175559
v -0.088949937 -0.025887203 0.030341443
v -0.068633062 -0.025887203 0.030341443
v -0.088809119 -0.025887203 0.030700245
v -0.068773880 -0.025887203 0.030700245
v -0.088723349 -0.025887203 0.031076026
v -0.068859649 -0.025887203 0.031076026
v -0.088694545 -0.025887203 0.031460394
v -0.068888454 -0.025887203 0.031460394
v -0.092828472 -0.025887203 0.032358179
v -0.064754527 -0.025887203 0.032358179
v -0.088694545 -0.025887203 0.032609623
v -0.068888454 -0.025887203 0.032609623
v -0.088675495 -0.025887203 0.032851682
v -0.068907504 -0.025887203 0.032851682
v -0.088618812 -0.025887203 0.033087782
v -0.068964187 -0.025887203 0.033087782
v -0.088525894 -0.025887203 0.033312107
v -0.069057105 -0.025887203 0.033312107
v -0.088399027 -0.025887203 0.033519133
v -0.069183972 -0.025887203 0.033519133
v -0.088241336 -0.025887203 0.033703766
v -0.069341662 -0.025887203 0.033703766
v -0.088056704 -0.025887203 0.033861456
v -0.069526295 -0.025887203 0.033861456
v -0.087849677 -0.025887203 0.033988323
v -0.069733322 -0.025887203 0.033988323
v -0.087625352 -0.025887203 0.034081242
v -0.069957647 -0.025887203 0.034081242
v -0.087389253 -0.025887203 0.034137924
v -0.070193746 -0.025887203 0.034137924
v -0.087147194 -0.025887203 0.034156974
v -0.085997964 -0.025887203 0.034156974
v -0.071585035 -0.025887203 0.034156974
v -0.070435805 -0.025887203 0.034156974
v -0.071969402 -0.025887203 0.034185779
v -0.085550140 -0.025887203 0.034196154
v -0.072345184 -0.025887203 0.034271549
v -0.085115922 -0.025887203 0.034312502
v -0.091463815 -0.025887203 0.034359763
v -0.066119184 -0.025887203 0.034359763
v -0.072703985 -0.025887203 0.034412367
v -0.084708506 -0.025887203 0.034502484
v -0.073037790 -0.025887203 0.034605091
v -0.091207931 -0.025887203 0.034672551
v -0.066375068 -0.025887203 0.034672551
v -0.084340268 -0.025887203 0.034760326
v -0.073339145 -0.025887203 0.034845412
v -0.084022399 -0.025887203 0.035078195
v -0.073601313 -0.025887203 0.035127963
v -0.083764556 -0.025887203 0.035446433
v -0.073818443 -0.025887203 0.035446433
v -0.078984222 -0.025887203 0.036095152
v -0.078598777 -0.025887203 0.036095152
v -0.089816079 -0.025887203 0.036135600
v -0.067766920 -0.025887203 0.036135600
v -0.079365363 -0.025887203 0.036152599
v -0.078217636 -0.025887203 0.036152599
v -0.079733684 -0.025887203 0.036266211
v -0.077849315 -0.025887203 0.036266211
v -0.080080958 -0.025887203 0.036433450
v -0.077502040 -0.025887203 0.036433450
v -0.083189941 -0.025887203 0.036441695
v -0.074393058 -0.025887203 0.036441695
v -0.083052414 -0.025887203 0.036641800
v -0.074530585 -0.025887203 0.036641800
v -0.089210122 -0.025887203 0.036670361
v -0.068372877 -0.025887203 0.036670361
v -0.082885276 -0.025887203 0.036817926
v -0.074697723 -0.025887203 0.036817926
v -0.082692644 -0.025887203 0.036965737
v -0.074890355 -0.025887203 0.036965737
v -0.081076221 -0.025887203 0.037008064
v -0.076506778 -0.025887203 0.037008064
v -0.082479260 -0.025887203 0.037081595
v -0.075103739 -0.025887203 0.037081595
v -0.081295375 -0.025887203 0.037112596
v -0.076287624 -0.025887203 0.037112596
v -0.082250380 -0.025887203 0.037162646
v -0.075332619 -0.025887203 0.037162646
v -0.081528184 -0.025887203 0.037181557
v -0.076054815 -0.025887203 0.037181557
v -0.082011638 -0.025887203 0.037206894
v -0.075571361 -0.025887203 0.037206894
v -0.081768914 -0.025887203 0.037213251
v -0.075814085 -0.025887203 0.037213251
v -0.087922072 -0.025887203 0.037646020
v -0.069660927 -0.025887203 0.037646020
v -0.086895750 -0.025887203 0.038290902
v -0.070687249 -0.025887203 0.038290902
v -0.085824104 -0.025887203 0.038857283
v -0.071758895 -0.025887203 0.038857283
v -0.084335133 -0.025887203 0.039484936
v -0.073247866 -0.025887203 0.039484936
v -0.083569038 -0.025887203 0.039742331
v -0.074013960 -0.025887203 0.039742331
v -0.081606076 -0.025887203 0.040216186
v -0.075976923 -0.025887203 0.040216186
v -0.081207251 -0.025887203 0.040281394
v -0.076375748 -0.025887203 0.040281394
v -0.078791499 -0.025887203 0.040462429
v -0.078791499 -0.025887203 0.040462429
v -0.062582999 -0.025584306 0.024253942
v -0.062586672 -0.025583332 0.023908972
v -0.062611425 -0.025576780 0.025213431
v -0.062667341 -0.025562041 0.022602560
v -0.062741449 -0.025542644 0.026514761
v -0.062766166 -0.025536210 0.026683773
v -0.062829252 -0.025519864 0.021439305
v -0.062829265 -0.025519860 0.027068634
v -0.062855206 -0.025513172 0.021295883
v -0.063019235 -0.025471323 0.027989053
v -0.063181755 -0.025430618 0.019889142
v -0.063375208 -0.025383158 0.029259271
v -0.063560505 -0.025338717 0.018710261
v -0.063560552 -0.025338706 0.029797728
v -0.063585457 -0.025332809 0.018642179
v -0.063832077 -0.025275400 0.030493412
v -0.064090579 -0.025217155 0.017427625
v -0.064389156 -0.025152365 0.031689519
v -0.064698098 -0.025088162 0.016248213
v -0.064698098 -0.025088162 0.032259645
v -0.064754869 -0.025075794 0.032358770
v -0.064754998 -0.025075764 0.016148861
v -0.062543581 -0.025058279 0.023910526
v -0.062568111 -0.025052160 0.025209140
v -0.062623538 -0.025038396 0.022609829
v -0.062697013 -0.025020282 0.026505020
v -0.062721524 -0.025014273 0.026673380
v -0.062809846 -0.024992758 0.021308208
v -0.065068535 -0.024980443 0.032879225
v -0.062972635 -0.024953677 0.027974241
v -0.065164324 -0.024943350 0.015478078
v -0.063134036 -0.024915665 0.019905600
v -0.065279660 -0.024894402 0.033206339
v -0.063326291 -0.024871348 0.029241537
v -0.063535403 -0.024824341 0.018660709
v -0.063780901 -0.024770754 0.030474526
v -0.064038464 -0.024716404 0.017446380
v -0.065686016 -0.024689829 0.014716540
v -0.064336250 -0.024655976 0.031671408
v -0.065810763 -0.024618390 0.033960419
v -0.064644688 -0.024596133 0.016265226
v -0.064644688 -0.024596133 0.032242632
v -0.062415564 -0.024547249 0.023910206
v -0.062440141 -0.024541530 0.025210051
v -0.065001995 -0.024531259 0.032834052
v -0.062495672 -0.024528668 0.022608176
v -0.062569301 -0.024511740 0.026507434
v -0.062593865 -0.024506123 0.026676027
v -0.065095011 -0.024505336 0.015528638
v -0.062682401 -0.024486018 0.021304752
v -0.065207339 -0.024469824 0.033150163
v -0.062845641 -0.024449497 0.027979139
v -0.063007563 -0.024413978 0.019899269
v -0.063200535 -0.024372574 0.029249607
v -0.063410539 -0.024328663 0.018650699
v -0.065605859 -0.024312115 0.014786111
v -0.066322306 -0.024291402 0.013898511
v -0.063657231 -0.024278619 0.030486874
v -0.065729022 -0.024254831 0.033888411
v -0.066375316 -0.024254784 0.034672846
v -0.066376062 -0.024254265 0.013834121
v -0.066390598 -0.024244142 0.034691032
v -0.063916210 -0.024227883 0.017431516
v -0.064215833 -0.024171505 0.031689243
v -0.064526394 -0.024115717 0.016244263
v -0.064526394 -0.024115717 0.032263595
v -0.064882097 -0.024091076 0.032824157
v -0.064975070 -0.024075719 0.015544770
v -0.062206044 -0.024063889 0.023908020
v -0.062230923 -0.024058507 0.025216142
v -0.065087546 -0.024052954 0.033127328
v -0.062287142 -0.024046402 0.022597645
v -0.062361690 -0.024030471 0.026521937
v -0.062386565 -0.024025186 0.026691645
v -0.062476219 -0.024006265 0.021285605
v -0.066237780 -0.023984403 0.013974281
v -0.062641555 -0.023971901 0.028003622
v -0.066306126 -0.023944500 0.034615388
v -0.065488279 -0.023939995 0.014826551
v -0.062805596 -0.023938484 0.019870312
v -0.063001143 -0.023899536 0.029283276
v -0.065612629 -0.023896311 0.033844162
v -0.063214005 -0.023858242 0.018612401
v -0.063464131 -0.023811197 0.030530151
v -0.067016561 -0.023779141 0.013115424
v -0.067016561 -0.023779141 0.035392433
v -0.063726801 -0.023763526 0.017383397
v -0.064030797 -0.023710587 0.031742593
v -0.066128559 -0.023680570 0.014028037
v -0.064711244 -0.023668714 0.032849741
v -0.064806799 -0.023662735 0.015526164
v -0.064346004 -0.023658249 0.016185820
v -0.064346004 -0.023658249 0.032322038
v -0.064922456 -0.023651359 0.033138253
v -0.066198126 -0.023647819 0.034560996
v -0.067217060 -0.023630985 0.035600638
v -0.061920612 -0.023621110 0.023904028
v -0.061946038 -0.023615972 0.025227250
v -0.062003490 -0.023604416 0.022578517
v -0.062079675 -0.023589209 0.026548146
v -0.062105094 -0.023584165 0.026719821
v -0.065335018 -0.023578983 0.014837265
v -0.062196719 -0.023566106 0.021251271
v -0.065463198 -0.023547800 0.033828281
v -0.066936762 -0.023544742 0.013184856
v -0.066936762 -0.023544742 0.035323002
v -0.062365687 -0.023533312 0.028047051
v -0.062533338 -0.023501431 0.019819476
v -0.062733189 -0.023464282 0.029341686
v -0.062950744 -0.023424910 0.018546780
v -0.065995769 -0.023383034 0.014059226
v -0.063206390 -0.023380077 0.030603284
v -0.067644828 -0.023358887 0.012486721
v -0.066067668 -0.023357027 0.034528391
v -0.063474864 -0.023334672 0.017303197
v -0.066842568 -0.023311836 0.013239748
v -0.066842568 -0.023311836 0.035268109
v -0.063785588 -0.023284289 0.031830179
v -0.064593427 -0.023274301 0.015473174
v -0.064492861 -0.023272637 0.032910290
v -0.064715064 -0.023272331 0.033182735
v -0.064107776 -0.023234524 0.016091275
v -0.064107776 -0.023234524 0.032416583
v -0.065148348 -0.023234425 0.014818093
v -0.061566895 -0.023230737 0.023898336
v -0.061593082 -0.023225726 0.025243077
v -0.067901019 -0.023215933 0.036258633
v -0.061652254 -0.023214456 0.022551299
v -0.065282800 -0.023214129 0.033840990
v -0.067073493 -0.023209431 0.035500358
v -0.061730716 -0.023199627 0.026585368
v -0.061756893 -0.023194709 0.026759811
v -0.061851242 -0.023177104 0.021202651
v -0.062025216 -0.023145142 0.028108298
v -0.068061108 -0.023132349 0.012105917
v -0.062197802 -0.023114078 0.019748070
v -0.065840779 -0.023094863 0.014067526
v -0.066734578 -0.023081903 0.013279752
v -0.066734578 -0.023081903 0.035228106
v -0.062403501 -0.023077898 0.029423350
v -0.065916038 -0.023074997 0.034517894
v -0.062627379 -0.023039569 0.018455484
v -0.067546455 -0.023026817 0.012553332
v -0.062890398 -0.022995947 0.030704459
v -0.068371015 -0.022980892 0.011839061
v -0.068371195 -0.022980807 0.036668950
v -0.063166553 -0.022951798 0.017192877
v -0.067822608 -0.022933352 0.036206087
v -0.064469139 -0.022922749 0.033259969
v -0.064339042 -0.022917863 0.015386820
v -0.064931032 -0.022911426 0.014769319
v -0.064231322 -0.022910781 0.033004591
v -0.061154338 -0.022903195 0.023891095
v -0.063486090 -0.022902847 0.031949897
v -0.065073935 -0.022899921 0.033882113
v -0.061181469 -0.022898175 0.025263203
v -0.061242771 -0.022886886 0.022516715
v -0.067993451 -0.022879456 0.012151075
v -0.061324043 -0.022872034 0.026632619
v -0.061351157 -0.022867109 0.026810559
v -0.066613480 -0.022856407 0.013304614
v -0.066613480 -0.022856407 0.035203244
v -0.063817335 -0.022854542 0.015962859
v -0.063817335 -0.022854542 0.032544999
v -0.061448869 -0.022849481 0.021141024
v -0.068691981 -0.022835994 0.036931279
v -0.065665186 -0.022819027 0.014052849
v -0.061628997 -0.022817488 0.028185768
v -0.065744734 -0.022804515 0.034529610
v -0.066886645 -0.022796330 0.035447340
v -0.061807633 -0.022786407 0.019657934
v -0.062020476 -0.022750222 0.029526189
v -0.062252041 -0.022711909 0.018340811
v -0.068987817 -0.022711303 0.011346440
v -0.067422725 -0.022698721 0.012591133
v -0.068658076 -0.022692863 0.036908660
v -0.062523989 -0.022668331 0.030831168
v -0.067726365 -0.022653184 0.036174383
v -0.060693958 -0.022647232 0.023882499
v -0.060722174 -0.022642054 0.025287091
v -0.066480043 -0.022636783 0.013314173
v -0.066480043 -0.022636783 0.035193685
v -0.069180306 -0.022634070 0.011202475
v -0.060785920 -0.022630410 0.022475684
v -0.067911761 -0.022628281 0.012179518
v -0.062809398 -0.022624255 0.017055130
v -0.068966417 -0.022616522 0.011360814
v -0.060870418 -0.022615095 0.026688647
v -0.064686290 -0.022614770 0.014691665
v -0.060898605 -0.022610017 0.026870723
v -0.064839500 -0.022609534 0.033951080
v -0.064189141 -0.022608960 0.033368552
v -0.064048521 -0.022600254 0.015268754
v -0.061000167 -0.022591845 0.021068008
v -0.063931870 -0.022590397 0.033130755
v -0.063139494 -0.022575421 0.032098873
v -0.069166231 -0.022569913 0.011211992
v -0.061187339 -0.022558874 0.028277446
v -0.065470801 -0.022558370 0.014015350
v -0.068619961 -0.022550037 0.036891462
v -0.065555449 -0.022548253 0.034563424
v -0.063481531 -0.022527271 0.015803603
v -0.063481531 -0.022527271 0.032704255
v -0.061372884 -0.022526858 0.019551390
v -0.068943228 -0.022521829 0.011372792
v -0.069151353 -0.022505784 0.011220403
v -0.061593864 -0.022489601 0.029647582
v -0.069580361 -0.022481919 0.037590735
v -0.069580361 -0.022481918 0.010917123
v -0.069579893 -0.022479670 0.037590412
v -0.069579892 -0.022479669 0.010917446
v -0.069579424 -0.022477421 0.037590092
v -0.069579424 -0.022477420 0.010917766
v -0.069595145 -0.022476489 0.010906923
v -0.069595145 -0.022476489 0.037600934
v -0.069578955 -0.022475171 0.037589773
v -0.069578955 -0.022475171 0.010918085
v -0.069578483 -0.022472922 0.010918403
v -0.069578483 -0.022472922 0.037589454
v -0.069579950 -0.022472180 0.010917390
v -0.069579950 -0.022472180 0.037590468
v -0.069580285 -0.022471168 0.010917158
v -0.069580285 -0.022471168 0.037590700
v -0.069580618 -0.022470156 0.010916927
v -0.069580618 -0.022470156 0.037590931
v -0.060198052 -0.022469685 0.023872778
v -0.069580953 -0.022469145 0.010916695
v -0.069580953 -0.022469145 0.037591162
v -0.060227445 -0.022464193 0.025314104
v -0.060293843 -0.022451846 0.022429296
v -0.061834175 -0.022450173 0.018205645
v -0.069135678 -0.022441709 0.011227707
v -0.060381842 -0.022435608 0.026751971
v -0.060411193 -0.022430225 0.026938716
v -0.068918268 -0.022427312 0.011382362
v -0.066335118 -0.022424429 0.013308371
v -0.066335118 -0.022424429 0.035199487
v -0.060516930 -0.022410964 0.020985521
v -0.068577719 -0.022407820 0.036879723
v -0.062116247 -0.022405351 0.030980270
v -0.066660265 -0.022399965 0.035442646
v -0.067816592 -0.022380529 0.012191054
v -0.067275118 -0.022378527 0.012599671
v -0.067613114 -0.022377824 0.036163793
v -0.069119210 -0.022377715 0.011233899
v -0.060711730 -0.022376028 0.028380947
v -0.062412120 -0.022360042 0.016893320
v -0.064417748 -0.022348852 0.014586283
v -0.064582741 -0.022346991 0.034046934
v -0.060904754 -0.022342117 0.019431183
v -0.063880155 -0.022336660 0.033506514
v -0.068891565 -0.022333059 0.011389514
v -0.063727434 -0.022327564 0.015121242
v -0.063600503 -0.022317905 0.033286252
v -0.065259629 -0.022315580 0.013955414
v -0.062754126 -0.022309871 0.032273529
v -0.065350052 -0.022308741 0.034619002
v -0.061134534 -0.022302672 0.029784439
v -0.068531440 -0.022266516 0.036873468
v -0.061384288 -0.022260945 0.018053386
v -0.063108290 -0.022260433 0.015617265
v -0.063108290 -0.022260433 0.032890593
v -0.068364923 -0.022237658 0.011746978
v -0.066179627 -0.022220696 0.013287243
v -0.066179627 -0.022220696 0.035220615
v -0.061677280 -0.022213527 0.031148067
v -0.068202205 -0.022210750 0.036651316
v -0.061984426 -0.022165614 0.016711400
v -0.068378523 -0.022165504 0.011721177
v -0.067708590 -0.022137883 0.012185604
v -0.068215755 -0.022130638 0.036681323
v -0.064129382 -0.022117610 0.014454730
v -0.064165931 -0.022117400 0.014431001
v -0.064169197 -0.022117377 0.034078976
v -0.064307219 -0.022115932 0.034168349
v -0.064419837 -0.022114035 0.014266837
v -0.062339238 -0.022112576 0.032469671
v -0.063547792 -0.022110794 0.033671349
v -0.067483823 -0.022109621 0.036174404
v -0.063381935 -0.022105019 0.014947111
v -0.063243863 -0.022098766 0.033467969
v -0.064988488 -0.022095279 0.013902563
v -0.065033844 -0.022093159 0.013873658
v -0.065130572 -0.022088346 0.034695794
v -0.068396331 -0.022084832 0.011696189
v -0.063963208 -0.022084481 0.014509105
v -0.067105400 -0.022070067 0.012578846
v -0.067054571 -0.022065590 0.035896434
v -0.062706422 -0.022060324 0.015408242
v -0.062706422 -0.022060324 0.033099616
v -0.064747653 -0.022059767 0.034503708
v -0.063105157 -0.022053123 0.033470904
v -0.066852808 -0.022049931 0.035768142
v -0.065862055 -0.022039645 0.035160195
v -0.065862601 -0.022039600 0.013347316
v -0.068234436 -0.022039230 0.036710552
v -0.066398890 -0.022028284 0.035486370
v -0.066014557 -0.022026880 0.013250923
v -0.066014557 -0.022026880 0.035256934
v -0.066261662 -0.022025854 0.013104488
v -0.064391893 -0.022004767 0.014148543
v -0.068416790 -0.022003653 0.011675188
v -0.062236539 -0.021970800 0.015555974
v -0.067148169 -0.021958083 0.012497969
v -0.062141267 -0.021952286 0.032923093
v -0.067056312 -0.021948626 0.035953608
v -0.068256496 -0.021947086 0.036734664
v -0.066851013 -0.021931148 0.035828591
v -0.063923195 -0.021928762 0.014329614
v -0.063060411 -0.021928486 0.033675551
v -0.068439836 -0.021922222 0.011658238
v -0.065998658 -0.021922217 0.035319204
v -0.066249171 -0.021912887 0.013040296
v -0.062188315 -0.021882119 0.015331120
v -0.064714227 -0.021878416 0.034654700
v -0.062093827 -0.021863830 0.033148503
v -0.065991401 -0.021859990 0.013156272
v -0.065991401 -0.021859990 0.035351585
v -0.068281849 -0.021854571 0.036753561
v -0.064361308 -0.021823229 0.013995378
v -0.067161777 -0.021796841 0.012436226
v -0.067068483 -0.021781444 0.036018519
v -0.063027812 -0.021773165 0.033860564
v -0.062151200 -0.021758778 0.015120980
v -0.066859298 -0.021750751 0.035900799
v -0.063896363 -0.021746997 0.014173702
v -0.062057507 -0.021740623 0.033359182
v -0.066239929 -0.021694429 0.012944926
v -0.065978880 -0.021688370 0.013082800
v -0.065978880 -0.021688370 0.035425058
v -0.064694947 -0.021676052 0.034779123
v -0.065977292 -0.021644012 0.013067291
v -0.065977292 -0.021644012 0.035440567
v -0.067185309 -0.021631427 0.012390607
v -0.064344742 -0.021620409 0.013869124
v -0.067091254 -0.021609592 0.036066057
v -0.062126143 -0.021603905 0.014930885
v -0.063008172 -0.021591015 0.034021354
v -0.062033230 -0.021585799 0.033549772
v -0.060358615 -0.021585250 0.016052909
v -0.060287380 -0.021569823 0.032438975
v -0.066879742 -0.021564420 0.035952648
v -0.063883365 -0.021543594 0.014045153
v -0.060326135 -0.021500951 0.015818000
v -0.060255508 -0.021485689 0.032674227
v -0.066247573 -0.021464929 0.012880301
v -0.067218468 -0.021463915 0.012361681
v -0.064690273 -0.021457475 0.034874024
v -0.065977894 -0.021440610 0.013012836
v -0.065977894 -0.021440610 0.035495022
v -0.067124318 -0.021435389 0.036095578
v -0.062113776 -0.021421431 0.014765660
v -0.065978744 -0.021417554 0.013008316
v -0.065978744 -0.021417554 0.035499541
v -0.062021614 -0.021403294 0.033715429
v -0.064342589 -0.021401162 0.013772808
v -0.063001977 -0.021386558 0.034153929
v -0.060304858 -0.021380278 0.015598163
v -0.066912021 -0.021375097 0.035983319
v -0.060234841 -0.021365116 0.032894395
v -0.063884515 -0.021323485 0.013947084
v -0.066271924 -0.021229842 0.012847960
v -0.064700314 -0.021227872 0.034937153
v -0.060295347 -0.021226422 0.015399213
v -0.062114415 -0.021215985 0.014629494
v -0.060225927 -0.021211301 0.033093641
v -0.062022956 -0.021197751 0.033851938
v -0.065995727 -0.021185795 0.012980701
v -0.065995727 -0.021185795 0.035527157
v -0.064354901 -0.021170742 0.013708732
v -0.063009382 -0.021164865 0.034255000
v -0.058448176 -0.021153551 0.016410671
v -0.058405937 -0.021143606 0.032090914
v -0.063899787 -0.021092010 0.013881871
v -0.058432263 -0.021073545 0.016167485
v -0.058390394 -0.021063692 0.032334262
v -0.060297855 -0.021043454 0.015226414
v -0.060229002 -0.021028318 0.033266690
v -0.062128043 -0.020992780 0.014525845
v -0.064724833 -0.020992688 0.034967011
v -0.062037221 -0.020974395 0.033955828
v -0.058427551 -0.020955554 0.015939780
v -0.058386057 -0.020945760 0.032562118
v -0.069595145 -0.020934801 0.010906923
v -0.069595145 -0.020934801 0.037600934
v -0.064381385 -0.020934666 0.013678436
v -0.069578371 -0.020933845 0.010918472
v -0.069578371 -0.020933845 0.037589386
v -0.069578406 -0.020932892 0.010918449
v -0.069578406 -0.020932892 0.037589409
v -0.069578440 -0.020931939 0.010918425
v -0.069578440 -0.020931939 0.037589433
v -0.063030203 -0.020931440 0.034322058
v -0.069578476 -0.020930986 0.010918402
v -0.069578476 -0.020930986 0.037589455
v -0.069579144 -0.020930237 0.010917944
v -0.069579144 -0.020930237 0.037589913
v -0.069580060 -0.020928718 0.010917319
v -0.069580060 -0.020928718 0.037590539
v -0.069580975 -0.020927199 0.010916691
v -0.069580975 -0.020927199 0.037591166
v -0.069581889 -0.020925681 0.010916064
v -0.069581889 -0.020925681 0.037591794
v -0.069582804 -0.020924162 0.010915436
v -0.069582804 -0.020924162 0.037592422
v -0.069583717 -0.020922643 0.010914805
v -0.069583717 -0.020922643 0.037593053
v -0.068526418 -0.020869499 0.011604935
v -0.063928809 -0.020854781 0.013851098
v -0.068197806 -0.020844753 0.036703091
v -0.060312316 -0.020836215 0.015084337
v -0.069233979 -0.020831888 0.037353944
v -0.060243984 -0.020821016 0.033408957
v -0.068529903 -0.020809670 0.011604144
v -0.058434175 -0.020802822 0.015733812
v -0.069255712 -0.020797754 0.037366464
v -0.058393040 -0.020793053 0.032768218
v -0.068203187 -0.020766823 0.036704012
v -0.069277137 -0.020763596 0.037379446
v -0.062154312 -0.020757479 0.014457342
v -0.068534605 -0.020749931 0.011605329
v -0.062064045 -0.020738905 0.034024459
v -0.067128023 -0.020732486 0.012410298
v -0.069298247 -0.020729420 0.037392887
v -0.067084150 -0.020726514 0.036074144
v -0.069319040 -0.020695233 0.037406786
v -0.063063923 -0.020692075 0.034353438
v -0.068540515 -0.020690371 0.011608489
v -0.068210579 -0.020689092 0.036701544
v -0.066822437 -0.020688088 0.012571155
v -0.056502116 -0.020678903 0.016627537
v -0.056499370 -0.020678210 0.031880118
v -0.069339512 -0.020661040 0.037421139
v -0.068547268 -0.020634288 0.011613252
v -0.058451950 -0.020619545 0.015555241
v -0.068219962 -0.020611758 0.036695696
v -0.060338343 -0.020610187 0.014976741
v -0.058411153 -0.020609771 0.032946895
v -0.056503632 -0.020602993 0.016377943
v -0.056500913 -0.020602306 0.032129719
v -0.067144329 -0.020596386 0.012408461
v -0.060270476 -0.020594888 0.033516669
v -0.067101108 -0.020588055 0.036076049
v -0.066235844 -0.020581901 0.012865530
v -0.068324107 -0.020568654 0.011759566
v -0.066109914 -0.020554916 0.035581546
v -0.068230638 -0.020540853 0.036687454
v -0.066843706 -0.020535605 0.012568768
v -0.062192560 -0.020516053 0.014425720
v -0.062102747 -0.020497272 0.034056084
v -0.056516258 -0.020487623 0.016144294
v -0.056513563 -0.020486940 0.032363375
v -0.065768716 -0.020473086 0.013086800
v -0.067166235 -0.020461355 0.012417348
v -0.068410923 -0.020451917 0.011729736
v -0.067123840 -0.020450721 0.036066837
v -0.058480387 -0.020410759 0.015408976
v -0.058439899 -0.020400954 0.033093233
v -0.066871809 -0.020384632 0.012580011
v -0.060375252 -0.020371350 0.014906474
v -0.066147348 -0.020364882 0.035586039
v -0.060307776 -0.020355924 0.033586976
v -0.056539633 -0.020336072 0.015933232
v -0.056536962 -0.020335390 0.032574443
v -0.068494146 -0.020334173 0.011694172
v -0.067193572 -0.020328452 0.012436888
v -0.067524736 -0.020322788 0.036236878
v -0.067152160 -0.020315630 0.036046583
v -0.065203566 -0.020304479 0.035168443
v -0.065816804 -0.020265588 0.013080767
v -0.066906471 -0.020236664 0.012604773
v -0.067219714 -0.020222725 0.012460478
v -0.068573597 -0.020215672 0.011652949
v -0.067179210 -0.020209106 0.036022470
v -0.067126952 -0.020191410 0.012517434
v -0.058518706 -0.020182203 0.015299034
v -0.066194680 -0.020177826 0.035568587
v -0.054570473 -0.020176393 0.016698765
v -0.054570473 -0.020176393 0.031809092
v -0.064850307 -0.020173155 0.013489148
v -0.064850307 -0.020173155 0.035018710
v -0.058478487 -0.020172346 0.033203208
v -0.056573093 -0.020152648 0.015750756
v -0.056570444 -0.020151966 0.032756924
v -0.067681669 -0.020141551 0.036266547
v -0.060422065 -0.020126022 0.014875391
v -0.066937538 -0.020126022 0.012632708
v -0.060354897 -0.020110456 0.033618012
v -0.054589817 -0.020104194 0.016444851
v -0.054589817 -0.020104194 0.032063007
v -0.068649111 -0.020096665 0.011606156
v -0.065274942 -0.020069437 0.035178047
v -0.065876275 -0.020062025 0.013101492
v -0.066251168 -0.019996682 0.035529463
v -0.054620082 -0.019991250 0.016207391
v -0.054620082 -0.019991250 0.032300467
v -0.067323501 -0.019982418 0.012492656
v -0.068720525 -0.019977405 0.011553893
v -0.067829772 -0.019956063 0.036311436
v -0.056615686 -0.019942565 0.015602053
v -0.064932974 -0.019942435 0.013475909
v -0.064932974 -0.019942435 0.035031949
v -0.056613058 -0.019941882 0.032905630
v -0.058565856 -0.019940155 0.015228437
v -0.058525856 -0.019930232 0.033273796
v -0.064940876 -0.019922377 0.013476480
v -0.064940876 -0.019922377 0.035031378
v -0.066291669 -0.019885453 0.035493448
v -0.066251874 -0.019869574 0.035470561
v -0.065946002 -0.019866257 0.013148581
v -0.054660376 -0.019840868 0.015993334
v -0.054660376 -0.019840868 0.032514524
v -0.065360023 -0.019840328 0.035151566
v -0.067968214 -0.019767366 0.036371293
v -0.067508093 -0.019766328 0.012446239
v -0.065989226 -0.019761077 0.013186284
v -0.065968587 -0.019752261 0.013197832
v -0.058837437 -0.019745426 0.033340750
v -0.065028489 -0.019717519 0.035008900
v -0.056666203 -0.019711796 0.015491351
v -0.056663593 -0.019711110 0.033016332
v -0.058620537 -0.019691269 0.015199126
v -0.058580702 -0.019681271 0.033303057
v -0.065046406 -0.019679061 0.013506721
v -0.065046406 -0.019679061 0.035001137
v -0.054709525 -0.019657446 0.015808941
v -0.054709525 -0.019657446 0.032698917
v -0.065456665 -0.019622933 0.035089668
v -0.066546977 -0.019613773 0.035474682
v -0.068096214 -0.019576519 0.036445782
v -0.068371350 -0.019573555 0.036669079
v -0.068370831 -0.019572942 0.011839214
v -0.063295110 -0.019566228 0.014076712
v -0.063295110 -0.019566228 0.034431146
v -0.067679252 -0.019544865 0.012378550
v -0.065499569 -0.019538491 0.035054515
v -0.065134445 -0.019504067 0.013557719
v -0.065134445 -0.019504067 0.034950139
v -0.066299006 -0.019486609 0.013202998
v -0.056723210 -0.019466900 0.015421796
v -0.056720611 -0.019466210 0.033085885
v -0.065163754 -0.019450450 0.013578966
v -0.054766086 -0.019446352 0.015659610
v -0.054766086 -0.019446352 0.032848248
v -0.065200546 -0.019386111 0.013608371
v -0.065200546 -0.019386111 0.034899487
v -0.068213058 -0.019384595 0.036534485
v -0.066823082 -0.019341073 0.035518708
v -0.063374910 -0.019335019 0.014069912
v -0.063374910 -0.019335019 0.034437946
v -0.067835614 -0.019319795 0.012290131
v -0.062626148 -0.019317943 0.014294951
v -0.062626148 -0.019317943 0.034212906
v -0.065420178 -0.019253620 0.013635049
v -0.065420178 -0.019253620 0.034872809
v -0.056785080 -0.019214838 0.015395364
v -0.056782491 -0.019214144 0.033112310
v -0.054828407 -0.019213764 0.015549709
v -0.054828407 -0.019213764 0.032958148
v -0.066608441 -0.019199796 0.013161027
v -0.064759646 -0.019116829 0.013851980
v -0.065635166 -0.019111484 0.013644090
v -0.065635166 -0.019111484 0.034863767
v -0.064750577 -0.019111347 0.034650898
v -0.063465216 -0.019109593 0.014099898
v -0.063465216 -0.019109593 0.034407960
v -0.067975931 -0.019092915 0.012181690
v -0.067076135 -0.019055477 0.035601993
v -0.064591334 -0.019015475 0.034563653
v -0.054894665 -0.018966486 0.015482457
v -0.054894665 -0.018966486 0.033025401
v -0.065844132 -0.018960612 0.013635440
v -0.065844132 -0.018960612 0.034872418
v -0.061523636 -0.018923247 0.014611345
v -0.061523636 -0.018923247 0.033896513
v -0.066891539 -0.018896781 0.013072645
v -0.063563771 -0.018895585 0.014165923
v -0.063563771 -0.018895585 0.034341935
v -0.064845414 -0.018876577 0.034511612
v -0.066045739 -0.018801969 0.013609152
v -0.066045739 -0.018801969 0.034898706
v -0.064209775 -0.018788690 0.014152006
v -0.067302421 -0.018761176 0.035723315
v -0.065094778 -0.018723329 0.034481769
v -0.054962921 -0.018711754 0.015459818
v -0.054962921 -0.018711754 0.033048039
v -0.063668107 -0.018698347 0.014266336
v -0.063668107 -0.018698347 0.034241522
v -0.061599991 -0.018692040 0.014611068
v -0.061599991 -0.018692040 0.033896790
v -0.064485519 -0.018648506 0.014222228
v -0.066238698 -0.018636572 0.013565396
v -0.066238698 -0.018636572 0.034942462
v -0.067143404 -0.018582808 0.012939383
v -0.065337347 -0.018557007 0.034474375
v -0.063768872 -0.018531888 0.034117325
v -0.063768859 -0.018531881 0.014390539
v -0.063726046 -0.018507252 0.014413643
v -0.063723828 -0.018505978 0.034093019
v -0.064756739 -0.018490326 0.014267353
v -0.061684201 -0.018466558 0.014647854
v -0.061684201 -0.018466558 0.033860004
v -0.066421774 -0.018465478 0.013504449
v -0.066421774 -0.018465478 0.035003409
v -0.067498620 -0.018462492 0.035880894
v -0.063509266 -0.018383407 0.033977308
v -0.065571102 -0.018378997 0.034489488
v -0.065020810 -0.018315683 0.014286943
v -0.059725251 -0.018313125 0.015016290
v -0.059725251 -0.018313125 0.033491568
v -0.066593793 -0.018289783 0.013426703
v -0.066593793 -0.018289783 0.035081155
v -0.067359678 -0.018263308 0.012763545
v -0.063282172 -0.018255245 0.014652993
v -0.061774184 -0.018252384 0.014720790
v -0.061774184 -0.018252384 0.033787068
v -0.063824829 -0.018247475 0.033869747
v -0.065794097 -0.018190781 0.034526986
v -0.065275175 -0.018126268 0.014280808
v -0.063610646 -0.018122817 0.014773561
v -0.066753657 -0.018110610 0.013332657
v -0.066753657 -0.018110610 0.035175200
v -0.064136797 -0.018085242 0.033792389
v -0.059797845 -0.018082483 0.015021882
v -0.059797845 -0.018082483 0.033485976
v -0.061867709 -0.018054822 0.014828071
v -0.061867709 -0.018054822 0.033679787
v -0.058838936 -0.018025884 0.015166880
v -0.058838936 -0.018025884 0.033340978
v -0.066004472 -0.017993927 0.034586553
v -0.062794819 -0.017985957 0.014916501
v -0.062793528 -0.017985254 0.033590655
v -0.063936002 -0.017960899 0.014862413
v -0.066900342 -0.017929107 0.013222911
v -0.066900342 -0.017929107 0.035284947
v -0.065517371 -0.017923913 0.014249007
v -0.064441276 -0.017898732 0.033746202
v -0.061962464 -0.017878763 0.014967038
v -0.061962464 -0.017878763 0.033540820
v -0.062556885 -0.017857546 0.033461856
v -0.059875649 -0.017857477 0.015064492
v -0.059875649 -0.017857477 0.033443366
v -0.066200477 -0.017790074 0.034667696
v -0.062429031 -0.017789440 0.015115954
v -0.064253859 -0.017771671 0.014918354
v -0.067032908 -0.017746435 0.013098168
v -0.067032908 -0.017746435 0.035409690
v -0.062926650 -0.017744694 0.033298028
v -0.057903908 -0.017731501 0.015291575
v -0.057903908 -0.017731501 0.033216283
v -0.062056097 -0.017728568 0.015134254
v -0.062056097 -0.017728568 0.033373603
v -0.065745053 -0.017710579 0.014191849
v -0.064734471 -0.017690271 0.033731759
v -0.062806106 -0.017681531 0.015287499
v -0.059956757 -0.017643603 0.015143079
v -0.059956757 -0.017643603 0.033364778
v -0.062126753 -0.017631093 0.015282709
v -0.062126493 -0.017630959 0.033225004
v -0.063295471 -0.017590327 0.033169789
v -0.066380476 -0.017580921 0.034769737
v -0.064559932 -0.017557682 0.014940629
v -0.061965078 -0.017548059 0.033134967
v -0.061962578 -0.017546784 0.015374291
v -0.063182722 -0.017529677 0.015422985
v -0.061877543 -0.017503621 0.015422067
v -0.057972344 -0.017501975 0.015302417
v -0.057972344 -0.017501975 0.033205441
v -0.061850342 -0.017489889 0.033070454
v -0.065956015 -0.017488330 0.014109888
v -0.065012722 -0.017462460 0.033749242
v -0.060039193 -0.017446086 0.015255723
v -0.060039193 -0.017446086 0.033252135
v -0.062286388 -0.017423008 0.015626048
v -0.062260771 -0.017410894 0.032864942
v -0.063657088 -0.017397065 0.033079317
v -0.066542975 -0.017368210 0.034891827
v -0.063552240 -0.017336556 0.015520023
v -0.064850102 -0.017321815 0.014928940
v -0.062697262 -0.017286818 0.015793069
v -0.058043374 -0.017277960 0.015349904
v -0.058043374 -0.017277960 0.033157953
v -0.062673367 -0.017275698 0.032696378
v -0.060120938 -0.017269753 0.015399671
v -0.060120938 -0.017269753 0.033108186
v -0.066148217 -0.017259320 0.014003915
v -0.065272560 -0.017218140 0.033798431
v -0.061256192 -0.017200263 0.015780654
v -0.061249702 -0.017197222 0.032723350
v -0.056062976 -0.017175843 0.015436346
v -0.056062976 -0.017175843 0.033071512
v -0.061202111 -0.017175009 0.032694989
v -0.064005367 -0.017168186 0.033028147
v -0.061701869 -0.017163715 0.016016210
v -0.066686616 -0.017153712 0.035032949
v -0.061651084 -0.017143044 0.032457153
v -0.060199996 -0.017118911 0.015571407
v -0.060199996 -0.017118911 0.032936451
v -0.063908146 -0.017105574 0.015576900
v -0.063101655 -0.017097873 0.015919669
v -0.063079517 -0.017087124 0.032568279
v -0.065120461 -0.017067246 0.014883441
v -0.058115293 -0.017064833 0.015432898
v -0.058115293 -0.017064833 0.033074960
v -0.062153071 -0.017056187 0.016216972
v -0.062105915 -0.017038644 0.032253700
v -0.066319797 -0.017025765 0.013874959
v -0.060274436 -0.016997246 0.015766735
v -0.060274436 -0.016997246 0.032741122
v -0.061186405 -0.016970554 0.016371910
v -0.065510743 -0.016960359 0.033878717
v -0.060706160 -0.016954472 0.016119040
v -0.061081561 -0.016952223 0.016392306
v -0.061081561 -0.016952223 0.032115552
v -0.061126211 -0.016950666 0.016414363
v -0.061126211 -0.016950666 0.032093495
v -0.056126753 -0.016947963 0.015451812
v -0.056126753 -0.016947963 0.033056046
v -0.060641727 -0.016927533 0.016160550
v -0.060641727 -0.016927533 0.032347308
v -0.060342443 -0.016907730 0.015980882
v -0.060342443 -0.016907730 0.032526976
v -0.064334400 -0.016907573 0.033017145
v -0.061530345 -0.016903795 0.016602126
v -0.061530345 -0.016903795 0.031905731
v -0.061675752 -0.016900146 0.016596461
v -0.061620234 -0.016885406 0.016641008
v -0.061620234 -0.016885406 0.031866850
v -0.062598706 -0.016880320 0.016378005
v -0.058186371 -0.016867712 0.015549407
v -0.058186371 -0.016867712 0.032958451
v -0.062555264 -0.016864413 0.032089703
v -0.063491189 -0.016860085 0.016003227
v -0.054962921 -0.016858150 0.015459818
v -0.054962921 -0.016858150 0.033048039
v -0.060402349 -0.016852550 0.016208617
v -0.060402349 -0.016852550 0.032299241
v -0.063470742 -0.016849108 0.032483322
v -0.064244159 -0.016840803 0.015592615
v -0.065367364 -0.016797404 0.014804749
v -0.060848721 -0.016795049 0.016834806
v -0.066469094 -0.016789926 0.013724267
v -0.061977373 -0.016783401 0.016785007
v -0.061977373 -0.016783401 0.031722851
v -0.060399872 -0.016763491 0.016612328
v -0.061306502 -0.016751896 0.017036132
v -0.062160312 -0.016745247 0.016786320
v -0.062109543 -0.016733635 0.016833947
v -0.062109543 -0.016733635 0.031673910
v -0.056190581 -0.016725436 0.015503223
v -0.056190581 -0.016725436 0.033004635
v -0.065724299 -0.016692333 0.033989093
v -0.058254906 -0.016691329 0.015696633
v -0.058254906 -0.016691329 0.032811224
v -0.066380622 -0.016644119 0.034679166
v -0.063027820 -0.016640438 0.016495352
v -0.061762116 -0.016635077 0.017211428
v -0.055023654 -0.016631489 0.015477715
v -0.055023654 -0.016631489 0.033030142
v -0.062987920 -0.016624696 0.031969253
v -0.064638603 -0.016619648 0.033046501
v -0.055031176 -0.016603418 0.015482457
v -0.055031176 -0.016603418 0.033025401
v -0.062411993 -0.016593913 0.016936588
v -0.062411993 -0.016593913 0.031571270
v -0.063857796 -0.016578380 0.016042011
v -0.063838877 -0.016566619 0.032443277
v -0.060491567 -0.016552052 0.030924980
v -0.064554358 -0.016546913 0.015566890
v -0.058319249 -0.016539919 0.015871040
v -0.058319249 -0.016539919 0.032636818
v -0.060963614 -0.016517440 0.030739147
v -0.065587489 -0.016515924 0.014693922
v -0.056252964 -0.016513487 0.015589374
v -0.056252964 -0.016513487 0.032918484
v -0.062626338 -0.016510250 0.016936102
v -0.060028406 -0.016509413 0.031130477
v -0.062580027 -0.016499729 0.016987619
v -0.062580027 -0.016499729 0.031520238
v -0.062204512 -0.016447426 0.017356441
v -0.065910565 -0.016417404 0.034128183
v -0.058377857 -0.016417117 0.016068443
v -0.058377857 -0.016417117 0.032439415
v -0.060291848 -0.016415178 0.018047468
v -0.055082983 -0.016410071 0.015530989
v -0.055082983 -0.016410071 0.032976868
v -0.061432811 -0.016406439 0.030577601
v -0.060772139 -0.016385596 0.018222981
v -0.059820414 -0.016366035 0.017853311
v -0.055097434 -0.016356140 0.015549709
v -0.055097434 -0.016356140 0.032958148
v -0.063429862 -0.016342437 0.016566127
v -0.062823837 -0.016339848 0.017053255
v -0.062823837 -0.016339848 0.031454603
v -0.058429323 -0.016325871 0.016284102
v -0.058429323 -0.016325871 0.032223756
v -0.063393097 -0.016325470 0.031895354
v -0.056312434 -0.016317096 0.015708242
v -0.056312434 -0.016317096 0.032799616
v -0.064912818 -0.016309296 0.033115713
v -0.061249168 -0.016278035 0.018375418
v -0.058472412 -0.016268373 0.016512838
v -0.058472412 -0.016268373 0.031995020
v -0.064193879 -0.016258595 0.016035219
v -0.064176238 -0.016245553 0.032448982
v -0.064833270 -0.016229087 0.015500179
v -0.065777869 -0.016226596 0.014552453
v -0.061887478 -0.016221810 0.030444362
v -0.060001221 -0.016214748 0.029703794
v -0.063060610 -0.016201825 0.017041557
v -0.055139535 -0.016199018 0.015618411
v -0.055139535 -0.016199018 0.032889447
v -0.062622971 -0.016193493 0.017467657
v -0.060493871 -0.016192833 0.029546180
v -0.063018124 -0.016190435 0.017097592
v -0.063018124 -0.016190435 0.031410266
v -0.059517372 -0.016155718 0.029878244
v -0.056367593 -0.016140874 0.015857034
v -0.056367593 -0.016140874 0.032650824
v -0.066067219 -0.016139003 0.034294256
v -0.059891878 -0.016138766 0.019121848
v -0.059891878 -0.016138766 0.029386010
v -0.059891579 -0.016138752 0.029386105
v -0.055159757 -0.016123552 0.015659610
v -0.055159757 -0.016123552 0.032848248
v -0.060389012 -0.016119844 0.029236392
v -0.060389608 -0.016119772 0.019271635
v -0.061710883 -0.016095212 0.018500932
v -0.060982618 -0.016090539 0.029409467
v -0.059402924 -0.016075855 0.018956014
v -0.059402924 -0.016075855 0.029551844
v -0.063203088 -0.016027264 0.017132226
v -0.063203088 -0.016027264 0.031375632
v -0.060882284 -0.016019621 0.029106595
v -0.060883161 -0.016019368 0.019401476
v -0.055192001 -0.016003211 0.015737958
v -0.055192001 -0.016003211 0.032769900
v -0.063794952 -0.015993644 0.016588592
v -0.056417150 -0.015988961 0.016032255
v -0.056417150 -0.015988961 0.032475603
v -0.065152391 -0.015981781 0.033223610
v -0.063760687 -0.015974199 0.031869848
v -0.062316305 -0.015968148 0.030342745
v -0.065935942 -0.015933318 0.014382246
v -0.055216318 -0.015912458 0.015808941
v -0.055216318 -0.015912458 0.032698917
v -0.061454853 -0.015910504 0.029297181
v -0.059546678 -0.015907756 0.020247892
v -0.059546575 -0.015907687 0.028259573
v -0.064492479 -0.015907352 0.015982991
v -0.060038540 -0.015905161 0.020357036
v -0.060038436 -0.015905096 0.028150442
v -0.065075979 -0.015892929 0.015393657
v -0.064475780 -0.015892613 0.032500317
v -0.063007341 -0.015879433 0.017542379
v -0.056459939 -0.015864925 0.016229789
v -0.056459939 -0.015864925 0.032278069
v -0.062145636 -0.015841742 0.018596353
v -0.061358572 -0.015840690 0.029000092
v -0.061359686 -0.015840168 0.019507992
v -0.059063265 -0.015832913 0.020127228
v -0.059063166 -0.015832840 0.028380222
v -0.063450805 -0.015828721 0.017099693
v -0.055239170 -0.015827182 0.015886863
v -0.055239170 -0.015827182 0.032620995
v -0.060526837 -0.015825191 0.020451993
v -0.060526733 -0.015825132 0.028055495
v -0.063411193 -0.015814672 0.017160693
v -0.063411193 -0.015814672 0.031347165
v -0.056494954 -0.015771679 0.016444998
v -0.056494954 -0.015771679 0.032062860
v -0.059779562 -0.015740166 0.027004340
v -0.059776741 -0.015738336 0.021519116
v -0.059293821 -0.015731483 0.027077076
v -0.059291075 -0.015729534 0.021446839
v -0.055265466 -0.015729037 0.015993334
v -0.055265466 -0.015729037 0.032514524
v -0.059751753 -0.015722094 0.021661823
v -0.059266765 -0.015712244 0.021593715
v -0.056521373 -0.015711413 0.016672826
v -0.056521373 -0.015711413 0.031835032
v -0.055279944 -0.015674999 0.016061682
v -0.055279944 -0.015674999 0.032446176
v -0.060262253 -0.015674635 0.026940891
v -0.060259362 -0.015672959 0.021582164
v -0.060999644 -0.015669800 0.020530445
v -0.060999538 -0.015669747 0.027977053
v -0.063540702 -0.015663614 0.017171619
v -0.063540702 -0.015663614 0.031336239
v -0.060233751 -0.015658080 0.021721250
v -0.061898400 -0.015657372 0.029212218
v -0.062708620 -0.015651763 0.030275277
v -0.058816309 -0.015648786 0.027157412
v -0.058813636 -0.015646756 0.021367012
v -0.065353257 -0.015642660 0.033368359
v -0.059612597 -0.015630593 0.025804347
v -0.058789981 -0.015628755 0.021518498
v -0.059591879 -0.015616816 0.022931318
v -0.059131664 -0.015615036 0.025843748
v -0.059586862 -0.015613471 0.025514967
v -0.064114112 -0.015602631 0.016562193
v -0.059111594 -0.015600430 0.022897878
v -0.059106733 -0.015596885 0.025546811
v -0.061805491 -0.015587703 0.028919649
v -0.061806779 -0.015586837 0.019588409
v -0.059537034 -0.015580143 0.024222399
v -0.064081526 -0.015579643 0.031893371
v -0.055305761 -0.015578654 0.016207391
v -0.055305761 -0.015578654 0.032300467
v -0.060090834 -0.015574064 0.025769920
v -0.059058512 -0.015561584 0.024221612
v -0.060069516 -0.015561387 0.022960543
v -0.060064349 -0.015558308 0.025487136
v -0.055313389 -0.015550185 0.016258373
v -0.055313389 -0.015550185 0.032249485
v -0.065278202 -0.015544367 0.015249205
v -0.060730685 -0.015536409 0.026888205
v -0.060727740 -0.015534919 0.021634522
v -0.064747411 -0.015531928 0.015886409
v -0.058658823 -0.015527745 0.025887241
v -0.060013026 -0.015527606 0.024223086
v -0.062542444 -0.015524024 0.018659273
v -0.060701623 -0.015521676 0.021770624
v -0.064731252 -0.015515167 0.032596212
v -0.063348306 -0.015512861 0.017578794
v -0.058639382 -0.015512595 0.022860967
v -0.058634674 -0.015508919 0.025581959
v -0.058588018 -0.015472341 0.024220745
v -0.055336024 -0.015465711 0.016444851
v -0.055336024 -0.015465711 0.032063007
v -0.055338727 -0.015455627 0.016472384
v -0.055338727 -0.015455627 0.032035473
v -0.060555646 -0.015446719 0.025741240
v -0.061445412 -0.015442782 0.020590474
v -0.061445304 -0.015442737 0.027917030
v -0.060533834 -0.015435381 0.022984899
v -0.060528546 -0.015432627 0.025463940
v -0.060475985 -0.015405134 0.024223660
v -0.063785854 -0.015401524 0.017108860
v -0.055355370 -0.015393512 0.016698765
v -0.055355370 -0.015393512 0.031809092
v -0.063747902 -0.015383276 0.017175102
v -0.063747902 -0.015383276 0.031332755
v -0.062301813 -0.015337670 0.029156770
v -0.061173980 -0.015328700 0.026847503
v -0.061171000 -0.015327419 0.021674974
v -0.061144573 -0.015316036 0.021808806
v -0.065512009 -0.015297687 0.033547507
v -0.063054664 -0.015280528 0.030243639
v -0.062211420 -0.015267239 0.019640497
v -0.062211420 -0.015267239 0.028867360
v -0.062212797 -0.015265971 0.019640634
v -0.063828630 -0.015257570 0.017170494
v -0.063828630 -0.015257570 0.031337364
v -0.060996611 -0.015251414 0.025718950
v -0.060974467 -0.015241612 0.023003841
v -0.060969097 -0.015239230 0.025445895
v -0.060915688 -0.015215431 0.024224107
v -0.065436376 -0.015189549 0.015069370
v -0.064379501 -0.015179011 0.016487580
v -0.064347609 -0.015151641 0.031965338
v -0.062891292 -0.015150080 0.018688102
v -0.061853247 -0.015149685 0.020630616
v -0.061853140 -0.015149648 0.027876893
v -0.064953393 -0.015140099 0.015747472
v -0.064937320 -0.015121092 0.032734662
v -0.063637598 -0.015102666 0.017576022
v -0.061581848 -0.015056331 0.026819731
v -0.061578860 -0.015055277 0.021702582
v -0.061552369 -0.015045905 0.021834913
v -0.061403836 -0.014992528 0.025703551
v -0.061381573 -0.014984407 0.023016948
v -0.061376174 -0.014982432 0.025433406
v -0.061322440 -0.014962681 0.024224417
v -0.062654696 -0.014959645 0.029132266
v -0.064056249 -0.014932354 0.017068799
v -0.064018541 -0.014908687 0.017140406
v -0.064018541 -0.014908687 0.031367452
v -0.062565804 -0.014887631 0.028844585
v -0.062567173 -0.014885922 0.019663306
v -0.063345826 -0.014863679 0.030248616
v -0.064060008 -0.014818811 0.017128877
v -0.064060008 -0.014818811 0.031378980
v -0.062213190 -0.014797666 0.020649887
v -0.062213083 -0.014797638 0.027857623
v -0.065106160 -0.014739983 0.015569062
v -0.064584591 -0.014733197 0.016366586
v -0.063183373 -0.014729350 0.018682114
v -0.061944810 -0.014725625 0.026805534
v -0.061941851 -0.014724806 0.021716703
v -0.065089684 -0.014718617 0.032912779
v -0.061915597 -0.014717522 0.021848342
v -0.064552302 -0.014700869 0.032083952
v -0.061768185 -0.014675870 0.025695388
v -0.061746063 -0.014669509 0.023023926
v -0.061740695 -0.014667961 0.025426749
v -0.063868204 -0.014658792 0.017534128
v -0.061687259 -0.014652463 0.024224585
v -0.062947937 -0.014533047 0.029139338
v -0.062859429 -0.014458748 0.028851914
v -0.062860681 -0.014456584 0.019655836
v -0.064254320 -0.014434524 0.016980646
v -0.063574861 -0.014411589 0.030290086
v -0.064215305 -0.014404593 0.017057603
v -0.064215305 -0.014404593 0.031450255
v -0.062516448 -0.014395325 0.020647819
v -0.062516343 -0.014395306 0.027859690
v -0.064229316 -0.014357800 0.017047762
v -0.064229316 -0.014357800 0.031460095
v -0.062254445 -0.014344262 0.026805243
v -0.062251550 -0.014343677 0.021717012
v -0.062225867 -0.014338469 0.021848784
v -0.062081491 -0.014308541 0.025694643
v -0.062059796 -0.014303950 0.023024620
v -0.062054530 -0.014302832 0.025426074
v -0.062002098 -0.014291622 0.024224605
v -0.064724341 -0.014276148 0.016202187
v -0.063411313 -0.014272457 0.018641458
v -0.064690501 -0.014238567 0.032246257
v -0.064034531 -0.014192002 0.017454127
v -0.063173982 -0.014068879 0.029177805
v -0.063084660 -0.013991743 0.028889158
v -0.063085681 -0.013989134 0.019618419
v -0.063085681 -0.013989134 0.028889439
v -0.062755614 -0.013952492 0.020624462
v -0.062755515 -0.013952480 0.027883043
v -0.063736072 -0.013935505 0.030367015
v -0.064374446 -0.013922155 0.016846902
v -0.062503560 -0.013921099 0.026818862
v -0.062500769 -0.013920736 0.021703499
v -0.062476018 -0.013917498 0.021836228
v -0.062336720 -0.013898781 0.025701334
v -0.062315766 -0.013895894 0.023019014
v -0.062310679 -0.013895191 0.025431396
v -0.062260005 -0.013888122 0.024224477
v -0.064332519 -0.013885529 0.016929082
v -0.064332519 -0.013885529 0.031578775
v -0.063569357 -0.013790935 0.018567162
v -0.078791499 -0.013766289 0.008045428
v -0.077587991 -0.013766289 0.008090172
v -0.080009812 -0.013766289 0.008091282
v -0.081606076 -0.013766289 0.008291671
v -0.075976923 -0.013766289 0.008291671
v -0.075193040 -0.013766289 0.008449924
v -0.082404433 -0.013766289 0.008453227
v -0.084335133 -0.013766289 0.009022921
v -0.073247866 -0.013766289 0.009022921
v -0.072878426 -0.013766289 0.009162507
v -0.084718393 -0.013766289 0.009167928
v -0.070695822 -0.013766289 0.010212010
v -0.086900034 -0.013766289 0.010219431
v -0.081768914 -0.013766289 0.011294607
v -0.075814085 -0.013766289 0.011294607
v -0.082011638 -0.013766289 0.011300964
v -0.075571361 -0.013766289 0.011300964
v -0.081528184 -0.013766289 0.011326301
v -0.076054815 -0.013766289 0.011326301
v -0.082250380 -0.013766289 0.011345211
v -0.075332619 -0.013766289 0.011345211
v -0.081295375 -0.013766289 0.011395262
v -0.076287624 -0.013766289 0.011395262
v -0.082479260 -0.013766289 0.011426263
v -0.075103739 -0.013766289 0.011426263
v -0.081076221 -0.013766289 0.011499794
v -0.076506778 -0.013766289 0.011499794
v -0.082692644 -0.013766289 0.011542120
v -0.074890355 -0.013766289 0.011542120
v -0.068693957 -0.013766289 0.011575004
v -0.088900650 -0.013766289 0.011584258
v -0.082885276 -0.013766289 0.011689932
v -0.074697723 -0.013766289 0.011689932
v -0.089210122 -0.013766289 0.011837497
v -0.068372877 -0.013766289 0.011837497
v -0.083052414 -0.013766289 0.011866058
v -0.074530585 -0.013766289 0.011866058
v -0.083189941 -0.013766289 0.012066163
v -0.074393058 -0.013766289 0.012066163
v -0.080080958 -0.013766289 0.012074408
v -0.077502040 -0.013766289 0.012074408
v -0.079733684 -0.013766289 0.012241646
v -0.077849315 -0.013766289 0.012241646
v -0.079365363 -0.013766289 0.012355258
v -0.078217636 -0.013766289 0.012355258
v -0.078984222 -0.013766289 0.012412706
v -0.078598777 -0.013766289 0.012412706
v -0.083764556 -0.013766289 0.013061425
v -0.073818443 -0.013766289 0.013061425
v -0.066917524 -0.013766289 0.013221061
v -0.090675575 -0.013766289 0.013231941
v -0.083981685 -0.013766289 0.013379894
v -0.073560600 -0.013766289 0.013429662
v -0.084243854 -0.013766289 0.013662446
v -0.073242731 -0.013766289 0.013747531
v -0.091207931 -0.013766289 0.013835307
v -0.066375068 -0.013766289 0.013835307
v -0.084545208 -0.013766289 0.013902767
v -0.072874493 -0.013766289 0.014005374
v -0.084879014 -0.013766289 0.014095491
v -0.072467077 -0.013766289 0.014195355
v -0.085237815 -0.013766289 0.014236309
v -0.072032859 -0.013766289 0.014311704
v -0.085613596 -0.013766289 0.014322079
v -0.087147194 -0.013766289 0.014350883
v -0.085997964 -0.013766289 0.014350883
v -0.071585035 -0.013766289 0.014350883
v -0.070435805 -0.013766289 0.014350883
v -0.087389253 -0.013766289 0.014369934
v -0.070193746 -0.013766289 0.014369934
v -0.087625352 -0.013766289 0.014426616
v -0.069957647 -0.013766289 0.014426616
v -0.087849677 -0.013766289 0.014519535
v -0.069733322 -0.013766289 0.014519535
v -0.088056704 -0.013766289 0.014646402
v -0.069526295 -0.013766289 0.014646402
v -0.088241336 -0.013766289 0.014804092
v -0.069341662 -0.013766289 0.014804092
v -0.088399027 -0.013766289 0.014988725
v -0.069183972 -0.013766289 0.014988725
v -0.065406182 -0.013766289 0.015113428
v -0.092185183 -0.013766289 0.015125693
v -0.088525894 -0.013766289 0.015195751
v -0.069057105 -0.013766289 0.015195751
v -0.088618812 -0.013766289 0.015420076
v -0.068964187 -0.013766289 0.015420076
v -0.088675495 -0.013766289 0.015656175
v -0.068907504 -0.013766289 0.015656175
v -0.088694545 -0.013766289 0.015898234
v -0.068888454 -0.013766289 0.015898234
v -0.092828472 -0.013766289 0.016149679
v -0.088694545 -0.013766289 0.017047464
v -0.068888454 -0.013766289 0.017047464
v -0.064193671 -0.013766289 0.017209862
v -0.093395774 -0.013766289 0.017223235
v -0.068859649 -0.013766289 0.017431832
v -0.088733725 -0.013766289 0.017495289
v -0.068773880 -0.013766289 0.017807613
v -0.088850073 -0.013766289 0.017929506
v -0.068633062 -0.013766289 0.018166415
v -0.089040055 -0.013766289 0.018336923
v -0.068440338 -0.013766289 0.018500220
v -0.089297897 -0.013766289 0.018705161
v -0.094022507 -0.013766289 0.018710296
v -0.068200017 -0.013766289 0.018801574
v -0.089615766 -0.013766289 0.019023030
v -0.067917465 -0.013766289 0.019063743
v -0.089984003 -0.013766289 0.019280872
v -0.067598995 -0.013766289 0.019280872
v -0.094280317 -0.013766289 0.019477741
v -0.090979265 -0.013766289 0.019855487
v -0.066603733 -0.013766289 0.019855487
v -0.091179371 -0.013766289 0.019993015
v -0.066403628 -0.013766289 0.019993015
v -0.091355496 -0.013766289 0.020160153
v -0.066227503 -0.013766289 0.020160153
v -0.091503308 -0.013766289 0.020352785
v -0.066079691 -0.013766289 0.020352785
v -0.091619165 -0.013766289 0.020566168
v -0.065963833 -0.013766289 0.020566168
v -0.091700217 -0.013766289 0.020795048
v -0.065882782 -0.013766289 0.020795048
v -0.091744465 -0.013766289 0.021033790
v -0.065838534 -0.013766289 0.021033790
v -0.091750821 -0.013766289 0.021276514
v -0.065832177 -0.013766289 0.021276514
v -0.094753757 -0.013766289 0.021439352
v -0.091719127 -0.013766289 0.021517245
v -0.065863871 -0.013766289 0.021517245
v -0.091650166 -0.013766289 0.021750053
v -0.065932833 -0.013766289 0.021750053
v -0.094819069 -0.013766289 0.021838876
v -0.091545635 -0.013766289 0.021969208
v -0.066037364 -0.013766289 0.021969208
v -0.090971021 -0.013766289 0.022964470
v -0.066611978 -0.013766289 0.022964470
v -0.090803782 -0.013766289 0.023311744
v -0.066779217 -0.013766289 0.023311744
v -0.090690170 -0.013766289 0.023680066
v -0.066892829 -0.013766289 0.023680066
v -0.090632723 -0.013766289 0.024061206
v -0.066950276 -0.013766289 0.024061206
v -0.095000000 -0.013766289 0.024253929
v -0.095000000 -0.013766289 0.024253929
v -0.090632723 -0.013766289 0.024446652
v -0.066950276 -0.013766289 0.024446652
v -0.090690170 -0.013766289 0.024827792
v -0.066892829 -0.013766289 0.024827792
v -0.090803782 -0.013766289 0.025196113
v -0.066779217 -0.013766289 0.025196113
v -0.090971021 -0.013766289 0.025543388
v -0.066611978 -0.013766289 0.025543388
v -0.091545635 -0.013766289 0.026538650
v -0.066037364 -0.013766289 0.026538650
v -0.094819069 -0.013766289 0.026668982
v -0.091650166 -0.013766289 0.026757804
v -0.065932833 -0.013766289 0.026757804
v -0.091719127 -0.013766289 0.026990613
v -0.065863871 -0.013766289 0.026990613
v -0.094753757 -0.013766289 0.027068505
v -0.091750821 -0.013766289 0.027231343
v -0.065832177 -0.013766289 0.027231343
v -0.091744465 -0.013766289 0.027474068
v -0.065838534 -0.013766289 0.027474068
v -0.091700217 -0.013766289 0.027712809
v -0.065882782 -0.013766289 0.027712809
v -0.091619165 -0.013766289 0.027941690
v -0.065963833 -0.013766289 0.027941690
v -0.091503308 -0.013766289 0.028155073
v -0.066079691 -0.013766289 0.028155073
v -0.091355496 -0.013766289 0.028347705
v -0.066227503 -0.013766289 0.028347705
v -0.091179371 -0.013766289 0.028514843
v -0.066403628 -0.013766289 0.028514843
v -0.090979265 -0.013766289 0.028652371
v -0.066603733 -0.013766289 0.028652371
v -0.094280317 -0.013766289 0.029030117
v -0.089984003 -0.013766289 0.029226985
v -0.067598995 -0.013766289 0.029226985
v -0.089665534 -0.013766289 0.029444115
v -0.067917465 -0.013766289 0.029444115
v -0.089382982 -0.013766289 0.029706284
v -0.068200017 -0.013766289 0.029706284
v -0.094022507 -0.013766289 0.029797562
v -0.089142661 -0.013766289 0.030007638
v -0.068440338 -0.013766289 0.030007638
v -0.088949937 -0.013766289 0.030341443
v -0.068633062 -0.013766289 0.030341443
v -0.088809119 -0.013766289 0.030700245
v -0.068773880 -0.013766289 0.030700245
v -0.088723349 -0.013766289 0.031076026
v -0.068859649 -0.013766289 0.031076026
v -0.093395774 -0.013766289 0.031284623
v -0.064193671 -0.013766289 0.031297996
v -0.088694545 -0.013766289 0.031460394
v -0.068888454 -0.013766289 0.031460394
v -0.092828472 -0.013766289 0.032358179
v -0.088694545 -0.013766289 0.032609623
v -0.068888454 -0.013766289 0.032609623
v -0.088675495 -0.013766289 0.032851682
v -0.068907504 -0.013766289 0.032851682
v -0.088618812 -0.013766289 0.033087782
v -0.068964187 -0.013766289 0.033087782
v -0.088525894 -0.013766289 0.033312107
v -0.069057105 -0.013766289 0.033312107
v -0.092185183 -0.013766289 0.033382165
v -0.065406182 -0.013766289 0.033394429
v -0.088399027 -0.013766289 0.033519133
v -0.069183972 -0.013766289 0.033519133
v -0.088241336 -0.013766289 0.033703766
v -0.069341662 -0.013766289 0.033703766
v -0.088056704 -0.013766289 0.033861456
v -0.069526295 -0.013766289 0.033861456
v -0.087849677 -0.013766289 0.033988323
v -0.069733322 -0.013766289 0.033988323
v -0.087625352 -0.013766289 0.034081242
v -0.069957647 -0.013766289 0.034081242
v -0.087389253 -0.013766289 0.034137924
v -0.070193746 -0.013766289 0.034137924
v -0.087147194 -0.013766289 0.034156974
v -0.085997964 -0.013766289 0.034156974
v -0.071585035 -0.013766289 0.034156974
v -0.070435805 -0.013766289 0.034156974
v -0.071969402 -0.013766289 0.034185779
v -0.085550140 -0.013766289 0.034196154
v -0.072345184 -0.013766289 0.034271549
v -0.085115922 -0.013766289 0.034312502
v -0.072703985 -0.013766289 0.034412367
v -0.084708506 -0.013766289 0.034502484
v -0.073037790 -0.013766289 0.034605091
v -0.091207931 -0.013766289 0.034672551
v -0.066375068 -0.013766289 0.034672551
v -0.084340268 -0.013766289 0.034760326
v -0.073339145 -0.013766289 0.034845412
v -0.084022399 -0.013766289 0.035078195
v -0.073601313 -0.013766289 0.035127963
v -0.090675575 -0.013766289 0.035275917
v -0.066917524 -0.013766289 0.035286797
v -0.083764556 -0.013766289 0.035446433
v -0.073818443 -0.013766289 0.035446433
v -0.078984222 -0.013766289 0.036095152
v -0.078598777 -0.013766289 0.036095152
v -0.079365363 -0.013766289 0.036152599
v -0.078217636 -0.013766289 0.036152599
v -0.079733684 -0.013766289 0.036266211
v -0.077849315 -0.013766289 0.036266211
v -0.080080958 -0.013766289 0.036433450
v -0.077502040 -0.013766289 0.036433450
v -0.083189941 -0.013766289 0.036441695
v -0.074393058 -0.013766289 0.036441695
v -0.083052414 -0.013766289 0.036641800
v -0.074530585 -0.013766289 0.036641800
v -0.089210122 -0.013766289 0.036670361
v -0.068372877 -0.013766289 0.036670361
v -0.082885276 -0.013766289 0.036817926
v -0.074697723 -0.013766289 0.036817926
v -0.088900650 -0.013766289 0.036923600
v -0.068693957 -0.013766289 0.036932853
v -0.082692644 -0.013766289 0.036965737
v -0.074890355 -0.013766289 0.036965737
v -0.081076221 -0.013766289 0.037008064
v -0.076506778 -0.013766289 0.037008064
v -0.082479260 -0.013766289 0.037081595
v -0.075103739 -0.013766289 0.037081595
v -0.081295375 -0.013766289 0.037112596
v -0.076287624 -0.013766289 0.037112596
v -0.082250380 -0.013766289 0.037162646
v -0.075332619 -0.013766289 0.037162646
v -0.081528184 -0.013766289 0.037181557
v -0.076054815 -0.013766289 0.037181557
v -0.082011638 -0.013766289 0.037206894
v -0.075571361 -0.013766289 0.037206894
v -0.081768914 -0.013766289 0.037213251
v -0.075814085 -0.013766289 0.037213251
v -0.086900034 -0.013766289 0.038288427
v -0.070695822 -0.013766289 0.038295848
v -0.084718393 -0.013766289 0.039339930
v -0.072878426 -0.013766289 0.039345351
v -0.084335133 -0.013766289 0.039484936
v -0.073247866 -0.013766289 0.039484936
v -0.082404433 -0.013766289 0.040054631
v -0.075193040 -0.013766289 0.040057934
v -0.081606076 -0.013766289 0.040216186
v -0.075976923 -0.013766289 0.040216186
v -0.080009812 -0.013766289 0.040416576
v -0.077587991 -0.013766289 0.040417686
v -0.078791499 -0.013766289 0.040462429
v -0.064127243 -0.013756175 0.017348498
v -0.063882057 -0.013718888 0.030628866
v -0.063788285 -0.013704643 0.030416924
v -0.063596742 -0.013675575 0.018542939
v -0.063459680 -0.013654798 0.018885196
v -0.077588699 -0.013645259 0.008099671
v -0.080009096 -0.013645259 0.008100779
v -0.075195155 -0.013645259 0.008459212
v -0.082402309 -0.013645259 0.008462513
v -0.072881900 -0.013645259 0.009171375
v -0.084714910 -0.013645259 0.009176795
v -0.070700580 -0.013645259 0.010220262
v -0.086895269 -0.013645259 0.010227678
v -0.068699892 -0.013645259 0.011582456
v -0.088894708 -0.013645259 0.011591704
v -0.066924503 -0.013645259 0.013227544
v -0.090668591 -0.013645259 0.013238418
v -0.065414048 -0.013645259 0.015118801
v -0.092177313 -0.013645259 0.015131057
v -0.064202250 -0.013645259 0.017214001
v -0.093387191 -0.013645259 0.017227367
v -0.094271215 -0.013645259 0.019480548
v -0.094809650 -0.013645259 0.021840296
v -0.094990474 -0.013645259 0.024253929
v -0.094809650 -0.013645259 0.026667562
v -0.094271215 -0.013645259 0.029027310
v -0.093387191 -0.013645259 0.031280491
v -0.064202250 -0.013645259 0.031293856
v -0.092177313 -0.013645259 0.033376801
v -0.065414048 -0.013645259 0.033389057
v -0.090668591 -0.013645259 0.035269440
v -0.066924503 -0.013645259 0.035280314
v -0.088894708 -0.013645259 0.036916153
v -0.068699892 -0.013645259 0.036925402
v -0.086895269 -0.013645259 0.038280180
v -0.070700580 -0.013645259 0.038287596
v -0.084714910 -0.013645259 0.039331063
v -0.072881900 -0.013645259 0.039336483
v -0.082402309 -0.013645259 0.040045345
v -0.075195155 -0.013645259 0.040048646
v -0.080009096 -0.013645259 0.040407078
v -0.077588699 -0.013645259 0.040408187
v -0.063381961 -0.013643025 0.029420199
v -0.063314768 -0.013632851 0.029239527
v -0.081768299 -0.013631941 0.011282869
v -0.075814700 -0.013631941 0.011282869
v -0.082012867 -0.013631941 0.011289275
v -0.075570132 -0.013631941 0.011289275
v -0.081525740 -0.013631941 0.011314803
v -0.076057259 -0.013631941 0.011314803
v -0.082253422 -0.013631941 0.011333859
v -0.075329577 -0.013631941 0.011333859
v -0.081291163 -0.013631941 0.011384289
v -0.076291836 -0.013631941 0.011384289
v -0.082484041 -0.013631941 0.011415525
v -0.075098958 -0.013631941 0.011415525
v -0.081070344 -0.013631941 0.011489614
v -0.076512655 -0.013631941 0.011489614
v -0.082699045 -0.013631941 0.011532263
v -0.074883954 -0.013631941 0.011532263
v -0.082893141 -0.013631941 0.011681197
v -0.074689858 -0.013631941 0.011681197
v -0.083061548 -0.013631941 0.011858662
v -0.074521451 -0.013631941 0.011858662
v -0.083200120 -0.013631941 0.012060285
v -0.074382879 -0.013631941 0.012060285
v -0.080075082 -0.013631941 0.012064229
v -0.077507917 -0.013631941 0.012064229
v -0.079729390 -0.013631941 0.012230705
v -0.077853609 -0.013631941 0.012230705
v -0.079362747 -0.013631941 0.012343799
v -0.078220252 -0.013631941 0.012343799
v -0.078983344 -0.013631941 0.012400986
v -0.078599655 -0.013631941 0.012400986
v -0.083774735 -0.013631941 0.013055548
v -0.073808264 -0.013631941 0.013055548
v -0.083990874 -0.013631941 0.013372566
v -0.073551596 -0.013631941 0.013422107
v -0.084251849 -0.013631941 0.013653830
v -0.073235176 -0.013631941 0.013738527
v -0.084551829 -0.013631941 0.013893056
v -0.072868617 -0.013631941 0.013995195
v -0.084884114 -0.013631941 0.014084901
v -0.072463056 -0.013631941 0.014184311
v -0.085241280 -0.013631941 0.014225078
v -0.072030818 -0.013631941 0.014300129
v -0.085615348 -0.013631941 0.014310456
v -0.087147194 -0.013631941 0.014339130
v -0.085997964 -0.013631941 0.014339130
v -0.071585035 -0.013631941 0.014339130
v -0.070435805 -0.013631941 0.014339130
v -0.087391092 -0.013631941 0.014358325
v -0.070191907 -0.013631941 0.014358325
v -0.087628984 -0.013631941 0.014415437
v -0.069954015 -0.013631941 0.014415437
v -0.087855012 -0.013631941 0.014509062
v -0.069727987 -0.013631941 0.014509062
v -0.088063613 -0.013631941 0.014636892
v -0.069519386 -0.013631941 0.014636892
v -0.088249647 -0.013631941 0.014795781
v -0.069333352 -0.013631941 0.014795781
v -0.088408536 -0.013631941 0.014981815
v -0.069174463 -0.013631941 0.014981815
v -0.088536367 -0.013631941 0.015190416
v -0.069046632 -0.013631941 0.015190416
v -0.088629991 -0.013631941 0.015416444
v -0.068953008 -0.013631941 0.015416444
v -0.088687104 -0.013631941 0.015654337
v -0.068895895 -0.013631941 0.015654337
v -0.088706298 -0.013631941 0.015898234
v -0.068876701 -0.013631941 0.015898234
v -0.088706298 -0.013631941 0.017047464
v -0.068876701 -0.013631941 0.017047464
v -0.068848027 -0.013631941 0.017430080
v -0.088745300 -0.013631941 0.017493247
v -0.068762648 -0.013631941 0.017804149
v -0.088861117 -0.013631941 0.017925486
v -0.068622471 -0.013631941 0.018161315
v -0.089050233 -0.013631941 0.018331046
v -0.068430627 -0.013631941 0.018493599
v -0.089306901 -0.013631941 0.018697606
v -0.068191401 -0.013631941 0.018793579
v -0.089623322 -0.013631941 0.019014026
v -0.067910137 -0.013631941 0.019054554
v -0.089989880 -0.013631941 0.019270693
v -0.067593119 -0.013631941 0.019270693
v -0.090985143 -0.013631941 0.019845308
v -0.066597856 -0.013631941 0.019845308
v -0.091186766 -0.013631941 0.019983880
v -0.066396232 -0.013631941 0.019983880
v -0.091364231 -0.013631941 0.020152288
v -0.066218768 -0.013631941 0.020152288
v -0.091513165 -0.013631941 0.020346383
v -0.066069834 -0.013631941 0.020346383
v -0.091629904 -0.013631941 0.020561387
v -0.065953095 -0.013631941 0.020561387
v -0.091711569 -0.013631941 0.020792007
v -0.065871430 -0.013631941 0.020792007
v -0.091756154 -0.013631941 0.021032562
v -0.065826845 -0.013631941 0.021032562
v -0.091762559 -0.013631941 0.021277130
v -0.065820440 -0.013631941 0.021277130
v -0.091730625 -0.013631941 0.021519689
v -0.065852374 -0.013631941 0.021519689
v -0.091661140 -0.013631941 0.021754266
v -0.065921859 -0.013631941 0.021754266
v -0.091555814 -0.013631941 0.021975085
v -0.066027185 -0.013631941 0.021975085
v -0.090981199 -0.013631941 0.022970347
v -0.066601800 -0.013631941 0.022970347
v -0.090814724 -0.013631941 0.023316039
v -0.066768275 -0.013631941 0.023316039
v -0.090701630 -0.013631941 0.023682681
v -0.066881369 -0.013631941 0.023682681
v -0.090644443 -0.013631941 0.024062084
v -0.066938556 -0.013631941 0.024062084
v -0.090644443 -0.013631941 0.024445773
v -0.066938556 -0.013631941 0.024445773
v -0.090701630 -0.013631941 0.024825177
v -0.066881369 -0.013631941 0.024825177
v -0.090814724 -0.013631941 0.025191819
v -0.066768275 -0.013631941 0.025191819
v -0.090981199 -0.013631941 0.025537511
v -0.066601800 -0.013631941 0.025537511
v -0.091555814 -0.013631941 0.026532773
v -0.066027185 -0.013631941 0.026532773
v -0.091661140 -0.013631941 0.026753592
v -0.065921859 -0.013631941 0.026753592
v -0.091730625 -0.013631941 0.026988169
v -0.065852374 -0.013631941 0.026988169
v -0.091762559 -0.013631941 0.027230728
v -0.065820440 -0.013631941 0.027230728
v -0.091756154 -0.013631941 0.027475296
v -0.065826845 -0.013631941 0.027475296
v -0.091711569 -0.013631941 0.027715851
v -0.065871430 -0.013631941 0.027715851
v -0.091629904 -0.013631941 0.027946470
v -0.065953095 -0.013631941 0.027946470
v -0.091513165 -0.013631941 0.028161475
v -0.066069834 -0.013631941 0.028161475
v -0.091364231 -0.013631941 0.028355570
v -0.066218768 -0.013631941 0.028355570
v -0.091186766 -0.013631941 0.028523977
v -0.066396232 -0.013631941 0.028523977
v -0.090985143 -0.013631941 0.028662549
v -0.066597856 -0.013631941 0.028662549
v -0.089989880 -0.013631941 0.029237164
v -0.067593119 -0.013631941 0.029237164
v -0.089672862 -0.013631941 0.029453304
v -0.067910137 -0.013631941 0.029453304
v -0.089391598 -0.013631941 0.029714279
v -0.068191401 -0.013631941 0.029714279
v -0.089152372 -0.013631941 0.030014259
v -0.068430627 -0.013631941 0.030014259
v -0.088960527 -0.013631941 0.030346543
v -0.068622471 -0.013631941 0.030346543
v -0.088820350 -0.013631941 0.030703709
v -0.068762648 -0.013631941 0.030703709
v -0.088734972 -0.013631941 0.031077778
v -0.068848027 -0.013631941 0.031077778
v -0.088706298 -0.013631941 0.031460394
v -0.068876701 -0.013631941 0.031460394
v -0.088706298 -0.013631941 0.032609623
v -0.068876701 -0.013631941 0.032609623
v -0.088687104 -0.013631941 0.032853521
v -0.068895895 -0.013631941 0.032853521
v -0.088629991 -0.013631941 0.033091414
v -0.068953008 -0.013631941 0.033091414
v -0.088536367 -0.013631941 0.033317442
v -0.069046632 -0.013631941 0.033317442
v -0.088408536 -0.013631941 0.033526043
v -0.069174463 -0.013631941 0.033526043
v -0.088249647 -0.013631941 0.033712077
v -0.069333352 -0.013631941 0.033712077
v -0.088063613 -0.013631941 0.033870966
v -0.069519386 -0.013631941 0.033870966
v -0.087855012 -0.013631941 0.033998796
v -0.069727987 -0.013631941 0.033998796
v -0.087628984 -0.013631941 0.034092421
v -0.069954015 -0.013631941 0.034092421
v -0.087391092 -0.013631941 0.034149533
v -0.070191907 -0.013631941 0.034149533
v -0.087147194 -0.013631941 0.034168727
v -0.085997964 -0.013631941 0.034168727
v -0.071585035 -0.013631941 0.034168727
v -0.070435805 -0.013631941 0.034168727
v -0.071967651 -0.013631941 0.034197401
v -0.085552181 -0.013631941 0.034207729
v -0.072341719 -0.013631941 0.034282780
v -0.085119943 -0.013631941 0.034323547
v -0.072698885 -0.013631941 0.034422957
v -0.084714382 -0.013631941 0.034512663
v -0.073031170 -0.013631941 0.034614802
v -0.084347823 -0.013631941 0.034769330
v -0.073331149 -0.013631941 0.034854027
v -0.084031403 -0.013631941 0.035085751
v -0.073592124 -0.013631941 0.035135291
v -0.083774735 -0.013631941 0.035452309
v -0.073808264 -0.013631941 0.035452309
v -0.078983344 -0.013631941 0.036106872
v -0.078599655 -0.013631941 0.036106872
v -0.079362747 -0.013631941 0.036164059
v -0.078220252 -0.013631941 0.036164059
v -0.079729390 -0.013631941 0.036277153
v -0.077853609 -0.013631941 0.036277153
v -0.080075082 -0.013631941 0.036443629
v -0.077507917 -0.013631941 0.036443629
v -0.083200120 -0.013631941 0.036447572
v -0.074382879 -0.013631941 0.036447572
v -0.083061548 -0.013631941 0.036649196
v -0.074521451 -0.013631941 0.036649196
v -0.082893141 -0.013631941 0.036826661
v -0.074689858 -0.013631941 0.036826661
v -0.082699045 -0.013631941 0.036975595
v -0.074883954 -0.013631941 0.036975595
v -0.081070344 -0.013631941 0.037018244
v -0.076512655 -0.013631941 0.037018244
v -0.082484041 -0.013631941 0.037092333
v -0.075098958 -0.013631941 0.037092333
v -0.081291163 -0.013631941 0.037123569
v -0.076291836 -0.013631941 0.037123569
v -0.082253422 -0.013631941 0.037173998
v -0.075329577 -0.013631941 0.037173998
v -0.081525740 -0.013631941 0.037193054
v -0.076057259 -0.013631941 0.037193054
v -0.082012867 -0.013631941 0.037218583
v -0.075570132 -0.013631941 0.037218583
v -0.081768299 -0.013631941 0.037224988
v -0.075814700 -0.013631941 0.037224988
v -0.063207003 -0.013616545 0.019570627
v -0.063207003 -0.013616545 0.028937230
v -0.063896550 -0.013603303 0.030622304
v -0.063029390 -0.013588011 0.028384658
v -0.062939468 -0.013573581 0.028068328
v -0.062899556 -0.013567182 0.020590055
v -0.062899494 -0.013567172 0.027917558
v -0.062808691 -0.013552629 0.020961832
v -0.063481615 -0.013547111 0.018893957
v -0.062665433 -0.013529740 0.026841498
v -0.062662829 -0.013529324 0.021681094
v -0.077590803 -0.013527209 0.008127933
v -0.080006965 -0.013527209 0.008129041
v -0.075201447 -0.013527209 0.008486846
v -0.082395992 -0.013527209 0.008490140
v -0.072892240 -0.013527209 0.009197763
v -0.084704547 -0.013527209 0.009203173
v -0.070714735 -0.013527209 0.010244816
v -0.086881091 -0.013527209 0.010252218
v -0.068717548 -0.013527209 0.011604625
v -0.088877032 -0.013527209 0.011613857
v -0.066945265 -0.013527209 0.013246835
v -0.090647811 -0.013527209 0.013257690
v -0.065437453 -0.013527209 0.015134783
v -0.092153893 -0.013527209 0.015147017
v -0.064227774 -0.013527209 0.017226318
v -0.093361654 -0.013527209 0.017239660
v -0.094244132 -0.013527209 0.019488899
v -0.094781625 -0.013527209 0.021844518
v -0.094962133 -0.013527209 0.024253929
v -0.094781625 -0.013527209 0.026663339
v -0.094244132 -0.013527209 0.029018959
v -0.093361654 -0.013527209 0.031268197
v -0.064227774 -0.013527209 0.031281540
v -0.092153893 -0.013527209 0.033360840
v -0.065437453 -0.013527209 0.033373075
v -0.090647811 -0.013527209 0.035250168
v -0.066945265 -0.013527209 0.035261022
v -0.088877032 -0.013527209 0.036894001
v -0.068717548 -0.013527209 0.036903233
v -0.086881091 -0.013527209 0.038255639
v -0.070714735 -0.013527209 0.038263042
v -0.084704547 -0.013527209 0.039304685
v -0.072892240 -0.013527209 0.039310095
v -0.082395992 -0.013527209 0.040017718
v -0.075201447 -0.013527209 0.040021012
v -0.080006965 -0.013527209 0.040378817
v -0.077590803 -0.013527209 0.040379925
v -0.062635225 -0.013524923 0.026664717
v -0.063233099 -0.013513844 0.019579961
v -0.063233099 -0.013513844 0.028927897
v -0.062555964 -0.013512306 0.022389353
v -0.062510624 -0.013505102 0.025713375
v -0.062491189 -0.013502018 0.023008815
v -0.081766472 -0.013501676 0.011248013
v -0.075816527 -0.013501676 0.011248013
v -0.082016515 -0.013501676 0.011254561
v -0.075566484 -0.013501676 0.011254561
v -0.081518483 -0.013501676 0.011280662
v -0.076064516 -0.013501676 0.011280662
v -0.082262456 -0.013501676 0.011300144
v -0.075320543 -0.013501676 0.011300144
v -0.081278654 -0.013501676 0.011351702
v -0.076304345 -0.013501676 0.011351702
v -0.082498238 -0.013501676 0.011383638
v -0.075084761 -0.013501676 0.011383638
v -0.081052891 -0.013501676 0.011459385
v -0.076530108 -0.013501676 0.011459385
v -0.082718055 -0.013501676 0.011502989
v -0.074864943 -0.013501676 0.011502989
v -0.082916496 -0.013501676 0.011655258
v -0.074666503 -0.013501676 0.011655258
v -0.083088673 -0.013501676 0.011836695
v -0.074494325 -0.013501676 0.011836695
v -0.080057629 -0.013501676 0.012034000
v -0.077525370 -0.013501676 0.012034000
v -0.083230348 -0.013501676 0.012042834
v -0.074352651 -0.013501676 0.012042834
v -0.079716638 -0.013501676 0.012198214
v -0.077866361 -0.013501676 0.012198214
v -0.079354980 -0.013501676 0.012309770
v -0.078228019 -0.013501676 0.012309770
v -0.078980735 -0.013501676 0.012366178
v -0.078602263 -0.013501676 0.012366178
v -0.083804963 -0.013501676 0.013038095
v -0.073778036 -0.013501676 0.013038095
v -0.084018164 -0.013501676 0.013350803
v -0.073524858 -0.013501676 0.013399671
v -0.084275590 -0.013501676 0.013628243
v -0.073212740 -0.013501676 0.013711789
v -0.084571492 -0.013501676 0.013864217
v -0.072851164 -0.013501676 0.013964967
v -0.084899258 -0.013501676 0.014053453
v -0.072451118 -0.013501676 0.014151511
v -0.085251568 -0.013501676 0.014191723
v -0.072024757 -0.013501676 0.014265755
v -0.085620551 -0.013501676 0.014275942
v -0.087147194 -0.013501676 0.014304226
v -0.085997964 -0.013501676 0.014304226
v -0.071585035 -0.013501676 0.014304226
v -0.070435805 -0.013501676 0.014304226
v -0.087396552 -0.013501676 0.014323850
v -0.070186447 -0.013501676 0.014323850
v -0.087639770 -0.013501676 0.014382241
v -0.069943229 -0.013501676 0.014382241
v -0.087870859 -0.013501676 0.014477962
v -0.069712140 -0.013501676 0.014477962
v -0.088084128 -0.013501676 0.014608654
v -0.069498871 -0.013501676 0.014608654
v -0.088274329 -0.013501676 0.014771099
v -0.069308670 -0.013501676 0.014771099
v -0.088436774 -0.013501676 0.014961300
v -0.069146224 -0.013501676 0.014961300
v -0.088567466 -0.013501676 0.015174569
v -0.069015533 -0.013501676 0.015174569
v -0.088663187 -0.013501676 0.015405658
v -0.068919812 -0.013501676 0.015405658
v -0.088721578 -0.013501676 0.015648876
v -0.068861420 -0.013501676 0.015648876
v -0.088741203 -0.013501676 0.015898234
v -0.068841796 -0.013501676 0.015898234
v -0.088741203 -0.013501676 0.017047464
v -0.068841796 -0.013501676 0.017047464
v -0.068813512 -0.013501676 0.017424878
v -0.088779674 -0.013501676 0.017487186
v -0.068729294 -0.013501676 0.017793861
v -0.088893917 -0.013501676 0.017913548
v -0.068591023 -0.013501676 0.018146170
v -0.089080461 -0.013501676 0.018313594
v -0.068401787 -0.013501676 0.018473936
v -0.089333639 -0.013501676 0.018675169
v -0.068165814 -0.013501676 0.018769838
v -0.089645758 -0.013501676 0.018987287
v -0.067888374 -0.013501676 0.019027265
v -0.090007333 -0.013501676 0.019240465
v -0.067575666 -0.013501676 0.019240465
v -0.091002594 -0.013501676 0.019815080
v -0.066580404 -0.013501676 0.019815080
v -0.091208733 -0.013501676 0.019956755
v -0.066374266 -0.013501676 0.019956755
v -0.091390170 -0.013501676 0.020128932
v -0.066192828 -0.013501676 0.020128932
v -0.091542439 -0.013501676 0.020327373
v -0.066040559 -0.013501676 0.020327373
v -0.091661790 -0.013501676 0.020547191
v -0.065921208 -0.013501676 0.020547191
v -0.091745285 -0.013501676 0.020782973
v -0.065837714 -0.013501676 0.020782973
v -0.091790868 -0.013501676 0.021028913
v -0.065792131 -0.013501676 0.021028913
v -0.091797415 -0.013501676 0.021278956
v -0.065785583 -0.013501676 0.021278956
v -0.091764767 -0.013501676 0.021526946
v -0.065818232 -0.013501676 0.021526946
v -0.091693726 -0.013501676 0.021766774
v -0.065889272 -0.013501676 0.021766774
v -0.091586043 -0.013501676 0.021992537
v -0.065996956 -0.013501676 0.021992537
v -0.091011428 -0.013501676 0.022987799
v -0.066571571 -0.013501676 0.022987799
v -0.090847214 -0.013501676 0.023328790
v -0.066735784 -0.013501676 0.023328790
v -0.090735658 -0.013501676 0.023690448
v -0.066847341 -0.013501676 0.023690448
v -0.090679251 -0.013501676 0.024064693
v -0.066903748 -0.013501676 0.024064693
v -0.090679251 -0.013501676 0.024443165
v -0.066903748 -0.013501676 0.024443165
v -0.090735658 -0.013501676 0.024817410
v -0.066847341 -0.013501676 0.024817410
v -0.090847214 -0.013501676 0.025179067
v -0.066735784 -0.013501676 0.025179067
v -0.091011428 -0.013501676 0.025520059
v -0.066571571 -0.013501676 0.025520059
v -0.091586043 -0.013501676 0.026515321
v -0.065996956 -0.013501676 0.026515321
v -0.091693726 -0.013501676 0.026741084
v -0.065889272 -0.013501676 0.026741084
v -0.091764767 -0.013501676 0.026980912
v -0.065818232 -0.013501676 0.026980912
v -0.091797415 -0.013501676 0.027228901
v -0.065785583 -0.013501676 0.027228901
v -0.091790868 -0.013501676 0.027478945
v -0.065792131 -0.013501676 0.027478945
v -0.091745285 -0.013501676 0.027724885
v -0.065837714 -0.013501676 0.027724885
v -0.091661790 -0.013501676 0.027960667
v -0.065921208 -0.013501676 0.027960667
v -0.091542439 -0.013501676 0.028180485
v -0.066040559 -0.013501676 0.028180485
v -0.091390170 -0.013501676 0.028378926
v -0.066192828 -0.013501676 0.028378926
v -0.091208733 -0.013501676 0.028551103
v -0.066374266 -0.013501676 0.028551103
v -0.091002594 -0.013501676 0.028692778
v -0.066580404 -0.013501676 0.028692778
v -0.090007333 -0.013501676 0.029267392
v -0.067575666 -0.013501676 0.029267392
v -0.089694625 -0.013501676 0.029480593
v -0.067888374 -0.013501676 0.029480593
v -0.089417185 -0.013501676 0.029738020
v -0.068165814 -0.013501676 0.029738020
v -0.089181212 -0.013501676 0.030033921
v -0.068401787 -0.013501676 0.030033921
v -0.088991975 -0.013501676 0.030361687
v -0.068591023 -0.013501676 0.030361687
v -0.088853705 -0.013501676 0.030713997
v -0.068729294 -0.013501676 0.030713997
v -0.088769486 -0.013501676 0.031082980
v -0.068813512 -0.013501676 0.031082980
v -0.088741203 -0.013501676 0.031460394
v -0.068841796 -0.013501676 0.031460394
v -0.088741203 -0.013501676 0.032609623
v -0.068841796 -0.013501676 0.032609623
v -0.088721578 -0.013501676 0.032858981
v -0.068861420 -0.013501676 0.032858981
v -0.088663187 -0.013501676 0.033102199
v -0.068919812 -0.013501676 0.033102199
v -0.088567466 -0.013501676 0.033333289
v -0.069015533 -0.013501676 0.033333289
v -0.088436774 -0.013501676 0.033546558
v -0.069146224 -0.013501676 0.033546558
v -0.088274329 -0.013501676 0.033736758
v -0.069308670 -0.013501676 0.033736758
v -0.088084128 -0.013501676 0.033899204
v -0.069498871 -0.013501676 0.033899204
v -0.087870859 -0.013501676 0.034029895
v -0.069712140 -0.013501676 0.034029895
v -0.087639770 -0.013501676 0.034125616
v -0.069943229 -0.013501676 0.034125616
v -0.087396552 -0.013501676 0.034184008
v -0.070186447 -0.013501676 0.034184008
v -0.087147194 -0.013501676 0.034203632
v -0.085997964 -0.013501676 0.034203632
v -0.071585035 -0.013501676 0.034203632
v -0.070435805 -0.013501676 0.034203632
v -0.071962448 -0.013501676 0.034231916
v -0.085558242 -0.013501676 0.034242103
v -0.072331431 -0.013501676 0.034316135
v -0.085131881 -0.013501676 0.034356347
v -0.072683741 -0.013501676 0.034454405
v -0.084731834 -0.013501676 0.034542891
v -0.073011507 -0.013501676 0.034643641
v -0.084370259 -0.013501676 0.034796069
v -0.073307408 -0.013501676 0.034879614
v -0.084058141 -0.013501676 0.035108187
v -0.073564835 -0.013501676 0.035157055
v -0.083804963 -0.013501676 0.035469763
v -0.073778036 -0.013501676 0.035469763
v -0.078980735 -0.013501676 0.036141680
v -0.078602263 -0.013501676 0.036141680
v -0.079354980 -0.013501676 0.036198088
v -0.078228019 -0.013501676 0.036198088
v -0.079716638 -0.013501676 0.036309644
v -0.077866361 -0.013501676 0.036309644
v -0.083230348 -0.013501676 0.036465024
v -0.074352651 -0.013501676 0.036465024
v -0.080057629 -0.013501676 0.036473858
v -0.077525370 -0.013501676 0.036473858
v -0.083088673 -0.013501676 0.036671162
v -0.074494325 -0.013501676 0.036671162
v -0.082916496 -0.013501676 0.036852600
v -0.074666503 -0.013501676 0.036852600
v -0.082718055 -0.013501676 0.037004869
v -0.074864943 -0.013501676 0.037004869
v -0.081052891 -0.013501676 0.037048473
v -0.076530108 -0.013501676 0.037048473
v -0.082498238 -0.013501676 0.037124220
v -0.075084761 -0.013501676 0.037124220
v -0.081278654 -0.013501676 0.037156156
v -0.076304345 -0.013501676 0.037156156
v -0.082262456 -0.013501676 0.037207714
v -0.075320543 -0.013501676 0.037207714
v -0.081518483 -0.013501676 0.037227196
v -0.076064516 -0.013501676 0.037227196
v -0.082016515 -0.013501676 0.037253297
v -0.075566484 -0.013501676 0.037253297
v -0.081766472 -0.013501676 0.037259845
v -0.075816527 -0.013501676 0.037259845
v -0.062471455 -0.013498888 0.025233817
v -0.062446959 -0.013495006 0.023778853
v -0.062439477 -0.013493821 0.024224234
v -0.063926711 -0.013491424 0.030608646
v -0.063241682 -0.013488840 0.019583031
v -0.063241682 -0.013488840 0.028924827
v -0.063067789 -0.013465145 0.028372782
v -0.062979682 -0.013453209 0.028056953
v -0.063517542 -0.013443874 0.018908306
v -0.062851460 -0.013435929 0.020972130
v -0.063272212 -0.013415914 0.019593951
v -0.063272212 -0.013415914 0.028913906
v -0.077594253 -0.013415047 0.008174265
v -0.080003473 -0.013415047 0.008175368
v -0.075211761 -0.013415047 0.008532145
v -0.082385636 -0.013415047 0.008535431
v -0.072909188 -0.013415047 0.009241021
v -0.084687559 -0.013415047 0.009246415
v -0.070737940 -0.013415047 0.010285064
v -0.086857850 -0.013415047 0.010292446
v -0.068746491 -0.013415047 0.011640968
v -0.088848057 -0.013415047 0.011650172
v -0.066979300 -0.013415047 0.013278460
v -0.090613747 -0.013415047 0.013289283
v -0.065475820 -0.013415047 0.015160982
v -0.092115502 -0.013415047 0.015173182
v -0.064269617 -0.013415047 0.017246509
v -0.093319794 -0.013415047 0.017259813
v -0.094199737 -0.013415047 0.019502589
v -0.094735685 -0.013415047 0.021851441
v -0.094915674 -0.013415047 0.024253929
v -0.094735685 -0.013415047 0.026656417
v -0.094199737 -0.013415047 0.029005269
v -0.093319794 -0.013415047 0.031248045
v -0.064269617 -0.013415047 0.031261349
v -0.092115502 -0.013415047 0.033334675
v -0.065475820 -0.013415047 0.033346876
v -0.090613747 -0.013415047 0.035218575
v -0.066979300 -0.013415047 0.035229398
v -0.088848057 -0.013415047 0.036857685
v -0.068746491 -0.013415047 0.036866890
v -0.086857850 -0.013415047 0.038215412
v -0.070737940 -0.013415047 0.038222794
v -0.084687559 -0.013415047 0.039261443
v -0.072909188 -0.013415047 0.039266837
v -0.082385636 -0.013415047 0.039972427
v -0.075211761 -0.013415047 0.039975712
v -0.080003473 -0.013415047 0.040332490
v -0.077594253 -0.013415047 0.040333593
v -0.062681211 -0.013413173 0.026656751
v -0.062603349 -0.013402844 0.022395652
v -0.062520286 -0.013391884 0.025230434
v -0.062496199 -0.013388717 0.023780504
v -0.063971855 -0.013385797 0.030588205
v -0.081763489 -0.013379451 0.011191097
v -0.075819510 -0.013379451 0.011191097
v -0.082022473 -0.013379451 0.011197879
v -0.075560526 -0.013379451 0.011197879
v -0.081506633 -0.013379451 0.011224913
v -0.076076366 -0.013379451 0.011224913
v -0.082277207 -0.013379451 0.011245091
v -0.075305792 -0.013379451 0.011245091
v -0.081258229 -0.013379451 0.011298494
v -0.076324770 -0.013379451 0.011298494
v -0.082521419 -0.013379451 0.011331571
v -0.075061579 -0.013379451 0.011331571
v -0.081024394 -0.013379451 0.011410028
v -0.076558605 -0.013379451 0.011410028
v -0.082749097 -0.013379451 0.011455189
v -0.074833902 -0.013379451 0.011455189
v -0.082954633 -0.013379451 0.011612903
v -0.074628366 -0.013379451 0.011612903
v -0.083132967 -0.013379451 0.011800827
v -0.074450032 -0.013379451 0.011800827
v -0.080029132 -0.013379451 0.011984642
v -0.077553867 -0.013379451 0.011984642
v -0.083279707 -0.013379451 0.012014336
v -0.074303292 -0.013379451 0.012014336
v -0.079695815 -0.013379451 0.012145159
v -0.077887184 -0.013379451 0.012145159
v -0.079342298 -0.013379451 0.012254204
v -0.078240701 -0.013379451 0.012254204
v -0.078976476 -0.013379451 0.012309343
v -0.078606523 -0.013379451 0.012309343
v -0.083854322 -0.013379451 0.013009598
v -0.073728677 -0.013379451 0.013009598
v -0.084062724 -0.013379451 0.013315268
v -0.073481198 -0.013379451 0.013363036
v -0.084314356 -0.013379451 0.013586463
v -0.073176104 -0.013379451 0.013668128
v -0.084603598 -0.013379451 0.013817125
v -0.072822667 -0.013379451 0.013915608
v -0.084923987 -0.013379451 0.014002102
v -0.072431625 -0.013379451 0.014097954
v -0.085268367 -0.013379451 0.014137261
v -0.072014860 -0.013379451 0.014209626
v -0.085629045 -0.013379451 0.014219584
v -0.087147194 -0.013379451 0.014247231
v -0.085997964 -0.013379451 0.014247231
v -0.071585035 -0.013379451 0.014247231
v -0.070435805 -0.013379451 0.014247231
v -0.087405468 -0.013379451 0.014267558
v -0.070177531 -0.013379451 0.014267558
v -0.087657382 -0.013379451 0.014328037
v -0.069925617 -0.013379451 0.014328037
v -0.087896734 -0.013379451 0.014427179
v -0.069686265 -0.013379451 0.014427179
v -0.088117629 -0.013379451 0.014562544
v -0.069465370 -0.013379451 0.014562544
v -0.088314630 -0.013379451 0.014730798
v -0.069268369 -0.013379451 0.014730798
v -0.088482884 -0.013379451 0.014927799
v -0.069100115 -0.013379451 0.014927799
v -0.088618250 -0.013379451 0.015148694
v -0.068964749 -0.013379451 0.015148694
v -0.088717392 -0.013379451 0.015388046
v -0.068865607 -0.013379451 0.015388046
v -0.088777871 -0.013379451 0.015639960
v -0.068805128 -0.013379451 0.015639960
v -0.088798197 -0.013379451 0.015898234
v -0.068784802 -0.013379451 0.015898234
v -0.088798197 -0.013379451 0.017047464
v -0.068784802 -0.013379451 0.017047464
v -0.068757154 -0.013379451 0.017416383
v -0.088835802 -0.013379451 0.017477289
v -0.068674832 -0.013379451 0.017777061
v -0.088947474 -0.013379451 0.017894054
v -0.068539672 -0.013379451 0.018121441
v -0.089129821 -0.013379451 0.018285097
v -0.068354696 -0.013379451 0.018441830
v -0.089377300 -0.013379451 0.018638534
v -0.068124033 -0.013379451 0.018731072
v -0.089682393 -0.013379451 0.018943627
v -0.067852839 -0.013379451 0.018982705
v -0.090035830 -0.013379451 0.019191106
v -0.067547169 -0.013379451 0.019191106
v -0.091031092 -0.013379451 0.019765721
v -0.066551907 -0.013379451 0.019765721
v -0.091244601 -0.013379451 0.019912462
v -0.066338398 -0.013379451 0.019912462
v -0.091432525 -0.013379451 0.020090795
v -0.066150474 -0.013379451 0.020090795
v -0.091590239 -0.013379451 0.020296332
v -0.065992760 -0.013379451 0.020296332
v -0.091713857 -0.013379451 0.020524009
v -0.065869142 -0.013379451 0.020524009
v -0.091800338 -0.013379451 0.020768221
v -0.065782661 -0.013379451 0.020768221
v -0.091847549 -0.013379451 0.021022956
v -0.065735449 -0.013379451 0.021022956
v -0.091854331 -0.013379451 0.021281939
v -0.065728668 -0.013379451 0.021281939
v -0.091820516 -0.013379451 0.021538795
v -0.065762483 -0.013379451 0.021538795
v -0.091746935 -0.013379451 0.021787199
v -0.065836064 -0.013379451 0.021787199
v -0.091635401 -0.013379451 0.022021034
v -0.065947598 -0.013379451 0.022021034
v -0.091060787 -0.013379451 0.023016296
v -0.066522212 -0.013379451 0.023016296
v -0.090900270 -0.013379451 0.023349613
v -0.066682729 -0.013379451 0.023349613
v -0.090791224 -0.013379451 0.023703131
v -0.066791775 -0.013379451 0.023703131
v -0.090736085 -0.013379451 0.024068952
v -0.066846914 -0.013379451 0.024068952
v -0.090736085 -0.013379451 0.024438906
v -0.066846914 -0.013379451 0.024438906
v -0.090791224 -0.013379451 0.024804727
v -0.066791775 -0.013379451 0.024804727
v -0.090900270 -0.013379451 0.025158245
v -0.066682729 -0.013379451 0.025158245
v -0.091060787 -0.013379451 0.025491562
v -0.066522212 -0.013379451 0.025491562
v -0.091635401 -0.013379451 0.026486823
v -0.065947598 -0.013379451 0.026486823
v -0.091746935 -0.013379451 0.026720659
v -0.065836064 -0.013379451 0.026720659
v -0.091820516 -0.013379451 0.026969062
v -0.065762483 -0.013379451 0.026969062
v -0.091854331 -0.013379451 0.027225918
v -0.065728668 -0.013379451 0.027225918
v -0.091847549 -0.013379451 0.027484902
v -0.065735449 -0.013379451 0.027484902
v -0.091800338 -0.013379451 0.027739636
v -0.065782661 -0.013379451 0.027739636
v -0.091713857 -0.013379451 0.027983849
v -0.065869142 -0.013379451 0.027983849
v -0.091590239 -0.013379451 0.028211526
v -0.065992760 -0.013379451 0.028211526
v -0.091432525 -0.013379451 0.028417063
v -0.066150474 -0.013379451 0.028417063
v -0.091244601 -0.013379451 0.028595396
v -0.066338398 -0.013379451 0.028595396
v -0.091031092 -0.013379451 0.028742137
v -0.066551907 -0.013379451 0.028742137
v -0.090035830 -0.013379451 0.029316751
v -0.067547169 -0.013379451 0.029316751
v -0.089730160 -0.013379451 0.029525153
v -0.067852839 -0.013379451 0.029525153
v -0.089458966 -0.013379451 0.029776786
v -0.068124033 -0.013379451 0.029776786
v -0.089228303 -0.013379451 0.030066027
v -0.068354696 -0.013379451 0.030066027
v -0.089043327 -0.013379451 0.030386417
v -0.068539672 -0.013379451 0.030386417
v -0.088908167 -0.013379451 0.030730796
v -0.068674832 -0.013379451 0.030730796
v -0.088825845 -0.013379451 0.031091474
v -0.068757154 -0.013379451 0.031091474
v -0.088798197 -0.013379451 0.031460394
v -0.068784802 -0.013379451 0.031460394
v -0.088798197 -0.013379451 0.032609623
v -0.068784802 -0.013379451 0.032609623
v -0.088777871 -0.013379451 0.032867897
v -0.068805128 -0.013379451 0.032867897
v -0.088717392 -0.013379451 0.033119812
v -0.068865607 -0.013379451 0.033119812
v -0.088618250 -0.013379451 0.033359163
v -0.068964749 -0.013379451 0.033359163
v -0.088482884 -0.013379451 0.033580059
v -0.069100115 -0.013379451 0.033580059
v -0.088314630 -0.013379451 0.033777059
v -0.069268369 -0.013379451 0.033777059
v -0.088117629 -0.013379451 0.033945314
v -0.069465370 -0.013379451 0.033945314
v -0.087896734 -0.013379451 0.034080679
v -0.069686265 -0.013379451 0.034080679
v -0.087657382 -0.013379451 0.034179821
v -0.069925617 -0.013379451 0.034179821
v -0.087405468 -0.013379451 0.034240300
v -0.070177531 -0.013379451 0.034240300
v -0.087147194 -0.013379451 0.034260627
v -0.085997964 -0.013379451 0.034260627
v -0.071585035 -0.013379451 0.034260627
v -0.070435805 -0.013379451 0.034260627
v -0.071953954 -0.013379451 0.034288274
v -0.085568139 -0.013379451 0.034298232
v -0.072314632 -0.013379451 0.034370597
v -0.085151374 -0.013379451 0.034409903
v -0.072659012 -0.013379451 0.034505756
v -0.084760332 -0.013379451 0.034592250
v -0.072979401 -0.013379451 0.034690733
v -0.084406894 -0.013379451 0.034839730
v -0.073268643 -0.013379451 0.034921395
v -0.084101801 -0.013379451 0.035144822
v -0.073520275 -0.013379451 0.035192590
v -0.083854322 -0.013379451 0.035498259
v -0.073728677 -0.013379451 0.035498259
v -0.078976476 -0.013379451 0.036198515
v -0.078606523 -0.013379451 0.036198515
v -0.079342298 -0.013379451 0.036253654
v -0.078240701 -0.013379451 0.036253654
v -0.079695815 -0.013379451 0.036362699
v -0.077887184 -0.013379451 0.036362699
v -0.083279707 -0.013379451 0.036493522
v -0.074303292 -0.013379451 0.036493522
v -0.080029132 -0.013379451 0.036523216
v -0.077553867 -0.013379451 0.036523216
v -0.083132967 -0.013379451 0.036707031
v -0.074450032 -0.013379451 0.036707031
v -0.082954633 -0.013379451 0.036894955
v -0.074628366 -0.013379451 0.036894955
v -0.082749097 -0.013379451 0.037052668
v -0.074833902 -0.013379451 0.037052668
v -0.081024394 -0.013379451 0.037097830
v -0.076558605 -0.013379451 0.037097830
v -0.082521419 -0.013379451 0.037176287
v -0.075061579 -0.013379451 0.037176287
v -0.081258229 -0.013379451 0.037209364
v -0.076324770 -0.013379451 0.037209364
v -0.082277207 -0.013379451 0.037262767
v -0.075305792 -0.013379451 0.037262767
v -0.081506633 -0.013379451 0.037282945
v -0.076076366 -0.013379451 0.037282945
v -0.082022473 -0.013379451 0.037309979
v -0.075560526 -0.013379451 0.037309979
v -0.081763489 -0.013379451 0.037316761
v -0.075819510 -0.013379451 0.037316761
v -0.063296429 -0.013369323 0.019602613
v -0.063296429 -0.013369323 0.028905245
v -0.063125196 -0.013350687 0.028355025
v -0.063566732 -0.013347184 0.018927951
v -0.063038364 -0.013341328 0.028040355
v -0.062911902 -0.013327813 0.020986684
v -0.063323604 -0.013324609 0.019612334
v -0.063323604 -0.013324609 0.028895524
v -0.077598963 -0.013311534 0.008237523
v -0.079998705 -0.013311534 0.008238622
v -0.075225844 -0.013311534 0.008593996
v -0.082371497 -0.013311534 0.008597268
v -0.072932330 -0.013311534 0.009300082
v -0.084664363 -0.013311534 0.009305455
v -0.070769623 -0.013311534 0.010340019
v -0.086826116 -0.013311534 0.010347372
v -0.068786008 -0.013311534 0.011690588
v -0.088808493 -0.013311534 0.011699756
v -0.067025769 -0.013311534 0.013321637
v -0.090567238 -0.013311534 0.013332418
v -0.065528204 -0.013311534 0.015196755
v -0.092063085 -0.013311534 0.015208906
v -0.064326746 -0.013311534 0.017274077
v -0.093262639 -0.013311534 0.017287328
v -0.094139120 -0.013311534 0.019521281
v -0.094672959 -0.013311534 0.021860892
v -0.094852240 -0.013311534 0.024253929
v -0.094672959 -0.013311534 0.026646965
v -0.094139120 -0.013311534 0.028986577
v -0.093262639 -0.013311534 0.031220530
v -0.064326746 -0.013311534 0.031233781
v -0.092063085 -0.013311534 0.033298951
v -0.065528204 -0.013311534 0.033311102
v -0.090567238 -0.013311534 0.035175439
v -0.067025769 -0.013311534 0.035186220
v -0.088808493 -0.013311534 0.036808101
v -0.068786008 -0.013311534 0.036817270
v -0.086826116 -0.013311534 0.038160486
v -0.070769623 -0.013311534 0.038167839
v -0.084664363 -0.013311534 0.039202403
v -0.072932330 -0.013311534 0.039207776
v -0.082371497 -0.013311534 0.039910589
v -0.075225844 -0.013311534 0.039913862
v -0.079998705 -0.013311534 0.040269236
v -0.077598963 -0.013311534 0.040270335
v -0.062743816 -0.013310075 0.026645905
v -0.062666875 -0.013302046 0.022404097
v -0.062584739 -0.013293540 0.025225968
v -0.062560913 -0.013291085 0.023782672
v -0.064030956 -0.013288823 0.030561443
v -0.081759441 -0.013268980 0.011113850
v -0.075823558 -0.013268980 0.011113850
v -0.082030558 -0.013268980 0.011120950
v -0.075552441 -0.013268980 0.011120950
v -0.081490550 -0.013268980 0.011149250
v -0.076092449 -0.013268980 0.011149250
v -0.082297227 -0.013268980 0.011170374
v -0.075285771 -0.013268980 0.011170374
v -0.081230508 -0.013268980 0.011226278
v -0.076352491 -0.013268980 0.011226278
v -0.082552882 -0.013268980 0.011260906
v -0.075030117 -0.013268980 0.011260906
v -0.080985718 -0.013268980 0.011343038
v -0.076597281 -0.013268980 0.011343038
v -0.082791226 -0.013268980 0.011390316
v -0.074791772 -0.013268980 0.011390316
v -0.083006392 -0.013268980 0.011555419
v -0.074576607 -0.013268980 0.011555419
v -0.083193081 -0.013268980 0.011752148
v -0.074389918 -0.013268980 0.011752148
v -0.079990456 -0.013268980 0.011917653
v -0.077592543 -0.013268980 0.011917653
v -0.083346696 -0.013268980 0.011975660
v -0.074236303 -0.013268980 0.011975660
v -0.079667555 -0.013268980 0.012073153
v -0.077915444 -0.013268980 0.012073153
v -0.079325085 -0.013268980 0.012178791
v -0.078257914 -0.013268980 0.012178791
v -0.078970696 -0.013268980 0.012232207
v -0.078612303 -0.013268980 0.012232207
v -0.083921311 -0.013268980 0.012970921
v -0.073661688 -0.013268980 0.012970921
v -0.084123201 -0.013268980 0.013267040
v -0.073421942 -0.013268980 0.013313314
v -0.084366970 -0.013268980 0.013529760
v -0.073126383 -0.013268980 0.013608873
v -0.084647172 -0.013268980 0.013753213
v -0.072783991 -0.013268980 0.013848619
v -0.084957549 -0.013268980 0.013932410
v -0.072405169 -0.013268980 0.014025266
v -0.085291167 -0.013268980 0.014063345
v -0.072001428 -0.013268980 0.014133449
v -0.085640574 -0.013268980 0.014143096
v -0.087147194 -0.013268980 0.014169878
v -0.085997964 -0.013268980 0.014169878
v -0.071585035 -0.013268980 0.014169878
v -0.070435805 -0.013268980 0.014169878
v -0.087417569 -0.013268980 0.014191157
v -0.070165430 -0.013268980 0.014191157
v -0.087681285 -0.013268980 0.014254469
v -0.069901714 -0.013268980 0.014254469
v -0.087931852 -0.013268980 0.014358258
v -0.069651147 -0.013268980 0.014358258
v -0.088163096 -0.013268980 0.014499965
v -0.069419903 -0.013268980 0.014499965
v -0.088369326 -0.013268980 0.014676102
v -0.069213672 -0.013268980 0.014676102
v -0.088545464 -0.013268980 0.014882332
v -0.069037535 -0.013268980 0.014882332
v -0.088687170 -0.013268980 0.015113577
v -0.068895828 -0.013268980 0.015113577
v -0.088790959 -0.013268980 0.015364143
v -0.068792040 -0.013268980 0.015364143
v -0.088854272 -0.013268980 0.015627860
v -0.068728727 -0.013268980 0.015627860
v -0.088875551 -0.013268980 0.015898234
v -0.068707448 -0.013268980 0.015898234
v -0.088875551 -0.013268980 0.017047464
v -0.068707448 -0.013268980 0.017047464
v -0.068680666 -0.013268980 0.017404854
v -0.088911979 -0.013268980 0.017463857
v -0.068600915 -0.013268980 0.017754261
v -0.089020162 -0.013268980 0.017867599
v -0.068469981 -0.013268980 0.018087879
v -0.089196810 -0.013268980 0.018246420
v -0.068290784 -0.013268980 0.018398256
v -0.089436555 -0.013268980 0.018588812
v -0.068067330 -0.013268980 0.018678459
v -0.089732114 -0.013268980 0.018884371
v -0.067804610 -0.013268980 0.018922227
v -0.090074507 -0.013268980 0.019124117
v -0.067508492 -0.013268980 0.019124117
v -0.091069768 -0.013268980 0.019698732
v -0.066513231 -0.013268980 0.019698732
v -0.091293280 -0.013268980 0.019852347
v -0.066289719 -0.013268980 0.019852347
v -0.091490010 -0.013268980 0.020039036
v -0.066092989 -0.013268980 0.020039036
v -0.091655112 -0.013268980 0.020254202
v -0.065927887 -0.013268980 0.020254202
v -0.091784523 -0.013268980 0.020492547
v -0.065798476 -0.013268980 0.020492547
v -0.091875055 -0.013268980 0.020748201
v -0.065707944 -0.013268980 0.020748201
v -0.091924479 -0.013268980 0.021014870
v -0.065658520 -0.013268980 0.021014870
v -0.091931578 -0.013268980 0.021285988
v -0.065651421 -0.013268980 0.021285988
v -0.091896179 -0.013268980 0.021554878
v -0.065686820 -0.013268980 0.021554878
v -0.091819151 -0.013268980 0.021814920
v -0.065763848 -0.013268980 0.021814920
v -0.091702391 -0.013268980 0.022059711
v -0.065880608 -0.013268980 0.022059711
v -0.091127775 -0.013268980 0.023054973
v -0.066455223 -0.013268980 0.023054973
v -0.090972275 -0.013268980 0.023377873
v -0.066610723 -0.013268980 0.023377873
v -0.090866637 -0.013268980 0.023720343
v -0.066716362 -0.013268980 0.023720343
v -0.090813222 -0.013268980 0.024074733
v -0.066769777 -0.013268980 0.024074733
v -0.090813222 -0.013268980 0.024433125
v -0.066769777 -0.013268980 0.024433125
v -0.090866637 -0.013268980 0.024787515
v -0.066716362 -0.013268980 0.024787515
v -0.090972275 -0.013268980 0.025129985
v -0.066610723 -0.013268980 0.025129985
v -0.091127775 -0.013268980 0.025452885
v -0.066455223 -0.013268980 0.025452885
v -0.091702391 -0.013268980 0.026448147
v -0.065880608 -0.013268980 0.026448147
v -0.091819151 -0.013268980 0.026692938
v -0.065763848 -0.013268980 0.026692938
v -0.091896179 -0.013268980 0.026952980
v -0.065686820 -0.013268980 0.026952980
v -0.091931578 -0.013268980 0.027221870
v -0.065651421 -0.013268980 0.027221870
v -0.091924479 -0.013268980 0.027492988
v -0.065658520 -0.013268980 0.027492988
v -0.091875055 -0.013268980 0.027759657
v -0.065707944 -0.013268980 0.027759657
v -0.091784523 -0.013268980 0.028015311
v -0.065798476 -0.013268980 0.028015311
v -0.091655112 -0.013268980 0.028253656
v -0.065927887 -0.013268980 0.028253656
v -0.091490010 -0.013268980 0.028468822
v -0.066092989 -0.013268980 0.028468822
v -0.091293280 -0.013268980 0.028655510
v -0.066289719 -0.013268980 0.028655510
v -0.091069768 -0.013268980 0.028809126
v -0.066513231 -0.013268980 0.028809126
v -0.090074507 -0.013268980 0.029383741
v -0.067508492 -0.013268980 0.029383741
v -0.089778389 -0.013268980 0.029585630
v -0.067804610 -0.013268980 0.029585630
v -0.089515668 -0.013268980 0.029829399
v -0.068067330 -0.013268980 0.029829399
v -0.089292215 -0.013268980 0.030109602
v -0.068290784 -0.013268980 0.030109602
v -0.089113018 -0.013268980 0.030419979
v -0.068469981 -0.013268980 0.030419979
v -0.088982083 -0.013268980 0.030753597
v -0.068600915 -0.013268980 0.030753597
v -0.088902332 -0.013268980 0.031103003
v -0.068680666 -0.013268980 0.031103003
v -0.088875551 -0.013268980 0.031460394
v -0.068707448 -0.013268980 0.031460394
v -0.088875551 -0.013268980 0.032609623
v -0.068707448 -0.013268980 0.032609623
v -0.088854272 -0.013268980 0.032879998
v -0.068728727 -0.013268980 0.032879998
v -0.088790959 -0.013268980 0.033143715
v -0.068792040 -0.013268980 0.033143715
v -0.088687170 -0.013268980 0.033394281
v -0.068895828 -0.013268980 0.033394281
v -0.088545464 -0.013268980 0.033625525
v -0.069037535 -0.013268980 0.033625525
v -0.088369326 -0.013268980 0.033831756
v -0.069213672 -0.013268980 0.033831756
v -0.088163096 -0.013268980 0.034007893
v -0.069419903 -0.013268980 0.034007893
v -0.087931852 -0.013268980 0.034149600
v -0.069651147 -0.013268980 0.034149600
v -0.087681285 -0.013268980 0.034253389
v -0.069901714 -0.013268980 0.034253389
v -0.087417569 -0.013268980 0.034316701
v -0.070165430 -0.013268980 0.034316701
v -0.087147194 -0.013268980 0.034337980
v -0.085997964 -0.013268980 0.034337980
v -0.071585035 -0.013268980 0.034337980
v -0.070435805 -0.013268980 0.034337980
v -0.071942425 -0.013268980 0.034364762
v -0.085581571 -0.013268980 0.034374409
v -0.072291832 -0.013268980 0.034444513
v -0.085177830 -0.013268980 0.034482592
v -0.072625450 -0.013268980 0.034575447
v -0.084799008 -0.013268980 0.034659239
v -0.072935827 -0.013268980 0.034754644
v -0.084456616 -0.013268980 0.034898985
v -0.073216029 -0.013268980 0.034978098
v -0.084161057 -0.013268980 0.035194544
v -0.073459798 -0.013268980 0.035240818
v -0.083921311 -0.013268980 0.035536937
v -0.073661688 -0.013268980 0.035536937
v -0.078970696 -0.013268980 0.036275651
v -0.078612303 -0.013268980 0.036275651
v -0.079325085 -0.013268980 0.036329067
v -0.078257914 -0.013268980 0.036329067
v -0.079667555 -0.013268980 0.036434705
v -0.077915444 -0.013268980 0.036434705
v -0.083346696 -0.013268980 0.036532198
v -0.074236303 -0.013268980 0.036532198
v -0.079990456 -0.013268980 0.036590205
v -0.077592543 -0.013268980 0.036590205
v -0.083193081 -0.013268980 0.036755709
v -0.074389918 -0.013268980 0.036755709
v -0.083006392 -0.013268980 0.036952439
v -0.074576607 -0.013268980 0.036952439
v -0.082791226 -0.013268980 0.037117542
v -0.074791772 -0.013268980 0.037117542
v -0.080985718 -0.013268980 0.037164820
v -0.076597281 -0.013268980 0.037164820
v -0.082552882 -0.013268980 0.037246952
v -0.075030117 -0.013268980 0.037246952
v -0.081230508 -0.013268980 0.037281580
v -0.076352491 -0.013268980 0.037281580
v -0.082297227 -0.013268980 0.037337484
v -0.075285771 -0.013268980 0.037337484
v -0.081490550 -0.013268980 0.037358608
v -0.076092449 -0.013268980 0.037358608
v -0.082030558 -0.013268980 0.037386908
v -0.075552441 -0.013268980 0.037386908
v -0.081759441 -0.013268980 0.037394008
v -0.075823558 -0.013268980 0.037394008
v -0.063369628 -0.013261520 0.019628796
v -0.063369628 -0.013261520 0.028879062
v -0.063628184 -0.013259005 0.018952494
v -0.063200008 -0.013247832 0.028331885
v -0.063386302 -0.013241653 0.019634760
v -0.063386302 -0.013241653 0.028873098
v -0.063113919 -0.013240974 0.028018983
v -0.062988448 -0.013231091 0.021005116
v -0.077604817 -0.013219217 0.008316152
v -0.079992779 -0.013219217 0.008317244
v -0.075243349 -0.013219217 0.008670873
v -0.082353922 -0.013219217 0.008674130
v -0.072961093 -0.013219217 0.009373493
v -0.084635532 -0.013219217 0.009378840
v -0.070809004 -0.013219217 0.010408325
v -0.086786673 -0.013219217 0.010415641
v -0.068835128 -0.013219217 0.011752264
v -0.088759317 -0.013219217 0.011761388
v -0.067083529 -0.013219217 0.013375306
v -0.090509429 -0.013219217 0.013386034
v -0.065593317 -0.013219217 0.015241218
v -0.091997932 -0.013219217 0.015253310
v -0.064397758 -0.013219217 0.017308342
v -0.093191597 -0.013219217 0.017321529
v -0.094063775 -0.013219217 0.019544515
v -0.094594995 -0.013219217 0.021872640
v -0.094773395 -0.013219217 0.024253929
v -0.094594995 -0.013219217 0.026635218
v -0.094063775 -0.013219217 0.028963343
v -0.093191597 -0.013219217 0.031186329
v -0.064397758 -0.013219217 0.031199516
v -0.091997932 -0.013219217 0.033254548
v -0.065593317 -0.013219217 0.033266640
v -0.090509429 -0.013219217 0.035121824
v -0.067083529 -0.013219217 0.035132552
v -0.088759317 -0.013219217 0.036746470
v -0.068835128 -0.013219217 0.036755594
v -0.086786673 -0.013219217 0.038092217
v -0.070809004 -0.013219217 0.038099533
v -0.084635532 -0.013219217 0.039129018
v -0.072961093 -0.013219217 0.039134364
v -0.082353922 -0.013219217 0.039833728
v -0.075243349 -0.013219217 0.039836985
v -0.079992779 -0.013219217 0.040190614
v -0.077604817 -0.013219217 0.040191706
v -0.062821505 -0.013218156 0.026632446
v -0.062745020 -0.013212313 0.022414486
v -0.062663325 -0.013206131 0.025220522
v -0.062639618 -0.013204349 0.023785310
v -0.064102668 -0.013202708 0.030528970
v -0.063700652 -0.013181125 0.018981437
v -0.081754450 -0.013173619 0.011018620
v -0.075828549 -0.013173619 0.011018620
v -0.082040526 -0.013173619 0.011026111
v -0.075542473 -0.013173619 0.011026111
v -0.081470724 -0.013173619 0.011055973
v -0.076112275 -0.013173619 0.011055973
v -0.082321909 -0.013173619 0.011078263
v -0.075261090 -0.013173619 0.011078263
v -0.081196334 -0.013173619 0.011137252
v -0.076386665 -0.013173619 0.011137252
v -0.082591668 -0.013173619 0.011173789
v -0.074991330 -0.013173619 0.011173789
v -0.080938037 -0.013173619 0.011260453
v -0.076644962 -0.013173619 0.011260453
v -0.082843164 -0.013173619 0.011310340
v -0.074739835 -0.013173619 0.011310340
v -0.083070201 -0.013173619 0.011484552
v -0.074512798 -0.013173619 0.011484552
v -0.083267191 -0.013173619 0.011692135
v -0.074315808 -0.013173619 0.011692135
v -0.079942775 -0.013173619 0.011835068
v -0.077640224 -0.013173619 0.011835068
v -0.083429281 -0.013173619 0.011927980
v -0.074153718 -0.013173619 0.011927980
v -0.079632716 -0.013173619 0.011984384
v -0.077950283 -0.013173619 0.011984384
v -0.079303865 -0.013173619 0.012085821
v -0.078279133 -0.013173619 0.012085821
v -0.078963569 -0.013173619 0.012137112
v -0.078619430 -0.013173619 0.012137112
v -0.084003896 -0.013173619 0.012923242
v -0.073579102 -0.013173619 0.012923242
v -0.084197757 -0.013173619 0.013207583
v -0.073348892 -0.013173619 0.013252018
v -0.084431832 -0.013173619 0.013459854
v -0.073065086 -0.013173619 0.013535822
v -0.084700891 -0.013173619 0.013674423
v -0.072736310 -0.013173619 0.013766033
v -0.084998925 -0.013173619 0.013846492
v -0.072372554 -0.013173619 0.013935656
v -0.085319275 -0.013173619 0.013972221
v -0.071984868 -0.013173619 0.014039536
v -0.085654787 -0.013173619 0.014048799
v -0.087147194 -0.013173619 0.014074517
v -0.085997964 -0.013173619 0.014074517
v -0.071585035 -0.013173619 0.014074517
v -0.070435805 -0.013173619 0.014074517
v -0.087432486 -0.013173619 0.014096971
v -0.070150513 -0.013173619 0.014096971
v -0.087710754 -0.013173619 0.014163777
v -0.069872245 -0.013173619 0.014163777
v -0.087975145 -0.013173619 0.014273291
v -0.069607854 -0.013173619 0.014273291
v -0.088219148 -0.013173619 0.014422816
v -0.069363851 -0.013173619 0.014422816
v -0.088436757 -0.013173619 0.014608671
v -0.069146242 -0.013173619 0.014608671
v -0.088622613 -0.013173619 0.014826280
v -0.068960386 -0.013173619 0.014826280
v -0.088772138 -0.013173619 0.015070284
v -0.068810861 -0.013173619 0.015070284
v -0.088881652 -0.013173619 0.015334674
v -0.068701347 -0.013173619 0.015334674
v -0.088948458 -0.013173619 0.015612942
v -0.068634541 -0.013173619 0.015612942
v -0.088970911 -0.013173619 0.015898234
v -0.068612088 -0.013173619 0.015898234
v -0.088970911 -0.013173619 0.017047464
v -0.068612088 -0.013173619 0.017047464
v -0.068586370 -0.013173619 0.017390641
v -0.089005893 -0.013173619 0.017447298
v -0.068509792 -0.013173619 0.017726153
v -0.089109772 -0.013173619 0.017834983
v -0.068384063 -0.013173619 0.018046504
v -0.089279395 -0.013173619 0.018198740
v -0.068211993 -0.013173619 0.018344537
v -0.089509606 -0.013173619 0.018527515
v -0.067997425 -0.013173619 0.018613597
v -0.089793411 -0.013173619 0.018811321
v -0.067745153 -0.013173619 0.018847672
v -0.090122187 -0.013173619 0.019041532
v -0.067460812 -0.013173619 0.019041532
v -0.091117449 -0.013173619 0.019616147
v -0.066465550 -0.013173619 0.019616147
v -0.091353293 -0.013173619 0.019778238
v -0.066229706 -0.013173619 0.019778238
v -0.091560877 -0.013173619 0.019975227
v -0.066022122 -0.013173619 0.019975227
v -0.091735089 -0.013173619 0.020202265
v -0.065847910 -0.013173619 0.020202265
v -0.091871639 -0.013173619 0.020453760
v -0.065711359 -0.013173619 0.020453760
v -0.091967166 -0.013173619 0.020723520
v -0.065615833 -0.013173619 0.020723520
v -0.092019318 -0.013173619 0.021004902
v -0.065563681 -0.013173619 0.021004902
v -0.092026808 -0.013173619 0.021290978
v -0.065556191 -0.013173619 0.021290978
v -0.091989456 -0.013173619 0.021574705
v -0.065593543 -0.013173619 0.021574705
v -0.091908177 -0.013173619 0.021849094
v -0.065674822 -0.013173619 0.021849094
v -0.091784976 -0.013173619 0.022107391
v -0.065798023 -0.013173619 0.022107391
v -0.091210361 -0.013173619 0.023102653
v -0.066372638 -0.013173619 0.023102653
v -0.091061044 -0.013173619 0.023412712
v -0.066521955 -0.013173619 0.023412712
v -0.090959607 -0.013173619 0.023741563
v -0.066623392 -0.013173619 0.023741563
v -0.090908316 -0.013173619 0.024081859
v -0.066674683 -0.013173619 0.024081859
v -0.090908316 -0.013173619 0.024425999
v -0.066674683 -0.013173619 0.024425999
v -0.090959607 -0.013173619 0.024766295
v -0.066623392 -0.013173619 0.024766295
v -0.091061044 -0.013173619 0.025095145
v -0.066521955 -0.013173619 0.025095145
v -0.091210361 -0.013173619 0.025405205
v -0.066372638 -0.013173619 0.025405205
v -0.091784976 -0.013173619 0.026400467
v -0.065798023 -0.013173619 0.026400467
v -0.091908177 -0.013173619 0.026658764
v -0.065674822 -0.013173619 0.026658764
v -0.091989456 -0.013173619 0.026933153
v -0.065593543 -0.013173619 0.026933153
v -0.092026808 -0.013173619 0.027216880
v -0.065556191 -0.013173619 0.027216880
v -0.092019318 -0.013173619 0.027502956
v -0.065563681 -0.013173619 0.027502956
v -0.091967166 -0.013173619 0.027784338
v -0.065615833 -0.013173619 0.027784338
v -0.091871639 -0.013173619 0.028054098
v -0.065711359 -0.013173619 0.028054098
v -0.091735089 -0.013173619 0.028305593
v -0.065847910 -0.013173619 0.028305593
v -0.091560877 -0.013173619 0.028532630
v -0.066022122 -0.013173619 0.028532630
v -0.091353293 -0.013173619 0.028729620
v -0.066229706 -0.013173619 0.028729620
v -0.091117449 -0.013173619 0.028891711
v -0.066465550 -0.013173619 0.028891711
v -0.090122187 -0.013173619 0.029466326
v -0.067460812 -0.013173619 0.029466326
v -0.089837845 -0.013173619 0.029660186
v -0.067745153 -0.013173619 0.029660186
v -0.089585574 -0.013173619 0.029894261
v -0.067997425 -0.013173619 0.029894261
v -0.089371005 -0.013173619 0.030163320
v -0.068211993 -0.013173619 0.030163320
v -0.089198936 -0.013173619 0.030461354
v -0.068384063 -0.013173619 0.030461354
v -0.089073207 -0.013173619 0.030781705
v -0.068509792 -0.013173619 0.030781705
v -0.088996629 -0.013173619 0.031117216
v -0.068586370 -0.013173619 0.031117216
v -0.088970911 -0.013173619 0.031460394
v -0.068612088 -0.013173619 0.031460394
v -0.088970911 -0.013173619 0.032609623
v -0.068612088 -0.013173619 0.032609623
v -0.088948458 -0.013173619 0.032894915
v -0.068634541 -0.013173619 0.032894915
v -0.088881652 -0.013173619 0.033173184
v -0.068701347 -0.013173619 0.033173184
v -0.088772138 -0.013173619 0.033437574
v -0.068810861 -0.013173619 0.033437574
v -0.088622613 -0.013173619 0.033681578
v -0.068960386 -0.013173619 0.033681578
v -0.088436757 -0.013173619 0.033899186
v -0.069146242 -0.013173619 0.033899186
v -0.088219148 -0.013173619 0.034085042
v -0.069363851 -0.013173619 0.034085042
v -0.087975145 -0.013173619 0.034234567
v -0.069607854 -0.013173619 0.034234567
v -0.087710754 -0.013173619 0.034344081
v -0.069872245 -0.013173619 0.034344081
v -0.087432486 -0.013173619 0.034410887
v -0.070150513 -0.013173619 0.034410887
v -0.087147194 -0.013173619 0.034433341
v -0.085997964 -0.013173619 0.034433341
v -0.071585035 -0.013173619 0.034433341
v -0.070435805 -0.013173619 0.034433341
v -0.071928212 -0.013173619 0.034459058
v -0.085598130 -0.013173619 0.034468322
v -0.072263724 -0.013173619 0.034535636
v -0.085210445 -0.013173619 0.034572202
v -0.072584074 -0.013173619 0.034661365
v -0.084846689 -0.013173619 0.034741824
v -0.072882108 -0.013173619 0.034833435
v -0.084517913 -0.013173619 0.034972035
v -0.073151167 -0.013173619 0.035048003
v -0.084234107 -0.013173619 0.035255840
v -0.073385242 -0.013173619 0.035300275
v -0.084003896 -0.013173619 0.035584616
v -0.073579102 -0.013173619 0.035584616
v -0.078963569 -0.013173619 0.036370746
v -0.078619430 -0.013173619 0.036370746
v -0.079303865 -0.013173619 0.036422037
v -0.078279133 -0.013173619 0.036422037
v -0.079632716 -0.013173619 0.036523474
v -0.077950283 -0.013173619 0.036523474
v -0.083429281 -0.013173619 0.036579878
v -0.074153718 -0.013173619 0.036579878
v -0.079942775 -0.013173619 0.036672790
v -0.077640224 -0.013173619 0.036672790
v -0.083267191 -0.013173619 0.036815723
v -0.074315808 -0.013173619 0.036815723
v -0.083070201 -0.013173619 0.037023306
v -0.074512798 -0.013173619 0.037023306
v -0.082843164 -0.013173619 0.037197518
v -0.074739835 -0.013173619 0.037197518
v -0.080938037 -0.013173619 0.037247405
v -0.076644962 -0.013173619 0.037247405
v -0.082591668 -0.013173619 0.037334069
v -0.074991330 -0.013173619 0.037334069
v -0.081196334 -0.013173619 0.037370606
v -0.076386665 -0.013173619 0.037370606
v -0.082321909 -0.013173619 0.037429595
v -0.075261090 -0.013173619 0.037429595
v -0.081470724 -0.013173619 0.037451885
v -0.076112275 -0.013173619 0.037451885
v -0.082040526 -0.013173619 0.037481747
v -0.075542473 -0.013173619 0.037481747
v -0.081754450 -0.013173619 0.037489238
v -0.075828549 -0.013173619 0.037489238
v -0.063459122 -0.013168616 0.019660806
v -0.063459122 -0.013168616 0.028847051
v -0.063290139 -0.013159451 0.028304008
v -0.063204300 -0.013154869 0.027993418
v -0.063079108 -0.013148277 0.021026946
v -0.077611672 -0.013140372 0.008408212
v -0.079985840 -0.013140372 0.008409300
v -0.075263844 -0.013140372 0.008760886
v -0.082333344 -0.013140372 0.008764124
v -0.072994771 -0.013140372 0.009459447
v -0.084601775 -0.013140372 0.009464763
v -0.070855113 -0.013140372 0.010488301
v -0.086740490 -0.013140372 0.010495575
v -0.068892639 -0.013140372 0.011824477
v -0.088701740 -0.013140372 0.011833548
v -0.067151158 -0.013140372 0.013438145
v -0.090441742 -0.013140372 0.013448810
v -0.065669553 -0.013140372 0.015293278
v -0.091921648 -0.013140372 0.015305300
v -0.064480900 -0.013140372 0.017348462
v -0.093108417 -0.013140372 0.017361572
v -0.093975558 -0.013140372 0.019571718
v -0.094503709 -0.013140372 0.021886395
v -0.094681078 -0.013140372 0.024253929
v -0.094503709 -0.013140372 0.026621463
v -0.093975558 -0.013140372 0.028936140
v -0.093108417 -0.013140372 0.031146286
v -0.064480900 -0.013140372 0.031159396
v -0.091921648 -0.013140372 0.033202558
v -0.065669553 -0.013140372 0.033214580
v -0.090441742 -0.013140372 0.035059048
v -0.067151158 -0.013140372 0.035069713
v -0.088701740 -0.013140372 0.036674309
v -0.068892639 -0.013140372 0.036683381
v -0.086740490 -0.013140372 0.038012283
v -0.070855113 -0.013140372 0.038019557
v -0.084601775 -0.013140372 0.039043095
v -0.072994771 -0.013140372 0.039048411
v -0.082333344 -0.013140372 0.039743734
v -0.075263844 -0.013140372 0.039746972
v -0.079985840 -0.013140372 0.040098558
v -0.077611672 -0.013140372 0.040099645
v -0.062912377 -0.013139666 0.026616703
v -0.062835928 -0.013135783 0.022426571
v -0.062754227 -0.013131680 0.025214224
v -0.062730510 -0.013130498 0.023788356
v -0.064185362 -0.013129410 0.030491525
v -0.063782664 -0.013115129 0.019014190
v -0.063540687 -0.013106876 0.019689981
v -0.081748668 -0.013096266 0.010908299
v -0.075834330 -0.013096266 0.010908299
v -0.082052074 -0.013096266 0.010916245
v -0.075530925 -0.013096266 0.010916245
v -0.081447755 -0.013096266 0.010947917
v -0.076135243 -0.013096266 0.010947917
v -0.082350501 -0.013096266 0.010971556
v -0.075232498 -0.013096266 0.010971556
v -0.081156745 -0.013096266 0.011034117
v -0.076426254 -0.013096266 0.011034117
v -0.082636601 -0.013096266 0.011072868
v -0.074946398 -0.013096266 0.011072868
v -0.080882802 -0.013096266 0.011164781
v -0.076700197 -0.013096266 0.011164781
v -0.082903330 -0.013096266 0.011217691
v -0.074679669 -0.013096266 0.011217691
v -0.083144120 -0.013096266 0.011402456
v -0.074438878 -0.013096266 0.011402456
v -0.083353043 -0.013096266 0.011622613
v -0.074229956 -0.013096266 0.011622613
v -0.079887540 -0.013096266 0.011739396
v -0.077695459 -0.013096266 0.011739396
v -0.083524952 -0.013096266 0.011872744
v -0.074058046 -0.013096266 0.011872744
v -0.079592356 -0.013096266 0.011881548
v -0.077990643 -0.013096266 0.011881548
v -0.079279283 -0.013096266 0.011978119
v -0.078303716 -0.013096266 0.011978119
v -0.078955314 -0.013096266 0.012026950
v -0.078627685 -0.013096266 0.012026950
v -0.084099567 -0.013096266 0.012868006
v -0.073483432 -0.013096266 0.012868006
v -0.084284127 -0.013096266 0.013138705
v -0.073264265 -0.013096266 0.013181007
v -0.084506971 -0.013096266 0.013378875
v -0.072994076 -0.013096266 0.013451196
v -0.084763121 -0.013096266 0.013583147
v -0.072681075 -0.013096266 0.013670363
v -0.085046856 -0.013096266 0.013746961
v -0.072334770 -0.013096266 0.013831847
v -0.085351837 -0.013096266 0.013866658
v -0.071965685 -0.013096266 0.013930743
v -0.085671252 -0.013096266 0.013939562
v -0.087147194 -0.013096266 0.013964046
v -0.085997964 -0.013096266 0.013964046
v -0.071585035 -0.013096266 0.013964046
v -0.070435805 -0.013096266 0.013964046
v -0.087449768 -0.013096266 0.013987858
v -0.070133231 -0.013096266 0.013987858
v -0.087744891 -0.013096266 0.014058712
v -0.069838108 -0.013096266 0.014058712
v -0.088025297 -0.013096266 0.014174860
v -0.069557702 -0.013096266 0.014174860
v -0.088284081 -0.013096266 0.014333444
v -0.069298917 -0.013096266 0.014333444
v -0.088514872 -0.013096266 0.014530557
v -0.069068127 -0.013096266 0.014530557
v -0.088711985 -0.013096266 0.014761347
v -0.068871014 -0.013096266 0.014761347
v -0.088870569 -0.013096266 0.015020131
v -0.068712430 -0.013096266 0.015020131
v -0.088986717 -0.013096266 0.015300537
v -0.068596282 -0.013096266 0.015300537
v -0.089057570 -0.013096266 0.015595660
v -0.068525429 -0.013096266 0.015595660
v -0.089081382 -0.013096266 0.015898234
v -0.068501617 -0.013096266 0.015898234
v -0.089081382 -0.013096266 0.017047464
v -0.068501617 -0.013096266 0.017047464
v -0.068477133 -0.013096266 0.017374177
v -0.089114685 -0.013096266 0.017428115
v -0.068404228 -0.013096266 0.017693591
v -0.089213581 -0.013096266 0.017797200
v -0.068284532 -0.013096266 0.017998572
v -0.089375065 -0.013096266 0.018143504
v -0.068120718 -0.013096266 0.018282307
v -0.089594232 -0.013096266 0.018456506
v -0.067916445 -0.013096266 0.018538457
v -0.089864421 -0.013096266 0.018726695
v -0.067676275 -0.013096266 0.018761301
v -0.090177423 -0.013096266 0.018945861
v -0.067405576 -0.013096266 0.018945861
v -0.091172685 -0.013096266 0.019520476
v -0.066410314 -0.013096266 0.019520476
v -0.091422815 -0.013096266 0.019692386
v -0.066160184 -0.013096266 0.019692386
v -0.091642973 -0.013096266 0.019901308
v -0.065940026 -0.013096266 0.019901308
v -0.091827737 -0.013096266 0.020142098
v -0.065755262 -0.013096266 0.020142098
v -0.091972560 -0.013096266 0.020408827
v -0.065610439 -0.013096266 0.020408827
v -0.092073873 -0.013096266 0.020694927
v -0.065509126 -0.013096266 0.020694927
v -0.092129183 -0.013096266 0.020993355
v -0.065453816 -0.013096266 0.020993355
v -0.092137129 -0.013096266 0.021296760
v -0.065445870 -0.013096266 0.021296760
v -0.092097512 -0.013096266 0.021597673
v -0.065485487 -0.013096266 0.021597673
v -0.092011311 -0.013096266 0.021888684
v -0.065571688 -0.013096266 0.021888684
v -0.091880647 -0.013096266 0.022162627
v -0.065702352 -0.013096266 0.022162627
v -0.091306032 -0.013096266 0.023157889
v -0.066276967 -0.013096266 0.023157889
v -0.091163880 -0.013096266 0.023453072
v -0.066419119 -0.013096266 0.023453072
v -0.091067309 -0.013096266 0.023766145
v -0.066515690 -0.013096266 0.023766145
v -0.091018478 -0.013096266 0.024090115
v -0.066564521 -0.013096266 0.024090115
v -0.091018478 -0.013096266 0.024417743
v -0.066564521 -0.013096266 0.024417743
v -0.091067309 -0.013096266 0.024741713
v -0.066515690 -0.013096266 0.024741713
v -0.091163880 -0.013096266 0.025054786
v -0.066419119 -0.013096266 0.025054786
v -0.091306032 -0.013096266 0.025349969
v -0.066276967 -0.013096266 0.025349969
v -0.091880647 -0.013096266 0.026345231
v -0.065702352 -0.013096266 0.026345231
v -0.092011311 -0.013096266 0.026619174
v -0.065571688 -0.013096266 0.026619174
v -0.092097512 -0.013096266 0.026910185
v -0.065485487 -0.013096266 0.026910185
v -0.092137129 -0.013096266 0.027211098
v -0.065445870 -0.013096266 0.027211098
v -0.092129183 -0.013096266 0.027514503
v -0.065453816 -0.013096266 0.027514503
v -0.092073873 -0.013096266 0.027812930
v -0.065509126 -0.013096266 0.027812930
v -0.091972560 -0.013096266 0.028099030
v -0.065610439 -0.013096266 0.028099030
v -0.091827737 -0.013096266 0.028365760
v -0.065755262 -0.013096266 0.028365760
v -0.091642973 -0.013096266 0.028606550
v -0.065940026 -0.013096266 0.028606550
v -0.091422815 -0.013096266 0.028815472
v -0.066160184 -0.013096266 0.028815472
v -0.091172685 -0.013096266 0.028987382
v -0.066410314 -0.013096266 0.028987382
v -0.090177423 -0.013096266 0.029561997
v -0.067405576 -0.013096266 0.029561997
v -0.089906724 -0.013096266 0.029746556
v -0.067676275 -0.013096266 0.029746556
v -0.089666554 -0.013096266 0.029969401
v -0.067916445 -0.013096266 0.029969401
v -0.089462281 -0.013096266 0.030225551
v -0.068120718 -0.013096266 0.030225551
v -0.089298467 -0.013096266 0.030509286
v -0.068284532 -0.013096266 0.030509286
v -0.089178770 -0.013096266 0.030814267
v -0.068404228 -0.013096266 0.030814267
v -0.089105866 -0.013096266 0.031133681
v -0.068477133 -0.013096266 0.031133681
v -0.089081382 -0.013096266 0.031460394
v -0.068501617 -0.013096266 0.031460394
v -0.089081382 -0.013096266 0.032609623
v -0.068501617 -0.013096266 0.032609623
v -0.089057570 -0.013096266 0.032912197
v -0.068525429 -0.013096266 0.032912197
v -0.088986717 -0.013096266 0.033207321
v -0.068596282 -0.013096266 0.033207321
v -0.088870569 -0.013096266 0.033487727
v -0.068712430 -0.013096266 0.033487727
v -0.088711985 -0.013096266 0.033746511
v -0.068871014 -0.013096266 0.033746511
v -0.088514872 -0.013096266 0.033977301
v -0.069068127 -0.013096266 0.033977301
v -0.088284081 -0.013096266 0.034174414
v -0.069298917 -0.013096266 0.034174414
v -0.088025297 -0.013096266 0.034332998
v -0.069557702 -0.013096266 0.034332998
v -0.087744891 -0.013096266 0.034449146
v -0.069838108 -0.013096266 0.034449146
v -0.087449768 -0.013096266 0.034520000
v -0.070133231 -0.013096266 0.034520000
v -0.087147194 -0.013096266 0.034543812
v -0.085997964 -0.013096266 0.034543812
v -0.071585035 -0.013096266 0.034543812
v -0.070435805 -0.013096266 0.034543812
v -0.071911747 -0.013096266 0.034568296
v -0.085617314 -0.013096266 0.034577115
v -0.072231162 -0.013096266 0.034641200
v -0.085248228 -0.013096266 0.034676011
v -0.072536143 -0.013096266 0.034760897
v -0.084901924 -0.013096266 0.034837495
v -0.072819878 -0.013096266 0.034924710
v -0.084588923 -0.013096266 0.035056662
v -0.073076028 -0.013096266 0.035128983
v -0.084318733 -0.013096266 0.035326850
v -0.073298872 -0.013096266 0.035369153
v -0.084099567 -0.013096266 0.035639852
v -0.073483432 -0.013096266 0.035639852
v -0.078955314 -0.013096266 0.036480908
v -0.078627685 -0.013096266 0.036480908
v -0.079279283 -0.013096266 0.036529738
v -0.078303716 -0.013096266 0.036529738
v -0.079592356 -0.013096266 0.036626309
v -0.077990643 -0.013096266 0.036626309
v -0.083524952 -0.013096266 0.036635114
v -0.074058046 -0.013096266 0.036635114
v -0.079887540 -0.013096266 0.036768462
v -0.077695459 -0.013096266 0.036768462
v -0.083353043 -0.013096266 0.036885245
v -0.074229956 -0.013096266 0.036885245
v -0.083144120 -0.013096266 0.037105402
v -0.074438878 -0.013096266 0.037105402
v -0.082903330 -0.013096266 0.037290167
v -0.074679669 -0.013096266 0.037290167
v -0.080882802 -0.013096266 0.037343077
v -0.076700197 -0.013096266 0.037343077
v -0.082636601 -0.013096266 0.037434989
v -0.074946398 -0.013096266 0.037434989
v -0.081156745 -0.013096266 0.037473740
v -0.076426254 -0.013096266 0.037473740
v -0.082350501 -0.013096266 0.037536302
v -0.075232498 -0.013096266 0.037536302
v -0.081447755 -0.013096266 0.037559941
v -0.076135243 -0.013096266 0.037559941
v -0.082052074 -0.013096266 0.037591613
v -0.075530925 -0.013096266 0.037591613
v -0.081748668 -0.013096266 0.037599559
v -0.075834330 -0.013096266 0.037599559
v -0.063562267 -0.013093349 0.028810158
v -0.063393067 -0.013088013 0.028272171
v -0.063307055 -0.013085349 0.027964352
v -0.063181529 -0.013081522 0.021051608
v -0.077619358 -0.013076939 0.008511439
v -0.079978059 -0.013076939 0.008512520
v -0.075286825 -0.013076939 0.008861817
v -0.082310271 -0.013076939 0.008865033
v -0.073032535 -0.013076939 0.009555827
v -0.084563924 -0.013076939 0.009561108
v -0.070906815 -0.013076939 0.010577978
v -0.086688706 -0.013076939 0.010585205
v -0.068957125 -0.013076939 0.011905449
v -0.088637180 -0.013076939 0.011914462
v -0.067226990 -0.013076939 0.013508604
v -0.090365846 -0.013076939 0.013519202
v -0.065755036 -0.013076939 0.015351653
v -0.091836111 -0.013076939 0.015363597
v -0.064574127 -0.013076939 0.017393448
v -0.093015149 -0.013076939 0.017406473
v -0.093876640 -0.013076939 0.019602220
v -0.094401350 -0.013076939 0.021901819
v -0.094577566 -0.013076939 0.024253929
v -0.094401350 -0.013076939 0.026606039
v -0.093876640 -0.013076939 0.028905638
v -0.093015149 -0.013076939 0.031101385
v -0.064574127 -0.013076939 0.031114410
v -0.091836111 -0.013076939 0.033144261
v -0.065755036 -0.013076939 0.033156205
v -0.090365846 -0.013076939 0.034988656
v -0.067226990 -0.013076939 0.034999254
v -0.088637180 -0.013076939 0.036593395
v -0.068957125 -0.013076939 0.036602409
v -0.086688706 -0.013076939 0.037922652
v -0.070906815 -0.013076939 0.037929880
v -0.084563924 -0.013076939 0.038946750
v -0.073032535 -0.013076939 0.038952031
v -0.082310271 -0.013076939 0.039642825
v -0.075286825 -0.013076939 0.039646041
v -0.079978059 -0.013076939 0.039995338
v -0.077619358 -0.013076939 0.039996418
v -0.063014205 -0.013076529 0.026599062
v -0.062937429 -0.013074282 0.022440065
v -0.062855340 -0.013071908 0.025207217
v -0.062831504 -0.013071225 0.023791741
v -0.064277156 -0.013070596 0.030449959
v -0.063872556 -0.013062354 0.019050091
v -0.063629454 -0.013057603 0.019721732
v -0.063629454 -0.013057603 0.028786126
v -0.081742271 -0.013039271 0.010786243
v -0.075840727 -0.013039271 0.010786243
v -0.082064850 -0.013039271 0.010794689
v -0.075518149 -0.013039271 0.010794689
v -0.081422344 -0.013039271 0.010828362
v -0.076160655 -0.013039271 0.010828362
v -0.082382135 -0.013039271 0.010853495
v -0.075200864 -0.013039271 0.010853495
v -0.081112943 -0.013039271 0.010920010
v -0.076470056 -0.013039271 0.010920010
v -0.082686315 -0.013039271 0.010961210
v -0.074896684 -0.013039271 0.010961210
v -0.080821689 -0.013039271 0.011058932
v -0.076761310 -0.013039271 0.011058932
v -0.082969899 -0.013039271 0.011115184
v -0.074613100 -0.013039271 0.011115184
v -0.083225905 -0.013039271 0.011311626
v -0.074357094 -0.013039271 0.011311626
v -0.083448029 -0.013039271 0.011545695
v -0.074134970 -0.013039271 0.011545695
v -0.079826427 -0.013039271 0.011633546
v -0.077756572 -0.013039271 0.011633546
v -0.079547702 -0.013039271 0.011767773
v -0.078035296 -0.013039271 0.011767773
v -0.083630803 -0.013039271 0.011811630
v -0.073952196 -0.013039271 0.011811630
v -0.079252086 -0.013039271 0.011858958
v -0.078330913 -0.013039271 0.011858958
v -0.078946180 -0.013039271 0.011905067
v -0.078636819 -0.013039271 0.011905067
v -0.084205417 -0.013039271 0.012806893
v -0.073377582 -0.013039271 0.012806893
v -0.084379687 -0.013039271 0.013062499
v -0.073170636 -0.013039271 0.013102442
v -0.084590105 -0.013039271 0.013289276
v -0.072915512 -0.013039271 0.013357567
v -0.084831973 -0.013039271 0.013482161
v -0.072619962 -0.013039271 0.013564513
v -0.085099888 -0.013039271 0.013636841
v -0.072292967 -0.013039271 0.013716993
v -0.085387864 -0.013039271 0.013749862
v -0.071944461 -0.013039271 0.013810374
v -0.085689468 -0.013039271 0.013818702
v -0.087147194 -0.013039271 0.013841820
v -0.085997964 -0.013039271 0.013841820
v -0.071585035 -0.013039271 0.013841820
v -0.070435805 -0.013039271 0.013841820
v -0.087468888 -0.013039271 0.013867139
v -0.070114111 -0.013039271 0.013867139
v -0.087782661 -0.013039271 0.013942469
v -0.069800338 -0.013039271 0.013942469
v -0.088080786 -0.013039271 0.014065956
v -0.069502213 -0.013039271 0.014065956
v -0.088355923 -0.013039271 0.014234561
v -0.069227075 -0.013039271 0.014234561
v -0.088601298 -0.013039271 0.014444130
v -0.068981701 -0.013039271 0.014444130
v -0.088810867 -0.013039271 0.014689505
v -0.068772132 -0.013039271 0.014689505
v -0.088979472 -0.013039271 0.014964643
v -0.068603527 -0.013039271 0.014964643
v -0.089102959 -0.013039271 0.015262767
v -0.068480039 -0.013039271 0.015262767
v -0.089178289 -0.013039271 0.015576541
v -0.068404710 -0.013039271 0.015576541
v -0.089203608 -0.013039271 0.015898234
v -0.068379391 -0.013039271 0.015898234
v -0.089203608 -0.013039271 0.017047464
v -0.068379391 -0.013039271 0.017047464
v -0.068356273 -0.013039271 0.017355960
v -0.089235054 -0.013039271 0.017406890
v -0.068287433 -0.013039271 0.017657565
v -0.089328436 -0.013039271 0.017755396
v -0.068174411 -0.013039271 0.017945540
v -0.089480916 -0.013039271 0.018082392
v -0.068019731 -0.013039271 0.018213455
v -0.089687862 -0.013039271 0.018377941
v -0.067826847 -0.013039271 0.018455323
v -0.089942986 -0.013039271 0.018633065
v -0.067600069 -0.013039271 0.018665742
v -0.090238535 -0.013039271 0.018840011
v -0.067344464 -0.013039271 0.018840011
v -0.091233798 -0.013039271 0.019414626
v -0.066349201 -0.013039271 0.019414626
v -0.091499733 -0.013039271 0.019597399
v -0.066083266 -0.013039271 0.019597399
v -0.091733803 -0.013039271 0.019819523
v -0.065849196 -0.013039271 0.019819523
v -0.091930244 -0.013039271 0.020075529
v -0.065652755 -0.013039271 0.020075529
v -0.092084218 -0.013039271 0.020359114
v -0.065498781 -0.013039271 0.020359114
v -0.092191933 -0.013039271 0.020663293
v -0.065391066 -0.013039271 0.020663293
v -0.092250739 -0.013039271 0.020980579
v -0.065332260 -0.013039271 0.020980579
v -0.092259185 -0.013039271 0.021303157
v -0.065323813 -0.013039271 0.021303157
v -0.092217066 -0.013039271 0.021623085
v -0.065365933 -0.013039271 0.021623085
v -0.092125419 -0.013039271 0.021932485
v -0.065457580 -0.013039271 0.021932485
v -0.091986497 -0.013039271 0.022223739
v -0.065596502 -0.013039271 0.022223739
v -0.091411882 -0.013039271 0.023219001
v -0.066171116 -0.013039271 0.023219001
v -0.091277656 -0.013039271 0.023497726
v -0.066305343 -0.013039271 0.023497726
v -0.091186470 -0.013039271 0.023793343
v -0.066396529 -0.013039271 0.023793343
v -0.091140361 -0.013039271 0.024099248
v -0.066442638 -0.013039271 0.024099248
v -0.091140361 -0.013039271 0.024408609
v -0.066442638 -0.013039271 0.024408609
v -0.091186470 -0.013039271 0.024714515
v -0.066396529 -0.013039271 0.024714515
v -0.091277656 -0.013039271 0.025010132
v -0.066305343 -0.013039271 0.025010132
v -0.091411882 -0.013039271 0.025288856
v -0.066171116 -0.013039271 0.025288856
v -0.091986497 -0.013039271 0.026284119
v -0.065596502 -0.013039271 0.026284119
v -0.092125419 -0.013039271 0.026575372
v -0.065457580 -0.013039271 0.026575372
v -0.092217066 -0.013039271 0.026884773
v -0.065365933 -0.013039271 0.026884773
v -0.092259185 -0.013039271 0.027204701
v -0.065323813 -0.013039271 0.027204701
v -0.092250739 -0.013039271 0.027527279
v -0.065332260 -0.013039271 0.027527279
v -0.092191933 -0.013039271 0.027844564
v -0.065391066 -0.013039271 0.027844564
v -0.092084218 -0.013039271 0.028148744
v -0.065498781 -0.013039271 0.028148744
v -0.091930244 -0.013039271 0.028432329
v -0.065652755 -0.013039271 0.028432329
v -0.091733803 -0.013039271 0.028688335
v -0.065849196 -0.013039271 0.028688335
v -0.091499733 -0.013039271 0.028910459
v -0.066083266 -0.013039271 0.028910459
v -0.091233798 -0.013039271 0.029093232
v -0.066349201 -0.013039271 0.029093232
v -0.090238535 -0.013039271 0.029667847
v -0.067344464 -0.013039271 0.029667847
v -0.089982930 -0.013039271 0.029842116
v -0.067600069 -0.013039271 0.029842116
v -0.089756152 -0.013039271 0.030052535
v -0.067826847 -0.013039271 0.030052535
v -0.089563267 -0.013039271 0.030294403
v -0.068019731 -0.013039271 0.030294403
v -0.089408588 -0.013039271 0.030562317
v -0.068174411 -0.013039271 0.030562317
v -0.089295566 -0.013039271 0.030850293
v -0.068287433 -0.013039271 0.030850293
v -0.089226726 -0.013039271 0.031151898
v -0.068356273 -0.013039271 0.031151898
v -0.089203608 -0.013039271 0.031460394
v -0.068379391 -0.013039271 0.031460394
v -0.089203608 -0.013039271 0.032609623
v -0.068379391 -0.013039271 0.032609623
v -0.089178289 -0.013039271 0.032931317
v -0.068404710 -0.013039271 0.032931317
v -0.089102959 -0.013039271 0.033245090
v -0.068480039 -0.013039271 0.033245090
v -0.088979472 -0.013039271 0.033543215
v -0.068603527 -0.013039271 0.033543215
v -0.088810867 -0.013039271 0.033818353
v -0.068772132 -0.013039271 0.033818353
v -0.088601298 -0.013039271 0.034063727
v -0.068981701 -0.013039271 0.034063727
v -0.088355923 -0.013039271 0.034273297
v -0.069227075 -0.013039271 0.034273297
v -0.088080786 -0.013039271 0.034441901
v -0.069502213 -0.013039271 0.034441901
v -0.087782661 -0.013039271 0.034565389
v -0.069800338 -0.013039271 0.034565389
v -0.087468888 -0.013039271 0.034640719
v -0.070114111 -0.013039271 0.034640719
v -0.087147194 -0.013039271 0.034666037
v -0.085997964 -0.013039271 0.034666037
v -0.071585035 -0.013039271 0.034666037
v -0.070435805 -0.013039271 0.034666037
v -0.071893530 -0.013039271 0.034689155
v -0.085638538 -0.013039271 0.034697484
v -0.072195135 -0.013039271 0.034757996
v -0.085290032 -0.013039271 0.034790865
v -0.072483111 -0.013039271 0.034871017
v -0.084963037 -0.013039271 0.034943345
v -0.072751026 -0.013039271 0.035025697
v -0.084667487 -0.013039271 0.035150291
v -0.072992893 -0.013039271 0.035218581
v -0.084412363 -0.013039271 0.035405415
v -0.073203312 -0.013039271 0.035445359
v -0.084205417 -0.013039271 0.035700964
v -0.073377582 -0.013039271 0.035700964
v -0.078946180 -0.013039271 0.036602791
v -0.078636819 -0.013039271 0.036602791
v -0.079252086 -0.013039271 0.036648900
v -0.078330913 -0.013039271 0.036648900
v -0.083630803 -0.013039271 0.036696227
v -0.073952196 -0.013039271 0.036696227
v -0.079547702 -0.013039271 0.036740085
v -0.078035296 -0.013039271 0.036740085
v -0.079826427 -0.013039271 0.036874312
v -0.077756572 -0.013039271 0.036874312
v -0.083448029 -0.013039271 0.036962163
v -0.074134970 -0.013039271 0.036962163
v -0.083225905 -0.013039271 0.037196232
v -0.074357094 -0.013039271 0.037196232
v -0.082969899 -0.013039271 0.037392673
v -0.074613100 -0.013039271 0.037392673
v -0.080821689 -0.013039271 0.037448926
v -0.076761310 -0.013039271 0.037448926
v -0.082686315 -0.013039271 0.037546647
v -0.074896684 -0.013039271 0.037546647
v -0.081112943 -0.013039271 0.037587848
v -0.076470056 -0.013039271 0.037587848
v -0.082382135 -0.013039271 0.037654363
v -0.075200864 -0.013039271 0.037654363
v -0.081422344 -0.013039271 0.037679495
v -0.076160655 -0.013039271 0.037679495
v -0.082064850 -0.013039271 0.037713169
v -0.075518149 -0.013039271 0.037713169
v -0.081742271 -0.013039271 0.037721615
v -0.075840727 -0.013039271 0.037721615
v -0.063676019 -0.013037942 0.019738387
v -0.063676019 -0.013037942 0.028769470
v -0.063505924 -0.013035512 0.028237264
v -0.063419396 -0.013034300 0.027932576
v -0.063293044 -0.013032560 0.021078459
v -0.077627686 -0.013030479 0.008623293
v -0.079969629 -0.013030479 0.008624365
v -0.075311726 -0.013030479 0.008971180
v -0.082285269 -0.013030479 0.008974373
v -0.073073453 -0.013030479 0.009660259
v -0.084522910 -0.013030479 0.009665502
v -0.070962838 -0.013030479 0.010675148
v -0.086632595 -0.013030479 0.010682323
v -0.069026999 -0.013030479 0.011993187
v -0.088567225 -0.013030479 0.012002136
v -0.067309157 -0.013030479 0.013584952
v -0.090283609 -0.013030479 0.013595473
v -0.065847663 -0.013030479 0.015414905
v -0.091743427 -0.013030479 0.015426765
v -0.064675144 -0.013030479 0.017442193
v -0.092914088 -0.013030479 0.017455125
v -0.093769459 -0.013030479 0.019635272
v -0.094290440 -0.013030479 0.021918531
v -0.094465403 -0.013030479 0.024253929
v -0.094290440 -0.013030479 0.026589327
v -0.093769459 -0.013030479 0.028872586
v -0.092914088 -0.013030479 0.031052733
v -0.064675144 -0.013030479 0.031065665
v -0.091743427 -0.013030479 0.033081093
v -0.065847663 -0.013030479 0.033092953
v -0.090283609 -0.013030479 0.034912385
v -0.067309157 -0.013030479 0.034922906
v -0.088567225 -0.013030479 0.036505722
v -0.069026999 -0.013030479 0.036514671
v -0.086632595 -0.013030479 0.037825534
v -0.070962838 -0.013030479 0.037832710
v -0.084522910 -0.013030479 0.038842355
v -0.073073453 -0.013030479 0.038847599
v -0.082285269 -0.013030479 0.039533484
v -0.075311726 -0.013030479 0.039536678
v -0.079969629 -0.013030479 0.039883493
v -0.077627686 -0.013030479 0.039884565
v -0.063124493 -0.013030294 0.026579956
v -0.063047103 -0.013029274 0.022454645
v -0.062964328 -0.013028198 0.025199666
v -0.062940284 -0.013027889 0.023795387
v -0.064375964 -0.013027604 0.030405217
v -0.063968501 -0.013023874 0.019088410
v -0.063723747 -0.013021727 0.019755459
v -0.063723747 -0.013021727 0.028752399
v -0.081735454 -0.013004367 0.010656156
v -0.075847545 -0.013004367 0.010656156
v -0.082078466 -0.013004367 0.010665137
v -0.075504533 -0.013004367 0.010665137
v -0.081395260 -0.013004367 0.010700944
v -0.076187739 -0.013004367 0.010700944
v -0.082415850 -0.013004367 0.010727668
v -0.075167149 -0.013004367 0.010727668
v -0.081066260 -0.013004367 0.010798397
v -0.076516739 -0.013004367 0.010798397
v -0.082739298 -0.013004367 0.010842208
v -0.074843700 -0.013004367 0.010842208
v -0.080756556 -0.013004367 0.010946119
v -0.076826442 -0.013004367 0.010946119
v -0.083040846 -0.013004367 0.011005935
v -0.074542152 -0.013004367 0.011005935
v -0.083313070 -0.013004367 0.011214819
v -0.074269929 -0.013004367 0.011214819
v -0.083549265 -0.013004367 0.011463716
v -0.074033734 -0.013004367 0.011463716
v -0.079761294 -0.013004367 0.011520734
v -0.077821704 -0.013004367 0.011520734
v -0.079500111 -0.013004367 0.011646512
v -0.078082888 -0.013004367 0.011646512
v -0.079223099 -0.013004367 0.011731960
v -0.078359900 -0.013004367 0.011731960
v -0.083743615 -0.013004367 0.011746499
v -0.073839384 -0.013004367 0.011746499
v -0.078936445 -0.013004367 0.011775166
v -0.078646554 -0.013004367 0.011775166
v -0.084318230 -0.013004367 0.012741761
v -0.073264769 -0.013004367 0.012741761
v -0.084481532 -0.013004367 0.012981280
v -0.073070847 -0.013004367 0.013018710
v -0.084678708 -0.013004367 0.013193785
v -0.072831779 -0.013004367 0.013257778
v -0.084905354 -0.013004367 0.013374530
v -0.072554829 -0.013004367 0.013451700
v -0.085156408 -0.013004367 0.013519476
v -0.072248414 -0.013004367 0.013594584
v -0.085426260 -0.013004367 0.013625385
v -0.071921841 -0.013004367 0.013682089
v -0.085708884 -0.013004367 0.013689892
v -0.087147194 -0.013004367 0.013711556
v -0.085997964 -0.013004367 0.013711556
v -0.071585035 -0.013004367 0.013711556
v -0.070435805 -0.013004367 0.013711556
v -0.087489266 -0.013004367 0.013738478
v -0.070093733 -0.013004367 0.013738478
v -0.087822915 -0.013004367 0.013818580
v -0.069760084 -0.013004367 0.013818580
v -0.088139925 -0.013004367 0.013949889
v -0.069443074 -0.013004367 0.013949889
v -0.088432492 -0.013004367 0.014129174
v -0.069150507 -0.013004367 0.014129174
v -0.088693410 -0.013004367 0.014352018
v -0.068889589 -0.013004367 0.014352018
v -0.088916254 -0.013004367 0.014612937
v -0.068666744 -0.013004367 0.014612937
v -0.089095539 -0.013004367 0.014905503
v -0.068487459 -0.013004367 0.014905503
v -0.089226849 -0.013004367 0.015222514
v -0.068356150 -0.013004367 0.015222514
v -0.089306950 -0.013004367 0.015556162
v -0.068276049 -0.013004367 0.015556162
v -0.089333873 -0.013004367 0.015898234
v -0.068249126 -0.013004367 0.015898234
v -0.089333873 -0.013004367 0.017047464
v -0.068249126 -0.013004367 0.017047464
v -0.068227463 -0.013004367 0.017336545
v -0.089363339 -0.013004367 0.017384270
v -0.068162956 -0.013004367 0.017619168
v -0.089450844 -0.013004367 0.017710843
v -0.068057046 -0.013004367 0.017889021
v -0.089593729 -0.013004367 0.018017259
v -0.067912101 -0.013004367 0.018140074
v -0.089787650 -0.013004367 0.018294208
v -0.067731355 -0.013004367 0.018366720
v -0.090026718 -0.013004367 0.018533276
v -0.067518850 -0.013004367 0.018563896
v -0.090303668 -0.013004367 0.018727198
v -0.067279331 -0.013004367 0.018727198
v -0.091298930 -0.013004367 0.019301813
v -0.066284069 -0.013004367 0.019301813
v -0.091581712 -0.013004367 0.019496164
v -0.066001287 -0.013004367 0.019496164
v -0.091830609 -0.013004367 0.019732359
v -0.065752390 -0.013004367 0.019732359
v -0.092039494 -0.013004367 0.020004582
v -0.065543505 -0.013004367 0.020004582
v -0.092203220 -0.013004367 0.020306130
v -0.065379778 -0.013004367 0.020306130
v -0.092317760 -0.013004367 0.020629578
v -0.065265239 -0.013004367 0.020629578
v -0.092380291 -0.013004367 0.020966962
v -0.065202708 -0.013004367 0.020966962
v -0.092389273 -0.013004367 0.021309974
v -0.065193726 -0.013004367 0.021309974
v -0.092344485 -0.013004367 0.021650169
v -0.065238514 -0.013004367 0.021650169
v -0.092247031 -0.013004367 0.021979168
v -0.065335967 -0.013004367 0.021979168
v -0.092099310 -0.013004367 0.022288872
v -0.065483689 -0.013004367 0.022288872
v -0.091524695 -0.013004367 0.023284134
v -0.066058304 -0.013004367 0.023284134
v -0.091398916 -0.013004367 0.023545317
v -0.066184083 -0.013004367 0.023545317
v -0.091313469 -0.013004367 0.023822330
v -0.066269530 -0.013004367 0.023822330
v -0.091270263 -0.013004367 0.024108983
v -0.066312736 -0.013004367 0.024108983
v -0.091270263 -0.013004367 0.024398875
v -0.066312736 -0.013004367 0.024398875
v -0.091313469 -0.013004367 0.024685528
v -0.066269530 -0.013004367 0.024685528
v -0.091398916 -0.013004367 0.024962541
v -0.066184083 -0.013004367 0.024962541
v -0.091524695 -0.013004367 0.025223724
v -0.066058304 -0.013004367 0.025223724
v -0.092099310 -0.013004367 0.026218986
v -0.065483689 -0.013004367 0.026218986
v -0.092247031 -0.013004367 0.026528690
v -0.065335967 -0.013004367 0.026528690
v -0.092344485 -0.013004367 0.026857689
v -0.065238514 -0.013004367 0.026857689
v -0.092389273 -0.013004367 0.027197883
v -0.065193726 -0.013004367 0.027197883
v -0.092380291 -0.013004367 0.027540895
v -0.065202708 -0.013004367 0.027540895
v -0.092317760 -0.013004367 0.027878280
v -0.065265239 -0.013004367 0.027878280
v -0.092203220 -0.013004367 0.028201728
v -0.065379778 -0.013004367 0.028201728
v -0.092039494 -0.013004367 0.028503276
v -0.065543505 -0.013004367 0.028503276
v -0.091830609 -0.013004367 0.028775499
v -0.065752390 -0.013004367 0.028775499
v -0.091581712 -0.013004367 0.029011694
v -0.066001287 -0.013004367 0.029011694
v -0.091298930 -0.013004367 0.029206045
v -0.066284069 -0.013004367 0.029206045
v -0.090303668 -0.013004367 0.029780659
v -0.067279331 -0.013004367 0.029780659
v -0.090064149 -0.013004367 0.029943961
v -0.067518850 -0.013004367 0.029943961
v -0.089851643 -0.013004367 0.030141138
v -0.067731355 -0.013004367 0.030141138
v -0.089670898 -0.013004367 0.030367784
v -0.067912101 -0.013004367 0.030367784
v -0.089525953 -0.013004367 0.030618837
v -0.068057046 -0.013004367 0.030618837
v -0.089420043 -0.013004367 0.030888690
v -0.068162956 -0.013004367 0.030888690
v -0.089355536 -0.013004367 0.031171313
v -0.068227463 -0.013004367 0.031171313
v -0.089333873 -0.013004367 0.031460394
v -0.068249126 -0.013004367 0.031460394
v -0.089333873 -0.013004367 0.032609623
v -0.068249126 -0.013004367 0.032609623
v -0.089306950 -0.013004367 0.032951696
v -0.068276049 -0.013004367 0.032951696
v -0.089226849 -0.013004367 0.033285344
v -0.068356150 -0.013004367 0.033285344
v -0.089095539 -0.013004367 0.033602354
v -0.068487459 -0.013004367 0.033602354
v -0.088916254 -0.013004367 0.033894921
v -0.068666744 -0.013004367 0.033894921
v -0.088693410 -0.013004367 0.034155840
v -0.068889589 -0.013004367 0.034155840
v -0.088432492 -0.013004367 0.034378684
v -0.069150507 -0.013004367 0.034378684
v -0.088139925 -0.013004367 0.034557969
v -0.069443074 -0.013004367 0.034557969
v -0.087822915 -0.013004367 0.034689278
v -0.069760084 -0.013004367 0.034689278
v -0.087489266 -0.013004367 0.034769380
v -0.070093733 -0.013004367 0.034769380
v -0.087147194 -0.013004367 0.034796302
v -0.085997964 -0.013004367 0.034796302
v -0.071585035 -0.013004367 0.034796302
v -0.070435805 -0.013004367 0.034796302
v -0.071874115 -0.013004367 0.034817966
v -0.085661158 -0.013004367 0.034825769
v -0.072156739 -0.013004367 0.034882473
v -0.085334585 -0.013004367 0.034913274
v -0.072426591 -0.013004367 0.034988382
v -0.085028169 -0.013004367 0.035056158
v -0.072677645 -0.013004367 0.035133328
v -0.084751220 -0.013004367 0.035250080
v -0.072904290 -0.013004367 0.035314073
v -0.084512152 -0.013004367 0.035489148
v -0.073101467 -0.013004367 0.035526578
v -0.084318230 -0.013004367 0.035766097
v -0.073264769 -0.013004367 0.035766097
v -0.078936445 -0.013004367 0.036732692
v -0.078646554 -0.013004367 0.036732692
v -0.083743615 -0.013004367 0.036761359
v -0.073839384 -0.013004367 0.036761359
v -0.079223099 -0.013004367 0.036775898
v -0.078359900 -0.013004367 0.036775898
v -0.079500111 -0.013004367 0.036861346
v -0.078082888 -0.013004367 0.036861346
v -0.079761294 -0.013004367 0.036987124
v -0.077821704 -0.013004367 0.036987124
v -0.083549265 -0.013004367 0.037044142
v -0.074033734 -0.013004367 0.037044142
v -0.083313070 -0.013004367 0.037293039
v -0.074269929 -0.013004367 0.037293039
v -0.083040846 -0.013004367 0.037501923
v -0.074542152 -0.013004367 0.037501923
v -0.080756556 -0.013004367 0.037561739
v -0.076826442 -0.013004367 0.037561739
v -0.082739298 -0.013004367 0.037665650
v -0.074843700 -0.013004367 0.037665650
v -0.081066260 -0.013004367 0.037709461
v -0.076516739 -0.013004367 0.037709461
v -0.082415850 -0.013004367 0.037780189
v -0.075167149 -0.013004367 0.037780189
v -0.081395260 -0.013004367 0.037806914
v -0.076187739 -0.013004367 0.037806914
v -0.082078466 -0.013004367 0.037842720
v -0.075504533 -0.013004367 0.037842720
v -0.081735454 -0.013004367 0.037851702
v -0.075847545 -0.013004367 0.037851702
v -0.063797023 -0.013004029 0.019781668
v -0.063797023 -0.013004029 0.028726189
v -0.063625557 -0.013003413 0.028200261
v -0.063538276 -0.013003106 0.027898949
v -0.063410760 -0.013002665 0.021106804
v -0.077636451 -0.013002138 0.008741016
v -0.079960755 -0.013002138 0.008742081
v -0.075337934 -0.013002138 0.009086283
v -0.082258955 -0.013002138 0.009089452
v -0.073116519 -0.013002138 0.009770172
v -0.084479743 -0.013002138 0.009775377
v -0.071021800 -0.013002138 0.010777417
v -0.086573539 -0.013002138 0.010784540
v -0.069100543 -0.013002138 0.012085530
v -0.088493598 -0.013002138 0.012094411
v -0.067395638 -0.013002138 0.013665306
v -0.090197055 -0.013002138 0.013675748
v -0.065945150 -0.013002138 0.015481476
v -0.091645879 -0.013002138 0.015493247
v -0.064781462 -0.013002138 0.017493496
v -0.092807723 -0.013002138 0.017506331
v -0.093656651 -0.013002138 0.019670057
v -0.094173709 -0.013002138 0.021936120
v -0.094347354 -0.013002138 0.024253929
v -0.094173709 -0.013002138 0.026571738
v -0.093656651 -0.013002138 0.028837801
v -0.092807723 -0.013002138 0.031001527
v -0.064781462 -0.013002138 0.031014362
v -0.091645879 -0.013002138 0.033014611
v -0.065945150 -0.013002138 0.033026382
v -0.090197055 -0.013002138 0.034832110
v -0.067395638 -0.013002138 0.034842552
v -0.088493598 -0.013002138 0.036413447
v -0.069100543 -0.013002138 0.036422327
v -0.086573539 -0.013002138 0.037723318
v -0.071021800 -0.013002138 0.037730441
v -0.084479743 -0.013002138 0.038732481
v -0.073116519 -0.013002138 0.038737685
v -0.082258955 -0.013002138 0.039418405
v -0.075337934 -0.013002138 0.039421575
v -0.079960755 -0.013002138 0.039765777
v -0.077636451 -0.013002138 0.039766841
v -0.063240539 -0.013002091 0.026559852
v -0.063162339 -0.013001833 0.022469964
v -0.063078667 -0.013001561 0.025191743
v -0.063054358 -0.013001483 0.023799210
v -0.064479536 -0.013001411 0.030358318
v -0.064068550 -0.013000468 0.019128368
v -0.063821781 -0.012999926 0.019790524
v -0.063821781 -0.012999926 0.028717334
v -0.077645438 -0.012992613 0.008861711
v -0.079951658 -0.012992613 0.008862768
v -0.075364804 -0.012992613 0.009204292
v -0.082231978 -0.012992613 0.009207437
v -0.073160672 -0.012992613 0.009882861
v -0.084435487 -0.012992613 0.009888024
v -0.081728423 -0.012992613 0.010521992
v -0.075854576 -0.012992613 0.010521992
v -0.082092509 -0.012992613 0.010531526
v -0.075490490 -0.012992613 0.010531526
v -0.081367327 -0.012992613 0.010569532
v -0.076215671 -0.012992613 0.010569532
v -0.082450622 -0.012992613 0.010597899
v -0.075132377 -0.012992613 0.010597899
v -0.081018114 -0.012992613 0.010672973
v -0.076564884 -0.012992613 0.010672973
v -0.082793942 -0.012992613 0.010719476
v -0.074789057 -0.012992613 0.010719476
v -0.080689383 -0.012992613 0.010829770
v -0.076893616 -0.012992613 0.010829770
v -0.071082251 -0.012992613 0.010882269
v -0.086512992 -0.012992613 0.010889335
v -0.083114017 -0.012992613 0.010893262
v -0.074468981 -0.012992613 0.010893262
v -0.083402966 -0.012992613 0.011114980
v -0.074180033 -0.012992613 0.011114980
v -0.083653672 -0.012992613 0.011379168
v -0.073929327 -0.012992613 0.011379168
v -0.079694121 -0.012992613 0.011404384
v -0.077888878 -0.012992613 0.011404384
v -0.079451029 -0.012992613 0.011521452
v -0.078131970 -0.012992613 0.011521452
v -0.079193204 -0.012992613 0.011600981
v -0.078389795 -0.012992613 0.011600981
v -0.078926405 -0.012992613 0.011641194
v -0.078656593 -0.012992613 0.011641194
v -0.083859964 -0.012992613 0.011679325
v -0.073723035 -0.012992613 0.011679325
v -0.069175941 -0.012992613 0.012180204
v -0.088418113 -0.012992613 0.012189016
v -0.084434579 -0.012992613 0.012674587
v -0.073148420 -0.012992613 0.012674587
v -0.084586569 -0.012992613 0.012897516
v -0.072967931 -0.012992613 0.012932353
v -0.084770088 -0.012992613 0.013095301
v -0.072745422 -0.012992613 0.013154862
v -0.084981035 -0.012992613 0.013263528
v -0.072487656 -0.012992613 0.013335351
v -0.085214699 -0.012992613 0.013398433
v -0.072202464 -0.012992613 0.013468339
v -0.085465860 -0.012992613 0.013497007
v -0.071898512 -0.012992613 0.013549783
v -0.085728907 -0.012992613 0.013557045
v -0.087147194 -0.012992613 0.013577208
v -0.085997964 -0.012992613 0.013577208
v -0.071585035 -0.012992613 0.013577208
v -0.070435805 -0.012992613 0.013577208
v -0.087510283 -0.012992613 0.013605783
v -0.070072716 -0.012992613 0.013605783
v -0.087864431 -0.012992613 0.013690807
v -0.069718568 -0.012992613 0.013690807
v -0.067484302 -0.012992613 0.013747688
v -0.090108316 -0.012992613 0.013758049
v -0.088200918 -0.012992613 0.013830184
v -0.069382081 -0.012992613 0.013830184
v -0.088511459 -0.012992613 0.014020485
v -0.069071540 -0.012992613 0.014020485
v -0.088788408 -0.012992613 0.014257021
v -0.068794591 -0.012992613 0.014257021
v -0.089024944 -0.012992613 0.014533969
v -0.068558055 -0.012992613 0.014533969
v -0.089215244 -0.012992613 0.014844510
v -0.068367755 -0.012992613 0.014844510
v -0.089354621 -0.012992613 0.015180997
v -0.068228378 -0.012992613 0.015180997
v -0.089439645 -0.012992613 0.015535145
v -0.068143354 -0.012992613 0.015535145
v -0.066045099 -0.012992613 0.015549730
v -0.091545867 -0.012992613 0.015561407
v -0.089468220 -0.012992613 0.015898234
v -0.068114778 -0.012992613 0.015898234
v -0.089468220 -0.012992613 0.017047464
v -0.068114778 -0.012992613 0.017047464
v -0.068094616 -0.012992613 0.017316522
v -0.089495645 -0.012992613 0.017360941
v -0.064890465 -0.012992613 0.017546094
v -0.092698672 -0.012992613 0.017558829
v -0.068034577 -0.012992613 0.017579569
v -0.089577090 -0.012992613 0.017664893
v -0.067936004 -0.012992613 0.017830729
v -0.089710077 -0.012992613 0.017950086
v -0.067801098 -0.012992613 0.018064393
v -0.089890567 -0.012992613 0.018207852
v -0.067632872 -0.012992613 0.018275341
v -0.090113075 -0.012992613 0.018430360
v -0.067435087 -0.012992613 0.018458860
v -0.090370842 -0.012992613 0.018610850
v -0.067212157 -0.012992613 0.018610850
v -0.064170674 -0.012992613 0.019169154
v -0.091366104 -0.012992613 0.019185465
v -0.066216895 -0.012992613 0.019185465
v -0.091666260 -0.012992613 0.019391756
v -0.065916739 -0.012992613 0.019391756
v -0.091930448 -0.012992613 0.019642463
v -0.065652551 -0.012992613 0.019642463
v -0.093540994 -0.012992613 0.019705721
v -0.063921705 -0.012992613 0.019826266
v -0.092152167 -0.012992613 0.019931411
v -0.065430832 -0.012992613 0.019931411
v -0.092325953 -0.012992613 0.020251486
v -0.065257046 -0.012992613 0.020251486
v -0.092447530 -0.012992613 0.020594807
v -0.065135469 -0.012992613 0.020594807
v -0.092513902 -0.012992613 0.020952919
v -0.065069097 -0.012992613 0.020952919
v -0.063531616 -0.012992613 0.021135905
v -0.092523437 -0.012992613 0.021317006
v -0.065059562 -0.012992613 0.021317006
v -0.092475897 -0.012992613 0.021678101
v -0.065107102 -0.012992613 0.021678101
v -0.094054030 -0.012992613 0.021954153
v -0.092372456 -0.012992613 0.022027314
v -0.065210543 -0.012992613 0.022027314
v -0.092215658 -0.012992613 0.022356046
v -0.065367341 -0.012992613 0.022356046
v -0.063280388 -0.012992613 0.022485658
v -0.091641044 -0.012992613 0.023351308
v -0.065941955 -0.012992613 0.023351308
v -0.091523976 -0.012992613 0.023594400
v -0.066059023 -0.012992613 0.023594400
v -0.063171108 -0.012992613 0.023803123
v -0.091444448 -0.012992613 0.023852225
v -0.066138551 -0.012992613 0.023852225
v -0.091404234 -0.012992613 0.024119023
v -0.066178765 -0.012992613 0.024119023
v -0.094226324 -0.012992613 0.024253929
v -0.094226324 -0.012992613 0.024253929
v -0.091404234 -0.012992613 0.024388835
v -0.066178765 -0.012992613 0.024388835
v -0.091444448 -0.012992613 0.024655633
v -0.066138551 -0.012992613 0.024655633
v -0.091523976 -0.012992613 0.024913458
v -0.066059023 -0.012992613 0.024913458
v -0.091641044 -0.012992613 0.025156550
v -0.065941955 -0.012992613 0.025156550
v -0.063195713 -0.012992613 0.025183633
v -0.092215658 -0.012992613 0.026151812
v -0.065367341 -0.012992613 0.026151812
v -0.092372456 -0.012992613 0.026480544
v -0.065210543 -0.012992613 0.026480544
v -0.063359499 -0.012992613 0.026539243
v -0.094054030 -0.012992613 0.026553705
v -0.092475897 -0.012992613 0.026829757
v -0.065107102 -0.012992613 0.026829757
v -0.092523437 -0.012992613 0.027190852
v -0.065059562 -0.012992613 0.027190852
v -0.092513902 -0.012992613 0.027554939
v -0.065069097 -0.012992613 0.027554939
v -0.063660470 -0.012992613 0.027864385
v -0.092447530 -0.012992613 0.027913051
v -0.065135469 -0.012992613 0.027913051
v -0.063748625 -0.012992613 0.028162195
v -0.092325953 -0.012992613 0.028256372
v -0.065257046 -0.012992613 0.028256372
v -0.092152167 -0.012992613 0.028576447
v -0.065430832 -0.012992613 0.028576447
v -0.063921705 -0.012992613 0.028681592
v -0.093540994 -0.012992613 0.028802137
v -0.091930448 -0.012992613 0.028865395
v -0.065652551 -0.012992613 0.028865395
v -0.091666260 -0.012992613 0.029116102
v -0.065916739 -0.012992613 0.029116102
v -0.091366104 -0.012992613 0.029322393
v -0.066216895 -0.012992613 0.029322393
v -0.090370842 -0.012992613 0.029897008
v -0.067212157 -0.012992613 0.029897008
v -0.090147912 -0.012992613 0.030048998
v -0.067435087 -0.012992613 0.030048998
v -0.089950127 -0.012992613 0.030232517
v -0.067632872 -0.012992613 0.030232517
v -0.064585520 -0.012992613 0.030310327
v -0.089781901 -0.012992613 0.030443465
v -0.067801098 -0.012992613 0.030443465
v -0.089646995 -0.012992613 0.030677129
v -0.067936004 -0.012992613 0.030677129
v -0.089548422 -0.012992613 0.030928289
v -0.068034577 -0.012992613 0.030928289
v -0.092698672 -0.012992613 0.030949029
v -0.064890465 -0.012992613 0.030961764
v -0.089488383 -0.012992613 0.031191336
v -0.068094616 -0.012992613 0.031191336
v -0.089468220 -0.012992613 0.031460394
v -0.068114778 -0.012992613 0.031460394
v -0.089468220 -0.012992613 0.032609623
v -0.068114778 -0.012992613 0.032609623
v -0.091545867 -0.012992613 0.032946451
v -0.066045099 -0.012992613 0.032958128
v -0.089439645 -0.012992613 0.032972712
v -0.068143354 -0.012992613 0.032972712
v -0.089354621 -0.012992613 0.033326860
v -0.068228378 -0.012992613 0.033326860
v -0.089215244 -0.012992613 0.033663348
v -0.068367755 -0.012992613 0.033663348
v -0.089024944 -0.012992613 0.033973889
v -0.068558055 -0.012992613 0.033973889
v -0.088788408 -0.012992613 0.034250837
v -0.068794591 -0.012992613 0.034250837
v -0.088511459 -0.012992613 0.034487373
v -0.069071540 -0.012992613 0.034487373
v -0.088200918 -0.012992613 0.034677673
v -0.069382081 -0.012992613 0.034677673
v -0.090108316 -0.012992613 0.034749809
v -0.067484302 -0.012992613 0.034760169
v -0.087864431 -0.012992613 0.034817050
v -0.069718568 -0.012992613 0.034817050
v -0.087510283 -0.012992613 0.034902075
v -0.070072716 -0.012992613 0.034902075
v -0.087147194 -0.012992613 0.034930650
v -0.085997964 -0.012992613 0.034930650
v -0.071585035 -0.012992613 0.034930650
v -0.070435805 -0.012992613 0.034930650
v -0.071854092 -0.012992613 0.034950812
v -0.085684487 -0.012992613 0.034958075
v -0.072117139 -0.012992613 0.035010851
v -0.085380535 -0.012992613 0.035039519
v -0.072368300 -0.012992613 0.035109425
v -0.085095343 -0.012992613 0.035172507
v -0.072601964 -0.012992613 0.035244330
v -0.084837577 -0.012992613 0.035352996
v -0.072812911 -0.012992613 0.035412556
v -0.084615068 -0.012992613 0.035575505
v -0.072996430 -0.012992613 0.035610342
v -0.084434579 -0.012992613 0.035833271
v -0.073148420 -0.012992613 0.035833271
v -0.088418113 -0.012992613 0.036318842
v -0.069175941 -0.012992613 0.036327654
v -0.083859964 -0.012992613 0.036828533
v -0.073723035 -0.012992613 0.036828533
v -0.078926405 -0.012992613 0.036866663
v -0.078656593 -0.012992613 0.036866663
v -0.079193204 -0.012992613 0.036906877
v -0.078389795 -0.012992613 0.036906877
v -0.079451029 -0.012992613 0.036986406
v -0.078131970 -0.012992613 0.036986406
v -0.079694121 -0.012992613 0.037103473
v -0.077888878 -0.012992613 0.037103473
v -0.083653672 -0.012992613 0.037128689
v -0.073929327 -0.012992613 0.037128689
v -0.083402966 -0.012992613 0.037392878
v -0.074180033 -0.012992613 0.037392878
v -0.083114017 -0.012992613 0.037614596
v -0.074468981 -0.012992613 0.037614596
v -0.086512992 -0.012992613 0.037618522
v -0.071082251 -0.012992613 0.037625589
v -0.080689383 -0.012992613 0.037678088
v -0.076893616 -0.012992613 0.037678088
v -0.082793942 -0.012992613 0.037788382
v -0.074789057 -0.012992613 0.037788382
v -0.081018114 -0.012992613 0.037834885
v -0.076564884 -0.012992613 0.037834885
v -0.082450622 -0.012992613 0.037909959
v -0.075132377 -0.012992613 0.037909959
v -0.081367327 -0.012992613 0.037938326
v -0.076215671 -0.012992613 0.037938326
v -0.082092509 -0.012992613 0.037976331
v -0.075490490 -0.012992613 0.037976331
v -0.081728423 -0.012992613 0.037985866
v -0.075854576 -0.012992613 0.037985866
v -0.084435487 -0.012992613 0.038619833
v -0.073160672 -0.012992613 0.038624997
v -0.082231978 -0.012992613 0.039300421
v -0.075364804 -0.012992613 0.039303566
v -0.079951658 -0.012992613 0.039645090
v -0.077645438 -0.012992613 0.039646146
v 0.033437857 0.003405369 0.031809092
v 0.033418515 0.003477567 0.032063007
v 0.033388250 0.003590510 0.032300467
v 0.033347954 0.003740894 0.032514524
v 0.033298811 0.003924315 0.032698917
v 0.035597253 0.003999772 0.031883720
v 0.035561248 0.004067801 0.032136649
v 0.033242248 0.004135407 0.032848248
v 0.035514848 0.004176587 0.032373101
v 0.036385446 0.004195174 0.016698765
v 0.036366103 0.004267371 0.016444851
v 0.035459392 0.004322949 0.032586175
v 0.033179921 0.004367997 0.032958148
v 0.036335838 0.004380314 0.016207391
v 0.035396508 0.004502618 0.032769649
v 0.036295542 0.004530699 0.015993334
v 0.037780754 0.004580840 0.016642958
v 0.033113667 0.004615275 0.033025401
v 0.037723641 0.004617337 0.032105060
v 0.037742178 0.004648057 0.016390060
v 0.037671113 0.004681796 0.032355075
v 0.035328038 0.004710345 0.032918168
v 0.036246392 0.004714119 0.015808941
v 0.037693260 0.004756092 0.016153631
v 0.037608740 0.004786783 0.032588548
v 0.033045415 0.004870008 0.033048039
v 0.037635442 0.004901794 0.015940579
v 0.036189829 0.004925211 0.015659610
v 0.037538342 0.004929253 0.032798710
v 0.035255974 0.004940071 0.033027395
v 0.039339471 0.005040815 0.016446173
v 0.037570396 0.005080900 0.015757129
v 0.039279275 0.005102822 0.016196847
v 0.037461956 0.005105078 0.032979466
v 0.036127510 0.005157802 0.015549709
v 0.049502491 0.005162223 0.022057809
v 0.049507696 0.005163346 0.022319834
v 0.049605811 0.005168528 0.022056576
v 0.049610490 0.005169715 0.022317701
v 0.049399264 0.005169768 0.022058998
v 0.049404957 0.005170693 0.022321891
v 0.049535475 0.005174768 0.019903649
v 0.049645255 0.005180032 0.019909434
v 0.035182423 0.005185084 0.033094143
v 0.049426043 0.005185152 0.019898100
v 0.049707349 0.005188568 0.022055320
v 0.049711540 0.005189689 0.022315530
v 0.049297973 0.005191026 0.022060121
v 0.049304116 0.005191630 0.022323835
v 0.049630622 0.005195472 0.024432311
v 0.049753176 0.005200842 0.019915338
v 0.049731479 0.005201928 0.024422681
v 0.049529758 0.005202335 0.024441606
v 0.039209442 0.005205561 0.015964042
v 0.049319183 0.005210978 0.019892901
v 0.049830593 0.005221590 0.024412882
v 0.049686605 0.005222208 0.017648138
v 0.049430629 0.005222396 0.024450407
v 0.049794007 0.005223955 0.017658693
v 0.049659779 0.005224125 0.017645565
v 0.049807385 0.005225231 0.017660035
v 0.049200401 0.005225617 0.022061158
v 0.049206939 0.005225777 0.022325632
v 0.049566777 0.005238202 0.017636836
v 0.049926151 0.005247196 0.017672232
v 0.049217048 0.005251722 0.019888155
v 0.049334931 0.005255314 0.024458562
v 0.039814009 0.005259402 0.032470103
v 0.049905546 0.005270799 0.026573054
v 0.049115145 0.005272538 0.022327249
v 0.049450885 0.005272819 0.017626404
v 0.049108344 0.005272923 0.022062091
v 0.050008456 0.005276564 0.026555526
v 0.049802691 0.005279147 0.026589936
v 0.037500044 0.005288180 0.015608642
v 0.049401386 0.005293976 0.017622116
v 0.050109560 0.005296340 0.026537671
v 0.049244323 0.005300517 0.024465930
v 0.049701780 0.005301461 0.026605864
v 0.049121714 0.005306560 0.019883960
v 0.037381789 0.005309156 0.033125579
v 0.039745176 0.005320857 0.032715344
v 0.049341771 0.005325207 0.017617101
v 0.049030393 0.005331077 0.022328659
v 0.049023421 0.005332097 0.022062902
v 0.049604665 0.005337334 0.026620546
v 0.039131987 0.005346044 0.015754526
v 0.049160368 0.005357232 0.024472384
v 0.050307067 0.005361427 0.014182912
v 0.049285068 0.005361531 0.017612506
v 0.050174768 0.005362116 0.014156733
v 0.049035111 0.005374382 0.019880399
v 0.050437221 0.005384137 0.014209911
v 0.049513111 0.005386104 0.026633714
v 0.050044367 0.005386180 0.014132170
v 0.050348200 0.005394017 0.028839276
v 0.049242099 0.005394075 0.017609156
v 0.050457679 0.005398094 0.028813355
v 0.048954170 0.005400361 0.022329836
v 0.048947151 0.005402077 0.022063578
v 0.036061256 0.005405079 0.015482457
v 0.050239086 0.005406278 0.028864087
v 0.050565174 0.005418422 0.028786873
v 0.039667108 0.005422392 0.032943934
v 0.049084493 0.005424477 0.024477814
v 0.049919807 0.005432888 0.014109970
v 0.050132636 0.005434619 0.028887264
v 0.035109523 0.005438235 0.033116463
v 0.049428816 0.005446887 0.026645128
v 0.049182143 0.005448319 0.017604711
v 0.048958980 0.005453815 0.019877546
v 0.049154349 0.005477727 0.017602763
v 0.050031106 0.005478436 0.028908315
v 0.048887815 0.005479159 0.022330759
v 0.048880897 0.005481614 0.022064105
v 0.049804898 0.005500821 0.014090806
v 0.049018030 0.005501098 0.024482126
v 0.050752990 0.005507948 0.030509792
v 0.050857186 0.005508833 0.030481634
v 0.050870153 0.005510000 0.030478054
v 0.037426424 0.005517574 0.015499458
v 0.049353274 0.005518570 0.026654580
v 0.039049163 0.005520185 0.015574393
v 0.050636618 0.005524862 0.030539947
v 0.040870263 0.005526215 0.016108596
v 0.050985209 0.005530970 0.030445515
v 0.037300190 0.005535573 0.033232808
v 0.049936632 0.005536806 0.028926795
v 0.048894864 0.005543253 0.019875458
v 0.050523886 0.005560328 0.030567776
v 0.039582046 0.005561091 0.033149320
v 0.048832514 0.005566076 0.022331413
v 0.048825876 0.005569281 0.022064476
v 0.049080667 0.005574105 0.017598081
v 0.050475696 0.005581836 0.030579217
v 0.040788779 0.005583455 0.015865344
v 0.048962117 0.005585775 0.024485246
v 0.049703112 0.005587915 0.014075261
v 0.051157324 0.005589255 0.010778748
v 0.051028224 0.005590798 0.010739787
v 0.049287895 0.005599844 0.026661896
v 0.048822955 0.005605510 0.020675260
v 0.049851245 0.005608489 0.028942313
v 0.051284200 0.005611082 0.010818930
v 0.050417599 0.005613475 0.030592595
v 0.050900821 0.005615666 0.010703231
v 0.048836465 0.005629781 0.020101884
v 0.048844072 0.005640884 0.019874176
v 0.050362283 0.005650173 0.030604855
v 0.048906391 0.005656514 0.024368955
v 0.048782465 0.005659287 0.022547971
v 0.035992995 0.005659810 0.015459818
v 0.050778964 0.005663098 0.010670190
v 0.049028472 0.005668542 0.017595450
v 0.049022887 0.005680833 0.017595225
v 0.040698357 0.005681162 0.015638706
v 0.050320345 0.005682989 0.030613793
v 0.049233873 0.005689224 0.026666943
v 0.049617554 0.005691525 0.014063807
v 0.049776717 0.005691972 0.028954541
v 0.048896057 0.005704140 0.018799689
v 0.038963396 0.005722919 0.015428884
v 0.050666402 0.005731659 0.010641669
v 0.039492422 0.005732979 0.033325613
v 0.037351695 0.005762382 0.015432766
v 0.050234531 0.005767162 0.030630847
v 0.051842770 0.005772921 0.033570020
v 0.049109157 0.005773831 0.026271528
v 0.051716257 0.005775154 0.033616638
v 0.037219497 0.005777763 0.033298046
v 0.048725700 0.005777825 0.020692875
v 0.049714639 0.005785482 0.028963218
v 0.051966989 0.005794036 0.033521942
v 0.048982405 0.005795287 0.017594266
v 0.051591248 0.005800666 0.033660380
v 0.048854738 0.005803492 0.018815116
v 0.049499330 0.005807940 0.028164176
v 0.049550820 0.005808504 0.014056793
v 0.040601613 0.005816517 0.015435221
v 0.050566506 0.005819261 0.010618534
v 0.051471599 0.005848686 0.033699915
v 0.048758909 0.005849158 0.024375972
v 0.048634891 0.005851978 0.022561066
v 0.050162289 0.005863923 0.030643338
v 0.049666348 0.005887043 0.028968163
v 0.052336069 0.005905096 0.007481172
v 0.052211385 0.005907825 0.007429829
v 0.051360904 0.005917750 0.033734042
v 0.050482343 0.005923246 0.010601487
v 0.052458368 0.005925699 0.007534124
v 0.041864584 0.005929104 0.032976806
v 0.039400806 0.005933126 0.033467757
v 0.052088141 0.005933804 0.007381655
v 0.049504916 0.005935291 0.014054430
v 0.049020850 0.005939538 0.016923152
v 0.038877165 0.005948353 0.015322228
v 0.050110877 0.005958575 0.030650358
v 0.048961784 0.005965182 0.026272374
v 0.048578041 0.005969354 0.020712148
v 0.050105354 0.005970884 0.030650957
v 0.051970042 0.005982245 0.007338113
v 0.040501330 0.005985617 0.015260760
v 0.041779794 0.005988061 0.033215483
v 0.051262542 0.006005763 0.033761725
v 0.049915438 0.006009557 0.030050293
v 0.049384724 0.006011215 0.028150738
v 0.048738466 0.006012944 0.018844382
v 0.037278036 0.006015452 0.015410514
v 0.048583269 0.006016372 0.024386182
v 0.048458949 0.006019124 0.022574747
v 0.037142065 0.006028702 0.033319402
v 0.042368287 0.006040056 0.015629737
v 0.050416453 0.006040451 0.010591048
v 0.051860710 0.006051672 0.007300526
v 0.050065174 0.006085414 0.030653518
v 0.041686389 0.006086443 0.033437362
v 0.042265951 0.006092903 0.015394994
v 0.051179501 0.006110050 0.033782122
v 0.053103417 0.006110706 0.036549274
v 0.052981630 0.006114209 0.036607078
v 0.053158106 0.006125362 0.005884551
v 0.053222741 0.006130515 0.036489657
v 0.053043430 0.006130771 0.005813784
v 0.048786811 0.006131532 0.026279061
v 0.048402115 0.006135519 0.020729351
v 0.051763448 0.006139979 0.007270039
v 0.052861067 0.006140913 0.036661317
v 0.053270102 0.006143202 0.005957536
v 0.048383802 0.006154037 0.024399333
v 0.039309834 0.006155797 0.033571674
v 0.048258986 0.006156595 0.022588676
v 0.052929559 0.006159264 0.005747385
v 0.048937244 0.006159665 0.016965744
v 0.049851198 0.006162263 0.030029387
v 0.050370850 0.006167320 0.010587532
v 0.040400411 0.006183579 0.015120358
v 0.042155404 0.006185802 0.015177006
v 0.042684622 0.006189449 0.033141085
v 0.042670664 0.006189581 0.033156576
v 0.038792978 0.006189927 0.015257527
v 0.052745414 0.006190007 0.036710338
v 0.042662445 0.006190082 0.033167382
v 0.042711928 0.006190807 0.033117175
v 0.042655311 0.006190903 0.033178284
v 0.042649168 0.006192030 0.033189332
v 0.042644675 0.006193235 0.033198926
v 0.042747120 0.006194374 0.033093604
v 0.042640786 0.006194687 0.033208835
v 0.042761303 0.006196188 0.033085597
v 0.042690812 0.006198427 0.033172393
v 0.042683259 0.006198657 0.033181269
v 0.042703771 0.006198694 0.033159774
v 0.042676791 0.006199202 0.033190274
v 0.042671314 0.006200052 0.033199449
v 0.049237514 0.006200079 0.028145853
v 0.042729466 0.006200671 0.033140559
v 0.042667379 0.006201018 0.033207456
v 0.048590729 0.006202118 0.018869615
v 0.042664079 0.006202225 0.033215761
v 0.042762953 0.006204862 0.033121996
v 0.042704283 0.006206373 0.033195352
v 0.042711161 0.006206375 0.033188417
v 0.042698473 0.006206673 0.033202455
v 0.042776532 0.006206892 0.033115793
v 0.042723145 0.006206954 0.033178681
v 0.042693655 0.006207269 0.033209756
v 0.042835714 0.006207914 0.033052425
v 0.042690285 0.006208007 0.033216175
v 0.042687558 0.006208972 0.033222876
v 0.042747282 0.006209365 0.033164192
v 0.052819949 0.006209975 0.005687373
v 0.042761884 0.006211309 0.033157416
v 0.042779135 0.006213912 0.033150684
v 0.042878690 0.006215837 0.033037866
v 0.042792141 0.006216046 0.033146306
v 0.042848201 0.006219534 0.033090826
v 0.041587012 0.006221464 0.033636172
v 0.051114301 0.006227441 0.033794613
v 0.042889822 0.006227871 0.033080352
v 0.042861230 0.006228973 0.033129644
v 0.042901604 0.006237346 0.033123311
v 0.051681213 0.006244483 0.007247575
v 0.042624124 0.006246746 0.033393172
v 0.042557467 0.006249862 0.033433847
v 0.043051541 0.006252395 0.032998212
v 0.042552858 0.006253811 0.033445435
v 0.048165427 0.006258773 0.024415101
v 0.052638206 0.006260000 0.036752654
v 0.048039937 0.006261005 0.022602510
v 0.042602388 0.006263581 0.033447334
v 0.043058164 0.006265649 0.033054473
v 0.048588490 0.006268827 0.026291424
v 0.048202253 0.006272239 0.020744062
v 0.043065841 0.006274716 0.033111425
v 0.052717931 0.006281367 0.005635567
v 0.043277074 0.006306393 0.032971960
v 0.047085098 0.006309898 0.022650276
v 0.047214252 0.006310169 0.024495830
v 0.042039798 0.006316099 0.014982000
v 0.043278934 0.006320617 0.033042703
v 0.047933479 0.006327995 0.024433098
v 0.043282466 0.006328385 0.033114380
v 0.047807192 0.006329775 0.022615907
v 0.043211262 0.006335900 0.015345419
v 0.043208651 0.006335910 0.015342588
v 0.043193748 0.006336722 0.015323413
v 0.043233199 0.006336795 0.015365354
v 0.042524328 0.006338015 0.033626592
v 0.043182299 0.006338840 0.015302775
v 0.042469554 0.006339396 0.033641427
v 0.043264828 0.006340021 0.015386401
v 0.043168766 0.006343015 0.015273232
v 0.043317022 0.006348012 0.015410498
v 0.052542647 0.006348765 0.036786980
v 0.042511477 0.006352203 0.033654012
v 0.042457408 0.006354000 0.033668012
v 0.047451970 0.006354013 0.024473966
v 0.051068923 0.006354370 0.033798820
v 0.047323800 0.006354526 0.022640088
v 0.047693693 0.006360005 0.024452882
v 0.043379752 0.006360050 0.015429721
v 0.047566507 0.006361206 0.022628537
v 0.043122071 0.006361965 0.015174814
v 0.051616501 0.006362005 0.007233819
v 0.049063555 0.006364668 0.028149277
v 0.048820167 0.006365019 0.017002886
v 0.048415152 0.006366405 0.018890202
v 0.049733338 0.006366520 0.030009048
v 0.042498835 0.006366657 0.033680451
v 0.052626617 0.006371264 0.005593548
v 0.048371656 0.006373726 0.026309164
v 0.047983342 0.006376148 0.020755918
v 0.041484458 0.006389313 0.033806299
v 0.043070899 0.006390239 0.015072793
v 0.043604286 0.006391352 0.032960850
v 0.043064524 0.006394282 0.015060480
v 0.039222107 0.006394600 0.033634387
v 0.043544856 0.006398117 0.015454670
v 0.040301762 0.006404693 0.015018065
v 0.043600281 0.006406322 0.033049104
v 0.043598933 0.006411336 0.033138559
v 0.038618903 0.006411692 0.015252043
v 0.054228070 0.006412056 0.004454006
v 0.049174505 0.006420870 0.015073307
v 0.054126408 0.006420953 0.004365836
v 0.047029193 0.006425872 0.020770161
v 0.054326634 0.006426298 0.004544938
v 0.050363662 0.006427994 0.031913092
v 0.043014932 0.006429454 0.014967607
v 0.047428878 0.006431211 0.026423516
v 0.043687434 0.006435049 0.015459818
v 0.038713292 0.006440617 0.015236664
v 0.048141599 0.006443667 0.026331848
v 0.047750783 0.006444691 0.020764629
v 0.054024746 0.006452718 0.004283109
v 0.052461668 0.006453607 0.036812271
v 0.042418297 0.006469768 0.033836829
v 0.047267771 0.006469863 0.020771839
v 0.051507371 0.006471848 0.034924870
v 0.047664389 0.006472766 0.026389729
v 0.047510292 0.006476190 0.020769979
v 0.052548752 0.006476941 0.005562584
v 0.047903904 0.006476953 0.026358923
v 0.041922426 0.006480074 0.014815541
v 0.042953372 0.006481939 0.014859144
v 0.042364135 0.006482650 0.033856285
v 0.042360239 0.006488652 0.033863568
v 0.051571309 0.006488981 0.007229185
v 0.042401224 0.006493979 0.033867418
v 0.042938515 0.006496012 0.014834065
v 0.048866993 0.006501034 0.028160927
v 0.048215971 0.006501814 0.018905643
v 0.053926166 0.006506389 0.004208336
v 0.054628011 0.006519226 0.039393204
v 0.054511956 0.006524259 0.039461689
v 0.042903788 0.006531016 0.014777050
v 0.054741448 0.006537449 0.039322574
v 0.047031385 0.006545480 0.019692962
v 0.048672398 0.006550690 0.017033689
v 0.049586399 0.006551817 0.029999017
v 0.054396769 0.006552404 0.039525946
v 0.052397745 0.006571337 0.036827761
v 0.053833691 0.006580331 0.004143790
v 0.041381642 0.006585248 0.033942937
v 0.052486735 0.006595180 0.005543621
v 0.032582008 0.006599445 0.033048039
v 0.054285982 0.006602797 0.039584024
v 0.047998045 0.006605049 0.018915561
v 0.048652568 0.006605911 0.028180526
v 0.042832786 0.006611581 0.014667460
v 0.042826341 0.006619498 0.014657963
v 0.049088761 0.006635070 0.015125023
v 0.042271234 0.006638841 0.034017213
v 0.050275067 0.006640214 0.031874892
v 0.040208226 0.006642580 0.014956832
v 0.039140136 0.006642694 0.033654096
v 0.042302994 0.006648545 0.034026748
v 0.047049015 0.006658901 0.018897298
v 0.042258886 0.006661694 0.034036623
v 0.042791366 0.006664148 0.014607832
v 0.042289864 0.006671160 0.034045924
v 0.053750093 0.006672303 0.004091435
v 0.047722587 0.006672717 0.028326418
v 0.041806665 0.006673042 0.014682386
v 0.047766671 0.006673600 0.018919715
v 0.054182956 0.006673916 0.039634158
v 0.048425392 0.006676786 0.028207603
v 0.052352801 0.006698380 0.036832976
v 0.047286323 0.006700857 0.018910471
v 0.047527488 0.006705798 0.018918005
v 0.047954766 0.006710594 0.028281433
v 0.048190920 0.006711962 0.028241510
v 0.048497471 0.006712239 0.017057417
v 0.049413819 0.006713817 0.029999528
v 0.052442426 0.006722398 0.005537236
v 0.049289770 0.006740474 0.014051561
v 0.055515380 0.006756995 0.003230374
v 0.054090791 0.006763591 0.039674824
v 0.055597816 0.006766910 0.003336659
v 0.055429396 0.006770088 0.003127320
v 0.042713098 0.006774846 0.014503959
v 0.053677944 0.006779502 0.004052858
v 0.042698519 0.006797142 0.014485919
v 0.041281451 0.006803738 0.034042226
v 0.055342421 0.006805791 0.003030625
v 0.045061456 0.006822939 0.014513785
v 0.045175822 0.006833859 0.014727692
v 0.048970646 0.006835058 0.015169310
v 0.042200402 0.006837570 0.034163078
v 0.050156177 0.006838958 0.031848253
v 0.048299577 0.006845796 0.017073502
v 0.049219651 0.006848732 0.030010569
v 0.044940041 0.006849088 0.014305144
v 0.042166202 0.006849381 0.034166942
v 0.032513756 0.006854176 0.033025401
v 0.042163467 0.006855361 0.034170357
v 0.042190734 0.006856875 0.034174306
v 0.055257134 0.006863020 0.002943229
v 0.045205220 0.006866076 0.034000973
v 0.045302745 0.006867871 0.033749506
v 0.054012336 0.006869103 0.039704788
v 0.041695793 0.006889499 0.014586334
v 0.040122521 0.006890372 0.014938428
v 0.053619413 0.006898678 0.004029234
v 0.045098499 0.006909750 0.034244799
v 0.044814574 0.006911665 0.014106909
v 0.055176124 0.006940036 0.002867788
v 0.048083448 0.006948175 0.017081560
v 0.049202655 0.006950826 0.014107874
v 0.049008425 0.006953402 0.030031884
v 0.042596811 0.006968368 0.014372151
v 0.042590970 0.006979067 0.014366300
v 0.053949932 0.006987246 0.039723138
v 0.056403198 0.006994881 0.042076816
v 0.044985806 0.006997566 0.034473575
v 0.056293790 0.007001702 0.042155377
v 0.044688139 0.007009129 0.013923959
v 0.047143822 0.007009191 0.017032604
v 0.056509756 0.007011265 0.041995794
v 0.042573703 0.007011302 0.014349457
v 0.053533042 0.007014627 0.039090420
v 0.048822924 0.007016162 0.015205138
v 0.047854250 0.007016925 0.017081396
v 0.050009679 0.007019716 0.031833781
v 0.048785084 0.007025381 0.030062972
v 0.053576266 0.007026209 0.004021279
v 0.056184861 0.007031521 0.042229087
v 0.048095346 0.007032354 0.030206564
v 0.055101821 0.007034496 0.002806590
v 0.041186737 0.007038605 0.034101362
v 0.047378752 0.007047800 0.017056623
v 0.047617462 0.007050401 0.017073018
v 0.042078785 0.007054669 0.034263058
v 0.042096230 0.007060001 0.034268294
v 0.048554856 0.007062979 0.030103105
v 0.048323133 0.007065322 0.030151346
v 0.042070450 0.007075836 0.034270709
v 0.042067568 0.007083222 0.034273289
v 0.056079729 0.007083431 0.042295713
v 0.042084029 0.007088251 0.034278229
v 0.032447494 0.007101453 0.032958148
v 0.050926043 0.007104701 0.033944451
v 0.053905499 0.007114426 0.039729317
v 0.041592999 0.007123259 0.014530132
v 0.044870580 0.007126851 0.034680352
v 0.044563858 0.007139081 0.013760800
v 0.034653700 0.007139402 0.033116463
v 0.055036504 0.007143535 0.002761501
v 0.049083920 0.007147332 0.014155746
v 0.056983334 0.007150328 0.002248596
v 0.057047334 0.007155311 0.002367197
v 0.055981568 0.007155855 0.042353221
v 0.056915197 0.007168209 0.002133596
v 0.048649012 0.007174154 0.015231668
v 0.049838897 0.007178385 0.031831804
v 0.042488347 0.007184730 0.014277014
v 0.056844985 0.007208400 0.002025694
v 0.041158107 0.007244965 0.014633442
v 0.055893384 0.007246591 0.042399873
v 0.054982172 0.007263835 0.002733887
v 0.056774834 0.007269687 0.001928170
v 0.041100149 0.007283220 0.034118674
v 0.044756306 0.007293685 0.034858845
v 0.044444774 0.007298317 0.013621448
v 0.048453008 0.007305345 0.015248281
v 0.041996705 0.007305781 0.034332576
v 0.041986139 0.007308151 0.034330790
v 0.050834373 0.007308738 0.033898921
v 0.041994815 0.007310806 0.034333396
v 0.049647703 0.007311364 0.031842366
v 0.046915361 0.007319691 0.013349953
v 0.048936260 0.007325480 0.014194076
v 0.032385175 0.007334041 0.032848248
v 0.047052912 0.007336824 0.013549308
v 0.046771334 0.007339783 0.013155508
v 0.056706899 0.007350204 0.001843984
v 0.055817826 0.007352886 0.042434245
v 0.041501198 0.007367647 0.014515380
v 0.035529597 0.007389249 0.015459818
v 0.054940466 0.007391743 0.002724590
v 0.034590250 0.007395084 0.033094143
v 0.046624379 0.007396602 0.012970759
v 0.047282651 0.007398384 0.015459818
v 0.048239458 0.007406674 0.015254589
v 0.042393393 0.007410278 0.014221745
v 0.047334598 0.007412304 0.015455988
v 0.049552145 0.007412988 0.012218130
v 0.049440466 0.007415633 0.031865227
v 0.042389535 0.007420335 0.014220187
v 0.047396561 0.007428906 0.015441891
v 0.042383230 0.007436928 0.014217776
v 0.056643194 0.007447507 0.001775696
v 0.047484210 0.007452391 0.015405684
v 0.047527496 0.007463991 0.015381299
v 0.055757219 0.007471505 0.042455294
v 0.047571139 0.007475682 0.015352654
v 0.048013375 0.007475769 0.015250446
v 0.048763084 0.007481170 0.014221985
v 0.044333831 0.007482923 0.013509337
v 0.047608414 0.007485671 0.015325104
v 0.046478121 0.007488752 0.012800257
v 0.049221858 0.007488826 0.031899870
v 0.044646480 0.007492991 0.035003631
v 0.050714367 0.007500211 0.033866574
v 0.048548124 0.007509075 0.032065396
v 0.047780018 0.007511021 0.015235947
v 0.041776300 0.007514460 0.034311711
v 0.047756136 0.007525255 0.015190186
v 0.048996867 0.007529283 0.031945507
v 0.058413330 0.007533497 0.044576516
v 0.048770575 0.007536084 0.032001103
v 0.041914695 0.007536944 0.034351267
v 0.041915493 0.007537188 0.034351507
v 0.047816092 0.007541318 0.015124678
v 0.058311482 0.007542339 0.044664463
v 0.032328612 0.007545135 0.032698917
v 0.058512095 0.007547794 0.044485812
v 0.047765230 0.007552028 0.035125930
v 0.056585701 0.007558637 0.001725382
v 0.047882517 0.007559118 0.034883149
v 0.041908033 0.007560196 0.034351344
v 0.058209634 0.007574056 0.044746980
v 0.058633836 0.007580408 0.001664229
v 0.058589977 0.007580830 0.001536692
v 0.047639337 0.007590567 0.035361334
v 0.055713391 0.007598848 0.042462384
v 0.058541392 0.007603947 0.001413034
v 0.048568366 0.007610832 0.014238833
v 0.046336147 0.007613967 0.012648198
v 0.049462295 0.007615489 0.012281773
v 0.048099041 0.007617133 0.014744352
v 0.058110900 0.007627682 0.044821566
v 0.042311863 0.007641966 0.014203781
v 0.035461336 0.007643980 0.015482457
v 0.034531440 0.007644050 0.033027395
v 0.036709163 0.007644313 0.033319402
v 0.058489523 0.007649054 0.001297006
v 0.042304156 0.007666336 0.014204003
v 0.047508673 0.007673563 0.035582211
v 0.050568636 0.007674952 0.033848110
v 0.056536156 0.007680221 0.001694567
v 0.048349339 0.007684201 0.014326123
v 0.044233765 0.007688349 0.013427224
v 0.056071037 0.007694680 0.042943465
v 0.058018254 0.007701585 0.044885947
v 0.048415485 0.007701924 0.014204765
v 0.051405987 0.007702261 0.035434753
v 0.058435949 0.007714781 0.001192137
v 0.044544422 0.007718718 0.035110311
v 0.036820292 0.007723775 0.015410514
v 0.032279469 0.007728556 0.032514524
v 0.051198092 0.007759049 0.035048167
v 0.048637075 0.007761300 0.013769029
v 0.046201966 0.007769158 0.012518327
v 0.048626664 0.007778235 0.011971771
v 0.048797462 0.007782858 0.032960850
v 0.048796447 0.007786642 0.032978348
v 0.048817897 0.007787455 0.032957842
v 0.048795541 0.007790033 0.032995931
v 0.048815922 0.007791142 0.032975655
v 0.048461769 0.007792732 0.011794135
v 0.051042191 0.007793017 0.034790095
v 0.048794720 0.007793025 0.033013593
v 0.057934563 0.007793522 0.044938171
v 0.048814024 0.007794419 0.032993559
v 0.051751116 0.007794737 0.036217427
v 0.048794023 0.007795625 0.033031319
v 0.048812242 0.007797287 0.033011543
v 0.048793434 0.007797827 0.033049104
v 0.047377187 0.007798497 0.035781844
v 0.058382314 0.007799133 0.001101612
v 0.048792969 0.007799630 0.033066937
v 0.048810577 0.007799737 0.033029599
v 0.048882036 0.007801026 0.032952538
v 0.048792590 0.007801034 0.033084809
v 0.048785610 0.007801102 0.012153892
v 0.048809004 0.007801776 0.033047717
v 0.048792319 0.007802037 0.033102711
v 0.048792148 0.007802638 0.033120630
v 0.048792102 0.007802839 0.033138559
v 0.048807548 0.007803399 0.033065885
v 0.048877024 0.007804584 0.032971287
v 0.048806208 0.007804603 0.033084093
v 0.049342336 0.007804898 0.012335319
v 0.048804961 0.007805392 0.033102333
v 0.048802830 0.007805713 0.033138865
v 0.048803845 0.007805761 0.033120593
v 0.050967160 0.007807198 0.034673774
v 0.048872105 0.007807663 0.032990149
v 0.056496045 0.007808562 0.001684191
v 0.048867295 0.007810260 0.033009110
v 0.048862608 0.007812373 0.033028158
v 0.048858023 0.007814002 0.033047283
v 0.048836930 0.007814852 0.033143593
v 0.048853561 0.007815144 0.033066470
v 0.048840896 0.007815655 0.033124281
v 0.048849215 0.007815801 0.033085707
v 0.048960196 0.007815971 0.032953847
v 0.048844993 0.007815971 0.033104981
v 0.051366249 0.007816912 0.035438602
v 0.048951567 0.007819689 0.032973645
v 0.048943054 0.007822815 0.032993588
v 0.048934641 0.007825344 0.033013663
v 0.048879402 0.007826231 0.033156478
v 0.048926345 0.007827275 0.033033851
v 0.048886862 0.007827908 0.033135943
v 0.048918180 0.007828605 0.033054139
v 0.048894469 0.007828985 0.033115426
v 0.050400379 0.007829157 0.033843935
v 0.051360827 0.007829250 0.035439504
v 0.048910147 0.007829333 0.033074507
v 0.048902231 0.007829461 0.033094942
v 0.049051362 0.007831396 0.032965043
v 0.048908374 0.007833995 0.013179311
v 0.049038651 0.007835709 0.032985938
v 0.049097507 0.007838443 0.032974323
v 0.049026047 0.007839258 0.033007034
v 0.048930071 0.007839808 0.033180373
v 0.049013537 0.007842037 0.033028309
v 0.048941466 0.007842450 0.033158469
v 0.049082789 0.007843213 0.032995727
v 0.049001151 0.007844044 0.033049741
v 0.048294991 0.007844239 0.011625357
v 0.048953070 0.007844321 0.033136588
v 0.048988896 0.007845277 0.033071305
v 0.048964836 0.007845415 0.033114752
v 0.048976789 0.007845734 0.033092984
v 0.050713988 0.007846164 0.034313146
v 0.048956137 0.007846794 0.033195783
v 0.049068141 0.007847113 0.033017363
v 0.048969500 0.007849906 0.033173205
v 0.049053617 0.007850146 0.033039209
v 0.048983056 0.007852140 0.033150653
v 0.049039201 0.007852301 0.033061236
v 0.048996836 0.007853500 0.033128155
v 0.049024917 0.007853579 0.033083421
v 0.049010787 0.007853978 0.033105736
v 0.049257956 0.007859315 0.033023484
v 0.049301970 0.007864120 0.033041180
v 0.049236499 0.007866401 0.033046415
v 0.050491158 0.007870466 0.034031463
v 0.049048822 0.007871626 0.033264870
v 0.049215065 0.007872201 0.033069725
v 0.050440993 0.007874763 0.033972249
v 0.049061890 0.007875129 0.012819493
v 0.051975774 0.007875647 0.036712267
v 0.049068761 0.007876276 0.033240028
v 0.049193701 0.007876708 0.033093373
v 0.032239173 0.007878941 0.032300467
v 0.034478998 0.007879030 0.032918168
v 0.049089002 0.007879622 0.033215229
v 0.049172414 0.007879913 0.033117317
v 0.050990081 0.007880899 0.034803918
v 0.049498502 0.007881162 0.033139836
v 0.049109537 0.007881663 0.033190515
v 0.049151274 0.007881807 0.033141517
v 0.049130305 0.007882392 0.033165931
v 0.050327502 0.007882955 0.033843833
v 0.049579652 0.007886207 0.033189211
v 0.049651320 0.007889741 0.033236687
v 0.035395090 0.007891257 0.015549709
v 0.050160081 0.007891290 0.033668118
v 0.049467850 0.007893624 0.033164393
v 0.050019045 0.007894912 0.033532773
v 0.049871393 0.007895394 0.033403747
v 0.058330228 0.007899544 0.001028181
v 0.036650749 0.007900348 0.033298046
v 0.057862305 0.007900702 0.044976650
v 0.049163792 0.007902435 0.012570046
v 0.049436981 0.007904015 0.033189640
v 0.049615432 0.007906672 0.033261870
v 0.044147030 0.007909537 0.013377135
v 0.049192988 0.007910259 0.033407527
v 0.049405995 0.007912302 0.033215504
v 0.049222401 0.007917000 0.033379463
v 0.049374979 0.007918466 0.033241913
v 0.059898078 0.007919165 0.022169936
v 0.049579079 0.007920955 0.033288001
v 0.049252286 0.007921605 0.033351478
v 0.051706079 0.007921756 0.036222438
v 0.049344010 0.007922486 0.033268791
v 0.049282574 0.007924059 0.033323651
v 0.049244973 0.007924189 0.012364993
v 0.050437027 0.007924222 0.034053982
v 0.051310662 0.007924229 0.035450057
v 0.049313179 0.007924351 0.033296063
v 0.049972745 0.007925560 0.033558128
v 0.059933416 0.007928633 0.019527145
v 0.048130429 0.007931488 0.011469594
v 0.049542392 0.007932533 0.033314984
v 0.049287500 0.007935582 0.033519083
v 0.049505489 0.007941364 0.033342723
v 0.049322754 0.007943551 0.033489047
v 0.051296269 0.007946814 0.035453611
v 0.049468531 0.007947418 0.033371110
v 0.049358611 0.007948733 0.033459122
v 0.046078885 0.007950507 0.012413844
v 0.049431643 0.007950669 0.033400044
v 0.049394957 0.007951107 0.033429417
v 0.049924912 0.007952013 0.033585263
v 0.060012428 0.007959663 0.022164940
v 0.050928204 0.007961015 0.034823478
v 0.047248893 0.007961570 0.035954173
v 0.044453233 0.007964007 0.035175645
v 0.060073454 0.007966158 0.018544421
v 0.049407545 0.007967748 0.011936271
v 0.060047581 0.007969086 0.019535486
v 0.050378736 0.007971766 0.034079809
v 0.049875816 0.007974108 0.033614013
v 0.036757547 0.007979763 0.015432766
v 0.060143837 0.007985018 0.024800704
v 0.049825767 0.007991703 0.033644194
v 0.032208900 0.007991884 0.032063007
v 0.051931000 0.007992652 0.036708904
v 0.049523189 0.007998735 0.033844407
v 0.049775083 0.008004694 0.033675623
v 0.060184985 0.008005900 0.018571303
v 0.049572316 0.008009406 0.033809794
v 0.043586500 0.008009938 0.013618455
v 0.050316866 0.008012603 0.034108669
v 0.058281287 0.008012969 0.000974077
v 0.049724081 0.008012996 0.033708102
v 0.049622380 0.008015359 0.033775396
v 0.049673080 0.008016557 0.033741428
v 0.060119017 0.008017568 0.022160068
v 0.057803713 0.008019863 0.045000214
v 0.051240589 0.008021571 0.035468835
v 0.049611303 0.008022346 0.011359294
v 0.060256948 0.008025183 0.024782433
v 0.060154015 0.008026941 0.019543621
v 0.049635394 0.008029178 0.011287206
v 0.060311993 0.008030075 0.001247821
v 0.050857658 0.008031936 0.034848428
v 0.060289482 0.008036210 0.001114994
v 0.051641862 0.008039411 0.036237319
v 0.060358362 0.008042498 0.017595861
v 0.050252115 0.008046297 0.034140260
v 0.038179634 0.008051054 0.015252043
v 0.051214282 0.008051381 0.035476646
v 0.047972133 0.008052326 0.011330679
v 0.060288832 0.008063066 0.018597522
v 0.032189558 0.008064081 0.031809092
v 0.060261565 0.008064863 0.000986204
v 0.050185133 0.008072490 0.034174246
v 0.038275843 0.008073196 0.015236664
v 0.060464518 0.008080801 0.017640639
v 0.060362328 0.008082763 0.024764612
v 0.049842166 0.008084206 0.034366859
v 0.049774215 0.008085772 0.010838639
v 0.050116648 0.008090910 0.034210267
v 0.060215242 0.008091449 0.022155438
v 0.050779692 0.008092405 0.034878326
v 0.034434426 0.008093162 0.032769649
v 0.049909404 0.008097988 0.034326655
v 0.060250069 0.008100777 0.019551351
v 0.050047365 0.008101358 0.034247943
v 0.051869820 0.008101871 0.036714571
v 0.049978044 0.008103726 0.034286877
v 0.051157750 0.008106542 0.035494473
v 0.038746539 0.008111614 0.033654096
v 0.060229092 0.008115168 0.000865365
v 0.035332763 0.008123845 0.015659610
v 0.060667734 0.008125391 0.027387502
v 0.060640761 0.008130333 0.046870332
v 0.052396181 0.008131388 0.037640395
v 0.049851709 0.008132792 0.010564407
v 0.058236963 0.008135955 0.000940942
v 0.060382438 0.008136247 0.018622434
v 0.060563112 0.008136561 0.017684314
v 0.051117353 0.008139774 0.035507910
v 0.044075771 0.008141038 0.013360300
v 0.050695691 0.008141352 0.034912639
v 0.060547263 0.008141418 0.046966894
v 0.060730913 0.008142320 0.046770748
v 0.051560433 0.008144127 0.036261618
v 0.057760566 0.008147390 0.045008149
v 0.036599538 0.008150435 0.033232808
v 0.045969910 0.008153549 0.012337318
v 0.060781310 0.008155824 0.016704211
v 0.060457406 0.008156335 0.024747679
v 0.047127679 0.008157827 0.036093959
v 0.060778196 0.008164849 0.027356177
v 0.060453270 0.008175238 0.047057494
v 0.051064190 0.008177047 0.035526341
v 0.050607143 0.008177903 0.034950759
v 0.060298716 0.008179489 0.022151166
v 0.060193056 0.008185593 0.000756147
v 0.049924106 0.008187156 0.010300679
v 0.060333388 0.008188777 0.019558485
v 0.050239605 0.008190696 0.035127014
v 0.060879471 0.008191990 0.016765810
v 0.051793798 0.008200437 0.036729113
v 0.050515636 0.008201409 0.034992008
v 0.047824017 0.008203781 0.011212036
v 0.049948484 0.008207424 0.010211928
v 0.050330213 0.008207864 0.035080926
v 0.060651745 0.008208408 0.017725810
v 0.051008424 0.008209310 0.035546454
v 0.050422774 0.008211456 0.035035657
v 0.050226669 0.008211565 0.036466095
v 0.044375685 0.008221402 0.035197645
v 0.060880989 0.008221735 0.027325624
v 0.060463495 0.008223641 0.018645425
v 0.050362949 0.008223749 0.036233659
v 0.052353793 0.008228767 0.037626443
v 0.036699860 0.008229139 0.015499458
v 0.060361631 0.008230764 0.047139380
v 0.050962218 0.008231350 0.035563654
v 0.051464255 0.008232724 0.036294595
v 0.060539827 0.008244091 0.024732053
v 0.050082347 0.008245168 0.036691467
v 0.060970289 0.008245666 0.016825893
v 0.049803930 0.008248559 0.010088791
v 0.050890805 0.008257876 0.035591104
v 0.058198634 0.008264766 0.000929786
v 0.050522190 0.008266418 0.035747455
v 0.050854343 0.008268118 0.035605491
v 0.060154557 0.008274002 0.000661865
v 0.060367410 0.008279519 0.022147355
v 0.034399048 0.008280201 0.032586175
v 0.050768057 0.008283992 0.035640505
v 0.051704948 0.008285764 0.036752154
v 0.050631591 0.008285871 0.035698537
v 0.050743230 0.008286442 0.035650825
v 0.050643938 0.008286868 0.035693154
v 0.060401943 0.008288774 0.019564847
v 0.060728217 0.008294570 0.017764107
v 0.060973619 0.008294653 0.027296594
v 0.051356241 0.008302510 0.036335251
v 0.061332149 0.008303422 0.015890848
v 0.060275121 0.008306307 0.047210067
v 0.061051516 0.008315529 0.016882979
v 0.052299538 0.008320884 0.037619679
v 0.060530036 0.008323096 0.018665929
v 0.049934378 0.008323533 0.036902930
v 0.050075748 0.008328129 0.009749449
v 0.038219512 0.008330145 0.015257527
v 0.049622830 0.008331376 0.009949860
v 0.035276200 0.008334940 0.015808941
v 0.061419930 0.008336801 0.015967794
v 0.061463356 0.008338580 0.029898915
v 0.060607576 0.008343871 0.024718116
v 0.051239706 0.008351364 0.036382348
v 0.051605594 0.008355615 0.036783087
v 0.050874871 0.008360919 0.036547268
v 0.038693477 0.008367455 0.033634387
v 0.045877753 0.008373280 0.012290636
v 0.061569790 0.008376963 0.029854917
v 0.060114741 0.008377703 0.000585387
v 0.051118158 0.008377800 0.036434456
v 0.050995302 0.008381019 0.036489991
v 0.047017232 0.008381309 0.036196956
v 0.061053778 0.008381805 0.027269803
v 0.047689704 0.008382126 0.011116585
v 0.036557003 0.008387320 0.033125579
v 0.061500615 0.008387762 0.016042843
v 0.039721139 0.008388308 0.014938428
v 0.060419605 0.008389080 0.022144101
v 0.060790652 0.008392927 0.017798261
v 0.060454029 0.008398301 0.019570280
v 0.060196372 0.008399577 0.047267405
v 0.061121171 0.008399863 0.016935664
v 0.052234484 0.008405971 0.037620230
v 0.051498354 0.008408152 0.036821099
v 0.060580402 0.008432163 0.018683441
v 0.061668694 0.008432803 0.029812003
v 0.034373896 0.008434679 0.032373101
v 0.051386033 0.008442001 0.036865195
v 0.049787276 0.008444279 0.037094058
v 0.049449801 0.008448264 0.009825959
v 0.051158021 0.008450592 0.036966880
v 0.060658965 0.008453214 0.024706213
v 0.061572206 0.008455046 0.016114152
v 0.051271605 0.008456274 0.036914218
v 0.036648920 0.008464611 0.015608642
v 0.061119498 0.008481043 0.027245909
v 0.061997679 0.008481749 0.015175278
v 0.052159841 0.008482402 0.037628089
v 0.051256221 0.008487813 0.037112474
v 0.060074848 0.008493549 0.000529039
v 0.061177517 0.008496589 0.016982650
v 0.050225104 0.008498065 0.009211734
v 0.059077110 0.008500155 0.046416870
v 0.060837517 0.008501055 0.017827432
v 0.061757591 0.008504721 0.029771228
v 0.060454045 0.008505470 0.022141483
v 0.060127786 0.008507736 0.047309653
v 0.062072896 0.008511764 0.015265723
v 0.060488361 0.008514665 0.019574652
v 0.052815487 0.008514936 0.038562758
v 0.035227050 0.008518360 0.015993334
v 0.040764224 0.008536909 0.034118674
v 0.061632968 0.008536996 0.016179960
v 0.060613355 0.008548158 0.018697529
v 0.052077064 0.008548708 0.037643104
v 0.034359690 0.008552093 0.032136649
v 0.062141327 0.008559441 0.015353942
v 0.060692739 0.008569430 0.024696637
v 0.038171632 0.008581448 0.015322228
v 0.047572525 0.008582966 0.011046674
v 0.061169167 0.008589924 0.027225503
v 0.061834325 0.008590951 0.029733597
v 0.052777376 0.008591977 0.038543147
v 0.049289081 0.008596348 0.009720138
v 0.040795286 0.008599021 0.014633442
v 0.061219192 0.008603326 0.017022779
v 0.051987734 0.008603620 0.037664989
v 0.049645495 0.008603738 0.037259043
v 0.036524383 0.008604137 0.032979466
v 0.045804666 0.008604294 0.012274947
v 0.060867650 0.008616295 0.017850901
v 0.060036070 0.008618020 0.000494529
v 0.038650051 0.008618129 0.033571674
v 0.045867078 0.008621016 0.012230240
v 0.062521096 0.008621998 0.032304444
v 0.062201283 0.008623607 0.015437760
v 0.046920915 0.008625218 0.036260032
v 0.060469847 0.008625827 0.022139565
v 0.060071455 0.008627500 0.047335526
v 0.050325837 0.008627631 0.008853584
v 0.034356854 0.008629012 0.031883720
v 0.061681383 0.008631599 0.016238650
v 0.060504101 0.008635004 0.019577854
v 0.039671477 0.008645762 0.014956832
v 0.051893555 0.008646085 0.037693321
v 0.045968353 0.008648155 0.035868856
v 0.062622185 0.008658950 0.032248307
v 0.041153761 0.008664320 0.014515380
v 0.051648446 0.008665162 0.037693695
v 0.052731301 0.008665755 0.038528741
v 0.060628073 0.008668222 0.018707848
v 0.035186753 0.008668745 0.016207391
v 0.052954084 0.008671348 0.038867164
v 0.041465402 0.008674723 0.034311711
v 0.051796354 0.008675289 0.037727557
v 0.036606207 0.008679299 0.015757129
v 0.062761929 0.008686530 0.014574657
v 0.061896993 0.008689367 0.029700038
v 0.060708077 0.008689658 0.024689624
v 0.051697976 0.008690669 0.037767044
v 0.050375854 0.008696035 0.008677273
v 0.041602365 0.008700985 0.034351344
v 0.062251324 0.008702683 0.015515116
v 0.061201562 0.008705768 0.027209085
v 0.062822721 0.008712682 0.014676434
v 0.062715869 0.008713393 0.032193553
v 0.061245142 0.008717444 0.017055064
v 0.041596501 0.008724450 0.034351267
v 0.041597322 0.008724640 0.034351507
v 0.052677898 0.008735311 0.038519726
v 0.060880292 0.008735808 0.017868089
v 0.061716272 0.008736521 0.016288777
v 0.052917754 0.008741419 0.038846501
v 0.060466640 0.008747182 0.022138395
v 0.059999601 0.008747333 0.000482910
v 0.060029052 0.008755226 0.047344239
v 0.060500848 0.008756348 0.019579807
v 0.062877085 0.008756592 0.014775705
v 0.049144651 0.008771976 0.009635001
v 0.063065909 0.008780148 0.048938102
v 0.035156496 0.008781688 0.016444851
v 0.062799839 0.008783986 0.032141528
v 0.062998562 0.008789140 0.049021979
v 0.060624215 0.008789401 0.018714143
v 0.063146656 0.008789620 0.048830510
v 0.040716901 0.008792045 0.034101362
v 0.062981505 0.008793673 0.049042429
v 0.036502624 0.008794599 0.032798710
v 0.062290148 0.008794717 0.015584104
v 0.049513344 0.008797064 0.037392872
v 0.061944044 0.008797548 0.029671375
v 0.052617817 0.008799742 0.038516220
v 0.047475348 0.008801356 0.011004028
v 0.041998479 0.008807125 0.014204003
v 0.052874669 0.008808784 0.038830380
v 0.060704591 0.008810934 0.024685345
v 0.062923702 0.008817177 0.014870024
v 0.038133590 0.008819794 0.015428884
v 0.061215892 0.008825724 0.027197061
v 0.041993591 0.008827002 0.014203983
v 0.041994521 0.008827205 0.014203606
v 0.062896063 0.008829783 0.049140314
v 0.061254732 0.008836135 0.017078710
v 0.061736784 0.008849181 0.016329105
v 0.035137154 0.008853885 0.016698765
v 0.038617509 0.008856453 0.033467757
v 0.060875180 0.008856649 0.017878574
v 0.052551866 0.008858215 0.038518268
v 0.062845356 0.008861858 0.049194706
v 0.060444517 0.008866548 0.022138002
v 0.036572983 0.008866930 0.015940579
v 0.062871988 0.008868994 0.032093516
v 0.052825263 0.008872695 0.038818982
v 0.060478724 0.008875712 0.019580463
v 0.046841639 0.008882151 0.036281273
v 0.062812140 0.008887376 0.049228786
v 0.060529540 0.008889330 0.023414349
v 0.052048868 0.008890603 0.038286509
v 0.062961396 0.008892948 0.014957071
v 0.062316873 0.008897448 0.015643024
v 0.039633536 0.008898541 0.015018065
v 0.060601859 0.008908711 0.018716259
v 0.052480894 0.008909964 0.038525845
v 0.061974332 0.008912831 0.029648315
v 0.063606584 0.008912854 0.014103387
v 0.041111064 0.008921867 0.014530132
v 0.062771565 0.008923708 0.049268639
v 0.050531725 0.008925639 0.008134543
v 0.060682343 0.008930277 0.024683907
v 0.052770079 0.008932440 0.038812432
v 0.063651451 0.008934737 0.014214056
v 0.041556375 0.008939259 0.034336481
v 0.061211771 0.008946835 0.027189725
v 0.036492360 0.008953183 0.032588548
v 0.052405832 0.008954324 0.038538849
v 0.061247745 0.008956477 0.017093135
v 0.041543981 0.008958311 0.034330790
v 0.041552819 0.008960354 0.034333396
v 0.050556366 0.008964237 0.008049621
v 0.062732307 0.008964708 0.049305157
v 0.062930581 0.008966321 0.032050697
v 0.061742392 0.008966803 0.016358641
v 0.049020044 0.008970827 0.009572647
v 0.063828051 0.008972200 0.034574876
v 0.063690260 0.008974483 0.014321998
v 0.060852421 0.008975845 0.017882098
v 0.052188471 0.008979536 0.038493223
v 0.062989236 0.008982036 0.015034703
v 0.052709781 0.008987356 0.038810805
v 0.052327641 0.008990714 0.038557115
v 0.062702050 0.009000658 0.049331784
v 0.063943502 0.009003135 0.000844973
v 0.063922571 0.009007384 0.034507282
v 0.062330785 0.009008344 0.015690428
v 0.063932331 0.009012305 0.000710889
v 0.049394833 0.009018385 0.037491477
v 0.052247328 0.009018666 0.038580403
v 0.036550209 0.009022020 0.016153631
v 0.063722112 0.009031111 0.014424558
v 0.047400581 0.009031918 0.010989694
v 0.061987113 0.009032373 0.029631426
v 0.052644991 0.009036831 0.038814114
v 0.038106509 0.009038253 0.015574393
v 0.040681501 0.009042808 0.034042226
v 0.063915383 0.009043902 0.000580883
v 0.041957734 0.009046801 0.014215539
v 0.062658965 0.009059425 0.049367106
v 0.052084377 0.009059782 0.038608010
v 0.064009810 0.009060105 0.034441352
v 0.041943418 0.009061904 0.014222572
v 0.061189338 0.009066124 0.027187260
v 0.062974161 0.009073570 0.032014126
v 0.036493878 0.009075290 0.032355075
v 0.061224351 0.009075505 0.017097983
v 0.038596772 0.009075596 0.033325613
v 0.041940614 0.009077377 0.014225013
v 0.041953179 0.009080114 0.014219952
v 0.052576452 0.009080315 0.038822329
v 0.063006556 0.009082250 0.015101006
v 0.061732973 0.009086493 0.016376659
v 0.063893213 0.009096968 0.000458898
v 0.063746172 0.009103229 0.014519209
v 0.050424153 0.009114817 0.007989015
v 0.052504923 0.009117325 0.038835354
v 0.062331576 0.009124674 0.015725147
v 0.064087660 0.009129061 0.034378711
v 0.064423958 0.009131869 0.035353451
v 0.039608415 0.009139355 0.015120358
v 0.036538551 0.009140041 0.016390060
v 0.052431194 0.009147450 0.038853046
v 0.043280831 0.009150727 0.013618455
v 0.061982063 0.009153233 0.029621123
v 0.064511382 0.009155299 0.013772770
v 0.052442271 0.009155532 0.038869475
v 0.036507140 0.009157381 0.032105060
v 0.064507230 0.009164041 0.035271167
v 0.062594361 0.009168652 0.049412751
v 0.063866488 0.009169889 0.000348645
v 0.047918545 0.009170707 0.010500821
v 0.064539176 0.009172606 0.013889675
v 0.041083208 0.009175707 0.014586334
v 0.064555350 0.009176940 0.049883441
v 0.053321522 0.009178523 0.039680914
v 0.050685737 0.009178786 0.007606480
v 0.064611062 0.009182007 0.049775694
v 0.048918343 0.009188004 0.009534610
v 0.063001645 0.009188101 0.031984704
v 0.063761866 0.009189060 0.014603623
v 0.064496091 0.009190400 0.049988533
v 0.063012924 0.009191122 0.015154349
v 0.041502035 0.009193822 0.034273289
v 0.041518798 0.009197693 0.034278229
v 0.041500842 0.009201659 0.034270709
v 0.061708743 0.009205300 0.016382715
v 0.064561361 0.009207889 0.014003702
v 0.064154185 0.009212556 0.034320899
v 0.064583516 0.009213822 0.035190910
v 0.051929730 0.009215794 0.038764522
v 0.036538358 0.009217541 0.016642958
v 0.064434709 0.009222053 0.050088388
v 0.041497472 0.009224156 0.034263058
v 0.041515242 0.009228263 0.034268294
v 0.053291032 0.009228653 0.039659014
v 0.038091164 0.009230471 0.015754526
v 0.062319212 0.009243578 0.015746327
v 0.064577381 0.009260279 0.014112042
v 0.063836029 0.009260451 0.000253472
v 0.049293589 0.009260972 0.037551867
v 0.038588445 0.009269265 0.033149320
v 0.064372755 0.009271122 0.050180542
v 0.061959304 0.009272435 0.029617660
v 0.053256608 0.009277334 0.039639915
v 0.064650924 0.009279989 0.035114655
v 0.043770095 0.009281827 0.013360300
v 0.040659021 0.009282116 0.033942937
v 0.063768807 0.009286492 0.014675718
v 0.062540462 0.009289070 0.049440705
v 0.062535721 0.009301588 0.049442491
v 0.063008183 0.009305968 0.015193417
v 0.063012382 0.009307096 0.031963155
v 0.064207743 0.009308534 0.034269341
v 0.050293023 0.009311922 0.007935054
v 0.041905407 0.009314867 0.014281822
v 0.041928646 0.009319925 0.014272468
v 0.065128808 0.009320735 0.036027449
v 0.053218419 0.009324256 0.039623742
v 0.064586847 0.009328485 0.014212028
v 0.064311745 0.009336398 0.050262724
v 0.041902022 0.009345155 0.014291763
v 0.065198788 0.009349344 0.035932450
v 0.041926586 0.009350502 0.014281873
v 0.064707844 0.009360907 0.035044281
v 0.039596834 0.009361258 0.015260760
v 0.062294006 0.009362121 0.015753444
v 0.044070024 0.009362191 0.035197645
v 0.063802751 0.009365902 0.000176273
v 0.053176728 0.009369103 0.039610602
v 0.050795704 0.009383573 0.007229185
v 0.038087988 0.009390860 0.015964042
v 0.063766824 0.009393124 0.014733721
v 0.065262106 0.009395649 0.035839790
v 0.041498998 0.009400549 0.034199227
v 0.062440101 0.009401267 0.030796234
v 0.051787152 0.009406328 0.038891477
v 0.064589511 0.009410828 0.014301200
v 0.053131830 0.009411585 0.039600579
v 0.064247032 0.009414633 0.034225306
v 0.064253152 0.009416276 0.050332917
v 0.062498880 0.009417015 0.049450117
v 0.048842065 0.009418160 0.009521825
v 0.041070992 0.009418596 0.014682386
v 0.062992443 0.009423964 0.015217250
v 0.063006076 0.009427620 0.031950010
v 0.038592760 0.009431915 0.032943934
v 0.041470531 0.009445652 0.034166942
v 0.052811909 0.009449962 0.039420651
v 0.053084005 0.009451423 0.039593741
v 0.041495528 0.009451426 0.034174306
v 0.064752819 0.009454589 0.034981519
v 0.050832770 0.009457401 0.007103255
v 0.065317198 0.009458512 0.035751750
v 0.063767661 0.009483035 0.000119390
v 0.053033561 0.009488357 0.039590131
v 0.040650090 0.009503212 0.033806299
v 0.064585328 0.009505279 0.014377358
v 0.063755964 0.009506334 0.014776202
v 0.064198448 0.009508784 0.050389390
v 0.041920001 0.009513348 0.014343054
v 0.038097105 0.009514754 0.016196847
v 0.049212640 0.009517462 0.037572202
v 0.043716057 0.009517946 0.013377135
v 0.052980840 0.009522142 0.039589774
v 0.050187341 0.009528031 0.007902136
v 0.064271061 0.009528239 0.034189879
v 0.065925716 0.009534267 0.036580710
v 0.065362731 0.009536384 0.035670500
v 0.062966090 0.009542205 0.015225260
v 0.062982899 0.009546710 0.031945591
v 0.052926182 0.009552562 0.039592671
v 0.041886003 0.009555225 0.014378921
v 0.039599127 0.009557841 0.015435221
v 0.064784780 0.009558722 0.034927915
v 0.065980653 0.009558848 0.036475272
v 0.038609600 0.009558877 0.032715344
v 0.041885445 0.009568862 0.014385751
v 0.041919552 0.009576291 0.014372018
v 0.044013855 0.009597738 0.035179815
v 0.038118229 0.009598550 0.016446173
v 0.066029315 0.009601224 0.036372431
v 0.063731826 0.009608295 0.000084555
v 0.064574406 0.009609517 0.014438630
v 0.066170855 0.009609811 0.050567626
v 0.066208285 0.009609979 0.050452137
v 0.064148995 0.009611647 0.050430749
v 0.041489005 0.009612199 0.034080206
v 0.063736490 0.009623330 0.014802118
v 0.051660949 0.009625588 0.038985020
v 0.065397574 0.009627349 0.035598038
v 0.066129428 0.009628050 0.050680273
v 0.053561843 0.009639737 0.040239951
v 0.041074772 0.009643595 0.014815541
v 0.049693685 0.009646354 0.008470008
v 0.038638486 0.009646515 0.032470103
v 0.064279257 0.009646554 0.034163931
v 0.041456951 0.009654534 0.034036623
v 0.041456812 0.009658971 0.034033361
v 0.066070479 0.009660354 0.036274719
v 0.041488517 0.009661825 0.034045924
v 0.066084995 0.009664242 0.050787299
v 0.064802922 0.009670751 0.034884789
v 0.053536590 0.009673615 0.040218308
v 0.041456223 0.009680500 0.034017213
v 0.041488579 0.009687975 0.034026748
v 0.040654978 0.009699846 0.033636172
v 0.049916848 0.009706152 0.038007432
v 0.053509059 0.009706731 0.040198321
v 0.066038672 0.009717502 0.050886076
v 0.064556977 0.009720968 0.014483506
v 0.064105972 0.009722334 0.050455981
v 0.039615231 0.009723436 0.015638706
v 0.041923890 0.009728722 0.014455924
v 0.065420874 0.009729162 0.035536151
v 0.066103152 0.009734780 0.036184540
v 0.063696333 0.009737873 0.000072823
v 0.053479360 0.009738959 0.040180063
v 0.063708882 0.009741235 0.014810826
v 0.050983218 0.009742875 0.006637535
v 0.045498990 0.009745085 0.012274947
v 0.043680579 0.009752866 0.013427224
v 0.050109715 0.009757829 0.007891073
v 0.045561402 0.009761805 0.012230240
v 0.053136866 0.009762682 0.039914044
v 0.064271402 0.009766664 0.034148103
v 0.066795594 0.009767347 0.036999966
v 0.053447631 0.009770181 0.040163604
v 0.041885406 0.009780458 0.014512744
v 0.065991590 0.009786516 0.050974167
v 0.066834108 0.009787530 0.036886620
v 0.064806810 0.009787908 0.034853203
v 0.045662677 0.009788942 0.035868856
v 0.041928019 0.009789742 0.014495583
v 0.053413935 0.009800277 0.040149008
v 0.041491887 0.009804117 0.033931223
v 0.041886654 0.009806668 0.014531529
v 0.041930281 0.009816174 0.014513960
v 0.066126515 0.009822669 0.036104118
v 0.066866751 0.009825619 0.036776064
v 0.053378441 0.009829132 0.040136327
v 0.043972033 0.009830960 0.035126768
v 0.064533506 0.009836896 0.014510882
v 0.064070463 0.009838117 0.050464461
v 0.065432029 0.009839320 0.035486360
v 0.041094425 0.009844284 0.014982000
v 0.039644683 0.009853263 0.015865344
v 0.041458206 0.009855070 0.033863568
v 0.053341244 0.009856641 0.040125610
v 0.041458578 0.009862216 0.033856285
v 0.040673538 0.009866469 0.033437362
v 0.051554995 0.009866916 0.039042307
v 0.065944927 0.009869583 0.051049403
v 0.041496364 0.009870948 0.033867418
v 0.066892701 0.009880672 0.036671020
v 0.053302528 0.009882697 0.040116895
v 0.064247714 0.009885614 0.034142783
v 0.053652226 0.009887760 0.040473924
v 0.053262448 0.009907207 0.040110219
v 0.064796322 0.009907315 0.034833935
v 0.053629716 0.009913189 0.040452615
v 0.066140025 0.009921861 0.036035430
v 0.041942938 0.009924971 0.014598104
v 0.053605594 0.009938099 0.040432498
v 0.039686629 0.009943576 0.016108596
v 0.066911354 0.009951335 0.036574077
v 0.064504566 0.009954438 0.014520083
v 0.065430805 0.009955112 0.035449894
v 0.053579907 0.009962422 0.040413628
v 0.065899812 0.009964659 0.051109934
v 0.041507589 0.009971580 0.033755946
v 0.043664528 0.009980804 0.013509337
v 0.041903688 0.009980856 0.014677634
v 0.067595150 0.009981590 0.000773432
v 0.045446780 0.009981691 0.012290636
v 0.053552749 0.009986097 0.040396054
v 0.041905291 0.009991477 0.014687919
v 0.067595352 0.009993810 0.000639127
v 0.040705228 0.009998371 0.033215483
v 0.041955727 0.010002471 0.014667609
v 0.053524165 0.010009055 0.040379829
v 0.067717542 0.010014384 0.037275168
v 0.041129384 0.010014927 0.015177006
v 0.041475031 0.010020264 0.033668012
v 0.046535971 0.010022940 0.036281273
v 0.064771751 0.010026029 0.034827460
v 0.051146355 0.010028175 0.006197849
v 0.067589465 0.010028368 0.000508904
v 0.067738674 0.010029906 0.037156628
v 0.066143309 0.010029908 0.035980169
v 0.041517241 0.010030020 0.033680451
v 0.053494233 0.010031238 0.040364990
v 0.066922214 0.010035873 0.036487622
v 0.051151653 0.010037013 0.006184547
v 0.041478254 0.010038989 0.033641427
v 0.041520967 0.010048861 0.033654012
v 0.053463077 0.010052587 0.040351580
v 0.043945595 0.010056116 0.035039808
v 0.067892701 0.010061319 0.050840526
v 0.067754352 0.010063447 0.037041008
v 0.067874559 0.010066317 0.050960460
v 0.065857347 0.010069402 0.051154264
v 0.064934562 0.010069652 0.000010994
v 0.053430729 0.010073041 0.040339633
v 0.065417218 0.010073682 0.035427648
v 0.067577659 0.010084211 0.000386716
v 0.067851940 0.010089595 0.051077444
v 0.040749180 0.010091824 0.032976806
v 0.053397311 0.010092548 0.040329185
v 0.041976681 0.010097270 0.014766093
v 0.041535723 0.010110462 0.033558691
v 0.067764190 0.010114182 0.036931154
v 0.051472466 0.010122978 0.039061599
v 0.067825370 0.010130577 0.051188592
v 0.066925003 0.010132198 0.036413780
v 0.053711455 0.010139121 0.040659864
v 0.066136322 0.010144152 0.035939695
v 0.041178681 0.010150653 0.015394994
v 0.041940459 0.010152998 0.014870616
v 0.041507604 0.010154757 0.033445435
v 0.053691671 0.010155989 0.040638903
v 0.067560308 0.010159643 0.000276279
v 0.041509618 0.010160483 0.033433847
v 0.041996248 0.010165164 0.014848153
v 0.041555383 0.010171061 0.033447334
v 0.041946316 0.010172219 0.014896415
v 0.053670756 0.010172513 0.040618776
v 0.047094912 0.010172707 0.010989694
v 0.067767955 0.010180862 0.036829771
v 0.065818616 0.010181236 0.051181309
v 0.042002685 0.010184510 0.014873715
v 0.067795547 0.010188254 0.051291170
v 0.053648772 0.010188666 0.040599522
v 0.065391593 0.010192115 0.035420172
v 0.043668301 0.010196147 0.013621448
v 0.053625734 0.010204414 0.040581175
v 0.041575632 0.010217353 0.033344320
v 0.045416724 0.010218065 0.012337318
v 0.053601690 0.010219731 0.040563773
v 0.053576700 0.010234584 0.040547343
v 0.066919705 0.010237940 0.036354374
v 0.042024328 0.010241382 0.014955748
v 0.041240884 0.010247588 0.015629737
v 0.053550796 0.010248952 0.040531920
v 0.041554183 0.010249924 0.033208835
v 0.067537921 0.010252372 0.000180948
v 0.041557622 0.010253971 0.033196400
v 0.041578127 0.010255042 0.033215761
v 0.041562138 0.010258211 0.033184338
v 0.041581086 0.010258458 0.033205346
v 0.046481204 0.010258863 0.036264059
v 0.041601838 0.010260941 0.033222876
v 0.067763167 0.010261206 0.051382652
v 0.066119218 0.010261780 0.035915005
v 0.067765538 0.010261842 0.036739354
v 0.041585129 0.010262078 0.033195297
v 0.041567762 0.010262672 0.033172561
v 0.053524025 0.010262800 0.040517532
v 0.041604317 0.010263734 0.033214479
v 0.041590288 0.010265928 0.033185542
v 0.041607888 0.010266751 0.033206444
v 0.043935184 0.010267655 0.034921075
v 0.041577290 0.010269146 0.033156900
v 0.068669484 0.010269456 0.037399714
v 0.041612559 0.010270012 0.033198714
v 0.041599165 0.010271571 0.033172662
v 0.041620785 0.010274883 0.033188625
v 0.041587004 0.010274954 0.033144074
v 0.053496448 0.010276110 0.040504204
v 0.041608329 0.010276684 0.033162200
v 0.041629376 0.010279366 0.033180541
v 0.068672644 0.010280165 0.037278824
v 0.041600126 0.010282044 0.033129755
v 0.041620824 0.010282979 0.033150625
v 0.041641205 0.010284966 0.033171727
v 0.041994467 0.010290743 0.015085003
v 0.053729379 0.010295120 0.040746719
v 0.041648757 0.010295495 0.033131006
v 0.041629221 0.010295976 0.033105113
v 0.041667914 0.010296295 0.033157172
v 0.041997976 0.010297387 0.015097569
v 0.065784532 0.010297405 0.051190399
v 0.053711253 0.010306607 0.040725948
v 0.068670816 0.010309015 0.037160913
v 0.042057785 0.010310430 0.015073485
v 0.047612876 0.010311495 0.010500821
v 0.041719380 0.010315634 0.033139292
v 0.041702083 0.010316383 0.033105598
v 0.053692228 0.010317832 0.040705844
v 0.041684282 0.010318881 0.033072256
v 0.053672336 0.010328770 0.040686440
v 0.041783899 0.010337668 0.033125901
v 0.053651591 0.010339413 0.040667767
v 0.041768499 0.010339709 0.033084740
v 0.041752418 0.010344119 0.033044028
v 0.067729068 0.010347640 0.051460785
v 0.053630041 0.010349739 0.040649850
v 0.066906412 0.010350498 0.036310864
v 0.042084726 0.010353765 0.015162384
v 0.067757017 0.010355130 0.036662130
v 0.068664015 0.010355289 0.037048880
v 0.067511196 0.010359579 0.000103618
v 0.053607716 0.010359737 0.040632717
v 0.053584632 0.010369391 0.040616394
v 0.053560851 0.010378685 0.040600905
v 0.066092401 0.010379895 0.035906708
v 0.053732370 0.010380453 0.040784126
v 0.053536388 0.010387607 0.040586270
v 0.053715126 0.010388958 0.040763436
v 0.042064268 0.010390728 0.015315439
v 0.043691811 0.010393591 0.013760800
v 0.042069737 0.010395783 0.015329745
v 0.042095308 0.010396759 0.015303188
v 0.053697077 0.010397231 0.040743348
v 0.053539285 0.010398271 0.040593029
v 0.041980616 0.010398575 0.033111033
v 0.042076283 0.010400973 0.015343454
v 0.042099963 0.010401023 0.015315160
v 0.041969818 0.010402714 0.033052692
v 0.042125921 0.010404174 0.015290609
v 0.053678269 0.010405260 0.040723887
v 0.042105711 0.010405435 0.015326555
v 0.042084324 0.010406591 0.015357302
v 0.042129763 0.010407648 0.015300253
v 0.047044375 0.010409767 0.011004028
v 0.042112915 0.010410255 0.015337982
v 0.041957803 0.010411196 0.032995065
v 0.042134705 0.010411310 0.015309334
v 0.042093735 0.010412497 0.015370854
v 0.053658702 0.010413034 0.040705077
v 0.042121490 0.010415362 0.015349073
v 0.042141065 0.010415371 0.015318335
v 0.068652395 0.010417852 0.036945487
v 0.042148773 0.010419740 0.015326956
v 0.053638392 0.010420542 0.040686947
v 0.042110870 0.010422095 0.015390932
v 0.042137316 0.010423737 0.015365312
v 0.042163251 0.010427022 0.015339339
v 0.053617399 0.010427775 0.040669518
v 0.042125038 0.010429287 0.015404589
v 0.042150547 0.010430070 0.015376211
v 0.042175505 0.010432616 0.015347460
v 0.053595709 0.010434723 0.040652815
v 0.053573385 0.010441377 0.040636860
v 0.042184150 0.010444565 0.015397467
v 0.067694055 0.010445425 0.051523644
v 0.042160671 0.010445586 0.015431786
v 0.042207002 0.010445646 0.015362726
v 0.053550440 0.010447729 0.040621671
v 0.045409575 0.010448388 0.012413844
v 0.053730851 0.010451903 0.040809588
v 0.042208559 0.010454170 0.015409195
v 0.042230078 0.010454428 0.015370721
v 0.042186342 0.010456281 0.015447209
v 0.053714352 0.010457885 0.040788962
v 0.067742593 0.010458431 0.036600003
v 0.043941063 0.010460377 0.034773495
v 0.053697124 0.010463652 0.040768885
v 0.066885466 0.010467095 0.036284321
v 0.053679168 0.010469204 0.040749384
v 0.042246616 0.010474477 0.033118117
v 0.053660530 0.010474532 0.040730487
v 0.042294411 0.010476995 0.015385007
v 0.067480939 0.010478006 0.000046644
v 0.042276091 0.010478428 0.015432260
v 0.042240954 0.010479557 0.033042199
v 0.053641211 0.010479623 0.040712214
v 0.042256833 0.010483004 0.015478945
v 0.053621241 0.010484480 0.040694587
v 0.053600636 0.010489093 0.040677626
v 0.042233323 0.010491829 0.032967280
v 0.046443557 0.010493204 0.036212843
v 0.053579427 0.010493458 0.040661355
v 0.068636299 0.010495162 0.036853278
v 0.053557660 0.010497565 0.040645793
v 0.042378776 0.010504151 0.015393470
v 0.042363980 0.010507021 0.015450159
v 0.042347976 0.010514111 0.015506143
v 0.069616251 0.010523142 0.050929775
v 0.069628583 0.010526445 0.037370618
v 0.069613648 0.010532307 0.037250278
v 0.069617831 0.010533427 0.051050733
v 0.042492298 0.010541376 0.033138559
v 0.053722904 0.010546295 0.040834603
v 0.042490950 0.010546388 0.033049104
v 0.053707380 0.010548894 0.040814033
v 0.053691190 0.010551301 0.040793972
v 0.042540139 0.010552144 0.015392783
v 0.067658995 0.010552153 0.051569683
v 0.053674319 0.010553519 0.040774436
v 0.053656843 0.010555540 0.040755451
v 0.069594174 0.010556427 0.037132901
v 0.042531122 0.010556507 0.015464187
v 0.053638717 0.010557365 0.040737038
v 0.048536389 0.010558949 0.009521825
v 0.053620002 0.010558991 0.040719218
v 0.053600698 0.010560417 0.040702010
v 0.042486937 0.010561356 0.032960850
v 0.053580837 0.010561641 0.040685433
v 0.069614438 0.010561857 0.051168709
v 0.053560448 0.010562659 0.040669504
v 0.042520316 0.010567282 0.015534658
v 0.043734470 0.010568275 0.013923959
v 0.067722623 0.010569197 0.036554498
v 0.066857347 0.010584864 0.036275400
v 0.068616081 0.010585317 0.036774524
v 0.069570594 0.010598209 0.037021377
v 0.053558155 0.010602024 0.040679193
v 0.053577816 0.010602965 0.040695268
v 0.053596933 0.010603724 0.040711971
v 0.053714538 0.010604017 0.040844818
v 0.067448064 0.010604059 0.000011749
v 0.053615524 0.010604305 0.040729282
v 0.053699603 0.010604514 0.040824273
v 0.053633542 0.010604708 0.040747180
v 0.053684017 0.010604834 0.040804218
v 0.053650972 0.010604929 0.040765649
v 0.053667812 0.010604971 0.040784668
v 0.069606165 0.010607741 0.051280806
v 0.042784255 0.010619610 0.015369299
v 0.042782915 0.010624620 0.015458753
v 0.043963078 0.010629531 0.034600700
v 0.042778910 0.010639590 0.015547008
v 0.053552841 0.010640422 0.040684989
v 0.053571804 0.010643337 0.040701156
v 0.053590272 0.010646098 0.040717932
v 0.047019339 0.010647483 0.011046674
v 0.053608212 0.010648699 0.040735301
v 0.053625579 0.010651139 0.040753249
v 0.053642389 0.010653413 0.040771750
v 0.053658609 0.010655520 0.040790790
v 0.069543529 0.010656626 0.036918453
v 0.053674226 0.010657456 0.040810347
v 0.048906964 0.010658250 0.037572202
v 0.053689207 0.010659223 0.040830401
v 0.053703553 0.010660814 0.040850930
v 0.067624772 0.010665195 0.051597769
v 0.045425501 0.010666984 0.012518327
v 0.069593214 0.010669940 0.051384258
v 0.053544383 0.010678145 0.040686933
v 0.053562772 0.010683073 0.040703129
v 0.067697603 0.010684706 0.036526741
v 0.068592238 0.010686094 0.036711164
v 0.053580666 0.010687864 0.040719929
v 0.053598002 0.010692512 0.040737321
v 0.053614796 0.010697011 0.040755281
v 0.053622976 0.010699205 0.040764470
v 0.053631033 0.010701359 0.040773797
v 0.053646649 0.010705549 0.040792843
v 0.053661692 0.010709579 0.040812402
v 0.053676116 0.010713443 0.040832455
v 0.043795232 0.010715896 0.014106909
v 0.053689889 0.010717136 0.040852979
v 0.046423952 0.010720190 0.036128886
v 0.069513597 0.010730237 0.036826664
v 0.067413593 0.010733905 0.000000000
v 0.069575893 0.010746924 0.051476518
v 0.044000694 0.010770951 0.034406947
v 0.070571849 0.010779193 0.037188578
v 0.070539129 0.010780286 0.037071673
v 0.067592222 0.010781771 0.051607208
v 0.049388009 0.010787143 0.008470008
v 0.068565374 0.010795013 0.036664760
v 0.048487378 0.010796415 0.009534610
v 0.070502288 0.010799754 0.036957646
v 0.067668120 0.010802109 0.036517412
v 0.069481605 0.010817231 0.036748268
v 0.043872602 0.010832825 0.014305144
v 0.069554637 0.010836801 0.051555315
v 0.070462224 0.010837116 0.036849305
v 0.049611187 0.010846938 0.038007432
v 0.045464108 0.010868475 0.012648198
v 0.047020393 0.010880005 0.011116585
v 0.044052990 0.010881158 0.034197005
v 0.070419913 0.010891454 0.036749320
v 0.048853561 0.010894534 0.037555722
v 0.049804039 0.010898618 0.007891073
v 0.068536139 0.010909393 0.036636451
v 0.069448280 0.010915468 0.036685196
v 0.043964674 0.010916177 0.014513785
v 0.046422875 0.010934230 0.036014255
v 0.069529957 0.010937355 0.051618713
v 0.044118663 0.010957439 0.033976045
v 0.071238790 0.010957896 0.001033752
v 0.070376441 0.010961429 0.036660148
v 0.044069179 0.010963902 0.014727692
v 0.071250347 0.010973164 0.000900261
v 0.071329700 0.010982260 0.050717333
v 0.071350894 0.010997801 0.050835859
v 0.044196110 0.010997912 0.033749506
v 0.071255475 0.011010676 0.000770824
v 0.069414460 0.011022528 0.036639001
v 0.068505247 0.011026418 0.036626937
v 0.071366650 0.011031358 0.050951466
v 0.048466866 0.011035346 0.009572647
v 0.070332830 0.011045319 0.036583990
v 0.069502489 0.011046111 0.051665142
v 0.045524452 0.011047899 0.012800257
v 0.071254019 0.011069290 0.000649376
v 0.071376534 0.011082110 0.051061307
v 0.047047536 0.011101609 0.011212036
v 0.048819911 0.011129947 0.037506688
v 0.046440350 0.011130060 0.035871772
v 0.069380996 0.011135773 0.036610821
v 0.049756368 0.011136441 0.007902136
v 0.070290179 0.011141056 0.036522717
v 0.071246009 0.011147225 0.000539605
v 0.071380361 0.011148802 0.051162679
v 0.069472867 0.011160394 0.051693466
v 0.050845977 0.011177802 0.006184547
v 0.050837278 0.011181292 0.006198035
v 0.050837278 0.011182264 0.006197571
v 0.050837293 0.011183236 0.006197104
v 0.050837309 0.011184208 0.006196635
v 0.045605045 0.011200834 0.012970759
v 0.071377990 0.011229795 0.051253086
v 0.071231694 0.011242116 0.000444850
v 0.070249526 0.011246283 0.036477841
v 0.069348694 0.011252414 0.036601350
v 0.051166797 0.011263766 0.039061599
v 0.048475340 0.011269857 0.009635001
v 0.069441882 0.011277384 0.051702987
v 0.046475945 0.011302850 0.035704945
v 0.047100094 0.011306836 0.011330679
v 0.071369516 0.011323097 0.051330301
v 0.045703895 0.011323518 0.013155508
v 0.050478222 0.011328421 0.006766660
v 0.071211523 0.011351075 0.000367990
v 0.070211895 0.011358413 0.036450466
v 0.048806889 0.011358693 0.037426310
v 0.049739830 0.011376438 0.007935054
v 0.069888983 0.011397187 0.000139199
v 0.045818579 0.011412929 0.013349953
v 0.072984153 0.011425567 0.050209269
v 0.071355123 0.011426406 0.051392420
v 0.073024279 0.011446182 0.050321979
v 0.046528798 0.011448353 0.035517883
v 0.045946261 0.011466865 0.013549308
v 0.071186084 0.011470796 0.000311358
v 0.050139174 0.011471663 0.007327997
v 0.070178198 0.011474681 0.036441265
v 0.050120970 0.011479363 0.007358881
v 0.073058502 0.011484691 0.050431915
v 0.047176752 0.011490632 0.011469594
v 0.048512615 0.011494174 0.009720138
v 0.050146634 0.011499575 0.007319278
v 0.051114657 0.011500396 0.039045966
v 0.046161530 0.011524547 0.015369299
v 0.046161484 0.011524747 0.015387228
v 0.046161321 0.011525351 0.015405147
v 0.046161050 0.011526352 0.015423049
v 0.050153079 0.011527543 0.007309956
v 0.046160678 0.011527756 0.015440920
v 0.046160198 0.011529559 0.015458753
v 0.046159602 0.011531761 0.015476539
v 0.046190749 0.011532375 0.015366853
v 0.046193523 0.011533353 0.015385253
v 0.046158912 0.011534360 0.015494265
v 0.046196187 0.011534761 0.015403642
v 0.046198728 0.011536603 0.015422009
v 0.071335184 0.011537180 0.051437918
v 0.046158107 0.011537356 0.015511927
v 0.046201153 0.011538876 0.015440345
v 0.073085940 0.011540143 0.050536366
v 0.046157200 0.011540745 0.015529510
v 0.046224492 0.011541419 0.015358254
v 0.046203453 0.011541581 0.015458638
v 0.046230472 0.011543282 0.015377175
v 0.046232122 0.011543458 0.015355503
v 0.046156185 0.011544529 0.015547008
v 0.046205630 0.011544711 0.015476877
v 0.046238800 0.011545524 0.015374540
v 0.046236305 0.011545642 0.015396085
v 0.046245338 0.011548102 0.015393563
v 0.046207683 0.011548268 0.015495053
v 0.046241999 0.011548497 0.015414968
v 0.046251728 0.011551189 0.015412562
v 0.046247545 0.011551841 0.015433815
v 0.046209612 0.011552250 0.015513154
v 0.046257972 0.011554785 0.015431520
v 0.046275215 0.011555008 0.015334675
v 0.050158509 0.011555527 0.007300048
v 0.046252944 0.011555676 0.015452612
v 0.046211409 0.011556654 0.015531172
v 0.046285835 0.011558195 0.015354348
v 0.046264053 0.011558887 0.015450427
v 0.046258196 0.011559994 0.015471346
v 0.046213074 0.011561478 0.015549093
v 0.046296285 0.011562016 0.015374004
v 0.046597585 0.011562981 0.035315192
v 0.046269979 0.011563490 0.015469268
v 0.046263286 0.011564799 0.015490004
v 0.046306533 0.011566470 0.015393626
v 0.046324458 0.011568202 0.015300652
v 0.046275742 0.011568595 0.015488030
v 0.046268228 0.011570080 0.015508576
v 0.046316596 0.011571550 0.015413199
v 0.046339455 0.011572662 0.015321022
v 0.046281327 0.011574193 0.015506703
v 0.048814783 0.011575140 0.037316563
v 0.046273000 0.011575841 0.015527048
v 0.046326449 0.011577251 0.015432704
v 0.046354219 0.011577943 0.015341370
v 0.046286757 0.011580288 0.015525271
v 0.046277609 0.011582077 0.015545407
v 0.050162909 0.011583481 0.007289569
v 0.046336085 0.011583572 0.015452125
v 0.046368736 0.011584037 0.015361674
v 0.046292001 0.011586868 0.015543722
v 0.046345505 0.011590505 0.015471448
v 0.046382974 0.011590939 0.015381908
v 0.046409714 0.011591045 0.015218644
v 0.071156168 0.011597639 0.000276676
v 0.046432046 0.011597703 0.015240168
v 0.046354684 0.011598044 0.015490653
v 0.046396933 0.011598637 0.015402055
v 0.046454007 0.011605608 0.015261655
v 0.046363631 0.011606184 0.015509725
v 0.046410597 0.011607127 0.015422089
v 0.073105956 0.011611176 0.050632763
v 0.050166271 0.011611368 0.007278533
v 0.049755795 0.011614422 0.007988349
v 0.046475565 0.011614745 0.015283069
v 0.046372330 0.011614916 0.015528647
v 0.049752355 0.011615559 0.007994341
v 0.046423936 0.011616397 0.015441989
v 0.046065260 0.011619447 0.015963861
v 0.046517658 0.011619970 0.015077967
v 0.046496666 0.011625098 0.015304376
v 0.046436950 0.011626440 0.015461735
v 0.046548954 0.011629422 0.015100876
v 0.046517294 0.011636652 0.015325537
v 0.046449615 0.011637242 0.015481301
v 0.050168602 0.011639138 0.007266962
v 0.046579637 0.011640837 0.015123723
v 0.046680625 0.011643914 0.035101863
v 0.047275649 0.011648473 0.011625357
v 0.046461924 0.011648792 0.015500669
v 0.046537396 0.011649387 0.015346519
v 0.071310148 0.011652692 0.051465673
v 0.046609615 0.011654189 0.015146448
v 0.046651282 0.011655773 0.014854645
v 0.046556948 0.011663276 0.015367287
v 0.050169873 0.011666756 0.007254866
v 0.046693360 0.011668750 0.014879180
v 0.046638826 0.011669438 0.015168993
v 0.046575926 0.011678304 0.015387804
v 0.046734415 0.011684841 0.014903609
v 0.046667170 0.011686546 0.015191293
v 0.046775873 0.011689160 0.034883149
v 0.049502522 0.011693149 0.008432678
v 0.050170113 0.011694176 0.007242267
v 0.046594277 0.011694441 0.015408037
v 0.073118040 0.011696041 0.050718733
v 0.046820771 0.011701190 0.014503316
v 0.048577746 0.011702774 0.009825959
v 0.046774262 0.011703984 0.014927832
v 0.046285177 0.011704684 0.015993726
v 0.046694584 0.011705466 0.015213294
v 0.046611977 0.011711661 0.015427951
v 0.046876389 0.011718836 0.014529765
v 0.050169292 0.011721361 0.007229185
v 0.046812738 0.011726094 0.014951744
v 0.046720999 0.011726147 0.015234932
v 0.049383957 0.011726735 0.008642654
v 0.071122673 0.011727752 0.000264995
v 0.051084842 0.011736835 0.038999450
v 0.046930242 0.011741482 0.014556032
v 0.049525412 0.011742280 0.008427716
v 0.046746345 0.011748535 0.015256153
v 0.046849672 0.011751076 0.014975244
v 0.047015737 0.011753429 0.014013360
v 0.046981971 0.011768976 0.014581937
v 0.071280697 0.011770097 0.051475002
v 0.046770536 0.011772570 0.015276900
v 0.048843405 0.011773957 0.037180152
v 0.047394330 0.011776470 0.011794135
v 0.047087243 0.011776918 0.014041687
v 0.046884926 0.011778829 0.014998231
v 0.049545189 0.011792525 0.008420848
v 0.073121898 0.011792647 0.050792160
v 0.046793519 0.011798189 0.015297117
v 0.047031230 0.011801131 0.014607304
v 0.047214902 0.011806795 0.013414378
v 0.047155821 0.011808228 0.014069709
v 0.046918335 0.011809231 0.015020610
v 0.049014405 0.011818577 0.009306063
v 0.053238698 0.011818934 0.040686933
v 0.046490686 0.011822338 0.016014896
v 0.053257104 0.011823862 0.040703129
v 0.046850331 0.011827710 0.015246467
v 0.053274982 0.011828653 0.040719929
v 0.053292318 0.011833301 0.040737321
v 0.047303923 0.011837153 0.013443885
v 0.047077661 0.011837720 0.014631959
v 0.053309112 0.011837800 0.040755281
v 0.053317308 0.011839994 0.040764470
v 0.053325348 0.011842149 0.040773797
v 0.046949754 0.011842155 0.015042283
v 0.049561727 0.011843637 0.008412104
v 0.048884678 0.011846001 0.009542705
v 0.053340980 0.011846340 0.040792843
v 0.047220720 0.011847022 0.014097122
v 0.053230131 0.011847328 0.040685791
v 0.053356024 0.011850368 0.040812402
v 0.053248133 0.011853817 0.040701965
v 0.053370432 0.011854232 0.040832455
v 0.053384220 0.011857925 0.040852979
v 0.053265609 0.011860181 0.040718753
v 0.047426035 0.011863368 0.012630366
v 0.053282542 0.011866413 0.040736132
v 0.047529890 0.011871473 0.011971771
v 0.053298934 0.011872503 0.040754082
v 0.053219828 0.011874970 0.040682398
v 0.046979066 0.011877457 0.015063160
v 0.053314736 0.011878452 0.040772590
v 0.047120971 0.011878499 0.014655730
v 0.047388257 0.011879147 0.013472914
v 0.053237474 0.011883015 0.040698524
v 0.047502197 0.011883776 0.012312142
v 0.053329965 0.011884248 0.040791632
v 0.048665667 0.011885968 0.009947751
v 0.048663366 0.011886342 0.009952049
v 0.053344575 0.011889890 0.040811190
v 0.053254625 0.011890947 0.040715266
v 0.047281234 0.011892880 0.014123629
v 0.049574950 0.011895360 0.008401532
v 0.053358580 0.011895364 0.040831245
v 0.045753037 0.011896890 0.017711736
v 0.073117436 0.011898616 0.050851231
v 0.053271202 0.011898755 0.040732608
v 0.053371935 0.011900672 0.040851773
v 0.047537164 0.011903006 0.012658941
v 0.053287221 0.011906438 0.040750532
v 0.053205141 0.011907418 0.040675390
v 0.048930311 0.011908442 0.009546984
v 0.047549085 0.011908510 0.012662086
v 0.047639980 0.011913923 0.012001721
v 0.053302636 0.011913975 0.040769021
v 0.047006132 0.011914993 0.015083151
v 0.053222462 0.011917339 0.040691409
v 0.053317478 0.011921371 0.040788052
v 0.047160841 0.011923181 0.014678458
v 0.074846315 0.011924533 0.001623927
v 0.053239241 0.011927161 0.040708061
v 0.053331685 0.011928613 0.040807605
v 0.047624968 0.011928840 0.012345045
v 0.047749404 0.011929533 0.011763623
v 0.048313420 0.011930602 0.010617703
v 0.047466517 0.011932101 0.013500992
v 0.047685459 0.011932880 0.033138559
v 0.047685389 0.011933129 0.033118638
v 0.047685195 0.011933871 0.033098730
v 0.047684862 0.011935109 0.033078848
v 0.053345272 0.011935690 0.040827660
v 0.047684397 0.011936840 0.033059007
v 0.053255446 0.011936871 0.040725332
v 0.047683801 0.011939067 0.033039217
v 0.053187635 0.011939629 0.040665006
v 0.047717001 0.011941333 0.033141104
v 0.047683073 0.011941784 0.033019494
v 0.047720015 0.011942442 0.033120090
v 0.053358208 0.011942601 0.040848198
v 0.074869136 0.011942816 0.001492275
v 0.048054469 0.011943765 0.011129831
v 0.048021284 0.011943959 0.011196965
v 0.047722865 0.011944114 0.033099091
v 0.047682213 0.011944991 0.032999850
v 0.047336720 0.011945305 0.014148945
v 0.047725569 0.011946345 0.033078125
v 0.053271062 0.011946463 0.040743199
v 0.049584811 0.011947443 0.008389183
v 0.047681221 0.011948682 0.032980298
v 0.047728110 0.011949141 0.033057206
v 0.048892068 0.011950245 0.037020435
v 0.053204708 0.011951471 0.040680864
v 0.047730488 0.011952491 0.033036349
v 0.047680106 0.011952863 0.032960850
v 0.047760280 0.011952931 0.033151960
v 0.047069597 0.011953369 0.015005989
v 0.047767267 0.011955177 0.033129536
v 0.053286075 0.011955919 0.040761646
v 0.047732711 0.011956403 0.033015573
v 0.047774068 0.011958115 0.033107132
v 0.047640639 0.011960071 0.012686812
v 0.047734764 0.011960861 0.032994891
v 0.047780676 0.011961742 0.033084770
v 0.053221176 0.011963222 0.040697383
v 0.053300483 0.011965234 0.040780652
v 0.047753301 0.011965348 0.012033016
v 0.047806642 0.011965352 0.033171524
v 0.047736654 0.011965873 0.032974319
v 0.047787074 0.011966063 0.033062471
v 0.051078079 0.011967258 0.038923199
v 0.047817657 0.011968770 0.033147682
v 0.046676930 0.011969634 0.016026872
v 0.047793256 0.011971063 0.033040255
v 0.047738381 0.011971429 0.032953873
v 0.047197016 0.011971472 0.014699985
v 0.047828424 0.011973067 0.033123867
v 0.047837007 0.011973488 0.033188156
v 0.053314225 0.011974400 0.040800196
v 0.048970197 0.011974826 0.009547841
v 0.053237056 0.011974876 0.040714545
v 0.047662328 0.011974985 0.012692842
v 0.053164582 0.011975401 0.040649203
v 0.047799221 0.011976741 0.033018143
v 0.047850555 0.011977663 0.033163427
v 0.047838936 0.011978226 0.033100109
v 0.045977339 0.011980231 0.017731891
v 0.047863809 0.011982845 0.033138732
v 0.047804976 0.011983091 0.032996156
v 0.074885171 0.011983250 0.001364624
v 0.053327331 0.011983401 0.040820255
v 0.047849184 0.011984249 0.033076434
v 0.053252316 0.011986420 0.040732329
v 0.047876753 0.011989025 0.033114103
v 0.053181407 0.011989437 0.040664816
v 0.047810492 0.011990107 0.032974312
v 0.047859130 0.011991124 0.033052871
v 0.053339787 0.011992230 0.040840808
v 0.047537450 0.011995152 0.013527665
v 0.047737924 0.011995243 0.012376948
v 0.047920582 0.011995882 0.033246967
v 0.047889372 0.011996200 0.033089575
v 0.048386405 0.011996223 0.010634451
v 0.047815774 0.011997786 0.032952635
v 0.053266957 0.011997834 0.040750716
v 0.047868790 0.011998845 0.033029447
v 0.049591240 0.011999628 0.008375116
v 0.047528085 0.012001851 0.032585087
v 0.047940707 0.012002060 0.033219933
v 0.053197627 0.012003402 0.040681132
v 0.047386576 0.012003735 0.014172795
v 0.047901650 0.012004362 0.033065181
v 0.048141870 0.012006750 0.011152728
v 0.047878140 0.012007405 0.033006189
v 0.053139143 0.012009061 0.040629938
v 0.053280947 0.012009109 0.040769685
v 0.047960398 0.012009692 0.033192954
v 0.073104747 0.012011338 0.050894498
v 0.047913571 0.012013493 0.033040953
v 0.047887172 0.012016787 0.032983125
v 0.053213213 0.012017279 0.040698129
v 0.048000578 0.012017314 0.033318118
v 0.047979624 0.012018759 0.033166080
v 0.053294255 0.012020231 0.040789212
v 0.047229233 0.012023025 0.014720162
v 0.047925113 0.012023585 0.033016926
v 0.053155844 0.012025227 0.040645255
v 0.048026582 0.012025347 0.033289026
v 0.047895879 0.012026989 0.032960282
v 0.047998331 0.012029247 0.033139364
v 0.053228132 0.012031054 0.040715783
v 0.053306897 0.012031192 0.040809276
v 0.047733888 0.012033157 0.012713295
v 0.047936268 0.012034625 0.032993132
v 0.048051998 0.012035340 0.033260012
v 0.047856768 0.012035491 0.012061985
v 0.048075020 0.012037263 0.033395025
v 0.053114510 0.012037610 0.040610024
v 0.048016489 0.012041138 0.033112860
v 0.053171894 0.012041339 0.040661318
v 0.053318841 0.012041971 0.040829858
v 0.049003963 0.012044486 0.009545267
v 0.074893971 0.012044608 0.001244849
v 0.053242386 0.012044709 0.040734077
v 0.047947012 0.012046593 0.032969600
v 0.048106245 0.012046986 0.033364115
v 0.048076747 0.012047267 0.033231152
v 0.049594223 0.012051650 0.008359404
v 0.048034080 0.012054403 0.033086619
v 0.053187263 0.012057380 0.040678110
v 0.053255957 0.012058228 0.040752988
v 0.048136696 0.012059204 0.033333310
v 0.048161871 0.012060539 0.033495693
v 0.047762294 0.012060777 0.012721699
v 0.048100753 0.012061098 0.033202523
v 0.047599893 0.012067282 0.013552496
v 0.047430265 0.012067532 0.014194923
v 0.048051045 0.012069023 0.033060692
v 0.048451249 0.012070754 0.010646902
v 0.053268800 0.012071591 0.040772491
v 0.048198937 0.012072204 0.033462756
v 0.053201919 0.012073328 0.040695607
v 0.048166240 0.012073876 0.033302713
v 0.048123968 0.012076792 0.033174199
v 0.047257290 0.012077499 0.014738855
v 0.053073284 0.012079194 0.040574705
v 0.047837642 0.012080967 0.012406883
v 0.048220239 0.012081849 0.011171479
v 0.053280931 0.012084784 0.040792566
v 0.048067366 0.012084961 0.033035131
v 0.048234957 0.012087056 0.033429962
v 0.053215862 0.012089159 0.040713788
v 0.047731859 0.012090445 0.032518470
v 0.048194824 0.012090952 0.033272430
v 0.048146332 0.012094312 0.033146257
v 0.046186729 0.012097020 0.017745129
v 0.053292318 0.012097794 0.040813186
v 0.048959546 0.012099671 0.036841345
v 0.053090047 0.012100012 0.040589158
v 0.048083006 0.012102190 0.033009985
v 0.049593758 0.012103257 0.008342123
v 0.053229046 0.012104853 0.040732627
v 0.048269808 0.012105035 0.033397451
v 0.048222315 0.012110374 0.033242560
v 0.048167774 0.012113608 0.033118774
v 0.049031253 0.012116722 0.009539287
v 0.053241472 0.012120390 0.040752101
v 0.047814628 0.012120462 0.012737733
v 0.053106020 0.012120822 0.040604494
v 0.048390929 0.012121910 0.033806228
v 0.047947547 0.012122426 0.012087829
v 0.074895210 0.012125021 0.001136594
v 0.048303318 0.012126057 0.033365367
v 0.073084173 0.012128036 0.050920892
v 0.045539991 0.012130544 0.019590208
v 0.048248622 0.012132077 0.033213207
v 0.048156712 0.012134322 0.033040745
v 0.048188239 0.012134636 0.033091817
v 0.053253137 0.012135755 0.040772185
v 0.047467300 0.012136013 0.014215089
v 0.048442465 0.012138648 0.033768310
v 0.053121156 0.012141596 0.040620691
v 0.046839494 0.012143093 0.016029372
v 0.047652831 0.012147314 0.013575087
v 0.048335342 0.012150033 0.033333849
v 0.053263998 0.012150922 0.040792854
v 0.048506868 0.012152958 0.010654848
v 0.049589807 0.012154193 0.008323357
v 0.048273681 0.012155990 0.033184468
v 0.048207667 0.012157330 0.033065460
v 0.048492165 0.012160725 0.033730668
v 0.053135440 0.012162304 0.040637727
v 0.047845970 0.012163280 0.012747780
v 0.048287957 0.012167542 0.011185702
v 0.052954192 0.012172792 0.040464113
v 0.048365754 0.012176865 0.033303031
v 0.048297369 0.012182028 0.033156443
v 0.053148872 0.012182911 0.040655573
v 0.047921085 0.012183404 0.012433939
v 0.051094525 0.012185996 0.038819087
v 0.048539666 0.012187979 0.033693578
v 0.049051804 0.012190820 0.009529963
v 0.052971792 0.012200278 0.040476791
v 0.046875390 0.012201384 0.030775369
v 0.053161406 0.012203380 0.040674202
v 0.048700889 0.012204964 0.034306195
v 0.048394407 0.012206428 0.033273049
v 0.047497293 0.012208433 0.014233075
v 0.047922278 0.012209817 0.032460993
v 0.048319640 0.012210104 0.033129223
v 0.045767453 0.012212370 0.019599184
v 0.049044205 0.012218551 0.036647291
v 0.047880874 0.012219841 0.012759530
v 0.052878387 0.012219870 0.040389579
v 0.048584617 0.012220211 0.033657311
v 0.074888874 0.012222053 0.001043147
v 0.053173025 0.012223691 0.040693586
v 0.048023127 0.012223763 0.012109838
v 0.052988323 0.012227870 0.040490633
v 0.048771032 0.012228722 0.034262181
v 0.047459445 0.012232365 0.014375830
v 0.047695405 0.012233945 0.013595069
v 0.048421186 0.012238597 0.033244031
v 0.048552346 0.012241476 0.010658159
v 0.053183715 0.012243806 0.040713693
v 0.046376180 0.012244445 0.017751131
v 0.073056194 0.012245841 0.050929761
v 0.048408877 0.012254302 0.033188986
v 0.053003738 0.012255513 0.040505606
v 0.048626680 0.012257188 0.033622134
v 0.048837813 0.012261450 0.034218711
v 0.052800831 0.012261580 0.040311095
v 0.048343684 0.012262093 0.011195108
v 0.053193475 0.012263689 0.040734494
v 0.049065391 0.012266024 0.009517387
v 0.048445990 0.012273236 0.033216104
v 0.047910790 0.012279375 0.012770296
v 0.053018022 0.012283146 0.040521680
v 0.047519920 0.012284013 0.014248687
v 0.047086965 0.012287447 0.030717253
v 0.052820275 0.012295908 0.040321240
v 0.048665558 0.012298638 0.033588302
v 0.047985705 0.012299448 0.012457294
v 0.045452040 0.012299665 0.021476806
v 0.048900418 0.012302742 0.034176328
v 0.049143938 0.012303956 0.036443053
v 0.053031144 0.012310717 0.040538824
v 0.049115176 0.012315973 0.035090400
v 0.076323704 0.012320396 0.048678338
v 0.047726932 0.012325781 0.013612117
v 0.045979655 0.012328452 0.019603288
v 0.047930985 0.012328841 0.012778145
v 0.052838246 0.012330539 0.040332925
v 0.074875178 0.012332749 0.000967345
v 0.048586918 0.012334837 0.010656781
v 0.048081426 0.012336711 0.012127408
v 0.053043042 0.012338168 0.040557001
v 0.046974566 0.012338623 0.016022338
v 0.049071890 0.012341591 0.009501684
v 0.046343878 0.012342920 0.028941136
v 0.076373203 0.012343524 0.048786746
v 0.048700982 0.012344258 0.033556062
v 0.052599490 0.012349266 0.040099976
v 0.049210479 0.012350103 0.035039478
v 0.048958058 0.012352088 0.034135553
v 0.049256306 0.012353790 0.036233659
v 0.048095059 0.012357287 0.032413950
v 0.048386258 0.012363585 0.011199508
v 0.052556281 0.012365204 0.040053585
v 0.052854715 0.012365382 0.040346120
v 0.053053748 0.012365442 0.040576175
v 0.047622450 0.012378743 0.014008388
v 0.045681012 0.012380592 0.021474046
v 0.076416582 0.012384483 0.048892484
v 0.051133783 0.012387661 0.038689683
v 0.052622124 0.012390856 0.040106472
v 0.048665775 0.012392002 0.033403125
v 0.053063198 0.012392487 0.040596306
v 0.048732657 0.012393716 0.033525650
v 0.049415562 0.012396458 0.035747455
v 0.049299453 0.012399534 0.034989649
v 0.052869634 0.012400335 0.040360788
v 0.047588669 0.012404447 0.014130900
v 0.045490182 0.012404749 0.023373183
v 0.047954805 0.012405537 0.012788558
v 0.047284479 0.012405673 0.030666662
v 0.049010044 0.012408876 0.034096894
v 0.049071255 0.012416754 0.009483013
v 0.046541130 0.012418952 0.017749753
v 0.053071394 0.012419244 0.040617354
v 0.047746902 0.012421320 0.013625954
v 0.045934115 0.012424833 0.027083185
v 0.048029557 0.012425563 0.012476239
v 0.046562006 0.012426824 0.028892702
v 0.048610033 0.012431495 0.010650734
v 0.045551928 0.012431888 0.024263577
v 0.052642761 0.012433110 0.040115030
v 0.049520029 0.012434313 0.035698537
v 0.052882942 0.012435304 0.040376888
v 0.049531206 0.012439619 0.035693154
v 0.076452726 0.012442266 0.048992950
v 0.047963736 0.012444782 0.012793121
v 0.045656983 0.012445626 0.025281115
v 0.048760381 0.012446647 0.033497288
v 0.074854511 0.012453750 0.000911493
v 0.048120862 0.012458163 0.012140053
v 0.049380169 0.012463202 0.034941981
v 0.048414819 0.012469957 0.011198811
v 0.052894624 0.012470188 0.040394373
v 0.052195660 0.012471667 0.039655112
v 0.049055708 0.012472397 0.034060830
v 0.052661336 0.012475873 0.040125616
v 0.046171391 0.012475945 0.019602419
v 0.045718938 0.012485450 0.023358409
v 0.049616981 0.012489633 0.035650825
v 0.049063470 0.012490772 0.009461561
v 0.049768243 0.012490961 0.036547268
v 0.045894508 0.012496252 0.021468562
v 0.049637269 0.012504173 0.035640505
v 0.052904663 0.012504895 0.040413199
v 0.046157402 0.012507058 0.027045437
v 0.076480752 0.012515451 0.049085669
v 0.052677727 0.012518974 0.040138192
v 0.047754974 0.012519014 0.013636357
v 0.052226521 0.012524152 0.039653412
v 0.045883741 0.012526792 0.025254342
v 0.049871517 0.012528498 0.036495670
v 0.048246306 0.012529542 0.032378397
v 0.048621296 0.012529855 0.010640121
v 0.051910101 0.012531296 0.039327800
v 0.049882578 0.012533765 0.036489991
v 0.047976673 0.012537931 0.012802015
v 0.052912982 0.012539325 0.040433309
v 0.049450901 0.012539746 0.034897498
v 0.048914927 0.012540609 0.033668754
v 0.049094478 0.012541868 0.034027808
v 0.046765493 0.012544016 0.028849973
v 0.047078939 0.012551603 0.016005932
v 0.047463357 0.012553321 0.030624770
v 0.051758335 0.012556166 0.039150080
v 0.048051301 0.012557928 0.012490198
v 0.049704065 0.012561063 0.035605491
v 0.052691903 0.012562250 0.040152708
v 0.047978315 0.012564805 0.012804090
v 0.050123682 0.012565845 0.037058994
v 0.051194870 0.012567286 0.038538167
v 0.052919598 0.012573386 0.040454651
v 0.052254176 0.012578394 0.039654828
v 0.048428801 0.012579060 0.011193033
v 0.074827507 0.012581374 0.000877289
v 0.049967330 0.012583508 0.036445342
v 0.048140329 0.012584782 0.012147426
v 0.049730511 0.012588160 0.035591104
v 0.051947872 0.012589266 0.039319716
v 0.050326487 0.012592953 0.037339442
v 0.049987362 0.012597980 0.036434456
v 0.045932170 0.012601017 0.023343113
v 0.076500010 0.012602235 0.049168357
v 0.051331639 0.012604208 0.038636885
v 0.052703817 0.012605541 0.040169111
v 0.051271713 0.012608505 0.038563183
v 0.050501097 0.012608691 0.037575152
v 0.046677604 0.012616343 0.017741028
v 0.050633132 0.012616374 0.037750221
v 0.049125905 0.012616430 0.033998237
v 0.050910008 0.012621713 0.038109171
v 0.046365591 0.012623423 0.027011404
v 0.049510152 0.012627523 0.034857153
v 0.048620506 0.012628284 0.010625114
v 0.047627563 0.012632383 0.014092421
v 0.052278499 0.012634059 0.039659348
v 0.046095121 0.012642610 0.025229255
v 0.046087259 0.012643792 0.021460488
v 0.049779088 0.012646840 0.035563654
v 0.052713407 0.012648678 0.040187334
v 0.051981568 0.012650082 0.039315450
v 0.050416437 0.012650868 0.037292372
v 0.046337975 0.012651250 0.019596599
v 0.050053314 0.012654642 0.036397524
v 0.047869968 0.012667348 0.013221396
v 0.047975720 0.012672538 0.012810255
v 0.051327734 0.012672918 0.038539541
v 0.050711130 0.012678751 0.037710419
v 0.050079412 0.012681644 0.036382348
v 0.047974357 0.012685963 0.012810782
v 0.048427925 0.012688682 0.011182290
v 0.049808098 0.012689030 0.035546454
v 0.052299274 0.012690804 0.039666947
v 0.052720642 0.012691493 0.040207313
v 0.046949499 0.012691718 0.028813966
v 0.048050270 0.012692512 0.012498747
v 0.049149570 0.012695154 0.033972484
v 0.076509971 0.012700479 0.049238980
v 0.074795004 0.012711754 0.000865772
v 0.048139298 0.012713086 0.012149327
v 0.052010895 0.012713257 0.039315039
v 0.048372640 0.012722707 0.032355131
v 0.050497649 0.012723416 0.037249974
v 0.049556614 0.012724648 0.034821812
v 0.048607709 0.012725151 0.010605966
v 0.047619437 0.012726964 0.030592547
v 0.052725475 0.012733835 0.040228969
v 0.050127338 0.012740152 0.036353392
v 0.051377636 0.012743680 0.038520940
v 0.049840245 0.012744854 0.035526341
v 0.052316425 0.012748270 0.039677577
v 0.046124627 0.012748599 0.023327672
v 0.050781148 0.012752631 0.037675854
v 0.049241255 0.012759804 0.034106417
v 0.046553648 0.012771106 0.026981910
v 0.047150159 0.012777005 0.015980546
v 0.052035653 0.012778279 0.039318484
v 0.050155906 0.012782226 0.036335251
v 0.046285944 0.012790247 0.025206468
v 0.048412200 0.012796591 0.011166800
v 0.049867659 0.012803714 0.035507910
v 0.047951970 0.012805259 0.012813031
v 0.052329810 0.012806108 0.039691171
v 0.076510421 0.012807765 0.049295797
v 0.050568319 0.012808931 0.037213217
v 0.046254517 0.012819575 0.021450023
v 0.051420814 0.012819865 0.038507626
v 0.048026505 0.012825233 0.012501626
v 0.049589319 0.012829037 0.034792232
v 0.046782295 0.012831864 0.017725166
v 0.050841864 0.012836589 0.037647192
v 0.050187589 0.012837922 0.036314036
v 0.048117795 0.012839537 0.012145701
v 0.052055607 0.012844614 0.039325759
v 0.046475348 0.012850079 0.019585970
v 0.049886025 0.012852690 0.035494473
v 0.049372043 0.012856699 0.034314005
v 0.047632304 0.012861761 0.014044336
v 0.052339354 0.012863961 0.039707645
v 0.047109638 0.012866405 0.028785538
v 0.078389950 0.012874046 0.002539407
v 0.049278608 0.012888253 0.034111876
v 0.078423817 0.012895291 0.002410609
v 0.050214546 0.012896666 0.036294595
v 0.051456679 0.012900465 0.038499773
v 0.050626811 0.012905469 0.037182939
v 0.052070619 0.012911736 0.039336803
v 0.076501342 0.012921450 0.049337412
v 0.052345040 0.012921462 0.039726899
v 0.047749094 0.012922565 0.030570743
v 0.046291560 0.012924560 0.023312467
v 0.049907405 0.012928735 0.035476646
v 0.050892106 0.012929010 0.037624990
v 0.048471212 0.012932438 0.032344679
v 0.049607554 0.012938453 0.034769052
v 0.078450588 0.012938596 0.002285726
v 0.050232579 0.012945552 0.036280422
v 0.046716994 0.012946525 0.026957672
v 0.046451513 0.012966076 0.025186540
v 0.049915268 0.012967695 0.035468835
v 0.052346775 0.012978265 0.039748811
v 0.052080550 0.012979086 0.039351528
v 0.051484767 0.012984439 0.038497481
v 0.078469427 0.013002647 0.002168551
v 0.047186543 0.013009517 0.015946776
v 0.050671794 0.013010830 0.037159829
v 0.049571208 0.013016559 0.034673590
v 0.046392176 0.013019270 0.021437425
v 0.050253548 0.013021482 0.036261618
v 0.050930884 0.013028101 0.037609673
v 0.076482968 0.013038740 0.049362797
v 0.052085337 0.013046130 0.039369815
v 0.049610924 0.013050546 0.034752763
v 0.049926136 0.013060287 0.035453611
v 0.046852709 0.013060318 0.017702550
v 0.050261225 0.013060387 0.036253378
v 0.047242100 0.013063931 0.028765363
v 0.046580148 0.013067576 0.019570791
v 0.051504691 0.013070678 0.038500783
v 0.078479761 0.013085501 0.002062644
v 0.049927282 0.013087031 0.035450057
v 0.047602767 0.013087317 0.013987747
v 0.049317750 0.013111633 0.034130787
v 0.047573215 0.013111738 0.014095893
v 0.052084935 0.013112322 0.039391514
v 0.050702245 0.013122602 0.037144416
v 0.046428847 0.013124554 0.023297873
v 0.050957446 0.013131944 0.037601539
v 0.047849331 0.013135600 0.030559862
v 0.046851679 0.013145430 0.026939276
v 0.050271706 0.013152886 0.036237319
v 0.048539805 0.013154028 0.032347273
v 0.076455732 0.013156740 0.049371327
v 0.051516233 0.013158049 0.038509633
v 0.046587778 0.013165783 0.025169960
v 0.049747150 0.013173735 0.035048003
v 0.079520661 0.013177019 0.046850064
v 0.050272782 0.013179611 0.036233571
v 0.078481263 0.013184634 0.001971222
v 0.049923262 0.013194375 0.035439504
v 0.079579161 0.013202559 0.046953334
v 0.051877380 0.013202911 0.039094474
v 0.049921775 0.013207768 0.035438602
v 0.046496829 0.013237963 0.021423004
v 0.050717466 0.013238235 0.037137052
v 0.050971312 0.013238548 0.037600745
v 0.047187225 0.013243638 0.015905420
v 0.051519192 0.013245411 0.038523919
v 0.079631293 0.013245865 0.047054059
v 0.047343731 0.013279588 0.028753924
v 0.050268499 0.013286885 0.036222438
v 0.046887133 0.013296212 0.017673723
v 0.078473935 0.013297033 0.001897067
v 0.046649818 0.013298419 0.019551435
v 0.050266988 0.013300271 0.036221488
v 0.079675757 0.013305879 0.047149764
v 0.049898869 0.013326930 0.035434753
v 0.051513552 0.013331620 0.038543450
v 0.049326565 0.013336624 0.034163781
v 0.046533105 0.013343650 0.023284249
v 0.050972187 0.013345850 0.037607306
v 0.050717102 0.013355099 0.037137904
v 0.047917824 0.013361122 0.030560158
v 0.046954449 0.013362992 0.026927168
v 0.079711499 0.013381123 0.047238089
v 0.048576871 0.013382498 0.032362855
v 0.046691385 0.013384477 0.025157136
v 0.078457962 0.013419292 0.001842427
v 0.050243989 0.013419405 0.036217427
v 0.050960064 0.013451769 0.037621093
v 0.077557921 0.013452071 0.048783926
v 0.079737573 0.013469740 0.047316859
v 0.046565902 0.013470267 0.021407116
v 0.050701183 0.013470523 0.037146952
v 0.047152196 0.013473846 0.015857455
v 0.047412115 0.013508251 0.028751490
v 0.046884748 0.013533864 0.017639380
v 0.046682639 0.013536974 0.019528373
v 0.078433841 0.013547687 0.001808965
v 0.049304891 0.013558366 0.034210146
v 0.079753406 0.013569551 0.047384134
v 0.046601768 0.013576445 0.023271932
v 0.047952969 0.013593894 0.030571622
v 0.047022794 0.013593948 0.026921642
v 0.048581596 0.013612698 0.032391076
v 0.046759808 0.013616788 0.025148380
v 0.079758565 0.013678100 0.047438259
v 0.078402298 0.013678321 0.001797698
v 0.046597685 0.013710449 0.021390153
v 0.047445626 0.013744474 0.028758123
v 0.046846489 0.013766625 0.017594266
v 0.046677821 0.013777407 0.019502170
v 0.079752926 0.013792714 0.047477901
v 0.081842364 0.013799116 0.003773132
v 0.046633125 0.013817192 0.023261226
v 0.046683112 0.013817394 0.019348403
v 0.046672848 0.013821341 0.019496800
v 0.081886998 0.013823246 0.003648186
v 0.047953968 0.013828518 0.030593990
v 0.047055073 0.013832697 0.026922833
v 0.048553841 0.013839471 0.032431301
v 0.046632373 0.013839575 0.020204452
v 0.046791366 0.013857016 0.025143909
v 0.046597941 0.013868124 0.021378471
v 0.081924212 0.013869352 0.003527034
v 0.046596051 0.013875305 0.021684772
v 0.046824319 0.013885983 0.017595225
v 0.047368999 0.013906635 0.014054430
v 0.079736658 0.013910562 0.047502083
v 0.046673382 0.013924622 0.023875441
v 0.046675117 0.013929378 0.019349829
v 0.081952826 0.013936032 0.003413359
v 0.046909164 0.013970739 0.026020498
v 0.046598863 0.013979597 0.021684782
v 0.047443472 0.013982638 0.028773662
v 0.082550422 0.013988839 0.044738537
v 0.047056390 0.013989567 0.026927802
v 0.079585451 0.013995346 0.002180756
v 0.046821003 0.014007310 0.017598081
v 0.047302931 0.014014347 0.028175410
v 0.082617427 0.014016656 0.044835873
v 0.047358271 0.014019111 0.028425636
v 0.081972037 0.014021249 0.003310616
v 0.046679564 0.014025897 0.023873019
v 0.047346698 0.014025951 0.014056344
v 0.079710135 0.014028755 0.047510211
v 0.046683383 0.014041320 0.019352308
v 0.047929265 0.014056750 0.030653518
v 0.082677848 0.014062192 0.044930812
v 0.046913053 0.014073754 0.026015883
v 0.046615672 0.014082565 0.021684796
v 0.081981193 0.014122431 0.003221927
v 0.082730213 0.014124321 0.045021017
v 0.046698922 0.014125472 0.023869672
v 0.046836620 0.014127610 0.017602763
v 0.047352631 0.014129093 0.028420384
v 0.048234934 0.014138660 0.010587532
v 0.047342956 0.014147165 0.014062040
v 0.046707729 0.014150868 0.019355788
v 0.046930489 0.014175245 0.026009344
v 0.047906801 0.014176032 0.030650957
v 0.046646200 0.014182329 0.021684813
v 0.082773236 0.014201513 0.045104267
v 0.046731123 0.014221630 0.023865458
v 0.081980062 0.014236499 0.003149987
v 0.047362337 0.014238583 0.028411781
v 0.046870789 0.014243936 0.017609156
v 0.046747661 0.014255718 0.019360195
v 0.048212385 0.014257918 0.010590381
v 0.047357883 0.014267287 0.014071376
v 0.046961157 0.014273422 0.026000996
v 0.046689866 0.014277086 0.021684835
v 0.082805817 0.014291874 0.045178509
v 0.047902610 0.014297126 0.030643338
v 0.046775610 0.014312715 0.023860450
v 0.048933022 0.014325709 0.033798820
v 0.047387188 0.014345350 0.028400002
v 0.046922666 0.014353406 0.017617101
v 0.046802304 0.014353650 0.019365437
v 0.081968660 0.014359979 0.003096981
v 0.046745872 0.014365103 0.021684859
v 0.047004513 0.014366521 0.025990988
v 0.048207954 0.014378942 0.010598857
v 0.047391115 0.014383357 0.014084123
v 0.082827181 0.014393172 0.045241920
v 0.046831608 0.014397165 0.023854733
v 0.047916809 0.014417050 0.030630847
v 0.046870541 0.014442613 0.019371403
v 0.049371455 0.014443190 0.034924870
v 0.046813218 0.014444785 0.021684887
v 0.048910279 0.014444913 0.033795410
v 0.047426678 0.014447233 0.028385285
v 0.047059783 0.014452900 0.025979498
v 0.046990980 0.014453337 0.017626404
v 0.049435393 0.014460321 0.007229185
v 0.046898164 0.014473524 0.023848407
v 0.081947326 0.014489121 0.003064517
v 0.047441830 0.014492514 0.014099969
v 0.048221750 0.014498758 0.010612753
v 0.082836802 0.014502914 0.045292935
v 0.046890673 0.014514680 0.021684917
v 0.046950924 0.014520726 0.019377968
v 0.047125983 0.014531017 0.025966730
v 0.047949034 0.014532845 0.030613793
v 0.046974140 0.014540479 0.023841580
v 0.047074036 0.014541262 0.017636836
v 0.047480011 0.014542160 0.028367929
v 0.048905291 0.014565790 0.033785269
v 0.046976828 0.014573517 0.021684948
v 0.049412518 0.014579490 0.007232940
v 0.081786668 0.014585160 0.046108298
v 0.047041749 0.014586357 0.019384993
v 0.047508773 0.014592077 0.014118522
v 0.047058210 0.014596876 0.023834370
v 0.047201950 0.014599475 0.025952912
v 0.048253432 0.014614410 0.010631726
v 0.047169803 0.014615022 0.017648138
v 0.082834447 0.014618399 0.045330299
v 0.081916729 0.014620010 0.003053585
v 0.047070116 0.014620235 0.021684981
v 0.047546095 0.014628198 0.028348288
v 0.047141119 0.014638106 0.019392331
v 0.047998494 0.014641673 0.030592595
v 0.047148943 0.014641747 0.023826900
v 0.047168851 0.014653970 0.021685014
v 0.047286315 0.014657073 0.025938290
v 0.050216893 0.014669718 0.036832976
v 0.047275912 0.014672794 0.017660035
v 0.047244764 0.014674312 0.023819299
v 0.047246933 0.014674889 0.019399826
v 0.047590303 0.014679595 0.014139323
v 0.048918165 0.014685358 0.033768642
v 0.085176942 0.014692616 0.005315597
v 0.050306517 0.014693736 0.005537236
v 0.049407134 0.014700258 0.007244110
v 0.047377574 0.014702772 0.025923123
v 0.047623597 0.014703605 0.028326759
v 0.047389759 0.014713160 0.017672232
v 0.085232002 0.014719535 0.005195462
v 0.048302211 0.014723056 0.010655306
v 0.047474124 0.014735767 0.025907681
v 0.082820163 0.014736790 0.045353093
v 0.048063973 0.014740845 0.030567776
v 0.085389593 0.014749594 0.042360036
v 0.047684405 0.014752910 0.014161864
v 0.047710928 0.014766849 0.028303780
v 0.085279270 0.014768340 0.005078977
v 0.085464577 0.014779553 0.042450685
v 0.050193801 0.014788833 0.036828749
v 0.048948585 0.014800677 0.033745941
v 0.047788771 0.014810217 0.014185587
v 0.050282914 0.014812711 0.005542410
v 0.047806332 0.014816650 0.028279818
v 0.049419342 0.014819652 0.007262420
v 0.048366892 0.014822014 0.010682918
v 0.085532806 0.014827173 0.042539105
v 0.048143869 0.014827925 0.030539947
v 0.085317367 0.014837553 0.004969679
v 0.047900829 0.014850099 0.014209911
v 0.047907862 0.014851989 0.028255359
v 0.082794306 0.014855157 0.045360754
v 0.085592561 0.014891278 0.042623115
v 0.048236189 0.014900763 0.030509792
v 0.048445881 0.014908846 0.010713877
v 0.048995806 0.014908905 0.033717724
v 0.050187782 0.014909435 0.036816173
v 0.085345114 0.014925067 0.004870892
v 0.050275354 0.014932895 0.005557808
v 0.049448856 0.014934727 0.007287422
v 0.048338688 0.014957567 0.030478054
v 0.085642386 0.014970306 0.042700648
v 0.048537233 0.014981425 0.010747424
v 0.051397141 0.014985969 0.039090420
v 0.048448817 0.014996937 0.030445515
v 0.051440350 0.014997549 0.004021279
v 0.049058667 0.015007372 0.033684687
v 0.085361675 0.015028228 0.004785619
v 0.050198976 0.015028554 0.036795557
v 0.048638710 0.015037954 0.010782732
v 0.049494962 0.015042652 0.007318500
v 0.050283991 0.015051336 0.005583047
v 0.085681071 0.015062293 0.042769793
v 0.048747808 0.015077046 0.010818930
v 0.051769583 0.015085764 0.039729317
v 0.049135619 0.015093661 0.033647641
v 0.051415810 0.015116269 0.004027726
v 0.049556506 0.015140767 0.007354884
v 0.050227087 0.015143253 0.036767408
v 0.085366525 0.015143896 0.004716448
v 0.085707640 0.015164982 0.042828851
v 0.050308640 0.015165105 0.005617507
v 0.049224763 0.015165644 0.033607502
v 0.051093889 0.015171701 0.026881724
v 0.051746096 0.015204770 0.039724309
v 0.051242665 0.015211568 0.027456580
v 0.049323892 0.015221553 0.033565254
v 0.049631986 0.015226665 0.007395686
v 0.084194696 0.015230387 0.004066147
v 0.051405399 0.015235694 0.004046907
v 0.050271450 0.015250710 0.036732420
v 0.049430598 0.015260001 0.033521942
v 0.085359522 0.015268561 0.004665484
v 0.050348688 0.015271408 0.005660340
v 0.085721429 0.015275846 0.042876363
v 0.049719527 0.015298222 0.007439892
v 0.051738830 0.015325035 0.039709410
v 0.051733656 0.015343123 0.029353606
v 0.050330957 0.015348282 0.036691455
v 0.051409411 0.015352887 0.004078353
v 0.049816990 0.015353673 0.007486420
v 0.052804550 0.015363081 0.002724590
v 0.051824241 0.015367400 0.026771383
v 0.050403152 0.015367628 0.005710489
v 0.051853863 0.015375336 0.027359448
v 0.051856620 0.015376076 0.029828760
v 0.049921976 0.015391665 0.007534124
v 0.085722141 0.015392157 0.042911159
v 0.085340915 0.015398432 0.004634272
v 0.050404136 0.015433561 0.036645520
v 0.051747971 0.015443604 0.039684985
v 0.050470677 0.015451393 0.005766724
v 0.088016330 0.015453426 0.039732888
v 0.051427724 0.015464961 0.004121287
v 0.052778863 0.015481495 0.002732125
v 0.088098704 0.015485360 0.039816157
v 0.050489190 0.015504451 0.036595748
v 0.085709732 0.015511043 0.042932386
v 0.050549619 0.015520637 0.005827656
v 0.085311216 0.015529561 0.004623760
v 0.088174122 0.015534910 0.039897376
v 0.052471382 0.015540801 0.027328489
v 0.088368012 0.015547656 0.007154914
v 0.088378624 0.015550805 0.007136919
v 0.052509152 0.015550925 0.032309568
v 0.052520090 0.015553849 0.032554726
v 0.052531369 0.015556874 0.032089416
v 0.051773301 0.015557560 0.039651637
v 0.050584052 0.015559206 0.036543363
v 0.088395774 0.015564965 0.007271819
v 0.052570828 0.015567444 0.032818146
v 0.051459886 0.015569152 0.004174655
v 0.053577475 0.015570186 0.042462384
v 0.052583486 0.015570837 0.031891959
v 0.050638005 0.015573668 0.005891786
v 0.052604246 0.015576403 0.032932356
v 0.088433003 0.015577243 0.007040514
v 0.088476351 0.015585729 0.007136960
v 0.088473191 0.015592987 0.007266753
v 0.052667642 0.015593390 0.031697253
v 0.052671360 0.015594386 0.031690218
v 0.050686341 0.015596481 0.036489657
v 0.088470789 0.015598503 0.007007674
v 0.052692135 0.015599947 0.033159180
v 0.052765044 0.015600009 0.002754547
v 0.088417960 0.015600246 0.007385846
v 0.088240724 0.015600850 0.039974545
v 0.088419246 0.015603274 0.007393418
v 0.050733702 0.015609166 0.005957536
v 0.088461401 0.015620080 0.007393385
v 0.052796633 0.015627954 0.031495238
v 0.088489938 0.015628632 0.006929591
v 0.085684510 0.015629581 0.042939522
v 0.052805789 0.015630402 0.033359599
v 0.088584118 0.015643125 0.007136960
v 0.088579842 0.015649799 0.007266753
v 0.052888364 0.015652529 0.026781728
v 0.088433979 0.015652638 0.007494186
v 0.088576604 0.015654869 0.007007674
v 0.052898605 0.015655275 0.027344141
v 0.088512340 0.015658293 0.006881992
v 0.051505125 0.015662898 0.004237139
v 0.051814186 0.015664087 0.039610185
v 0.052937120 0.015665590 0.033525028
v 0.053935121 0.015666019 0.042943465
v 0.088441322 0.015666232 0.007513282
v 0.052950195 0.015669102 0.031326025
v 0.050960382 0.015669908 0.026881724
v 0.088563946 0.015674699 0.007393385
v 0.088296870 0.015681566 0.040045763
v 0.088557563 0.015684692 0.006882548
v 0.053553492 0.015689061 0.042456638
v 0.053040455 0.015693283 0.032488496
v 0.053041555 0.015693577 0.032329944
v 0.053063276 0.015699398 0.032186066
v 0.088537098 0.015700274 0.006825516
v 0.053071735 0.015701664 0.032684008
v 0.053084454 0.015705072 0.033660786
v 0.088541467 0.015708996 0.006814983
v 0.051109165 0.015709774 0.027456580
v 0.053104533 0.015710448 0.031203942
v 0.053105710 0.015710766 0.032049579
v 0.053120056 0.015714616 0.032833229
v 0.052763463 0.015715704 0.002791301
v 0.088681504 0.015716769 0.007136960
v 0.088536850 0.015717118 0.007513282
v 0.088443445 0.015720844 0.007594173
v 0.088676237 0.015722687 0.007266753
v 0.053151134 0.015722939 0.031956762
v 0.088672239 0.015727184 0.007007674
v 0.053185745 0.015732212 0.032968256
v 0.053205885 0.015737611 0.031879064
v 0.053228256 0.015743606 0.033759287
v 0.051562308 0.015743893 0.004307200
v 0.088656607 0.015744776 0.007393385
v 0.088445010 0.015745156 0.007623324
v 0.053255833 0.015750992 0.033069869
v 0.088648753 0.015753638 0.006882548
v 0.088561328 0.015755427 0.006764314
v 0.053277414 0.015756779 0.031805071
v 0.053283611 0.015758433 0.031102949
v 0.051869634 0.015760571 0.039561652
v 0.053341058 0.015773828 0.033159377
v 0.088341163 0.015775064 0.040109277
v 0.088499327 0.015775862 0.007623057
v 0.054360145 0.015779902 0.001684191
v 0.088623190 0.015782400 0.007513282
v 0.053389875 0.015786912 0.031720302
v 0.088573025 0.015789980 0.006731449
v 0.053416057 0.015793922 0.033852400
v 0.088611648 0.015795383 0.006765116
v 0.053433409 0.015798570 0.033228836
v 0.088446125 0.015803187 0.007683344
v 0.088766094 0.015804821 0.007136960
v 0.053544770 0.015808939 0.042439546
v 0.088759958 0.015809833 0.007266753
v 0.051630026 0.015810139 0.004383118
v 0.088755326 0.015813648 0.007007674
v 0.053529773 0.015824396 0.031011810
v 0.053530377 0.015824559 0.033281161
v 0.088582816 0.015825473 0.006701174
v 0.052774153 0.015825733 0.002841485
v 0.053544119 0.015828238 0.031635062
v 0.088737122 0.015828556 0.007393385
v 0.088576883 0.015834509 0.007623057
v 0.088727935 0.015836074 0.006882548
v 0.051600156 0.015841334 0.029353606
v 0.051938282 0.015844633 0.039507232
v 0.053614270 0.015847039 0.033914958
v 0.088470867 0.015847387 0.007708419
v 0.053650429 0.015856725 0.033323818
v 0.051706652 0.015860006 0.004463019
v 0.088698174 0.015860455 0.007513282
v 0.051690741 0.015865610 0.026771383
v 0.053688975 0.015867051 0.031583777
v 0.053693468 0.015868252 0.031582636
v 0.088684742 0.015871463 0.006765116
v 0.051720363 0.015873547 0.027359448
v 0.051723136 0.015874286 0.029828760
v 0.088372535 0.015879046 0.040163522
v 0.053735313 0.015879469 0.030968961
v 0.088594715 0.015883187 0.006658221
v 0.053764997 0.015887420 0.033346167
v 0.051790235 0.015892265 0.004544938
v 0.088596636 0.015895035 0.006650246
v 0.088441927 0.015897637 0.007759502
v 0.054333141 0.015897963 0.001692600
v 0.053808035 0.015898958 0.033941837
v 0.088519033 0.015899621 0.007719605
v 0.088644260 0.015904629 0.007623057
v 0.088835764 0.015905082 0.007136960
v 0.088828916 0.015909075 0.007266753
v 0.088823741 0.015912108 0.007007674
v 0.053861981 0.015913409 0.031551208
v 0.052018409 0.015914203 0.039448264
v 0.088626924 0.015918812 0.006658694
v 0.053890084 0.015920938 0.033349658
v 0.088803415 0.015923967 0.007393385
v 0.053551556 0.015926868 0.042411527
v 0.052796834 0.015927387 0.002903860
v 0.088793175 0.015929943 0.006882548
v 0.053933618 0.015932604 0.030959432
v 0.088602043 0.015936679 0.006624260
v 0.053966633 0.015941451 0.026976209
v 0.088759943 0.015949340 0.007513282
v 0.053996766 0.015949526 0.031548100
v 0.054019013 0.015955483 0.033936100
v 0.088744946 0.015958093 0.006765116
v 0.054034521 0.015959643 0.033332857
v 0.088576867 0.015959825 0.007719605
v 0.052108080 0.015967567 0.039386203
v 0.088451269 0.015975902 0.007800201
v 0.054097127 0.015976417 0.030976094
v 0.054117965 0.015982002 0.033313159
v 0.054124471 0.015983745 0.031565794
v 0.088699754 0.015984473 0.007623057
v 0.088390212 0.015990945 0.040207165
v 0.088680420 0.015995756 0.006658694
v 0.054179671 0.015998533 0.027544936
v 0.088431004 0.016001875 0.007820773
v 0.052205064 0.016003417 0.039322574
v 0.088607217 0.016012236 0.006584378
v 0.088888810 0.016015064 0.007136960
v 0.054315433 0.016015435 0.001717620
v 0.054251836 0.016017868 0.031018530
v 0.088881420 0.016017930 0.007266753
v 0.052830980 0.016018162 0.002976894
v 0.054254516 0.016018588 0.031607948
v 0.054258947 0.016019777 0.033890181
v 0.088875812 0.016020106 0.007007674
v 0.054268552 0.016022349 0.033259746
v 0.088497932 0.016024491 0.007800201
v 0.088624507 0.016028379 0.007719605
v 0.088853875 0.016028620 0.007393385
v 0.088842828 0.016032911 0.006882548
v 0.088607728 0.016036486 0.006573380
v 0.052337897 0.016039007 0.027328489
v 0.053573617 0.016039956 0.042373274
v 0.088806963 0.016046835 0.007513282
v 0.052375668 0.016049132 0.032309568
v 0.054376505 0.016051274 0.031670791
v 0.052386575 0.016052060 0.032554726
v 0.088790773 0.016053121 0.006765116
v 0.052397869 0.016055081 0.032089416
v 0.054393965 0.016055952 0.033191203
v 0.054395421 0.016056347 0.031083405
v 0.088607759 0.016057753 0.006564404
v 0.054425430 0.016064384 0.033833092
v 0.052437329 0.016065655 0.032818146
v 0.052449986 0.016069044 0.031891959
v 0.088741972 0.016072061 0.007623057
v 0.052470762 0.016074613 0.032932356
v 0.054470932 0.016076581 0.031742101
v 0.088536385 0.016079823 0.007800201
v 0.088721119 0.016080160 0.006658694
v 0.054496046 0.016083312 0.033113290
v 0.088418300 0.016086291 0.007856522
v 0.052534158 0.016091601 0.031697253
v 0.052537876 0.016092592 0.031690218
v 0.054538309 0.016094633 0.031178519
v 0.090410368 0.016094905 0.036877348
v 0.052875723 0.016095819 0.003058786
v 0.054550270 0.016097837 0.031824804
v 0.052558636 0.016098158 0.033159180
v 0.088660775 0.016103580 0.007719605
v 0.088415094 0.016104866 0.007862909
v 0.054587715 0.016107868 0.033015689
v 0.088393760 0.016108011 0.040239130
v 0.054597073 0.016110374 0.033747803
v 0.054599737 0.016111090 0.027659281
v 0.088635816 0.016113267 0.006566290
v 0.088413591 0.016113325 0.007865649
v 0.054622279 0.016117129 0.031928485
v 0.055624665 0.016118728 0.045008149
v 0.054635634 0.016120711 0.025159881
v 0.088605389 0.016124255 0.006540170
v 0.054655495 0.016126033 0.031286650
v 0.052663133 0.016126157 0.031495238
v 0.052672305 0.016128613 0.033359599
v 0.090499466 0.016128644 0.036952593
v 0.054307501 0.016129426 0.001758635
v 0.054668556 0.016129531 0.032895830
v 0.088923855 0.016132017 0.007136960
v 0.088916108 0.016133686 0.007266753
v 0.054685752 0.016134140 0.032058639
v 0.088910252 0.016134953 0.007007674
v 0.088437837 0.016137335 0.007862572
v 0.088604444 0.016138036 0.006535847
v 0.088887246 0.016139911 0.007393385
v 0.088565635 0.016140507 0.007800201
v 0.088875642 0.016142409 0.006882548
v 0.054720487 0.016143447 0.032783076
v 0.053610474 0.016145403 0.042325722
v 0.054733113 0.016146828 0.032204846
v 0.054745073 0.016150031 0.033640552
v 0.088838026 0.016150511 0.007513282
v 0.052754880 0.016150740 0.026781728
v 0.054755546 0.016152839 0.032662162
v 0.052765121 0.016153482 0.027344141
v 0.088821061 0.016154175 0.006765116
v 0.054767414 0.016156019 0.032394801
v 0.054770574 0.016156867 0.032532283
v 0.052929962 0.016158451 0.003147520
v 0.054795083 0.016163432 0.031465725
v 0.052803605 0.016163800 0.033525028
v 0.088769905 0.016165198 0.007623057
v 0.052816711 0.016167305 0.031326025
v 0.088748014 0.016169916 0.006658694
v 0.054850299 0.016178228 0.031558139
v 0.090581453 0.016179947 0.037025985
v 0.088459278 0.016181802 0.007862572
v 0.088684757 0.016183549 0.007719605
v 0.054876481 0.016185242 0.031367212
v 0.054880060 0.016186199 0.033505476
v 0.088658575 0.016189192 0.006566290
v 0.052906956 0.016191493 0.032488496
v 0.052908056 0.016191787 0.032329944
v 0.054908365 0.016193782 0.033470303
v 0.052929776 0.016197605 0.032186066
v 0.054923656 0.016197888 0.031196608
v 0.052938235 0.016199875 0.032684008
v 0.088598386 0.016200378 0.006519156
v 0.052950955 0.016203279 0.033660786
v 0.052992366 0.016204515 0.003240911
v 0.088584985 0.016205049 0.007800201
v 0.052971033 0.016208659 0.031203942
v 0.052972210 0.016208976 0.032049579
v 0.052986572 0.016212823 0.032833229
v 0.054981986 0.016213512 0.031065139
v 0.055009191 0.016220801 0.033313751
v 0.053017650 0.016221150 0.031956762
v 0.055025148 0.016225077 0.027355678
v 0.088383055 0.016227362 0.040258628
v 0.088473454 0.016229090 0.007862572
v 0.088390119 0.016229252 0.007893025
v 0.053052261 0.016230422 0.032968256
v 0.053061417 0.016232874 0.003336659
v 0.055056552 0.016233493 0.030950568
v 0.053072401 0.016235821 0.031879064
v 0.056062733 0.016236108 0.000929786
v 0.054309484 0.016237127 0.001814635
v 0.055600125 0.016237456 0.045001719
v 0.055080860 0.016240004 0.033151199
v 0.053661212 0.016240620 0.042270047
v 0.053094772 0.016241817 0.033759287
v 0.088386308 0.016245977 0.007895459
v 0.090654283 0.016247561 0.037095717
v 0.053122334 0.016249199 0.033069869
v 0.088940075 0.016253034 0.007136960
v 0.088932190 0.016253463 0.007266753
v 0.055131629 0.016253611 0.032955887
v 0.088926178 0.016253789 0.007007674
v 0.053143930 0.016254986 0.031805071
v 0.088902676 0.016255067 0.007393385
v 0.088890840 0.016255710 0.006882548
v 0.053150112 0.016256643 0.031102949
v 0.088852418 0.016257794 0.007513282
v 0.055148097 0.016258026 0.030850663
v 0.088835082 0.016258735 0.006765116
v 0.055157145 0.016260451 0.032743779
v 0.088782810 0.016261570 0.007623057
v 0.088760470 0.016262786 0.006658694
v 0.088695850 0.016266295 0.007719605
v 0.088669110 0.016267748 0.006566290
v 0.088588409 0.016268600 0.006506125
v 0.055190904 0.016269494 0.025005848
v 0.088593940 0.016271830 0.007800201
v 0.053207558 0.016272035 0.033159377
v 0.055203716 0.016272926 0.031880989
v 0.055205002 0.016273275 0.031772174
v 0.055219116 0.016277055 0.031675747
v 0.088480007 0.016278011 0.007862572
v 0.055230766 0.016280177 0.027459305
v 0.055232625 0.016280676 0.032064162
v 0.088378004 0.016280998 0.007899342
v 0.055237505 0.016281981 0.032084181
v 0.055248412 0.016284902 0.031583411
v 0.053256375 0.016285115 0.031720302
v 0.055255833 0.016286893 0.030765522
v 0.053282542 0.016292133 0.033852400
v 0.055276066 0.016292315 0.032205054
v 0.055290800 0.016296258 0.031498899
v 0.053299894 0.016296781 0.033228836
v 0.055293960 0.016297110 0.032916470
v 0.055330383 0.016306866 0.032321677
v 0.055344001 0.016310515 0.031424886
v 0.088369530 0.016314919 0.007901548
v 0.055380192 0.016320213 0.030696952
v 0.055384840 0.016321457 0.032403341
v 0.053396273 0.016322603 0.031011810
v 0.053396893 0.016322770 0.033281161
v 0.053724546 0.016323261 0.042207620
v 0.053410620 0.016326445 0.031635062
v 0.088478799 0.016327367 0.007862572
v 0.055411239 0.016328533 0.031356935
v 0.090716176 0.016329815 0.037160073
v 0.055424532 0.016332092 0.033035591
v 0.054321367 0.016335884 0.001884239
v 0.088575054 0.016336748 0.006498450
v 0.088592282 0.016339184 0.007800201
v 0.055457206 0.016340845 0.032480497
v 0.053480785 0.016345249 0.033914958
v 0.088358406 0.016346059 0.040265183
v 0.088361179 0.016346795 0.007902226
v 0.088667142 0.016346981 0.006566290
v 0.055485402 0.016348406 0.028004799
v 0.055490065 0.016349649 0.031298216
v 0.088693774 0.016349754 0.007719605
v 0.056034289 0.016353786 0.000938827
v 0.053516930 0.016354936 0.033323818
v 0.055515055 0.016356350 0.032525615
v 0.088758146 0.016356458 0.006658694
v 0.055589760 0.016356892 0.044982584
v 0.088780409 0.016358778 0.007623057
v 0.055537813 0.016362446 0.030639618
v 0.088832464 0.016364197 0.006765116
v 0.055545715 0.016364565 0.033113782
v 0.053555475 0.016365262 0.031583777
v 0.088849738 0.016365998 0.007513282
v 0.053559968 0.016366462 0.031582636
v 0.088888005 0.016369983 0.006882548
v 0.088899810 0.016371215 0.007393385
v 0.055572641 0.016371776 0.031254637
v 0.088923204 0.016373651 0.007007674
v 0.088929184 0.016374275 0.007266753
v 0.088937054 0.016375096 0.007136960
v 0.088469829 0.016375909 0.007862572
v 0.053601814 0.016377679 0.030968961
v 0.088477978 0.016378094 0.007858779
v 0.055608955 0.016381510 0.032577288
v 0.055616981 0.016383659 0.033147310
v 0.053631497 0.016385631 0.033346167
v 0.053798941 0.016391293 0.042139977
v 0.053674551 0.016397165 0.033941837
v 0.088559593 0.016399961 0.006496117
v 0.055683986 0.016401615 0.031215196
v 0.055696210 0.016404888 0.032608024
v 0.088580028 0.016405438 0.007800201
v 0.088586225 0.016407100 0.007795913
v 0.053728481 0.016411619 0.031551208
v 0.055734786 0.016415222 0.030602116
v 0.053756584 0.016419149 0.033349658
v 0.055750124 0.016419335 0.033189847
v 0.054342839 0.016423262 0.001965736
v 0.090765598 0.016424695 0.037217465
v 0.088652734 0.016424920 0.006566290
v 0.088659520 0.016426736 0.006572344
v 0.055791969 0.016430548 0.032624855
v 0.053800119 0.016430811 0.030959432
v 0.088678591 0.016431849 0.007719605
v 0.088682945 0.016433011 0.007715368
v 0.055805649 0.016434212 0.031194087
v 0.053833118 0.016439657 0.026976209
v 0.053882570 0.016443042 0.042068783
v 0.053863282 0.016447737 0.031548100
v 0.088741119 0.016448596 0.006658694
v 0.088745860 0.016449871 0.006664641
v 0.055877860 0.016453566 0.032626046
v 0.053885498 0.016453693 0.033936100
v 0.088762732 0.016454391 0.007623057
v 0.088765427 0.016455115 0.007619362
v 0.055887806 0.016456227 0.031194024
v 0.055889185 0.016456598 0.033207927
v 0.053901037 0.016457853 0.033332857
v 0.055904755 0.016460770 0.030599081
v 0.088813299 0.016467943 0.006765116
v 0.088816274 0.016468741 0.006770463
v 0.055934826 0.016468826 0.027880129
v 0.056012351 0.016470119 0.000965730
v 0.056941194 0.016471494 0.046416870
v 0.088830062 0.016472436 0.007513282
v 0.088831441 0.016472800 0.007510544
v 0.055593835 0.016474101 0.044951219
v 0.053963643 0.016474628 0.030976094
v 0.053973341 0.016477231 0.041995794
v 0.053984480 0.016480209 0.033313159
v 0.053990987 0.016481956 0.031565794
v 0.088867229 0.016482393 0.006882548
v 0.088868794 0.016482808 0.006886888
v 0.055989391 0.016483447 0.032607909
v 0.055989469 0.016483466 0.031211416
v 0.088878678 0.016485461 0.007393385
v 0.088879143 0.016485585 0.007391917
v 0.056015032 0.016490322 0.032602072
v 0.088901406 0.016491550 0.007007674
v 0.088901964 0.016491701 0.007010707
v 0.056025102 0.016493014 0.033203516
v 0.088907215 0.016493110 0.007266753
v 0.088914869 0.016495159 0.007136960
v 0.088914900 0.016495167 0.007138503
v 0.054046156 0.016496740 0.027544936
v 0.054373406 0.016497123 0.002057119
v 0.056081805 0.016508212 0.030626192
v 0.056087800 0.016509815 0.031246729
v 0.054118352 0.016516078 0.031018530
v 0.054121017 0.016516799 0.031607948
v 0.054125463 0.016517984 0.033890181
v 0.054135053 0.016520556 0.033259746
v 0.056128391 0.016520691 0.032559858
v 0.090801370 0.016529847 0.037266483
v 0.056167587 0.016531199 0.031290638
v 0.056178571 0.016534139 0.033172837
v 0.056208178 0.016542071 0.032515768
v 0.054243005 0.016549484 0.031670791
v 0.056239070 0.016550352 0.031346172
v 0.056246150 0.016552246 0.030682516
v 0.054260465 0.016554159 0.033191203
v 0.054261937 0.016554558 0.031083405
v 0.054412262 0.016555631 0.002156136
v 0.056284091 0.016562413 0.032456083
v 0.054291946 0.016562595 0.033833092
v 0.056309468 0.016569210 0.031421368
v 0.089198058 0.016571038 0.039320999
v 0.054337432 0.016574787 0.031742101
v 0.056351546 0.016580485 0.032382597
v 0.056353684 0.016581062 0.033109782
v 0.054362561 0.016581519 0.033113290
v 0.055997432 0.016582239 0.001009836
v 0.056365334 0.016584180 0.031503849
v 0.055612240 0.016586202 0.044908394
v 0.056392059 0.016591345 0.029416838
v 0.054404825 0.016592840 0.031178519
v 0.056406886 0.016595315 0.030768968
v 0.056408915 0.016595861 0.032296856
v 0.054416770 0.016596047 0.031824804
v 0.054458492 0.016597360 0.002260351
v 0.056418211 0.016598348 0.031617303
v 0.056446965 0.016606059 0.032218515
v 0.054454200 0.016606079 0.033015689
v 0.054463573 0.016608584 0.033747803
v 0.056457717 0.016608933 0.031739920
v 0.054466238 0.016609301 0.027659281
v 0.056465850 0.016611114 0.031773851
v 0.056473674 0.016613209 0.032129236
v 0.054488780 0.016615339 0.031928485
v 0.056487865 0.016617016 0.031917819
v 0.056488036 0.016617059 0.032031032
v 0.054502150 0.016618918 0.025159881
v 0.054510934 0.016621273 0.002367197
v 0.054521996 0.016624240 0.031286650
v 0.056515055 0.016624298 0.029891992
v 0.056518974 0.016625347 0.033015304
v 0.054535071 0.016627741 0.032895830
v 0.054552253 0.016632350 0.032058639
v 0.056548286 0.016633202 0.030875870
v 0.054587003 0.016641653 0.032783076
v 0.090822564 0.016642691 0.037305921
v 0.054599629 0.016645039 0.032204846
v 0.054611574 0.016648242 0.033640552
v 0.054622047 0.016651050 0.032662162
v 0.054633914 0.016654226 0.032394801
v 0.054637090 0.016655078 0.032532283
v 0.056642264 0.016658382 0.032915165
v 0.054661599 0.016661643 0.031465725
v 0.056668400 0.016665388 0.031001080
v 0.092553241 0.016669087 0.033815427
v 0.054716799 0.016676434 0.031558139
v 0.054742982 0.016683452 0.031367212
v 0.054746545 0.016684409 0.033505476
v 0.055989887 0.016687391 0.001070050
v 0.055644526 0.016690424 0.044855159
v 0.054774866 0.016691993 0.033470303
v 0.056774788 0.016693894 0.032762935
v 0.054790172 0.016696094 0.031196608
v 0.056790528 0.016698112 0.031177440
v 0.092648365 0.016704437 0.033882066
v 0.054848502 0.016711722 0.031065139
v 0.057863684 0.016718675 0.000482910
v 0.054875691 0.016719012 0.033313751
v 0.056875381 0.016720848 0.032600269
v 0.056883205 0.016722939 0.031371324
v 0.054891664 0.016723288 0.027355678
v 0.057893136 0.016726564 0.047344239
v 0.054923052 0.016731704 0.030950568
v 0.054947345 0.016738215 0.033151199
v 0.056948320 0.016740388 0.032429384
v 0.056955586 0.016742340 0.031594106
v 0.054998145 0.016751817 0.032955887
v 0.056994504 0.016752770 0.032246567
v 0.057001352 0.016754606 0.031829896
v 0.055014613 0.016756233 0.030850663
v 0.092736223 0.016757317 0.033947065
v 0.057013203 0.016757782 0.032049486
v 0.055023661 0.016758657 0.032743779
v 0.090828683 0.016760451 0.037334805
v 0.055057419 0.016767701 0.025005848
v 0.055070216 0.016771137 0.031880989
v 0.055071518 0.016771481 0.031772174
v 0.055085631 0.016775265 0.031675747
v 0.055097282 0.016778387 0.027459305
v 0.055099125 0.016778883 0.032064162
v 0.055104021 0.016780192 0.032084181
v 0.055989934 0.016782973 0.001144898
v 0.055114912 0.016783112 0.031583411
v 0.055689904 0.016784208 0.044792835
v 0.055122349 0.016785103 0.030765522
v 0.055142582 0.016790526 0.032205054
v 0.055157300 0.016794468 0.031498899
v 0.055160461 0.016795317 0.032916470
v 0.055196884 0.016805073 0.032321677
v 0.055210517 0.016808725 0.031424886
v 0.055246708 0.016818424 0.030696952
v 0.055251340 0.016819667 0.032403341
v 0.092814631 0.016826426 0.034008824
v 0.055277755 0.016826739 0.031356935
v 0.055291048 0.016830303 0.033035591
v 0.057833737 0.016835946 0.000492325
v 0.058308600 0.016837890 0.022138002
v 0.055323690 0.016839056 0.032480497
v 0.057867991 0.016845125 0.047337180
v 0.055351918 0.016846613 0.028004799
v 0.058342793 0.016847050 0.019580463
v 0.055356550 0.016847860 0.031298216
v 0.057830608 0.016848898 0.000494529
v 0.055381555 0.016854556 0.032525615
v 0.055404314 0.016860653 0.030639618
v 0.058393624 0.016860668 0.023414349
v 0.055412215 0.016862775 0.033113782
v 0.055747242 0.016865246 0.044722949
v 0.055997571 0.016866648 0.001232534
v 0.055439157 0.016869987 0.031254637
v 0.055475456 0.016879720 0.032577288
v 0.058465959 0.016880049 0.018716259
v 0.090819574 0.016880224 0.037352424
v 0.055483481 0.016881870 0.033147310
v 0.055550486 0.016899822 0.031215196
v 0.058546443 0.016901615 0.024683907
v 0.055562710 0.016903099 0.032608024
v 0.092881668 0.016910066 0.034065819
v 0.055601271 0.016913432 0.030602116
v 0.055616624 0.016917545 0.033189847
v 0.055658485 0.016928758 0.032624855
v 0.055815146 0.016931535 0.044647224
v 0.055672150 0.016932418 0.031194087
v 0.056012584 0.016936342 0.001330798
v 0.058716489 0.016947183 0.017882098
v 0.055744376 0.016951768 0.032626046
v 0.055754307 0.016954437 0.031194024
v 0.055755686 0.016954809 0.033207927
v 0.055771256 0.016958980 0.030599081
v 0.057855814 0.016964077 0.047316170
v 0.058262494 0.016964620 0.022138487
v 0.055801327 0.016967036 0.027880129
v 0.058296702 0.016973787 0.019579653
v 0.057801946 0.016976080 0.000529039
v 0.055891928 0.016981452 0.044567524
v 0.055855907 0.016981658 0.032607909
v 0.055855969 0.016981677 0.031211416
v 0.055881547 0.016988529 0.032602072
v 0.056034630 0.016990341 0.001437272
v 0.055891602 0.016991224 0.033203516
v 0.090795452 0.016999056 0.037358346
v 0.092935721 0.017006167 0.034116649
v 0.055948321 0.017006419 0.030626192
v 0.058420116 0.017006852 0.018713648
v 0.055954301 0.017008026 0.031246729
v 0.055975696 0.017013758 0.044485812
v 0.055994891 0.017018898 0.032559858
v 0.056063136 0.017027326 0.001549336
v 0.058500445 0.017028379 0.024685682
v 0.056034103 0.017029406 0.031290638
v 0.056045087 0.017032345 0.033172837
v 0.059053422 0.017037462 0.027187260
v 0.056074678 0.017040278 0.032515768
v 0.056097437 0.017046374 0.001664229
v 0.059088420 0.017046843 0.017097983
v 0.056105570 0.017048558 0.031346172
v 0.056112650 0.017050456 0.030682516
v 0.056150592 0.017060619 0.032456083
v 0.056175969 0.017067421 0.031421368
v 0.058671173 0.017074125 0.017877750
v 0.056218046 0.017078695 0.032382597
v 0.056220200 0.017079269 0.033109782
v 0.057856899 0.017080489 0.047281734
v 0.058195086 0.017081418 0.022139928
v 0.056231835 0.017082386 0.031503849
v 0.056258575 0.017089556 0.029416838
v 0.058229356 0.017090601 0.019577248
v 0.056273386 0.017093522 0.030768968
v 0.056275431 0.017094072 0.032296856
v 0.057778584 0.017096357 0.000585387
v 0.056284711 0.017096554 0.031617303
v 0.056313481 0.017104266 0.032218515
v 0.056324202 0.017107144 0.031739920
v 0.056332366 0.017109324 0.031773851
v 0.056340190 0.017111420 0.032129236
v 0.092975382 0.017112372 0.034160061
v 0.056354381 0.017115223 0.031917819
v 0.056354536 0.017115266 0.032031032
v 0.056381555 0.017122505 0.029891992
v 0.056385475 0.017123558 0.033015304
v 0.058353529 0.017123872 0.018705896
v 0.056414802 0.017131413 0.030875870
v 0.058433393 0.017145275 0.024690951
v 0.056508765 0.017156588 0.032915165
v 0.056534916 0.017163599 0.031001080
v 0.057767398 0.017163672 0.000628993
v 0.059007672 0.017164296 0.027190302
v 0.094426046 0.017170965 0.030561473
v 0.094428448 0.017171554 0.030570723
v 0.094395727 0.017172646 0.030453818
v 0.059043878 0.017173994 0.017092001
v 0.094387903 0.017175377 0.030428243
v 0.059572842 0.017176639 0.016382715
v 0.058108436 0.017184742 0.022142281
v 0.094489473 0.017190691 0.030561478
v 0.094359986 0.017191307 0.030342973
v 0.057871245 0.017191493 0.047234714
v 0.058606135 0.017191563 0.017864836
v 0.056641304 0.017192105 0.032762935
v 0.094358886 0.017192113 0.030339790
v 0.058142799 0.017193945 0.019573320
v 0.056657044 0.017196323 0.031177440
v 0.094485011 0.017203085 0.030428290
v 0.094357290 0.017205932 0.030299365
v 0.057761201 0.017206068 0.000661865
v 0.094528855 0.017208314 0.030628245
v 0.056741882 0.017219054 0.032600269
v 0.056749705 0.017221150 0.031371324
v 0.092999737 0.017226065 0.034194988
v 0.058268211 0.017227552 0.018693237
v 0.094318822 0.017229477 0.030231450
v 0.094472880 0.017236902 0.030299365
v 0.056814805 0.017238598 0.032429384
v 0.056822087 0.017240546 0.031594106
v 0.094605745 0.017243622 0.030561478
v 0.059823388 0.017243773 0.029617660
v 0.058347332 0.017248754 0.024699555
v 0.094602429 0.017249381 0.030672377
v 0.056861020 0.017250973 0.032246567
v 0.056867867 0.017252813 0.031829896
v 0.094599315 0.017255117 0.030428290
v 0.094297086 0.017255632 0.030178352
v 0.057754942 0.017255907 0.000706946
v 0.056879719 0.017255985 0.032049486
v 0.094621841 0.017262573 0.030684350
v 0.094347034 0.017262616 0.030178560
v 0.058005194 0.017271446 0.022145473
v 0.058039665 0.017280676 0.019567989
v 0.058941395 0.017281393 0.027199336
v 0.094276512 0.017283813 0.030131463
v 0.094581809 0.017286470 0.030299365
v 0.094453422 0.017291126 0.030178560
v 0.058981149 0.017292044 0.017074235
v 0.057898465 0.017294364 0.047176268
v 0.058523359 0.017295917 0.017843750
v 0.057750356 0.017301882 0.000756147
v 0.059529292 0.017304058 0.016375242
v 0.058166766 0.017314737 0.018676056
v 0.094711745 0.017314973 0.030561478
v 0.094705501 0.017322766 0.030694942
v 0.094703518 0.017325252 0.030428290
v 0.094246859 0.017330039 0.030069214
v 0.094705130 0.017332987 0.030737657
v 0.060158090 0.017333459 0.015753444
v 0.057747924 0.017335652 0.000798217
v 0.058244895 0.017335671 0.024711232
v 0.094553674 0.017336755 0.030178560
v 0.057888488 0.017338897 0.022149409
v 0.094333230 0.017338936 0.030069490
v 0.093008165 0.017344444 0.034220569
v 0.094236417 0.017347860 0.030048745
v 0.057923098 0.017348166 0.019561417
v 0.094681070 0.017353294 0.030299365
v 0.094233040 0.017353786 0.030042293
v 0.094427239 0.017364131 0.030069490
v 0.059778041 0.017370711 0.029621933
v 0.060304200 0.017372605 0.030796234
v 0.057746343 0.017380890 0.000865365
v 0.058052260 0.017382784 0.018654876
v 0.058425353 0.017384023 0.017815132
v 0.057761852 0.017385046 0.022153969
v 0.057361678 0.017385131 0.022169936
v 0.058856589 0.017385208 0.027214087
v 0.057937909 0.017386556 0.047107837
v 0.060362979 0.017388357 0.049450117
v 0.057796617 0.017394361 0.019553804
v 0.057397032 0.017394597 0.019527145
v 0.092279192 0.017396626 0.035302286
v 0.058902121 0.017397409 0.017045227
v 0.094645065 0.017398265 0.030178560
v 0.094804546 0.017402800 0.030561478
v 0.058129150 0.017403381 0.024725628
v 0.094515841 0.017404454 0.030069490
v 0.057629142 0.017408490 0.022159014
v 0.057494388 0.017408517 0.022164390
v 0.094797109 0.017409454 0.030694942
v 0.094794739 0.017411581 0.030428290
v 0.094776690 0.017417832 0.030786854
v 0.057664093 0.017417855 0.019545381
v 0.057529525 0.017417937 0.019536404
v 0.059469568 0.017422913 0.016353052
v 0.094780919 0.017423847 0.030789904
v 0.094235023 0.017424757 0.029975421
v 0.057928211 0.017429622 0.018630340
v 0.057537070 0.017432124 0.018544421
v 0.094316250 0.017432616 0.029975421
v 0.094767968 0.017435548 0.030299365
v 0.094189428 0.017437678 0.029966134
v 0.057749318 0.017440691 0.000986204
v 0.058003660 0.017449836 0.024742306
v 0.057607452 0.017450982 0.024800704
v 0.058315092 0.017453205 0.017779851
v 0.094395092 0.017453740 0.029975421
v 0.057798352 0.017453829 0.018603193
v 0.057666634 0.017454673 0.018574260
v 0.094596589 0.017458814 0.030069490
v 0.060115779 0.017461207 0.015744660
v 0.093000465 0.017464596 0.034236174
v 0.057988601 0.017465812 0.047031106
v 0.058755840 0.017472575 0.027234108
v 0.057872190 0.017473617 0.024760757
v 0.094725069 0.017473977 0.030178560
v 0.057738768 0.017474000 0.024780422
v 0.057759171 0.017479469 0.001114994
v 0.058809228 0.017486882 0.017005857
v 0.094469379 0.017487549 0.029975421
v 0.059712910 0.017488122 0.029634622
v 0.094165275 0.017490186 0.029929748
v 0.057775593 0.017496038 0.001247821
v 0.094827599 0.017500973 0.030825041
v 0.058195938 0.017501360 0.017738980
v 0.094881621 0.017504695 0.030561478
v 0.060337169 0.017506740 0.049442491
v 0.057821963 0.017508464 0.017595861
v 0.094873193 0.017510040 0.030694942
v 0.094870497 0.017511748 0.030428290
v 0.060830174 0.017513541 0.015225260
v 0.094834741 0.017515009 0.030830729
v 0.060846999 0.017518050 0.031945591
v 0.094667266 0.017525718 0.030069490
v 0.058071502 0.017527024 0.017693760
v 0.094845461 0.017527620 0.030824690
v 0.057945578 0.017529413 0.017645566
v 0.059395436 0.017529588 0.016316817
v 0.094841836 0.017529735 0.030836485
v 0.058049301 0.017530173 0.046947966
v 0.094840163 0.017530978 0.030299365
v 0.094537082 0.017533124 0.029975421
v 0.094146777 0.017533410 0.029904862
v 0.094233504 0.017534735 0.029899165
v 0.094170202 0.017539100 0.029899165
v 0.058642171 0.017540843 0.027258789
v 0.094296652 0.017540843 0.029899165
v 0.094141850 0.017545398 0.029898682
v 0.094357941 0.017557265 0.029899165
v 0.058705257 0.017557749 0.016957323
v 0.094791516 0.017561820 0.030178560
v 0.058118506 0.017578060 0.046860461
v 0.060059665 0.017581031 0.015718577
v 0.094415697 0.017583552 0.029899165
v 0.092976839 0.017583560 0.034241420
v 0.058519083 0.017587944 0.027287381
v 0.094596356 0.017589223 0.029975421
v 0.094124220 0.017589993 0.029878189
v 0.058131334 0.017591357 0.027387502
v 0.059629994 0.017592441 0.029655341
v 0.094725998 0.017603344 0.030069490
v 0.058593370 0.017607852 0.016901097
v 0.058194513 0.017608282 0.046770748
v 0.058390293 0.017612442 0.027319015
v 0.058259721 0.017613588 0.027352730
v 0.094940880 0.017617895 0.030561478
v 0.094468325 0.017618984 0.029899165
v 0.059309158 0.017620843 0.016267640
v 0.094931693 0.017621780 0.030694942
v 0.058244910 0.017621792 0.016704211
v 0.094877856 0.017622140 0.030868202
v 0.094928750 0.017623020 0.030428290
v 0.060323008 0.017625158 0.049419792
v 0.094901436 0.017634554 0.030824690
v 0.058477005 0.017635677 0.016838889
v 0.094895657 0.017636994 0.030299365
v 0.094106124 0.017638640 0.029859986
v 0.058359648 0.017640371 0.016772589
v 0.060789273 0.017641669 0.015215376
v 0.060802178 0.017645124 0.031951043
v 0.094645592 0.017654311 0.029975421
v 0.094231831 0.017656205 0.029843006
v 0.094188560 0.017659195 0.029843006
v 0.094842595 0.017659408 0.030178560
v 0.094275024 0.017660388 0.029843006
v 0.094097696 0.017662402 0.029852551
v 0.094514416 0.017662595 0.029899165
v 0.094146343 0.017669265 0.029843006
v 0.094316916 0.017671616 0.029843006
v 0.059531786 0.017680497 0.029683461
v 0.094106388 0.017686144 0.029843006
v 0.059991436 0.017689289 0.015675985
v 0.094771128 0.017689583 0.030069490
v 0.094356407 0.017689587 0.029843006
v 0.059213383 0.017693902 0.016207014
v 0.094082839 0.017706110 0.029841216
v 0.061560432 0.017709213 0.000072823
v 0.061572966 0.017712574 0.014810826
v 0.094552698 0.017713194 0.029899165
v 0.094392396 0.017713814 0.029843006
v 0.094079508 0.017716293 0.029838995
v 0.094683440 0.017726619 0.029975421
v 0.094904968 0.017736569 0.030898349
v 0.094980712 0.017739303 0.030561478
v 0.060320839 0.017740701 0.049382585
v 0.094970998 0.017741619 0.030694942
v 0.094967884 0.017742359 0.030428290
v 0.094423908 0.017743637 0.029843006
v 0.059110992 0.017746550 0.016136782
v 0.094939052 0.017749242 0.030824690
v 0.059421309 0.017749617 0.029718128
v 0.094932964 0.017750698 0.030299365
v 0.094068508 0.017750768 0.029832610
v 0.094907928 0.017756515 0.030902682
v 0.060737311 0.017762604 0.015186025
v 0.060738581 0.017762945 0.031967233
v 0.094876911 0.017764068 0.030178560
v 0.058795749 0.017769386 0.015890848
v 0.094582118 0.017769409 0.029899165
v 0.059005116 0.017777182 0.016059077
v 0.094450091 0.017778232 0.029843006
v 0.094801463 0.017782070 0.030069490
v 0.059913214 0.017782694 0.015618179
v 0.058898961 0.017784875 0.015976261
v 0.094230049 0.017785541 0.029808623
v 0.094208066 0.017787059 0.029808623
v 0.094251972 0.017787663 0.029808623
v 0.094186670 0.017792168 0.029808623
v 0.094273243 0.017793364 0.029808623
v 0.059301892 0.017797698 0.029758288
v 0.094054054 0.017798462 0.029826583
v 0.094166375 0.017800735 0.029808623
v 0.094293275 0.017802486 0.029808623
v 0.094708879 0.017804171 0.029975421
v 0.058926956 0.017804546 0.029898915
v 0.061934532 0.017809457 0.050464461
v 0.094147768 0.017812525 0.029808623
v 0.094311540 0.017814783 0.029808623
v 0.094470200 0.017816669 0.029843006
v 0.059177146 0.017823277 0.029802720
v 0.059050881 0.017825585 0.029850075
v 0.094131362 0.017827216 0.029808623
v 0.094601887 0.017829695 0.029899165
v 0.094327544 0.017829919 0.029808623
v 0.094043922 0.017833730 0.029824154
v 0.061526379 0.017839176 0.000084555
v 0.061533599 0.017841113 0.014800079
v 0.094117604 0.017844405 0.029808623
v 0.094340837 0.017847480 0.029808623
v 0.060330755 0.017850517 0.049331784
v 0.094915426 0.017855490 0.030920430
v 0.062111813 0.017856954 0.034142783
v 0.094483710 0.017857895 0.029843006
v 0.059827323 0.017858402 0.015546916
v 0.094106852 0.017863627 0.029808623
v 0.095000000 0.017865606 0.030561478
v 0.094990038 0.017866296 0.030694942
v 0.094986862 0.017866513 0.030428290
v 0.094351047 0.017866989 0.029808623
v 0.094034796 0.017867036 0.029823410
v 0.060658175 0.017867938 0.031993669
v 0.094957287 0.017868558 0.030824690
v 0.094951028 0.017868988 0.030299365
v 0.060675883 0.017872683 0.015138096
v 0.094893550 0.017872950 0.030178560
v 0.094816165 0.017878291 0.030069490
v 0.094099416 0.017884356 0.029808623
v 0.094721195 0.017884848 0.029975421
v 0.094357894 0.017887916 0.029808623
v 0.094611477 0.017892420 0.029899165
v 0.094156940 0.017899764 0.029800575
v 0.094490263 0.017900782 0.029843006
v 0.094361225 0.017909687 0.029808623
v 0.059736397 0.017914121 0.015464362
v 0.094228206 0.017918866 0.029797048
v 0.062368665 0.017925776 0.014520083
v 0.061907404 0.017927484 0.050455981
v 0.094360931 0.017931702 0.029808623
v 0.094281036 0.017933018 0.029798983
v 0.094489674 0.017944162 0.029843006
v 0.059461280 0.017947713 0.015175278
v 0.059643194 0.017948155 0.015373023
v 0.060352460 0.017951908 0.049268639
v 0.094357011 0.017953372 0.029808623
v 0.094610594 0.017955862 0.029899165
v 0.060563376 0.017956908 0.032029547
v 0.059550533 0.017959464 0.015275676
v 0.061486238 0.017963283 0.014768164
v 0.061494774 0.017965565 0.000119390
v 0.094403690 0.017965882 0.029818680
v 0.094720064 0.017966451 0.029975421
v 0.060606848 0.017968555 0.015073048
v 0.094814833 0.017975619 0.030069490
v 0.094908966 0.017975972 0.030933900
v 0.094892032 0.017983091 0.030178560
v 0.062067613 0.017984202 0.034149349
v 0.094907835 0.017984593 0.030934525
v 0.094949370 0.017988637 0.030299365
v 0.094955614 0.017989245 0.030824690
v 0.094985127 0.017992096 0.030428290
v 0.094988303 0.017992405 0.030694942
v 0.094998234 0.017993366 0.030561478
v 0.062635834 0.017997367 0.034827460
v 0.094521512 0.017997452 0.029859120
v 0.094599284 0.018018294 0.029899165
v 0.094631230 0.018026849 0.029919190
v 0.060457097 0.018027155 0.032073778
v 0.062798646 0.018040990 0.000010994
v 0.060385459 0.018042377 0.049194706
v 0.061889309 0.018044852 0.050430749
v 0.060532329 0.018047311 0.014992856
v 0.094729825 0.018053272 0.029997231
v 0.062330940 0.018054759 0.014508729
v 0.094797481 0.018071402 0.030069490
v 0.061432308 0.018075368 0.014716048
v 0.094814600 0.018075984 0.030091093
v 0.060342560 0.018076542 0.032125018
v 0.061466593 0.018084551 0.000176273
v 0.059984697 0.018087964 0.032304444
v 0.094883186 0.018094362 0.030198184
v 0.094885727 0.018095044 0.030938427
v 0.062005937 0.018102534 0.034168842
v 0.060223190 0.018103569 0.032181709
v 0.094928052 0.018106384 0.030299365
v 0.060454556 0.018106555 0.014899959
v 0.060102688 0.018107415 0.032242131
v 0.094933707 0.018107899 0.030315551
v 0.094934126 0.018108011 0.030824690
v 0.094935458 0.018108367 0.030820690
v 0.094964770 0.018116226 0.030439957
v 0.094965653 0.018116458 0.030696059
v 0.094975475 0.018119092 0.030561478
v 0.094975522 0.018119104 0.030567970
v 0.060428916 0.018119689 0.049111807
v 0.062592750 0.018124906 0.034835451
v 0.060375931 0.018144488 0.014797177
v 0.060225529 0.018152494 0.014574657
v 0.061880726 0.018158668 0.050389390
v 0.060298793 0.018159958 0.014687633
v 0.063255693 0.018163455 0.035420172
v 0.061373468 0.018173971 0.014645318
v 0.062288506 0.018178251 0.014475014
v 0.060481761 0.018181953 0.049021979
v 0.061442688 0.018192515 0.000253472
v 0.061928629 0.018208357 0.034200673
v 0.060542709 0.018227625 0.048927440
v 0.062534296 0.018244106 0.034859182
v 0.060610256 0.018255582 0.048830510
v 0.061311497 0.018256089 0.014558121
v 0.061881841 0.018266132 0.050332917
v 0.063648631 0.018268743 0.051190399
v 0.061423803 0.018286180 0.000348645
v 0.063213863 0.018291343 0.035429397
v 0.062242617 0.018292493 0.014419961
v 0.061838059 0.018298458 0.034243874
v 0.061248272 0.018319233 0.014457107
v 0.063956484 0.018351237 0.035906708
v 0.062462302 0.018351349 0.034897929
v 0.061185728 0.018361478 0.014345347
v 0.061410464 0.018362694 0.000458898
v 0.061892640 0.018364599 0.050262724
v 0.061736970 0.018370095 0.034297133
v 0.061070185 0.018378822 0.014103387
v 0.061125757 0.018381544 0.014226233
v 0.063620047 0.018386386 0.051181309
v 0.062194683 0.018394016 0.014345244
v 0.063159267 0.018411569 0.035456795
v 0.061403136 0.018419730 0.000580883
v 0.061628445 0.018421097 0.034358830
v 0.061291651 0.018438166 0.034574876
v 0.062378905 0.018443375 0.034950518
v 0.061515751 0.018449905 0.034427091
v 0.061912842 0.018451641 0.050180542
v 0.061402005 0.018455560 0.000710889
v 0.061402346 0.018455657 0.034499845
v 0.061407102 0.018469097 0.000844973
v 0.063916142 0.018479512 0.035916948
v 0.062146160 0.018479736 0.014253133
v 0.063597692 0.018502607 0.051154264
v 0.062286678 0.018517387 0.035015351
v 0.063093532 0.018520490 0.035501531
v 0.061941968 0.018525114 0.050088388
v 0.062098521 0.018547055 0.014146426
v 0.064721446 0.018556208 0.036275400
v 0.062188409 0.018571135 0.035090455
v 0.061979290 0.018583211 0.049988533
v 0.062053220 0.018593921 0.014028365
v 0.061887558 0.018597836 0.035353451
v 0.063865868 0.018600904 0.035947355
v 0.062087072 0.018602991 0.035173551
v 0.061985766 0.018611981 0.035262114
v 0.063582075 0.018614545 0.051109934
v 0.063018641 0.018614793 0.035562247
v 0.062011623 0.018618910 0.013902539
v 0.061974998 0.018621261 0.013772770
v 0.062023893 0.018624503 0.049883441
v 0.062074662 0.018647970 0.049775694
v 0.064682684 0.018684909 0.036286408
v 0.062936902 0.018691613 0.035637098
v 0.065277661 0.018705246 0.000000000
v 0.063807198 0.018711718 0.035997006
v 0.063573616 0.018719441 0.051049403
v 0.062850748 0.018748614 0.035723810
v 0.065456306 0.018753107 0.051607208
v 0.065532204 0.018773445 0.036517412
v 0.062762858 0.018784069 0.035819748
v 0.062592409 0.018786699 0.036027449
v 0.062675867 0.018796889 0.035921996
v 0.064637167 0.018807567 0.036319097
v 0.063741928 0.018808597 0.036064393
v 0.063572501 0.018814717 0.050974167
v 0.065242617 0.018834935 0.000011749
v 0.065426204 0.018870347 0.051597769
v 0.063672025 0.018888590 0.036147469
v 0.063578760 0.018898021 0.050886076
v 0.065495146 0.018902603 0.036528923
v 0.064586227 0.018920454 0.036372474
v 0.063599613 0.018949270 0.036243708
v 0.065208053 0.018960537 0.000046644
v 0.063592238 0.018967303 0.050787299
v 0.065399324 0.018985356 0.051569683
v 0.063526906 0.018988792 0.036350188
v 0.066369331 0.018997754 0.036626937
v 0.063389332 0.019000233 0.036580710
v 0.063456074 0.019005954 0.036463670
v 0.064531430 0.019020145 0.036444917
v 0.063612626 0.019020861 0.050680273
v 0.065454617 0.019026609 0.036563110
v 0.063639382 0.019057377 0.050567626
v 0.063671886 0.019075945 0.050452137
v 0.065175038 0.019078230 0.000103618
v 0.065376333 0.019095311 0.051523644
v 0.064474463 0.019103603 0.036534225
v 0.066334023 0.019127381 0.036638677
v 0.065411873 0.019141692 0.036618931
v 0.064417032 0.019168297 0.036637684
v 0.065144595 0.019184440 0.000180948
v 0.065357742 0.019197500 0.051460785
v 0.064360887 0.019212253 0.036752150
v 0.067212778 0.019223752 0.036601350
v 0.064259194 0.019233311 0.036999966
v 0.064307732 0.019234152 0.036874147
v 0.065368200 0.019244357 0.036694694
v 0.067305950 0.019248722 0.051702987
v 0.066298684 0.019252770 0.036673542
v 0.065117592 0.019275935 0.000276279
v 0.065344078 0.019289406 0.051382652
v 0.065324929 0.019331488 0.036788092
v 0.065094926 0.019349935 0.000386716
v 0.067179221 0.019353847 0.036613038
v 0.067274314 0.019365540 0.051693466
v 0.067753066 0.019368527 0.000139199
v 0.065335634 0.019368771 0.051291170
v 0.066264399 0.019370122 0.036730470
v 0.065283393 0.019400434 0.036896290
v 0.065077218 0.019404198 0.000508904
v 0.065332613 0.019433638 0.051188592
v 0.065065041 0.019437070 0.000639127
v 0.068042282 0.019446020 0.036441265
v 0.065058766 0.019447554 0.000773432
v 0.065244801 0.019449104 0.037016000
v 0.066232206 0.019475863 0.036807732
v 0.065210377 0.019476014 0.037143585
v 0.067242803 0.019479314 0.051665142
v 0.065181142 0.019480348 0.037275168
v 0.067149088 0.019480635 0.036647742
v 0.065335123 0.019482409 0.051077444
v 0.065343102 0.019513882 0.050960460
v 0.065356317 0.019527283 0.050840526
v 0.066203080 0.019566785 0.036902983
v 0.068010445 0.019576577 0.036452619
v 0.067212236 0.019587243 0.051618713
v 0.067123324 0.019600269 0.036704413
v 0.066177920 0.019640123 0.037013326
v 0.067183311 0.019686659 0.051555315
v 0.066157469 0.019693650 0.037135408
v 0.068986756 0.019699092 0.000264995
v 0.067985455 0.019704743 0.036486334
v 0.067102688 0.019709112 0.036781324
v 0.066142380 0.019725743 0.037265523
v 0.066133084 0.019735422 0.037399714
v 0.069144781 0.019741433 0.051475002
v 0.067156788 0.019775126 0.051476518
v 0.067087830 0.019803853 0.036876142
v 0.067968072 0.019826619 0.036541386
v 0.068950705 0.019828521 0.000276676
v 0.067133301 0.019850458 0.051384258
v 0.069111596 0.019857841 0.051465673
v 0.067079185 0.019881622 0.036985984
v 0.067113424 0.019910802 0.051280806
v 0.067958808 0.019938507 0.036616104
v 0.067077016 0.019940044 0.037107513
v 0.068913198 0.019953325 0.000311358
v 0.067097652 0.019954673 0.051168709
v 0.069075498 0.019970386 0.051437918
v 0.067081401 0.019977350 0.037237036
v 0.067086358 0.019980991 0.051050733
v 0.067079867 0.019989109 0.050929775
v 0.067092184 0.019992413 0.037370618
v 0.067957971 0.020037008 0.036708215
v 0.068875365 0.020069729 0.000367990
v 0.069037386 0.020076290 0.051392420
v 0.067965563 0.020119123 0.036814922
v 0.068998205 0.020172956 0.051330301
v 0.068838353 0.020174184 0.000444850
v 0.067981381 0.020182364 0.036932982
v 0.070920277 0.020217179 0.050929761
v 0.068004914 0.020224806 0.037058809
v 0.068035450 0.020245159 0.037188578
v 0.068958901 0.020257995 0.051253086
v 0.068803309 0.020263514 0.000539605
v 0.068920433 0.020329319 0.051162679
v 0.070885605 0.020333184 0.050920892
v 0.068771270 0.020335012 0.000649376
v 0.068883793 0.020385169 0.051061307
v 0.068743244 0.020386502 0.000770824
v 0.068720036 0.020416426 0.000900261
v 0.068702390 0.020423862 0.001033752
v 0.068849848 0.020424172 0.050951466
v 0.070845092 0.020444541 0.050894498
v 0.068819436 0.020445362 0.050835859
v 0.068793300 0.020448228 0.050717333
v 0.070799699 0.020548500 0.050851231
v 0.070750587 0.020642505 0.050792160
v 0.072659103 0.020683092 0.000865772
v 0.070698935 0.020724240 0.050718733
v 0.070646043 0.020791691 0.050632763
v 0.072622061 0.020812253 0.000877289
v 0.070593198 0.020843204 0.050536366
v 0.070541701 0.020877504 0.050431915
v 0.070447754 0.020891533 0.050209269
v 0.070492806 0.020893744 0.050321979
v 0.072581625 0.020936279 0.000911493
v 0.072539020 0.021051401 0.000967345
v 0.074319815 0.021128081 0.049371327
v 0.072495533 0.021154121 0.001043147
v 0.072452510 0.021241309 0.001136594
v 0.074284399 0.021243889 0.049362797
v 0.072411222 0.021310332 0.001244849
v 0.074241671 0.021354657 0.049337412
v 0.072372940 0.021359080 0.001364624
v 0.072338825 0.021386072 0.001492275
v 0.072309931 0.021390499 0.001623927
v 0.075422020 0.021423413 0.048783926
v 0.074192699 0.021457651 0.049295797
v 0.074138661 0.021550336 0.049238980
v 0.074080904 0.021630432 0.049168357
v 0.076266381 0.021649663 0.001797698
v 0.074020840 0.021695970 0.049085669
v 0.073959969 0.021745329 0.048992950
v 0.073899780 0.021777298 0.048892484
v 0.076228378 0.021778565 0.001808965
v 0.073787304 0.021786361 0.048678338
v 0.073841745 0.021791091 0.048786746
v 0.076185076 0.021901820 0.001842427
v 0.077449535 0.021966683 0.002180756
v 0.077574203 0.022000093 0.047510211
v 0.076137777 0.022015687 0.001897067
v 0.077538090 0.022115714 0.047502083
v 0.076087938 0.022116698 0.001971222
v 0.076037045 0.022201791 0.002062644
v 0.077493270 0.022225917 0.047477901
v 0.075986678 0.022268371 0.002168551
v 0.075938341 0.022314426 0.002285726
v 0.077440828 0.022327986 0.047438259
v 0.075893506 0.022338548 0.002410609
v 0.075853550 0.022340012 0.002539407
v 0.077382080 0.022419412 0.047384134
v 0.077318483 0.022497944 0.047316859
v 0.079650752 0.022556502 0.046108298
v 0.077251570 0.022561641 0.047238089
v 0.079780812 0.022591352 0.003053585
v 0.077183016 0.022608940 0.047149764
v 0.077114492 0.022638674 0.047054059
v 0.076984261 0.022642985 0.046850064
v 0.077047688 0.022650120 0.046953334
v 0.079741864 0.022720003 0.003064517
v 0.080658405 0.022826499 0.045360754
v 0.079695774 0.022842506 0.003096981
v 0.080621610 0.022941938 0.045353093
v 0.079643904 0.022955149 0.003149987
v 0.080574776 0.023051606 0.045330299
v 0.079587852 0.023054499 0.003221927
v 0.079529337 0.023137539 0.003310616
v 0.080519081 0.023152800 0.045292935
v 0.082058765 0.023201729 0.004066147
v 0.079470093 0.023201752 0.003413359
v 0.080455871 0.023243032 0.045241920
v 0.079411965 0.023245178 0.003527034
v 0.079305965 0.023265082 0.003773132
v 0.079356687 0.023266508 0.003648186
v 0.080386727 0.023320069 0.045178509
v 0.080313308 0.023382028 0.045104267
v 0.080237472 0.023427379 0.045021017
v 0.080014022 0.023454804 0.044738537
v 0.080161062 0.023455002 0.044930812
v 0.080085954 0.023464220 0.044835873
v 0.083175300 0.023500903 0.004623760
v 0.083548578 0.023600923 0.042939522
v 0.083135437 0.023629309 0.004634272
v 0.083511148 0.023716195 0.042932386
v 0.083086636 0.023751088 0.004665484
v 0.083462470 0.023825360 0.042911159
v 0.083030367 0.023862550 0.004716448
v 0.083403707 0.023925733 0.042876363
v 0.082968319 0.023960293 0.004785619
v 0.083336314 0.024014842 0.042828851
v 0.082902413 0.024041358 0.004870892
v 0.083261965 0.024090492 0.042769793
v 0.082834618 0.024103278 0.004969679
v 0.082767024 0.024144170 0.005078977
v 0.083182488 0.024150820 0.042700648
v 0.082640542 0.024158578 0.005315597
v 0.082701676 0.024162792 0.005195462
v 0.083099820 0.024194343 0.042623115
v 0.082853209 0.024215560 0.042360036
v 0.083016005 0.024219983 0.042539105
v 0.082933120 0.024227118 0.042450685
v 0.086222505 0.024317393 0.040265183
v 0.086225263 0.024318136 0.007902226
v 0.086333913 0.024347243 0.007862572
v 0.086342062 0.024349435 0.007858779
v 0.086216510 0.024350078 0.007901542
v 0.086423692 0.024371299 0.006496117
v 0.086444127 0.024376776 0.007800201
v 0.086450308 0.024378437 0.007795913
v 0.086206765 0.024384166 0.007899286
v 0.086317397 0.024393771 0.007862572
v 0.086516818 0.024396262 0.006566290
v 0.086523604 0.024398074 0.006572344
v 0.086542675 0.024403191 0.007719605
v 0.086547013 0.024404349 0.007715368
v 0.086196199 0.024419384 0.007895269
v 0.086605188 0.024419938 0.006658694
v 0.086609959 0.024421213 0.006664641
v 0.086626815 0.024425732 0.007623057
v 0.086629527 0.024426453 0.007619362
v 0.086184502 0.024432510 0.040258628
v 0.086405457 0.024433769 0.006498450
v 0.086293787 0.024437120 0.007862572
v 0.086677383 0.024439277 0.006765116
v 0.086680358 0.024440079 0.006770463
v 0.086421601 0.024440280 0.007800201
v 0.086694162 0.024443774 0.007513282
v 0.086695525 0.024444142 0.007510544
v 0.086187539 0.024447116 0.007890873
v 0.086731313 0.024453731 0.006882548
v 0.086732878 0.024454150 0.006886888
v 0.086742762 0.024456799 0.007393385
v 0.086743227 0.024456923 0.007391917
v 0.086765490 0.024462891 0.007007674
v 0.086766063 0.024463042 0.007010707
v 0.086771299 0.024464448 0.007266753
v 0.086778953 0.024466493 0.007136960
v 0.086778984 0.024466505 0.007138503
v 0.086490326 0.024470963 0.006566290
v 0.086263638 0.024476215 0.007862572
v 0.086514773 0.024481870 0.007719605
v 0.086389376 0.024499446 0.007800201
v 0.086382962 0.024499477 0.006506125
v 0.086573877 0.024508254 0.006658694
v 0.086227726 0.024510074 0.007862572
v 0.086165942 0.024512410 0.007876041
v 0.086594312 0.024517375 0.007623057
v 0.086186919 0.024537864 0.007862572
v 0.086642107 0.024538708 0.006765116
v 0.086452415 0.024540560 0.006566290
v 0.086134074 0.024541214 0.040239130
v 0.087062126 0.024542372 0.039320999
v 0.086657971 0.024545785 0.007513282
v 0.086151766 0.024552501 0.007863635
v 0.086348212 0.024552803 0.007800201
v 0.086474833 0.024555185 0.007719605
v 0.086693108 0.024561471 0.006882548
v 0.086357477 0.024563539 0.006519156
v 0.086703922 0.024566304 0.007393385
v 0.086145709 0.024568981 0.007857762
v 0.086145104 0.024570604 0.007857160
v 0.086725426 0.024575890 0.007007674
v 0.086730926 0.024578342 0.007266753
v 0.086738130 0.024581572 0.007136960
v 0.086529042 0.024590535 0.006658694
v 0.086299194 0.024599021 0.007800201
v 0.086547803 0.024602762 0.007623057
v 0.086404017 0.024603328 0.006566290
v 0.086331558 0.024620567 0.006535847
v 0.086423863 0.024621295 0.007719605
v 0.086591632 0.024631350 0.006765116
v 0.086325485 0.024632965 0.006540170
v 0.086243513 0.024636947 0.007800201
v 0.086072491 0.024640832 0.040207165
v 0.086606195 0.024640835 0.007513282
v 0.086346338 0.024657699 0.006566290
v 0.086109828 0.024660042 0.007816327
v 0.086638419 0.024661851 0.006882548
v 0.086471843 0.024664740 0.006658694
v 0.086182550 0.024665635 0.007800201
v 0.086648350 0.024668331 0.007393385
v 0.086363116 0.024678564 0.007719605
v 0.086488420 0.024679764 0.007623057
v 0.086668057 0.024681182 0.007007674
v 0.086117822 0.024684377 0.007800201
v 0.086673092 0.024684466 0.007266753
v 0.086099231 0.024684846 0.007802107
v 0.086097914 0.024687852 0.007800288
v 0.086679738 0.024688793 0.007136960
v 0.086294283 0.024691744 0.006564404
v 0.086283624 0.024710153 0.006573380
v 0.086527214 0.024714894 0.006765116
v 0.086294112 0.024725557 0.007719605
v 0.086540088 0.024726552 0.007513282
v 0.086001225 0.024728899 0.040163522
v 0.086403660 0.024729015 0.006658694
v 0.086271059 0.024730890 0.006584378
v 0.086417681 0.024746464 0.007623057
v 0.086568610 0.024752378 0.006882548
v 0.086577394 0.024760337 0.007393385
v 0.086218570 0.024761108 0.007719605
v 0.086594839 0.024776132 0.007007674
v 0.086599301 0.024780168 0.007266753
v 0.086054287 0.024780532 0.007732531
v 0.086326213 0.024781760 0.006658694
v 0.086138381 0.024784328 0.007719605
v 0.086605172 0.024785482 0.007136960
v 0.086051297 0.024786373 0.007727388
v 0.086450463 0.024787264 0.006765116
v 0.086228795 0.024793743 0.006624260
v 0.086055542 0.024794642 0.007719605
v 0.086046928 0.024794785 0.007719765
v 0.086461339 0.024800800 0.007513282
v 0.086337305 0.024801195 0.007623057
v 0.085922073 0.024803264 0.040109277
v 0.086241422 0.024821661 0.006658694
v 0.086203295 0.024827103 0.006650246
v 0.086485446 0.024830790 0.006882548
v 0.086195719 0.024836410 0.006658221
v 0.086492866 0.024840035 0.007393385
v 0.086249339 0.024842603 0.007623057
v 0.086363256 0.024846647 0.006765116
v 0.086507600 0.024858375 0.007007674
v 0.086371885 0.024861725 0.007513282
v 0.085836941 0.024862081 0.040045763
v 0.086511380 0.024863065 0.007266753
v 0.086516338 0.024869239 0.007136960
v 0.086155918 0.024869645 0.007623057
v 0.086002774 0.024872097 0.007635277
v 0.086156538 0.024880428 0.006701174
v 0.085996995 0.024881187 0.007623189
v 0.086059446 0.024881656 0.007623057
v 0.086267806 0.024891567 0.006765116
v 0.086390956 0.024895138 0.006882548
v 0.085747967 0.024903911 0.039974545
v 0.086396828 0.024905433 0.007393385
v 0.086130309 0.024906270 0.006731449
v 0.086273925 0.024907819 0.007513282
v 0.085479930 0.024919392 0.039732888
v 0.086166469 0.024920914 0.006765116
v 0.086408509 0.024925868 0.007007674
v 0.085657320 0.024927719 0.039897376
v 0.086102903 0.024930353 0.006764314
v 0.086411484 0.024931093 0.007266753
v 0.085567231 0.024932925 0.039816157
v 0.086169986 0.024937921 0.007513282
v 0.086415404 0.024937968 0.007136960
v 0.085955320 0.024939180 0.007529030
v 0.085955134 0.024939412 0.007528570
v 0.086287512 0.024943816 0.006882548
v 0.085954391 0.024947589 0.007513282
v 0.086062560 0.024951291 0.007513282
v 0.086291711 0.024954909 0.007393385
v 0.086062498 0.024960626 0.006814983
v 0.086054349 0.024965998 0.006825516
v 0.088659536 0.024970398 0.037358346
v 0.086177732 0.024975611 0.006882548
v 0.086300015 0.024976924 0.007007674
v 0.086302153 0.024982551 0.007266753
v 0.085909834 0.024986281 0.007410510
v 0.086180118 0.024987226 0.007393385
v 0.086064280 0.024989728 0.006882548
v 0.086304926 0.024989961 0.007136960
v 0.086011915 0.024989976 0.006881992
v 0.085903807 0.024991076 0.007393437
v 0.085948689 0.024997603 0.007393385
v 0.086064806 0.025001576 0.007393385
v 0.085977692 0.025004462 0.006929591
v 0.086184843 0.025010272 0.007007674
v 0.085868221 0.025011271 0.007284683
v 0.085831596 0.025013622 0.007154914
v 0.086186067 0.025016163 0.007266753
v 0.085842379 0.025016209 0.007136919
v 0.085902692 0.025020497 0.007040514
v 0.085946040 0.025020981 0.007007674
v 0.086187663 0.025023917 0.007136960
v 0.086065875 0.025025082 0.007007674
v 0.085945359 0.025026957 0.007266753
v 0.086066139 0.025031090 0.007266753
v 0.085944475 0.025034827 0.007136960
v 0.086066495 0.025038999 0.007136960
v 0.088621021 0.025085372 0.037352424
v 0.088569012 0.025193657 0.037334805
v 0.088504842 0.025292577 0.037305921
v 0.090143276 0.025367964 0.035302286
v 0.088430044 0.025379704 0.037266483
v 0.088346508 0.025452891 0.037217465
v 0.088256264 0.025510334 0.037160073
v 0.088161526 0.025550626 0.037095717
v 0.090840923 0.025554894 0.034241420
v 0.087873968 0.025560870 0.036877348
v 0.088064636 0.025572761 0.037025985
v 0.087967993 0.025576204 0.036952593
v 0.090801912 0.025669741 0.034236174
v 0.090748509 0.025777646 0.034220569
v 0.091898880 0.025838377 0.029823410
v 0.091963515 0.025855694 0.029808623
v 0.092021024 0.025871105 0.029800575
v 0.091889585 0.025873913 0.029824252
v 0.090682015 0.025875951 0.034194988
v 0.091959472 0.025878581 0.029808623
v 0.092092290 0.025890200 0.029797048
v 0.091959472 0.025901823 0.029808623
v 0.092145119 0.025904360 0.029798983
v 0.091880103 0.025912211 0.029827041
v 0.091963515 0.025924714 0.029808623
v 0.092221095 0.025924714 0.029808623
v 0.092267774 0.025937224 0.029818680
v 0.091971447 0.025946554 0.029808623
v 0.092213147 0.025946554 0.029808623
v 0.091870839 0.025951926 0.029831996
v 0.090604087 0.025962233 0.034160061
v 0.091983067 0.025966679 0.029808623
v 0.092201528 0.025966679 0.029808623
v 0.092385595 0.025968790 0.029859120
v 0.091867043 0.025968933 0.029834763
v 0.091998017 0.025984484 0.029808623
v 0.092186577 0.025984484 0.029808623
v 0.092463368 0.025989631 0.029899165
v 0.092495314 0.025998187 0.029919190
v 0.092015834 0.025999427 0.029808623
v 0.092168777 0.025999427 0.029808623
v 0.092330364 0.026001216 0.029843006
v 0.091859947 0.026002223 0.029841314
v 0.091859746 0.026003126 0.029841513
v 0.092035943 0.026011046 0.029808623
v 0.092148652 0.026011046 0.029808623
v 0.092057803 0.026018994 0.029808623
v 0.092126807 0.026018994 0.029808623
v 0.092080670 0.026023030 0.029808623
v 0.092103925 0.026023030 0.029808623
v 0.092593909 0.026024610 0.029997231
v 0.090516601 0.026034366 0.034116649
v 0.091877113 0.026040873 0.029843006
v 0.092307482 0.026040873 0.029843006
v 0.092661565 0.026042740 0.030069490
v 0.092678684 0.026047326 0.030091093
v 0.092440470 0.026052558 0.029899165
v 0.092747270 0.026065704 0.030198184
v 0.092749826 0.026066386 0.030938427
v 0.091847352 0.026066967 0.029858453
v 0.091906565 0.026075945 0.029843006
v 0.092278030 0.026075945 0.029843006
v 0.092792136 0.026077722 0.030299365
v 0.092797791 0.026079241 0.030315551
v 0.092798209 0.026079349 0.030824690
v 0.092799542 0.026079705 0.030820690
v 0.092828854 0.026087564 0.030439957
v 0.092829752 0.026087800 0.030696059
v 0.092839559 0.026090434 0.030561478
v 0.092839605 0.026090446 0.030567970
v 0.090421771 0.026090581 0.034065819
v 0.091842069 0.026097096 0.029868478
v 0.092540149 0.026099040 0.029975421
v 0.091941624 0.026105380 0.029843006
v 0.092242971 0.026105380 0.029843006
v 0.092406991 0.026110551 0.029899165
v 0.091981285 0.026128271 0.029843006
v 0.092203309 0.026128271 0.029843006
v 0.090321890 0.026129491 0.034008824
v 0.090016841 0.026135053 0.033815427
v 0.092626443 0.026139274 0.030069490
v 0.092024308 0.026143934 0.029843006
v 0.092160287 0.026143934 0.029843006
v 0.090219406 0.026150135 0.033947065
v 0.092069407 0.026151885 0.029843006
v 0.092115203 0.026151885 0.029843006
v 0.090116892 0.026152002 0.033882066
v 0.091832897 0.026155480 0.029891819
v 0.092363937 0.026161851 0.029899165
v 0.091831007 0.026168807 0.029897907
v 0.092696733 0.026172057 0.030178560
v 0.092497080 0.026173637 0.029975421
v 0.092711342 0.026178877 0.030934079
v 0.092710397 0.026181120 0.030933900
v 0.092748943 0.026196399 0.030299365
v 0.092754629 0.026199056 0.030824690
v 0.091871939 0.026204893 0.029899165
v 0.092312656 0.026204893 0.029899165
v 0.092781493 0.026211586 0.030428290
v 0.092784390 0.026212934 0.030694942
v 0.092793438 0.026217148 0.030561478
v 0.091824671 0.026218976 0.029923531
v 0.092575070 0.026228244 0.030069490
v 0.091929943 0.026238377 0.029899165
v 0.092254667 0.026238377 0.029899165
v 0.092441725 0.026239624 0.029975421
v 0.091992874 0.026261278 0.029899165
v 0.092191721 0.026261278 0.029899165
v 0.092638605 0.026272731 0.030178560
v 0.092058810 0.026272906 0.029899165
v 0.092125785 0.026272906 0.029899165
v 0.091818226 0.026286156 0.029965181
v 0.092655755 0.026288693 0.030920430
v 0.092375726 0.026294990 0.029975421
v 0.091817234 0.026299812 0.029974794
v 0.092685795 0.026305773 0.030299365
v 0.092509040 0.026306939 0.030069490
v 0.092690939 0.026309375 0.030824690
v 0.092715215 0.026326382 0.030428290
v 0.092717834 0.026328206 0.030694942
v 0.091815422 0.026330867 0.029998248
v 0.092725998 0.026333935 0.030561478
v 0.091883465 0.026338060 0.029975421
v 0.092301145 0.026338060 0.029975421
v 0.092563884 0.026361787 0.030178560
v 0.091964398 0.026367523 0.029975421
v 0.092220196 0.026367523 0.029975421
v 0.092430338 0.026372976 0.030069490
v 0.092049236 0.026382477 0.029975421
v 0.092135359 0.026382477 0.029975421
v 0.092587820 0.026385742 0.030898553
v 0.092587231 0.026386455 0.030898349
v 0.092604614 0.026402521 0.030299365
v 0.092609060 0.026406959 0.030824690
v 0.091814043 0.026409430 0.030069173
v 0.091843231 0.026424342 0.030069490
v 0.092341364 0.026424342 0.030069490
v 0.092630022 0.026427921 0.030428290
v 0.091814570 0.026429361 0.030090359
v 0.092632284 0.026430175 0.030694942
v 0.092474833 0.026436511 0.030178560
v 0.092639333 0.026437236 0.030561478
v 0.091939750 0.026459479 0.030069490
v 0.092244845 0.026459479 0.030069490
v 0.092506530 0.026471997 0.030868202
v 0.092502301 0.026475843 0.030866526
v 0.092040932 0.026477315 0.030069490
v 0.092143679 0.026477315 0.030069490
v 0.091818117 0.026480677 0.030152706
v 0.092507863 0.026483702 0.030299365
v 0.092511473 0.026488841 0.030824690
v 0.092374146 0.026494639 0.030178560
v 0.091820317 0.026499043 0.030178397
v 0.091822176 0.026511484 0.030197066
v 0.092528468 0.026513126 0.030428290
v 0.092530311 0.026515736 0.030694942
v 0.092536028 0.026523917 0.030561478
v 0.091919687 0.026534401 0.030178560
v 0.092264908 0.026534401 0.030178560
v 0.092415635 0.026543213 0.030830729
v 0.092398501 0.026546846 0.030299365
v 0.092402436 0.026551799 0.030825041
v 0.092401041 0.026552682 0.030824437
v 0.092034177 0.026554584 0.030178560
v 0.092150418 0.026554584 0.030178560
v 0.091837979 0.026574724 0.030315127
v 0.092413668 0.026579407 0.030428290
v 0.092415031 0.026582296 0.030694942
v 0.091904783 0.026590043 0.030299365
v 0.092279827 0.026590043 0.030299365
v 0.092419245 0.026591340 0.030561478
v 0.092316777 0.026598347 0.030786854
v 0.092285405 0.026611752 0.030772354
v 0.092029157 0.026611973 0.030299365
v 0.092155437 0.026611973 0.030299365
v 0.091858863 0.026613932 0.030428257
v 0.091861512 0.026617163 0.030440953
v 0.091895472 0.026624742 0.030428290
v 0.092289107 0.026624742 0.030428290
v 0.092289944 0.026627821 0.030694942
v 0.092212388 0.026636048 0.030737657
v 0.092292531 0.026637462 0.030561478
v 0.091892048 0.026637516 0.030570723
v 0.091897439 0.026638751 0.030554170
v 0.092026028 0.026647760 0.030428290
v 0.092158567 0.026647760 0.030428290
v 0.092158861 0.026650932 0.030694942
v 0.092105040 0.026655383 0.030684350
v 0.091997382 0.026655879 0.030628245
v 0.092025067 0.026657559 0.030642925
v 0.092024881 0.026660879 0.030561478
v 0.092159729 0.026660879 0.030561478
s 1
usemtl face_000
f 9191 9208 9189
f 9210 9208 9191
f 9211 9686 9203
f 9210 9262 9208
f 9227 9262 9210
f 9706 9686 9211
f 9265 9262 9227
f 9279 9232 9230
f 9278 9279 9230
f 9231 9278 9230
f 9282 9278 9231
f 9236 9282 9231
f 9280 9239 9232
f 9279 9280 9232
f 9288 9282 9236
f 9241 9288 9236
f 9287 9245 9239
f 9280 9287 9239
f 9296 9288 9241
f 9249 9296 9241
f 9294 9246 9245
f 9287 9294 9245
f 9294 9256 9246
f 9302 9296 9249
f 9259 9302 9249
f 9297 9272 9256
f 9294 9297 9256
f 9308 9302 9259
f 9269 9308 9259
f 9265 9369 9262
f 9384 9369 9265
f 9317 9308 9269
f 9283 9317 9269
f 9305 9286 9272
f 9297 9305 9272
f 9325 9317 9283
f 9298 9325 9283
f 9313 9306 9286
f 9305 9313 9286
f 9336 9325 9298
f 9315 9336 9298
f 9328 9324 9306
f 9313 9328 9306
f 9348 9336 9315
f 9334 9348 9315
f 9328 9340 9324
f 9340 9341 9324
f 9341 9346 9324
f 9353 9348 9334
f 9359 9346 9341
f 9359 9367 9346
f 9353 9362 9348
f 9372 9362 9353
f 9371 9367 9359
f 9372 9374 9362
f 9371 9378 9367
f 9384 9497 9369
f 9442 9425 9371
f 9380 9474 9371
f 9474 9469 9371
f 9469 9442 9371
f 9425 9411 9371
f 9411 9390 9371
f 9390 9378 9371
f 9379 9374 9372
f 9394 9379 9372
f 9394 9396 9379
f 9393 9534 9380
f 9534 9474 9380
f 9435 9497 9384
f 9406 9534 9393
f 9413 9396 9394
f 9434 9410 9396
f 9413 9434 9396
f 9418 9534 9406
f 9434 9460 9410
f 9460 9421 9410
f 9428 9534 9418
f 9483 9432 9421
f 9460 9479 9421
f 9479 9483 9421
f 9438 9534 9428
f 9495 9447 9432
f 9483 9495 9432
f 9538 9497 9435
f 9571 9538 9435
f 9450 9534 9438
f 9633 9531 9440
f 9538 9633 9440
f 9508 9457 9447
f 9495 9508 9447
f 9539 9534 9450
f 9459 9539 9450
f 9516 9463 9457
f 9508 9516 9457
f 9466 9546 9459
f 9541 9539 9459
f 9546 9541 9459
f 9525 9467 9463
f 9516 9525 9463
f 9467 9525 9466
f 9525 9554 9466
f 9554 9550 9466
f 9550 9546 9466
f 9534 9535 9474
f 9535 9536 9474
f 9536 9478 9474
f 9536 9542 9478
f 9542 9485 9478
f 9542 9547 9485
f 9547 9494 9485
f 9547 9551 9494
f 9551 9503 9494
f 9551 9560 9503
f 9560 9523 9503
f 9560 9572 9523
f 9572 9544 9523
f 9613 9602 9525
f 9602 9595 9525
f 9595 9576 9525
f 9576 9566 9525
f 9566 9554 9525
f 9623 9613 9525
f 9549 9623 9525
f 9571 9633 9538
f 9572 9553 9544
f 9562 9623 9549
f 9588 9580 9553
f 9572 9588 9553
f 9582 9623 9562
f 9601 9606 9580
f 9588 9601 9580
f 9596 9623 9582
f 9608 9623 9596
f 9617 9606 9601
f 9617 9630 9606
f 9628 9623 9608
f 9627 9630 9617
f 9652 9645 9623
f 9628 9652 9623
f 9646 9658 9627
f 9658 9630 9627
f 9652 9649 9645
f 9659 9671 9646
f 9671 9658 9646
f 9667 9664 9649
f 9652 9667 9649
f 9666 9688 9659
f 9688 9671 9659
f 9681 9668 9664
f 9667 9681 9664
f 9670 9710 9666
f 9710 9688 9666
f 9707 9675 9668
f 9681 9707 9668
f 9677 9720 9670
f 9720 9710 9670
f 9718 9680 9675
f 9707 9718 9675
f 9684 9730 9677
f 9730 9720 9677
f 9728 9689 9680
f 9718 9728 9680
f 9692 9736 9684
f 9736 9730 9684
f 9735 9693 9689
f 9728 9735 9689
f 9696 9742 9692
f 9742 9736 9692
f 9741 9699 9693
f 9735 9741 9693
f 9698 9742 9696
f 9745 9742 9698
f 9701 9745 9698
f 9744 9702 9699
f 9741 9744 9699
f 9748 9745 9701
f 9702 9748 9701
f 9744 9748 9702
usemtl face_001
f 4 18 2
f 21 3 2
f 29 21 2
f 18 22 2
f 22 30 2
f 30 34 2
f 34 36 2
f 36 38 2
f 38 37 2
f 37 35 2
f 35 33 2
f 33 29 2
f 273 4 2
f 271 273 2
f 3 271 2
f 17 13 3
f 13 9 3
f 9 11 3
f 11 5 3
f 21 17 3
f 272 271 3
f 5 272 3
f 10 14 4
f 14 18 4
f 6 16 4
f 16 12 4
f 12 10 4
f 275 6 4
f 273 275 4
f 11 15 5
f 23 7 5
f 19 23 5
f 15 19 5
f 274 272 5
f 7 274 5
f 8 26 6
f 26 24 6
f 24 20 6
f 20 16 6
f 277 8 6
f 275 277 6
f 23 25 7
f 25 27 7
f 27 39 7
f 39 41 7
f 57 31 7
f 55 57 7
f 41 43 7
f 43 47 7
f 47 49 7
f 49 51 7
f 51 53 7
f 53 55 7
f 276 274 7
f 31 276 7
f 42 40 8
f 40 28 8
f 28 26 8
f 32 59 8
f 59 58 8
f 58 54 8
f 54 52 8
f 52 50 8
f 50 48 8
f 48 44 8
f 44 42 8
f 297 32 8
f 277 297 8
f 280 11 9
f 278 280 9
f 13 278 9
f 283 14 10
f 279 283 10
f 12 279 10
f 284 15 11
f 280 284 11
f 281 279 12
f 16 281 12
f 282 278 13
f 17 282 13
f 287 18 14
f 283 287 14
f 288 19 15
f 284 288 15
f 285 281 16
f 20 285 16
f 286 282 17
f 21 286 17
f 291 22 18
f 287 291 18
f 292 23 19
f 288 292 19
f 289 285 20
f 24 289 20
f 290 286 21
f 300 290 21
f 29 300 21
f 291 30 22
f 294 25 23
f 292 294 23
f 293 289 24
f 26 293 24
f 298 27 25
f 294 298 25
f 295 293 26
f 28 295 26
f 306 39 27
f 298 306 27
f 299 295 28
f 40 299 28
f 33 300 29
f 301 303 30
f 303 34 30
f 291 301 30
f 56 60 31
f 60 62 31
f 62 45 31
f 57 56 31
f 296 276 31
f 45 296 31
f 65 63 32
f 46 65 32
f 63 61 32
f 61 59 32
f 313 46 32
f 297 313 32
f 35 302 33
f 302 300 33
f 303 305 34
f 305 36 34
f 37 304 35
f 304 302 35
f 305 309 36
f 309 38 36
f 38 308 37
f 308 304 37
f 309 308 38
f 306 41 39
f 307 299 40
f 311 307 40
f 42 311 40
f 310 314 41
f 314 43 41
f 306 310 41
f 44 311 42
f 314 316 43
f 316 47 43
f 48 315 44
f 315 311 44
f 62 64 45
f 64 66 45
f 66 68 45
f 68 72 45
f 312 296 45
f 72 312 45
f 73 71 46
f 71 69 46
f 67 65 46
f 69 67 46
f 340 73 46
f 313 340 46
f 316 318 47
f 318 49 47
f 50 317 48
f 317 315 48
f 318 320 49
f 320 51 49
f 52 319 50
f 319 317 50
f 320 322 51
f 322 53 51
f 54 321 52
f 321 319 52
f 322 324 53
f 324 55 53
f 58 323 54
f 323 321 54
f 324 326 55
f 326 57 55
f 329 60 56
f 325 329 56
f 326 325 56
f 57 326 56
f 327 323 58
f 328 327 58
f 59 328 58
f 61 328 59
f 331 62 60
f 329 331 60
f 330 328 61
f 63 330 61
f 333 64 62
f 331 333 62
f 332 330 63
f 65 332 63
f 335 66 64
f 333 335 64
f 334 332 65
f 67 334 65
f 337 68 66
f 335 337 66
f 336 334 67
f 69 336 67
f 70 72 68
f 341 70 68
f 337 341 68
f 338 336 69
f 71 338 69
f 74 72 70
f 343 74 70
f 341 343 70
f 73 75 71
f 342 338 71
f 75 342 71
f 74 76 72
f 76 78 72
f 78 82 72
f 339 312 72
f 82 339 72
f 83 81 73
f 81 79 73
f 79 77 73
f 77 75 73
f 352 83 73
f 340 352 73
f 345 76 74
f 343 345 74
f 344 342 75
f 77 344 75
f 347 78 76
f 345 347 76
f 346 344 77
f 79 346 77
f 80 82 78
f 349 80 78
f 347 349 78
f 348 346 79
f 81 348 79
f 84 82 80
f 349 84 80
f 83 85 81
f 354 350 81
f 85 354 81
f 350 348 81
f 101 99 82
f 97 101 82
f 84 87 82
f 87 89 82
f 89 91 82
f 91 93 82
f 93 95 82
f 95 97 82
f 351 339 82
f 99 351 82
f 100 104 83
f 104 102 83
f 102 98 83
f 98 96 83
f 96 94 83
f 94 92 83
f 92 90 83
f 90 88 83
f 88 86 83
f 86 85 83
f 367 100 83
f 352 367 83
f 353 356 84
f 356 87 84
f 349 353 84
f 86 354 85
f 88 355 86
f 355 354 86
f 356 358 87
f 358 89 87
f 90 357 88
f 357 355 88
f 358 360 89
f 360 91 89
f 92 359 90
f 359 357 90
f 360 362 91
f 362 93 91
f 94 361 92
f 361 359 92
f 362 364 93
f 364 95 93
f 96 363 94
f 363 361 94
f 364 368 95
f 368 97 95
f 98 365 96
f 365 363 96
f 368 101 97
f 371 369 98
f 102 371 98
f 369 365 98
f 103 105 99
f 105 107 99
f 107 109 99
f 109 113 99
f 101 103 99
f 366 351 99
f 113 366 99
f 114 112 100
f 112 110 100
f 110 108 100
f 108 106 100
f 106 104 100
f 383 114 100
f 367 383 100
f 372 103 101
f 370 372 101
f 368 370 101
f 104 371 102
f 374 105 103
f 372 374 103
f 373 371 104
f 106 373 104
f 376 107 105
f 374 376 105
f 375 373 106
f 108 375 106
f 378 109 107
f 376 378 107
f 377 375 108
f 110 377 108
f 111 113 109
f 380 111 109
f 378 380 109
f 379 377 110
f 112 379 110
f 115 113 111
f 384 115 111
f 380 384 111
f 114 116 112
f 381 379 112
f 116 381 112
f 117 125 113
f 115 117 113
f 382 366 113
f 125 382 113
f 120 118 114
f 126 120 114
f 118 116 114
f 395 126 114
f 383 395 114
f 386 117 115
f 384 386 115
f 385 381 116
f 118 385 116
f 119 125 117
f 388 119 117
f 386 388 117
f 387 385 118
f 120 387 118
f 121 125 119
f 390 121 119
f 388 390 119
f 126 122 120
f 389 387 120
f 122 389 120
f 123 125 121
f 392 123 121
f 390 392 121
f 126 124 122
f 391 389 122
f 124 391 122
f 143 125 123
f 127 143 123
f 392 127 123
f 126 128 124
f 397 393 124
f 128 397 124
f 393 391 124
f 394 382 125
f 143 394 125
f 144 128 126
f 413 144 126
f 395 413 126
f 129 143 127
f 396 398 127
f 398 129 127
f 392 396 127
f 144 130 128
f 130 397 128
f 131 143 129
f 398 400 129
f 400 131 129
f 144 132 130
f 132 399 130
f 399 397 130
f 133 143 131
f 400 402 131
f 402 133 131
f 144 134 132
f 134 401 132
f 401 399 132
f 135 143 133
f 402 404 133
f 404 135 133
f 144 136 134
f 136 403 134
f 403 401 134
f 137 143 135
f 404 406 135
f 406 137 135
f 144 138 136
f 138 405 136
f 405 403 136
f 139 143 137
f 406 408 137
f 408 139 137
f 144 140 138
f 140 407 138
f 407 405 138
f 141 143 139
f 408 410 139
f 410 141 139
f 144 142 140
f 142 409 140
f 409 407 140
f 145 143 141
f 410 145 141
f 144 146 142
f 415 411 142
f 146 415 142
f 411 409 142
f 149 155 143
f 147 149 143
f 145 147 143
f 412 394 143
f 155 412 143
f 156 152 144
f 152 150 144
f 150 148 144
f 148 146 144
f 425 156 144
f 413 425 144
f 416 147 145
f 414 416 145
f 410 414 145
f 148 415 146
f 418 149 147
f 416 418 147
f 417 415 148
f 150 417 148
f 151 155 149
f 420 151 149
f 418 420 149
f 419 417 150
f 152 419 150
f 153 155 151
f 422 153 151
f 420 422 151
f 156 154 152
f 421 419 152
f 154 421 152
f 157 155 153
f 426 157 153
f 422 426 153
f 156 158 154
f 423 421 154
f 158 423 154
f 157 169 155
f 424 412 155
f 169 424 155
f 170 160 156
f 160 158 156
f 441 170 156
f 425 441 156
f 159 169 157
f 428 159 157
f 426 428 157
f 427 423 158
f 160 427 158
f 161 169 159
f 430 161 159
f 428 430 159
f 170 162 160
f 429 427 160
f 162 429 160
f 163 169 161
f 432 163 161
f 430 432 161
f 170 164 162
f 431 429 162
f 164 431 162
f 165 169 163
f 434 165 163
f 432 434 163
f 170 166 164
f 433 431 164
f 166 433 164
f 187 169 165
f 167 187 165
f 436 167 165
f 434 436 165
f 170 168 166
f 435 433 166
f 168 435 166
f 171 187 167
f 436 171 167
f 170 188 168
f 188 172 168
f 439 437 168
f 172 439 168
f 437 435 168
f 440 424 169
f 187 440 169
f 457 188 170
f 441 457 170
f 173 187 171
f 438 442 171
f 442 173 171
f 436 438 171
f 188 174 172
f 174 439 172
f 175 187 173
f 442 444 173
f 444 175 173
f 188 176 174
f 176 443 174
f 443 439 174
f 177 187 175
f 444 446 175
f 446 177 175
f 188 178 176
f 178 445 176
f 445 443 176
f 179 187 177
f 446 448 177
f 448 179 177
f 188 180 178
f 180 447 178
f 447 445 178
f 181 187 179
f 448 450 179
f 450 181 179
f 188 182 180
f 182 449 180
f 449 447 180
f 183 187 181
f 450 452 181
f 452 183 181
f 188 184 182
f 184 451 182
f 451 449 182
f 185 187 183
f 452 454 183
f 454 185 183
f 188 186 184
f 186 453 184
f 453 451 184
f 189 187 185
f 454 189 185
f 188 190 186
f 459 455 186
f 190 459 186
f 455 453 186
f 189 197 187
f 456 440 187
f 197 456 187
f 198 192 188
f 192 190 188
f 469 198 188
f 457 469 188
f 191 197 189
f 460 191 189
f 458 460 189
f 454 458 189
f 192 459 190
f 193 197 191
f 462 193 191
f 460 462 191
f 198 194 192
f 461 459 192
f 194 461 192
f 195 197 193
f 464 195 193
f 462 464 193
f 198 196 194
f 463 461 194
f 196 463 194
f 199 197 195
f 466 199 195
f 464 466 195
f 198 200 196
f 465 463 196
f 200 465 196
f 199 224 197
f 468 456 197
f 224 468 197
f 225 202 198
f 202 200 198
f 496 225 198
f 469 496 198
f 201 224 199
f 470 201 199
f 466 470 199
f 467 465 200
f 202 467 200
f 203 224 201
f 472 203 201
f 470 472 201
f 225 204 202
f 471 467 202
f 204 471 202
f 205 224 203
f 474 205 203
f 472 474 203
f 225 206 204
f 473 471 204
f 206 473 204
f 238 224 205
f 207 238 205
f 476 207 205
f 474 476 205
f 225 208 206
f 475 473 206
f 208 475 206
f 209 238 207
f 478 209 207
f 476 478 207
f 225 239 208
f 239 210 208
f 477 475 208
f 210 477 208
f 211 238 209
f 480 211 209
f 478 480 209
f 239 214 210
f 479 477 210
f 214 479 210
f 212 238 211
f 480 212 211
f 216 238 212
f 480 481 212
f 481 485 212
f 485 216 212
f 263 215 213
f 239 263 213
f 214 239 213
f 215 482 213
f 482 214 213
f 482 483 214
f 483 479 214
f 263 217 215
f 217 484 215
f 484 482 215
f 218 238 216
f 485 487 216
f 487 218 216
f 263 219 217
f 219 486 217
f 486 484 217
f 220 238 218
f 487 489 218
f 489 220 218
f 263 221 219
f 221 488 219
f 488 486 219
f 222 238 220
f 489 491 220
f 491 222 220
f 263 223 221
f 223 490 221
f 490 488 221
f 226 238 222
f 491 493 222
f 493 226 222
f 263 227 223
f 227 492 223
f 492 490 223
f 495 468 224
f 238 495 224
f 512 239 225
f 496 512 225
f 228 238 226
f 493 269 226
f 269 228 226
f 263 229 227
f 229 494 227
f 494 492 227
f 262 238 228
f 230 262 228
f 269 230 228
f 263 231 229
f 502 498 229
f 231 502 229
f 498 494 229
f 242 262 230
f 269 270 230
f 509 242 230
f 270 509 230
f 263 243 231
f 243 502 231
f 268 234 232
f 233 268 232
f 234 499 232
f 499 500 232
f 500 233 232
f 235 268 233
f 500 504 233
f 504 235 233
f 268 236 234
f 236 503 234
f 503 499 234
f 237 268 235
f 504 506 235
f 506 237 235
f 268 240 236
f 240 505 236
f 505 503 236
f 241 268 237
f 506 508 237
f 508 241 237
f 511 495 238
f 262 511 238
f 532 263 239
f 512 532 239
f 268 248 240
f 517 507 240
f 248 517 240
f 507 505 240
f 249 268 241
f 508 249 241
f 244 262 242
f 513 244 242
f 509 513 242
f 263 245 243
f 510 502 243
f 245 510 243
f 246 264 244
f 264 262 244
f 515 246 244
f 513 515 244
f 263 247 245
f 514 510 245
f 247 514 245
f 250 264 246
f 519 250 246
f 515 519 246
f 265 251 247
f 263 265 247
f 516 514 247
f 251 516 247
f 268 252 248
f 252 517 248
f 253 267 249
f 267 268 249
f 508 518 249
f 522 253 249
f 518 522 249
f 254 264 250
f 523 254 250
f 519 523 250
f 265 255 251
f 520 516 251
f 255 520 251
f 266 256 252
f 268 266 252
f 521 517 252
f 256 521 252
f 257 267 253
f 526 257 253
f 522 526 253
f 266 264 254
f 258 266 254
f 527 258 254
f 523 527 254
f 265 259 255
f 524 520 255
f 259 524 255
f 266 260 256
f 525 521 256
f 260 525 256
f 261 267 257
f 530 261 257
f 526 530 257
f 260 266 258
f 529 260 258
f 527 529 258
f 267 261 259
f 265 267 259
f 528 524 259
f 261 528 259
f 529 525 260
f 530 528 261
f 531 511 262
f 264 531 262
f 534 265 263
f 532 534 263
f 533 531 264
f 266 533 264
f 536 267 265
f 534 536 265
f 535 533 266
f 268 535 266
f 536 537 267
f 537 268 267
f 537 535 268
f 493 497 269
f 497 501 269
f 501 270 269
f 501 509 270
f 542 273 271
f 540 542 271
f 272 540 271
f 541 540 272
f 274 541 272
f 544 275 273
f 542 544 273
f 543 541 274
f 276 543 274
f 546 277 275
f 544 546 275
f 545 543 276
f 296 545 276
f 564 297 277
f 546 564 277
f 549 280 278
f 547 549 278
f 282 547 278
f 552 283 279
f 548 552 279
f 281 548 279
f 553 284 280
f 549 553 280
f 550 548 281
f 285 550 281
f 551 547 282
f 286 551 282
f 556 287 283
f 552 556 283
f 557 288 284
f 553 557 284
f 554 550 285
f 289 554 285
f 555 551 286
f 290 555 286
f 560 291 287
f 556 560 287
f 561 292 288
f 557 561 288
f 558 554 289
f 293 558 289
f 559 555 290
f 569 559 290
f 300 569 290
f 560 301 291
f 565 294 292
f 561 565 292
f 562 558 293
f 295 562 293
f 567 298 294
f 565 567 294
f 566 562 295
f 299 566 295
f 563 545 296
f 312 563 296
f 580 313 297
f 564 580 297
f 573 306 298
f 567 573 298
f 568 566 299
f 307 568 299
f 302 569 300
f 570 572 301
f 572 303 301
f 560 570 301
f 304 571 302
f 571 569 302
f 572 576 303
f 576 305 303
f 308 575 304
f 575 571 304
f 576 578 305
f 578 309 305
f 573 310 306
f 574 568 307
f 582 574 307
f 311 582 307
f 309 577 308
f 577 575 308
f 578 577 309
f 581 583 310
f 583 314 310
f 573 581 310
f 315 582 311
f 579 563 312
f 339 579 312
f 609 340 313
f 580 609 313
f 583 585 314
f 585 316 314
f 317 584 315
f 584 582 315
f 585 587 316
f 587 318 316
f 319 586 317
f 586 584 317
f 587 589 318
f 589 320 318
f 321 588 319
f 588 586 319
f 589 591 320
f 591 322 320
f 323 590 321
f 590 588 321
f 591 593 322
f 593 324 322
f 327 592 323
f 592 590 323
f 593 595 324
f 595 326 324
f 598 329 325
f 594 598 325
f 595 594 325
f 326 595 325
f 596 592 327
f 597 596 327
f 328 597 327
f 330 597 328
f 600 331 329
f 598 600 329
f 599 597 330
f 332 599 330
f 602 333 331
f 600 602 331
f 601 599 332
f 334 601 332
f 604 335 333
f 602 604 333
f 603 601 334
f 336 603 334
f 606 337 335
f 604 606 335
f 605 603 336
f 338 605 336
f 610 341 337
f 606 610 337
f 607 605 338
f 342 607 338
f 608 579 339
f 351 608 339
f 621 352 340
f 609 621 340
f 612 343 341
f 610 612 341
f 611 607 342
f 344 611 342
f 614 345 343
f 612 614 343
f 613 611 344
f 346 613 344
f 616 347 345
f 614 616 345
f 615 613 346
f 348 615 346
f 618 349 347
f 616 618 347
f 617 615 348
f 350 617 348
f 618 353 349
f 623 619 350
f 354 623 350
f 619 617 350
f 620 608 351
f 366 620 351
f 634 367 352
f 621 634 352
f 622 625 353
f 625 356 353
f 618 622 353
f 355 623 354
f 357 624 355
f 624 623 355
f 625 627 356
f 627 358 356
f 359 626 357
f 626 624 357
f 627 629 358
f 629 360 358
f 361 628 359
f 628 626 359
f 629 631 360
f 631 362 360
f 363 630 361
f 630 628 361
f 631 635 362
f 635 364 362
f 365 632 363
f 632 630 363
f 635 637 364
f 637 368 364
f 369 636 365
f 636 632 365
f 633 620 366
f 382 633 366
f 652 383 367
f 634 652 367
f 637 370 368
f 640 638 369
f 371 640 369
f 638 636 369
f 641 372 370
f 639 641 370
f 637 639 370
f 373 640 371
f 643 374 372
f 641 643 372
f 642 640 373
f 375 642 373
f 645 376 374
f 643 645 374
f 644 642 375
f 377 644 375
f 647 378 376
f 645 647 376
f 646 644 377
f 379 646 377
f 649 380 378
f 647 649 378
f 648 646 379
f 381 648 379
f 653 384 380
f 649 653 380
f 650 648 381
f 385 650 381
f 651 633 382
f 394 651 382
f 664 395 383
f 652 664 383
f 655 386 384
f 653 655 384
f 654 650 385
f 387 654 385
f 657 388 386
f 655 657 386
f 656 654 387
f 389 656 387
f 659 390 388
f 657 659 388
f 658 656 389
f 391 658 389
f 661 392 390
f 659 661 390
f 660 658 391
f 393 660 391
f 661 396 392
f 666 662 393
f 397 666 393
f 662 660 393
f 663 651 394
f 412 663 394
f 682 413 395
f 664 682 395
f 665 667 396
f 667 398 396
f 661 665 396
f 399 666 397
f 667 669 398
f 669 400 398
f 401 668 399
f 668 666 399
f 669 671 400
f 671 402 400
f 403 670 401
f 670 668 401
f 671 673 402
f 673 404 402
f 405 672 403
f 672 670 403
f 673 675 404
f 675 406 404
f 407 674 405
f 674 672 405
f 675 677 406
f 677 408 406
f 409 676 407
f 676 674 407
f 677 679 408
f 679 410 408
f 411 678 409
f 678 676 409
f 679 414 410
f 684 680 411
f 415 684 411
f 680 678 411
f 681 663 412
f 424 681 412
f 694 425 413
f 682 694 413
f 685 416 414
f 683 685 414
f 679 683 414
f 417 684 415
f 687 418 416
f 685 687 416
f 686 684 417
f 419 686 417
f 689 420 418
f 687 689 418
f 688 686 419
f 421 688 419
f 691 422 420
f 689 691 420
f 690 688 421
f 423 690 421
f 695 426 422
f 691 695 422
f 692 690 423
f 427 692 423
f 693 681 424
f 440 693 424
f 712 441 425
f 694 712 425
f 697 428 426
f 695 697 426
f 696 692 427
f 429 696 427
f 699 430 428
f 697 699 428
f 698 696 429
f 431 698 429
f 701 432 430
f 699 701 430
f 700 698 431
f 433 700 431
f 703 434 432
f 701 703 432
f 702 700 433
f 435 702 433
f 705 436 434
f 703 705 434
f 704 702 435
f 437 704 435
f 705 438 436
f 708 706 437
f 439 708 437
f 706 704 437
f 707 709 438
f 709 442 438
f 705 707 438
f 443 708 439
f 711 693 440
f 456 711 440
f 726 457 441
f 712 726 441
f 709 713 442
f 713 444 442
f 445 710 443
f 710 708 443
f 713 715 444
f 715 446 444
f 447 714 445
f 714 710 445
f 715 717 446
f 717 448 446
f 449 716 447
f 716 714 447
f 717 719 448
f 719 450 448
f 451 718 449
f 718 716 449
f 719 721 450
f 721 452 450
f 453 720 451
f 720 718 451
f 721 723 452
f 723 454 452
f 455 722 453
f 722 720 453
f 723 458 454
f 728 724 455
f 459 728 455
f 724 722 455
f 725 711 456
f 468 725 456
f 738 469 457
f 726 738 457
f 729 460 458
f 727 729 458
f 723 727 458
f 461 728 459
f 731 462 460
f 729 731 460
f 730 728 461
f 463 730 461
f 733 464 462
f 731 733 462
f 732 730 463
f 465 732 463
f 735 466 464
f 733 735 464
f 734 732 465
f 467 734 465
f 739 470 466
f 735 739 466
f 736 734 467
f 471 736 467
f 737 725 468
f 495 737 468
f 767 496 469
f 738 767 469
f 741 472 470
f 739 741 470
f 740 736 471
f 473 740 471
f 743 474 472
f 741 743 472
f 742 740 473
f 475 742 473
f 745 476 474
f 743 745 474
f 744 742 475
f 477 744 475
f 747 478 476
f 745 747 476
f 746 744 477
f 479 746 477
f 749 480 478
f 747 749 478
f 748 746 479
f 483 748 479
f 749 481 480
f 749 750 481
f 750 754 481
f 754 485 481
f 484 751 482
f 751 483 482
f 751 752 483
f 752 748 483
f 486 753 484
f 753 751 484
f 754 756 485
f 756 487 485
f 488 755 486
f 755 753 486
f 756 758 487
f 758 489 487
f 490 757 488
f 757 755 488
f 758 760 489
f 760 491 489
f 492 759 490
f 759 757 490
f 760 762 491
f 762 493 491
f 494 761 492
f 761 759 492
f 762 538 493
f 538 497 493
f 498 763 494
f 763 761 494
f 766 737 495
f 511 766 495
f 783 512 496
f 767 783 496
f 538 539 497
f 539 501 497
f 773 765 498
f 502 773 498
f 765 763 498
f 503 768 499
f 768 769 499
f 769 500 499
f 769 771 500
f 771 504 500
f 778 509 501
f 539 778 501
f 510 773 502
f 505 770 503
f 770 768 503
f 771 775 504
f 775 506 504
f 507 774 505
f 774 770 505
f 775 777 506
f 777 508 506
f 786 776 507
f 517 786 507
f 776 774 507
f 777 518 508
f 780 513 509
f 778 780 509
f 779 773 510
f 514 779 510
f 782 766 511
f 531 782 511
f 801 532 512
f 783 801 512
f 784 515 513
f 780 784 513
f 781 779 514
f 516 781 514
f 788 519 515
f 784 788 515
f 785 781 516
f 520 785 516
f 521 786 517
f 777 787 518
f 791 522 518
f 787 791 518
f 792 523 519
f 788 792 519
f 789 785 520
f 524 789 520
f 790 786 521
f 525 790 521
f 795 526 522
f 791 795 522
f 796 527 523
f 792 796 523
f 793 789 524
f 528 793 524
f 794 790 525
f 529 794 525
f 799 530 526
f 795 799 526
f 798 529 527
f 796 798 527
f 797 793 528
f 530 797 528
f 798 794 529
f 799 797 530
f 800 782 531
f 533 800 531
f 803 534 532
f 801 803 532
f 802 800 533
f 535 802 533
f 805 536 534
f 803 805 534
f 804 802 535
f 537 804 535
f 805 806 536
f 806 537 536
f 806 804 537
f 762 764 538
f 764 772 538
f 772 539 538
f 772 778 539
f 811 542 540
f 809 811 540
f 541 809 540
f 810 809 541
f 543 810 541
f 813 544 542
f 811 813 542
f 812 810 543
f 545 812 543
f 815 546 544
f 813 815 544
f 814 812 545
f 563 814 545
f 831 564 546
f 815 831 546
f 818 549 547
f 816 818 547
f 551 816 547
f 821 552 548
f 817 821 548
f 550 817 548
f 822 553 549
f 818 822 549
f 819 817 550
f 554 819 550
f 820 816 551
f 555 820 551
f 825 556 552
f 821 825 552
f 826 557 553
f 822 826 553
f 823 819 554
f 558 823 554
f 824 820 555
f 559 824 555
f 829 560 556
f 825 829 556
f 832 561 557
f 826 832 557
f 827 823 558
f 562 827 558
f 828 824 559
f 838 828 559
f 569 838 559
f 829 570 560
f 834 565 561
f 832 834 561
f 833 827 562
f 566 833 562
f 830 814 563
f 579 830 563
f 849 580 564
f 831 849 564
f 836 567 565
f 834 836 565
f 835 833 566
f 568 835 566
f 840 573 567
f 836 840 567
f 837 835 568
f 574 837 568
f 571 838 569
f 839 843 570
f 843 572 570
f 829 839 570
f 575 842 571
f 842 838 571
f 843 845 572
f 845 576 572
f 840 581 573
f 841 837 574
f 851 841 574
f 582 851 574
f 577 844 575
f 844 842 575
f 845 847 576
f 847 578 576
f 578 846 577
f 846 844 577
f 847 846 578
f 848 830 579
f 608 848 579
f 876 609 580
f 849 876 580
f 850 852 581
f 852 583 581
f 840 850 581
f 584 851 582
f 852 854 583
f 854 585 583
f 586 853 584
f 853 851 584
f 854 856 585
f 856 587 585
f 588 855 586
f 855 853 586
f 856 858 587
f 858 589 587
f 590 857 588
f 857 855 588
f 858 860 589
f 860 591 589
f 592 859 590
f 859 857 590
f 860 862 591
f 862 593 591
f 596 861 592
f 861 859 592
f 862 864 593
f 864 595 593
f 867 598 594
f 863 867 594
f 864 863 594
f 595 864 594
f 865 861 596
f 866 865 596
f 597 866 596
f 599 866 597
f 869 600 598
f 867 869 598
f 868 866 599
f 601 868 599
f 871 602 600
f 869 871 600
f 870 868 601
f 603 870 601
f 873 604 602
f 871 873 602
f 872 870 603
f 605 872 603
f 877 606 604
f 873 877 604
f 874 872 605
f 607 874 605
f 879 610 606
f 877 879 606
f 878 874 607
f 611 878 607
f 875 848 608
f 620 875 608
f 890 621 609
f 876 890 609
f 881 612 610
f 879 881 610
f 880 878 611
f 613 880 611
f 883 614 612
f 881 883 612
f 882 880 613
f 615 882 613
f 885 616 614
f 883 885 614
f 884 882 615
f 617 884 615
f 887 618 616
f 885 887 616
f 886 884 617
f 619 886 617
f 887 622 618
f 892 888 619
f 623 892 619
f 888 886 619
f 889 875 620
f 633 889 620
f 902 634 621
f 890 902 621
f 891 894 622
f 894 625 622
f 887 891 622
f 624 892 623
f 626 893 624
f 893 892 624
f 894 896 625
f 896 627 625
f 628 895 626
f 895 893 626
f 896 898 627
f 898 629 627
f 630 897 628
f 897 895 628
f 898 900 629
f 900 631 629
f 632 899 630
f 899 897 630
f 900 904 631
f 904 635 631
f 636 903 632
f 903 899 632
f 901 889 633
f 651 901 633
f 921 652 634
f 902 921 634
f 904 906 635
f 906 637 635
f 638 905 636
f 905 903 636
f 906 639 637
f 909 907 638
f 640 909 638
f 907 905 638
f 910 641 639
f 908 910 639
f 906 908 639
f 642 909 640
f 912 643 641
f 910 912 641
f 911 909 642
f 644 911 642
f 914 645 643
f 912 914 643
f 913 911 644
f 646 913 644
f 916 647 645
f 914 916 645
f 915 913 646
f 648 915 646
f 918 649 647
f 916 918 647
f 917 915 648
f 650 917 648
f 922 653 649
f 918 922 649
f 919 917 650
f 654 919 650
f 920 901 651
f 663 920 651
f 933 664 652
f 921 933 652
f 924 655 653
f 922 924 653
f 923 919 654
f 656 923 654
f 926 657 655
f 924 926 655
f 925 923 656
f 658 925 656
f 928 659 657
f 926 928 657
f 927 925 658
f 660 927 658
f 930 661 659
f 928 930 659
f 929 927 660
f 662 929 660
f 930 665 661
f 935 931 662
f 666 935 662
f 931 929 662
f 932 920 663
f 681 932 663
f 951 682 664
f 933 951 664
f 934 936 665
f 936 667 665
f 930 934 665
f 668 935 666
f 936 938 667
f 938 669 667
f 670 937 668
f 937 935 668
f 938 940 669
f 940 671 669
f 672 939 670
f 939 937 670
f 940 942 671
f 942 673 671
f 674 941 672
f 941 939 672
f 942 944 673
f 944 675 673
f 676 943 674
f 943 941 674
f 944 946 675
f 946 677 675
f 678 945 676
f 945 943 676
f 946 948 677
f 948 679 677
f 680 947 678
f 947 945 678
f 948 683 679
f 953 949 680
f 684 953 680
f 949 947 680
f 950 932 681
f 693 950 681
f 963 694 682
f 951 963 682
f 954 685 683
f 952 954 683
f 948 952 683
f 686 953 684
f 956 687 685
f 954 956 685
f 955 953 686
f 688 955 686
f 958 689 687
f 956 958 687
f 957 955 688
f 690 957 688
f 960 691 689
f 958 960 689
f 959 957 690
f 692 959 690
f 964 695 691
f 960 964 691
f 961 959 692
f 696 961 692
f 962 950 693
f 711 962 693
f 983 712 694
f 963 983 694
f 966 697 695
f 964 966 695
f 965 961 696
f 698 965 696
f 968 699 697
f 966 968 697
f 967 965 698
f 700 967 698
f 970 701 699
f 968 970 699
f 969 967 700
f 702 969 700
f 972 703 701
f 970 972 701
f 971 969 702
f 704 971 702
f 974 705 703
f 972 974 703
f 973 971 704
f 706 973 704
f 974 707 705
f 977 975 706
f 708 977 706
f 975 973 706
f 976 978 707
f 978 709 707
f 974 976 707
f 710 977 708
f 978 980 709
f 980 713 709
f 714 979 710
f 979 977 710
f 982 962 711
f 725 982 711
f 995 726 712
f 983 995 712
f 980 984 713
f 984 715 713
f 716 981 714
f 981 979 714
f 984 986 715
f 986 717 715
f 718 985 716
f 985 981 716
f 986 988 717
f 988 719 717
f 720 987 718
f 987 985 718
f 988 990 719
f 990 721 719
f 722 989 720
f 989 987 720
f 990 992 721
f 992 723 721
f 724 991 722
f 991 989 722
f 992 727 723
f 997 993 724
f 728 997 724
f 993 991 724
f 994 982 725
f 737 994 725
f 1009 738 726
f 995 1009 726
f 998 729 727
f 996 998 727
f 992 996 727
f 730 997 728
f 1000 731 729
f 998 1000 729
f 999 997 730
f 732 999 730
f 1002 733 731
f 1000 1002 731
f 1001 999 732
f 734 1001 732
f 1004 735 733
f 1002 1004 733
f 1003 1001 734
f 736 1003 734
f 1006 739 735
f 1004 1006 735
f 1005 1003 736
f 740 1005 736
f 1008 994 737
f 766 1008 737
f 1036 767 738
f 1009 1036 738
f 1010 741 739
f 1006 1010 739
f 1007 1005 740
f 742 1007 740
f 1012 743 741
f 1010 1012 741
f 1011 1007 742
f 744 1011 742
f 1014 745 743
f 1012 1014 743
f 1013 1011 744
f 746 1013 744
f 1016 747 745
f 1014 1016 745
f 1015 1013 746
f 748 1015 746
f 1018 749 747
f 1016 1018 747
f 1017 1015 748
f 752 1017 748
f 1018 750 749
f 1018 1019 750
f 1019 1023 750
f 1023 754 750
f 753 1020 751
f 1020 752 751
f 1020 1021 752
f 1021 1017 752
f 755 1022 753
f 1022 1020 753
f 1023 1025 754
f 1025 756 754
f 757 1024 755
f 1024 1022 755
f 1025 1027 756
f 1027 758 756
f 759 1026 757
f 1026 1024 757
f 1027 1029 758
f 1029 760 758
f 761 1028 759
f 1028 1026 759
f 1029 1031 760
f 1031 762 760
f 763 1030 761
f 1030 1028 761
f 1031 807 762
f 807 764 762
f 765 1032 763
f 1032 1030 763
f 807 808 764
f 808 772 764
f 1044 1034 765
f 773 1044 765
f 1034 1032 765
f 1035 1008 766
f 782 1035 766
f 1054 783 767
f 1036 1054 767
f 770 1037 768
f 1037 1038 768
f 1038 769 768
f 1038 1040 769
f 1040 771 769
f 774 1039 770
f 1039 1037 770
f 1040 1042 771
f 1042 775 771
f 1047 778 772
f 808 1047 772
f 779 1044 773
f 776 1041 774
f 1041 1039 774
f 1042 1046 775
f 1046 777 775
f 1055 1045 776
f 786 1055 776
f 1045 1041 776
f 1046 787 777
f 1049 780 778
f 1047 1049 778
f 1048 1044 779
f 781 1048 779
f 1051 784 780
f 1049 1051 780
f 1050 1048 781
f 785 1050 781
f 1053 1035 782
f 800 1053 782
f 1070 801 783
f 1054 1070 783
f 1057 788 784
f 1051 1057 784
f 1052 1050 785
f 789 1052 785
f 790 1055 786
f 1046 1056 787
f 1060 791 787
f 1056 1060 787
f 1061 792 788
f 1057 1061 788
f 1058 1052 789
f 793 1058 789
f 1059 1055 790
f 794 1059 790
f 1064 795 791
f 1060 1064 791
f 1065 796 792
f 1061 1065 792
f 1062 1058 793
f 797 1062 793
f 1063 1059 794
f 798 1063 794
f 1068 799 795
f 1064 1068 795
f 1067 798 796
f 1065 1067 796
f 1066 1062 797
f 799 1066 797
f 1067 1063 798
f 1068 1066 799
f 1069 1053 800
f 802 1069 800
f 1072 803 801
f 1070 1072 801
f 1071 1069 802
f 804 1071 802
f 1074 805 803
f 1072 1074 803
f 1073 1071 804
f 806 1073 804
f 1074 1075 805
f 1075 806 805
f 1075 1073 806
f 1031 1033 807
f 1033 1043 807
f 1043 808 807
f 1043 1047 808
f 1080 811 809
f 1078 1080 809
f 810 1078 809
f 1079 1078 810
f 812 1079 810
f 1082 813 811
f 1080 1082 811
f 1081 1079 812
f 814 1081 812
f 1084 815 813
f 1082 1084 813
f 1083 1081 814
f 830 1083 814
f 1094 831 815
f 1084 1094 815
f 1087 818 816
f 1085 1087 816
f 820 1085 816
f 1090 821 817
f 1086 1090 817
f 819 1086 817
f 1091 822 818
f 1087 1091 818
f 1088 1086 819
f 823 1088 819
f 1089 1085 820
f 824 1089 820
f 1096 825 821
f 1090 1096 821
f 1097 826 822
f 1091 1097 822
f 1092 1088 823
f 827 1092 823
f 1095 1089 824
f 828 1095 824
f 1100 829 825
f 1096 1100 825
f 1101 832 826
f 1097 1101 826
f 1098 1092 827
f 833 1098 827
f 1099 1095 828
f 1107 1099 828
f 838 1107 828
f 1100 839 829
f 1093 1083 830
f 848 1093 830
f 1118 849 831
f 1094 1118 831
f 1103 834 832
f 1101 1103 832
f 1102 1098 833
f 835 1102 833
f 1105 836 834
f 1103 1105 834
f 1104 1102 835
f 837 1104 835
f 1109 840 836
f 1105 1109 836
f 1106 1104 837
f 841 1106 837
f 842 1107 838
f 1108 1112 839
f 1112 843 839
f 1100 1108 839
f 1109 850 840
f 1110 1106 841
f 1120 1110 841
f 851 1120 841
f 844 1111 842
f 1111 1107 842
f 1112 1114 843
f 1114 845 843
f 846 1113 844
f 1113 1111 844
f 1114 1116 845
f 1116 847 845
f 847 1115 846
f 1115 1113 846
f 1116 1115 847
f 1117 1093 848
f 875 1117 848
f 1143 876 849
f 1118 1143 849
f 1119 1121 850
f 1121 852 850
f 1109 1119 850
f 853 1120 851
f 1121 1123 852
f 1123 854 852
f 855 1122 853
f 1122 1120 853
f 1123 1125 854
f 1125 856 854
f 857 1124 855
f 1124 1122 855
f 1125 1127 856
f 1127 858 856
f 859 1126 857
f 1126 1124 857
f 1127 1129 858
f 1129 860 858
f 861 1128 859
f 1128 1126 859
f 1129 1131 860
f 1131 862 860
f 865 1130 861
f 1130 1128 861
f 1131 1133 862
f 1133 864 862
f 1136 867 863
f 1132 1136 863
f 1133 1132 863
f 864 1133 863
f 1134 1130 865
f 1135 1134 865
f 866 1135 865
f 868 1135 866
f 1138 869 867
f 1136 1138 867
f 1137 1135 868
f 870 1137 868
f 1140 871 869
f 1138 1140 869
f 1139 1137 870
f 872 1139 870
f 1144 873 871
f 1140 1144 871
f 1141 1139 872
f 874 1141 872
f 1146 877 873
f 1144 1146 873
f 1145 1141 874
f 878 1145 874
f 1142 1117 875
f 889 1142 875
f 1159 890 876
f 1143 1159 876
f 1148 879 877
f 1146 1148 877
f 1147 1145 878
f 880 1147 878
f 1150 881 879
f 1148 1150 879
f 1149 1147 880
f 882 1149 880
f 1152 883 881
f 1150 1152 881
f 1151 1149 882
f 884 1151 882
f 1154 885 883
f 1152 1154 883
f 1153 1151 884
f 886 1153 884
f 1156 887 885
f 1154 1156 885
f 1155 1153 886
f 888 1155 886
f 1156 891 887
f 1161 1157 888
f 892 1161 888
f 1157 1155 888
f 1158 1142 889
f 901 1158 889
f 1170 902 890
f 1159 1170 890
f 1160 1163 891
f 1163 894 891
f 1156 1160 891
f 893 1161 892
f 895 1162 893
f 1162 1161 893
f 1163 1165 894
f 1165 896 894
f 897 1164 895
f 1164 1162 895
f 1165 1167 896
f 1167 898 896
f 899 1166 897
f 1166 1164 897
f 1167 1171 898
f 1171 900 898
f 903 1168 899
f 1168 1166 899
f 1171 1173 900
f 1173 904 900
f 1169 1158 901
f 920 1169 901
f 1188 921 902
f 1170 1188 902
f 905 1172 903
f 1172 1168 903
f 1173 1175 904
f 1175 906 904
f 907 1174 905
f 1174 1172 905
f 1175 908 906
f 1178 1176 907
f 909 1178 907
f 1176 1174 907
f 1179 910 908
f 1177 1179 908
f 1175 1177 908
f 911 1178 909
f 1181 912 910
f 1179 1181 910
f 1180 1178 911
f 913 1180 911
f 1183 914 912
f 1181 1183 912
f 1182 1180 913
f 915 1182 913
f 1185 916 914
f 1183 1185 914
f 1184 1182 915
f 917 1184 915
f 1189 918 916
f 1185 1189 916
f 1186 1184 917
f 919 1186 917
f 1191 922 918
f 1189 1191 918
f 1190 1186 919
f 923 1190 919
f 1187 1169 920
f 932 1187 920
f 1202 933 921
f 1188 1202 921
f 1193 924 922
f 1191 1193 922
f 1192 1190 923
f 925 1192 923
f 1195 926 924
f 1193 1195 924
f 1194 1192 925
f 927 1194 925
f 1197 928 926
f 1195 1197 926
f 1196 1194 927
f 929 1196 927
f 1199 930 928
f 1197 1199 928
f 1198 1196 929
f 931 1198 929
f 1199 934 930
f 1204 1200 931
f 935 1204 931
f 1200 1198 931
f 1201 1187 932
f 950 1201 932
f 1220 951 933
f 1202 1220 933
f 1203 1205 934
f 1205 936 934
f 1199 1203 934
f 937 1204 935
f 1205 1207 936
f 1207 938 936
f 939 1206 937
f 1206 1204 937
f 1207 1209 938
f 1209 940 938
f 941 1208 939
f 1208 1206 939
f 1209 1211 940
f 1211 942 940
f 943 1210 941
f 1210 1208 941
f 1211 1213 942
f 1213 944 942
f 945 1212 943
f 1212 1210 943
f 1213 1215 944
f 1215 946 944
f 947 1214 945
f 1214 1212 945
f 1215 1217 946
f 1217 948 946
f 949 1216 947
f 1216 1214 947
f 1217 952 948
f 1222 1218 949
f 953 1222 949
f 1218 1216 949
f 1219 1201 950
f 962 1219 950
f 1234 963 951
f 1220 1234 951
f 1223 954 952
f 1221 1223 952
f 1217 1221 952
f 955 1222 953
f 1225 956 954
f 1223 1225 954
f 1224 1222 955
f 957 1224 955
f 1227 958 956
f 1225 1227 956
f 1226 1224 957
f 959 1226 957
f 1229 960 958
f 1227 1229 958
f 1228 1226 959
f 961 1228 959
f 1231 964 960
f 1229 1231 960
f 1230 1228 961
f 965 1230 961
f 1233 1219 962
f 982 1233 962
f 1252 983 963
f 1234 1252 963
f 1235 966 964
f 1231 1235 964
f 1232 1230 965
f 967 1232 965
f 1237 968 966
f 1235 1237 966
f 1236 1232 967
f 969 1236 967
f 1239 970 968
f 1237 1239 968
f 1238 1236 969
f 971 1238 969
f 1241 972 970
f 1239 1241 970
f 1240 1238 971
f 973 1240 971
f 1243 974 972
f 1241 1243 972
f 1242 1240 973
f 975 1242 973
f 1243 976 974
f 1246 1244 975
f 977 1246 975
f 1244 1242 975
f 1245 1247 976
f 1247 978 976
f 1243 1245 976
f 979 1246 977
f 1247 1249 978
f 1249 980 978
f 981 1248 979
f 1248 1246 979
f 1249 1253 980
f 1253 984 980
f 985 1250 981
f 1250 1248 981
f 1251 1233 982
f 994 1251 982
f 1264 995 983
f 1252 1264 983
f 1253 1255 984
f 1255 986 984
f 987 1254 985
f 1254 1250 985
f 1255 1257 986
f 1257 988 986
f 989 1256 987
f 1256 1254 987
f 1257 1259 988
f 1259 990 988
f 991 1258 989
f 1258 1256 989
f 1259 1261 990
f 1261 992 990
f 993 1260 991
f 1260 1258 991
f 1261 996 992
f 1266 1262 993
f 997 1266 993
f 1262 1260 993
f 1263 1251 994
f 1008 1263 994
f 1280 1009 995
f 1264 1280 995
f 1267 998 996
f 1265 1267 996
f 1261 1265 996
f 999 1266 997
f 1269 1000 998
f 1267 1269 998
f 1268 1266 999
f 1001 1268 999
f 1271 1002 1000
f 1269 1271 1000
f 1270 1268 1001
f 1003 1270 1001
f 1273 1004 1002
f 1271 1273 1002
f 1272 1270 1003
f 1005 1272 1003
f 1275 1006 1004
f 1273 1275 1004
f 1274 1272 1005
f 1007 1274 1005
f 1277 1010 1006
f 1275 1277 1006
f 1276 1274 1007
f 1011 1276 1007
f 1279 1263 1008
f 1035 1279 1008
f 1305 1036 1009
f 1280 1305 1009
f 1281 1012 1010
f 1277 1281 1010
f 1278 1276 1011
f 1013 1278 1011
f 1283 1014 1012
f 1281 1283 1012
f 1282 1278 1013
f 1015 1282 1013
f 1285 1016 1014
f 1283 1285 1014
f 1284 1282 1015
f 1017 1284 1015
f 1287 1018 1016
f 1285 1287 1016
f 1286 1284 1017
f 1021 1286 1017
f 1287 1019 1018
f 1287 1288 1019
f 1288 1292 1019
f 1292 1023 1019
f 1022 1289 1020
f 1289 1021 1020
f 1289 1290 1021
f 1290 1286 1021
f 1024 1291 1022
f 1291 1289 1022
f 1292 1294 1023
f 1294 1025 1023
f 1026 1293 1024
f 1293 1291 1024
f 1294 1296 1025
f 1296 1027 1025
f 1028 1295 1026
f 1295 1293 1026
f 1296 1298 1027
f 1298 1029 1027
f 1030 1297 1028
f 1297 1295 1028
f 1298 1300 1029
f 1300 1031 1029
f 1032 1299 1030
f 1299 1297 1030
f 1300 1076 1031
f 1076 1033 1031
f 1034 1301 1032
f 1301 1299 1032
f 1076 1077 1033
f 1077 1043 1033
f 1313 1303 1034
f 1044 1313 1034
f 1303 1301 1034
f 1304 1279 1035
f 1053 1304 1035
f 1329 1054 1036
f 1305 1329 1036
f 1039 1306 1037
f 1306 1307 1037
f 1307 1038 1037
f 1307 1309 1038
f 1309 1040 1038
f 1041 1308 1039
f 1308 1306 1039
f 1309 1311 1040
f 1311 1042 1040
f 1045 1310 1041
f 1310 1308 1041
f 1311 1315 1042
f 1315 1046 1042
f 1077 1047 1043
f 1048 1313 1044
f 1322 1314 1045
f 1055 1322 1045
f 1314 1310 1045
f 1315 1056 1046
f 1318 1049 1047
f 1316 1318 1047
f 1077 1316 1047
f 1317 1313 1048
f 1050 1317 1048
f 1320 1051 1049
f 1318 1320 1049
f 1319 1317 1050
f 1052 1319 1050
f 1324 1057 1051
f 1320 1324 1051
f 1321 1319 1052
f 1058 1321 1052
f 1328 1304 1053
f 1069 1328 1053
f 1339 1070 1054
f 1329 1339 1054
f 1059 1322 1055
f 1315 1323 1056
f 1327 1060 1056
f 1323 1327 1056
f 1330 1061 1057
f 1324 1330 1057
f 1325 1321 1058
f 1062 1325 1058
f 1326 1322 1059
f 1063 1326 1059
f 1333 1064 1060
f 1327 1333 1060
f 1334 1065 1061
f 1330 1334 1061
f 1331 1325 1062
f 1066 1331 1062
f 1332 1326 1063
f 1067 1332 1063
f 1337 1068 1064
f 1333 1337 1064
f 1336 1067 1065
f 1334 1336 1065
f 1335 1331 1066
f 1068 1335 1066
f 1336 1332 1067
f 1337 1335 1068
f 1338 1328 1069
f 1071 1338 1069
f 1341 1072 1070
f 1339 1341 1070
f 1340 1338 1071
f 1073 1340 1071
f 1343 1074 1072
f 1341 1343 1072
f 1342 1340 1073
f 1075 1342 1073
f 1343 1344 1074
f 1344 1075 1074
f 1344 1342 1075
f 1300 1302 1076
f 1302 1312 1076
f 1312 1077 1076
f 1312 1316 1077
f 1349 1080 1078
f 1347 1349 1078
f 1079 1347 1078
f 1348 1347 1079
f 1081 1348 1079
f 1351 1082 1080
f 1349 1351 1080
f 1350 1348 1081
f 1083 1350 1081
f 1353 1084 1082
f 1351 1353 1082
f 1352 1350 1083
f 1093 1352 1083
f 1355 1094 1084
f 1353 1355 1084
f 1358 1087 1085
f 1356 1358 1085
f 1089 1356 1085
f 1361 1090 1086
f 1357 1361 1086
f 1088 1357 1086
f 1362 1091 1087
f 1358 1362 1087
f 1359 1357 1088
f 1092 1359 1088
f 1360 1356 1089
f 1095 1360 1089
f 1365 1096 1090
f 1361 1365 1090
f 1366 1097 1091
f 1362 1366 1091
f 1363 1359 1092
f 1098 1363 1092
f 1354 1352 1093
f 1117 1354 1093
f 1387 1118 1094
f 1355 1387 1094
f 1364 1360 1095
f 1099 1364 1095
f 1369 1100 1096
f 1365 1369 1096
f 1370 1101 1097
f 1366 1370 1097
f 1367 1363 1098
f 1102 1367 1098
f 1368 1364 1099
f 1376 1368 1099
f 1107 1376 1099
f 1369 1108 1100
f 1372 1103 1101
f 1370 1372 1101
f 1371 1367 1102
f 1104 1371 1102
f 1374 1105 1103
f 1372 1374 1103
f 1373 1371 1104
f 1106 1373 1104
f 1378 1109 1105
f 1374 1378 1105
f 1375 1373 1106
f 1110 1375 1106
f 1111 1376 1107
f 1377 1381 1108
f 1381 1112 1108
f 1369 1377 1108
f 1378 1119 1109
f 1379 1375 1110
f 1389 1379 1110
f 1120 1389 1110
f 1113 1380 1111
f 1380 1376 1111
f 1381 1383 1112
f 1383 1114 1112
f 1115 1382 1113
f 1382 1380 1113
f 1383 1385 1114
f 1385 1116 1114
f 1116 1384 1115
f 1384 1382 1115
f 1385 1384 1116
f 1386 1354 1117
f 1142 1386 1117
f 1410 1143 1118
f 1387 1410 1118
f 1388 1390 1119
f 1390 1121 1119
f 1378 1388 1119
f 1122 1389 1120
f 1390 1392 1121
f 1392 1123 1121
f 1124 1391 1122
f 1391 1389 1122
f 1392 1394 1123
f 1394 1125 1123
f 1126 1393 1124
f 1393 1391 1124
f 1394 1396 1125
f 1396 1127 1125
f 1128 1395 1126
f 1395 1393 1126
f 1396 1398 1127
f 1398 1129 1127
f 1130 1397 1128
f 1397 1395 1128
f 1398 1400 1129
f 1400 1131 1129
f 1134 1399 1130
f 1399 1397 1130
f 1400 1402 1131
f 1402 1133 1131
f 1405 1136 1132
f 1401 1405 1132
f 1402 1401 1132
f 1133 1402 1132
f 1403 1399 1134
f 1404 1403 1134
f 1135 1404 1134
f 1137 1404 1135
f 1407 1138 1136
f 1405 1407 1136
f 1406 1404 1137
f 1139 1406 1137
f 1411 1140 1138
f 1407 1411 1138
f 1408 1406 1139
f 1141 1408 1139
f 1413 1144 1140
f 1411 1413 1140
f 1412 1408 1141
f 1145 1412 1141
f 1409 1386 1142
f 1158 1409 1142
f 1428 1159 1143
f 1410 1428 1143
f 1415 1146 1144
f 1413 1415 1144
f 1414 1412 1145
f 1147 1414 1145
f 1417 1148 1146
f 1415 1417 1146
f 1416 1414 1147
f 1149 1416 1147
f 1419 1150 1148
f 1417 1419 1148
f 1418 1416 1149
f 1151 1418 1149
f 1421 1152 1150
f 1419 1421 1150
f 1420 1418 1151
f 1153 1420 1151
f 1423 1154 1152
f 1421 1423 1152
f 1422 1420 1153
f 1155 1422 1153
f 1425 1156 1154
f 1423 1425 1154
f 1424 1422 1155
f 1157 1424 1155
f 1425 1160 1156
f 1430 1426 1157
f 1161 1430 1157
f 1426 1424 1157
f 1427 1409 1158
f 1169 1427 1158
f 1439 1170 1159
f 1428 1439 1159
f 1429 1432 1160
f 1432 1163 1160
f 1425 1429 1160
f 1162 1430 1161
f 1164 1431 1162
f 1431 1430 1162
f 1432 1434 1163
f 1434 1165 1163
f 1166 1433 1164
f 1433 1431 1164
f 1434 1436 1165
f 1436 1167 1165
f 1168 1435 1166
f 1435 1433 1166
f 1436 1440 1167
f 1440 1171 1167
f 1172 1437 1168
f 1437 1435 1168
f 1438 1427 1169
f 1187 1438 1169
f 1457 1188 1170
f 1439 1457 1170
f 1440 1442 1171
f 1442 1173 1171
f 1174 1441 1172
f 1441 1437 1172
f 1442 1444 1173
f 1444 1175 1173
f 1176 1443 1174
f 1443 1441 1174
f 1444 1177 1175
f 1447 1445 1176
f 1178 1447 1176
f 1445 1443 1176
f 1448 1179 1177
f 1446 1448 1177
f 1444 1446 1177
f 1180 1447 1178
f 1450 1181 1179
f 1448 1450 1179
f 1449 1447 1180
f 1182 1449 1180
f 1452 1183 1181
f 1450 1452 1181
f 1451 1449 1182
f 1184 1451 1182
f 1454 1185 1183
f 1452 1454 1183
f 1453 1451 1184
f 1186 1453 1184
f 1458 1189 1185
f 1454 1458 1185
f 1455 1453 1186
f 1190 1455 1186
f 1456 1438 1187
f 1201 1456 1187
f 1473 1202 1188
f 1457 1473 1188
f 1460 1191 1189
f 1458 1460 1189
f 1459 1455 1190
f 1192 1459 1190
f 1462 1193 1191
f 1460 1462 1191
f 1461 1459 1192
f 1194 1461 1192
f 1464 1195 1193
f 1462 1464 1193
f 1463 1461 1194
f 1196 1463 1194
f 1466 1197 1195
f 1464 1466 1195
f 1465 1463 1196
f 1198 1465 1196
f 1468 1199 1197
f 1466 1468 1197
f 1467 1465 1198
f 1200 1467 1198
f 1468 1203 1199
f 1471 1469 1200
f 1204 1471 1200
f 1469 1467 1200
f 1472 1456 1201
f 1219 1472 1201
f 1487 1220 1202
f 1473 1487 1202
f 1470 1474 1203
f 1474 1205 1203
f 1468 1470 1203
f 1206 1471 1204
f 1474 1476 1205
f 1476 1207 1205
f 1208 1475 1206
f 1475 1471 1206
f 1476 1478 1207
f 1478 1209 1207
f 1210 1477 1208
f 1477 1475 1208
f 1478 1480 1209
f 1480 1211 1209
f 1212 1479 1210
f 1479 1477 1210
f 1480 1482 1211
f 1482 1213 1211
f 1214 1481 1212
f 1481 1479 1212
f 1482 1484 1213
f 1484 1215 1213
f 1216 1483 1214
f 1483 1481 1214
f 1484 1488 1215
f 1488 1217 1215
f 1218 1485 1216
f 1485 1483 1216
f 1488 1221 1217
f 1491 1489 1218
f 1222 1491 1218
f 1489 1485 1218
f 1486 1472 1219
f 1233 1486 1219
f 1503 1234 1220
f 1487 1503 1220
f 1492 1223 1221
f 1490 1492 1221
f 1488 1490 1221
f 1224 1491 1222
f 1494 1225 1223
f 1492 1494 1223
f 1493 1491 1224
f 1226 1493 1224
f 1496 1227 1225
f 1494 1496 1225
f 1495 1493 1226
f 1228 1495 1226
f 1498 1229 1227
f 1496 1498 1227
f 1497 1495 1228
f 1230 1497 1228
f 1500 1231 1229
f 1498 1500 1229
f 1499 1497 1230
f 1232 1499 1230
f 1504 1235 1231
f 1500 1504 1231
f 1501 1499 1232
f 1236 1501 1232
f 1502 1486 1233
f 1251 1502 1233
f 1521 1252 1234
f 1503 1521 1234
f 1506 1237 1235
f 1504 1506 1235
f 1505 1501 1236
f 1238 1505 1236
f 1508 1239 1237
f 1506 1508 1237
f 1507 1505 1238
f 1240 1507 1238
f 1510 1241 1239
f 1508 1510 1239
f 1509 1507 1240
f 1242 1509 1240
f 1512 1243 1241
f 1510 1512 1241
f 1511 1509 1242
f 1244 1511 1242
f 1512 1245 1243
f 1515 1513 1244
f 1246 1515 1244
f 1513 1511 1244
f 1514 1516 1245
f 1516 1247 1245
f 1512 1514 1245
f 1248 1515 1246
f 1516 1518 1247
f 1518 1249 1247
f 1250 1517 1248
f 1517 1515 1248
f 1518 1522 1249
f 1522 1253 1249
f 1254 1519 1250
f 1519 1517 1250
f 1520 1502 1251
f 1263 1520 1251
f 1533 1264 1252
f 1521 1533 1252
f 1522 1524 1253
f 1524 1255 1253
f 1256 1523 1254
f 1523 1519 1254
f 1524 1526 1255
f 1526 1257 1255
f 1258 1525 1256
f 1525 1523 1256
f 1526 1528 1257
f 1528 1259 1257
f 1260 1527 1258
f 1527 1525 1258
f 1528 1530 1259
f 1530 1261 1259
f 1262 1529 1260
f 1529 1527 1260
f 1530 1265 1261
f 1535 1531 1262
f 1266 1535 1262
f 1531 1529 1262
f 1532 1520 1263
f 1279 1532 1263
f 1551 1280 1264
f 1533 1551 1264
f 1536 1267 1265
f 1534 1536 1265
f 1530 1534 1265
f 1268 1535 1266
f 1538 1269 1267
f 1536 1538 1267
f 1537 1535 1268
f 1270 1537 1268
f 1540 1271 1269
f 1538 1540 1269
f 1539 1537 1270
f 1272 1539 1270
f 1542 1273 1271
f 1540 1542 1271
f 1541 1539 1272
f 1274 1541 1272
f 1544 1275 1273
f 1542 1544 1273
f 1543 1541 1274
f 1276 1543 1274
f 1546 1277 1275
f 1544 1546 1275
f 1545 1543 1276
f 1278 1545 1276
f 1548 1281 1277
f 1546 1548 1277
f 1547 1545 1278
f 1282 1547 1278
f 1550 1532 1279
f 1304 1550 1279
f 1574 1305 1280
f 1551 1574 1280
f 1552 1283 1281
f 1548 1552 1281
f 1549 1547 1282
f 1284 1549 1282
f 1554 1285 1283
f 1552 1554 1283
f 1553 1549 1284
f 1286 1553 1284
f 1556 1287 1285
f 1554 1556 1285
f 1555 1553 1286
f 1290 1555 1286
f 1556 1288 1287
f 1556 1557 1288
f 1557 1561 1288
f 1561 1292 1288
f 1291 1558 1289
f 1558 1290 1289
f 1558 1559 1290
f 1559 1555 1290
f 1293 1560 1291
f 1560 1558 1291
f 1561 1563 1292
f 1563 1294 1292
f 1295 1562 1293
f 1562 1560 1293
f 1563 1565 1294
f 1565 1296 1294
f 1297 1564 1295
f 1564 1562 1295
f 1565 1567 1296
f 1567 1298 1296
f 1299 1566 1297
f 1566 1564 1297
f 1567 1569 1298
f 1569 1300 1298
f 1301 1568 1299
f 1568 1566 1299
f 1569 1345 1300
f 1345 1302 1300
f 1303 1570 1301
f 1570 1568 1301
f 1345 1346 1302
f 1346 1312 1302
f 1582 1572 1303
f 1313 1582 1303
f 1572 1570 1303
f 1573 1550 1304
f 1328 1573 1304
f 1606 1329 1305
f 1574 1606 1305
f 1308 1575 1306
f 1575 1576 1306
f 1576 1307 1306
f 1576 1578 1307
f 1578 1309 1307
f 1310 1577 1308
f 1577 1575 1308
f 1578 1580 1309
f 1580 1311 1309
f 1314 1579 1310
f 1579 1577 1310
f 1580 1584 1311
f 1584 1315 1311
f 1346 1316 1312
f 1317 1582 1313
f 1591 1583 1314
f 1322 1591 1314
f 1583 1579 1314
f 1584 1323 1315
f 1346 1585 1316
f 1585 1587 1316
f 1587 1318 1316
f 1586 1582 1317
f 1319 1586 1317
f 1587 1589 1318
f 1589 1320 1318
f 1588 1586 1319
f 1321 1588 1319
f 1589 1593 1320
f 1593 1324 1320
f 1590 1588 1321
f 1325 1590 1321
f 1326 1591 1322
f 1584 1592 1323
f 1596 1327 1323
f 1592 1596 1323
f 1593 1597 1324
f 1597 1330 1324
f 1594 1590 1325
f 1331 1594 1325
f 1332 1595 1326
f 1595 1591 1326
f 1600 1333 1327
f 1596 1600 1327
f 1605 1573 1328
f 1338 1605 1328
f 1608 1339 1329
f 1606 1608 1329
f 1597 1601 1330
f 1601 1334 1330
f 1598 1594 1331
f 1335 1598 1331
f 1336 1599 1332
f 1599 1595 1332
f 1604 1337 1333
f 1600 1604 1333
f 1601 1603 1334
f 1603 1336 1334
f 1602 1598 1335
f 1337 1602 1335
f 1603 1599 1336
f 1604 1602 1337
f 1607 1605 1338
f 1340 1607 1338
f 1610 1341 1339
f 1608 1610 1339
f 1609 1607 1340
f 1342 1609 1340
f 1612 1343 1341
f 1610 1612 1341
f 1611 1609 1342
f 1344 1611 1342
f 1612 1613 1343
f 1613 1344 1343
f 1613 1611 1344
f 1569 1571 1345
f 1571 1581 1345
f 1581 1346 1345
f 1581 1585 1346
f 1618 1349 1347
f 1616 1618 1347
f 1348 1616 1347
f 1617 1616 1348
f 1350 1617 1348
f 1620 1351 1349
f 1618 1620 1349
f 1619 1617 1350
f 1352 1619 1350
f 1622 1353 1351
f 1620 1622 1351
f 1621 1619 1352
f 1354 1621 1352
f 1624 1355 1353
f 1622 1624 1353
f 1623 1621 1354
f 1386 1623 1354
f 1656 1387 1355
f 1624 1656 1355
f 1627 1358 1356
f 1625 1627 1356
f 1360 1625 1356
f 1630 1361 1357
f 1626 1630 1357
f 1359 1626 1357
f 1631 1362 1358
f 1627 1631 1358
f 1628 1626 1359
f 1363 1628 1359
f 1629 1625 1360
f 1364 1629 1360
f 1634 1365 1361
f 1630 1634 1361
f 1635 1366 1362
f 1631 1635 1362
f 1632 1628 1363
f 1367 1632 1363
f 1633 1629 1364
f 1368 1633 1364
f 1638 1369 1365
f 1634 1638 1365
f 1639 1370 1366
f 1635 1639 1366
f 1636 1632 1367
f 1371 1636 1367
f 1637 1633 1368
f 1645 1637 1368
f 1376 1645 1368
f 1638 1377 1369
f 1641 1372 1370
f 1639 1641 1370
f 1640 1636 1371
f 1373 1640 1371
f 1643 1374 1372
f 1641 1643 1372
f 1642 1640 1373
f 1375 1642 1373
f 1647 1378 1374
f 1643 1647 1374
f 1644 1642 1375
f 1379 1644 1375
f 1380 1645 1376
f 1646 1650 1377
f 1650 1381 1377
f 1638 1646 1377
f 1647 1388 1378
f 1648 1644 1379
f 1658 1648 1379
f 1389 1658 1379
f 1382 1649 1380
f 1649 1645 1380
f 1650 1652 1381
f 1652 1383 1381
f 1384 1651 1382
f 1651 1649 1382
f 1652 1654 1383
f 1654 1385 1383
f 1385 1653 1384
f 1653 1651 1384
f 1654 1653 1385
f 1655 1623 1386
f 1409 1655 1386
f 1670 1410 1387
f 1656 1670 1387
f 1657 1659 1388
f 1659 1390 1388
f 1647 1657 1388
f 1391 1658 1389
f 1659 1661 1390
f 1661 1392 1390
f 1393 1660 1391
f 1660 1658 1391
f 1661 1663 1392
f 1663 1394 1392
f 1395 1662 1393
f 1662 1660 1393
f 1663 1665 1394
f 1665 1396 1394
f 1397 1664 1395
f 1664 1662 1395
f 1665 1667 1396
f 1667 1398 1396
f 1399 1666 1397
f 1666 1664 1397
f 1667 1671 1398
f 1671 1400 1398
f 1403 1668 1399
f 1668 1666 1399
f 1671 1673 1400
f 1673 1402 1400
f 1676 1405 1401
f 1672 1676 1401
f 1673 1672 1401
f 1402 1673 1401
f 1674 1668 1403
f 1675 1674 1403
f 1404 1675 1403
f 1406 1675 1404
f 1678 1407 1405
f 1676 1678 1405
f 1677 1675 1406
f 1408 1677 1406
f 1680 1411 1407
f 1678 1680 1407
f 1679 1677 1408
f 1412 1679 1408
f 1669 1655 1409
f 1427 1669 1409
f 1697 1428 1410
f 1670 1697 1410
f 1682 1413 1411
f 1680 1682 1411
f 1681 1679 1412
f 1414 1681 1412
f 1684 1415 1413
f 1682 1684 1413
f 1683 1681 1414
f 1416 1683 1414
f 1686 1417 1415
f 1684 1686 1415
f 1685 1683 1416
f 1418 1685 1416
f 1688 1419 1417
f 1686 1688 1417
f 1687 1685 1418
f 1420 1687 1418
f 1690 1421 1419
f 1688 1690 1419
f 1689 1687 1420
f 1422 1689 1420
f 1692 1423 1421
f 1690 1692 1421
f 1691 1689 1422
f 1424 1691 1422
f 1694 1425 1423
f 1692 1694 1423
f 1693 1691 1424
f 1426 1693 1424
f 1694 1429 1425
f 1699 1695 1426
f 1430 1699 1426
f 1695 1693 1426
f 1696 1669 1427
f 1438 1696 1427
f 1707 1439 1428
f 1697 1707 1428
f 1698 1701 1429
f 1701 1432 1429
f 1694 1698 1429
f 1431 1699 1430
f 1433 1700 1431
f 1700 1699 1431
f 1701 1703 1432
f 1703 1434 1432
f 1435 1702 1433
f 1702 1700 1433
f 1703 1705 1434
f 1705 1436 1434
f 1437 1704 1435
f 1704 1702 1435
f 1705 1709 1436
f 1709 1440 1436
f 1441 1708 1437
f 1708 1704 1437
f 1706 1696 1438
f 1456 1706 1438
f 1726 1457 1439
f 1707 1726 1439
f 1709 1711 1440
f 1711 1442 1440
f 1443 1710 1441
f 1710 1708 1441
f 1711 1713 1442
f 1713 1444 1442
f 1445 1712 1443
f 1712 1710 1443
f 1713 1446 1444
f 1716 1714 1445
f 1447 1716 1445
f 1714 1712 1445
f 1717 1448 1446
f 1715 1717 1446
f 1713 1715 1446
f 1449 1716 1447
f 1719 1450 1448
f 1717 1719 1448
f 1718 1716 1449
f 1451 1718 1449
f 1721 1452 1450
f 1719 1721 1450
f 1720 1718 1451
f 1453 1720 1451
f 1723 1454 1452
f 1721 1723 1452
f 1722 1720 1453
f 1455 1722 1453
f 1727 1458 1454
f 1723 1727 1454
f 1724 1722 1455
f 1459 1724 1455
f 1725 1706 1456
f 1472 1725 1456
f 1742 1473 1457
f 1726 1742 1457
f 1729 1460 1458
f 1727 1729 1458
f 1728 1724 1459
f 1461 1728 1459
f 1731 1462 1460
f 1729 1731 1460
f 1730 1728 1461
f 1463 1730 1461
f 1733 1464 1462
f 1731 1733 1462
f 1732 1730 1463
f 1465 1732 1463
f 1735 1466 1464
f 1733 1735 1464
f 1734 1732 1465
f 1467 1734 1465
f 1737 1468 1466
f 1735 1737 1466
f 1736 1734 1467
f 1469 1736 1467
f 1737 1470 1468
f 1740 1738 1469
f 1471 1740 1469
f 1738 1736 1469
f 1739 1743 1470
f 1743 1474 1470
f 1737 1739 1470
f 1475 1740 1471
f 1741 1725 1472
f 1486 1741 1472
f 1756 1487 1473
f 1742 1756 1473
f 1743 1745 1474
f 1745 1476 1474
f 1477 1744 1475
f 1744 1740 1475
f 1745 1747 1476
f 1747 1478 1476
f 1479 1746 1477
f 1746 1744 1477
f 1747 1749 1478
f 1749 1480 1478
f 1481 1748 1479
f 1748 1746 1479
f 1749 1751 1480
f 1751 1482 1480
f 1483 1750 1481
f 1750 1748 1481
f 1751 1753 1482
f 1753 1484 1482
f 1485 1752 1483
f 1752 1750 1483
f 1753 1757 1484
f 1757 1488 1484
f 1489 1754 1485
f 1754 1752 1485
f 1755 1741 1486
f 1502 1755 1486
f 1772 1503 1487
f 1756 1772 1487
f 1757 1490 1488
f 1760 1758 1489
f 1491 1760 1489
f 1758 1754 1489
f 1761 1492 1490
f 1759 1761 1490
f 1757 1759 1490
f 1493 1760 1491
f 1763 1494 1492
f 1761 1763 1492
f 1762 1760 1493
f 1495 1762 1493
f 1765 1496 1494
f 1763 1765 1494
f 1764 1762 1495
f 1497 1764 1495
f 1767 1498 1496
f 1765 1767 1496
f 1766 1764 1497
f 1499 1766 1497
f 1769 1500 1498
f 1767 1769 1498
f 1768 1766 1499
f 1501 1768 1499
f 1773 1504 1500
f 1769 1773 1500
f 1770 1768 1501
f 1505 1770 1501
f 1771 1755 1502
f 1520 1771 1502
f 1792 1521 1503
f 1772 1792 1503
f 1775 1506 1504
f 1773 1775 1504
f 1774 1770 1505
f 1507 1774 1505
f 1777 1508 1506
f 1775 1777 1506
f 1776 1774 1507
f 1509 1776 1507
f 1779 1510 1508
f 1777 1779 1508
f 1778 1776 1509
f 1511 1778 1509
f 1781 1512 1510
f 1779 1781 1510
f 1780 1778 1511
f 1513 1780 1511
f 1781 1514 1512
f 1784 1782 1513
f 1515 1784 1513
f 1782 1780 1513
f 1783 1785 1514
f 1785 1516 1514
f 1781 1783 1514
f 1517 1784 1515
f 1785 1787 1516
f 1787 1518 1516
f 1519 1786 1517
f 1786 1784 1517
f 1787 1789 1518
f 1789 1522 1518
f 1523 1788 1519
f 1788 1786 1519
f 1791 1771 1520
f 1532 1791 1520
f 1802 1533 1521
f 1792 1802 1521
f 1789 1793 1522
f 1793 1524 1522
f 1525 1790 1523
f 1790 1788 1523
f 1793 1795 1524
f 1795 1526 1524
f 1527 1794 1525
f 1794 1790 1525
f 1795 1797 1526
f 1797 1528 1526
f 1529 1796 1527
f 1796 1794 1527
f 1797 1799 1528
f 1799 1530 1528
f 1531 1798 1529
f 1798 1796 1529
f 1799 1534 1530
f 1804 1800 1531
f 1535 1804 1531
f 1800 1798 1531
f 1801 1791 1532
f 1550 1801 1532
f 1829 1551 1533
f 1802 1829 1533
f 1805 1536 1534
f 1803 1805 1534
f 1799 1803 1534
f 1537 1804 1535
f 1807 1538 1536
f 1805 1807 1536
f 1806 1804 1537
f 1539 1806 1537
f 1809 1540 1538
f 1807 1809 1538
f 1808 1806 1539
f 1541 1808 1539
f 1811 1542 1540
f 1809 1811 1540
f 1810 1808 1541
f 1543 1810 1541
f 1813 1544 1542
f 1811 1813 1542
f 1812 1810 1543
f 1545 1812 1543
f 1815 1546 1544
f 1813 1815 1544
f 1814 1812 1545
f 1547 1814 1545
f 1817 1548 1546
f 1815 1817 1546
f 1816 1814 1547
f 1549 1816 1547
f 1819 1552 1548
f 1817 1819 1548
f 1818 1816 1549
f 1553 1818 1549
f 1828 1801 1550
f 1573 1828 1550
f 1843 1574 1551
f 1829 1843 1551
f 1821 1554 1552
f 1819 1821 1552
f 1820 1818 1553
f 1555 1820 1553
f 1823 1556 1554
f 1821 1823 1554
f 1822 1820 1555
f 1559 1822 1555
f 1823 1557 1556
f 1823 1824 1557
f 1824 1830 1557
f 1830 1561 1557
f 1560 1825 1558
f 1825 1559 1558
f 1825 1826 1559
f 1826 1822 1559
f 1562 1827 1560
f 1827 1825 1560
f 1830 1832 1561
f 1832 1563 1561
f 1564 1831 1562
f 1831 1827 1562
f 1832 1834 1563
f 1834 1565 1563
f 1566 1833 1564
f 1833 1831 1564
f 1834 1836 1565
f 1836 1567 1565
f 1568 1835 1566
f 1835 1833 1566
f 1836 1838 1567
f 1838 1569 1567
f 1570 1837 1568
f 1837 1835 1568
f 1838 1614 1569
f 1614 1571 1569
f 1572 1839 1570
f 1839 1837 1570
f 1614 1615 1571
f 1615 1581 1571
f 1851 1841 1572
f 1582 1851 1572
f 1841 1839 1572
f 1842 1828 1573
f 1605 1842 1573
f 1875 1606 1574
f 1843 1875 1574
f 1577 1844 1575
f 1844 1845 1575
f 1845 1576 1575
f 1845 1847 1576
f 1847 1578 1576
f 1579 1846 1577
f 1846 1844 1577
f 1847 1849 1578
f 1849 1580 1578
f 1583 1848 1579
f 1848 1846 1579
f 1849 1853 1580
f 1853 1584 1580
f 1615 1585 1581
f 1586 1851 1582
f 1860 1852 1583
f 1591 1860 1583
f 1852 1848 1583
f 1853 1592 1584
f 1856 1587 1585
f 1854 1856 1585
f 1615 1854 1585
f 1855 1851 1586
f 1588 1855 1586
f 1858 1589 1587
f 1856 1858 1587
f 1857 1855 1588
f 1590 1857 1588
f 1862 1593 1589
f 1858 1862 1589
f 1859 1857 1590
f 1594 1859 1590
f 1595 1860 1591
f 1853 1861 1592
f 1865 1596 1592
f 1861 1865 1592
f 1866 1597 1593
f 1862 1866 1593
f 1863 1859 1594
f 1598 1863 1594
f 1864 1860 1595
f 1599 1864 1595
f 1869 1600 1596
f 1865 1869 1596
f 1870 1601 1597
f 1866 1870 1597
f 1867 1863 1598
f 1602 1867 1598
f 1868 1864 1599
f 1603 1868 1599
f 1873 1604 1600
f 1869 1873 1600
f 1872 1603 1601
f 1870 1872 1601
f 1871 1867 1602
f 1604 1871 1602
f 1872 1868 1603
f 1873 1871 1604
f 1874 1842 1605
f 1607 1874 1605
f 1877 1608 1606
f 1875 1877 1606
f 1876 1874 1607
f 1609 1876 1607
f 1879 1610 1608
f 1877 1879 1608
f 1878 1876 1609
f 1611 1878 1609
f 1881 1612 1610
f 1879 1881 1610
f 1880 1878 1611
f 1613 1880 1611
f 1881 1882 1612
f 1882 1613 1612
f 1882 1880 1613
f 1838 1840 1614
f 1840 1850 1614
f 1850 1615 1614
f 1850 1854 1615
f 1887 1618 1616
f 1885 1887 1616
f 1617 1885 1616
f 1886 1885 1617
f 1619 1886 1617
f 1889 1620 1618
f 1887 1889 1618
f 1888 1886 1619
f 1621 1888 1619
f 1891 1622 1620
f 1889 1891 1620
f 1890 1888 1621
f 1623 1890 1621
f 1893 1624 1622
f 1891 1893 1622
f 1892 1890 1623
f 1655 1892 1623
f 1925 1656 1624
f 1893 1925 1624
f 1896 1627 1625
f 1894 1896 1625
f 1629 1894 1625
f 1899 1630 1626
f 1895 1899 1626
f 1628 1895 1626
f 1900 1631 1627
f 1896 1900 1627
f 1897 1895 1628
f 1632 1897 1628
f 1898 1894 1629
f 1633 1898 1629
f 1903 1634 1630
f 1899 1903 1630
f 1904 1635 1631
f 1900 1904 1631
f 1901 1897 1632
f 1636 1901 1632
f 1902 1898 1633
f 1637 1902 1633
f 1907 1638 1634
f 1903 1907 1634
f 1908 1639 1635
f 1904 1908 1635
f 1905 1901 1636
f 1640 1905 1636
f 1906 1902 1637
f 1914 1906 1637
f 1645 1914 1637
f 1907 1646 1638
f 1910 1641 1639
f 1908 1910 1639
f 1909 1905 1640
f 1642 1909 1640
f 1912 1643 1641
f 1910 1912 1641
f 1911 1909 1642
f 1644 1911 1642
f 1916 1647 1643
f 1912 1916 1643
f 1913 1911 1644
f 1648 1913 1644
f 1649 1914 1645
f 1915 1919 1646
f 1919 1650 1646
f 1907 1915 1646
f 1916 1657 1647
f 1917 1913 1648
f 1927 1917 1648
f 1658 1927 1648
f 1651 1918 1649
f 1918 1914 1649
f 1919 1921 1650
f 1921 1652 1650
f 1653 1920 1651
f 1920 1918 1651
f 1921 1923 1652
f 1923 1654 1652
f 1654 1922 1653
f 1922 1920 1653
f 1923 1922 1654
f 1924 1892 1655
f 1669 1924 1655
f 1937 1670 1656
f 1925 1937 1656
f 1926 1928 1657
f 1928 1659 1657
f 1916 1926 1657
f 1660 1927 1658
f 1928 1930 1659
f 1930 1661 1659
f 1662 1929 1660
f 1929 1927 1660
f 1930 1932 1661
f 1932 1663 1661
f 1664 1931 1662
f 1931 1929 1662
f 1932 1934 1663
f 1934 1665 1663
f 1666 1933 1664
f 1933 1931 1664
f 1934 1938 1665
f 1938 1667 1665
f 1668 1935 1666
f 1935 1933 1666
f 1938 1940 1667
f 1940 1671 1667
f 1674 1939 1668
f 1939 1935 1668
f 1936 1924 1669
f 1696 1936 1669
f 1966 1697 1670
f 1937 1966 1670
f 1940 1942 1671
f 1942 1673 1671
f 1945 1676 1672
f 1941 1945 1672
f 1942 1941 1672
f 1673 1942 1672
f 1943 1939 1674
f 1944 1943 1674
f 1675 1944 1674
f 1677 1944 1675
f 1947 1678 1676
f 1945 1947 1676
f 1946 1944 1677
f 1679 1946 1677
f 1949 1680 1678
f 1947 1949 1678
f 1948 1946 1679
f 1681 1948 1679
f 1951 1682 1680
f 1949 1951 1680
f 1950 1948 1681
f 1683 1950 1681
f 1953 1684 1682
f 1951 1953 1682
f 1952 1950 1683
f 1685 1952 1683
f 1955 1686 1684
f 1953 1955 1684
f 1954 1952 1685
f 1687 1954 1685
f 1957 1688 1686
f 1955 1957 1686
f 1956 1954 1687
f 1689 1956 1687
f 1959 1690 1688
f 1957 1959 1688
f 1958 1956 1689
f 1691 1958 1689
f 1961 1692 1690
f 1959 1961 1690
f 1960 1958 1691
f 1693 1960 1691
f 1963 1694 1692
f 1961 1963 1692
f 1962 1960 1693
f 1695 1962 1693
f 1963 1698 1694
f 1968 1964 1695
f 1699 1968 1695
f 1964 1962 1695
f 1965 1936 1696
f 1706 1965 1696
f 1976 1707 1697
f 1966 1976 1697
f 1967 1970 1698
f 1970 1701 1698
f 1963 1967 1698
f 1700 1968 1699
f 1702 1969 1700
f 1969 1968 1700
f 1970 1972 1701
f 1972 1703 1701
f 1704 1971 1702
f 1971 1969 1702
f 1972 1974 1703
f 1974 1705 1703
f 1708 1973 1704
f 1973 1971 1704
f 1974 1978 1705
f 1978 1709 1705
f 1975 1965 1706
f 1725 1975 1706
f 1995 1726 1707
f 1976 1995 1707
f 1710 1977 1708
f 1977 1973 1708
f 1978 1980 1709
f 1980 1711 1709
f 1712 1979 1710
f 1979 1977 1710
f 1980 1982 1711
f 1982 1713 1711
f 1714 1981 1712
f 1981 1979 1712
f 1982 1715 1713
f 1985 1983 1714
f 1716 1985 1714
f 1983 1981 1714
f 1986 1717 1715
f 1984 1986 1715
f 1982 1984 1715
f 1718 1985 1716
f 1988 1719 1717
f 1986 1988 1717
f 1987 1985 1718
f 1720 1987 1718
f 1990 1721 1719
f 1988 1990 1719
f 1989 1987 1720
f 1722 1989 1720
f 1992 1723 1721
f 1990 1992 1721
f 1991 1989 1722
f 1724 1991 1722
f 1996 1727 1723
f 1992 1996 1723
f 1993 1991 1724
f 1728 1993 1724
f 1994 1975 1725
f 1741 1994 1725
f 2011 1742 1726
f 1995 2011 1726
f 1998 1729 1727
f 1996 1998 1727
f 1997 1993 1728
f 1730 1997 1728
f 2000 1731 1729
f 1998 2000 1729
f 1999 1997 1730
f 1732 1999 1730
f 2002 1733 1731
f 2000 2002 1731
f 2001 1999 1732
f 1734 2001 1732
f 2004 1735 1733
f 2002 2004 1733
f 2003 2001 1734
f 1736 2003 1734
f 2006 1737 1735
f 2004 2006 1735
f 2005 2003 1736
f 1738 2005 1736
f 2006 1739 1737
f 2009 2007 1738
f 1740 2009 1738
f 2007 2005 1738
f 2008 2012 1739
f 2012 1743 1739
f 2006 2008 1739
f 1744 2009 1740
f 2010 1994 1741
f 1755 2010 1741
f 2025 1756 1742
f 2011 2025 1742
f 2012 2014 1743
f 2014 1745 1743
f 1746 2013 1744
f 2013 2009 1744
f 2014 2016 1745
f 2016 1747 1745
f 1748 2015 1746
f 2015 2013 1746
f 2016 2018 1747
f 2018 1749 1747
f 1750 2017 1748
f 2017 2015 1748
f 2018 2020 1749
f 2020 1751 1749
f 1752 2019 1750
f 2019 2017 1750
f 2020 2022 1751
f 2022 1753 1751
f 1754 2021 1752
f 2021 2019 1752
f 2022 2026 1753
f 2026 1757 1753
f 1758 2023 1754
f 2023 2021 1754
f 2024 2010 1755
f 1771 2024 1755
f 2041 1772 1756
f 2025 2041 1756
f 2026 1759 1757
f 2029 2027 1758
f 1760 2029 1758
f 2027 2023 1758
f 2030 1761 1759
f 2028 2030 1759
f 2026 2028 1759
f 1762 2029 1760
f 2032 1763 1761
f 2030 2032 1761
f 2031 2029 1762
f 1764 2031 1762
f 2034 1765 1763
f 2032 2034 1763
f 2033 2031 1764
f 1766 2033 1764
f 2036 1767 1765
f 2034 2036 1765
f 2035 2033 1766
f 1768 2035 1766
f 2038 1769 1767
f 2036 2038 1767
f 2037 2035 1768
f 1770 2037 1768
f 2042 1773 1769
f 2038 2042 1769
f 2039 2037 1770
f 1774 2039 1770
f 2040 2024 1771
f 1791 2040 1771
f 2061 1792 1772
f 2041 2061 1772
f 2044 1775 1773
f 2042 2044 1773
f 2043 2039 1774
f 1776 2043 1774
f 2046 1777 1775
f 2044 2046 1775
f 2045 2043 1776
f 1778 2045 1776
f 2048 1779 1777
f 2046 2048 1777
f 2047 2045 1778
f 1780 2047 1778
f 2050 1781 1779
f 2048 2050 1779
f 2049 2047 1780
f 1782 2049 1780
f 2050 1783 1781
f 2053 2051 1782
f 1784 2053 1782
f 2051 2049 1782
f 2052 2054 1783
f 2054 1785 1783
f 2050 2052 1783
f 1786 2053 1784
f 2054 2056 1785
f 2056 1787 1785
f 1788 2055 1786
f 2055 2053 1786
f 2056 2058 1787
f 2058 1789 1787
f 1790 2057 1788
f 2057 2055 1788
f 2058 2062 1789
f 2062 1793 1789
f 1794 2059 1790
f 2059 2057 1790
f 2060 2040 1791
f 1801 2060 1791
f 2071 1802 1792
f 2061 2071 1792
f 2062 2064 1793
f 2064 1795 1793
f 1796 2063 1794
f 2063 2059 1794
f 2064 2066 1795
f 2066 1797 1795
f 1798 2065 1796
f 2065 2063 1796
f 2066 2068 1797
f 2068 1799 1797
f 1800 2067 1798
f 2067 2065 1798
f 2068 1803 1799
f 2073 2069 1800
f 1804 2073 1800
f 2069 2067 1800
f 2070 2060 1801
f 1828 2070 1801
f 2100 1829 1802
f 2071 2100 1802
f 2074 1805 1803
f 2072 2074 1803
f 2068 2072 1803
f 1806 2073 1804
f 2076 1807 1805
f 2074 2076 1805
f 2075 2073 1806
f 1808 2075 1806
f 2078 1809 1807
f 2076 2078 1807
f 2077 2075 1808
f 1810 2077 1808
f 2080 1811 1809
f 2078 2080 1809
f 2079 2077 1810
f 1812 2079 1810
f 2082 1813 1811
f 2080 2082 1811
f 2081 2079 1812
f 1814 2081 1812
f 2084 1815 1813
f 2082 2084 1813
f 2083 2081 1814
f 1816 2083 1814
f 2086 1817 1815
f 2084 2086 1815
f 2085 2083 1816
f 1818 2085 1816
f 2088 1819 1817
f 2086 2088 1817
f 2087 2085 1818
f 1820 2087 1818
f 2090 1821 1819
f 2088 2090 1819
f 2089 2087 1820
f 1822 2089 1820
f 2092 1823 1821
f 2090 2092 1821
f 2091 2089 1822
f 1826 2091 1822
f 2092 1824 1823
f 2092 2093 1824
f 2093 2097 1824
f 2097 1830 1824
f 1827 2094 1825
f 2094 1826 1825
f 2094 2095 1826
f 2095 2091 1826
f 1831 2096 1827
f 2096 2094 1827
f 2099 2070 1828
f 1842 2099 1828
f 2112 1843 1829
f 2100 2112 1829
f 2097 2101 1830
f 2101 1832 1830
f 1833 2098 1831
f 2098 2096 1831
f 2101 2103 1832
f 2103 1834 1832
f 1835 2102 1833
f 2102 2098 1833
f 2103 2105 1834
f 2105 1836 1834
f 1837 2104 1835
f 2104 2102 1835
f 2105 2107 1836
f 2107 1838 1836
f 1839 2106 1837
f 2106 2104 1837
f 2107 1883 1838
f 1883 1840 1838
f 1841 2108 1839
f 2108 2106 1839
f 1883 1884 1840
f 1884 1850 1840
f 2120 2110 1841
f 1851 2120 1841
f 2110 2108 1841
f 2111 2099 1842
f 1874 2111 1842
f 2144 1875 1843
f 2112 2144 1843
f 1846 2113 1844
f 2113 2114 1844
f 2114 1845 1844
f 2114 2116 1845
f 2116 1847 1845
f 1848 2115 1846
f 2115 2113 1846
f 2116 2118 1847
f 2118 1849 1847
f 1852 2117 1848
f 2117 2115 1848
f 2118 2122 1849
f 2122 1853 1849
f 1884 1854 1850
f 1855 2120 1851
f 2129 2121 1852
f 1860 2129 1852
f 2121 2117 1852
f 2122 1861 1853
f 1884 2123 1854
f 2123 2125 1854
f 2125 1856 1854
f 2124 2120 1855
f 1857 2124 1855
f 2125 2127 1856
f 2127 1858 1856
f 2126 2124 1857
f 1859 2126 1857
f 2127 2131 1858
f 2131 1862 1858
f 2128 2126 1859
f 1863 2128 1859
f 1864 2129 1860
f 2122 2130 1861
f 2134 1865 1861
f 2130 2134 1861
f 2131 2135 1862
f 2135 1866 1862
f 2132 2128 1863
f 1867 2132 1863
f 1868 2133 1864
f 2133 2129 1864
f 2138 1869 1865
f 2134 2138 1865
f 2135 2139 1866
f 2139 1870 1866
f 2136 2132 1867
f 1871 2136 1867
f 1872 2137 1868
f 2137 2133 1868
f 2142 1873 1869
f 2138 2142 1869
f 2139 2141 1870
f 2141 1872 1870
f 2140 2136 1871
f 1873 2140 1871
f 2141 2137 1872
f 2142 2140 1873
f 2143 2111 1874
f 1876 2143 1874
f 2146 1877 1875
f 2144 2146 1875
f 2145 2143 1876
f 1878 2145 1876
f 2148 1879 1877
f 2146 2148 1877
f 2147 2145 1878
f 1880 2147 1878
f 2150 1881 1879
f 2148 2150 1879
f 2149 2147 1880
f 1882 2149 1880
f 2150 2151 1881
f 2151 1882 1881
f 2151 2149 1882
f 2107 2109 1883
f 2109 2119 1883
f 2119 1884 1883
f 2119 2123 1884
f 2156 1887 1885
f 2154 2156 1885
f 1886 2154 1885
f 2155 2154 1886
f 1888 2155 1886
f 2158 1889 1887
f 2156 2158 1887
f 2157 2155 1888
f 1890 2157 1888
f 2160 1891 1889
f 2158 2160 1889
f 2159 2157 1890
f 1892 2159 1890
f 2162 1893 1891
f 2160 2162 1891
f 2161 2159 1892
f 1924 2161 1892
f 2192 1925 1893
f 2162 2192 1893
f 2165 1896 1894
f 2163 2165 1894
f 1898 2163 1894
f 2168 1899 1895
f 2164 2168 1895
f 1897 2164 1895
f 2169 1900 1896
f 2165 2169 1896
f 2166 2164 1897
f 1901 2166 1897
f 2167 2163 1898
f 1902 2167 1898
f 2172 1903 1899
f 2168 2172 1899
f 2173 1904 1900
f 2169 2173 1900
f 2170 2166 1901
f 1905 2170 1901
f 2171 2167 1902
f 1906 2171 1902
f 2176 1907 1903
f 2172 2176 1903
f 2177 1908 1904
f 2173 2177 1904
f 2174 2170 1905
f 1909 2174 1905
f 2175 2171 1906
f 2185 2175 1906
f 1914 2185 1906
f 2176 1915 1907
f 2179 1910 1908
f 2177 2179 1908
f 2178 2174 1909
f 1911 2178 1909
f 2181 1912 1910
f 2179 2181 1910
f 2180 2178 1911
f 1913 2180 1911
f 2183 1916 1912
f 2181 2183 1912
f 2182 2180 1913
f 1917 2182 1913
f 1918 2185 1914
f 2186 2188 1915
f 2188 1919 1915
f 2176 2186 1915
f 2183 1926 1916
f 2184 2182 1917
f 2196 2184 1917
f 1927 2196 1917
f 1920 2187 1918
f 2187 2185 1918
f 2188 2190 1919
f 2190 1921 1919
f 1922 2189 1920
f 2189 2187 1920
f 2190 2194 1921
f 2194 1923 1921
f 1923 2193 1922
f 2193 2189 1922
f 2194 2193 1923
f 2191 2161 1924
f 1936 2191 1924
f 2205 1937 1925
f 2192 2205 1925
f 2195 2197 1926
f 2197 1928 1926
f 2183 2195 1926
f 1929 2196 1927
f 2197 2199 1928
f 2199 1930 1928
f 1931 2198 1929
f 2198 2196 1929
f 2199 2201 1930
f 2201 1932 1930
f 1933 2200 1931
f 2200 2198 1931
f 2201 2203 1932
f 2203 1934 1932
f 1935 2202 1933
f 2202 2200 1933
f 2203 2207 1934
f 2207 1938 1934
f 1939 2206 1935
f 2206 2202 1935
f 2204 2191 1936
f 1965 2204 1936
f 2235 1966 1937
f 2205 2235 1937
f 2207 2209 1938
f 2209 1940 1938
f 1943 2208 1939
f 2208 2206 1939
f 2209 2211 1940
f 2211 1942 1940
f 2214 1945 1941
f 2210 2214 1941
f 2211 2210 1941
f 1942 2211 1941
f 2212 2208 1943
f 2213 2212 1943
f 1944 2213 1943
f 1946 2213 1944
f 2216 1947 1945
f 2214 2216 1945
f 2215 2213 1946
f 1948 2215 1946
f 2218 1949 1947
f 2216 2218 1947
f 2217 2215 1948
f 1950 2217 1948
f 2220 1951 1949
f 2218 2220 1949
f 2219 2217 1950
f 1952 2219 1950
f 2222 1953 1951
f 2220 2222 1951
f 2221 2219 1952
f 1954 2221 1952
f 2224 1955 1953
f 2222 2224 1953
f 2223 2221 1954
f 1956 2223 1954
f 2226 1957 1955
f 2224 2226 1955
f 2225 2223 1956
f 1958 2225 1956
f 2228 1959 1957
f 2226 2228 1957
f 2227 2225 1958
f 1960 2227 1958
f 2230 1961 1959
f 2228 2230 1959
f 2229 2227 1960
f 1962 2229 1960
f 2232 1963 1961
f 2230 2232 1961
f 2231 2229 1962
f 1964 2231 1962
f 2232 1967 1963
f 2237 2233 1964
f 1968 2237 1964
f 2233 2231 1964
f 2234 2204 1965
f 1975 2234 1965
f 2245 1976 1966
f 2235 2245 1966
f 2236 2239 1967
f 2239 1970 1967
f 2232 2236 1967
f 1969 2237 1968
f 1971 2238 1969
f 2238 2237 1969
f 2239 2241 1970
f 2241 1972 1970
f 1973 2240 1971
f 2240 2238 1971
f 2241 2243 1972
f 2243 1974 1972
f 1977 2242 1973
f 2242 2240 1973
f 2243 2247 1974
f 2247 1978 1974
f 2244 2234 1975
f 1994 2244 1975
f 2264 1995 1976
f 2245 2264 1976
f 1979 2246 1977
f 2246 2242 1977
f 2247 2249 1978
f 2249 1980 1978
f 1981 2248 1979
f 2248 2246 1979
f 2249 2251 1980
f 2251 1982 1980
f 1983 2250 1981
f 2250 2248 1981
f 2251 1984 1982
f 2254 2252 1983
f 1985 2254 1983
f 2252 2250 1983
f 2255 1986 1984
f 2253 2255 1984
f 2251 2253 1984
f 1987 2254 1985
f 2257 1988 1986
f 2255 2257 1986
f 2256 2254 1987
f 1989 2256 1987
f 2259 1990 1988
f 2257 2259 1988
f 2258 2256 1989
f 1991 2258 1989
f 2261 1992 1990
f 2259 2261 1990
f 2260 2258 1991
f 1993 2260 1991
f 2265 1996 1992
f 2261 2265 1992
f 2262 2260 1993
f 1997 2262 1993
f 2263 2244 1994
f 2010 2263 1994
f 2280 2011 1995
f 2264 2280 1995
f 2267 1998 1996
f 2265 2267 1996
f 2266 2262 1997
f 1999 2266 1997
f 2269 2000 1998
f 2267 2269 1998
f 2268 2266 1999
f 2001 2268 1999
f 2271 2002 2000
f 2269 2271 2000
f 2270 2268 2001
f 2003 2270 2001
f 2273 2004 2002
f 2271 2273 2002
f 2272 2270 2003
f 2005 2272 2003
f 2275 2006 2004
f 2273 2275 2004
f 2274 2272 2005
f 2007 2274 2005
f 2275 2008 2006
f 2278 2276 2007
f 2009 2278 2007
f 2276 2274 2007
f 2277 2281 2008
f 2281 2012 2008
f 2275 2277 2008
f 2013 2278 2009
f 2279 2263 2010
f 2024 2279 2010
f 2294 2025 2011
f 2280 2294 2011
f 2281 2283 2012
f 2283 2014 2012
f 2015 2282 2013
f 2282 2278 2013
f 2283 2285 2014
f 2285 2016 2014
f 2017 2284 2015
f 2284 2282 2015
f 2285 2287 2016
f 2287 2018 2016
f 2019 2286 2017
f 2286 2284 2017
f 2287 2289 2018
f 2289 2020 2018
f 2021 2288 2019
f 2288 2286 2019
f 2289 2291 2020
f 2291 2022 2020
f 2023 2290 2021
f 2290 2288 2021
f 2291 2295 2022
f 2295 2026 2022
f 2027 2292 2023
f 2292 2290 2023
f 2293 2279 2024
f 2040 2293 2024
f 2310 2041 2025
f 2294 2310 2025
f 2295 2028 2026
f 2298 2296 2027
f 2029 2298 2027
f 2296 2292 2027
f 2299 2030 2028
f 2297 2299 2028
f 2295 2297 2028
f 2031 2298 2029
f 2301 2032 2030
f 2299 2301 2030
f 2300 2298 2031
f 2033 2300 2031
f 2303 2034 2032
f 2301 2303 2032
f 2302 2300 2033
f 2035 2302 2033
f 2305 2036 2034
f 2303 2305 2034
f 2304 2302 2035
f 2037 2304 2035
f 2307 2038 2036
f 2305 2307 2036
f 2306 2304 2037
f 2039 2306 2037
f 2311 2042 2038
f 2307 2311 2038
f 2308 2306 2039
f 2043 2308 2039
f 2309 2293 2040
f 2060 2309 2040
f 2330 2061 2041
f 2310 2330 2041
f 2313 2044 2042
f 2311 2313 2042
f 2312 2308 2043
f 2045 2312 2043
f 2315 2046 2044
f 2313 2315 2044
f 2314 2312 2045
f 2047 2314 2045
f 2317 2048 2046
f 2315 2317 2046
f 2316 2314 2047
f 2049 2316 2047
f 2319 2050 2048
f 2317 2319 2048
f 2318 2316 2049
f 2051 2318 2049
f 2319 2052 2050
f 2322 2320 2051
f 2053 2322 2051
f 2320 2318 2051
f 2321 2323 2052
f 2323 2054 2052
f 2319 2321 2052
f 2055 2322 2053
f 2323 2325 2054
f 2325 2056 2054
f 2057 2324 2055
f 2324 2322 2055
f 2325 2327 2056
f 2327 2058 2056
f 2059 2326 2057
f 2326 2324 2057
f 2327 2331 2058
f 2331 2062 2058
f 2063 2328 2059
f 2328 2326 2059
f 2329 2309 2060
f 2070 2329 2060
f 2340 2071 2061
f 2330 2340 2061
f 2331 2333 2062
f 2333 2064 2062
f 2065 2332 2063
f 2332 2328 2063
f 2333 2335 2064
f 2335 2066 2064
f 2067 2334 2065
f 2334 2332 2065
f 2335 2337 2066
f 2337 2068 2066
f 2069 2336 2067
f 2336 2334 2067
f 2337 2072 2068
f 2342 2338 2069
f 2073 2342 2069
f 2338 2336 2069
f 2339 2329 2070
f 2099 2339 2070
f 2370 2100 2071
f 2340 2370 2071
f 2343 2074 2072
f 2341 2343 2072
f 2337 2341 2072
f 2075 2342 2073
f 2345 2076 2074
f 2343 2345 2074
f 2344 2342 2075
f 2077 2344 2075
f 2347 2078 2076
f 2345 2347 2076
f 2346 2344 2077
f 2079 2346 2077
f 2349 2080 2078
f 2347 2349 2078
f 2348 2346 2079
f 2081 2348 2079
f 2351 2082 2080
f 2349 2351 2080
f 2350 2348 2081
f 2083 2350 2081
f 2353 2084 2082
f 2351 2353 2082
f 2352 2350 2083
f 2085 2352 2083
f 2355 2086 2084
f 2353 2355 2084
f 2354 2352 2085
f 2087 2354 2085
f 2357 2088 2086
f 2355 2357 2086
f 2356 2354 2087
f 2089 2356 2087
f 2359 2090 2088
f 2357 2359 2088
f 2358 2356 2089
f 2091 2358 2089
f 2361 2092 2090
f 2359 2361 2090
f 2360 2358 2091
f 2095 2360 2091
f 2361 2093 2092
f 2361 2362 2093
f 2362 2366 2093
f 2366 2097 2093
f 2096 2363 2094
f 2363 2095 2094
f 2363 2364 2095
f 2364 2360 2095
f 2098 2365 2096
f 2365 2363 2096
f 2366 2368 2097
f 2368 2101 2097
f 2102 2367 2098
f 2367 2365 2098
f 2369 2339 2099
f 2111 2369 2099
f 2383 2112 2100
f 2370 2383 2100
f 2368 2372 2101
f 2372 2103 2101
f 2104 2371 2102
f 2371 2367 2102
f 2372 2374 2103
f 2374 2105 2103
f 2106 2373 2104
f 2373 2371 2104
f 2374 2376 2105
f 2376 2107 2105
f 2108 2375 2106
f 2375 2373 2106
f 2376 2152 2107
f 2152 2109 2107
f 2110 2377 2108
f 2377 2375 2108
f 2152 2153 2109
f 2153 2119 2109
f 2391 2379 2110
f 2120 2391 2110
f 2379 2377 2110
f 2382 2369 2111
f 2143 2382 2111
f 2413 2144 2112
f 2383 2413 2112
f 2115 2380 2113
f 2380 2381 2113
f 2381 2114 2113
f 2381 2385 2114
f 2385 2116 2114
f 2117 2384 2115
f 2384 2380 2115
f 2385 2387 2116
f 2387 2118 2116
f 2121 2386 2117
f 2386 2384 2117
f 2387 2389 2118
f 2389 2122 2118
f 2153 2123 2119
f 2124 2391 2120
f 2398 2388 2121
f 2129 2398 2121
f 2388 2386 2121
f 2389 2130 2122
f 2394 2125 2123
f 2392 2394 2123
f 2153 2392 2123
f 2393 2391 2124
f 2126 2393 2124
f 2396 2127 2125
f 2394 2396 2125
f 2395 2393 2126
f 2128 2395 2126
f 2400 2131 2127
f 2396 2400 2127
f 2397 2395 2128
f 2132 2397 2128
f 2133 2398 2129
f 2389 2399 2130
f 2403 2134 2130
f 2399 2403 2130
f 2404 2135 2131
f 2400 2404 2131
f 2401 2397 2132
f 2136 2401 2132
f 2402 2398 2133
f 2137 2402 2133
f 2407 2138 2134
f 2403 2407 2134
f 2408 2139 2135
f 2404 2408 2135
f 2405 2401 2136
f 2140 2405 2136
f 2406 2402 2137
f 2141 2406 2137
f 2411 2142 2138
f 2407 2411 2138
f 2410 2141 2139
f 2408 2410 2139
f 2409 2405 2140
f 2142 2409 2140
f 2410 2406 2141
f 2411 2409 2142
f 2412 2382 2143
f 2145 2412 2143
f 2415 2146 2144
f 2413 2415 2144
f 2414 2412 2145
f 2147 2414 2145
f 2417 2148 2146
f 2415 2417 2146
f 2416 2414 2147
f 2149 2416 2147
f 2419 2150 2148
f 2417 2419 2148
f 2418 2416 2149
f 2151 2418 2149
f 2419 2420 2150
f 2420 2151 2150
f 2420 2418 2151
f 2376 2378 2152
f 2378 2390 2152
f 2390 2153 2152
f 2390 2392 2153
f 2155 2424 2154
f 2424 2426 2154
f 2426 2156 2154
f 2157 2429 2155
f 2429 2427 2155
f 2427 2425 2155
f 2425 2424 2155
f 2426 2428 2156
f 2428 2158 2156
f 2159 2431 2157
f 2431 2429 2157
f 2428 2430 2158
f 2430 2432 2158
f 2432 2160 2158
f 2161 2435 2159
f 2435 2433 2159
f 2433 2431 2159
f 2432 2434 2160
f 2434 2436 2160
f 2436 2162 2160
f 2191 2457 2161
f 2457 2437 2161
f 2437 2435 2161
f 2436 2438 2162
f 2438 2458 2162
f 2458 2192 2162
f 2441 2165 2163
f 2439 2441 2163
f 2167 2439 2163
f 2444 2168 2164
f 2440 2444 2164
f 2166 2440 2164
f 2445 2169 2165
f 2441 2445 2165
f 2442 2440 2166
f 2170 2442 2166
f 2443 2439 2167
f 2171 2443 2167
f 2448 2172 2168
f 2444 2448 2168
f 2449 2173 2169
f 2445 2449 2169
f 2446 2442 2170
f 2174 2446 2170
f 2447 2443 2171
f 2175 2447 2171
f 2452 2176 2172
f 2448 2452 2172
f 2453 2177 2173
f 2449 2453 2173
f 2450 2446 2174
f 2178 2450 2174
f 2451 2447 2175
f 2463 2451 2175
f 2185 2463 2175
f 2452 2186 2176
f 2455 2179 2177
f 2453 2455 2177
f 2454 2450 2178
f 2180 2454 2178
f 2459 2181 2179
f 2455 2459 2179
f 2456 2454 2180
f 2182 2456 2180
f 2461 2183 2181
f 2459 2461 2181
f 2460 2456 2182
f 2184 2460 2182
f 2461 2195 2183
f 2462 2460 2184
f 2474 2462 2184
f 2196 2474 2184
f 2187 2463 2185
f 2464 2466 2186
f 2466 2188 2186
f 2452 2464 2186
f 2189 2465 2187
f 2465 2463 2187
f 2466 2468 2188
f 2468 2190 2188
f 2193 2467 2189
f 2467 2465 2189
f 2468 2472 2190
f 2472 2194 2190
f 2204 2479 2191
f 2479 2469 2191
f 2469 2457 2191
f 2458 2470 2192
f 2470 2205 2192
f 2194 2471 2193
f 2471 2467 2193
f 2472 2471 2194
f 2473 2475 2195
f 2475 2197 2195
f 2461 2473 2195
f 2198 2474 2196
f 2475 2477 2197
f 2477 2199 2197
f 2200 2476 2198
f 2476 2474 2198
f 2477 2481 2199
f 2481 2201 2199
f 2202 2478 2200
f 2478 2476 2200
f 2481 2483 2201
f 2483 2203 2201
f 2206 2482 2202
f 2482 2478 2202
f 2483 2487 2203
f 2487 2207 2203
f 2234 2484 2204
f 2484 2479 2204
f 2470 2480 2205
f 2480 2485 2205
f 2485 2515 2205
f 2515 2235 2205
f 2208 2486 2206
f 2486 2482 2206
f 2487 2489 2207
f 2489 2209 2207
f 2212 2488 2208
f 2488 2486 2208
f 2489 2491 2209
f 2491 2211 2209
f 2494 2214 2210
f 2490 2494 2210
f 2491 2490 2210
f 2211 2491 2210
f 2492 2488 2212
f 2493 2492 2212
f 2213 2493 2212
f 2215 2493 2213
f 2496 2216 2214
f 2494 2496 2214
f 2495 2493 2215
f 2217 2495 2215
f 2498 2218 2216
f 2496 2498 2216
f 2497 2495 2217
f 2219 2497 2217
f 2500 2220 2218
f 2498 2500 2218
f 2499 2497 2219
f 2221 2499 2219
f 2502 2222 2220
f 2500 2502 2220
f 2501 2499 2221
f 2223 2501 2221
f 2504 2224 2222
f 2502 2504 2222
f 2503 2501 2223
f 2225 2503 2223
f 2506 2226 2224
f 2504 2506 2224
f 2505 2503 2225
f 2227 2505 2225
f 2508 2228 2226
f 2506 2508 2226
f 2507 2505 2227
f 2229 2507 2227
f 2510 2230 2228
f 2508 2510 2228
f 2509 2507 2229
f 2231 2509 2229
f 2512 2232 2230
f 2510 2512 2230
f 2511 2509 2231
f 2233 2511 2231
f 2512 2236 2232
f 2517 2513 2233
f 2237 2517 2233
f 2513 2511 2233
f 2244 2514 2234
f 2514 2484 2234
f 2515 2524 2235
f 2524 2245 2235
f 2516 2519 2236
f 2519 2239 2236
f 2512 2516 2236
f 2238 2517 2237
f 2240 2518 2238
f 2518 2517 2238
f 2519 2521 2239
f 2521 2241 2239
f 2242 2520 2240
f 2520 2518 2240
f 2521 2525 2241
f 2525 2243 2241
f 2246 2522 2242
f 2522 2520 2242
f 2525 2527 2243
f 2527 2247 2243
f 2263 2545 2244
f 2545 2528 2244
f 2528 2523 2244
f 2523 2514 2244
f 2524 2529 2245
f 2529 2264 2245
f 2248 2526 2246
f 2526 2522 2246
f 2527 2531 2247
f 2531 2249 2247
f 2250 2530 2248
f 2530 2526 2248
f 2531 2533 2249
f 2533 2251 2249
f 2252 2532 2250
f 2532 2530 2250
f 2533 2253 2251
f 2536 2534 2252
f 2254 2536 2252
f 2534 2532 2252
f 2537 2255 2253
f 2535 2537 2253
f 2533 2535 2253
f 2256 2536 2254
f 2539 2257 2255
f 2537 2539 2255
f 2538 2536 2256
f 2258 2538 2256
f 2541 2259 2257
f 2539 2541 2257
f 2540 2538 2258
f 2260 2540 2258
f 2543 2261 2259
f 2541 2543 2259
f 2542 2540 2260
f 2262 2542 2260
f 2547 2265 2261
f 2543 2547 2261
f 2544 2542 2262
f 2266 2544 2262
f 2279 2553 2263
f 2553 2545 2263
f 2529 2546 2264
f 2546 2554 2264
f 2554 2280 2264
f 2549 2267 2265
f 2547 2549 2265
f 2548 2544 2266
f 2268 2548 2266
f 2551 2269 2267
f 2549 2551 2267
f 2550 2548 2268
f 2270 2550 2268
f 2555 2271 2269
f 2551 2555 2269
f 2552 2550 2270
f 2272 2552 2270
f 2557 2273 2271
f 2555 2557 2271
f 2556 2552 2272
f 2274 2556 2272
f 2559 2275 2273
f 2557 2559 2273
f 2558 2556 2274
f 2276 2558 2274
f 2559 2277 2275
f 2562 2560 2276
f 2278 2562 2276
f 2560 2558 2276
f 2561 2565 2277
f 2565 2281 2277
f 2559 2561 2277
f 2282 2562 2278
f 2293 2572 2279
f 2572 2563 2279
f 2563 2553 2279
f 2554 2564 2280
f 2564 2571 2280
f 2571 2294 2280
f 2565 2567 2281
f 2567 2283 2281
f 2284 2566 2282
f 2566 2562 2282
f 2567 2569 2283
f 2569 2285 2283
f 2286 2568 2284
f 2568 2566 2284
f 2569 2573 2285
f 2573 2287 2285
f 2288 2570 2286
f 2570 2568 2286
f 2573 2575 2287
f 2575 2289 2287
f 2290 2574 2288
f 2574 2570 2288
f 2575 2577 2289
f 2577 2291 2289
f 2292 2576 2290
f 2576 2574 2290
f 2577 2581 2291
f 2581 2295 2291
f 2296 2578 2292
f 2578 2576 2292
f 2309 2589 2293
f 2589 2579 2293
f 2579 2572 2293
f 2571 2580 2294
f 2580 2590 2294
f 2590 2310 2294
f 2581 2297 2295
f 2584 2582 2296
f 2298 2584 2296
f 2582 2578 2296
f 2585 2299 2297
f 2583 2585 2297
f 2581 2583 2297
f 2300 2584 2298
f 2587 2301 2299
f 2585 2587 2299
f 2586 2584 2300
f 2302 2586 2300
f 2591 2303 2301
f 2587 2591 2301
f 2588 2586 2302
f 2304 2588 2302
f 2593 2305 2303
f 2591 2593 2303
f 2592 2588 2304
f 2306 2592 2304
f 2595 2307 2305
f 2593 2595 2305
f 2594 2592 2306
f 2308 2594 2306
f 2599 2311 2307
f 2595 2599 2307
f 2596 2594 2308
f 2312 2596 2308
f 2329 2615 2309
f 2615 2597 2309
f 2597 2589 2309
f 2590 2598 2310
f 2598 2330 2310
f 2601 2313 2311
f 2599 2601 2311
f 2600 2596 2312
f 2314 2600 2312
f 2603 2315 2313
f 2601 2603 2313
f 2602 2600 2314
f 2316 2602 2314
f 2605 2317 2315
f 2603 2605 2315
f 2604 2602 2316
f 2318 2604 2316
f 2607 2319 2317
f 2605 2607 2317
f 2606 2604 2318
f 2320 2606 2318
f 2607 2321 2319
f 2610 2608 2320
f 2322 2610 2320
f 2608 2606 2320
f 2609 2611 2321
f 2611 2323 2321
f 2607 2609 2321
f 2324 2610 2322
f 2611 2613 2323
f 2613 2325 2323
f 2326 2612 2324
f 2612 2610 2324
f 2613 2617 2325
f 2617 2327 2325
f 2328 2614 2326
f 2614 2612 2326
f 2617 2621 2327
f 2621 2331 2327
f 2332 2618 2328
f 2618 2614 2328
f 2339 2619 2329
f 2619 2615 2329
f 2598 2616 2330
f 2616 2620 2330
f 2620 2630 2330
f 2630 2340 2330
f 2621 2623 2331
f 2623 2333 2331
f 2334 2622 2332
f 2622 2618 2332
f 2623 2625 2333
f 2625 2335 2333
f 2336 2624 2334
f 2624 2622 2334
f 2625 2627 2335
f 2627 2337 2335
f 2338 2626 2336
f 2626 2624 2336
f 2627 2341 2337
f 2632 2628 2338
f 2342 2632 2338
f 2628 2626 2338
f 2369 2629 2339
f 2629 2619 2339
f 2630 2660 2340
f 2660 2370 2340
f 2633 2343 2341
f 2631 2633 2341
f 2627 2631 2341
f 2344 2632 2342
f 2635 2345 2343
f 2633 2635 2343
f 2634 2632 2344
f 2346 2634 2344
f 2637 2347 2345
f 2635 2637 2345
f 2636 2634 2346
f 2348 2636 2346
f 2639 2349 2347
f 2637 2639 2347
f 2638 2636 2348
f 2350 2638 2348
f 2641 2351 2349
f 2639 2641 2349
f 2640 2638 2350
f 2352 2640 2350
f 2643 2353 2351
f 2641 2643 2351
f 2642 2640 2352
f 2354 2642 2352
f 2645 2355 2353
f 2643 2645 2353
f 2644 2642 2354
f 2356 2644 2354
f 2647 2357 2355
f 2645 2647 2355
f 2646 2644 2356
f 2358 2646 2356
f 2649 2359 2357
f 2647 2649 2357
f 2648 2646 2358
f 2360 2648 2358
f 2651 2361 2359
f 2649 2651 2359
f 2650 2648 2360
f 2364 2650 2360
f 2651 2362 2361
f 2651 2652 2362
f 2652 2656 2362
f 2656 2366 2362
f 2365 2653 2363
f 2653 2364 2363
f 2653 2654 2364
f 2654 2650 2364
f 2367 2655 2365
f 2655 2653 2365
f 2656 2658 2366
f 2658 2368 2366
f 2371 2657 2367
f 2657 2655 2367
f 2658 2662 2368
f 2662 2372 2368
f 2382 2674 2369
f 2674 2664 2369
f 2664 2659 2369
f 2659 2629 2369
f 2660 2665 2370
f 2665 2383 2370
f 2373 2661 2371
f 2661 2657 2371
f 2662 2666 2372
f 2666 2374 2372
f 2375 2663 2373
f 2663 2661 2373
f 2666 2668 2374
f 2668 2376 2374
f 2377 2667 2375
f 2667 2663 2375
f 2668 2421 2376
f 2421 2378 2376
f 2379 2669 2377
f 2669 2667 2377
f 2421 2422 2378
f 2422 2390 2378
f 2683 2671 2379
f 2391 2683 2379
f 2671 2669 2379
f 2384 2672 2380
f 2672 2673 2380
f 2673 2381 2380
f 2673 2677 2381
f 2677 2385 2381
f 2412 2686 2382
f 2686 2674 2382
f 2665 2675 2383
f 2675 2687 2383
f 2687 2413 2383
f 2386 2676 2384
f 2676 2672 2384
f 2677 2679 2385
f 2679 2387 2385
f 2388 2678 2386
f 2678 2676 2386
f 2679 2681 2387
f 2681 2389 2387
f 2692 2680 2388
f 2398 2692 2388
f 2680 2678 2388
f 2681 2399 2389
f 2422 2392 2390
f 2393 2683 2391
f 2688 2394 2392
f 2684 2688 2392
f 2422 2684 2392
f 2685 2683 2393
f 2395 2685 2393
f 2690 2396 2394
f 2688 2690 2394
f 2689 2685 2395
f 2397 2689 2395
f 2694 2400 2396
f 2690 2694 2396
f 2691 2689 2397
f 2401 2691 2397
f 2402 2692 2398
f 2681 2693 2399
f 2697 2403 2399
f 2693 2697 2399
f 2698 2404 2400
f 2694 2698 2400
f 2695 2691 2401
f 2405 2695 2401
f 2696 2692 2402
f 2406 2696 2402
f 2701 2407 2403
f 2697 2701 2403
f 2702 2408 2404
f 2698 2702 2404
f 2699 2695 2405
f 2409 2699 2405
f 2700 2696 2406
f 2410 2700 2406
f 2705 2411 2407
f 2701 2705 2407
f 2704 2410 2408
f 2702 2704 2408
f 2703 2699 2409
f 2411 2703 2409
f 2704 2700 2410
f 2705 2703 2411
f 2414 2708 2412
f 2708 2706 2412
f 2706 2686 2412
f 2687 2707 2413
f 2707 2709 2413
f 2709 2415 2413
f 2416 2712 2414
f 2712 2710 2414
f 2710 2708 2414
f 2709 2711 2415
f 2711 2713 2415
f 2713 2417 2415
f 2418 2716 2416
f 2716 2714 2416
f 2714 2712 2416
f 2713 2715 2417
f 2715 2419 2417
f 2420 2718 2418
f 2718 2716 2418
f 2715 2717 2419
f 2717 2719 2419
f 2719 2720 2419
f 2720 2420 2419
f 2720 2718 2420
f 2668 2670 2421
f 2670 2422 2421
f 2670 2682 2422
f 2682 2684 2422
f 2425 3762 2424
f 3762 3760 2424
f 3760 3761 2424
f 3761 2426 2424
f 3763 3762 2425
f 2427 3763 2425
f 3761 3764 2426
f 3764 2428 2426
f 3766 3763 2427
f 2429 3766 2427
f 3764 3765 2428
f 3765 2430 2428
f 3767 3766 2429
f 2431 3767 2429
f 3765 3768 2430
f 3768 2432 2430
f 3770 3767 2431
f 2433 3770 2431
f 3768 3769 2432
f 3769 2434 2432
f 3772 3770 2433
f 2435 3772 2433
f 3769 3771 2434
f 3771 2436 2434
f 2437 3772 2435
f 2935 2438 2436
f 3771 3105 2436
f 3105 2935 2436
f 3790 3772 2437
f 2457 3790 2437
f 2935 2930 2438
f 2930 2904 2438
f 2904 2895 2438
f 2895 2458 2438
f 2443 3777 2439
f 3777 3773 2439
f 3773 2441 2439
f 2442 3776 2440
f 3776 3774 2440
f 3774 2444 2440
f 3773 3775 2441
f 3775 2445 2441
f 2446 3780 2442
f 3780 3776 2442
f 2447 3781 2443
f 3781 3777 2443
f 3774 3778 2444
f 3778 2448 2444
f 3775 3779 2445
f 3779 2449 2445
f 2450 3784 2446
f 3784 3780 2446
f 2451 3785 2447
f 3785 3781 2447
f 3778 3782 2448
f 3782 2452 2448
f 3779 3783 2449
f 3783 2453 2449
f 2454 3788 2450
f 3788 3784 2450
f 2463 3799 2451
f 3799 3785 2451
f 3786 2464 2452
f 3782 3786 2452
f 3783 3787 2453
f 3787 2455 2453
f 2456 3792 2454
f 3792 3788 2454
f 3787 3791 2455
f 3791 2459 2455
f 2460 3796 2456
f 3796 3792 2456
f 3793 3790 2457
f 2469 3793 2457
f 2856 2470 2458
f 2895 2866 2458
f 2866 2856 2458
f 3791 3795 2459
f 3795 2461 2459
f 2462 3798 2460
f 3798 3796 2460
f 3795 3797 2461
f 3797 2473 2461
f 2474 3808 2462
f 3808 3798 2462
f 2465 3799 2463
f 3800 3802 2464
f 3802 2466 2464
f 3786 3800 2464
f 2467 3801 2465
f 3801 3799 2465
f 3802 3804 2466
f 3804 2468 2466
f 2471 3803 2467
f 3803 3801 2467
f 3804 3806 2468
f 3806 2472 2468
f 3810 3793 2469
f 2479 3810 2469
f 2806 2480 2470
f 2856 2834 2470
f 2834 2806 2470
f 2472 3805 2471
f 3805 3803 2471
f 3806 3805 2472
f 3807 3811 2473
f 3811 2475 2473
f 3797 3807 2473
f 2476 3808 2474
f 3811 3813 2475
f 3813 2477 2475
f 2478 3812 2476
f 3812 3808 2476
f 3813 3817 2477
f 3817 2481 2477
f 2482 3814 2478
f 3814 3812 2478
f 3815 3810 2479
f 2484 3815 2479
f 2778 2485 2480
f 2806 2782 2480
f 2782 2778 2480
f 3817 3819 2481
f 3819 2483 2481
f 2486 3818 2482
f 3818 3814 2482
f 3819 3821 2483
f 3821 2487 2483
f 3841 3815 2484
f 2514 3841 2484
f 2778 2759 2485
f 2759 2752 2485
f 2752 2515 2485
f 2488 3820 2486
f 3820 3818 2486
f 3821 3823 2487
f 3823 2489 2487
f 2492 3822 2488
f 3822 3820 2488
f 3823 3825 2489
f 3825 2491 2489
f 3824 2494 2490
f 2491 3825 2490
f 3825 3824 2490
f 3826 3822 2492
f 2493 3827 2492
f 3827 3826 2492
f 2495 3829 2493
f 3829 3827 2493
f 3824 3828 2494
f 3828 2496 2494
f 2497 3831 2495
f 3831 3829 2495
f 3828 3830 2496
f 3830 2498 2496
f 2499 3833 2497
f 3833 3831 2497
f 3830 3832 2498
f 3832 2500 2498
f 2501 3835 2499
f 3835 3833 2499
f 3832 3834 2500
f 3834 2502 2500
f 2503 3837 2501
f 3837 3835 2501
f 3834 3836 2502
f 3836 2504 2502
f 2505 3839 2503
f 3839 3837 2503
f 3836 3838 2504
f 3838 2506 2504
f 2507 3843 2505
f 3843 3839 2505
f 3838 3842 2506
f 3842 2508 2506
f 2509 3845 2507
f 3845 3843 2507
f 3842 3844 2508
f 3844 2510 2508
f 2511 3847 2509
f 3847 3845 2509
f 3844 3846 2510
f 3846 2512 2510
f 2513 3849 2511
f 3849 3847 2511
f 3848 2516 2512
f 3846 3848 2512
f 2517 3852 2513
f 3852 3849 2513
f 3850 3841 2514
f 3854 3850 2514
f 2523 3854 2514
f 2740 2738 2515
f 2738 2524 2515
f 2752 2743 2515
f 2743 2740 2515
f 3851 3856 2516
f 3856 2519 2516
f 3848 3851 2516
f 2518 3852 2517
f 2520 3855 2518
f 3855 3852 2518
f 3856 3858 2519
f 3858 2521 2519
f 2522 3857 2520
f 3857 3855 2520
f 3858 3860 2521
f 3860 2525 2521
f 2526 3859 2522
f 3859 3857 2522
f 3863 3854 2523
f 2528 3863 2523
f 2738 2736 2524
f 2736 2529 2524
f 3860 3862 2525
f 3862 2527 2525
f 2530 3861 2526
f 3861 3859 2526
f 3862 3865 2527
f 3865 2531 2527
f 3869 3863 2528
f 2545 3869 2528
f 2736 2734 2529
f 2734 2546 2529
f 2532 3864 2530
f 3864 3861 2530
f 3865 3867 2531
f 3867 2533 2531
f 2534 3866 2532
f 3866 3864 2532
f 3867 2535 2533
f 3868 3866 2534
f 2536 3871 2534
f 3871 3868 2534
f 3870 2537 2535
f 3867 3870 2535
f 2538 3873 2536
f 3873 3871 2536
f 3870 3872 2537
f 3872 2539 2537
f 2540 3875 2538
f 3875 3873 2538
f 3872 3874 2539
f 3874 2541 2539
f 2542 3877 2540
f 3877 3875 2540
f 3874 3876 2541
f 3876 2543 2541
f 2544 3879 2542
f 3879 3877 2542
f 3876 3878 2543
f 3878 2547 2543
f 2548 3881 2544
f 3881 3879 2544
f 3886 3869 2545
f 2553 3886 2545
f 2734 2732 2546
f 2732 2554 2546
f 3878 3880 2547
f 3880 2549 2547
f 2550 3883 2548
f 3883 3881 2548
f 3880 3882 2549
f 3882 2551 2549
f 2552 3885 2550
f 3885 3883 2550
f 3882 3884 2551
f 3884 2555 2551
f 2556 3888 2552
f 3888 3885 2552
f 3891 3886 2553
f 2563 3891 2553
f 2728 2564 2554
f 2732 2730 2554
f 2730 2728 2554
f 3884 3887 2555
f 3887 2557 2555
f 2558 3890 2556
f 3890 3888 2556
f 3887 3889 2557
f 3889 2559 2557
f 2560 3893 2558
f 3893 3890 2558
f 3892 2561 2559
f 3889 3892 2559
f 2562 3895 2560
f 3895 3893 2560
f 3894 3896 2561
f 3896 2565 2561
f 3892 3894 2561
f 2566 3895 2562
f 3902 3891 2563
f 2572 3902 2563
f 2728 2725 2564
f 2725 2571 2564
f 3896 3898 2565
f 3898 2567 2565
f 2568 3897 2566
f 3897 3895 2566
f 3898 3900 2567
f 3900 2569 2567
f 2570 3899 2568
f 3899 3897 2568
f 3900 3904 2569
f 3904 2573 2569
f 2574 3901 2570
f 3901 3899 2570
f 2725 2723 2571
f 2723 2722 2571
f 2722 2580 2571
f 2579 3902 2572
f 3904 3906 2573
f 3906 2575 2573
f 2576 3905 2574
f 3905 3901 2574
f 3906 3908 2575
f 3908 2577 2575
f 2578 3907 2576
f 3907 3905 2576
f 3908 3910 2577
f 3910 2581 2577
f 2582 3909 2578
f 3909 3907 2578
f 3914 3902 2579
f 2589 3914 2579
f 2722 2724 2580
f 2724 2590 2580
f 3910 2583 2581
f 3911 3909 2582
f 2584 3913 2582
f 3913 3911 2582
f 3912 2585 2583
f 3910 3912 2583
f 2586 3916 2584
f 3916 3913 2584
f 3912 3915 2585
f 3915 2587 2585
f 2588 3918 2586
f 3918 3916 2586
f 3915 3917 2587
f 3917 2591 2587
f 2592 3921 2588
f 3921 3918 2588
f 3919 3914 2589
f 2597 3919 2589
f 2727 2729 2590
f 2729 2598 2590
f 2724 2726 2590
f 2726 2727 2590
f 3917 3920 2591
f 3920 2593 2591
f 2594 3923 2592
f 3923 3921 2592
f 3920 3922 2593
f 3922 2595 2593
f 2596 3925 2594
f 3925 3923 2594
f 3922 3924 2595
f 3924 2599 2595
f 2600 3927 2596
f 3927 3925 2596
f 3936 3919 2597
f 2615 3936 2597
f 2729 2731 2598
f 2731 2616 2598
f 3924 3926 2599
f 3926 2601 2599
f 2602 3929 2600
f 3929 3927 2600
f 3926 3928 2601
f 3928 2603 2601
f 2604 3931 2602
f 3931 3929 2602
f 3928 3930 2603
f 3930 2605 2603
f 2606 3933 2604
f 3933 3931 2604
f 3930 3932 2605
f 3932 2607 2605
f 2608 3935 2606
f 3935 3933 2606
f 3934 2609 2607
f 3932 3934 2607
f 2610 3938 2608
f 3938 3935 2608
f 3937 3939 2609
f 3939 2611 2609
f 3934 3937 2609
f 2612 3938 2610
f 3939 3941 2611
f 3941 2613 2611
f 2614 3940 2612
f 3940 3938 2612
f 3941 3944 2613
f 3944 2617 2613
f 2618 3942 2614
f 3942 3940 2614
f 3943 3936 2615
f 3952 3943 2615
f 2619 3952 2615
f 2731 2733 2616
f 2733 2735 2616
f 2735 2620 2616
f 3944 3946 2617
f 3946 2621 2617
f 2622 3945 2618
f 3945 3942 2618
f 3956 3952 2619
f 2629 3956 2619
f 2735 2737 2620
f 2737 2630 2620
f 3946 3948 2621
f 3948 2623 2621
f 2624 3947 2622
f 3947 3945 2622
f 3948 3950 2623
f 3950 2625 2623
f 2626 3949 2624
f 3949 3947 2624
f 3950 3954 2625
f 3954 2627 2625
f 2628 3951 2626
f 3951 3949 2626
f 3954 2631 2627
f 3955 3951 2628
f 2632 3958 2628
f 3958 3955 2628
f 3965 3956 2629
f 2659 3965 2629
f 2741 2742 2630
f 2742 2750 2630
f 2750 2660 2630
f 2737 2739 2630
f 2739 2741 2630
f 3957 2633 2631
f 3954 3957 2631
f 2634 3960 2632
f 3960 3958 2632
f 3957 3959 2633
f 3959 2635 2633
f 2636 3962 2634
f 3962 3960 2634
f 3959 3961 2635
f 3961 2637 2635
f 2638 3964 2636
f 3964 3962 2636
f 3961 3963 2637
f 3963 2639 2637
f 2640 3968 2638
f 3968 3964 2638
f 3963 3967 2639
f 3967 2641 2639
f 2642 3970 2640
f 3970 3968 2640
f 3967 3969 2641
f 3969 2643 2641
f 2644 3972 2642
f 3972 3970 2642
f 3969 3971 2643
f 3971 2645 2643
f 2646 3974 2644
f 3974 3972 2644
f 3971 3973 2645
f 3973 2647 2645
f 2648 3976 2646
f 3976 3974 2646
f 3973 3975 2647
f 3975 2649 2647
f 2650 3978 2648
f 3978 3976 2648
f 3975 3977 2649
f 3977 2651 2649
f 2654 3982 2650
f 3982 3978 2650
f 3979 2652 2651
f 3977 3979 2651
f 3980 3984 2652
f 3984 2656 2652
f 3979 3980 2652
f 3981 2654 2653
f 2655 3981 2653
f 3981 3982 2654
f 2657 3983 2655
f 3983 3981 2655
f 3984 3986 2656
f 3986 2658 2656
f 2661 3985 2657
f 3985 3983 2657
f 3986 3988 2658
f 3988 2662 2658
f 3990 3965 2659
f 2664 3990 2659
f 2750 2754 2660
f 2754 2761 2660
f 2761 2665 2660
f 2663 3987 2661
f 3987 3985 2661
f 3988 3992 2662
f 3992 2666 2662
f 2667 3989 2663
f 3989 3987 2663
f 3996 3990 2664
f 2674 3996 2664
f 2761 2781 2665
f 2781 2675 2665
f 3992 3994 2666
f 3994 2668 2666
f 2669 3993 2667
f 3993 3989 2667
f 3994 3998 2668
f 3998 2670 2668
f 2671 3995 2669
f 3995 3993 2669
f 3998 2682 2670
f 3999 3995 2671
f 2683 4009 2671
f 4009 3999 2671
f 2676 4000 2672
f 4000 4001 2672
f 4001 2673 2672
f 4001 4003 2673
f 4003 2677 2673
f 4012 3996 2674
f 2686 4012 2674
f 2817 2687 2675
f 2807 2817 2675
f 2781 2783 2675
f 2783 2807 2675
f 2678 4002 2676
f 4002 4000 2676
f 4003 4005 2677
f 4005 2679 2677
f 2680 4004 2678
f 4004 4002 2678
f 4005 4007 2679
f 4007 2681 2679
f 4006 4004 2680
f 2692 4020 2680
f 4020 4006 2680
f 4007 2693 2681
f 4008 2684 2682
f 3998 4008 2682
f 2685 4011 2683
f 4011 4009 2683
f 4008 4010 2684
f 4010 2688 2684
f 2689 4015 2685
f 4015 4011 2685
f 4016 4012 2686
f 2706 4016 2686
f 2848 2867 2687
f 2867 2887 2687
f 2887 2707 2687
f 2817 2848 2687
f 4010 4014 2688
f 4014 2690 2688
f 2691 4019 2689
f 4019 4015 2689
f 4014 4018 2690
f 4018 2694 2690
f 2695 4023 2691
f 4023 4019 2691
f 2696 4024 2692
f 4024 4020 2692
f 4021 2697 2693
f 4007 4021 2693
f 4018 4022 2694
f 4022 2698 2694
f 2699 4027 2695
f 4027 4023 2695
f 2700 4028 2696
f 4028 4024 2696
f 4021 4025 2697
f 4025 2701 2697
f 4022 4026 2698
f 4026 2702 2698
f 2703 4031 2699
f 4031 4027 2699
f 2704 4032 2700
f 4032 4028 2700
f 4025 4029 2701
f 4029 2705 2701
f 4026 4030 2702
f 4030 2704 2702
f 2705 4033 2703
f 4033 4031 2703
f 4030 4032 2704
f 4029 4033 2705
f 4034 4016 2706
f 2708 4034 2706
f 2936 2709 2707
f 2887 2929 2707
f 2929 2936 2707
f 2710 4034 2708
f 2936 3106 2709
f 3106 4035 2709
f 4035 2711 2709
f 2712 4036 2710
f 4036 4034 2710
f 4035 4037 2711
f 4037 2713 2711
f 2714 4038 2712
f 4038 4036 2712
f 4037 4039 2713
f 4039 2715 2713
f 2716 4040 2714
f 4040 4038 2714
f 4039 4041 2715
f 4041 2717 2715
f 2718 4044 2716
f 4044 4042 2716
f 4042 4040 2716
f 4041 4043 2717
f 4043 2719 2717
f 2720 4046 2718
f 4046 4044 2718
f 4043 4045 2719
f 4045 2720 2719
f 4045 4046 2720
f 2744 2724 2722
f 2723 2744 2722
f 2725 2744 2723
f 2747 2726 2724
f 2744 2745 2724
f 2745 2747 2724
f 2746 2744 2725
f 2728 2746 2725
f 2748 2727 2726
f 2747 2748 2726
f 2748 2729 2727
f 2749 2746 2728
f 2730 2749 2728
f 2748 2731 2729
f 2732 2749 2730
f 2755 2733 2731
f 2748 2751 2731
f 2751 2755 2731
f 2753 2749 2732
f 2734 2753 2732
f 2755 2735 2733
f 2756 2753 2734
f 2736 2756 2734
f 2755 2737 2735
f 2738 2756 2736
f 2755 2757 2737
f 2757 2760 2737
f 2760 2739 2737
f 2758 2756 2738
f 2740 2758 2738
f 2760 2763 2739
f 2763 2741 2739
f 2743 2762 2740
f 2762 2758 2740
f 2763 2742 2741
f 2763 2766 2742
f 2766 2750 2742
f 2752 2770 2743
f 2770 2762 2743
f 2746 2767 2744
f 2767 2764 2744
f 2764 2745 2744
f 2764 2765 2745
f 2765 2747 2745
f 2749 2771 2746
f 2771 2767 2746
f 2765 2768 2747
f 2768 2748 2747
f 2768 2769 2748
f 2769 2751 2748
f 2753 2774 2749
f 2774 2771 2749
f 2766 2772 2750
f 2772 2754 2750
f 2769 2773 2751
f 2773 2755 2751
f 2759 2770 2752
f 2756 2776 2753
f 2776 2774 2753
f 2780 2761 2754
f 2772 2780 2754
f 2773 2775 2755
f 2775 2757 2755
f 2758 2784 2756
f 2784 2776 2756
f 2775 2779 2757
f 2779 2760 2757
f 2762 2784 2758
f 2777 2770 2759
f 2778 2777 2759
f 2787 2763 2760
f 2779 2785 2760
f 2785 2787 2760
f 2780 2781 2761
f 2770 2786 2762
f 2786 2784 2762
f 2787 2788 2763
f 2788 2766 2763
f 2767 2793 2764
f 2793 2790 2764
f 2790 2765 2764
f 2790 2791 2765
f 2791 2768 2765
f 2788 2772 2766
f 2771 2796 2767
f 2796 2793 2767
f 2791 2794 2768
f 2794 2769 2768
f 2794 2795 2769
f 2795 2773 2769
f 2800 2789 2770
f 2777 2800 2770
f 2789 2786 2770
f 2774 2801 2771
f 2801 2796 2771
f 2788 2792 2772
f 2792 2780 2772
f 2795 2798 2773
f 2798 2775 2773
f 2776 2804 2774
f 2804 2801 2774
f 2798 2802 2775
f 2802 2779 2775
f 2784 2808 2776
f 2808 2804 2776
f 2810 2800 2777
f 2797 2810 2777
f 2778 2797 2777
f 2782 2797 2778
f 2802 2805 2779
f 2805 2785 2779
f 2792 2803 2780
f 2803 2799 2780
f 2799 2781 2780
f 2799 2783 2781
f 2806 2826 2782
f 2826 2797 2782
f 2827 2807 2783
f 2799 2827 2783
f 2786 2808 2784
f 2814 2787 2785
f 2805 2809 2785
f 2809 2814 2785
f 2789 2813 2786
f 2813 2808 2786
f 2814 2811 2787
f 2811 2788 2787
f 2811 2792 2788
f 2823 2812 2789
f 2800 2823 2789
f 2812 2813 2789
f 2793 2820 2790
f 2820 2818 2790
f 2818 2791 2790
f 2818 2819 2791
f 2819 2794 2791
f 2811 2815 2792
f 2815 2803 2792
f 2796 2824 2793
f 2824 2820 2793
f 2819 2821 2794
f 2821 2795 2794
f 2821 2822 2795
f 2822 2798 2795
f 2801 2829 2796
f 2829 2824 2796
f 2826 2810 2797
f 2822 2828 2798
f 2828 2802 2798
f 2803 2816 2799
f 2838 2827 2799
f 2816 2838 2799
f 2832 2823 2800
f 2810 2832 2800
f 2804 2831 2801
f 2831 2829 2801
f 2828 2830 2802
f 2830 2805 2802
f 2815 2825 2803
f 2825 2816 2803
f 2808 2836 2804
f 2836 2831 2804
f 2830 2833 2805
f 2833 2809 2805
f 2834 2826 2806
f 2827 2851 2807
f 2851 2817 2807
f 2813 2836 2808
f 2844 2814 2809
f 2833 2839 2809
f 2839 2844 2809
f 2837 2832 2810
f 2826 2837 2810
f 2814 2841 2811
f 2841 2815 2811
f 2845 2840 2812
f 2823 2845 2812
f 2843 2813 2812
f 2840 2843 2812
f 2843 2836 2813
f 2844 2841 2814
f 2841 2842 2815
f 2842 2825 2815
f 2825 2835 2816
f 2860 2838 2816
f 2835 2860 2816
f 2851 2869 2817
f 2869 2848 2817
f 2820 2849 2818
f 2849 2846 2818
f 2846 2819 2818
f 2846 2847 2819
f 2847 2821 2819
f 2824 2854 2820
f 2854 2849 2820
f 2847 2852 2821
f 2852 2822 2821
f 2852 2853 2822
f 2853 2828 2822
f 2858 2845 2823
f 2832 2858 2823
f 2829 2857 2824
f 2857 2854 2824
f 2842 2850 2825
f 2850 2835 2825
f 2864 2837 2826
f 2834 2864 2826
f 2838 2851 2827
f 2853 2855 2828
f 2855 2830 2828
f 2831 2863 2829
f 2863 2857 2829
f 2855 2861 2830
f 2861 2833 2830
f 2836 2868 2831
f 2868 2863 2831
f 2859 2858 2832
f 2837 2859 2832
f 2861 2865 2833
f 2865 2839 2833
f 2856 2864 2834
f 2850 2862 2835
f 2883 2860 2835
f 2862 2883 2835
f 2843 2868 2836
f 2864 2859 2837
f 2860 2891 2838
f 2891 2851 2838
f 2885 2844 2839
f 2865 2875 2839
f 2875 2885 2839
f 2872 2871 2840
f 2845 2872 2840
f 2884 2843 2840
f 2871 2884 2840
f 2844 2873 2841
f 2873 2842 2841
f 2873 2870 2842
f 2870 2850 2842
f 2884 2868 2843
f 2885 2873 2844
f 2888 2872 2845
f 2858 2888 2845
f 2849 2878 2846
f 2878 2874 2846
f 2874 2847 2846
f 2874 2877 2847
f 2877 2852 2847
f 2869 2867 2848
f 2854 2886 2849
f 2886 2878 2849
f 2870 2876 2850
f 2876 2862 2850
f 2891 2869 2851
f 2877 2880 2852
f 2880 2853 2852
f 2880 2881 2853
f 2881 2855 2853
f 2857 2892 2854
f 2892 2886 2854
f 2881 2889 2855
f 2889 2861 2855
f 2866 2879 2856
f 2879 2864 2856
f 2863 2894 2857
f 2894 2892 2857
f 2882 2888 2858
f 2859 2882 2858
f 2896 2882 2859
f 2864 2896 2859
f 2883 2891 2860
f 2889 2893 2861
f 2893 2865 2861
f 2876 2890 2862
f 2903 2883 2862
f 2890 2903 2862
f 2868 2907 2863
f 2907 2894 2863
f 2906 2896 2864
f 2879 2906 2864
f 2893 2898 2865
f 2898 2875 2865
f 2895 2908 2866
f 2908 2879 2866
f 2869 2887 2867
f 2884 2907 2868
f 2899 2897 2869
f 2891 2899 2869
f 2897 2887 2869
f 2916 2913 2870
f 2873 2916 2870
f 2913 2876 2870
f 2910 2914 2871
f 2872 2910 2871
f 2923 2884 2871
f 2914 2923 2871
f 2920 2910 2872
f 2888 2920 2872
f 2885 2916 2873
f 2878 2905 2874
f 2905 2900 2874
f 2900 2877 2874
f 2924 2885 2875
f 2898 2917 2875
f 2917 2924 2875
f 2913 2912 2876
f 2912 2890 2876
f 2900 2901 2877
f 2901 2880 2877
f 2886 2915 2878
f 2915 2905 2878
f 2926 2906 2879
f 2908 2926 2879
f 2901 2909 2880
f 2909 2881 2880
f 2909 2911 2881
f 2911 2889 2881
f 2896 2902 2882
f 2902 2888 2882
f 2903 2962 2883
f 2962 2891 2883
f 2923 2907 2884
f 2924 2916 2885
f 2892 2925 2886
f 2925 2915 2886
f 2931 2929 2887
f 2897 2931 2887
f 2902 2920 2888
f 2911 2919 2889
f 2919 2893 2889
f 2912 2922 2890
f 2958 2903 2890
f 2922 2958 2890
f 2962 2899 2891
f 2894 2952 2892
f 2952 2925 2892
f 2919 2928 2893
f 2928 2898 2893
f 2907 2968 2894
f 2968 2952 2894
f 2904 2908 2895
f 2964 2902 2896
f 2963 2964 2896
f 2906 2963 2896
f 2899 2921 2897
f 2921 2931 2897
f 2928 2961 2898
f 2961 2917 2898
f 2965 2921 2899
f 2962 2965 2899
f 2950 2901 2900
f 2947 2950 2900
f 2905 2947 2900
f 2954 2909 2901
f 2950 2954 2901
f 2964 2957 2902
f 2957 2920 2902
f 2958 2962 2903
f 2930 2918 2904
f 2918 2908 2904
f 2951 2947 2905
f 2915 2951 2905
f 2956 2963 2906
f 2926 2956 2906
f 2923 2968 2907
f 2927 2926 2908
f 2918 2927 2908
f 2955 2911 2909
f 2954 2955 2909
f 2976 2969 2910
f 2920 2976 2910
f 2969 2914 2910
f 2967 2919 2911
f 2955 2967 2911
f 2972 2970 2912
f 2913 2972 2912
f 2970 2922 2912
f 2975 2972 2913
f 2916 2975 2913
f 2969 2974 2914
f 2982 2923 2914
f 2974 2982 2914
f 2959 2951 2915
f 2925 2959 2915
f 2924 2975 2916
f 2983 2924 2917
f 2961 2977 2917
f 2977 2983 2917
f 2930 2932 2918
f 2934 2927 2918
f 2932 2934 2918
f 2979 2928 2919
f 2967 2979 2919
f 2957 2976 2920
f 2965 2960 2921
f 2960 2933 2921
f 2933 2931 2921
f 2970 2978 2922
f 2986 2958 2922
f 2978 2986 2922
f 2982 2968 2923
f 2983 2975 2924
f 2971 2959 2925
f 2952 2971 2925
f 2953 2956 2926
f 2927 2953 2926
f 2938 2953 2927
f 2934 2938 2927
f 2987 2961 2928
f 2979 2987 2928
f 2931 2936 2929
f 2935 2932 2930
f 2933 2936 2931
f 2935 2934 2932
f 2937 2936 2933
f 2960 2937 2933
f 2935 2938 2934
f 3105 2945 2935
f 2945 2941 2935
f 2941 2938 2935
f 2946 3106 2936
f 2942 2946 2936
f 2937 2942 2936
f 2960 2942 2937
f 2941 2966 2938
f 2966 2953 2938
f 2960 2980 2942
f 2990 2966 2941
f 3006 2990 2941
f 2980 2992 2942
f 2945 3023 2941
f 3023 3006 2941
f 3017 2946 2942
f 2992 3017 2942
f 3032 3023 2945
f 3017 3028 2946
f 6869 2950 2947
f 6868 6869 2947
f 6917 6868 2947
f 2951 6917 2947
f 3105 3108 2945
f 3108 3032 2945
f 3109 3106 2946
f 3131 3109 2946
f 3040 3131 2946
f 3028 3040 2946
f 6921 6974 2950
f 6974 2954 2950
f 6869 6921 2950
f 6949 6917 2951
f 2959 6949 2951
f 2981 2971 2952
f 2968 2981 2952
f 2966 2973 2953
f 2973 2956 2953
f 6974 2955 2954
f 6974 2967 2955
f 2973 2963 2956
f 2964 2985 2957
f 2985 2976 2957
f 2986 2962 2958
f 2971 6949 2959
f 2965 2988 2960
f 2988 2980 2960
f 2998 2977 2961
f 2987 2998 2961
f 2986 3018 2962
f 3018 3014 2962
f 3014 3009 2962
f 3009 2965 2962
f 2973 2984 2963
f 2984 2991 2963
f 2991 3008 2963
f 3008 2964 2963
f 3008 2985 2964
f 3009 3000 2965
f 3000 2988 2965
f 2990 2973 2966
f 3200 2979 2967
f 6572 3200 2967
f 6974 6572 2967
f 2989 2981 2968
f 2982 2989 2968
f 3003 2997 2969
f 2976 3003 2969
f 2997 2994 2969
f 2994 2993 2969
f 2993 3001 2969
f 3001 2974 2969
f 2999 2995 2970
f 2972 2999 2970
f 3005 2978 2970
f 2996 3005 2970
f 2995 2996 2970
f 3152 3199 2971
f 2981 3152 2971
f 6581 6949 2971
f 3199 6581 2971
f 2975 2999 2972
f 2990 2984 2973
f 3010 2982 2974
f 3001 3010 2974
f 3002 2999 2975
f 2983 3002 2975
f 2985 3016 2976
f 3016 3004 2976
f 3004 3003 2976
f 3011 2983 2977
f 2998 3011 2977
f 3005 2986 2978
f 3153 2987 2979
f 3200 3153 2979
f 2988 2992 2980
f 2989 3061 2981
f 3061 3093 2981
f 3093 3152 2981
f 3010 2989 2982
f 3011 3002 2983
f 2990 2991 2984
f 3021 3019 2985
f 3008 3021 2985
f 3019 3016 2985
f 3015 3020 2986
f 3005 3015 2986
f 3020 3018 2986
f 3094 3062 2987
f 3062 2998 2987
f 3153 3094 2987
f 3000 2992 2988
f 3010 3024 2989
f 3024 3061 2989
f 3025 2991 2990
f 3006 3042 2990
f 3042 3025 2990
f 3025 3008 2991
f 3000 3027 2992
f 3027 3017 2992
f 3007 3001 2993
f 2994 3007 2993
f 2997 3022 2994
f 3022 3030 2994
f 3030 3007 2994
f 2999 3031 2995
f 3031 3044 2995
f 3044 2996 2995
f 3044 3012 2996
f 3012 3005 2996
f 3003 3022 2997
f 3062 3026 2998
f 3026 3011 2998
f 3013 3031 2999
f 3002 3013 2999
f 3009 3027 3000
f 3024 3010 3001
f 3035 3024 3001
f 3007 3035 3001
f 3011 3037 3002
f 3037 3013 3002
f 3004 3041 3003
f 3041 3022 3003
f 3016 3041 3004
f 3012 3036 3005
f 3036 3015 3005
f 3023 3055 3006
f 3055 3042 3006
f 3045 3035 3007
f 3030 3058 3007
f 3058 3045 3007
f 3025 3034 3008
f 3034 3021 3008
f 3014 3027 3009
f 3026 3037 3011
f 3044 3036 3012
f 3037 3031 3013
f 3029 3027 3014
f 3018 3029 3014
f 3033 3020 3015
f 3036 3052 3015
f 3052 3033 3015
f 3019 3038 3016
f 3038 3041 3016
f 3043 3028 3017
f 3027 3043 3017
f 3033 3029 3018
f 3020 3033 3018
f 3021 3038 3019
f 3034 3038 3021
f 3041 3047 3022
f 3047 3030 3022
f 3032 3068 3023
f 3068 3055 3023
f 3065 3061 3024
f 3035 3065 3024
f 3042 3049 3025
f 3049 3034 3025
f 3062 3037 3026
f 3029 3043 3027
f 3043 3057 3028
f 3057 3040 3028
f 3033 3039 3029
f 3046 3043 3029
f 3039 3046 3029
f 3047 3073 3030
f 3073 3058 3030
f 3048 3044 3031
f 3037 3048 3031
f 3108 3129 3032
f 3129 3068 3032
f 3052 3039 3033
f 3049 3050 3034
f 3050 3038 3034
f 3045 3079 3035
f 3079 3065 3035
f 3059 3052 3036
f 3044 3059 3036
f 3066 3048 3037
f 3062 3066 3037
f 3056 3041 3038
f 3077 3056 3038
f 3050 3077 3038
f 3051 3046 3039
f 3052 3051 3039
f 3146 3131 3040
f 3072 3146 3040
f 3057 3072 3040
f 3064 3047 3041
f 3056 3064 3041
f 3055 3067 3042
f 3067 3049 3042
f 3046 3057 3043
f 3060 3059 3044
f 3048 3060 3044
f 3058 3085 3045
f 3085 3079 3045
f 3063 3057 3046
f 3051 3054 3046
f 3054 3063 3046
f 3086 3073 3047
f 3064 3086 3047
f 3081 3060 3048
f 3066 3081 3048
f 3053 3050 3049
f 3067 3070 3049
f 3070 3053 3049
f 3053 3077 3050
f 3052 3069 3051
f 3069 3054 3051
f 3078 3069 3052
f 3059 3078 3052
f 3091 3077 3053
f 3070 3091 3053
f 3071 3063 3054
f 3069 3071 3054
f 3068 3083 3055
f 3083 3067 3055
f 3082 3064 3056
f 3077 3082 3056
f 3063 3072 3057
f 3073 3098 3058
f 3098 3085 3058
f 3076 3078 3059
f 3060 3076 3059
f 3087 3076 3060
f 3081 3087 3060
f 3096 3093 3061
f 3065 3096 3061
f 3094 3066 3062
f 3071 3075 3063
f 3080 3072 3063
f 3075 3080 3063
f 3100 3086 3064
f 3082 3100 3064
f 3079 3103 3065
f 3103 3096 3065
f 3097 3081 3066
f 3094 3097 3066
f 3074 3070 3067
f 3083 3089 3067
f 3089 3074 3067
f 3151 3083 3068
f 3129 3144 3068
f 3144 3151 3068
f 3084 3071 3069
f 3092 3084 3069
f 3078 3092 3069
f 3074 3091 3070
f 3084 3075 3071
f 3080 3146 3072
f 3132 3098 3073
f 3086 3132 3073
f 3107 3091 3074
f 3089 3107 3074
f 3090 3080 3075
f 3084 3090 3075
f 3088 3078 3076
f 3099 3088 3076
f 3087 3099 3076
f 3095 3082 3077
f 3091 3095 3077
f 3088 3092 3078
f 3085 3136 3079
f 3136 3103 3079
f 3167 3146 3080
f 3090 3167 3080
f 3104 3087 3081
f 3097 3104 3081
f 3141 3100 3082
f 3095 3141 3082
f 3151 3165 3083
f 3165 3089 3083
f 3101 3090 3084
f 3114 3101 3084
f 3092 3114 3084
f 3098 3156 3085
f 3156 3136 3085
f 3158 3132 3086
f 3100 3158 3086
f 3138 3099 3087
f 3104 3138 3087
f 3102 3092 3088
f 3134 3102 3088
f 3099 3134 3088
f 3165 3174 3089
f 3174 3107 3089
f 3190 3167 3090
f 3101 3190 3090
f 3130 3095 3091
f 3107 3130 3091
f 3102 3114 3092
f 3160 3152 3093
f 3096 3160 3093
f 3153 3097 3094
f 3170 3141 3095
f 3130 3170 3095
f 3103 3172 3096
f 3172 3160 3096
f 3161 3104 3097
f 3153 3161 3097
f 3178 3156 3098
f 3132 3178 3098
f 3159 3134 3099
f 3138 3159 3099
f 3181 3158 3100
f 3141 3181 3100
f 3202 3190 3101
f 3255 3202 3101
f 3148 3255 3101
f 3114 3148 3101
f 3143 3114 3102
f 3163 3143 3102
f 3134 3163 3102
f 3136 3184 3103
f 3184 3172 3103
f 3173 3138 3104
f 3161 3173 3104
f 3771 3127 3105
f 3115 3108 3105
f 3119 3115 3105
f 3123 3119 3105
f 3127 3123 3105
f 3128 4035 3106
f 3109 3116 3106
f 3124 3128 3106
f 3116 3120 3106
f 3120 3124 3106
f 3174 3201 3107
f 3201 3130 3107
f 3135 3129 3108
f 3142 3135 3108
f 3131 3139 3109
f 3115 3149 3108
f 3149 3142 3108
f 3150 3116 3109
f 3139 3150 3109
f 3143 3148 3114
f 3155 3149 3115
f 3119 3155 3115
f 3157 3133 3116
f 3150 3157 3116
f 3133 3120 3116
f 3176 3155 3119
f 3123 3176 3119
f 3133 3137 3120
f 3137 3140 3120
f 3186 3176 3123
f 3140 3145 3120
f 3145 3124 3120
f 3194 3186 3123
f 3127 3194 3123
f 3145 3147 3124
f 3212 3194 3127
f 3219 3212 3127
f 3147 3128 3124
f 3771 3219 3127
f 3154 4035 3128
f 3147 3154 3128
f 3135 3162 3129
f 3162 3144 3129
f 3201 3254 3130
f 3254 3170 3130
f 3146 3139 3131
f 3197 3178 3132
f 3158 3197 3132
f 3157 3168 3133
f 3168 3137 3133
f 3179 3163 3134
f 3159 3179 3134
f 3142 3175 3135
f 3175 3162 3135
f 3156 3204 3136
f 3204 3184 3136
f 3168 3206 3137
f 3206 3220 3137
f 3220 3140 3137
f 3185 3159 3138
f 3173 3185 3138
f 3164 3150 3139
f 3146 3164 3139
f 3220 3235 3140
f 3235 3145 3140
f 3207 3181 3141
f 3170 3207 3141
f 3149 3187 3142
f 3187 3175 3142
f 3171 3148 3143
f 3183 3171 3143
f 3163 3183 3143
f 3162 3169 3144
f 3169 3151 3144
f 3235 3251 3145
f 3251 3147 3145
f 3167 3164 3146
f 3252 3154 3147
f 3251 3252 3147
f 3274 3255 3148
f 3171 3274 3148
f 3166 3187 3149
f 3155 3166 3149
f 3177 3157 3150
f 3164 3177 3150
f 3169 3165 3151
f 3210 3199 3152
f 3160 3210 3152
f 3200 3161 3153
f 4017 4035 3154
f 3252 4017 3154
f 3176 3166 3155
f 3221 3204 3156
f 3178 3221 3156
f 3189 3188 3157
f 3188 3168 3157
f 3177 3189 3157
f 3225 3197 3158
f 3181 3225 3158
f 3205 3179 3159
f 3185 3205 3159
f 3172 3216 3160
f 3216 3210 3160
f 3211 3173 3161
f 3200 3211 3161
f 3175 3180 3162
f 3180 3169 3162
f 3203 3183 3163
f 3179 3203 3163
f 3182 3177 3164
f 3167 3182 3164
f 3169 3191 3165
f 3191 3174 3165
f 3193 3187 3166
f 3176 3193 3166
f 3190 3182 3167
f 3188 3206 3168
f 3180 3214 3169
f 3214 3191 3169
f 3254 3273 3170
f 3273 3207 3170
f 3296 3274 3171
f 3209 3296 3171
f 3183 3209 3171
f 3184 3232 3172
f 3232 3216 3172
f 3217 3185 3173
f 3211 3217 3173
f 3191 3222 3174
f 3222 3201 3174
f 3187 3192 3175
f 3192 3180 3175
f 3186 3218 3176
f 3218 3193 3176
f 3198 3189 3177
f 3182 3198 3177
f 3241 3221 3178
f 3197 3241 3178
f 3224 3203 3179
f 3205 3224 3179
f 3192 3231 3180
f 3231 3214 3180
f 3243 3225 3181
f 3207 3243 3181
f 3213 3198 3182
f 3190 3213 3182
f 3239 3209 3183
f 3226 3239 3183
f 3203 3226 3183
f 3204 3247 3184
f 3247 3232 3184
f 3233 3205 3185
f 3217 3233 3185
f 3236 3218 3186
f 3194 3236 3186
f 3196 3192 3187
f 3193 3196 3187
f 3189 3195 3188
f 3195 3206 3188
f 3215 3195 3189
f 3198 3215 3189
f 3202 3213 3190
f 3214 3245 3191
f 3245 3227 3191
f 3227 3222 3191
f 3237 3231 3192
f 3208 3237 3192
f 3196 3208 3192
f 3218 3196 3193
f 3256 3236 3194
f 3212 3256 3194
f 3215 3229 3195
f 3250 3206 3195
f 3229 3250 3195
f 3218 3208 3196
f 3261 3241 3197
f 3225 3261 3197
f 3234 3215 3198
f 3213 3234 3198
f 3210 6581 3199
f 6572 6573 3200
f 6573 3211 3200
f 3270 3254 3201
f 3222 3270 3201
f 3255 3223 3202
f 3223 3213 3202
f 3242 3226 3203
f 3224 3242 3203
f 3264 3247 3204
f 3221 3264 3204
f 3248 3224 3205
f 3233 3248 3205
f 3250 3269 3206
f 3269 3220 3206
f 3273 3295 3207
f 3295 3243 3207
f 3218 3237 3208
f 3331 3296 3209
f 3239 3331 3209
f 3216 6582 3210
f 6582 6581 3210
f 6573 6574 3211
f 6574 3217 3211
f 3272 3256 3212
f 3219 3272 3212
f 3223 3228 3213
f 3228 3234 3213
f 3231 3258 3214
f 3258 3245 3214
f 3257 3230 3215
f 3230 3229 3215
f 3249 3257 3215
f 3234 3249 3215
f 3232 6585 3216
f 6585 6582 3216
f 6574 6575 3217
f 6575 3233 3217
f 3260 3237 3218
f 3236 3260 3218
f 3771 3789 3219
f 3789 3253 3219
f 3253 3272 3219
f 3269 3289 3220
f 3289 3235 3220
f 3279 3264 3221
f 3241 3279 3221
f 3227 3270 3222
f 3271 3228 3223
f 3255 3271 3223
f 3265 3242 3224
f 3248 3265 3224
f 3277 3261 3225
f 3243 3277 3225
f 3244 3239 3226
f 3262 3244 3226
f 3242 3262 3226
f 3286 3270 3227
f 3245 3286 3227
f 3271 3240 3228
f 3240 3234 3228
f 3230 3250 3229
f 3276 3250 3230
f 3257 3276 3230
f 3237 3238 3231
f 3238 3263 3231
f 3263 3258 3231
f 3247 6587 3232
f 6587 6585 3232
f 6575 6576 3233
f 6576 3248 3233
f 3240 3246 3234
f 3246 3249 3234
f 3289 3304 3235
f 3304 3251 3235
f 3281 3260 3236
f 3256 3281 3236
f 3260 3238 3237
f 3266 3263 3238
f 3260 3275 3238
f 3275 3266 3238
f 3350 3331 3239
f 3244 3350 3239
f 3287 3246 3240
f 3271 3287 3240
f 3291 3279 3241
f 3261 3291 3241
f 3280 3262 3242
f 3265 3280 3242
f 3349 3277 3243
f 3295 3330 3243
f 3330 3349 3243
f 3371 3350 3244
f 3278 3371 3244
f 3262 3278 3244
f 3298 3286 3245
f 3258 3298 3245
f 3287 3259 3246
f 3259 3249 3246
f 3264 6594 3247
f 6594 6587 3247
f 6576 6579 3248
f 6579 3265 3248
f 3259 3257 3249
f 3276 3284 3250
f 3284 3294 3250
f 3294 3269 3250
f 3268 3252 3251
f 3304 3268 3251
f 4013 4017 3252
f 3268 4013 3252
f 3789 3794 3253
f 3794 3288 3253
f 3288 3272 3253
f 3270 3273 3254
f 3274 3271 3255
f 3297 3281 3256
f 3272 3297 3256
f 3259 3267 3257
f 3267 3276 3257
f 3263 3298 3258
f 3285 3267 3259
f 3309 3285 3259
f 3299 3309 3259
f 3287 3299 3259
f 3293 3283 3260
f 3283 3275 3260
f 3281 3293 3260
f 3306 3291 3261
f 3277 3306 3261
f 3292 3278 3262
f 3280 3292 3262
f 3266 3298 3263
f 3279 6599 3264
f 6599 6594 3264
f 6579 6584 3265
f 6584 3280 3265
f 3282 3298 3266
f 3275 3282 3266
f 3300 3276 3267
f 3285 3300 3267
f 3326 4013 3268
f 3304 3326 3268
f 3294 3302 3269
f 3302 3314 3269
f 3314 3289 3269
f 3310 3273 3270
f 3322 3310 3270
f 3286 3322 3270
f 3311 3287 3271
f 3274 3311 3271
f 3334 3315 3272
f 3288 3334 3272
f 3315 3297 3272
f 3310 3295 3273
f 3296 3311 3274
f 3283 3321 3275
f 3321 3312 3275
f 3312 3282 3275
f 3300 3284 3276
f 3411 3306 3277
f 3370 3411 3277
f 3349 3370 3277
f 3412 3371 3278
f 3307 3412 3278
f 3292 3307 3278
f 3291 6606 3279
f 6606 6599 3279
f 6584 6589 3280
f 6589 3292 3280
f 3313 3301 3281
f 3301 3293 3281
f 3297 3313 3281
f 3303 3308 3282
f 3308 3298 3282
f 3312 3303 3282
f 3293 3329 3283
f 3329 3321 3283
f 3305 3294 3284
f 3300 3305 3284
f 3309 3290 3285
f 3290 3300 3285
f 3336 3322 3286
f 3298 3336 3286
f 3323 3299 3287
f 3311 3323 3287
f 3794 3334 3288
f 3314 3325 3289
f 3325 3333 3289
f 3333 3304 3289
f 3309 3317 3290
f 3317 3338 3290
f 3338 3300 3290
f 3306 6672 3291
f 6672 6606 3291
f 6589 6597 3292
f 6597 3307 3292
f 3301 3340 3293
f 3340 3329 3293
f 3316 3302 3294
f 3305 3316 3294
f 3345 3330 3295
f 3310 3345 3295
f 3331 3311 3296
f 3332 3324 3297
f 3342 3332 3297
f 3324 3313 3297
f 3315 3342 3297
f 3308 3347 3298
f 3347 3336 3298
f 3323 3337 3299
f 3337 3309 3299
f 3344 3305 3300
f 3338 3344 3300
f 3313 3357 3301
f 3357 3340 3301
f 3328 3314 3302
f 3316 3328 3302
f 3318 3308 3303
f 3312 3318 3303
f 3333 3343 3304
f 3343 3356 3304
f 3356 3326 3304
f 3344 3358 3305
f 3358 3316 3305
f 3455 6723 3306
f 3411 3455 3306
f 6723 6672 3306
f 6597 6957 3307
f 6957 3456 3307
f 3456 3412 3307
f 3319 3347 3308
f 3318 3319 3308
f 3320 3317 3309
f 3348 3320 3309
f 3337 3348 3309
f 3362 3345 3310
f 3322 3362 3310
f 3331 3346 3311
f 3346 3323 3311
f 3341 3318 3312
f 3321 3341 3312
f 3324 3374 3313
f 3374 3357 3313
f 3339 3325 3314
f 3328 3339 3314
f 3367 3355 3315
f 3334 3367 3315
f 3355 3342 3315
f 3375 3328 3316
f 3358 3375 3316
f 3320 3338 3317
f 3341 3319 3318
f 3335 3359 3319
f 3359 3347 3319
f 3341 3335 3319
f 3360 3327 3320
f 3348 3360 3320
f 3327 3338 3320
f 3354 3341 3321
f 3329 3354 3321
f 3377 3362 3322
f 3336 3377 3322
f 3363 3337 3323
f 3346 3363 3323
f 3332 3391 3324
f 3391 3374 3324
f 3351 3333 3325
f 3339 3351 3325
f 3368 4013 3326
f 3356 3368 3326
f 3360 3353 3327
f 3353 3369 3327
f 3369 3338 3327
f 3392 3339 3328
f 3375 3392 3328
f 3366 3354 3329
f 3340 3366 3329
f 3345 3349 3330
f 3350 3346 3331
f 3342 3407 3332
f 3407 3391 3332
f 3364 3343 3333
f 3351 3364 3333
f 3794 3367 3334
f 3352 3359 3335
f 3341 3352 3335
f 3347 3393 3336
f 3393 3377 3336
f 3363 3378 3337
f 3378 3348 3337
f 3369 3381 3338
f 3381 3344 3338
f 3408 3351 3339
f 3392 3408 3339
f 3383 3366 3340
f 3357 3383 3340
f 3354 3376 3341
f 3376 3352 3341
f 3355 3428 3342
f 3428 3407 3342
f 3364 3382 3343
f 3382 3356 3343
f 3397 3358 3344
f 3381 3397 3344
f 3388 3349 3345
f 3402 3388 3345
f 3362 3402 3345
f 3350 3389 3346
f 3389 3363 3346
f 3359 3405 3347
f 3405 3393 3347
f 3394 3360 3348
f 3378 3394 3348
f 3388 3370 3349
f 3371 3389 3350
f 3432 3364 3351
f 3408 3432 3351
f 3365 3372 3352
f 3372 3359 3352
f 3376 3365 3352
f 3373 3361 3353
f 3360 3373 3353
f 3361 3369 3353
f 3386 3376 3354
f 3366 3386 3354
f 3367 3463 3355
f 3463 3428 3355
f 3382 3398 3356
f 3398 3368 3356
f 3400 3383 3357
f 3374 3400 3357
f 3397 3414 3358
f 3414 3375 3358
f 3372 3418 3359
f 3418 3405 3359
f 3406 3373 3360
f 3394 3406 3360
f 3373 3380 3361
f 3380 3396 3361
f 3396 3369 3361
f 3424 3402 3362
f 3377 3424 3362
f 3403 3378 3363
f 3389 3403 3363
f 3432 3473 3364
f 3473 3382 3364
f 3379 3372 3365
f 3376 3379 3365
f 3399 3386 3366
f 3383 3399 3366
f 3809 3463 3367
f 3794 3809 3367
f 3416 4013 3368
f 3398 3416 3368
f 3404 3381 3369
f 3396 3404 3369
f 3438 3411 3370
f 3388 3438 3370
f 3412 3389 3371
f 3385 3418 3372
f 3379 3385 3372
f 3430 3384 3373
f 3384 3380 3373
f 3419 3430 3373
f 3406 3419 3373
f 3423 3400 3374
f 3391 3423 3374
f 3444 3392 3375
f 3414 3444 3375
f 3395 3379 3376
f 3386 3395 3376
f 3393 3451 3377
f 3451 3424 3377
f 3403 3425 3378
f 3425 3394 3378
f 3395 3385 3379
f 3384 3396 3380
f 3404 3422 3381
f 3422 3397 3381
f 3473 3502 3382
f 3502 3398 3382
f 3420 3399 3383
f 3400 3420 3383
f 3430 3390 3384
f 3390 3396 3384
f 3387 3429 3385
f 3429 3418 3385
f 3395 3387 3385
f 3401 3395 3386
f 3399 3401 3386
f 3409 3429 3387
f 3415 3409 3387
f 3395 3415 3387
f 3471 3438 3388
f 3402 3471 3388
f 3412 3439 3389
f 3439 3403 3389
f 3430 3410 3390
f 3410 3396 3390
f 3461 3423 3391
f 3407 3461 3391
f 3482 3408 3392
f 3444 3482 3392
f 3405 3474 3393
f 3474 3451 3393
f 3452 3406 3394
f 3425 3452 3394
f 3401 3415 3395
f 3417 3427 3396
f 3410 3417 3396
f 3427 3404 3396
f 3459 3414 3397
f 3422 3459 3397
f 3476 3416 3398
f 3502 3476 3398
f 3421 3401 3399
f 3420 3421 3399
f 3460 3420 3400
f 3423 3460 3400
f 3421 3426 3401
f 3426 3415 3401
f 3495 3471 3402
f 3424 3495 3402
f 3472 3425 3403
f 3439 3472 3403
f 3453 3422 3404
f 3427 3453 3404
f 3418 3491 3405
f 3491 3474 3405
f 3475 3419 3406
f 3452 3475 3406
f 3494 3461 3407
f 3428 3494 3407
f 3521 3432 3408
f 3482 3521 3408
f 3433 3442 3409
f 3442 3429 3409
f 3431 3433 3409
f 3415 3431 3409
f 3443 3413 3410
f 3430 3443 3410
f 3413 3417 3410
f 3479 3455 3411
f 3438 3479 3411
f 3456 3439 3412
f 3443 3441 3413
f 3441 3435 3413
f 3435 3417 3413
f 3459 3488 3414
f 3488 3444 3414
f 3426 3431 3415
f 3476 3991 3416
f 3991 3997 3416
f 3997 4013 3416
f 3435 3437 3417
f 3437 3446 3417
f 3446 3427 3417
f 3429 3503 3418
f 3503 3491 3418
f 3492 3430 3419
f 3475 3492 3419
f 3454 3421 3420
f 3460 3454 3420
f 3454 3450 3421
f 3450 3426 3421
f 3453 3481 3422
f 3481 3459 3422
f 3490 3460 3423
f 3461 3490 3423
f 3451 3519 3424
f 3519 3495 3424
f 3472 3496 3425
f 3496 3452 3425
f 3450 3447 3426
f 3447 3431 3426
f 3446 3449 3427
f 3449 3465 3427
f 3465 3453 3427
f 3463 3565 3428
f 3528 3494 3428
f 3565 3528 3428
f 3442 3516 3429
f 3516 3503 3429
f 3504 3443 3430
f 3492 3504 3430
f 3436 3434 3431
f 3445 3436 3431
f 3447 3445 3431
f 3434 3433 3431
f 3521 3562 3432
f 3562 3473 3432
f 3457 3442 3433
f 3440 3457 3433
f 3434 3440 3433
f 3462 3440 3434
f 3436 3462 3434
f 3489 3437 3435
f 3498 3489 3435
f 3441 3498 3435
f 3467 3462 3436
f 3445 3467 3436
f 3489 3446 3437
f 3483 3479 3438
f 3506 3483 3438
f 3471 3506 3438
f 3480 3484 3439
f 3456 3480 3439
f 3484 3472 3439
f 3466 3457 3440
f 3462 3466 3440
f 3458 3498 3441
f 3443 3458 3441
f 3523 3516 3442
f 3457 3523 3442
f 3517 3458 3443
f 3504 3517 3443
f 3526 3482 3444
f 3488 3526 3444
f 3448 3467 3445
f 3447 3448 3445
f 3493 3449 3446
f 3489 3493 3446
f 3464 3448 3447
f 3468 3464 3447
f 3450 3468 3447
f 3478 3467 3448
f 3464 3478 3448
f 3493 3465 3449
f 3477 3468 3450
f 3454 3477 3450
f 3474 3539 3451
f 3539 3519 3451
f 3520 3475 3452
f 3496 3520 3452
f 3465 3470 3453
f 3470 3486 3453
f 3486 3481 3453
f 3487 3477 3454
f 3460 3487 3454
f 7090 6723 3455
f 3479 7090 3455
f 6957 3480 3456
f 3466 3523 3457
f 3524 3498 3458
f 3517 3524 3458
f 3518 3488 3459
f 3481 3518 3459
f 3490 3487 3460
f 3527 3490 3461
f 3494 3527 3461
f 3467 3505 3462
f 3505 3466 3462
f 3816 3565 3463
f 3809 3816 3463
f 3469 3478 3464
f 3468 3469 3464
f 3508 3470 3465
f 3493 3508 3465
f 3510 3523 3466
f 3505 3510 3466
f 3478 3509 3467
f 3509 3505 3467
f 3485 3469 3468
f 3497 3485 3468
f 3477 3497 3468
f 3501 3478 3469
f 3485 3501 3469
f 3508 3486 3470
f 3511 3506 3471
f 3532 3511 3471
f 3495 3532 3471
f 3484 3507 3472
f 3507 3512 3472
f 3512 3496 3472
f 3562 3616 3473
f 3616 3502 3473
f 3491 3560 3474
f 3560 3539 3474
f 3540 3492 3475
f 3520 3540 3475
f 3541 3991 3476
f 3502 3541 3476
f 3513 3497 3477
f 3487 3513 3477
f 3501 3522 3478
f 3522 3509 3478
f 3483 7145 3479
f 7145 7090 3479
f 6957 3484 3480
f 3486 3500 3481
f 3500 3515 3481
f 3515 3518 3481
f 3575 3521 3482
f 3526 3575 3482
f 3506 7145 3483
f 6957 7006 3484
f 7006 3507 3484
f 3499 3501 3485
f 3497 3499 3485
f 3529 3500 3486
f 3508 3529 3486
f 3525 3513 3487
f 3490 3525 3487
f 3518 3563 3488
f 3563 3526 3488
f 3530 3535 3489
f 3535 3493 3489
f 3538 3530 3489
f 3498 3538 3489
f 3527 3525 3490
f 3503 3577 3491
f 3577 3560 3491
f 3561 3504 3492
f 3540 3561 3492
f 3550 3508 3493
f 3535 3550 3493
f 3574 3527 3494
f 3528 3574 3494
f 3545 3532 3495
f 3519 3557 3495
f 3557 3545 3495
f 3512 3533 3496
f 3533 3546 3496
f 3546 3520 3496
f 3514 3499 3497
f 3531 3514 3497
f 3513 3531 3497
f 3524 3538 3498
f 3534 3501 3499
f 3514 3534 3499
f 3529 3515 3500
f 3534 3549 3501
f 3549 3522 3501
f 3616 3541 3502
f 3516 3591 3503
f 3591 3577 3503
f 3578 3517 3504
f 3561 3578 3504
f 3542 3510 3505
f 3548 3542 3505
f 3509 3548 3505
f 3511 7272 3506
f 7272 7145 3506
f 7006 3512 3507
f 3568 3529 3508
f 3550 3568 3508
f 3556 3548 3509
f 3522 3556 3509
f 3601 3523 3510
f 3661 3601 3510
f 3551 3661 3510
f 3542 3551 3510
f 3532 7272 3511
f 7006 7052 3512
f 7052 3533 3512
f 3559 3531 3513
f 3525 3559 3513
f 3536 3534 3514
f 3531 3536 3514
f 3537 3518 3515
f 3564 3537 3515
f 3529 3564 3515
f 3601 3591 3516
f 3523 3601 3516
f 3592 3524 3517
f 3578 3592 3517
f 3537 3554 3518
f 3554 3563 3518
f 3539 3566 3519
f 3566 3557 3519
f 3546 3558 3520
f 3558 3540 3520
f 3575 3645 3521
f 3645 3562 3521
f 3581 3556 3522
f 3549 3581 3522
f 3602 3538 3524
f 3592 3602 3524
f 3571 3559 3525
f 3527 3571 3525
f 3628 3575 3526
f 3563 3628 3526
f 3574 3571 3527
f 3637 3574 3528
f 3680 3637 3528
f 3565 3680 3528
f 3612 3564 3529
f 3568 3612 3529
f 3552 3543 3530
f 3543 3535 3530
f 3538 3552 3530
f 3553 3536 3531
f 3584 3553 3531
f 3559 3584 3531
f 3545 7373 3532
f 7373 7272 3532
f 7052 3546 3533
f 3536 3576 3534
f 3576 3579 3534
f 3579 3549 3534
f 3543 3547 3535
f 3547 3550 3535
f 3553 3576 3536
f 3564 3554 3537
f 3602 3552 3538
f 3585 3566 3539
f 3560 3597 3539
f 3597 3585 3539
f 3567 3586 3540
f 3586 3561 3540
f 3558 3567 3540
f 3669 3991 3541
f 3616 3669 3541
f 3569 3551 3542
f 3572 3569 3542
f 3548 3572 3542
f 3570 3547 3543
f 3583 3570 3543
f 3552 3583 3543
f 3557 7373 3545
f 7052 7084 3546
f 7084 3558 3546
f 3555 3550 3547
f 3573 3555 3547
f 3570 3573 3547
f 3587 3572 3548
f 3556 3587 3548
f 3626 3581 3549
f 3579 3626 3549
f 3555 3568 3550
f 7596 3661 3551
f 3582 7596 3551
f 3569 3582 3551
f 3602 3662 3552
f 3662 3583 3552
f 3646 3576 3553
f 3589 3646 3553
f 3584 3589 3553
f 3590 3563 3554
f 3613 3590 3554
f 3564 3613 3554
f 3580 3568 3555
f 3588 3580 3555
f 3573 3588 3555
f 3607 3587 3556
f 3581 3607 3556
f 3566 7450 3557
f 7450 7373 3557
f 7084 3567 3558
f 3622 3584 3559
f 3571 3622 3559
f 3603 3597 3560
f 3577 3629 3560
f 3629 3603 3560
f 3598 3604 3561
f 3604 3578 3561
f 3586 3598 3561
f 3645 3687 3562
f 3687 3616 3562
f 3590 3610 3563
f 3610 3628 3563
f 3665 3613 3564
f 3612 3665 3564
f 3816 3680 3565
f 3585 7502 3566
f 7502 7450 3566
f 7084 7127 3567
f 7127 3586 3567
f 3580 3612 3568
f 3596 3582 3569
f 3572 3596 3569
f 3583 3614 3570
f 3614 3595 3570
f 3593 3573 3570
f 3595 3593 3570
f 3640 3622 3571
f 3574 3640 3571
f 3594 3596 3572
f 3587 3594 3572
f 3605 3588 3573
f 3593 3605 3573
f 3637 3640 3574
f 3628 3682 3575
f 3682 3645 3575
f 3646 3643 3576
f 3643 3579 3576
f 3635 3629 3577
f 3591 3650 3577
f 3650 3635 3577
f 3630 3636 3578
f 3636 3592 3578
f 3604 3630 3578
f 3673 3626 3579
f 3643 3673 3579
f 3625 3612 3580
f 3608 3625 3580
f 3588 3608 3580
f 3655 3607 3581
f 3626 3655 3581
f 8636 7596 3582
f 3615 8636 3582
f 3596 3615 3582
f 3662 7353 3583
f 7353 8721 3583
f 8721 3614 3583
f 3660 3663 3584
f 3663 3609 3584
f 3609 3589 3584
f 3622 3660 3584
f 3597 7502 3585
f 7127 7162 3586
f 7162 3598 3586
f 3606 3594 3587
f 3607 3606 3587
f 3638 3608 3588
f 3605 3638 3588
f 3609 3646 3589
f 3670 3610 3590
f 3613 3670 3590
f 3652 3650 3591
f 3661 3652 3591
f 3601 3661 3591
f 3651 3653 3592
f 3653 3602 3592
f 3636 3651 3592
f 3595 3617 3593
f 3631 3605 3593
f 3617 3631 3593
f 3600 3596 3594
f 3599 3600 3594
f 3606 3599 3594
f 3614 3641 3595
f 3641 3620 3595
f 3620 3617 3595
f 3600 3615 3596
f 3603 7543 3597
f 7543 7502 3597
f 7162 3604 3598
f 3623 3600 3599
f 3619 3623 3599
f 3611 3619 3599
f 3606 3611 3599
f 3618 3615 3600
f 3623 3618 3600
f 3653 3662 3602
f 3629 7543 3603
f 7162 7260 3604
f 7260 3630 3604
f 3654 3638 3605
f 3631 3654 3605
f 3639 3611 3606
f 3607 3639 3606
f 3655 3639 3607
f 3656 3625 3608
f 3666 3656 3608
f 3638 3666 3608
f 3688 3646 3609
f 3663 3688 3609
f 3664 3628 3610
f 3670 3664 3610
f 3633 3619 3611
f 3644 3633 3611
f 3639 3644 3611
f 3625 3665 3612
f 3696 3670 3613
f 3665 3696 3613
f 8721 8753 3614
f 8753 3641 3614
f 3618 8636 3615
f 3687 3669 3616
f 3620 3621 3617
f 3634 3631 3617
f 3621 3634 3617
f 3647 8636 3618
f 3623 3647 3618
f 3632 3623 3619
f 3627 3632 3619
f 3633 3627 3619
f 3641 3648 3620
f 3648 3624 3620
f 3624 3621 3620
f 3624 3627 3621
f 3642 3634 3621
f 3627 3642 3621
f 3681 3660 3622
f 3640 3681 3622
f 3632 3647 3623
f 3648 3649 3624
f 3649 3632 3624
f 3632 3627 3624
f 3672 3665 3625
f 3656 3672 3625
f 3684 3655 3626
f 3673 3684 3626
f 3633 3642 3627
f 3664 3675 3628
f 3675 3682 3628
f 3635 7572 3629
f 7572 7543 3629
f 7260 3636 3630
f 3658 3654 3631
f 3634 3658 3631
f 3649 3647 3632
f 3657 3642 3633
f 3644 3657 3633
f 3659 3658 3634
f 3642 3659 3634
f 3650 7572 3635
f 7260 7324 3636
f 7324 3651 3636
f 3686 3640 3637
f 3707 3686 3637
f 3680 3707 3637
f 3676 3666 3638
f 3654 3676 3638
f 3667 3644 3639
f 3655 3667 3639
f 3686 3681 3640
f 8753 3648 3641
f 3657 3659 3642
f 3646 3683 3643
f 3683 3701 3643
f 3701 3673 3643
f 3668 3657 3644
f 3667 3668 3644
f 3682 3714 3645
f 3714 3687 3645
f 3688 3683 3646
f 3649 8745 3647
f 8745 8705 3647
f 8705 8636 3647
f 8753 8764 3648
f 8764 3649 3648
f 8764 8757 3649
f 8757 8745 3649
f 3652 7596 3650
f 7596 7572 3650
f 7324 3653 3651
f 3661 7596 3652
f 7324 7353 3653
f 7353 3662 3653
f 3678 3676 3654
f 3658 3678 3654
f 3684 3667 3655
f 3685 3672 3656
f 3689 3685 3656
f 3666 3689 3656
f 3677 3659 3657
f 3668 3677 3657
f 3679 3678 3658
f 3659 3679 3658
f 3677 3679 3659
f 3697 3698 3660
f 3698 3674 3660
f 3674 3663 3660
f 3681 3697 3660
f 3674 3688 3663
f 3702 3675 3664
f 3670 3702 3664
f 3672 3696 3665
f 3692 3689 3666
f 3676 3692 3666
f 3690 3668 3667
f 3684 3690 3667
f 3691 3677 3668
f 3690 3691 3668
f 3966 3991 3669
f 3712 3966 3669
f 3687 3712 3669
f 3720 3702 3670
f 3696 3720 3670
f 3700 3696 3672
f 3685 3700 3672
f 3705 3684 3673
f 3701 3705 3673
f 3718 3688 3674
f 3698 3718 3674
f 3699 3682 3675
f 3702 3699 3675
f 3694 3692 3676
f 3678 3694 3676
f 3693 3679 3677
f 3691 3693 3677
f 3695 3694 3678
f 3679 3695 3678
f 3693 3695 3679
f 3816 3707 3680
f 3708 3697 3681
f 3686 3708 3681
f 3699 3704 3682
f 3704 3714 3682
f 3688 3709 3683
f 3709 3722 3683
f 3722 3701 3683
f 3705 3690 3684
f 3689 3710 3685
f 3710 3706 3685
f 3706 3700 3685
f 3738 3708 3686
f 3707 3738 3686
f 3714 3712 3687
f 3718 3709 3688
f 3692 3715 3689
f 3715 3710 3689
f 3705 3711 3690
f 3711 3691 3690
f 3711 3713 3691
f 3713 3693 3691
f 3694 3717 3692
f 3717 3715 3692
f 3713 3716 3693
f 3716 3695 3693
f 3695 3719 3694
f 3719 3717 3694
f 3716 3719 3695
f 3700 3720 3696
f 3723 3725 3697
f 3725 3703 3697
f 3703 3698 3697
f 3708 3723 3697
f 3703 3718 3698
f 3724 3704 3699
f 3702 3724 3699
f 3721 3720 3700
f 3706 3721 3700
f 3727 3705 3701
f 3722 3727 3701
f 3742 3724 3702
f 3720 3742 3702
f 3741 3718 3703
f 3725 3741 3703
f 3726 3714 3704
f 3724 3726 3704
f 3727 3711 3705
f 3710 3731 3706
f 3731 3728 3706
f 3728 3721 3706
f 3816 3840 3707
f 3840 3738 3707
f 3738 3749 3708
f 3749 3723 3708
f 3718 3739 3709
f 3739 3744 3709
f 3744 3722 3709
f 3715 3734 3710
f 3734 3731 3710
f 3727 3732 3711
f 3732 3713 3711
f 3740 3966 3712
f 3714 3740 3712
f 3732 3733 3713
f 3733 3716 3713
f 3726 3730 3714
f 3730 3740 3714
f 3717 3736 3715
f 3736 3734 3715
f 3733 3735 3716
f 3735 3719 3716
f 3719 3737 3717
f 3737 3736 3717
f 3741 3739 3718
f 3735 3737 3719
f 3721 3742 3720
f 3743 3742 3721
f 3728 3743 3721
f 3744 3746 3722
f 3746 3727 3722
f 3749 3757 3723
f 3757 3729 3723
f 3729 3725 3723
f 3748 3726 3724
f 4089 3748 3724
f 3742 4089 3724
f 3729 3741 3725
f 3748 3730 3726
f 3746 3732 3727
f 3745 3743 3728
f 3731 3750 3728
f 3750 3747 3728
f 3747 3745 3728
f 3757 3853 3729
f 3853 3741 3729
f 3758 3740 3730
f 3748 4048 3730
f 4048 3953 3730
f 3953 3758 3730
f 3734 3753 3731
f 3753 3750 3731
f 3746 3751 3732
f 3751 3733 3732
f 3751 3752 3733
f 3752 3735 3733
f 3736 3755 3734
f 3755 3753 3734
f 3752 3754 3735
f 3754 3737 3735
f 3737 3756 3736
f 3756 3755 3736
f 3754 3756 3737
f 3840 3749 3738
f 3741 3759 3739
f 3759 4316 3739
f 4316 3744 3739
f 3758 3966 3740
f 3853 4047 3741
f 4047 4050 3741
f 4050 3759 3741
f 3743 3745 3742
f 4090 4089 3742
f 3745 4090 3742
f 4321 3746 3744
f 4316 4321 3744
f 4317 4090 3745
f 3747 4319 3745
f 4319 4317 3745
f 4323 3751 3746
f 4321 4323 3746
f 3750 4322 3747
f 4322 4320 3747
f 4320 4319 3747
f 4089 4049 3748
f 4049 4048 3748
f 3840 3757 3749
f 4368 4364 3750
f 4364 4325 3750
f 4325 4322 3750
f 3753 4368 3750
f 4367 3752 3751
f 4326 4367 3751
f 4323 4326 3751
f 4369 3754 3752
f 4367 4369 3752
f 3755 4368 3753
f 4369 3756 3754
f 3756 4595 3755
f 4595 4368 3755
f 4369 4596 3756
f 4596 4597 3756
f 4597 4595 3756
f 3840 3853 3757
f 3953 3966 3758
f 4050 4051 3759
f 4051 4316 3759
f 3762 4053 3760
f 4052 3761 3760
f 4053 4052 3760
f 4052 3764 3761
f 3763 4053 3762
f 3766 4055 3763
f 4055 4053 3763
f 4054 3765 3764
f 4052 4054 3764
f 4054 3768 3765
f 3767 4055 3766
f 3770 4057 3767
f 4057 4055 3767
f 4056 3769 3768
f 4054 4056 3768
f 4056 4058 3769
f 4058 3771 3769
f 3772 4057 3770
f 4058 4060 3771
f 4060 3789 3771
f 3790 4059 3772
f 4059 4057 3772
f 4093 3775 3773
f 4091 4093 3773
f 3777 4091 3773
f 4096 3778 3774
f 4092 4096 3774
f 3776 4092 3774
f 4097 3779 3775
f 4093 4097 3775
f 4094 4092 3776
f 3780 4094 3776
f 4095 4091 3777
f 3781 4095 3777
f 4100 3782 3778
f 4096 4100 3778
f 4101 3783 3779
f 4097 4101 3779
f 4098 4094 3780
f 3784 4098 3780
f 4099 4095 3781
f 3785 4099 3781
f 4104 3786 3782
f 4100 4104 3782
f 4105 3787 3783
f 4101 4105 3783
f 4102 4098 3784
f 3788 4102 3784
f 4103 4099 3785
f 3799 4113 3785
f 4113 4103 3785
f 4104 3800 3786
f 4107 3791 3787
f 4105 4107 3787
f 4106 4102 3788
f 3792 4106 3788
f 4060 3794 3789
f 3793 4061 3790
f 4061 4059 3790
f 4109 3795 3791
f 4107 4109 3791
f 4108 4106 3792
f 3796 4108 3792
f 3810 4063 3793
f 4063 4061 3793
f 4060 4062 3794
f 4062 3809 3794
f 4111 3797 3795
f 4109 4111 3795
f 4110 4108 3796
f 3798 4110 3796
f 4111 3807 3797
f 3808 4122 3798
f 4122 4112 3798
f 4112 4110 3798
f 3801 4113 3799
f 4114 4116 3800
f 4116 3802 3800
f 4104 4114 3800
f 3803 4115 3801
f 4115 4113 3801
f 4116 4118 3802
f 4118 3804 3802
f 3805 4117 3803
f 4117 4115 3803
f 4118 4120 3804
f 4120 3806 3804
f 3806 4119 3805
f 4119 4117 3805
f 4120 4119 3806
f 4121 4123 3807
f 4123 3811 3807
f 4111 4121 3807
f 3812 4122 3808
f 4062 3816 3809
f 3815 4063 3810
f 4123 4125 3811
f 4125 3813 3811
f 3814 4124 3812
f 4124 4122 3812
f 4125 4127 3813
f 4127 3817 3813
f 3818 4126 3814
f 4126 4124 3814
f 3841 4065 3815
f 4065 4063 3815
f 4062 4064 3816
f 4064 3840 3816
f 4127 4129 3817
f 4129 3819 3817
f 3820 4128 3818
f 4128 4126 3818
f 4129 4131 3819
f 4131 3821 3819
f 3822 4130 3820
f 4130 4128 3820
f 4131 4133 3821
f 4133 3823 3821
f 3826 4132 3822
f 4132 4130 3822
f 4133 4135 3823
f 4135 3825 3823
f 4138 3828 3824
f 4134 4138 3824
f 3825 4135 3824
f 4135 4134 3824
f 3827 4137 3826
f 4137 4136 3826
f 4136 4132 3826
f 3829 4137 3827
f 4140 3830 3828
f 4138 4140 3828
f 4139 4137 3829
f 3831 4139 3829
f 4142 3832 3830
f 4140 4142 3830
f 4141 4139 3831
f 3833 4141 3831
f 4144 3834 3832
f 4142 4144 3832
f 4143 4141 3833
f 3835 4143 3833
f 4146 3836 3834
f 4144 4146 3834
f 4145 4143 3835
f 3837 4145 3835
f 4148 3838 3836
f 4146 4148 3836
f 4147 4145 3837
f 3839 4147 3837
f 4150 3842 3838
f 4148 4150 3838
f 4149 4147 3839
f 3843 4149 3839
f 4064 4066 3840
f 4066 3853 3840
f 3850 4065 3841
f 4152 3844 3842
f 4150 4152 3842
f 4151 4149 3843
f 3845 4151 3843
f 4154 3846 3844
f 4152 4154 3844
f 4153 4151 3845
f 3847 4153 3845
f 4156 3848 3846
f 4154 4156 3846
f 4155 4153 3847
f 3849 4155 3847
f 4156 3851 3848
f 3852 4159 3849
f 4159 4157 3849
f 4157 4155 3849
f 3854 4067 3850
f 4067 4065 3850
f 4158 4161 3851
f 4161 3856 3851
f 4156 4158 3851
f 3855 4159 3852
f 4066 4047 3853
f 3863 4067 3854
f 3857 4160 3855
f 4160 4159 3855
f 4161 4163 3856
f 4163 3858 3856
f 3859 4162 3857
f 4162 4160 3857
f 4163 4165 3858
f 4165 3860 3858
f 3861 4164 3859
f 4164 4162 3859
f 4165 4167 3860
f 4167 3862 3860
f 3864 4166 3861
f 4166 4164 3861
f 4167 4169 3862
f 4169 3865 3862
f 3869 4068 3863
f 4068 4067 3863
f 3866 4168 3864
f 4168 4166 3864
f 4169 4171 3865
f 4171 3867 3865
f 3868 4170 3866
f 4170 4168 3866
f 4171 3870 3867
f 3871 4174 3868
f 4174 4172 3868
f 4172 4170 3868
f 3886 4068 3869
f 4175 3872 3870
f 4173 4175 3870
f 4171 4173 3870
f 3873 4174 3871
f 4177 3874 3872
f 4175 4177 3872
f 4176 4174 3873
f 3875 4176 3873
f 4179 3876 3874
f 4177 4179 3874
f 4178 4176 3875
f 3877 4178 3875
f 4181 3878 3876
f 4179 4181 3876
f 4180 4178 3877
f 3879 4180 3877
f 4183 3880 3878
f 4181 4183 3878
f 4182 4180 3879
f 3881 4182 3879
f 4185 3882 3880
f 4183 4185 3880
f 4184 4182 3881
f 3883 4184 3881
f 4187 3884 3882
f 4185 4187 3882
f 4186 4184 3883
f 3885 4186 3883
f 4189 3887 3884
f 4187 4189 3884
f 4188 4186 3885
f 3888 4188 3885
f 3891 4069 3886
f 4069 4068 3886
f 4191 3889 3887
f 4189 4191 3887
f 4190 4188 3888
f 3890 4190 3888
f 4193 3892 3889
f 4191 4193 3889
f 4192 4190 3890
f 3893 4192 3890
f 3902 4069 3891
f 4193 3894 3892
f 3895 4196 3893
f 4196 4194 3893
f 4194 4192 3893
f 4195 4197 3894
f 4197 3896 3894
f 4193 4195 3894
f 3897 4196 3895
f 4197 4199 3896
f 4199 3898 3896
f 3899 4198 3897
f 4198 4196 3897
f 4199 4201 3898
f 4201 3900 3898
f 3901 4200 3899
f 4200 4198 3899
f 4201 4203 3900
f 4203 3904 3900
f 3905 4202 3901
f 4202 4200 3901
f 3914 4070 3902
f 4070 4069 3902
f 4203 4205 3904
f 4205 3906 3904
f 3907 4204 3905
f 4204 4202 3905
f 4205 4207 3906
f 4207 3908 3906
f 3909 4206 3907
f 4206 4204 3907
f 4207 4209 3908
f 4209 3910 3908
f 3911 4208 3909
f 4208 4206 3909
f 4209 3912 3910
f 3913 4212 3911
f 4212 4210 3911
f 4210 4208 3911
f 4213 3915 3912
f 4211 4213 3912
f 4209 4211 3912
f 3916 4212 3913
f 3919 4071 3914
f 4071 4070 3914
f 4215 3917 3915
f 4213 4215 3915
f 4214 4212 3916
f 3918 4214 3916
f 4217 3920 3917
f 4215 4217 3917
f 4216 4214 3918
f 3921 4216 3918
f 3936 4072 3919
f 4072 4071 3919
f 4219 3922 3920
f 4217 4219 3920
f 4218 4216 3921
f 3923 4218 3921
f 4221 3924 3922
f 4219 4221 3922
f 4220 4218 3923
f 3925 4220 3923
f 4223 3926 3924
f 4221 4223 3924
f 4222 4220 3925
f 3927 4222 3925
f 4225 3928 3926
f 4223 4225 3926
f 4224 4222 3927
f 3929 4224 3927
f 4227 3930 3928
f 4225 4227 3928
f 4226 4224 3929
f 3931 4226 3929
f 4229 3932 3930
f 4227 4229 3930
f 4228 4226 3931
f 3933 4228 3931
f 4231 3934 3932
f 4229 4231 3932
f 4230 4228 3933
f 3935 4230 3933
f 4231 3937 3934
f 3938 4234 3935
f 4234 4232 3935
f 4232 4230 3935
f 3943 4072 3936
f 4233 4235 3937
f 4235 3939 3937
f 4231 4233 3937
f 3940 4234 3938
f 4235 4237 3939
f 4237 3941 3939
f 3942 4236 3940
f 4236 4234 3940
f 4237 4239 3941
f 4239 3944 3941
f 3945 4238 3942
f 4238 4236 3942
f 3952 4073 3943
f 4073 4072 3943
f 4239 4241 3944
f 4241 3946 3944
f 3947 4240 3945
f 4240 4238 3945
f 4241 4243 3946
f 4243 3948 3946
f 3949 4242 3947
f 4242 4240 3947
f 4243 4245 3948
f 4245 3950 3948
f 3951 4244 3949
f 4244 4242 3949
f 4245 4247 3950
f 4247 3954 3950
f 3955 4246 3951
f 4246 4244 3951
f 3956 4073 3952
f 4074 4076 3953
f 4076 3966 3953
f 4048 4074 3953
f 4247 3957 3954
f 3958 4250 3955
f 4250 4248 3955
f 4248 4246 3955
f 3965 4075 3956
f 4075 4073 3956
f 4251 3959 3957
f 4249 4251 3957
f 4247 4249 3957
f 3960 4250 3958
f 4253 3961 3959
f 4251 4253 3959
f 4252 4250 3960
f 3962 4252 3960
f 4255 3963 3961
f 4253 4255 3961
f 4254 4252 3962
f 3964 4254 3962
f 4257 3967 3963
f 4255 4257 3963
f 4256 4254 3964
f 3968 4256 3964
f 3990 4075 3965
f 4076 3991 3966
f 4259 3969 3967
f 4257 4259 3967
f 4258 4256 3968
f 3970 4258 3968
f 4261 3971 3969
f 4259 4261 3969
f 4260 4258 3970
f 3972 4260 3970
f 4263 3973 3971
f 4261 4263 3971
f 4262 4260 3972
f 3974 4262 3972
f 4265 3975 3973
f 4263 4265 3973
f 4264 4262 3974
f 3976 4264 3974
f 4267 3977 3975
f 4265 4267 3975
f 4266 4264 3976
f 3978 4266 3976
f 4269 3979 3977
f 4267 4269 3977
f 4268 4266 3978
f 3982 4268 3978
f 4269 3980 3979
f 4270 4274 3980
f 4274 3984 3980
f 4269 4270 3980
f 3983 4271 3981
f 4271 3982 3981
f 4271 4272 3982
f 4272 4268 3982
f 3985 4273 3983
f 4273 4271 3983
f 4274 4276 3984
f 4276 3986 3984
f 3987 4275 3985
f 4275 4273 3985
f 4276 4278 3986
f 4278 3988 3986
f 3989 4277 3987
f 4277 4275 3987
f 4278 4280 3988
f 4280 3992 3988
f 3993 4279 3989
f 4279 4277 3989
f 3996 4077 3990
f 4077 4075 3990
f 4078 3997 3991
f 4076 4078 3991
f 4280 4282 3992
f 4282 3994 3992
f 3995 4281 3993
f 4281 4279 3993
f 4282 4284 3994
f 4284 3998 3994
f 3999 4283 3995
f 4283 4281 3995
f 4012 4077 3996
f 4078 4013 3997
f 4284 4008 3998
f 4009 4295 3999
f 4295 4285 3999
f 4285 4283 3999
f 4002 4286 4000
f 4286 4287 4000
f 4287 4001 4000
f 4287 4289 4001
f 4289 4003 4001
f 4004 4288 4002
f 4288 4286 4002
f 4289 4291 4003
f 4291 4005 4003
f 4006 4290 4004
f 4290 4288 4004
f 4291 4293 4005
f 4293 4007 4005
f 4020 4302 4006
f 4302 4292 4006
f 4292 4290 4006
f 4293 4021 4007
f 4296 4010 4008
f 4294 4296 4008
f 4284 4294 4008
f 4011 4295 4009
f 4298 4014 4010
f 4296 4298 4010
f 4297 4295 4011
f 4015 4297 4011
f 4016 4079 4012
f 4079 4077 4012
f 4080 4017 4013
f 4078 4080 4013
f 4300 4018 4014
f 4298 4300 4014
f 4299 4297 4015
f 4019 4299 4015
f 4034 4079 4016
f 4080 4082 4017
f 4082 4035 4017
f 4304 4022 4018
f 4300 4304 4018
f 4301 4299 4019
f 4023 4301 4019
f 4024 4302 4020
f 4293 4303 4021
f 4307 4025 4021
f 4303 4307 4021
f 4308 4026 4022
f 4304 4308 4022
f 4305 4301 4023
f 4027 4305 4023
f 4306 4302 4024
f 4028 4306 4024
f 4311 4029 4025
f 4307 4311 4025
f 4312 4030 4026
f 4308 4312 4026
f 4309 4305 4027
f 4031 4309 4027
f 4310 4306 4028
f 4032 4310 4028
f 4315 4033 4029
f 4311 4315 4029
f 4314 4032 4030
f 4312 4314 4030
f 4313 4309 4031
f 4033 4313 4031
f 4314 4310 4032
f 4315 4313 4033
f 4036 4081 4034
f 4081 4079 4034
f 4082 4084 4035
f 4084 4037 4035
f 4038 4083 4036
f 4083 4081 4036
f 4084 4039 4037
f 4040 4085 4038
f 4085 4083 4038
f 4084 4086 4039
f 4086 4041 4039
f 4042 4085 4040
f 4086 4043 4041
f 4044 4087 4042
f 4087 4085 4042
f 4086 4088 4043
f 4088 4045 4043
f 4046 4087 4044
f 4088 4046 4045
f 4088 4087 4046
f 4066 4050 4047
f 4318 4074 4048
f 4049 4318 4048
f 4089 4318 4049
f 4066 4324 4050
f 4324 4051 4050
f 4365 4316 4051
f 4324 4365 4051
f 4053 4327 4052
f 4329 4054 4052
f 4327 4329 4052
f 4055 4328 4053
f 4328 4327 4053
f 4331 4056 4054
f 4329 4331 4054
f 4057 4330 4055
f 4330 4328 4055
f 4331 4333 4056
f 4333 4058 4056
f 4059 4332 4057
f 4332 4330 4057
f 4333 4335 4058
f 4335 4060 4058
f 4061 4334 4059
f 4334 4332 4059
f 4335 4337 4060
f 4337 4062 4060
f 4063 4336 4061
f 4336 4334 4061
f 4337 4339 4062
f 4339 4064 4062
f 4065 4338 4063
f 4338 4336 4063
f 4339 4341 4064
f 4341 4066 4064
f 4067 4340 4065
f 4340 4338 4065
f 4341 4603 4066
f 4603 4324 4066
f 4068 4342 4067
f 4342 4340 4067
f 4069 4343 4068
f 4343 4342 4068
f 4070 4344 4069
f 4344 4343 4069
f 4071 4345 4070
f 4345 4344 4070
f 4072 4346 4071
f 4346 4345 4071
f 4073 4347 4072
f 4347 4346 4072
f 4075 4348 4073
f 4348 4347 4073
f 4349 4351 4074
f 4351 4076 4074
f 4318 4349 4074
f 4077 4350 4075
f 4350 4348 4075
f 4353 4078 4076
f 4351 4353 4076
f 4079 4352 4077
f 4352 4350 4077
f 4355 4080 4078
f 4353 4355 4078
f 4081 4354 4079
f 4354 4352 4079
f 4355 4357 4080
f 4357 4082 4080
f 4083 4356 4081
f 4356 4354 4081
f 4357 4359 4082
f 4359 4084 4082
f 4085 4358 4083
f 4358 4356 4083
f 4359 4361 4084
f 4361 4086 4084
f 4087 4360 4085
f 4360 4358 4085
f 4361 4363 4086
f 4363 4088 4086
f 4088 4362 4087
f 4362 4360 4087
f 4363 4362 4088
f 4366 4318 4089
f 4090 4366 4089
f 4317 4366 4090
f 4372 4093 4091
f 4370 4372 4091
f 4095 4370 4091
f 4375 4096 4092
f 4371 4375 4092
f 4094 4371 4092
f 4376 4097 4093
f 4372 4376 4093
f 4373 4371 4094
f 4098 4373 4094
f 4374 4370 4095
f 4099 4374 4095
f 4379 4100 4096
f 4375 4379 4096
f 4380 4101 4097
f 4376 4380 4097
f 4377 4373 4098
f 4102 4377 4098
f 4378 4374 4099
f 4103 4378 4099
f 4383 4104 4100
f 4379 4383 4100
f 4384 4105 4101
f 4380 4384 4101
f 4381 4377 4102
f 4106 4381 4102
f 4382 4378 4103
f 4113 4390 4103
f 4390 4382 4103
f 4383 4114 4104
f 4386 4107 4105
f 4384 4386 4105
f 4385 4381 4106
f 4108 4385 4106
f 4388 4109 4107
f 4386 4388 4107
f 4387 4385 4108
f 4110 4387 4108
f 4392 4111 4109
f 4388 4392 4109
f 4389 4387 4110
f 4112 4389 4110
f 4392 4121 4111
f 4122 4401 4112
f 4401 4393 4112
f 4393 4389 4112
f 4115 4390 4113
f 4391 4395 4114
f 4395 4116 4114
f 4383 4391 4114
f 4117 4394 4115
f 4394 4390 4115
f 4395 4397 4116
f 4397 4118 4116
f 4119 4396 4117
f 4396 4394 4117
f 4397 4399 4118
f 4399 4120 4118
f 4120 4398 4119
f 4398 4396 4119
f 4399 4398 4120
f 4400 4402 4121
f 4402 4123 4121
f 4392 4400 4121
f 4124 4401 4122
f 4402 4404 4123
f 4404 4125 4123
f 4126 4403 4124
f 4403 4401 4124
f 4404 4406 4125
f 4406 4127 4125
f 4128 4405 4126
f 4405 4403 4126
f 4406 4408 4127
f 4408 4129 4127
f 4130 4407 4128
f 4407 4405 4128
f 4408 4410 4129
f 4410 4131 4129
f 4132 4409 4130
f 4409 4407 4130
f 4410 4412 4131
f 4412 4133 4131
f 4136 4411 4132
f 4411 4409 4132
f 4412 4414 4133
f 4414 4135 4133
f 4417 4138 4134
f 4413 4417 4134
f 4135 4414 4134
f 4414 4413 4134
f 4137 4416 4136
f 4416 4415 4136
f 4415 4411 4136
f 4139 4416 4137
f 4419 4140 4138
f 4417 4419 4138
f 4418 4416 4139
f 4141 4418 4139
f 4421 4142 4140
f 4419 4421 4140
f 4420 4418 4141
f 4143 4420 4141
f 4423 4144 4142
f 4421 4423 4142
f 4422 4420 4143
f 4145 4422 4143
f 4425 4146 4144
f 4423 4425 4144
f 4424 4422 4145
f 4147 4424 4145
f 4427 4148 4146
f 4425 4427 4146
f 4426 4424 4147
f 4149 4426 4147
f 4429 4150 4148
f 4427 4429 4148
f 4428 4426 4149
f 4151 4428 4149
f 4431 4152 4150
f 4429 4431 4150
f 4430 4428 4151
f 4153 4430 4151
f 4433 4154 4152
f 4431 4433 4152
f 4432 4430 4153
f 4155 4432 4153
f 4435 4156 4154
f 4433 4435 4154
f 4434 4432 4155
f 4157 4434 4155
f 4435 4158 4156
f 4159 4438 4157
f 4438 4436 4157
f 4436 4434 4157
f 4437 4440 4158
f 4440 4161 4158
f 4435 4437 4158
f 4160 4438 4159
f 4162 4439 4160
f 4439 4438 4160
f 4440 4442 4161
f 4442 4163 4161
f 4164 4441 4162
f 4441 4439 4162
f 4442 4444 4163
f 4444 4165 4163
f 4166 4443 4164
f 4443 4441 4164
f 4444 4446 4165
f 4446 4167 4165
f 4168 4445 4166
f 4445 4443 4166
f 4446 4448 4167
f 4448 4169 4167
f 4170 4447 4168
f 4447 4445 4168
f 4448 4450 4169
f 4450 4171 4169
f 4172 4449 4170
f 4449 4447 4170
f 4450 4173 4171
f 4174 4453 4172
f 4453 4451 4172
f 4451 4449 4172
f 4454 4175 4173
f 4452 4454 4173
f 4450 4452 4173
f 4176 4453 4174
f 4456 4177 4175
f 4454 4456 4175
f 4455 4453 4176
f 4178 4455 4176
f 4458 4179 4177
f 4456 4458 4177
f 4457 4455 4178
f 4180 4457 4178
f 4460 4181 4179
f 4458 4460 4179
f 4459 4457 4180
f 4182 4459 4180
f 4462 4183 4181
f 4460 4462 4181
f 4461 4459 4182
f 4184 4461 4182
f 4464 4185 4183
f 4462 4464 4183
f 4463 4461 4184
f 4186 4463 4184
f 4466 4187 4185
f 4464 4466 4185
f 4465 4463 4186
f 4188 4465 4186
f 4468 4189 4187
f 4466 4468 4187
f 4467 4465 4188
f 4190 4467 4188
f 4470 4191 4189
f 4468 4470 4189
f 4469 4467 4190
f 4192 4469 4190
f 4472 4193 4191
f 4470 4472 4191
f 4471 4469 4192
f 4194 4471 4192
f 4472 4195 4193
f 4196 4475 4194
f 4475 4473 4194
f 4473 4471 4194
f 4474 4476 4195
f 4476 4197 4195
f 4472 4474 4195
f 4198 4475 4196
f 4476 4478 4197
f 4478 4199 4197
f 4200 4477 4198
f 4477 4475 4198
f 4478 4480 4199
f 4480 4201 4199
f 4202 4479 4200
f 4479 4477 4200
f 4480 4482 4201
f 4482 4203 4201
f 4204 4481 4202
f 4481 4479 4202
f 4482 4484 4203
f 4484 4205 4203
f 4206 4483 4204
f 4483 4481 4204
f 4484 4486 4205
f 4486 4207 4205
f 4208 4485 4206
f 4485 4483 4206
f 4486 4488 4207
f 4488 4209 4207
f 4210 4487 4208
f 4487 4485 4208
f 4488 4211 4209
f 4212 4491 4210
f 4491 4489 4210
f 4489 4487 4210
f 4492 4213 4211
f 4490 4492 4211
f 4488 4490 4211
f 4214 4491 4212
f 4494 4215 4213
f 4492 4494 4213
f 4493 4491 4214
f 4216 4493 4214
f 4496 4217 4215
f 4494 4496 4215
f 4495 4493 4216
f 4218 4495 4216
f 4498 4219 4217
f 4496 4498 4217
f 4497 4495 4218
f 4220 4497 4218
f 4500 4221 4219
f 4498 4500 4219
f 4499 4497 4220
f 4222 4499 4220
f 4502 4223 4221
f 4500 4502 4221
f 4501 4499 4222
f 4224 4501 4222
f 4504 4225 4223
f 4502 4504 4223
f 4503 4501 4224
f 4226 4503 4224
f 4506 4227 4225
f 4504 4506 4225
f 4505 4503 4226
f 4228 4505 4226
f 4508 4229 4227
f 4506 4508 4227
f 4507 4505 4228
f 4230 4507 4228
f 4510 4231 4229
f 4508 4510 4229
f 4509 4507 4230
f 4232 4509 4230
f 4510 4233 4231
f 4234 4513 4232
f 4513 4511 4232
f 4511 4509 4232
f 4512 4514 4233
f 4514 4235 4233
f 4510 4512 4233
f 4236 4513 4234
f 4514 4516 4235
f 4516 4237 4235
f 4238 4515 4236
f 4515 4513 4236
f 4516 4518 4237
f 4518 4239 4237
f 4240 4517 4238
f 4517 4515 4238
f 4518 4520 4239
f 4520 4241 4239
f 4242 4519 4240
f 4519 4517 4240
f 4520 4522 4241
f 4522 4243 4241
f 4244 4521 4242
f 4521 4519 4242
f 4522 4524 4243
f 4524 4245 4243
f 4246 4523 4244
f 4523 4521 4244
f 4524 4526 4245
f 4526 4247 4245
f 4248 4525 4246
f 4525 4523 4246
f 4526 4249 4247
f 4250 4529 4248
f 4529 4527 4248
f 4527 4525 4248
f 4530 4251 4249
f 4528 4530 4249
f 4526 4528 4249
f 4252 4529 4250
f 4532 4253 4251
f 4530 4532 4251
f 4531 4529 4252
f 4254 4531 4252
f 4534 4255 4253
f 4532 4534 4253
f 4533 4531 4254
f 4256 4533 4254
f 4536 4257 4255
f 4534 4536 4255
f 4535 4533 4256
f 4258 4535 4256
f 4538 4259 4257
f 4536 4538 4257
f 4537 4535 4258
f 4260 4537 4258
f 4540 4261 4259
f 4538 4540 4259
f 4539 4537 4260
f 4262 4539 4260
f 4542 4263 4261
f 4540 4542 4261
f 4541 4539 4262
f 4264 4541 4262
f 4544 4265 4263
f 4542 4544 4263
f 4543 4541 4264
f 4266 4543 4264
f 4546 4267 4265
f 4544 4546 4265
f 4545 4543 4266
f 4268 4545 4266
f 4548 4269 4267
f 4546 4548 4267
f 4547 4545 4268
f 4272 4547 4268
f 4548 4270 4269
f 4549 4553 4270
f 4553 4274 4270
f 4548 4549 4270
f 4273 4550 4271
f 4550 4272 4271
f 4550 4551 4272
f 4551 4547 4272
f 4275 4552 4273
f 4552 4550 4273
f 4553 4555 4274
f 4555 4276 4274
f 4277 4554 4275
f 4554 4552 4275
f 4555 4557 4276
f 4557 4278 4276
f 4279 4556 4277
f 4556 4554 4277
f 4557 4559 4278
f 4559 4280 4278
f 4281 4558 4279
f 4558 4556 4279
f 4559 4561 4280
f 4561 4282 4280
f 4283 4560 4281
f 4560 4558 4281
f 4561 4563 4282
f 4563 4284 4282
f 4285 4562 4283
f 4562 4560 4283
f 4563 4294 4284
f 4295 4572 4285
f 4572 4564 4285
f 4564 4562 4285
f 4288 4565 4286
f 4565 4566 4286
f 4566 4287 4286
f 4566 4568 4287
f 4568 4289 4287
f 4290 4567 4288
f 4567 4565 4288
f 4568 4570 4289
f 4570 4291 4289
f 4292 4569 4290
f 4569 4567 4290
f 4570 4574 4291
f 4574 4293 4291
f 4302 4581 4292
f 4581 4573 4292
f 4573 4569 4292
f 4574 4303 4293
f 4575 4296 4294
f 4571 4575 4294
f 4563 4571 4294
f 4297 4572 4295
f 4577 4298 4296
f 4575 4577 4296
f 4576 4572 4297
f 4299 4576 4297
f 4579 4300 4298
f 4577 4579 4298
f 4578 4576 4299
f 4301 4578 4299
f 4583 4304 4300
f 4579 4583 4300
f 4580 4578 4301
f 4305 4580 4301
f 4306 4581 4302
f 4574 4582 4303
f 4586 4307 4303
f 4582 4586 4303
f 4587 4308 4304
f 4583 4587 4304
f 4584 4580 4305
f 4309 4584 4305
f 4585 4581 4306
f 4310 4585 4306
f 4590 4311 4307
f 4586 4590 4307
f 4591 4312 4308
f 4587 4591 4308
f 4588 4584 4309
f 4313 4588 4309
f 4589 4585 4310
f 4314 4589 4310
f 4594 4315 4311
f 4590 4594 4311
f 4593 4314 4312
f 4591 4593 4312
f 4592 4588 4313
f 4315 4592 4313
f 4593 4589 4314
f 4594 4592 4315
f 4365 4321 4316
f 4319 4366 4317
f 4598 4349 4318
f 4600 4598 4318
f 4366 4600 4318
f 4320 4601 4319
f 4601 4366 4319
f 4322 4602 4320
f 4602 4601 4320
f 4365 4323 4321
f 4325 4644 4322
f 4644 4602 4322
f 4604 4326 4323
f 4365 4604 4323
f 4599 4365 4324
f 4603 4599 4324
f 4364 4644 4325
f 4645 4367 4326
f 4604 4645 4326
f 4328 4607 4327
f 4609 4329 4327
f 4607 4609 4327
f 4330 4608 4328
f 4608 4607 4328
f 4611 4331 4329
f 4609 4611 4329
f 4332 4610 4330
f 4610 4608 4330
f 4611 4613 4331
f 4613 4333 4331
f 4334 4612 4332
f 4612 4610 4332
f 4613 4615 4333
f 4615 4335 4333
f 4336 4614 4334
f 4614 4612 4334
f 4615 4617 4335
f 4617 4337 4335
f 4338 4616 4336
f 4616 4614 4336
f 4617 4619 4337
f 4619 4339 4337
f 4340 4618 4338
f 4618 4616 4338
f 4619 4621 4339
f 4621 4341 4339
f 4342 4620 4340
f 4620 4618 4340
f 4621 4877 4341
f 4877 4603 4341
f 4343 4622 4342
f 4622 4620 4342
f 4344 4623 4343
f 4623 4622 4343
f 4345 4624 4344
f 4624 4623 4344
f 4346 4625 4345
f 4625 4624 4345
f 4347 4626 4346
f 4626 4625 4346
f 4348 4627 4347
f 4627 4626 4347
f 4350 4628 4348
f 4628 4627 4348
f 4629 4631 4349
f 4631 4351 4349
f 4598 4629 4349
f 4352 4630 4350
f 4630 4628 4350
f 4633 4353 4351
f 4631 4633 4351
f 4354 4632 4352
f 4632 4630 4352
f 4635 4355 4353
f 4633 4635 4353
f 4356 4634 4354
f 4634 4632 4354
f 4635 4637 4355
f 4637 4357 4355
f 4358 4636 4356
f 4636 4634 4356
f 4637 4639 4357
f 4639 4359 4357
f 4360 4638 4358
f 4638 4636 4358
f 4639 4641 4359
f 4641 4361 4359
f 4362 4640 4360
f 4640 4638 4360
f 4641 4643 4361
f 4643 4363 4361
f 4363 4642 4362
f 4642 4640 4362
f 4643 4642 4363
f 4368 4644 4364
f 4599 4604 4365
f 4601 4600 4366
f 4645 4369 4367
f 4646 4644 4368
f 4595 4646 4368
f 4645 4647 4369
f 4647 4596 4369
f 4651 4372 4370
f 4649 4651 4370
f 4374 4649 4370
f 4654 4375 4371
f 4650 4654 4371
f 4373 4650 4371
f 4655 4376 4372
f 4651 4655 4372
f 4652 4650 4373
f 4377 4652 4373
f 4653 4649 4374
f 4378 4653 4374
f 4658 4379 4375
f 4654 4658 4375
f 4659 4380 4376
f 4655 4659 4376
f 4656 4652 4377
f 4381 4656 4377
f 4657 4653 4378
f 4382 4657 4378
f 4662 4383 4379
f 4658 4662 4379
f 4663 4384 4380
f 4659 4663 4380
f 4660 4656 4381
f 4385 4660 4381
f 4661 4657 4382
f 4390 4669 4382
f 4669 4661 4382
f 4662 4391 4383
f 4665 4386 4384
f 4663 4665 4384
f 4664 4660 4385
f 4387 4664 4385
f 4667 4388 4386
f 4665 4667 4386
f 4666 4664 4387
f 4389 4666 4387
f 4671 4392 4388
f 4667 4671 4388
f 4668 4666 4389
f 4393 4668 4389
f 4394 4669 4390
f 4670 4674 4391
f 4674 4395 4391
f 4662 4670 4391
f 4671 4400 4392
f 4401 4680 4393
f 4680 4672 4393
f 4672 4668 4393
f 4396 4673 4394
f 4673 4669 4394
f 4674 4676 4395
f 4676 4397 4395
f 4398 4675 4396
f 4675 4673 4396
f 4676 4678 4397
f 4678 4399 4397
f 4399 4677 4398
f 4677 4675 4398
f 4678 4677 4399
f 4679 4681 4400
f 4681 4402 4400
f 4671 4679 4400
f 4403 4680 4401
f 4681 4683 4402
f 4683 4404 4402
f 4405 4682 4403
f 4682 4680 4403
f 4683 4685 4404
f 4685 4406 4404
f 4407 4684 4405
f 4684 4682 4405
f 4685 4687 4406
f 4687 4408 4406
f 4409 4686 4407
f 4686 4684 4407
f 4687 4689 4408
f 4689 4410 4408
f 4411 4688 4409
f 4688 4686 4409
f 4689 4691 4410
f 4691 4412 4410
f 4415 4690 4411
f 4690 4688 4411
f 4691 4693 4412
f 4693 4414 4412
f 4696 4417 4413
f 4692 4696 4413
f 4414 4693 4413
f 4693 4692 4413
f 4416 4695 4415
f 4695 4694 4415
f 4694 4690 4415
f 4418 4695 4416
f 4698 4419 4417
f 4696 4698 4417
f 4697 4695 4418
f 4420 4697 4418
f 4700 4421 4419
f 4698 4700 4419
f 4699 4697 4420
f 4422 4699 4420
f 4702 4423 4421
f 4700 4702 4421
f 4701 4699 4422
f 4424 4701 4422
f 4704 4425 4423
f 4702 4704 4423
f 4703 4701 4424
f 4426 4703 4424
f 4706 4427 4425
f 4704 4706 4425
f 4705 4703 4426
f 4428 4705 4426
f 4708 4429 4427
f 4706 4708 4427
f 4707 4705 4428
f 4430 4707 4428
f 4710 4431 4429
f 4708 4710 4429
f 4709 4707 4430
f 4432 4709 4430
f 4712 4433 4431
f 4710 4712 4431
f 4711 4709 4432
f 4434 4711 4432
f 4714 4435 4433
f 4712 4714 4433
f 4713 4711 4434
f 4436 4713 4434
f 4714 4437 4435
f 4438 4717 4436
f 4717 4715 4436
f 4715 4713 4436
f 4716 4719 4437
f 4719 4440 4437
f 4714 4716 4437
f 4439 4717 4438
f 4441 4718 4439
f 4718 4717 4439
f 4719 4721 4440
f 4721 4442 4440
f 4443 4720 4441
f 4720 4718 4441
f 4721 4723 4442
f 4723 4444 4442
f 4445 4722 4443
f 4722 4720 4443
f 4723 4725 4444
f 4725 4446 4444
f 4447 4724 4445
f 4724 4722 4445
f 4725 4727 4446
f 4727 4448 4446
f 4449 4726 4447
f 4726 4724 4447
f 4727 4729 4448
f 4729 4450 4448
f 4451 4728 4449
f 4728 4726 4449
f 4729 4452 4450
f 4453 4732 4451
f 4732 4730 4451
f 4730 4728 4451
f 4733 4454 4452
f 4731 4733 4452
f 4729 4731 4452
f 4455 4732 4453
f 4735 4456 4454
f 4733 4735 4454
f 4734 4732 4455
f 4457 4734 4455
f 4737 4458 4456
f 4735 4737 4456
f 4736 4734 4457
f 4459 4736 4457
f 4739 4460 4458
f 4737 4739 4458
f 4738 4736 4459
f 4461 4738 4459
f 4741 4462 4460
f 4739 4741 4460
f 4740 4738 4461
f 4463 4740 4461
f 4743 4464 4462
f 4741 4743 4462
f 4742 4740 4463
f 4465 4742 4463
f 4745 4466 4464
f 4743 4745 4464
f 4744 4742 4465
f 4467 4744 4465
f 4747 4468 4466
f 4745 4747 4466
f 4746 4744 4467
f 4469 4746 4467
f 4749 4470 4468
f 4747 4749 4468
f 4748 4746 4469
f 4471 4748 4469
f 4751 4472 4470
f 4749 4751 4470
f 4750 4748 4471
f 4473 4750 4471
f 4751 4474 4472
f 4475 4754 4473
f 4754 4752 4473
f 4752 4750 4473
f 4753 4755 4474
f 4755 4476 4474
f 4751 4753 4474
f 4477 4754 4475
f 4755 4757 4476
f 4757 4478 4476
f 4479 4756 4477
f 4756 4754 4477
f 4757 4759 4478
f 4759 4480 4478
f 4481 4758 4479
f 4758 4756 4479
f 4759 4761 4480
f 4761 4482 4480
f 4483 4760 4481
f 4760 4758 4481
f 4761 4763 4482
f 4763 4484 4482
f 4485 4762 4483
f 4762 4760 4483
f 4763 4765 4484
f 4765 4486 4484
f 4487 4764 4485
f 4764 4762 4485
f 4765 4767 4486
f 4767 4488 4486
f 4489 4766 4487
f 4766 4764 4487
f 4767 4490 4488
f 4491 4770 4489
f 4770 4768 4489
f 4768 4766 4489
f 4771 4492 4490
f 4769 4771 4490
f 4767 4769 4490
f 4493 4770 4491
f 4773 4494 4492
f 4771 4773 4492
f 4772 4770 4493
f 4495 4772 4493
f 4775 4496 4494
f 4773 4775 4494
f 4774 4772 4495
f 4497 4774 4495
f 4777 4498 4496
f 4775 4777 4496
f 4776 4774 4497
f 4499 4776 4497
f 4779 4500 4498
f 4777 4779 4498
f 4778 4776 4499
f 4501 4778 4499
f 4781 4502 4500
f 4779 4781 4500
f 4780 4778 4501
f 4503 4780 4501
f 4783 4504 4502
f 4781 4783 4502
f 4782 4780 4503
f 4505 4782 4503
f 4785 4506 4504
f 4783 4785 4504
f 4784 4782 4505
f 4507 4784 4505
f 4787 4508 4506
f 4785 4787 4506
f 4786 4784 4507
f 4509 4786 4507
f 4789 4510 4508
f 4787 4789 4508
f 4788 4786 4509
f 4511 4788 4509
f 4789 4512 4510
f 4513 4792 4511
f 4792 4790 4511
f 4790 4788 4511
f 4791 4793 4512
f 4793 4514 4512
f 4789 4791 4512
f 4515 4792 4513
f 4793 4795 4514
f 4795 4516 4514
f 4517 4794 4515
f 4794 4792 4515
f 4795 4797 4516
f 4797 4518 4516
f 4519 4796 4517
f 4796 4794 4517
f 4797 4799 4518
f 4799 4520 4518
f 4521 4798 4519
f 4798 4796 4519
f 4799 4801 4520
f 4801 4522 4520
f 4523 4800 4521
f 4800 4798 4521
f 4801 4803 4522
f 4803 4524 4522
f 4525 4802 4523
f 4802 4800 4523
f 4803 4805 4524
f 4805 4526 4524
f 4527 4804 4525
f 4804 4802 4525
f 4805 4528 4526
f 4529 4808 4527
f 4808 4806 4527
f 4806 4804 4527
f 4809 4530 4528
f 4807 4809 4528
f 4805 4807 4528
f 4531 4808 4529
f 4811 4532 4530
f 4809 4811 4530
f 4810 4808 4531
f 4533 4810 4531
f 4813 4534 4532
f 4811 4813 4532
f 4812 4810 4533
f 4535 4812 4533
f 4815 4536 4534
f 4813 4815 4534
f 4814 4812 4535
f 4537 4814 4535
f 4817 4538 4536
f 4815 4817 4536
f 4816 4814 4537
f 4539 4816 4537
f 4819 4540 4538
f 4817 4819 4538
f 4818 4816 4539
f 4541 4818 4539
f 4821 4542 4540
f 4819 4821 4540
f 4820 4818 4541
f 4543 4820 4541
f 4823 4544 4542
f 4821 4823 4542
f 4822 4820 4543
f 4545 4822 4543
f 4825 4546 4544
f 4823 4825 4544
f 4824 4822 4545
f 4547 4824 4545
f 4827 4548 4546
f 4825 4827 4546
f 4826 4824 4547
f 4551 4826 4547
f 4827 4549 4548
f 4828 4832 4549
f 4832 4553 4549
f 4827 4828 4549
f 4552 4829 4550
f 4829 4551 4550
f 4829 4830 4551
f 4830 4826 4551
f 4554 4831 4552
f 4831 4829 4552
f 4832 4834 4553
f 4834 4555 4553
f 4556 4833 4554
f 4833 4831 4554
f 4834 4836 4555
f 4836 4557 4555
f 4558 4835 4556
f 4835 4833 4556
f 4836 4838 4557
f 4838 4559 4557
f 4560 4837 4558
f 4837 4835 4558
f 4838 4840 4559
f 4840 4561 4559
f 4562 4839 4560
f 4839 4837 4560
f 4840 4842 4561
f 4842 4563 4561
f 4564 4841 4562
f 4841 4839 4562
f 4842 4571 4563
f 4572 4851 4564
f 4851 4843 4564
f 4843 4841 4564
f 4567 4844 4565
f 4844 4845 4565
f 4845 4566 4565
f 4845 4847 4566
f 4847 4568 4566
f 4569 4846 4567
f 4846 4844 4567
f 4847 4849 4568
f 4849 4570 4568
f 4573 4848 4569
f 4848 4846 4569
f 4849 4853 4570
f 4853 4574 4570
f 4854 4575 4571
f 4850 4854 4571
f 4842 4850 4571
f 4576 4851 4572
f 4581 4860 4573
f 4860 4852 4573
f 4852 4848 4573
f 4853 4582 4574
f 4856 4577 4575
f 4854 4856 4575
f 4855 4851 4576
f 4578 4855 4576
f 4858 4579 4577
f 4856 4858 4577
f 4857 4855 4578
f 4580 4857 4578
f 4862 4583 4579
f 4858 4862 4579
f 4859 4857 4580
f 4584 4859 4580
f 4585 4860 4581
f 4853 4861 4582
f 4865 4586 4582
f 4861 4865 4582
f 4866 4587 4583
f 4862 4866 4583
f 4863 4859 4584
f 4588 4863 4584
f 4864 4860 4585
f 4589 4864 4585
f 4869 4590 4586
f 4865 4869 4586
f 4870 4591 4587
f 4866 4870 4587
f 4867 4863 4588
f 4592 4867 4588
f 4868 4864 4589
f 4593 4868 4589
f 4873 4594 4590
f 4869 4873 4590
f 4872 4593 4591
f 4870 4872 4591
f 4871 4867 4592
f 4594 4871 4592
f 4872 4868 4593
f 4873 4871 4594
f 4597 4646 4595
f 4647 4597 4596
f 4647 4646 4597
f 4600 4606 4598
f 4606 4875 4598
f 4875 4648 4598
f 4648 4629 4598
f 4603 4605 4599
f 4605 4604 4599
f 4601 4606 4600
f 4876 4606 4601
f 4602 4876 4601
f 4878 4876 4602
f 4644 4878 4602
f 4877 4874 4603
f 4874 4605 4603
f 4920 4645 4604
f 4879 4920 4604
f 4605 4879 4604
f 4874 4879 4605
f 4876 4875 4606
f 4608 4882 4607
f 4884 4609 4607
f 4882 4884 4607
f 4610 4883 4608
f 4883 4882 4608
f 4886 4611 4609
f 4884 4886 4609
f 4612 4885 4610
f 4885 4883 4610
f 4886 4888 4611
f 4888 4613 4611
f 4614 4887 4612
f 4887 4885 4612
f 4888 4890 4613
f 4890 4615 4613
f 4616 4889 4614
f 4889 4887 4614
f 4890 4892 4615
f 4892 4617 4615
f 4618 4891 4616
f 4891 4889 4616
f 4892 4894 4617
f 4894 4619 4617
f 4620 4893 4618
f 4893 4891 4618
f 4894 4896 4619
f 4896 4621 4619
f 4622 4895 4620
f 4895 4893 4620
f 4896 5151 4621
f 5151 4877 4621
f 4623 4897 4622
f 4897 4895 4622
f 4624 4898 4623
f 4898 4897 4623
f 4625 4899 4624
f 4899 4898 4624
f 4626 4900 4625
f 4900 4899 4625
f 4627 4901 4626
f 4901 4900 4626
f 4628 4902 4627
f 4902 4901 4627
f 4630 4903 4628
f 4903 4902 4628
f 4904 4906 4629
f 4906 4631 4629
f 4648 4904 4629
f 4632 4905 4630
f 4905 4903 4630
f 4908 4633 4631
f 4906 4908 4631
f 4634 4907 4632
f 4907 4905 4632
f 4910 4635 4633
f 4908 4910 4633
f 4636 4909 4634
f 4909 4907 4634
f 4910 4912 4635
f 4912 4637 4635
f 4638 4911 4636
f 4911 4909 4636
f 4912 4914 4637
f 4914 4639 4637
f 4640 4913 4638
f 4913 4911 4638
f 4914 4916 4639
f 4916 4641 4639
f 4642 4915 4640
f 4915 4913 4640
f 4916 4918 4641
f 4918 4643 4641
f 4643 4917 4642
f 4917 4915 4642
f 4918 4917 4643
f 4919 4878 4644
f 4646 4919 4644
f 4922 4647 4645
f 4920 4922 4645
f 4921 4919 4646
f 4647 4921 4646
f 4922 4921 4647
f 4923 4904 4648
f 5150 4923 4648
f 4881 5150 4648
f 4875 4881 4648
f 4926 4651 4649
f 4924 4926 4649
f 4653 4924 4649
f 4929 4654 4650
f 4925 4929 4650
f 4652 4925 4650
f 4930 4655 4651
f 4926 4930 4651
f 4927 4925 4652
f 4656 4927 4652
f 4928 4924 4653
f 4657 4928 4653
f 4933 4658 4654
f 4929 4933 4654
f 4934 4659 4655
f 4930 4934 4655
f 4931 4927 4656
f 4660 4931 4656
f 4932 4928 4657
f 4661 4932 4657
f 4937 4662 4658
f 4933 4937 4658
f 4938 4663 4659
f 4934 4938 4659
f 4935 4931 4660
f 4664 4935 4660
f 4936 4932 4661
f 4669 4944 4661
f 4944 4936 4661
f 4937 4670 4662
f 4940 4665 4663
f 4938 4940 4663
f 4939 4935 4664
f 4666 4939 4664
f 4942 4667 4665
f 4940 4942 4665
f 4941 4939 4666
f 4668 4941 4666
f 4946 4671 4667
f 4942 4946 4667
f 4943 4941 4668
f 4672 4943 4668
f 4673 4944 4669
f 4945 4949 4670
f 4949 4674 4670
f 4937 4945 4670
f 4946 4679 4671
f 4680 4955 4672
f 4955 4947 4672
f 4947 4943 4672
f 4675 4948 4673
f 4948 4944 4673
f 4949 4951 4674
f 4951 4676 4674
f 4677 4950 4675
f 4950 4948 4675
f 4951 4953 4676
f 4953 4678 4676
f 4678 4952 4677
f 4952 4950 4677
f 4953 4952 4678
f 4954 4956 4679
f 4956 4681 4679
f 4946 4954 4679
f 4682 4955 4680
f 4956 4958 4681
f 4958 4683 4681
f 4684 4957 4682
f 4957 4955 4682
f 4958 4960 4683
f 4960 4685 4683
f 4686 4959 4684
f 4959 4957 4684
f 4960 4962 4685
f 4962 4687 4685
f 4688 4961 4686
f 4961 4959 4686
f 4962 4964 4687
f 4964 4689 4687
f 4690 4963 4688
f 4963 4961 4688
f 4964 4966 4689
f 4966 4691 4689
f 4694 4965 4690
f 4965 4963 4690
f 4966 4968 4691
f 4968 4693 4691
f 4971 4696 4692
f 4967 4971 4692
f 4693 4968 4692
f 4968 4967 4692
f 4695 4970 4694
f 4970 4969 4694
f 4969 4965 4694
f 4697 4970 4695
f 4973 4698 4696
f 4971 4973 4696
f 4972 4970 4697
f 4699 4972 4697
f 4975 4700 4698
f 4973 4975 4698
f 4974 4972 4699
f 4701 4974 4699
f 4977 4702 4700
f 4975 4977 4700
f 4976 4974 4701
f 4703 4976 4701
f 4979 4704 4702
f 4977 4979 4702
f 4978 4976 4703
f 4705 4978 4703
f 4981 4706 4704
f 4979 4981 4704
f 4980 4978 4705
f 4707 4980 4705
f 4983 4708 4706
f 4981 4983 4706
f 4982 4980 4707
f 4709 4982 4707
f 4985 4710 4708
f 4983 4985 4708
f 4984 4982 4709
f 4711 4984 4709
f 4987 4712 4710
f 4985 4987 4710
f 4986 4984 4711
f 4713 4986 4711
f 4989 4714 4712
f 4987 4989 4712
f 4988 4986 4713
f 4715 4988 4713
f 4989 4716 4714
f 4717 4992 4715
f 4992 4990 4715
f 4990 4988 4715
f 4991 4994 4716
f 4994 4719 4716
f 4989 4991 4716
f 4718 4992 4717
f 4720 4993 4718
f 4993 4992 4718
f 4994 4996 4719
f 4996 4721 4719
f 4722 4995 4720
f 4995 4993 4720
f 4996 4998 4721
f 4998 4723 4721
f 4724 4997 4722
f 4997 4995 4722
f 4998 5000 4723
f 5000 4725 4723
f 4726 4999 4724
f 4999 4997 4724
f 5000 5002 4725
f 5002 4727 4725
f 4728 5001 4726
f 5001 4999 4726
f 5002 5004 4727
f 5004 4729 4727
f 4730 5003 4728
f 5003 5001 4728
f 5004 4731 4729
f 4732 5007 4730
f 5007 5005 4730
f 5005 5003 4730
f 5008 4733 4731
f 5006 5008 4731
f 5004 5006 4731
f 4734 5007 4732
f 5010 4735 4733
f 5008 5010 4733
f 5009 5007 4734
f 4736 5009 4734
f 5012 4737 4735
f 5010 5012 4735
f 5011 5009 4736
f 4738 5011 4736
f 5014 4739 4737
f 5012 5014 4737
f 5013 5011 4738
f 4740 5013 4738
f 5016 4741 4739
f 5014 5016 4739
f 5015 5013 4740
f 4742 5015 4740
f 5018 4743 4741
f 5016 5018 4741
f 5017 5015 4742
f 4744 5017 4742
f 5020 4745 4743
f 5018 5020 4743
f 5019 5017 4744
f 4746 5019 4744
f 5022 4747 4745
f 5020 5022 4745
f 5021 5019 4746
f 4748 5021 4746
f 5024 4749 4747
f 5022 5024 4747
f 5023 5021 4748
f 4750 5023 4748
f 5026 4751 4749
f 5024 5026 4749
f 5025 5023 4750
f 4752 5025 4750
f 5026 4753 4751
f 4754 5029 4752
f 5029 5027 4752
f 5027 5025 4752
f 5028 5030 4753
f 5030 4755 4753
f 5026 5028 4753
f 4756 5029 4754
f 5030 5032 4755
f 5032 4757 4755
f 4758 5031 4756
f 5031 5029 4756
f 5032 5034 4757
f 5034 4759 4757
f 4760 5033 4758
f 5033 5031 4758
f 5034 5036 4759
f 5036 4761 4759
f 4762 5035 4760
f 5035 5033 4760
f 5036 5038 4761
f 5038 4763 4761
f 4764 5037 4762
f 5037 5035 4762
f 5038 5040 4763
f 5040 4765 4763
f 4766 5039 4764
f 5039 5037 4764
f 5040 5042 4765
f 5042 4767 4765
f 4768 5041 4766
f 5041 5039 4766
f 5042 4769 4767
f 4770 5045 4768
f 5045 5043 4768
f 5043 5041 4768
f 5046 4771 4769
f 5044 5046 4769
f 5042 5044 4769
f 4772 5045 4770
f 5048 4773 4771
f 5046 5048 4771
f 5047 5045 4772
f 4774 5047 4772
f 5050 4775 4773
f 5048 5050 4773
f 5049 5047 4774
f 4776 5049 4774
f 5052 4777 4775
f 5050 5052 4775
f 5051 5049 4776
f 4778 5051 4776
f 5054 4779 4777
f 5052 5054 4777
f 5053 5051 4778
f 4780 5053 4778
f 5056 4781 4779
f 5054 5056 4779
f 5055 5053 4780
f 4782 5055 4780
f 5058 4783 4781
f 5056 5058 4781
f 5057 5055 4782
f 4784 5057 4782
f 5060 4785 4783
f 5058 5060 4783
f 5059 5057 4784
f 4786 5059 4784
f 5062 4787 4785
f 5060 5062 4785
f 5061 5059 4786
f 4788 5061 4786
f 5064 4789 4787
f 5062 5064 4787
f 5063 5061 4788
f 4790 5063 4788
f 5064 4791 4789
f 4792 5067 4790
f 5067 5065 4790
f 5065 5063 4790
f 5066 5068 4791
f 5068 4793 4791
f 5064 5066 4791
f 4794 5067 4792
f 5068 5070 4793
f 5070 4795 4793
f 4796 5069 4794
f 5069 5067 4794
f 5070 5072 4795
f 5072 4797 4795
f 4798 5071 4796
f 5071 5069 4796
f 5072 5074 4797
f 5074 4799 4797
f 4800 5073 4798
f 5073 5071 4798
f 5074 5076 4799
f 5076 4801 4799
f 4802 5075 4800
f 5075 5073 4800
f 5076 5078 4801
f 5078 4803 4801
f 4804 5077 4802
f 5077 5075 4802
f 5078 5080 4803
f 5080 4805 4803
f 4806 5079 4804
f 5079 5077 4804
f 5080 4807 4805
f 4808 5083 4806
f 5083 5081 4806
f 5081 5079 4806
f 5084 4809 4807
f 5082 5084 4807
f 5080 5082 4807
f 4810 5083 4808
f 5086 4811 4809
f 5084 5086 4809
f 5085 5083 4810
f 4812 5085 4810
f 5088 4813 4811
f 5086 5088 4811
f 5087 5085 4812
f 4814 5087 4812
f 5090 4815 4813
f 5088 5090 4813
f 5089 5087 4814
f 4816 5089 4814
f 5092 4817 4815
f 5090 5092 4815
f 5091 5089 4816
f 4818 5091 4816
f 5094 4819 4817
f 5092 5094 4817
f 5093 5091 4818
f 4820 5093 4818
f 5096 4821 4819
f 5094 5096 4819
f 5095 5093 4820
f 4822 5095 4820
f 5098 4823 4821
f 5096 5098 4821
f 5097 5095 4822
f 4824 5097 4822
f 5100 4825 4823
f 5098 5100 4823
f 5099 5097 4824
f 4826 5099 4824
f 5102 4827 4825
f 5100 5102 4825
f 5101 5099 4826
f 4830 5101 4826
f 5102 4828 4827
f 5103 5107 4828
f 5107 4832 4828
f 5102 5103 4828
f 4831 5104 4829
f 5104 4830 4829
f 5104 5105 4830
f 5105 5101 4830
f 4833 5106 4831
f 5106 5104 4831
f 5107 5109 4832
f 5109 4834 4832
f 4835 5108 4833
f 5108 5106 4833
f 5109 5111 4834
f 5111 4836 4834
f 4837 5110 4835
f 5110 5108 4835
f 5111 5113 4836
f 5113 4838 4836
f 4839 5112 4837
f 5112 5110 4837
f 5113 5115 4838
f 5115 4840 4838
f 4841 5114 4839
f 5114 5112 4839
f 5115 5117 4840
f 5117 4842 4840
f 4843 5116 4841
f 5116 5114 4841
f 5117 4850 4842
f 4851 5126 4843
f 5126 5118 4843
f 5118 5116 4843
f 4846 5119 4844
f 5119 5120 4844
f 5120 4845 4844
f 5120 5122 4845
f 5122 4847 4845
f 4848 5121 4846
f 5121 5119 4846
f 5122 5124 4847
f 5124 4849 4847
f 4852 5123 4848
f 5123 5121 4848
f 5124 5128 4849
f 5128 4853 4849
f 5129 4854 4850
f 5125 5129 4850
f 5117 5125 4850
f 4855 5126 4851
f 4860 5135 4852
f 5135 5127 4852
f 5127 5123 4852
f 5128 4861 4853
f 5131 4856 4854
f 5129 5131 4854
f 5130 5126 4855
f 4857 5130 4855
f 5133 4858 4856
f 5131 5133 4856
f 5132 5130 4857
f 4859 5132 4857
f 5137 4862 4858
f 5133 5137 4858
f 5134 5132 4859
f 4863 5134 4859
f 4864 5135 4860
f 5128 5136 4861
f 5140 4865 4861
f 5136 5140 4861
f 5141 4866 4862
f 5137 5141 4862
f 5138 5134 4863
f 4867 5138 4863
f 5139 5135 4864
f 4868 5139 4864
f 5144 4869 4865
f 5140 5144 4865
f 5145 4870 4866
f 5141 5145 4866
f 5142 5138 4867
f 4871 5142 4867
f 5143 5139 4868
f 4872 5143 4868
f 5148 4873 4869
f 5144 5148 4869
f 5147 4872 4870
f 5145 5147 4870
f 5146 5142 4871
f 4873 5146 4871
f 5147 5143 4872
f 5148 5146 4873
f 4877 4880 4874
f 4880 4879 4874
f 4876 4881 4875
f 4878 5152 4876
f 5152 4881 4876
f 5151 5149 4877
f 5149 4880 4877
f 4919 5155 4878
f 5155 5152 4878
f 4880 5156 4879
f 5156 5195 4879
f 5195 4920 4879
f 5149 5156 4880
f 5152 5150 4881
f 4883 5157 4882
f 5159 4884 4882
f 5157 5159 4882
f 4885 5158 4883
f 5158 5157 4883
f 5161 4886 4884
f 5159 5161 4884
f 4887 5160 4885
f 5160 5158 4885
f 5161 5163 4886
f 5163 4888 4886
f 4889 5162 4887
f 5162 5160 4887
f 5163 5165 4888
f 5165 4890 4888
f 4891 5164 4889
f 5164 5162 4889
f 5165 5167 4890
f 5167 4892 4890
f 4893 5166 4891
f 5166 5164 4891
f 5167 5169 4892
f 5169 4894 4892
f 4895 5168 4893
f 5168 5166 4893
f 5169 5171 4894
f 5171 4896 4894
f 4897 5170 4895
f 5170 5168 4895
f 5171 5199 4896
f 5199 5151 4896
f 4898 5172 4897
f 5172 5170 4897
f 4899 5173 4898
f 5173 5172 4898
f 4900 5174 4899
f 5174 5173 4899
f 4901 5175 4900
f 5175 5174 4900
f 4902 5176 4901
f 5176 5175 4901
f 4903 5177 4902
f 5177 5176 4902
f 4905 5178 4903
f 5178 5177 4903
f 5179 5181 4904
f 5181 4906 4904
f 4923 5179 4904
f 4907 5180 4905
f 5180 5178 4905
f 5183 4908 4906
f 5181 5183 4906
f 4909 5182 4907
f 5182 5180 4907
f 5185 4910 4908
f 5183 5185 4908
f 4911 5184 4909
f 5184 5182 4909
f 5185 5187 4910
f 5187 4912 4910
f 4913 5186 4911
f 5186 5184 4911
f 5187 5189 4912
f 5189 4914 4912
f 4915 5188 4913
f 5188 5186 4913
f 5189 5191 4914
f 5191 4916 4914
f 4917 5190 4915
f 5190 5188 4915
f 5191 5193 4916
f 5193 4918 4916
f 4918 5192 4917
f 5192 5190 4917
f 5193 5192 4918
f 4921 5194 4919
f 5194 5155 4919
f 5195 5197 4920
f 5197 4922 4920
f 4922 5196 4921
f 5196 5194 4921
f 5197 5196 4922
f 5198 5179 4923
f 5154 5198 4923
f 5150 5154 4923
f 5202 4926 4924
f 5200 5202 4924
f 4928 5200 4924
f 5205 4929 4925
f 5201 5205 4925
f 4927 5201 4925
f 5206 4930 4926
f 5202 5206 4926
f 5203 5201 4927
f 4931 5203 4927
f 5204 5200 4928
f 4932 5204 4928
f 5209 4933 4929
f 5205 5209 4929
f 5210 4934 4930
f 5206 5210 4930
f 5207 5203 4931
f 4935 5207 4931
f 5208 5204 4932
f 4936 5208 4932
f 5213 4937 4933
f 5209 5213 4933
f 5214 4938 4934
f 5210 5214 4934
f 5211 5207 4935
f 4939 5211 4935
f 5212 5208 4936
f 4944 5220 4936
f 5220 5212 4936
f 5213 4945 4937
f 5216 4940 4938
f 5214 5216 4938
f 5215 5211 4939
f 4941 5215 4939
f 5218 4942 4940
f 5216 5218 4940
f 5217 5215 4941
f 4943 5217 4941
f 5222 4946 4942
f 5218 5222 4942
f 5219 5217 4943
f 4947 5219 4943
f 4948 5220 4944
f 5221 5225 4945
f 5225 4949 4945
f 5213 5221 4945
f 5222 4954 4946
f 4955 5231 4947
f 5231 5223 4947
f 5223 5219 4947
f 4950 5224 4948
f 5224 5220 4948
f 5225 5227 4949
f 5227 4951 4949
f 4952 5226 4950
f 5226 5224 4950
f 5227 5229 4951
f 5229 4953 4951
f 4953 5228 4952
f 5228 5226 4952
f 5229 5228 4953
f 5230 5232 4954
f 5232 4956 4954
f 5222 5230 4954
f 4957 5231 4955
f 5232 5234 4956
f 5234 4958 4956
f 4959 5233 4957
f 5233 5231 4957
f 5234 5236 4958
f 5236 4960 4958
f 4961 5235 4959
f 5235 5233 4959
f 5236 5238 4960
f 5238 4962 4960
f 4963 5237 4961
f 5237 5235 4961
f 5238 5240 4962
f 5240 4964 4962
f 4965 5239 4963
f 5239 5237 4963
f 5240 5242 4964
f 5242 4966 4964
f 4969 5241 4965
f 5241 5239 4965
f 5242 5244 4966
f 5244 4968 4966
f 5247 4971 4967
f 5243 5247 4967
f 4968 5244 4967
f 5244 5243 4967
f 4970 5246 4969
f 5246 5245 4969
f 5245 5241 4969
f 4972 5246 4970
f 5249 4973 4971
f 5247 5249 4971
f 5248 5246 4972
f 4974 5248 4972
f 5251 4975 4973
f 5249 5251 4973
f 5250 5248 4974
f 4976 5250 4974
f 5253 4977 4975
f 5251 5253 4975
f 5252 5250 4976
f 4978 5252 4976
f 5255 4979 4977
f 5253 5255 4977
f 5254 5252 4978
f 4980 5254 4978
f 5257 4981 4979
f 5255 5257 4979
f 5256 5254 4980
f 4982 5256 4980
f 5259 4983 4981
f 5257 5259 4981
f 5258 5256 4982
f 4984 5258 4982
f 5261 4985 4983
f 5259 5261 4983
f 5260 5258 4984
f 4986 5260 4984
f 5263 4987 4985
f 5261 5263 4985
f 5262 5260 4986
f 4988 5262 4986
f 5265 4989 4987
f 5263 5265 4987
f 5264 5262 4988
f 4990 5264 4988
f 5265 4991 4989
f 4992 5268 4990
f 5268 5266 4990
f 5266 5264 4990
f 5267 5270 4991
f 5270 4994 4991
f 5265 5267 4991
f 4993 5268 4992
f 4995 5269 4993
f 5269 5268 4993
f 5270 5272 4994
f 5272 4996 4994
f 4997 5271 4995
f 5271 5269 4995
f 5272 5274 4996
f 5274 4998 4996
f 4999 5273 4997
f 5273 5271 4997
f 5274 5276 4998
f 5276 5000 4998
f 5001 5275 4999
f 5275 5273 4999
f 5276 5278 5000
f 5278 5002 5000
f 5003 5277 5001
f 5277 5275 5001
f 5278 5280 5002
f 5280 5004 5002
f 5005 5279 5003
f 5279 5277 5003
f 5280 5006 5004
f 5007 5283 5005
f 5283 5281 5005
f 5281 5279 5005
f 5284 5008 5006
f 5282 5284 5006
f 5280 5282 5006
f 5009 5283 5007
f 5286 5010 5008
f 5284 5286 5008
f 5285 5283 5009
f 5011 5285 5009
f 5288 5012 5010
f 5286 5288 5010
f 5287 5285 5011
f 5013 5287 5011
f 5290 5014 5012
f 5288 5290 5012
f 5289 5287 5013
f 5015 5289 5013
f 5292 5016 5014
f 5290 5292 5014
f 5291 5289 5015
f 5017 5291 5015
f 5294 5018 5016
f 5292 5294 5016
f 5293 5291 5017
f 5019 5293 5017
f 5296 5020 5018
f 5294 5296 5018
f 5295 5293 5019
f 5021 5295 5019
f 5298 5022 5020
f 5296 5298 5020
f 5297 5295 5021
f 5023 5297 5021
f 5300 5024 5022
f 5298 5300 5022
f 5299 5297 5023
f 5025 5299 5023
f 5302 5026 5024
f 5300 5302 5024
f 5301 5299 5025
f 5027 5301 5025
f 5302 5028 5026
f 5029 5305 5027
f 5305 5303 5027
f 5303 5301 5027
f 5304 5306 5028
f 5306 5030 5028
f 5302 5304 5028
f 5031 5305 5029
f 5306 5308 5030
f 5308 5032 5030
f 5033 5307 5031
f 5307 5305 5031
f 5308 5310 5032
f 5310 5034 5032
f 5035 5309 5033
f 5309 5307 5033
f 5310 5312 5034
f 5312 5036 5034
f 5037 5311 5035
f 5311 5309 5035
f 5312 5314 5036
f 5314 5038 5036
f 5039 5313 5037
f 5313 5311 5037
f 5314 5316 5038
f 5316 5040 5038
f 5041 5315 5039
f 5315 5313 5039
f 5316 5318 5040
f 5318 5042 5040
f 5043 5317 5041
f 5317 5315 5041
f 5318 5044 5042
f 5045 5321 5043
f 5321 5319 5043
f 5319 5317 5043
f 5322 5046 5044
f 5320 5322 5044
f 5318 5320 5044
f 5047 5321 5045
f 5324 5048 5046
f 5322 5324 5046
f 5323 5321 5047
f 5049 5323 5047
f 5326 5050 5048
f 5324 5326 5048
f 5325 5323 5049
f 5051 5325 5049
f 5328 5052 5050
f 5326 5328 5050
f 5327 5325 5051
f 5053 5327 5051
f 5330 5054 5052
f 5328 5330 5052
f 5329 5327 5053
f 5055 5329 5053
f 5332 5056 5054
f 5330 5332 5054
f 5331 5329 5055
f 5057 5331 5055
f 5334 5058 5056
f 5332 5334 5056
f 5333 5331 5057
f 5059 5333 5057
f 5336 5060 5058
f 5334 5336 5058
f 5335 5333 5059
f 5061 5335 5059
f 5338 5062 5060
f 5336 5338 5060
f 5337 5335 5061
f 5063 5337 5061
f 5340 5064 5062
f 5338 5340 5062
f 5339 5337 5063
f 5065 5339 5063
f 5340 5066 5064
f 5067 5343 5065
f 5343 5341 5065
f 5341 5339 5065
f 5342 5344 5066
f 5344 5068 5066
f 5340 5342 5066
f 5069 5343 5067
f 5344 5346 5068
f 5346 5070 5068
f 5071 5345 5069
f 5345 5343 5069
f 5346 5348 5070
f 5348 5072 5070
f 5073 5347 5071
f 5347 5345 5071
f 5348 5350 5072
f 5350 5074 5072
f 5075 5349 5073
f 5349 5347 5073
f 5350 5352 5074
f 5352 5076 5074
f 5077 5351 5075
f 5351 5349 5075
f 5352 5354 5076
f 5354 5078 5076
f 5079 5353 5077
f 5353 5351 5077
f 5354 5356 5078
f 5356 5080 5078
f 5081 5355 5079
f 5355 5353 5079
f 5356 5082 5080
f 5083 5359 5081
f 5359 5357 5081
f 5357 5355 5081
f 5360 5084 5082
f 5358 5360 5082
f 5356 5358 5082
f 5085 5359 5083
f 5362 5086 5084
f 5360 5362 5084
f 5361 5359 5085
f 5087 5361 5085
f 5364 5088 5086
f 5362 5364 5086
f 5363 5361 5087
f 5089 5363 5087
f 5366 5090 5088
f 5364 5366 5088
f 5365 5363 5089
f 5091 5365 5089
f 5368 5092 5090
f 5366 5368 5090
f 5367 5365 5091
f 5093 5367 5091
f 5370 5094 5092
f 5368 5370 5092
f 5369 5367 5093
f 5095 5369 5093
f 5372 5096 5094
f 5370 5372 5094
f 5371 5369 5095
f 5097 5371 5095
f 5374 5098 5096
f 5372 5374 5096
f 5373 5371 5097
f 5099 5373 5097
f 5376 5100 5098
f 5374 5376 5098
f 5375 5373 5099
f 5101 5375 5099
f 5378 5102 5100
f 5376 5378 5100
f 5377 5375 5101
f 5105 5377 5101
f 5378 5103 5102
f 5379 5383 5103
f 5383 5107 5103
f 5378 5379 5103
f 5106 5380 5104
f 5380 5105 5104
f 5380 5381 5105
f 5381 5377 5105
f 5108 5382 5106
f 5382 5380 5106
f 5383 5385 5107
f 5385 5109 5107
f 5110 5384 5108
f 5384 5382 5108
f 5385 5387 5109
f 5387 5111 5109
f 5112 5386 5110
f 5386 5384 5110
f 5387 5389 5111
f 5389 5113 5111
f 5114 5388 5112
f 5388 5386 5112
f 5389 5391 5113
f 5391 5115 5113
f 5116 5390 5114
f 5390 5388 5114
f 5391 5393 5115
f 5393 5117 5115
f 5118 5392 5116
f 5392 5390 5116
f 5393 5125 5117
f 5126 5402 5118
f 5402 5394 5118
f 5394 5392 5118
f 5121 5395 5119
f 5395 5396 5119
f 5396 5120 5119
f 5396 5398 5120
f 5398 5122 5120
f 5123 5397 5121
f 5397 5395 5121
f 5398 5400 5122
f 5400 5124 5122
f 5127 5399 5123
f 5399 5397 5123
f 5400 5404 5124
f 5404 5128 5124
f 5405 5129 5125
f 5401 5405 5125
f 5393 5401 5125
f 5130 5402 5126
f 5135 5411 5127
f 5411 5403 5127
f 5403 5399 5127
f 5404 5136 5128
f 5407 5131 5129
f 5405 5407 5129
f 5406 5402 5130
f 5132 5406 5130
f 5409 5133 5131
f 5407 5409 5131
f 5408 5406 5132
f 5134 5408 5132
f 5413 5137 5133
f 5409 5413 5133
f 5410 5408 5134
f 5138 5410 5134
f 5139 5411 5135
f 5404 5412 5136
f 5416 5140 5136
f 5412 5416 5136
f 5417 5141 5137
f 5413 5417 5137
f 5414 5410 5138
f 5142 5414 5138
f 5415 5411 5139
f 5143 5415 5139
f 5420 5144 5140
f 5416 5420 5140
f 5421 5145 5141
f 5417 5421 5141
f 5418 5414 5142
f 5146 5418 5142
f 5419 5415 5143
f 5147 5419 5143
f 5424 5148 5144
f 5420 5424 5144
f 5423 5147 5145
f 5421 5423 5145
f 5422 5418 5146
f 5148 5422 5146
f 5423 5419 5147
f 5424 5422 5148
f 5151 5153 5149
f 5153 5156 5149
f 5152 5154 5150
f 5199 5425 5151
f 5425 5153 5151
f 5427 5154 5152
f 5155 5427 5152
f 5429 5156 5153
f 5425 5429 5153
f 5427 5426 5154
f 5426 5198 5154
f 5428 5427 5155
f 5194 5428 5155
f 5468 5195 5156
f 5429 5468 5156
f 5158 5430 5157
f 5432 5159 5157
f 5430 5432 5157
f 5160 5431 5158
f 5431 5430 5158
f 5434 5161 5159
f 5432 5434 5159
f 5162 5433 5160
f 5433 5431 5160
f 5434 5436 5161
f 5436 5163 5161
f 5164 5435 5162
f 5435 5433 5162
f 5436 5438 5163
f 5438 5165 5163
f 5166 5437 5164
f 5437 5435 5164
f 5438 5440 5165
f 5440 5167 5165
f 5168 5439 5166
f 5439 5437 5166
f 5440 5442 5167
f 5442 5169 5167
f 5170 5441 5168
f 5441 5439 5168
f 5442 5444 5169
f 5444 5171 5169
f 5172 5443 5170
f 5443 5441 5170
f 5444 5472 5171
f 5472 5199 5171
f 5173 5445 5172
f 5445 5443 5172
f 5174 5446 5173
f 5446 5445 5173
f 5175 5447 5174
f 5447 5446 5174
f 5176 5448 5175
f 5448 5447 5175
f 5177 5449 5176
f 5449 5448 5176
f 5178 5450 5177
f 5450 5449 5177
f 5180 5451 5178
f 5451 5450 5178
f 5452 5454 5179
f 5454 5181 5179
f 5198 5452 5179
f 5182 5453 5180
f 5453 5451 5180
f 5456 5183 5181
f 5454 5456 5181
f 5184 5455 5182
f 5455 5453 5182
f 5458 5185 5183
f 5456 5458 5183
f 5186 5457 5184
f 5457 5455 5184
f 5458 5460 5185
f 5460 5187 5185
f 5188 5459 5186
f 5459 5457 5186
f 5460 5462 5187
f 5462 5189 5187
f 5190 5461 5188
f 5461 5459 5188
f 5462 5464 5189
f 5464 5191 5189
f 5192 5463 5190
f 5463 5461 5190
f 5464 5466 5191
f 5466 5193 5191
f 5193 5465 5192
f 5465 5463 5192
f 5466 5465 5193
f 5467 5428 5194
f 5196 5467 5194
f 5470 5197 5195
f 5468 5470 5195
f 5469 5467 5196
f 5197 5469 5196
f 5470 5469 5197
f 5471 5452 5198
f 5426 5471 5198
f 5472 5473 5199
f 5473 5425 5199
f 5476 5202 5200
f 5474 5476 5200
f 5204 5474 5200
f 5479 5205 5201
f 5475 5479 5201
f 5203 5475 5201
f 5480 5206 5202
f 5476 5480 5202
f 5477 5475 5203
f 5207 5477 5203
f 5478 5474 5204
f 5208 5478 5204
f 5483 5209 5205
f 5479 5483 5205
f 5484 5210 5206
f 5480 5484 5206
f 5481 5477 5207
f 5211 5481 5207
f 5482 5478 5208
f 5212 5482 5208
f 5487 5213 5209
f 5483 5487 5209
f 5488 5214 5210
f 5484 5488 5210
f 5485 5481 5211
f 5215 5485 5211
f 5486 5482 5212
f 5220 5494 5212
f 5494 5486 5212
f 5487 5221 5213
f 5490 5216 5214
f 5488 5490 5214
f 5489 5485 5215
f 5217 5489 5215
f 5492 5218 5216
f 5490 5492 5216
f 5491 5489 5217
f 5219 5491 5217
f 5496 5222 5218
f 5492 5496 5218
f 5493 5491 5219
f 5223 5493 5219
f 5224 5494 5220
f 5495 5499 5221
f 5499 5225 5221
f 5487 5495 5221
f 5496 5230 5222
f 5231 5505 5223
f 5505 5497 5223
f 5497 5493 5223
f 5226 5498 5224
f 5498 5494 5224
f 5499 5501 5225
f 5501 5227 5225
f 5228 5500 5226
f 5500 5498 5226
f 5501 5503 5227
f 5503 5229 5227
f 5229 5502 5228
f 5502 5500 5228
f 5503 5502 5229
f 5504 5506 5230
f 5506 5232 5230
f 5496 5504 5230
f 5233 5505 5231
f 5506 5508 5232
f 5508 5234 5232
f 5235 5507 5233
f 5507 5505 5233
f 5508 5510 5234
f 5510 5236 5234
f 5237 5509 5235
f 5509 5507 5235
f 5510 5512 5236
f 5512 5238 5236
f 5239 5511 5237
f 5511 5509 5237
f 5512 5514 5238
f 5514 5240 5238
f 5241 5513 5239
f 5513 5511 5239
f 5514 5516 5240
f 5516 5242 5240
f 5245 5515 5241
f 5515 5513 5241
f 5516 5518 5242
f 5518 5244 5242
f 5521 5247 5243
f 5517 5521 5243
f 5244 5518 5243
f 5518 5517 5243
f 5246 5520 5245
f 5520 5519 5245
f 5519 5515 5245
f 5248 5520 5246
f 5523 5249 5247
f 5521 5523 5247
f 5522 5520 5248
f 5250 5522 5248
f 5525 5251 5249
f 5523 5525 5249
f 5524 5522 5250
f 5252 5524 5250
f 5527 5253 5251
f 5525 5527 5251
f 5526 5524 5252
f 5254 5526 5252
f 5529 5255 5253
f 5527 5529 5253
f 5528 5526 5254
f 5256 5528 5254
f 5531 5257 5255
f 5529 5531 5255
f 5530 5528 5256
f 5258 5530 5256
f 5533 5259 5257
f 5531 5533 5257
f 5532 5530 5258
f 5260 5532 5258
f 5535 5261 5259
f 5533 5535 5259
f 5534 5532 5260
f 5262 5534 5260
f 5537 5263 5261
f 5535 5537 5261
f 5536 5534 5262
f 5264 5536 5262
f 5539 5265 5263
f 5537 5539 5263
f 5538 5536 5264
f 5266 5538 5264
f 5539 5267 5265
f 5268 5542 5266
f 5542 5540 5266
f 5540 5538 5266
f 5541 5544 5267
f 5544 5270 5267
f 5539 5541 5267
f 5269 5542 5268
f 5271 5543 5269
f 5543 5542 5269
f 5544 5546 5270
f 5546 5272 5270
f 5273 5545 5271
f 5545 5543 5271
f 5546 5548 5272
f 5548 5274 5272
f 5275 5547 5273
f 5547 5545 5273
f 5548 5550 5274
f 5550 5276 5274
f 5277 5549 5275
f 5549 5547 5275
f 5550 5552 5276
f 5552 5278 5276
f 5279 5551 5277
f 5551 5549 5277
f 5552 5554 5278
f 5554 5280 5278
f 5281 5553 5279
f 5553 5551 5279
f 5554 5282 5280
f 5283 5557 5281
f 5557 5555 5281
f 5555 5553 5281
f 5558 5284 5282
f 5556 5558 5282
f 5554 5556 5282
f 5285 5557 5283
f 5560 5286 5284
f 5558 5560 5284
f 5559 5557 5285
f 5287 5559 5285
f 5562 5288 5286
f 5560 5562 5286
f 5561 5559 5287
f 5289 5561 5287
f 5564 5290 5288
f 5562 5564 5288
f 5563 5561 5289
f 5291 5563 5289
f 5566 5292 5290
f 5564 5566 5290
f 5565 5563 5291
f 5293 5565 5291
f 5568 5294 5292
f 5566 5568 5292
f 5567 5565 5293
f 5295 5567 5293
f 5570 5296 5294
f 5568 5570 5294
f 5569 5567 5295
f 5297 5569 5295
f 5572 5298 5296
f 5570 5572 5296
f 5571 5569 5297
f 5299 5571 5297
f 5574 5300 5298
f 5572 5574 5298
f 5573 5571 5299
f 5301 5573 5299
f 5576 5302 5300
f 5574 5576 5300
f 5575 5573 5301
f 5303 5575 5301
f 5576 5304 5302
f 5305 5579 5303
f 5579 5577 5303
f 5577 5575 5303
f 5578 5580 5304
f 5580 5306 5304
f 5576 5578 5304
f 5307 5579 5305
f 5580 5582 5306
f 5582 5308 5306
f 5309 5581 5307
f 5581 5579 5307
f 5582 5584 5308
f 5584 5310 5308
f 5311 5583 5309
f 5583 5581 5309
f 5584 5586 5310
f 5586 5312 5310
f 5313 5585 5311
f 5585 5583 5311
f 5586 5588 5312
f 5588 5314 5312
f 5315 5587 5313
f 5587 5585 5313
f 5588 5590 5314
f 5590 5316 5314
f 5317 5589 5315
f 5589 5587 5315
f 5590 5592 5316
f 5592 5318 5316
f 5319 5591 5317
f 5591 5589 5317
f 5592 5320 5318
f 5321 5595 5319
f 5595 5593 5319
f 5593 5591 5319
f 5596 5322 5320
f 5594 5596 5320
f 5592 5594 5320
f 5323 5595 5321
f 5598 5324 5322
f 5596 5598 5322
f 5597 5595 5323
f 5325 5597 5323
f 5600 5326 5324
f 5598 5600 5324
f 5599 5597 5325
f 5327 5599 5325
f 5602 5328 5326
f 5600 5602 5326
f 5601 5599 5327
f 5329 5601 5327
f 5604 5330 5328
f 5602 5604 5328
f 5603 5601 5329
f 5331 5603 5329
f 5606 5332 5330
f 5604 5606 5330
f 5605 5603 5331
f 5333 5605 5331
f 5608 5334 5332
f 5606 5608 5332
f 5607 5605 5333
f 5335 5607 5333
f 5610 5336 5334
f 5608 5610 5334
f 5609 5607 5335
f 5337 5609 5335
f 5612 5338 5336
f 5610 5612 5336
f 5611 5609 5337
f 5339 5611 5337
f 5614 5340 5338
f 5612 5614 5338
f 5613 5611 5339
f 5341 5613 5339
f 5614 5342 5340
f 5343 5617 5341
f 5617 5615 5341
f 5615 5613 5341
f 5616 5618 5342
f 5618 5344 5342
f 5614 5616 5342
f 5345 5617 5343
f 5618 5620 5344
f 5620 5346 5344
f 5347 5619 5345
f 5619 5617 5345
f 5620 5622 5346
f 5622 5348 5346
f 5349 5621 5347
f 5621 5619 5347
f 5622 5624 5348
f 5624 5350 5348
f 5351 5623 5349
f 5623 5621 5349
f 5624 5626 5350
f 5626 5352 5350
f 5353 5625 5351
f 5625 5623 5351
f 5626 5628 5352
f 5628 5354 5352
f 5355 5627 5353
f 5627 5625 5353
f 5628 5630 5354
f 5630 5356 5354
f 5357 5629 5355
f 5629 5627 5355
f 5630 5358 5356
f 5359 5633 5357
f 5633 5631 5357
f 5631 5629 5357
f 5634 5360 5358
f 5632 5634 5358
f 5630 5632 5358
f 5361 5633 5359
f 5636 5362 5360
f 5634 5636 5360
f 5635 5633 5361
f 5363 5635 5361
f 5638 5364 5362
f 5636 5638 5362
f 5637 5635 5363
f 5365 5637 5363
f 5640 5366 5364
f 5638 5640 5364
f 5639 5637 5365
f 5367 5639 5365
f 5642 5368 5366
f 5640 5642 5366
f 5641 5639 5367
f 5369 5641 5367
f 5644 5370 5368
f 5642 5644 5368
f 5643 5641 5369
f 5371 5643 5369
f 5646 5372 5370
f 5644 5646 5370
f 5645 5643 5371
f 5373 5645 5371
f 5648 5374 5372
f 5646 5648 5372
f 5647 5645 5373
f 5375 5647 5373
f 5650 5376 5374
f 5648 5650 5374
f 5649 5647 5375
f 5377 5649 5375
f 5652 5378 5376
f 5650 5652 5376
f 5651 5649 5377
f 5381 5651 5377
f 5652 5379 5378
f 5653 5657 5379
f 5657 5383 5379
f 5652 5653 5379
f 5382 5654 5380
f 5654 5381 5380
f 5654 5655 5381
f 5655 5651 5381
f 5384 5656 5382
f 5656 5654 5382
f 5657 5659 5383
f 5659 5385 5383
f 5386 5658 5384
f 5658 5656 5384
f 5659 5661 5385
f 5661 5387 5385
f 5388 5660 5386
f 5660 5658 5386
f 5661 5663 5387
f 5663 5389 5387
f 5390 5662 5388
f 5662 5660 5388
f 5663 5665 5389
f 5665 5391 5389
f 5392 5664 5390
f 5664 5662 5390
f 5665 5667 5391
f 5667 5393 5391
f 5394 5666 5392
f 5666 5664 5392
f 5667 5401 5393
f 5402 5676 5394
f 5676 5668 5394
f 5668 5666 5394
f 5397 5669 5395
f 5669 5670 5395
f 5670 5396 5395
f 5670 5672 5396
f 5672 5398 5396
f 5399 5671 5397
f 5671 5669 5397
f 5672 5674 5398
f 5674 5400 5398
f 5403 5673 5399
f 5673 5671 5399
f 5674 5678 5400
f 5678 5404 5400
f 5679 5405 5401
f 5675 5679 5401
f 5667 5675 5401
f 5406 5676 5402
f 5411 5685 5403
f 5685 5677 5403
f 5677 5673 5403
f 5678 5412 5404
f 5681 5407 5405
f 5679 5681 5405
f 5680 5676 5406
f 5408 5680 5406
f 5683 5409 5407
f 5681 5683 5407
f 5682 5680 5408
f 5410 5682 5408
f 5687 5413 5409
f 5683 5687 5409
f 5684 5682 5410
f 5414 5684 5410
f 5415 5685 5411
f 5678 5686 5412
f 5690 5416 5412
f 5686 5690 5412
f 5691 5417 5413
f 5687 5691 5413
f 5688 5684 5414
f 5418 5688 5414
f 5689 5685 5415
f 5419 5689 5415
f 5694 5420 5416
f 5690 5694 5416
f 5695 5421 5417
f 5691 5695 5417
f 5692 5688 5418
f 5422 5692 5418
f 5693 5689 5419
f 5423 5693 5419
f 5698 5424 5420
f 5694 5698 5420
f 5697 5423 5421
f 5695 5697 5421
f 5696 5692 5422
f 5424 5696 5422
f 5697 5693 5423
f 5698 5696 5424
f 5702 5429 5425
f 5473 5702 5425
f 5427 5699 5426
f 5699 5471 5426
f 5700 5699 5427
f 5428 5700 5427
f 5701 5700 5428
f 5467 5701 5428
f 5741 5468 5429
f 5702 5741 5429
f 5431 5703 5430
f 5705 5432 5430
f 5703 5705 5430
f 5433 5704 5431
f 5704 5703 5431
f 5707 5434 5432
f 5705 5707 5432
f 5435 5706 5433
f 5706 5704 5433
f 5707 5709 5434
f 5709 5436 5434
f 5437 5708 5435
f 5708 5706 5435
f 5709 5711 5436
f 5711 5438 5436
f 5439 5710 5437
f 5710 5708 5437
f 5711 5713 5438
f 5713 5440 5438
f 5441 5712 5439
f 5712 5710 5439
f 5713 5715 5440
f 5715 5442 5440
f 5443 5714 5441
f 5714 5712 5441
f 5715 5717 5442
f 5717 5444 5442
f 5445 5716 5443
f 5716 5714 5443
f 5717 5745 5444
f 5745 5472 5444
f 5446 5718 5445
f 5718 5716 5445
f 5447 5719 5446
f 5719 5718 5446
f 5448 5720 5447
f 5720 5719 5447
f 5449 5721 5448
f 5721 5720 5448
f 5450 5722 5449
f 5722 5721 5449
f 5451 5723 5450
f 5723 5722 5450
f 5453 5724 5451
f 5724 5723 5451
f 5725 5727 5452
f 5727 5454 5452
f 5471 5725 5452
f 5455 5726 5453
f 5726 5724 5453
f 5729 5456 5454
f 5727 5729 5454
f 5457 5728 5455
f 5728 5726 5455
f 5731 5458 5456
f 5729 5731 5456
f 5459 5730 5457
f 5730 5728 5457
f 5731 5733 5458
f 5733 5460 5458
f 5461 5732 5459
f 5732 5730 5459
f 5733 5735 5460
f 5735 5462 5460
f 5463 5734 5461
f 5734 5732 5461
f 5735 5737 5462
f 5737 5464 5462
f 5465 5736 5463
f 5736 5734 5463
f 5737 5739 5464
f 5739 5466 5464
f 5466 5738 5465
f 5738 5736 5465
f 5739 5738 5466
f 5740 5701 5467
f 5469 5740 5467
f 5743 5470 5468
f 5741 5743 5468
f 5742 5740 5469
f 5470 5742 5469
f 5743 5742 5470
f 5744 5725 5471
f 5699 5744 5471
f 5745 5746 5472
f 5746 5473 5472
f 5746 5702 5473
f 5750 5476 5474
f 5748 5750 5474
f 5478 5748 5474
f 5753 5479 5475
f 5749 5753 5475
f 5477 5749 5475
f 5754 5480 5476
f 5750 5754 5476
f 5751 5749 5477
f 5481 5751 5477
f 5752 5748 5478
f 5482 5752 5478
f 5757 5483 5479
f 5753 5757 5479
f 5758 5484 5480
f 5754 5758 5480
f 5755 5751 5481
f 5485 5755 5481
f 5756 5752 5482
f 5486 5756 5482
f 5761 5487 5483
f 5757 5761 5483
f 5762 5488 5484
f 5758 5762 5484
f 5759 5755 5485
f 5489 5759 5485
f 5760 5756 5486
f 5494 5768 5486
f 5768 5760 5486
f 5761 5495 5487
f 5764 5490 5488
f 5762 5764 5488
f 5763 5759 5489
f 5491 5763 5489
f 5766 5492 5490
f 5764 5766 5490
f 5765 5763 5491
f 5493 5765 5491
f 5772 5496 5492
f 5766 5772 5492
f 5767 5765 5493
f 5497 5767 5493
f 5498 5768 5494
f 5769 5771 5495
f 5771 5499 5495
f 5761 5769 5495
f 5772 5504 5496
f 5505 5779 5497
f 5779 5773 5497
f 5773 5767 5497
f 5500 5770 5498
f 5770 5768 5498
f 5771 5775 5499
f 5775 5501 5499
f 5502 5774 5500
f 5774 5770 5500
f 5775 5777 5501
f 5777 5503 5501
f 5503 5776 5502
f 5776 5774 5502
f 5777 5776 5503
f 5778 5780 5504
f 5780 5506 5504
f 5772 5778 5504
f 5507 5779 5505
f 5780 5782 5506
f 5782 5508 5506
f 5509 5781 5507
f 5781 5779 5507
f 5782 5784 5508
f 5784 5510 5508
f 5511 5783 5509
f 5783 5781 5509
f 5784 5786 5510
f 5786 5512 5510
f 5513 5785 5511
f 5785 5783 5511
f 5786 5788 5512
f 5788 5514 5512
f 5515 5787 5513
f 5787 5785 5513
f 5788 5790 5514
f 5790 5516 5514
f 5519 5789 5515
f 5789 5787 5515
f 5790 5792 5516
f 5792 5518 5516
f 5795 5521 5517
f 5791 5795 5517
f 5518 5792 5517
f 5792 5791 5517
f 5520 5794 5519
f 5794 5793 5519
f 5793 5789 5519
f 5522 5794 5520
f 5797 5523 5521
f 5795 5797 5521
f 5796 5794 5522
f 5524 5796 5522
f 5799 5525 5523
f 5797 5799 5523
f 5798 5796 5524
f 5526 5798 5524
f 5801 5527 5525
f 5799 5801 5525
f 5800 5798 5526
f 5528 5800 5526
f 5803 5529 5527
f 5801 5803 5527
f 5802 5800 5528
f 5530 5802 5528
f 5805 5531 5529
f 5803 5805 5529
f 5804 5802 5530
f 5532 5804 5530
f 5807 5533 5531
f 5805 5807 5531
f 5806 5804 5532
f 5534 5806 5532
f 5809 5535 5533
f 5807 5809 5533
f 5808 5806 5534
f 5536 5808 5534
f 5811 5537 5535
f 5809 5811 5535
f 5810 5808 5536
f 5538 5810 5536
f 5813 5539 5537
f 5811 5813 5537
f 5812 5810 5538
f 5540 5812 5538
f 5813 5541 5539
f 5542 5816 5540
f 5816 5814 5540
f 5814 5812 5540
f 5815 5818 5541
f 5818 5544 5541
f 5813 5815 5541
f 5543 5816 5542
f 5545 5817 5543
f 5817 5816 5543
f 5818 5820 5544
f 5820 5546 5544
f 5547 5819 5545
f 5819 5817 5545
f 5820 5822 5546
f 5822 5548 5546
f 5549 5821 5547
f 5821 5819 5547
f 5822 5824 5548
f 5824 5550 5548
f 5551 5823 5549
f 5823 5821 5549
f 5824 5826 5550
f 5826 5552 5550
f 5553 5825 5551
f 5825 5823 5551
f 5826 5828 5552
f 5828 5554 5552
f 5555 5827 5553
f 5827 5825 5553
f 5828 5556 5554
f 5557 5831 5555
f 5831 5829 5555
f 5829 5827 5555
f 5832 5558 5556
f 5830 5832 5556
f 5828 5830 5556
f 5559 5831 5557
f 5834 5560 5558
f 5832 5834 5558
f 5833 5831 5559
f 5561 5833 5559
f 5836 5562 5560
f 5834 5836 5560
f 5835 5833 5561
f 5563 5835 5561
f 5838 5564 5562
f 5836 5838 5562
f 5837 5835 5563
f 5565 5837 5563
f 5840 5566 5564
f 5838 5840 5564
f 5839 5837 5565
f 5567 5839 5565
f 5842 5568 5566
f 5840 5842 5566
f 5841 5839 5567
f 5569 5841 5567
f 5844 5570 5568
f 5842 5844 5568
f 5843 5841 5569
f 5571 5843 5569
f 5846 5572 5570
f 5844 5846 5570
f 5845 5843 5571
f 5573 5845 5571
f 5848 5574 5572
f 5846 5848 5572
f 5847 5845 5573
f 5575 5847 5573
f 5850 5576 5574
f 5848 5850 5574
f 5849 5847 5575
f 5577 5849 5575
f 5850 5578 5576
f 5579 5853 5577
f 5853 5851 5577
f 5851 5849 5577
f 5852 5854 5578
f 5854 5580 5578
f 5850 5852 5578
f 5581 5853 5579
f 5854 5856 5580
f 5856 5582 5580
f 5583 5855 5581
f 5855 5853 5581
f 5856 5858 5582
f 5858 5584 5582
f 5585 5857 5583
f 5857 5855 5583
f 5858 5860 5584
f 5860 5586 5584
f 5587 5859 5585
f 5859 5857 5585
f 5860 5862 5586
f 5862 5588 5586
f 5589 5861 5587
f 5861 5859 5587
f 5862 5864 5588
f 5864 5590 5588
f 5591 5863 5589
f 5863 5861 5589
f 5864 5866 5590
f 5866 5592 5590
f 5593 5865 5591
f 5865 5863 5591
f 5866 5594 5592
f 5595 5869 5593
f 5869 5867 5593
f 5867 5865 5593
f 5870 5596 5594
f 5868 5870 5594
f 5866 5868 5594
f 5597 5869 5595
f 5872 5598 5596
f 5870 5872 5596
f 5871 5869 5597
f 5599 5871 5597
f 5874 5600 5598
f 5872 5874 5598
f 5873 5871 5599
f 5601 5873 5599
f 5876 5602 5600
f 5874 5876 5600
f 5875 5873 5601
f 5603 5875 5601
f 5878 5604 5602
f 5876 5878 5602
f 5877 5875 5603
f 5605 5877 5603
f 5880 5606 5604
f 5878 5880 5604
f 5879 5877 5605
f 5607 5879 5605
f 5882 5608 5606
f 5880 5882 5606
f 5881 5879 5607
f 5609 5881 5607
f 5884 5610 5608
f 5882 5884 5608
f 5883 5881 5609
f 5611 5883 5609
f 5886 5612 5610
f 5884 5886 5610
f 5885 5883 5611
f 5613 5885 5611
f 5888 5614 5612
f 5886 5888 5612
f 5887 5885 5613
f 5615 5887 5613
f 5888 5616 5614
f 5617 5891 5615
f 5891 5889 5615
f 5889 5887 5615
f 5890 5892 5616
f 5892 5618 5616
f 5888 5890 5616
f 5619 5891 5617
f 5892 5894 5618
f 5894 5620 5618
f 5621 5893 5619
f 5893 5891 5619
f 5894 5896 5620
f 5896 5622 5620
f 5623 5895 5621
f 5895 5893 5621
f 5896 5898 5622
f 5898 5624 5622
f 5625 5897 5623
f 5897 5895 5623
f 5898 5900 5624
f 5900 5626 5624
f 5627 5899 5625
f 5899 5897 5625
f 5900 5902 5626
f 5902 5628 5626
f 5629 5901 5627
f 5901 5899 5627
f 5902 5904 5628
f 5904 5630 5628
f 5631 5903 5629
f 5903 5901 5629
f 5904 5632 5630
f 5633 5907 5631
f 5907 5905 5631
f 5905 5903 5631
f 5908 5634 5632
f 5906 5908 5632
f 5904 5906 5632
f 5635 5907 5633
f 5910 5636 5634
f 5908 5910 5634
f 5909 5907 5635
f 5637 5909 5635
f 5912 5638 5636
f 5910 5912 5636
f 5911 5909 5637
f 5639 5911 5637
f 5914 5640 5638
f 5912 5914 5638
f 5913 5911 5639
f 5641 5913 5639
f 5916 5642 5640
f 5914 5916 5640
f 5915 5913 5641
f 5643 5915 5641
f 5918 5644 5642
f 5916 5918 5642
f 5917 5915 5643
f 5645 5917 5643
f 5920 5646 5644
f 5918 5920 5644
f 5919 5917 5645
f 5647 5919 5645
f 5922 5648 5646
f 5920 5922 5646
f 5921 5919 5647
f 5649 5921 5647
f 5924 5650 5648
f 5922 5924 5648
f 5923 5921 5649
f 5651 5923 5649
f 5926 5652 5650
f 5924 5926 5650
f 5925 5923 5651
f 5655 5925 5651
f 5926 5653 5652
f 5927 5931 5653
f 5931 5657 5653
f 5926 5927 5653
f 5656 5928 5654
f 5928 5655 5654
f 5928 5929 5655
f 5929 5925 5655
f 5658 5930 5656
f 5930 5928 5656
f 5931 5933 5657
f 5933 5659 5657
f 5660 5932 5658
f 5932 5930 5658
f 5933 5935 5659
f 5935 5661 5659
f 5662 5934 5660
f 5934 5932 5660
f 5935 5937 5661
f 5937 5663 5661
f 5664 5936 5662
f 5936 5934 5662
f 5937 5939 5663
f 5939 5665 5663
f 5666 5938 5664
f 5938 5936 5664
f 5939 5941 5665
f 5941 5667 5665
f 5668 5940 5666
f 5940 5938 5666
f 5941 5675 5667
f 5676 5948 5668
f 5948 5942 5668
f 5942 5940 5668
f 5671 5943 5669
f 5943 5944 5669
f 5944 5670 5669
f 5944 5946 5670
f 5946 5672 5670
f 5673 5945 5671
f 5945 5943 5671
f 5946 5950 5672
f 5950 5674 5672
f 5677 5949 5673
f 5949 5945 5673
f 5950 5952 5674
f 5952 5678 5674
f 5953 5679 5675
f 5947 5953 5675
f 5941 5947 5675
f 5680 5948 5676
f 5685 5959 5677
f 5959 5951 5677
f 5951 5949 5677
f 5952 5686 5678
f 5955 5681 5679
f 5953 5955 5679
f 5954 5948 5680
f 5682 5954 5680
f 5957 5683 5681
f 5955 5957 5681
f 5956 5954 5682
f 5684 5956 5682
f 5961 5687 5683
f 5957 5961 5683
f 5958 5956 5684
f 5688 5958 5684
f 5689 5959 5685
f 5952 5960 5686
f 5964 5690 5686
f 5960 5964 5686
f 5965 5691 5687
f 5961 5965 5687
f 5962 5958 5688
f 5692 5962 5688
f 5963 5959 5689
f 5693 5963 5689
f 5968 5694 5690
f 5964 5968 5690
f 5969 5695 5691
f 5965 5969 5691
f 5966 5962 5692
f 5696 5966 5692
f 5967 5963 5693
f 5697 5967 5693
f 5972 5698 5694
f 5968 5972 5694
f 5971 5697 5695
f 5969 5971 5695
f 5970 5966 5696
f 5698 5970 5696
f 5971 5967 5697
f 5972 5970 5698
f 5700 5747 5699
f 5747 5744 5699
f 5701 5975 5700
f 5975 5747 5700
f 5740 5976 5701
f 5976 5975 5701
f 5746 5977 5702
f 5977 6016 5702
f 6016 5741 5702
f 5704 5978 5703
f 5980 5705 5703
f 5978 5980 5703
f 5706 5979 5704
f 5979 5978 5704
f 5982 5707 5705
f 5980 5982 5705
f 5708 5981 5706
f 5981 5979 5706
f 5982 5984 5707
f 5984 5709 5707
f 5710 5983 5708
f 5983 5981 5708
f 5984 5986 5709
f 5986 5711 5709
f 5712 5985 5710
f 5985 5983 5710
f 5986 5988 5711
f 5988 5713 5711
f 5714 5987 5712
f 5987 5985 5712
f 5988 5990 5713
f 5990 5715 5713
f 5716 5989 5714
f 5989 5987 5714
f 5990 5992 5715
f 5992 5717 5715
f 5718 5991 5716
f 5991 5989 5716
f 5992 6020 5717
f 6020 5745 5717
f 5719 5993 5718
f 5993 5991 5718
f 5720 5994 5719
f 5994 5993 5719
f 5721 5995 5720
f 5995 5994 5720
f 5722 5996 5721
f 5996 5995 5721
f 5723 5997 5722
f 5997 5996 5722
f 5724 5998 5723
f 5998 5997 5723
f 5726 5999 5724
f 5999 5998 5724
f 6000 6002 5725
f 6002 5727 5725
f 5744 6000 5725
f 5728 6001 5726
f 6001 5999 5726
f 6004 5729 5727
f 6002 6004 5727
f 5730 6003 5728
f 6003 6001 5728
f 6006 5731 5729
f 6004 6006 5729
f 5732 6005 5730
f 6005 6003 5730
f 6006 6008 5731
f 6008 5733 5731
f 5734 6007 5732
f 6007 6005 5732
f 6008 6010 5733
f 6010 5735 5733
f 5736 6009 5734
f 6009 6007 5734
f 6010 6012 5735
f 6012 5737 5735
f 5738 6011 5736
f 6011 6009 5736
f 6012 6014 5737
f 6014 5739 5737
f 5739 6013 5738
f 6013 6011 5738
f 6014 6013 5739
f 5742 6015 5740
f 6015 5976 5740
f 6016 6018 5741
f 6018 5743 5741
f 5743 6017 5742
f 6017 6015 5742
f 6018 6017 5743
f 5747 5974 5744
f 5974 6019 5744
f 6019 6000 5744
f 6020 5973 5745
f 5973 5746 5745
f 5973 5977 5746
f 5975 5974 5747
f 6025 5750 5748
f 6023 6025 5748
f 5752 6023 5748
f 6028 5753 5749
f 6024 6028 5749
f 5751 6024 5749
f 6029 5754 5750
f 6025 6029 5750
f 6026 6024 5751
f 5755 6026 5751
f 6027 6023 5752
f 5756 6027 5752
f 6032 5757 5753
f 6028 6032 5753
f 6033 5758 5754
f 6029 6033 5754
f 6030 6026 5755
f 5759 6030 5755
f 6031 6027 5756
f 5760 6031 5756
f 6036 5761 5757
f 6032 6036 5757
f 6037 5762 5758
f 6033 6037 5758
f 6034 6030 5759
f 5763 6034 5759
f 6035 6031 5760
f 5768 6043 5760
f 6043 6035 5760
f 6036 5769 5761
f 6039 5764 5762
f 6037 6039 5762
f 6038 6034 5763
f 5765 6038 5763
f 6041 5766 5764
f 6039 6041 5764
f 6040 6038 5765
f 5767 6040 5765
f 6049 5772 5766
f 6041 6049 5766
f 6042 6040 5767
f 5773 6042 5767
f 5770 6043 5768
f 6044 6046 5769
f 6046 5771 5769
f 6036 6044 5769
f 5774 6045 5770
f 6045 6043 5770
f 6046 6048 5771
f 6048 5775 5771
f 6049 5778 5772
f 5779 6054 5773
f 6054 6050 5773
f 6050 6042 5773
f 5776 6047 5774
f 6047 6045 5774
f 6048 6052 5775
f 6052 5777 5775
f 5777 6051 5776
f 6051 6047 5776
f 6052 6051 5777
f 6053 6055 5778
f 6055 5780 5778
f 6049 6053 5778
f 5781 6054 5779
f 6055 6057 5780
f 6057 5782 5780
f 5783 6056 5781
f 6056 6054 5781
f 6057 6059 5782
f 6059 5784 5782
f 5785 6058 5783
f 6058 6056 5783
f 6059 6061 5784
f 6061 5786 5784
f 5787 6060 5785
f 6060 6058 5785
f 6061 6063 5786
f 6063 5788 5786
f 5789 6062 5787
f 6062 6060 5787
f 6063 6065 5788
f 6065 5790 5788
f 5793 6064 5789
f 6064 6062 5789
f 6065 6067 5790
f 6067 5792 5790
f 6070 5795 5791
f 6066 6070 5791
f 5792 6067 5791
f 6067 6066 5791
f 5794 6069 5793
f 6069 6068 5793
f 6068 6064 5793
f 5796 6069 5794
f 6072 5797 5795
f 6070 6072 5795
f 6071 6069 5796
f 5798 6071 5796
f 6074 5799 5797
f 6072 6074 5797
f 6073 6071 5798
f 5800 6073 5798
f 6076 5801 5799
f 6074 6076 5799
f 6075 6073 5800
f 5802 6075 5800
f 6078 5803 5801
f 6076 6078 5801
f 6077 6075 5802
f 5804 6077 5802
f 6080 5805 5803
f 6078 6080 5803
f 6079 6077 5804
f 5806 6079 5804
f 6082 5807 5805
f 6080 6082 5805
f 6081 6079 5806
f 5808 6081 5806
f 6084 5809 5807
f 6082 6084 5807
f 6083 6081 5808
f 5810 6083 5808
f 6086 5811 5809
f 6084 6086 5809
f 6085 6083 5810
f 5812 6085 5810
f 6088 5813 5811
f 6086 6088 5811
f 6087 6085 5812
f 5814 6087 5812
f 6088 5815 5813
f 5816 6091 5814
f 6091 6089 5814
f 6089 6087 5814
f 6090 6093 5815
f 6093 5818 5815
f 6088 6090 5815
f 5817 6091 5816
f 5819 6092 5817
f 6092 6091 5817
f 6093 6095 5818
f 6095 5820 5818
f 5821 6094 5819
f 6094 6092 5819
f 6095 6097 5820
f 6097 5822 5820
f 5823 6096 5821
f 6096 6094 5821
f 6097 6099 5822
f 6099 5824 5822
f 5825 6098 5823
f 6098 6096 5823
f 6099 6101 5824
f 6101 5826 5824
f 5827 6100 5825
f 6100 6098 5825
f 6101 6103 5826
f 6103 5828 5826
f 5829 6102 5827
f 6102 6100 5827
f 6103 5830 5828
f 5831 6106 5829
f 6106 6104 5829
f 6104 6102 5829
f 6107 5832 5830
f 6105 6107 5830
f 6103 6105 5830
f 5833 6106 5831
f 6109 5834 5832
f 6107 6109 5832
f 6108 6106 5833
f 5835 6108 5833
f 6111 5836 5834
f 6109 6111 5834
f 6110 6108 5835
f 5837 6110 5835
f 6113 5838 5836
f 6111 6113 5836
f 6112 6110 5837
f 5839 6112 5837
f 6115 5840 5838
f 6113 6115 5838
f 6114 6112 5839
f 5841 6114 5839
f 6117 5842 5840
f 6115 6117 5840
f 6116 6114 5841
f 5843 6116 5841
f 6119 5844 5842
f 6117 6119 5842
f 6118 6116 5843
f 5845 6118 5843
f 6121 5846 5844
f 6119 6121 5844
f 6120 6118 5845
f 5847 6120 5845
f 6123 5848 5846
f 6121 6123 5846
f 6122 6120 5847
f 5849 6122 5847
f 6125 5850 5848
f 6123 6125 5848
f 6124 6122 5849
f 5851 6124 5849
f 6125 5852 5850
f 5853 6128 5851
f 6128 6126 5851
f 6126 6124 5851
f 6127 6129 5852
f 6129 5854 5852
f 6125 6127 5852
f 5855 6128 5853
f 6129 6131 5854
f 6131 5856 5854
f 5857 6130 5855
f 6130 6128 5855
f 6131 6133 5856
f 6133 5858 5856
f 5859 6132 5857
f 6132 6130 5857
f 6133 6135 5858
f 6135 5860 5858
f 5861 6134 5859
f 6134 6132 5859
f 6135 6137 5860
f 6137 5862 5860
f 5863 6136 5861
f 6136 6134 5861
f 6137 6139 5862
f 6139 5864 5862
f 5865 6138 5863
f 6138 6136 5863
f 6139 6141 5864
f 6141 5866 5864
f 5867 6140 5865
f 6140 6138 5865
f 6141 5868 5866
f 5869 6144 5867
f 6144 6142 5867
f 6142 6140 5867
f 6145 5870 5868
f 6143 6145 5868
f 6141 6143 5868
f 5871 6144 5869
f 6147 5872 5870
f 6145 6147 5870
f 6146 6144 5871
f 5873 6146 5871
f 6149 5874 5872
f 6147 6149 5872
f 6148 6146 5873
f 5875 6148 5873
f 6151 5876 5874
f 6149 6151 5874
f 6150 6148 5875
f 5877 6150 5875
f 6153 5878 5876
f 6151 6153 5876
f 6152 6150 5877
f 5879 6152 5877
f 6155 5880 5878
f 6153 6155 5878
f 6154 6152 5879
f 5881 6154 5879
f 6157 5882 5880
f 6155 6157 5880
f 6156 6154 5881
f 5883 6156 5881
f 6159 5884 5882
f 6157 6159 5882
f 6158 6156 5883
f 5885 6158 5883
f 6161 5886 5884
f 6159 6161 5884
f 6160 6158 5885
f 5887 6160 5885
f 6163 5888 5886
f 6161 6163 5886
f 6162 6160 5887
f 5889 6162 5887
f 6163 5890 5888
f 5891 6166 5889
f 6166 6164 5889
f 6164 6162 5889
f 6165 6167 5890
f 6167 5892 5890
f 6163 6165 5890
f 5893 6166 5891
f 6167 6169 5892
f 6169 5894 5892
f 5895 6168 5893
f 6168 6166 5893
f 6169 6171 5894
f 6171 5896 5894
f 5897 6170 5895
f 6170 6168 5895
f 6171 6173 5896
f 6173 5898 5896
f 5899 6172 5897
f 6172 6170 5897
f 6173 6175 5898
f 6175 5900 5898
f 5901 6174 5899
f 6174 6172 5899
f 6175 6177 5900
f 6177 5902 5900
f 5903 6176 5901
f 6176 6174 5901
f 6177 6179 5902
f 6179 5904 5902
f 5905 6178 5903
f 6178 6176 5903
f 6179 5906 5904
f 5907 6182 5905
f 6182 6180 5905
f 6180 6178 5905
f 6183 5908 5906
f 6181 6183 5906
f 6179 6181 5906
f 5909 6182 5907
f 6185 5910 5908
f 6183 6185 5908
f 6184 6182 5909
f 5911 6184 5909
f 6187 5912 5910
f 6185 6187 5910
f 6186 6184 5911
f 5913 6186 5911
f 6189 5914 5912
f 6187 6189 5912
f 6188 6186 5913
f 5915 6188 5913
f 6191 5916 5914
f 6189 6191 5914
f 6190 6188 5915
f 5917 6190 5915
f 6193 5918 5916
f 6191 6193 5916
f 6192 6190 5917
f 5919 6192 5917
f 6195 5920 5918
f 6193 6195 5918
f 6194 6192 5919
f 5921 6194 5919
f 6197 5922 5920
f 6195 6197 5920
f 6196 6194 5921
f 5923 6196 5921
f 6199 5924 5922
f 6197 6199 5922
f 6198 6196 5923
f 5925 6198 5923
f 6201 5926 5924
f 6199 6201 5924
f 6200 6198 5925
f 5929 6200 5925
f 6201 5927 5926
f 6202 6206 5927
f 6206 5931 5927
f 6201 6202 5927
f 5930 6203 5928
f 6203 5929 5928
f 6203 6204 5929
f 6204 6200 5929
f 5932 6205 5930
f 6205 6203 5930
f 6206 6208 5931
f 6208 5933 5931
f 5934 6207 5932
f 6207 6205 5932
f 6208 6210 5933
f 6210 5935 5933
f 5936 6209 5934
f 6209 6207 5934
f 6210 6212 5935
f 6212 5937 5935
f 5938 6211 5936
f 6211 6209 5936
f 6212 6214 5937
f 6214 5939 5937
f 5940 6213 5938
f 6213 6211 5938
f 6214 6216 5939
f 6216 5941 5939
f 5942 6215 5940
f 6215 6213 5940
f 6216 5947 5941
f 5948 6221 5942
f 6221 6217 5942
f 6217 6215 5942
f 5945 6218 5943
f 6218 6219 5943
f 6219 5944 5943
f 6219 6223 5944
f 6223 5946 5944
f 5949 6222 5945
f 6222 6218 5945
f 6223 6225 5946
f 6225 5950 5946
f 6228 5953 5947
f 6220 6228 5947
f 6216 6220 5947
f 5954 6221 5948
f 5951 6224 5949
f 6224 6222 5949
f 6225 6227 5950
f 6227 5952 5950
f 5959 6234 5951
f 6234 6226 5951
f 6226 6224 5951
f 6227 5960 5952
f 6230 5955 5953
f 6228 6230 5953
f 6229 6221 5954
f 5956 6229 5954
f 6232 5957 5955
f 6230 6232 5955
f 6231 6229 5956
f 5958 6231 5956
f 6236 5961 5957
f 6232 6236 5957
f 6233 6231 5958
f 5962 6233 5958
f 5963 6234 5959
f 6227 6235 5960
f 6239 5964 5960
f 6235 6239 5960
f 6240 5965 5961
f 6236 6240 5961
f 6237 6233 5962
f 5966 6237 5962
f 6238 6234 5963
f 5967 6238 5963
f 6243 5968 5964
f 6239 6243 5964
f 6244 5969 5965
f 6240 6244 5965
f 6241 6237 5966
f 5970 6241 5966
f 6242 6238 5967
f 5971 6242 5967
f 6247 5972 5968
f 6243 6247 5968
f 6246 5971 5969
f 6244 6246 5969
f 6245 6241 5970
f 5972 6245 5970
f 6246 6242 5971
f 6247 6245 5972
f 6020 6021 5973
f 6021 5977 5973
f 5975 6022 5974
f 6022 6019 5974
f 6250 6022 5975
f 5976 6250 5975
f 6251 6250 5976
f 6015 6251 5976
f 6291 6016 5977
f 6252 6291 5977
f 6021 6252 5977
f 5979 6253 5978
f 6255 5980 5978
f 6253 6255 5978
f 5981 6254 5979
f 6254 6253 5979
f 6257 5982 5980
f 6255 6257 5980
f 5983 6256 5981
f 6256 6254 5981
f 6257 6259 5982
f 6259 5984 5982
f 5985 6258 5983
f 6258 6256 5983
f 6259 6261 5984
f 6261 5986 5984
f 5987 6260 5985
f 6260 6258 5985
f 6261 6263 5986
f 6263 5988 5986
f 5989 6262 5987
f 6262 6260 5987
f 6263 6265 5988
f 6265 5990 5988
f 5991 6264 5989
f 6264 6262 5989
f 6265 6267 5990
f 6267 5992 5990
f 5993 6266 5991
f 6266 6264 5991
f 6267 6295 5992
f 6295 6020 5992
f 5994 6268 5993
f 6268 6266 5993
f 5995 6269 5994
f 6269 6268 5994
f 5996 6270 5995
f 6270 6269 5995
f 5997 6271 5996
f 6271 6270 5996
f 5998 6272 5997
f 6272 6271 5997
f 5999 6273 5998
f 6273 6272 5998
f 6001 6274 5999
f 6274 6273 5999
f 6275 6277 6000
f 6277 6002 6000
f 6019 6275 6000
f 6003 6276 6001
f 6276 6274 6001
f 6279 6004 6002
f 6277 6279 6002
f 6005 6278 6003
f 6278 6276 6003
f 6281 6006 6004
f 6279 6281 6004
f 6007 6280 6005
f 6280 6278 6005
f 6281 6283 6006
f 6283 6008 6006
f 6009 6282 6007
f 6282 6280 6007
f 6283 6285 6008
f 6285 6010 6008
f 6011 6284 6009
f 6284 6282 6009
f 6285 6287 6010
f 6287 6012 6010
f 6013 6286 6011
f 6286 6284 6011
f 6287 6289 6012
f 6289 6014 6012
f 6014 6288 6013
f 6288 6286 6013
f 6289 6288 6014
f 6290 6251 6015
f 6017 6290 6015
f 6293 6018 6016
f 6291 6293 6016
f 6292 6290 6017
f 6018 6292 6017
f 6293 6292 6018
f 6294 6275 6019
f 6249 6294 6019
f 6022 6249 6019
f 6295 6248 6020
f 6248 6021 6020
f 6248 6252 6021
f 6250 6249 6022
f 6306 6025 6023
f 6304 6306 6023
f 6027 6304 6023
f 6309 6028 6024
f 6305 6309 6024
f 6026 6305 6024
f 6310 6029 6025
f 6306 6310 6025
f 6307 6305 6026
f 6030 6307 6026
f 6308 6304 6027
f 6031 6308 6027
f 6313 6032 6028
f 6309 6313 6028
f 6314 6033 6029
f 6310 6314 6029
f 6311 6307 6030
f 6034 6311 6030
f 6312 6308 6031
f 6035 6312 6031
f 6317 6036 6032
f 6313 6317 6032
f 6320 6037 6033
f 6314 6320 6033
f 6315 6311 6034
f 6038 6315 6034
f 6316 6312 6035
f 6043 6326 6035
f 6326 6316 6035
f 6317 6044 6036
f 6322 6039 6037
f 6320 6322 6037
f 6321 6315 6038
f 6040 6321 6038
f 6324 6041 6039
f 6322 6324 6039
f 6323 6321 6040
f 6042 6323 6040
f 6334 6049 6041
f 6324 6334 6041
f 6325 6323 6042
f 6050 6325 6042
f 6045 6326 6043
f 6327 6329 6044
f 6329 6046 6044
f 6317 6327 6044
f 6047 6328 6045
f 6328 6326 6045
f 6329 6331 6046
f 6331 6048 6046
f 6051 6330 6047
f 6330 6328 6047
f 6331 6333 6048
f 6333 6052 6048
f 6334 6053 6049
f 6054 6339 6050
f 6339 6335 6050
f 6335 6325 6050
f 6052 6332 6051
f 6332 6330 6051
f 6333 6332 6052
f 6338 6340 6053
f 6340 6055 6053
f 6334 6338 6053
f 6056 6339 6054
f 6340 6342 6055
f 6342 6057 6055
f 6058 6341 6056
f 6341 6339 6056
f 6342 6344 6057
f 6344 6059 6057
f 6060 6343 6058
f 6343 6341 6058
f 6344 6346 6059
f 6346 6061 6059
f 6062 6345 6060
f 6345 6343 6060
f 6346 6348 6061
f 6348 6063 6061
f 6064 6347 6062
f 6347 6345 6062
f 6348 6350 6063
f 6350 6065 6063
f 6068 6349 6064
f 6349 6347 6064
f 6350 6352 6065
f 6352 6067 6065
f 6355 6070 6066
f 6351 6355 6066
f 6067 6352 6066
f 6352 6351 6066
f 6069 6354 6068
f 6354 6353 6068
f 6353 6349 6068
f 6071 6354 6069
f 6357 6072 6070
f 6355 6357 6070
f 6356 6354 6071
f 6073 6356 6071
f 6361 6074 6072
f 6357 6361 6072
f 6358 6356 6073
f 6075 6358 6073
f 6363 6076 6074
f 6361 6363 6074
f 6362 6358 6075
f 6077 6362 6075
f 6365 6078 6076
f 6363 6365 6076
f 6364 6362 6077
f 6079 6364 6077
f 6367 6080 6078
f 6365 6367 6078
f 6366 6364 6079
f 6081 6366 6079
f 6369 6082 6080
f 6367 6369 6080
f 6368 6366 6081
f 6083 6368 6081
f 6371 6084 6082
f 6369 6371 6082
f 6370 6368 6083
f 6085 6370 6083
f 6373 6086 6084
f 6371 6373 6084
f 6372 6370 6085
f 6087 6372 6085
f 6377 6088 6086
f 6373 6377 6086
f 6374 6372 6087
f 6089 6374 6087
f 6377 6090 6088
f 6091 6380 6089
f 6380 6378 6089
f 6378 6374 6089
f 6379 6382 6090
f 6382 6093 6090
f 6377 6379 6090
f 6092 6380 6091
f 6094 6381 6092
f 6381 6380 6092
f 6382 6386 6093
f 6386 6095 6093
f 6096 6385 6094
f 6385 6381 6094
f 6386 6388 6095
f 6388 6097 6095
f 6098 6387 6096
f 6387 6385 6096
f 6388 6390 6097
f 6390 6099 6097
f 6100 6389 6098
f 6389 6387 6098
f 6390 6392 6099
f 6392 6101 6099
f 6102 6391 6100
f 6391 6389 6100
f 6392 6394 6101
f 6394 6103 6101
f 6104 6393 6102
f 6393 6391 6102
f 6394 6105 6103
f 6106 6398 6104
f 6398 6395 6104
f 6395 6393 6104
f 6399 6107 6105
f 6397 6399 6105
f 6394 6397 6105
f 6108 6398 6106
f 6401 6109 6107
f 6399 6401 6107
f 6400 6398 6108
f 6110 6400 6108
f 6405 6111 6109
f 6401 6405 6109
f 6402 6400 6110
f 6112 6402 6110
f 6407 6113 6111
f 6405 6407 6111
f 6406 6402 6112
f 6114 6406 6112
f 6409 6115 6113
f 6407 6409 6113
f 6408 6406 6114
f 6116 6408 6114
f 6411 6117 6115
f 6409 6411 6115
f 6410 6408 6116
f 6118 6410 6116
f 6414 6119 6117
f 6411 6414 6117
f 6412 6410 6118
f 6120 6412 6118
f 6416 6121 6119
f 6414 6416 6119
f 6415 6412 6120
f 6122 6415 6120
f 6419 6123 6121
f 6416 6419 6121
f 6417 6415 6122
f 6124 6417 6122
f 6421 6125 6123
f 6419 6421 6123
f 6420 6417 6124
f 6126 6420 6124
f 6421 6127 6125
f 6128 6425 6126
f 6425 6422 6126
f 6422 6420 6126
f 6424 6426 6127
f 6426 6129 6127
f 6421 6424 6127
f 6130 6425 6128
f 6426 6429 6129
f 6429 6131 6129
f 6132 6427 6130
f 6427 6425 6130
f 6429 6431 6131
f 6431 6133 6131
f 6134 6430 6132
f 6430 6427 6132
f 6431 6435 6133
f 6435 6135 6133
f 6136 6432 6134
f 6432 6430 6134
f 6435 6437 6135
f 6437 6137 6135
f 6138 6436 6136
f 6436 6432 6136
f 6437 6439 6137
f 6439 6139 6137
f 6140 6438 6138
f 6438 6436 6138
f 6439 6441 6139
f 6441 6141 6139
f 6142 6440 6140
f 6440 6438 6140
f 6441 6143 6141
f 6144 6445 6142
f 6445 6442 6142
f 6442 6440 6142
f 6446 6145 6143
f 6444 6446 6143
f 6441 6444 6143
f 6146 6445 6144
f 6450 6147 6145
f 6446 6450 6145
f 6447 6445 6146
f 6148 6447 6146
f 6452 6149 6147
f 6450 6452 6147
f 6451 6447 6148
f 6150 6451 6148
f 6454 6151 6149
f 6452 6454 6149
f 6453 6451 6150
f 6152 6453 6150
f 6457 6153 6151
f 6454 6457 6151
f 6455 6453 6152
f 6154 6455 6152
f 6460 6155 6153
f 6457 6460 6153
f 6458 6455 6154
f 6156 6458 6154
f 6462 6157 6155
f 6460 6462 6155
f 6461 6458 6156
f 6158 6461 6156
f 6466 6159 6157
f 6462 6466 6157
f 6463 6461 6158
f 6160 6463 6158
f 6468 6161 6159
f 6466 6468 6159
f 6467 6463 6160
f 6162 6467 6160
f 6470 6163 6161
f 6468 6470 6161
f 6469 6467 6162
f 6164 6469 6162
f 6470 6165 6163
f 6166 6473 6164
f 6473 6471 6164
f 6471 6469 6164
f 6472 6474 6165
f 6474 6167 6165
f 6470 6472 6165
f 6168 6473 6166
f 6474 6476 6167
f 6476 6169 6167
f 6170 6475 6168
f 6475 6473 6168
f 6476 6479 6169
f 6479 6171 6169
f 6172 6477 6170
f 6477 6475 6170
f 6479 6481 6171
f 6481 6173 6171
f 6174 6480 6172
f 6480 6477 6172
f 6481 6483 6173
f 6483 6175 6173
f 6176 6482 6174
f 6482 6480 6174
f 6483 6487 6175
f 6487 6177 6175
f 6178 6484 6176
f 6484 6482 6176
f 6487 6489 6177
f 6489 6179 6177
f 6180 6488 6178
f 6488 6484 6178
f 6489 6181 6179
f 6182 6492 6180
f 6492 6490 6180
f 6490 6488 6180
f 6495 6183 6181
f 6491 6495 6181
f 6489 6491 6181
f 6184 6492 6182
f 6497 6185 6183
f 6495 6497 6183
f 6496 6492 6184
f 6186 6496 6184
f 6499 6187 6185
f 6497 6499 6185
f 6498 6496 6186
f 6188 6498 6186
f 6501 6189 6187
f 6499 6501 6187
f 6500 6498 6188
f 6190 6500 6188
f 6503 6191 6189
f 6501 6503 6189
f 6502 6500 6190
f 6192 6502 6190
f 6505 6193 6191
f 6503 6505 6191
f 6504 6502 6192
f 6194 6504 6192
f 6507 6195 6193
f 6505 6507 6193
f 6506 6504 6194
f 6196 6506 6194
f 6511 6197 6195
f 6507 6511 6195
f 6508 6506 6196
f 6198 6508 6196
f 6513 6199 6197
f 6511 6513 6197
f 6512 6508 6198
f 6200 6512 6198
f 6515 6201 6199
f 6513 6515 6199
f 6514 6512 6200
f 6204 6514 6200
f 6515 6202 6201
f 6516 6520 6202
f 6520 6206 6202
f 6515 6516 6202
f 6205 6517 6203
f 6517 6204 6203
f 6517 6518 6204
f 6518 6514 6204
f 6207 6519 6205
f 6519 6517 6205
f 6520 6522 6206
f 6522 6208 6206
f 6209 6521 6207
f 6521 6519 6207
f 6522 6524 6208
f 6524 6210 6208
f 6211 6523 6209
f 6523 6521 6209
f 6524 6526 6210
f 6526 6212 6210
f 6213 6525 6211
f 6525 6523 6211
f 6526 6528 6212
f 6528 6214 6212
f 6215 6527 6213
f 6527 6525 6213
f 6528 6530 6214
f 6530 6216 6214
f 6217 6529 6215
f 6529 6527 6215
f 6530 6220 6216
f 6221 6535 6217
f 6535 6531 6217
f 6531 6529 6217
f 6222 6536 6218
f 6536 6537 6218
f 6537 6219 6218
f 6537 6539 6219
f 6539 6223 6219
f 6544 6228 6220
f 6534 6544 6220
f 6530 6534 6220
f 6229 6535 6221
f 6224 6538 6222
f 6538 6536 6222
f 6539 6541 6223
f 6541 6225 6223
f 6226 6540 6224
f 6540 6538 6224
f 6541 6543 6225
f 6543 6227 6225
f 6234 6552 6226
f 6552 6542 6226
f 6542 6540 6226
f 6543 6235 6227
f 6546 6230 6228
f 6544 6546 6228
f 6545 6535 6229
f 6231 6545 6229
f 6548 6232 6230
f 6546 6548 6230
f 6547 6545 6231
f 6233 6547 6231
f 6554 6236 6232
f 6548 6554 6232
f 6549 6547 6233
f 6237 6549 6233
f 6238 6552 6234
f 6543 6553 6235
f 6557 6239 6235
f 6553 6557 6235
f 6558 6240 6236
f 6554 6558 6236
f 6555 6549 6237
f 6241 6555 6237
f 6556 6552 6238
f 6242 6556 6238
f 6561 6243 6239
f 6557 6561 6239
f 6562 6244 6240
f 6558 6562 6240
f 6559 6555 6241
f 6245 6559 6241
f 6560 6556 6242
f 6246 6560 6242
f 6565 6247 6243
f 6561 6565 6243
f 6564 6246 6244
f 6562 6564 6244
f 6563 6559 6245
f 6247 6563 6245
f 6564 6560 6246
f 6565 6563 6247
f 6295 6296 6248
f 6296 6252 6248
f 6250 6297 6249
f 6297 6294 6249
f 6459 6297 6250
f 6251 6459 6250
f 6456 6459 6251
f 6290 6456 6251
f 6423 6291 6252
f 6413 6423 6252
f 6296 6413 6252
f 6254 6298 6253
f 6300 6255 6253
f 6298 6300 6253
f 6256 6299 6254
f 6299 6298 6254
f 6302 6257 6255
f 6300 6302 6255
f 6258 6301 6256
f 6301 6299 6256
f 6302 6318 6257
f 6318 6259 6257
f 6260 6303 6258
f 6303 6301 6258
f 6318 6336 6259
f 6336 6261 6259
f 6262 6319 6260
f 6319 6303 6260
f 6336 6359 6261
f 6359 6263 6261
f 6264 6337 6262
f 6337 6319 6262
f 6359 6375 6263
f 6375 6265 6263
f 6266 6360 6264
f 6360 6337 6264
f 6375 6383 6265
f 6383 6267 6265
f 6268 6376 6266
f 6376 6360 6266
f 6383 6396 6267
f 6396 6295 6267
f 6269 6384 6268
f 6384 6376 6268
f 6270 6403 6269
f 6403 6384 6269
f 6271 6418 6270
f 6418 6403 6270
f 6272 6434 6271
f 6434 6418 6271
f 6273 6449 6272
f 6449 6434 6272
f 6274 6465 6273
f 6465 6449 6273
f 6276 6485 6274
f 6485 6465 6274
f 6486 6494 6275
f 6494 6277 6275
f 6294 6486 6275
f 6278 6493 6276
f 6493 6485 6276
f 6510 6279 6277
f 6494 6510 6277
f 6280 6509 6278
f 6509 6493 6278
f 6533 6281 6279
f 6510 6533 6279
f 6282 6532 6280
f 6532 6509 6280
f 6533 6551 6281
f 6551 6283 6281
f 6284 6550 6282
f 6550 6532 6282
f 6551 6567 6283
f 6567 6285 6283
f 6286 6566 6284
f 6566 6550 6284
f 6567 6569 6285
f 6569 6287 6285
f 6288 6568 6286
f 6568 6566 6286
f 6569 6571 6287
f 6571 6289 6287
f 6289 6570 6288
f 6570 6568 6288
f 6571 6570 6289
f 6448 6456 6290
f 6292 6448 6290
f 6428 6293 6291
f 6423 6428 6291
f 6443 6448 6292
f 6293 6443 6292
f 6428 6443 6293
f 6478 6486 6294
f 6297 6478 6294
f 6396 6404 6295
f 6404 6296 6295
f 6404 6413 6296
f 6459 6464 6297
f 6464 6478 6297
f 6309 6300 6298
f 6313 6309 6298
f 6299 6327 6298
f 6327 6317 6298
f 6317 6313 6298
f 6301 6304 6299
f 6304 6308 6299
f 6308 6312 6299
f 6312 6316 6299
f 6316 6326 6299
f 6326 6328 6299
f 6328 6330 6299
f 6330 6332 6299
f 6332 6333 6299
f 6333 6331 6299
f 6331 6329 6299
f 6329 6327 6299
f 6305 6307 6300
f 6307 6311 6300
f 6311 6302 6300
f 6309 6305 6300
f 6314 6310 6301
f 6303 6314 6301
f 6310 6306 6301
f 6306 6304 6301
f 6311 6315 6302
f 6315 6321 6302
f 6321 6323 6302
f 6323 6325 6302
f 6325 6318 6302
f 6324 6322 6303
f 6322 6320 6303
f 6320 6314 6303
f 6334 6324 6303
f 6319 6334 6303
f 6354 6336 6318
f 6325 6335 6318
f 6335 6339 6318
f 6345 6347 6318
f 6339 6341 6318
f 6341 6343 6318
f 6343 6345 6318
f 6347 6349 6318
f 6349 6353 6318
f 6353 6354 6318
f 6337 6355 6319
f 6338 6334 6319
f 6355 6351 6319
f 6351 6352 6319
f 6352 6350 6319
f 6350 6348 6319
f 6348 6346 6319
f 6346 6344 6319
f 6344 6342 6319
f 6342 6340 6319
f 6340 6338 6319
f 6358 6362 6336
f 6362 6364 6336
f 6364 6359 6336
f 6354 6356 6336
f 6356 6358 6336
f 6360 6365 6337
f 6365 6363 6337
f 6363 6361 6337
f 6361 6357 6337
f 6357 6355 6337
f 6370 6375 6359
f 6368 6370 6359
f 6364 6366 6359
f 6366 6368 6359
f 6367 6365 6360
f 6376 6371 6360
f 6371 6369 6360
f 6369 6367 6360
f 6372 6375 6370
f 6376 6373 6371
f 6374 6375 6372
f 6376 6377 6373
f 6378 6375 6374
f 6378 6383 6375
f 6379 6377 6376
f 6384 6397 6376
f 6397 6394 6376
f 6394 6392 6376
f 6392 6390 6376
f 6390 6388 6376
f 6388 6386 6376
f 6386 6382 6376
f 6382 6379 6376
f 6380 6383 6378
f 6381 6383 6380
f 6385 6383 6381
f 6398 6400 6383
f 6400 6396 6383
f 6385 6387 6383
f 6387 6389 6383
f 6389 6391 6383
f 6391 6393 6383
f 6393 6395 6383
f 6395 6398 6383
f 6403 6405 6384
f 6405 6401 6384
f 6401 6399 6384
f 6399 6397 6384
f 6400 6402 6396
f 6402 6406 6396
f 6406 6404 6396
f 6418 6411 6403
f 6411 6409 6403
f 6409 6407 6403
f 6407 6405 6403
f 6406 6408 6404
f 6408 6410 6404
f 6410 6413 6404
f 6412 6413 6410
f 6418 6414 6411
f 6415 6413 6412
f 6415 6423 6413
f 6418 6416 6414
f 6417 6423 6415
f 6418 6419 6416
f 6420 6423 6417
f 6421 6419 6418
f 6434 6421 6418
f 6428 6423 6420
f 6422 6428 6420
f 6434 6424 6421
f 6443 6428 6422
f 6425 6443 6422
f 6434 6426 6424
f 6427 6443 6425
f 6434 6429 6426
f 6430 6443 6427
f 6434 6431 6429
f 6432 6443 6430
f 6434 6435 6431
f 6436 6443 6432
f 6449 6446 6434
f 6446 6444 6434
f 6444 6441 6434
f 6441 6439 6434
f 6439 6437 6434
f 6437 6435 6434
f 6438 6443 6436
f 6440 6443 6438
f 6442 6443 6440
f 6445 6443 6442
f 6445 6447 6443
f 6447 6448 6443
f 6449 6450 6446
f 6451 6448 6447
f 6451 6453 6448
f 6453 6456 6448
f 6465 6457 6449
f 6457 6454 6449
f 6454 6452 6449
f 6452 6450 6449
f 6455 6456 6453
f 6459 6456 6455
f 6458 6459 6455
f 6465 6460 6457
f 6464 6459 6458
f 6461 6464 6458
f 6465 6462 6460
f 6463 6464 6461
f 6465 6466 6462
f 6478 6464 6463
f 6467 6478 6463
f 6485 6466 6465
f 6485 6468 6466
f 6469 6478 6467
f 6485 6470 6468
f 6486 6478 6469
f 6471 6486 6469
f 6485 6472 6470
f 6494 6486 6471
f 6473 6494 6471
f 6485 6474 6472
f 6475 6494 6473
f 6485 6476 6474
f 6477 6494 6475
f 6485 6479 6476
f 6480 6494 6477
f 6485 6481 6479
f 6482 6494 6480
f 6485 6483 6481
f 6484 6494 6482
f 6485 6487 6483
f 6488 6494 6484
f 6493 6491 6485
f 6491 6489 6485
f 6489 6487 6485
f 6490 6494 6488
f 6492 6494 6490
f 6493 6495 6491
f 6496 6494 6492
f 6499 6497 6493
f 6509 6499 6493
f 6497 6495 6493
f 6496 6498 6494
f 6498 6510 6494
f 6500 6510 6498
f 6509 6501 6499
f 6502 6510 6500
f 6509 6503 6501
f 6504 6510 6502
f 6509 6505 6503
f 6506 6533 6504
f 6533 6510 6504
f 6532 6507 6505
f 6509 6532 6505
f 6508 6533 6506
f 6532 6511 6507
f 6512 6533 6508
f 6532 6513 6511
f 6514 6533 6512
f 6532 6515 6513
f 6551 6533 6514
f 6518 6551 6514
f 6532 6550 6515
f 6550 6516 6515
f 6550 6520 6516
f 6551 6518 6517
f 6519 6551 6517
f 6521 6551 6519
f 6550 6522 6520
f 6523 6551 6521
f 6550 6524 6522
f 6525 6551 6523
f 6550 6526 6524
f 6527 6551 6525
f 6550 6528 6526
f 6529 6551 6527
f 6550 6530 6528
f 6531 6551 6529
f 6550 6534 6530
f 6535 6551 6531
f 6550 6544 6534
f 6545 6567 6535
f 6567 6551 6535
f 6570 6537 6536
f 6538 6570 6536
f 6570 6539 6537
f 6540 6570 6538
f 6570 6541 6539
f 6542 6570 6540
f 6570 6543 6541
f 6552 6570 6542
f 6570 6553 6543
f 6566 6546 6544
f 6550 6566 6544
f 6547 6567 6545
f 6566 6548 6546
f 6549 6567 6547
f 6566 6554 6548
f 6555 6567 6549
f 6556 6570 6552
f 6571 6557 6553
f 6570 6571 6553
f 6566 6558 6554
f 6569 6567 6555
f 6559 6569 6555
f 6560 6570 6556
f 6571 6561 6557
f 6568 6562 6558
f 6566 6568 6558
f 6563 6569 6559
f 6568 6570 6560
f 6564 6568 6560
f 6571 6565 6561
f 6568 6564 6562
f 6565 6569 6563
f 6571 6569 6565
f 6974 6577 6572
f 6577 6573 6572
f 6577 6578 6573
f 6578 6574 6573
f 6578 6580 6574
f 6580 6575 6574
f 6580 6583 6575
f 6583 6576 6575
f 6583 6586 6576
f 6586 6579 6576
f 6974 6590 6577
f 6590 6578 6577
f 6590 6592 6578
f 6592 6580 6578
f 6586 6593 6579
f 6593 6584 6579
f 6592 6596 6580
f 6596 6583 6580
f 6588 6949 6581
f 6591 6588 6581
f 6582 6591 6581
f 6595 6591 6582
f 6585 6595 6582
f 6596 6600 6583
f 6600 6586 6583
f 6593 6601 6584
f 6601 6589 6584
f 6598 6595 6585
f 6587 6598 6585
f 6600 6605 6586
f 6605 6593 6586
f 6603 6598 6587
f 6594 6603 6587
f 6602 6949 6588
f 6604 6602 6588
f 6591 6604 6588
f 6601 6615 6589
f 6615 6597 6589
f 6974 6639 6590
f 6639 6592 6590
f 6625 6604 6591
f 6595 6625 6591
f 6639 6653 6592
f 6653 6596 6592
f 6605 6652 6593
f 6652 6601 6593
f 6646 6603 6594
f 6599 6646 6594
f 6658 6625 6595
f 6598 6658 6595
f 6653 6675 6596
f 6675 6600 6596
f 7058 6957 6597
f 6679 7058 6597
f 6615 6679 6597
f 6694 6658 6598
f 6603 6694 6598
f 6692 6646 6599
f 6606 6692 6599
f 6675 6702 6600
f 6702 6605 6600
f 6652 6698 6601
f 6698 6615 6601
f 6696 6949 6602
f 6707 6696 6602
f 6604 6707 6602
f 6733 6694 6603
f 6646 6733 6603
f 6727 6707 6604
f 6625 6727 6604
f 6702 6735 6605
f 6735 6652 6605
f 6736 6692 6606
f 6672 6736 6606
f 6608 6611 6607
f 6611 6616 6607
f 6616 6613 6607
f 6610 6608 6607
f 6609 6610 6607
f 6613 6609 6607
f 6621 6612 6608
f 6612 6611 6608
f 6623 6621 6608
f 6610 6623 6608
f 6613 6614 6609
f 6618 6610 6609
f 6617 6618 6609
f 6614 6617 6609
f 6627 6623 6610
f 6618 6627 6610
f 6626 6616 6611
f 6619 6626 6611
f 6612 6619 6611
f 6621 6624 6612
f 6620 6619 6612
f 6624 6620 6612
f 6616 6631 6613
f 6631 6628 6613
f 6628 6630 6613
f 6630 6614 6613
f 6630 6632 6614
f 6622 6617 6614
f 6632 6622 6614
f 6698 6741 6615
f 6741 6679 6615
f 6626 6642 6616
f 6642 6635 6616
f 6635 6631 6616
f 6622 7288 6617
f 7288 6618 6617
f 7288 6627 6618
f 6620 6633 6619
f 6633 6637 6619
f 6637 6626 6619
f 6629 6634 6620
f 6634 6633 6620
f 6624 6629 6620
f 6640 6624 6621
f 6644 6640 6621
f 6623 6644 6621
f 6636 7299 6622
f 7299 7288 6622
f 6632 6636 6622
f 6648 6644 6623
f 6627 6648 6623
f 6640 6645 6624
f 6645 6629 6624
f 6750 6727 6625
f 6658 6750 6625
f 6637 6647 6626
f 6647 6642 6626
f 7288 7322 6627
f 7322 6648 6627
f 6631 6662 6628
f 6662 6660 6628
f 6660 6630 6628
f 6650 6638 6629
f 6638 6634 6629
f 6645 6650 6629
f 6660 6632 6630
f 6635 6662 6631
f 6660 6664 6632
f 6664 6636 6632
f 6634 6643 6633
f 6643 6651 6633
f 6651 6637 6633
f 6638 6641 6634
f 6641 6643 6634
f 6642 6666 6635
f 6666 6662 6635
f 6664 7347 6636
f 7347 7316 6636
f 7316 7299 6636
f 6651 6661 6637
f 6661 6654 6637
f 6654 6647 6637
f 6657 6649 6638
f 6649 6641 6638
f 6650 6657 6638
f 6818 6814 6639
f 6974 6838 6639
f 6838 6820 6639
f 6820 6818 6639
f 6814 6809 6639
f 6809 6810 6639
f 6810 6762 6639
f 6762 6653 6639
f 6667 6645 6640
f 6669 6667 6640
f 6644 6669 6640
f 6656 6643 6641
f 6655 6656 6641
f 6649 6655 6641
f 6647 6677 6642
f 6677 6666 6642
f 6663 6651 6643
f 6656 6663 6643
f 6674 6669 6644
f 6648 6674 6644
f 6667 6673 6645
f 6673 6650 6645
f 6767 6733 6646
f 6692 6767 6646
f 6654 6677 6647
f 7322 6674 6648
f 6657 6665 6649
f 6659 6655 6649
f 6665 6659 6649
f 6678 6657 6650
f 6673 6678 6650
f 6663 6681 6651
f 6681 6668 6651
f 6668 6661 6651
f 6735 6763 6652
f 6763 6698 6652
f 6762 6774 6653
f 6774 6675 6653
f 6661 6687 6654
f 6687 6677 6654
f 6659 6670 6655
f 6670 6671 6655
f 6671 6656 6655
f 6671 6682 6656
f 6682 6663 6656
f 6684 6665 6657
f 6678 6684 6657
f 6773 6750 6658
f 6694 6773 6658
f 6680 6676 6659
f 6676 6670 6659
f 6665 6680 6659
f 6662 6711 6660
f 6711 6710 6660
f 6710 6664 6660
f 6668 6687 6661
f 6666 6717 6662
f 6717 6711 6662
f 6682 6705 6663
f 6705 6683 6663
f 6683 6681 6663
f 7390 7347 6664
f 6715 7390 6664
f 6710 6715 6664
f 6684 6699 6665
f 6699 6680 6665
f 6677 6724 6666
f 6724 6717 6666
f 6690 6689 6667
f 6689 6673 6667
f 6669 6690 6667
f 6681 6709 6668
f 6709 6687 6668
f 6691 6690 6669
f 6697 6691 6669
f 6674 6697 6669
f 6676 6685 6670
f 6685 6686 6670
f 6686 6671 6670
f 6686 6700 6671
f 6700 6682 6671
f 6779 6736 6672
f 6723 6779 6672
f 6689 6695 6673
f 6695 6678 6673
f 7374 6697 6674
f 7322 7374 6674
f 6774 6787 6675
f 6787 6702 6675
f 6693 6688 6676
f 6688 6685 6676
f 6680 6693 6676
f 6687 6734 6677
f 6734 6724 6677
f 6701 6706 6678
f 6706 6684 6678
f 6695 6701 6678
f 7147 7058 6679
f 6782 7147 6679
f 6741 6782 6679
f 6714 6693 6680
f 6699 6714 6680
f 6683 6709 6681
f 6700 6725 6682
f 6725 6705 6682
f 6705 6730 6683
f 6730 6709 6683
f 6706 6716 6684
f 6716 6720 6684
f 6720 6699 6684
f 6688 6703 6685
f 6703 6704 6685
f 6704 6686 6685
f 6704 6713 6686
f 6713 6700 6686
f 6709 6751 6687
f 6751 6734 6687
f 6712 6708 6688
f 6708 6703 6688
f 6693 6712 6688
f 6746 6695 6689
f 6740 6746 6689
f 6690 6740 6689
f 6738 6740 6690
f 6691 6738 6690
f 6744 6738 6691
f 6697 6744 6691
f 6811 6767 6692
f 6736 6811 6692
f 6731 6712 6693
f 6714 6731 6693
f 6807 6773 6694
f 6733 6807 6694
f 6746 6701 6695
f 6783 6882 6696
f 6882 6884 6696
f 6884 6892 6696
f 6892 6949 6696
f 6788 6783 6696
f 6707 6788 6696
f 7374 6744 6697
f 6763 6801 6698
f 6801 6741 6698
f 6720 6728 6699
f 6728 6714 6699
f 6713 6718 6700
f 6718 6719 6700
f 6719 6732 6700
f 6732 6726 6700
f 6726 6725 6700
f 6752 6706 6701
f 6746 6752 6701
f 6787 6848 6702
f 6848 6735 6702
f 6722 6704 6703
f 6708 6722 6703
f 6722 6742 6704
f 6742 6713 6704
f 6725 6730 6705
f 6752 6716 6706
f 6808 6788 6707
f 6727 6808 6707
f 6721 6722 6708
f 6729 6721 6708
f 6712 6729 6708
f 6730 6760 6709
f 6760 6751 6709
f 6711 6758 6710
f 6758 6757 6710
f 6757 6715 6710
f 6717 6764 6711
f 6764 6758 6711
f 6743 6748 6712
f 6748 6729 6712
f 6731 6743 6712
f 6742 6718 6713
f 6737 6731 6714
f 6728 6737 6714
f 7441 7390 6715
f 6761 7441 6715
f 6757 6761 6715
f 6759 6720 6716
f 6752 6759 6716
f 6724 6772 6717
f 6772 6764 6717
f 6747 6719 6718
f 6742 6747 6718
f 6747 6732 6719
f 6759 6728 6720
f 6729 6739 6721
f 6739 6769 6721
f 6769 6753 6721
f 6753 6722 6721
f 6753 6754 6722
f 6754 6742 6722
f 7090 6779 6723
f 6734 6785 6724
f 6785 6772 6724
f 6726 6749 6725
f 6749 6730 6725
f 6745 6765 6726
f 6765 6749 6726
f 6732 6745 6726
f 6870 6808 6727
f 6750 6870 6727
f 6775 6737 6728
f 6759 6775 6728
f 6748 6777 6729
f 6777 6739 6729
f 6749 6784 6730
f 6784 6760 6730
f 6755 6768 6731
f 6737 6755 6731
f 6768 6743 6731
f 6747 6745 6732
f 6910 6807 6733
f 6767 6910 6733
f 6751 6797 6734
f 6797 6785 6734
f 6848 6904 6735
f 6904 6763 6735
f 6779 6811 6736
f 6789 6755 6737
f 6775 6789 6737
f 6790 6740 6738
f 6793 6790 6738
f 6744 6793 6738
f 6777 6826 6739
f 6826 6769 6739
f 6791 6746 6740
f 6790 6791 6740
f 6801 6908 6741
f 6908 6782 6741
f 6778 6747 6742
f 6770 6778 6742
f 6754 6770 6742
f 6771 6776 6743
f 6768 6771 6743
f 6776 6756 6743
f 6756 6748 6743
f 7452 6793 6744
f 7374 7452 6744
f 6766 6765 6745
f 6804 6766 6745
f 6747 6804 6745
f 6798 6752 6746
f 6791 6798 6746
f 6778 6804 6747
f 6805 6777 6748
f 6756 6805 6748
f 6765 6806 6749
f 6806 6784 6749
f 6935 6870 6750
f 6773 6935 6750
f 6760 6853 6751
f 6853 6797 6751
f 6812 6759 6752
f 6798 6812 6752
f 6769 6795 6753
f 6795 6780 6753
f 6780 6754 6753
f 6781 6770 6754
f 6780 6781 6754
f 6849 6768 6755
f 6789 6849 6755
f 6776 6805 6756
f 6758 6794 6757
f 6794 6792 6757
f 6792 6761 6757
f 6764 6803 6758
f 6803 6794 6758
f 6859 6775 6759
f 6812 6859 6759
f 6784 6895 6760
f 6895 6853 6760
f 7488 7441 6761
f 6799 7488 6761
f 6792 6799 6761
f 6810 6813 6762
f 6813 6815 6762
f 6815 6816 6762
f 6816 6817 6762
f 6817 6819 6762
f 6819 6774 6762
f 6904 6955 6763
f 6955 6801 6763
f 6772 6842 6764
f 6842 6803 6764
f 6987 6806 6765
f 6766 6915 6765
f 6915 6987 6765
f 6963 6915 6766
f 6804 6963 6766
f 6966 6910 6767
f 6811 6966 6767
f 6849 6771 6768
f 6826 6896 6769
f 6896 6795 6769
f 6829 6778 6770
f 6796 6829 6770
f 6781 6796 6770
f 6786 6776 6771
f 6889 6786 6771
f 6849 6889 6771
f 6785 6866 6772
f 6866 6842 6772
f 6975 6935 6773
f 6807 6975 6773
f 6819 6855 6774
f 6855 6857 6774
f 6857 6787 6774
f 6885 6789 6775
f 6859 6885 6775
f 6786 6805 6776
f 6805 6899 6777
f 6899 6951 6777
f 6951 6826 6777
f 6897 6804 6778
f 6829 6897 6778
f 7090 7161 6779
f 7161 6913 6779
f 6913 6811 6779
f 6795 6863 6780
f 6800 6781 6780
f 6863 6800 6780
f 6802 6796 6781
f 6800 6802 6781
f 7371 7147 6782
f 6967 7371 6782
f 6908 6967 6782
f 6880 6877 6783
f 6877 6876 6783
f 6876 6875 6783
f 6875 6878 6783
f 6878 6882 6783
f 6788 6894 6783
f 6894 6883 6783
f 6883 6880 6783
f 6806 6939 6784
f 6939 6895 6784
f 6797 6901 6785
f 6901 6866 6785
f 6889 6919 6786
f 6965 6805 6786
f 6919 6965 6786
f 6887 6848 6787
f 6857 6881 6787
f 6881 6887 6787
f 6907 6905 6788
f 6905 6894 6788
f 6808 6936 6788
f 6936 6920 6788
f 6920 6907 6788
f 6927 6849 6789
f 6885 6927 6789
f 6945 6791 6790
f 6948 6945 6790
f 6793 6948 6790
f 6946 6798 6791
f 6945 6946 6791
f 6794 6916 6792
f 6916 6914 6792
f 6914 6799 6792
f 7526 6948 6793
f 7452 7526 6793
f 6803 6926 6794
f 6926 6916 6794
f 6896 6942 6795
f 6942 6863 6795
f 6898 6829 6796
f 6864 6898 6796
f 6802 6864 6796
f 6853 6933 6797
f 6933 6901 6797
f 6952 6812 6798
f 6946 6952 6798
f 6918 7488 6799
f 6914 6918 6799
f 6863 6902 6800
f 6858 6802 6800
f 6902 6858 6800
f 6955 6995 6801
f 6995 6908 6801
f 6860 6864 6802
f 6858 6860 6802
f 6842 6944 6803
f 6944 6926 6803
f 6897 6963 6804
f 6965 7001 6805
f 7001 6899 6805
f 7377 7399 6806
f 7399 7406 6806
f 7406 7447 6806
f 7447 6939 6806
f 6987 7098 6806
f 7098 7377 6806
f 7013 6975 6807
f 6910 7013 6807
f 6961 6947 6808
f 6870 6961 6808
f 6947 6941 6808
f 6941 6936 6808
f 6821 6810 6809
f 6823 6821 6809
f 6814 6823 6809
f 6822 6813 6810
f 6821 6822 6810
f 7014 6966 6811
f 6923 7014 6811
f 6913 6923 6811
f 6958 6859 6812
f 6952 6958 6812
f 6824 6815 6813
f 6822 6824 6813
f 6827 6823 6814
f 6818 6827 6814
f 6825 6816 6815
f 6824 6825 6815
f 6828 6817 6816
f 6825 6828 6816
f 6830 6819 6817
f 6828 6830 6817
f 6831 6827 6818
f 6820 6831 6818
f 6861 6855 6819
f 6830 6861 6819
f 6835 6831 6820
f 6838 6835 6820
f 6832 6822 6821
f 6833 6832 6821
f 6823 6833 6821
f 6834 6824 6822
f 6832 6834 6822
f 6836 6833 6823
f 6827 6836 6823
f 6837 6825 6824
f 6834 6837 6824
f 6839 6828 6825
f 6837 6839 6825
f 6951 6985 6826
f 6985 6896 6826
f 6841 6836 6827
f 6843 6841 6827
f 6831 6843 6827
f 6840 6830 6828
f 6839 6840 6828
f 6950 6897 6829
f 6898 6950 6829
f 6854 6861 6830
f 6840 6854 6830
f 6844 6843 6831
f 6835 6844 6831
f 7010 6834 6832
f 6833 7010 6832
f 6836 7010 6833
f 7010 6837 6834
f 6838 6847 6835
f 6846 6844 6835
f 6847 6846 6835
f 6841 7010 6836
f 7010 6839 6837
f 6974 6845 6838
f 6845 6847 6838
f 7010 6840 6839
f 7010 6854 6840
f 6843 7010 6841
f 6866 6954 6842
f 6954 6944 6842
f 6844 7010 6843
f 6846 7010 6844
f 6974 6856 6845
f 6850 6847 6845
f 6856 6850 6845
f 6851 7010 6846
f 6847 6851 6846
f 6850 6851 6847
f 6887 6937 6848
f 6937 6938 6848
f 6938 6904 6848
f 6930 6889 6849
f 6953 6930 6849
f 6927 6953 6849
f 6856 6862 6850
f 6852 6851 6850
f 6862 6852 6850
f 6852 7010 6851
f 6865 7010 6852
f 6862 6865 6852
f 6895 6956 6853
f 6956 6933 6853
f 7016 6861 6854
f 7010 7016 6854
f 6861 6857 6855
f 6974 6867 6856
f 6867 6862 6856
f 6861 6881 6857
f 6902 6924 6858
f 6872 6860 6858
f 6924 6872 6858
f 6977 6885 6859
f 6958 6977 6859
f 6903 6864 6860
f 6874 6903 6860
f 6872 6874 6860
f 7016 6879 6861
f 6879 6881 6861
f 6867 6871 6862
f 6871 6865 6862
f 6942 6960 6863
f 6960 6902 6863
f 6943 6898 6864
f 6903 6943 6864
f 6873 7010 6865
f 6871 6873 6865
f 6901 6973 6866
f 6973 6954 6866
f 6974 7039 6867
f 7039 6906 6867
f 6906 6871 6867
f 6917 6890 6868
f 6888 6869 6868
f 6890 6888 6868
f 6931 6921 6869
f 6888 6931 6869
f 6962 6961 6870
f 6935 6992 6870
f 6992 6971 6870
f 6971 6962 6870
f 6906 6911 6871
f 6911 6873 6871
f 6924 6934 6872
f 6891 6874 6872
f 6934 6891 6872
f 6912 7010 6873
f 6911 6912 6873
f 6891 6893 6874
f 6893 6925 6874
f 6925 6903 6874
f 6997 6878 6875
f 6876 6997 6875
f 6877 6997 6876
f 6880 6997 6877
f 6997 6882 6878
f 7026 6886 6879
f 7016 7026 6879
f 6886 6881 6879
f 6883 6997 6880
f 6900 6887 6881
f 6886 6900 6881
f 6997 6884 6882
f 7004 6997 6883
f 6894 7004 6883
f 6997 6892 6884
f 6989 6927 6885
f 6977 6989 6885
f 7026 6900 6886
f 6900 6937 6887
f 6890 6893 6888
f 6891 6931 6888
f 6893 6891 6888
f 6930 7158 6889
f 7158 7053 6889
f 7053 6919 6889
f 6917 6929 6890
f 6929 6932 6890
f 6932 6893 6890
f 6934 6931 6891
f 6909 6949 6892
f 6997 6909 6892
f 6932 6925 6893
f 6905 7004 6894
f 6939 6986 6895
f 6986 6956 6895
f 6985 7003 6896
f 7003 6942 6896
f 6999 6963 6897
f 6950 6999 6897
f 6984 6950 6898
f 6943 6984 6898
f 7001 7035 6899
f 7035 6951 6899
f 7026 6928 6900
f 6928 6937 6900
f 6933 6993 6901
f 6993 6973 6901
f 6960 6978 6902
f 6978 6924 6902
f 6925 6959 6903
f 6959 6943 6903
f 6970 6955 6904
f 6938 6964 6904
f 6964 6970 6904
f 6907 7004 6905
f 7039 7116 6906
f 7116 7167 6906
f 7167 6911 6906
f 6920 7017 6907
f 7017 7004 6907
f 6995 7041 6908
f 7041 6967 6908
f 6922 7029 6909
f 6969 6949 6909
f 7029 6969 6909
f 6997 6922 6909
f 7055 7013 6910
f 6966 7055 6910
f 7167 7168 6911
f 7168 7170 6911
f 7170 7174 6911
f 7174 7178 6911
f 7178 7180 6911
f 7180 6912 6911
f 7191 7011 6912
f 7011 7010 6912
f 7180 7183 6912
f 7183 7186 6912
f 7186 7189 6912
f 7189 7190 6912
f 7190 7191 6912
f 7356 6923 6913
f 7161 7349 6913
f 7349 7356 6913
f 6916 6991 6914
f 6991 6988 6914
f 6988 6918 6914
f 7020 6987 6915
f 6963 7020 6915
f 6926 6996 6916
f 6996 6991 6916
f 6949 6980 6917
f 6980 6929 6917
f 7548 7488 6918
f 6990 7548 6918
f 6988 6990 6918
f 7053 6965 6919
f 6936 7017 6920
f 6931 6982 6921
f 6982 6974 6921
f 7094 7029 6922
f 6998 7094 6922
f 6997 6998 6922
f 7356 7014 6923
f 6978 6983 6924
f 6983 6934 6924
f 6932 6976 6925
f 6976 6959 6925
f 6944 7009 6926
f 7009 6996 6926
f 7012 6953 6927
f 6989 7012 6927
f 7056 6940 6928
f 7026 7056 6928
f 6940 6937 6928
f 6980 6981 6929
f 6981 6932 6929
f 6979 7177 6930
f 7177 7158 6930
f 6953 6979 6930
f 6934 6982 6931
f 6981 6976 6932
f 6956 7015 6933
f 7015 6993 6933
f 6983 6982 6934
f 6975 7022 6935
f 7022 6994 6935
f 6994 6992 6935
f 6941 7017 6936
f 6940 6938 6937
f 6968 6964 6938
f 6940 6968 6938
f 7447 7493 6939
f 7493 7531 6939
f 7531 7552 6939
f 7552 7619 6939
f 7619 7630 6939
f 7630 7695 6939
f 7695 7749 6939
f 7749 6986 6939
f 7056 6968 6940
f 7028 7017 6941
f 6947 7028 6941
f 7003 7021 6942
f 7021 6960 6942
f 6959 7002 6943
f 7002 6984 6943
f 6954 7018 6944
f 7018 7009 6944
f 7025 6946 6945
f 7030 7025 6945
f 6948 7030 6945
f 7027 6952 6946
f 7025 7027 6946
f 7057 7028 6947
f 6961 7057 6947
f 7635 7030 6948
f 7526 7635 6948
f 6969 6980 6949
f 7033 6999 6950
f 6984 7033 6950
f 7035 7066 6951
f 7066 6985 6951
f 7038 6958 6952
f 7027 7038 6952
f 7024 7032 6953
f 7032 6979 6953
f 7012 7024 6953
f 6973 7040 6954
f 7040 7018 6954
f 6970 7005 6955
f 7005 7007 6955
f 7007 6995 6955
f 6986 7037 6956
f 7037 7015 6956
f 7058 7006 6957
f 7050 6977 6958
f 7038 7050 6958
f 6976 7019 6959
f 7019 7002 6959
f 7021 7036 6960
f 7036 6978 6960
f 6962 7057 6961
f 6971 7057 6962
f 6999 7020 6963
f 6972 6970 6964
f 6968 6972 6964
f 7053 7079 6965
f 7079 7115 6965
f 7115 7001 6965
f 7014 7055 6966
f 7503 7371 6967
f 7073 7503 6967
f 7041 7073 6967
f 7056 7074 6968
f 7074 6972 6968
f 7029 6980 6969
f 6972 7005 6970
f 7075 7057 6971
f 6992 7075 6971
f 7074 7000 6972
f 7000 7005 6972
f 6993 7059 6973
f 7059 7040 6973
f 6982 7047 6974
f 7047 7039 6974
f 7023 7022 6975
f 7013 7067 6975
f 7067 7031 6975
f 7031 7023 6975
f 6981 7034 6976
f 7034 7019 6976
f 7063 6989 6977
f 7050 7063 6977
f 7036 7046 6978
f 7046 6983 6978
f 7032 7376 6979
f 7376 7257 6979
f 7257 7177 6979
f 7029 7042 6980
f 7042 7043 6980
f 7043 6981 6980
f 7043 7034 6981
f 6983 7047 6982
f 7046 7047 6983
f 7002 7065 6984
f 7065 7033 6984
f 7066 7081 6985
f 7081 7003 6985
f 7749 7771 6986
f 7771 7838 6986
f 7838 7905 6986
f 7905 7912 6986
f 7912 9130 6986
f 9130 9171 6986
f 9171 7037 6986
f 7141 7098 6987
f 7020 7141 6987
f 6991 7064 6988
f 7064 7061 6988
f 7061 6990 6988
f 7070 7012 6989
f 7063 7070 6989
f 7062 7548 6990
f 7061 7062 6990
f 6996 7068 6991
f 7068 7064 6991
f 6994 7075 6992
f 7015 7071 6993
f 7071 7059 6993
f 7110 7075 6994
f 7022 7110 6994
f 7049 7041 6995
f 7048 7049 6995
f 7007 7044 6995
f 7044 7048 6995
f 7009 7072 6996
f 7072 7068 6996
f 7082 6998 6997
f 7086 7082 6997
f 7004 7086 6997
f 7085 7097 6998
f 7097 7094 6998
f 7082 7085 6998
f 7060 7020 6999
f 7033 7060 6999
f 7114 7008 7000
f 7074 7114 7000
f 7008 7005 7000
f 7115 7151 7001
f 7151 7035 7001
f 7019 7076 7002
f 7076 7065 7002
f 7081 7099 7003
f 7099 7021 7003
f 7093 7086 7004
f 7017 7093 7004
f 7008 7007 7005
f 7058 7092 7006
f 7092 7052 7006
f 7045 7044 7007
f 7008 7045 7007
f 7114 7045 7008
f 7018 7087 7009
f 7087 7072 7009
f 7011 7131 7010
f 7131 7129 7010
f 7129 7016 7010
f 7191 7131 7011
f 7088 7024 7012
f 7070 7088 7012
f 7055 7096 7013
f 7096 7067 7013
f 7468 7069 7014
f 7356 7468 7014
f 7069 7055 7014
f 7037 7091 7015
f 7091 7071 7015
f 7129 7136 7016
f 7136 7026 7016
f 7112 7093 7017
f 7028 7112 7017
f 7040 7103 7018
f 7103 7087 7018
f 7034 7095 7019
f 7095 7076 7019
f 7060 7141 7020
f 7099 7113 7021
f 7113 7036 7021
f 7023 7110 7022
f 7031 7110 7023
f 7106 7054 7024
f 7054 7032 7024
f 7088 7106 7024
f 7121 7027 7025
f 7128 7121 7025
f 7030 7128 7025
f 7136 7150 7026
f 7150 7056 7026
f 7126 7038 7027
f 7121 7126 7027
f 7140 7112 7028
f 7057 7140 7028
f 7094 7042 7029
f 7678 7128 7030
f 7635 7678 7030
f 7067 7110 7031
f 7694 7544 7032
f 7054 7694 7032
f 7544 7501 7032
f 7501 7376 7032
f 7065 7083 7033
f 7083 7060 7033
f 7108 7095 7034
f 7043 7108 7034
f 7151 7220 7035
f 7220 7066 7035
f 7113 7120 7036
f 7120 7046 7036
f 9171 9207 7037
f 9207 7091 7037
f 7133 7050 7038
f 7126 7133 7038
f 7047 7122 7039
f 7122 7116 7039
f 7059 7130 7040
f 7130 7103 7040
f 7118 7073 7041
f 7078 7118 7041
f 7049 7078 7041
f 7094 7097 7042
f 7097 7101 7042
f 7101 7104 7042
f 7104 7105 7042
f 7105 7043 7042
f 7107 7111 7043
f 7111 7117 7043
f 7117 7108 7043
f 7105 7107 7043
f 7045 7048 7044
f 7114 7160 7045
f 7160 7051 7045
f 7051 7048 7045
f 7120 7122 7046
f 7122 7047 7046
f 7051 7049 7048
f 7051 7078 7049
f 7143 7063 7050
f 7133 7143 7050
f 7160 7077 7051
f 7077 7078 7051
f 7092 7146 7052
f 7146 7084 7052
f 7158 7163 7053
f 7163 7079 7053
f 7811 7694 7054
f 7137 7811 7054
f 7106 7137 7054
f 7144 7102 7055
f 7102 7100 7055
f 7100 7096 7055
f 7089 7144 7055
f 7069 7089 7055
f 7181 7074 7056
f 7150 7181 7056
f 7165 7140 7057
f 7075 7165 7057
f 7147 7092 7058
f 7071 7152 7059
f 7152 7130 7059
f 7083 7195 7060
f 7195 7141 7060
f 7064 7138 7061
f 7138 7135 7061
f 7135 7062 7061
f 7616 7548 7062
f 7134 7616 7062
f 7135 7134 7062
f 7156 7070 7063
f 7143 7156 7063
f 7068 7148 7064
f 7148 7138 7064
f 7076 7109 7065
f 7109 7083 7065
f 7220 7273 7066
f 7273 7081 7066
f 7096 7283 7067
f 7154 7110 7067
f 7283 7154 7067
f 7072 7159 7068
f 7159 7148 7068
f 7516 7089 7069
f 7468 7516 7069
f 7175 7088 7070
f 7156 7175 7070
f 7091 7201 7071
f 7201 7152 7071
f 7087 7182 7072
f 7182 7159 7072
f 7545 7503 7073
f 7118 7545 7073
f 7314 7114 7074
f 7181 7314 7074
f 7308 7165 7075
f 7110 7308 7075
f 7139 7109 7076
f 7095 7153 7076
f 7153 7139 7076
f 7315 7080 7077
f 7160 7315 7077
f 7080 7078 7077
f 7123 7118 7078
f 7080 7123 7078
f 7163 7173 7079
f 7173 7115 7079
f 7315 7123 7080
f 7273 7275 7081
f 7275 7099 7081
f 7086 7172 7082
f 7172 7166 7082
f 7166 7085 7082
f 7280 7195 7083
f 7256 7280 7083
f 7109 7225 7083
f 7225 7256 7083
f 7146 7261 7084
f 7261 7127 7084
f 7187 7280 7085
f 7280 7256 7085
f 7125 7119 7085
f 7119 7111 7085
f 7111 7107 7085
f 7107 7105 7085
f 7105 7104 7085
f 7256 7225 7085
f 7225 7164 7085
f 7164 7157 7085
f 7157 7153 7085
f 7153 7142 7085
f 7142 7125 7085
f 7104 7101 7085
f 7101 7097 7085
f 7166 7187 7085
f 7093 7234 7086
f 7234 7172 7086
f 7103 7277 7087
f 7277 7182 7087
f 7279 7106 7088
f 7175 7279 7088
f 7539 7149 7089
f 7516 7539 7089
f 7149 7144 7089
f 7321 7161 7090
f 7145 7321 7090
f 9207 9311 7091
f 9311 7201 7091
f 7147 7278 7092
f 7278 7146 7092
f 7112 7300 7093
f 7300 7234 7093
f 7108 7153 7095
f 7100 7283 7096
f 7360 7377 7098
f 7342 7360 7098
f 7141 7342 7098
f 7275 7276 7099
f 7276 7271 7099
f 7271 7113 7099
f 7102 7283 7100
f 7144 7283 7102
f 7130 7332 7103
f 7332 7277 7103
f 7337 7155 7106
f 7155 7137 7106
f 7279 7337 7106
f 7117 7142 7108
f 7142 7153 7108
f 7139 7225 7109
f 7389 7308 7110
f 7154 7389 7110
f 7119 7117 7111
f 7140 7351 7112
f 7351 7300 7112
f 7271 7270 7113
f 7270 7265 7113
f 7265 7120 7113
f 7392 7160 7114
f 7314 7392 7114
f 7173 7199 7115
f 7199 7239 7115
f 7239 7151 7115
f 7169 7167 7116
f 7122 7169 7116
f 7119 7125 7117
f 7125 7142 7117
f 7553 7545 7118
f 7132 7553 7118
f 7123 7132 7118
f 7265 7250 7120
f 7250 7249 7120
f 7249 7227 7120
f 7227 7122 7120
f 7375 7126 7121
f 7385 7375 7121
f 7128 7385 7121
f 7224 7209 7122
f 7185 7169 7122
f 7209 7185 7122
f 7227 7224 7122
f 7412 7132 7123
f 7315 7412 7123
f 7384 7133 7126
f 7375 7384 7126
f 7261 7364 7127
f 7364 7162 7127
f 7736 7385 7128
f 7678 7736 7128
f 7131 7415 7129
f 7415 7411 7129
f 7411 7136 7129
f 7152 7378 7130
f 7378 7332 7130
f 7401 7415 7131
f 7302 7326 7131
f 7326 7359 7131
f 7359 7401 7131
f 7205 7215 7131
f 7215 7229 7131
f 7229 7240 7131
f 7240 7253 7131
f 7253 7284 7131
f 7284 7302 7131
f 7191 7197 7131
f 7197 7205 7131
f 7746 7553 7132
f 7412 7746 7132
f 7394 7143 7133
f 7384 7394 7133
f 7684 7616 7134
f 7343 7684 7134
f 7135 7345 7134
f 7345 7343 7134
f 7138 7354 7135
f 7354 7345 7135
f 7411 7422 7136
f 7422 7150 7136
f 7155 7934 7137
f 7876 7811 7137
f 7934 7876 7137
f 7148 7372 7138
f 7372 7354 7138
f 7164 7225 7139
f 7153 7157 7139
f 7157 7164 7139
f 7165 7405 7140
f 7405 7351 7140
f 7339 7342 7141
f 7195 7317 7141
f 7317 7339 7141
f 7418 7156 7143
f 7394 7418 7143
f 7330 7283 7144
f 7149 7330 7144
f 7417 7321 7145
f 7272 7417 7145
f 7278 7388 7146
f 7388 7261 7146
f 7371 7278 7147
f 7159 7398 7148
f 7398 7372 7148
f 7585 7330 7149
f 7539 7585 7149
f 7422 7446 7150
f 7446 7181 7150
f 7239 7252 7151
f 7252 7220 7151
f 7201 7426 7152
f 7426 7378 7152
f 7458 7389 7154
f 7283 7458 7154
f 8426 8171 7155
f 8171 8154 7155
f 8154 8129 7155
f 8129 8102 7155
f 8102 8069 7155
f 8069 8025 7155
f 8025 7995 7155
f 7995 7934 7155
f 9270 8426 7155
f 9439 9270 7155
f 7387 9439 7155
f 7337 7387 7155
f 7442 7175 7156
f 7418 7442 7156
f 7211 7163 7158
f 7177 7211 7158
f 7182 7429 7159
f 7429 7398 7159
f 7463 7315 7160
f 7392 7463 7160
f 7321 7349 7161
f 7364 7431 7162
f 7431 7260 7162
f 7211 7264 7163
f 7264 7173 7163
f 7308 7465 7165
f 7465 7405 7165
f 7342 7187 7166
f 7172 7377 7166
f 7377 7360 7166
f 7360 7342 7166
f 7169 7168 7167
f 7171 7170 7168
f 7169 7171 7168
f 7185 7171 7169
f 7171 7176 7170
f 7176 7174 7170
f 7185 7193 7171
f 7193 7200 7171
f 7200 7176 7171
f 7234 7399 7172
f 7399 7377 7172
f 7264 7199 7173
f 7176 7179 7174
f 7179 7178 7174
f 7472 7279 7175
f 7442 7472 7175
f 7200 7202 7176
f 7202 7179 7176
f 7291 7211 7177
f 7257 7291 7177
f 7179 7184 7178
f 7184 7180 7178
f 7202 7203 7179
f 7203 7184 7179
f 7184 7188 7180
f 7188 7183 7180
f 7480 7314 7181
f 7446 7480 7181
f 7277 7460 7182
f 7460 7429 7182
f 7188 7192 7183
f 7192 7186 7183
f 7203 7204 7184
f 7204 7188 7184
f 7209 7193 7185
f 7192 7194 7186
f 7194 7189 7186
f 7339 7317 7187
f 7317 7294 7187
f 7294 7280 7187
f 7342 7339 7187
f 7204 7206 7188
f 7206 7192 7188
f 7194 7196 7189
f 7196 7190 7189
f 7196 7198 7190
f 7198 7191 7190
f 7198 7197 7191
f 7206 7208 7192
f 7208 7194 7192
f 7209 7212 7193
f 7212 7213 7193
f 7213 7200 7193
f 7208 7210 7194
f 7210 7196 7194
f 7294 7317 7195
f 7280 7294 7195
f 7210 7207 7196
f 7207 7198 7196
f 7198 7207 7197
f 7207 7205 7197
f 7264 7239 7199
f 7213 7214 7200
f 7214 7202 7200
f 9311 9505 7201
f 9505 7426 7201
f 7214 7216 7202
f 7216 7203 7202
f 7216 7218 7203
f 7218 7204 7203
f 7218 7222 7204
f 7222 7206 7204
f 7207 7217 7205
f 7217 7215 7205
f 7222 7223 7206
f 7223 7208 7206
f 7210 7217 7207
f 7223 7219 7208
f 7219 7210 7208
f 7224 7212 7209
f 7219 7217 7210
f 7221 7264 7211
f 7291 7221 7211
f 7224 7226 7212
f 7226 7228 7212
f 7228 7213 7212
f 7228 7230 7213
f 7230 7214 7213
f 7230 7233 7214
f 7233 7216 7214
f 7217 7231 7215
f 7231 7229 7215
f 7233 7236 7216
f 7236 7218 7216
f 7219 7231 7217
f 7236 7238 7218
f 7238 7222 7218
f 7223 7235 7219
f 7235 7231 7219
f 7252 7255 7220
f 7255 7269 7220
f 7269 7273 7220
f 7296 7313 7221
f 7313 7264 7221
f 7291 7296 7221
f 7238 7237 7222
f 7237 7223 7222
f 7237 7235 7223
f 7227 7226 7224
f 7227 7232 7226
f 7232 7241 7226
f 7241 7228 7226
f 7249 7232 7227
f 7241 7243 7228
f 7243 7230 7228
f 7231 7242 7229
f 7242 7240 7229
f 7243 7245 7230
f 7245 7233 7230
f 7235 7242 7231
f 7249 7251 7232
f 7251 7254 7232
f 7254 7241 7232
f 7245 7247 7233
f 7247 7236 7233
f 7300 7449 7234
f 7449 7424 7234
f 7424 7399 7234
f 7237 7244 7235
f 7244 7242 7235
f 7247 7248 7236
f 7248 7238 7236
f 7238 7246 7237
f 7246 7244 7237
f 7248 7246 7238
f 7264 7295 7239
f 7295 7252 7239
f 7242 7258 7240
f 7258 7253 7240
f 7254 7259 7241
f 7259 7243 7241
f 7244 7258 7242
f 7259 7263 7243
f 7263 7245 7243
f 7246 7262 7244
f 7262 7258 7244
f 7263 7267 7245
f 7267 7247 7245
f 7248 7266 7246
f 7266 7262 7246
f 7267 7268 7247
f 7268 7248 7247
f 7268 7266 7248
f 7250 7251 7249
f 7274 7251 7250
f 7265 7274 7250
f 7274 7281 7251
f 7281 7254 7251
f 7295 7255 7252
f 7258 7286 7253
f 7286 7284 7253
f 7281 7285 7254
f 7285 7259 7254
f 7295 7269 7255
f 7325 7291 7257
f 7376 7325 7257
f 7262 7286 7258
f 7285 7287 7259
f 7287 7263 7259
f 7431 7478 7260
f 7478 7324 7260
f 7388 7466 7261
f 7466 7364 7261
f 7266 7290 7262
f 7290 7286 7262
f 7287 7292 7263
f 7292 7267 7263
f 7313 7295 7264
f 7282 7274 7265
f 7270 7282 7265
f 7268 7293 7266
f 7293 7290 7266
f 7292 7297 7267
f 7297 7268 7267
f 7297 7293 7268
f 7295 7273 7269
f 7271 7282 7270
f 7298 7282 7271
f 7276 7298 7271
f 7486 7417 7272
f 7373 7486 7272
f 7298 7275 7273
f 7295 7298 7273
f 7282 7289 7274
f 7289 7281 7274
f 7298 7276 7275
f 7332 7491 7277
f 7491 7460 7277
f 7371 7457 7278
f 7457 7388 7278
f 7498 7337 7279
f 7472 7498 7279
f 7289 7301 7281
f 7301 7285 7281
f 7298 7311 7282
f 7311 7289 7282
f 7330 7382 7283
f 7521 7458 7283
f 7382 7521 7283
f 7286 7304 7284
f 7304 7302 7284
f 7301 7303 7285
f 7303 7287 7285
f 7290 7304 7286
f 7303 7306 7287
f 7306 7292 7287
f 7340 7322 7288
f 7312 7340 7288
f 7299 7312 7288
f 7311 7320 7289
f 7320 7301 7289
f 7293 7307 7290
f 7307 7304 7290
f 7346 7296 7291
f 7325 7346 7291
f 7306 7309 7292
f 7309 7297 7292
f 7297 7310 7293
f 7310 7307 7293
f 7313 7319 7295
f 7319 7298 7295
f 7305 7313 7296
f 7346 7305 7296
f 7309 7310 7297
f 7319 7311 7298
f 7316 7318 7299
f 7318 7312 7299
f 7351 7481 7300
f 7481 7449 7300
f 7320 7323 7301
f 7323 7303 7301
f 7304 7329 7302
f 7329 7326 7302
f 7323 7327 7303
f 7327 7306 7303
f 7307 7329 7304
f 7338 7344 7305
f 7344 7313 7305
f 7346 7338 7305
f 7327 7333 7306
f 7333 7309 7306
f 7310 7334 7307
f 7334 7329 7307
f 7389 7511 7308
f 7511 7465 7308
f 7333 7335 7309
f 7335 7310 7309
f 7335 7334 7310
f 7319 7331 7311
f 7331 7320 7311
f 7358 7340 7312
f 7336 7358 7312
f 7318 7336 7312
f 7344 7319 7313
f 7480 7519 7314
f 7519 7392 7314
f 7537 7412 7315
f 7528 7537 7315
f 7463 7528 7315
f 7328 7318 7316
f 7347 7328 7316
f 7328 7341 7318
f 7341 7336 7318
f 7344 7331 7319
f 7331 7348 7320
f 7348 7323 7320
f 7448 7349 7321
f 7510 7448 7321
f 7417 7510 7321
f 7393 7374 7322
f 7340 7393 7322
f 7348 7355 7323
f 7355 7327 7323
f 7478 7507 7324
f 7507 7353 7324
f 7444 7368 7325
f 7368 7346 7325
f 7376 7416 7325
f 7416 7444 7325
f 7329 7365 7326
f 7365 7359 7326
f 7355 7361 7327
f 7361 7333 7327
f 7352 7341 7328
f 7347 7357 7328
f 7357 7352 7328
f 7334 7365 7329
f 7682 7382 7330
f 7585 7682 7330
f 7344 7363 7331
f 7363 7348 7331
f 7378 7523 7332
f 7523 7491 7332
f 7361 7367 7333
f 7367 7335 7333
f 7335 7369 7334
f 7369 7365 7334
f 7367 7369 7335
f 7391 7358 7336
f 7362 7391 7336
f 7341 7362 7336
f 7530 7494 7337
f 7494 7387 7337
f 7498 7530 7337
f 7350 7344 7338
f 7386 7350 7338
f 7346 7386 7338
f 7413 7393 7340
f 7358 7413 7340
f 7352 7366 7341
f 7366 7362 7341
f 7643 7684 7343
f 7345 7646 7343
f 7646 7643 7343
f 7350 7363 7344
f 7354 7656 7345
f 7656 7646 7345
f 7368 7386 7346
f 7390 7357 7347
f 7363 7383 7348
f 7383 7355 7348
f 7448 7356 7349
f 7370 7363 7350
f 7386 7370 7350
f 7405 7515 7351
f 7515 7481 7351
f 7379 7366 7352
f 7357 7380 7352
f 7380 7379 7352
f 7532 8721 7353
f 7507 7532 7353
f 7372 7672 7354
f 7672 7656 7354
f 7383 7396 7355
f 7396 7361 7355
f 7535 7468 7356
f 7448 7535 7356
f 7390 7402 7357
f 7402 7380 7357
f 7439 7413 7358
f 7391 7439 7358
f 7365 7407 7359
f 7407 7401 7359
f 7396 7404 7361
f 7404 7367 7361
f 7421 7391 7362
f 7397 7421 7362
f 7366 7397 7362
f 7370 7381 7363
f 7381 7383 7363
f 7466 7520 7364
f 7520 7431 7364
f 7369 7407 7365
f 7379 7400 7366
f 7400 7397 7366
f 7404 7410 7367
f 7410 7369 7367
f 7474 7403 7368
f 7403 7386 7368
f 7444 7474 7368
f 7410 7407 7369
f 7420 7381 7370
f 7386 7420 7370
f 7503 7457 7371
f 7398 7689 7372
f 7689 7672 7372
f 7547 7486 7373
f 7450 7547 7373
f 7459 7452 7374
f 7393 7459 7374
f 7576 7571 7375
f 7571 7574 7375
f 7574 7384 7375
f 7385 7576 7375
f 7501 7416 7376
f 7426 7566 7378
f 7566 7523 7378
f 7414 7400 7379
f 7380 7408 7379
f 7408 7414 7379
f 7402 7423 7380
f 7423 7408 7380
f 7395 7383 7381
f 7420 7395 7381
f 7725 7521 7382
f 7682 7725 7382
f 7395 7409 7383
f 7409 7396 7383
f 7574 7578 7384
f 7578 7394 7384
f 7786 7576 7385
f 7736 7786 7385
f 7403 7420 7386
f 9635 9439 7387
f 7494 9635 7387
f 7457 7524 7388
f 7524 7466 7388
f 7458 7584 7389
f 7584 7511 7389
f 7441 7402 7390
f 7464 7439 7391
f 7421 7464 7391
f 7519 7581 7392
f 7581 7463 7392
f 7477 7459 7393
f 7413 7477 7393
f 7578 7593 7394
f 7593 7600 7394
f 7600 7418 7394
f 7440 7409 7395
f 7420 7440 7395
f 7409 7419 7396
f 7419 7425 7396
f 7425 7404 7396
f 7453 7421 7397
f 7430 7453 7397
f 7400 7430 7397
f 7429 7718 7398
f 7718 7689 7398
f 7424 7406 7399
f 7414 7437 7400
f 7437 7430 7400
f 7427 7415 7401
f 7407 7434 7401
f 7434 7427 7401
f 7441 7451 7402
f 7451 7423 7402
f 7489 7433 7403
f 7433 7420 7403
f 7474 7489 7403
f 7425 7428 7404
f 7428 7432 7404
f 7432 7410 7404
f 7465 7570 7405
f 7570 7515 7405
f 7424 7447 7406
f 7436 7434 7407
f 7410 7436 7407
f 7438 7414 7408
f 7423 7443 7408
f 7443 7438 7408
f 7440 7419 7409
f 7432 7435 7410
f 7435 7436 7410
f 7482 7490 7411
f 7490 7540 7411
f 7415 7456 7411
f 7456 7482 7411
f 7540 7422 7411
f 7851 7746 7412
f 7537 7851 7412
f 7496 7477 7413
f 7439 7496 7413
f 7445 7437 7414
f 7438 7445 7414
f 7427 7456 7415
f 7541 7444 7416
f 7501 7514 7416
f 7514 7541 7416
f 7589 7510 7417
f 7486 7589 7417
f 7600 7607 7418
f 7607 7618 7418
f 7618 7442 7418
f 7440 7425 7419
f 7433 7440 7420
f 7487 7464 7421
f 7453 7487 7421
f 7540 7446 7422
f 7451 7467 7423
f 7467 7443 7423
f 7449 7447 7424
f 7454 7428 7425
f 7440 7454 7425
f 9505 9733 7426
f 9733 7566 7426
f 7462 7456 7427
f 7434 7462 7427
f 7454 7432 7428
f 7460 7747 7429
f 7747 7718 7429
f 7483 7453 7430
f 7469 7483 7430
f 7437 7469 7430
f 7520 7579 7431
f 7579 7478 7431
f 7461 7435 7432
f 7454 7461 7432
f 7506 7455 7433
f 7455 7440 7433
f 7489 7506 7433
f 7436 7462 7434
f 7461 7436 7435
f 7461 7462 7436
f 7445 7471 7437
f 7471 7469 7437
f 7470 7445 7438
f 7443 7473 7438
f 7473 7470 7438
f 7513 7496 7439
f 7464 7513 7439
f 7455 7454 7440
f 7488 7451 7441
f 7618 7631 7442
f 7631 7642 7442
f 7642 7472 7442
f 7467 7484 7443
f 7484 7473 7443
f 7561 7474 7444
f 7541 7561 7444
f 7476 7471 7445
f 7470 7476 7445
f 7540 7551 7446
f 7551 7609 7446
f 7609 7659 7446
f 7659 7480 7446
f 7449 7493 7447
f 7612 7535 7448
f 7510 7612 7448
f 7481 7531 7449
f 7531 7493 7449
f 7602 7547 7450
f 7502 7602 7450
f 7488 7499 7451
f 7499 7467 7451
f 7538 7526 7452
f 7459 7538 7452
f 7512 7487 7453
f 7483 7512 7453
f 7475 7461 7454
f 7455 7475 7454
f 7518 7475 7455
f 7506 7518 7455
f 7485 7482 7456
f 7462 7485 7456
f 7503 7577 7457
f 7577 7524 7457
f 7521 7525 7458
f 7525 7584 7458
f 7557 7538 7459
f 7477 7557 7459
f 7491 7773 7460
f 7773 7747 7460
f 7479 7462 7461
f 7475 7479 7461
f 7479 7485 7462
f 7581 7647 7463
f 7647 7528 7463
f 7549 7513 7464
f 7487 7549 7464
f 7511 7634 7465
f 7634 7570 7465
f 7524 7597 7466
f 7597 7520 7466
f 7499 7508 7467
f 7508 7484 7467
f 7535 7516 7468
f 7509 7483 7469
f 7497 7509 7469
f 7471 7497 7469
f 7495 7476 7470
f 7473 7492 7470
f 7492 7495 7470
f 7476 7500 7471
f 7500 7497 7471
f 7658 7498 7472
f 7642 7658 7472
f 7484 7504 7473
f 7504 7492 7473
f 7583 7489 7474
f 7561 7583 7474
f 7536 7479 7475
f 7518 7536 7475
f 7505 7500 7476
f 7495 7505 7476
f 7573 7557 7477
f 7496 7573 7477
f 7579 7625 7478
f 7625 7507 7478
f 7546 7485 7479
f 7536 7546 7479
f 7659 7519 7480
f 7515 7552 7481
f 7552 7531 7481
f 7485 7490 7482
f 7555 7512 7483
f 7509 7555 7483
f 7508 7527 7484
f 7527 7504 7484
f 7546 7540 7485
f 7540 7490 7485
f 7654 7589 7486
f 7547 7654 7486
f 7582 7549 7487
f 7512 7582 7487
f 7548 7499 7488
f 7599 7506 7489
f 7583 7599 7489
f 7523 7801 7491
f 7801 7773 7491
f 7517 7495 7492
f 7504 7533 7492
f 7533 7517 7492
f 9738 9635 7494
f 7567 9738 7494
f 7530 7567 7494
f 7522 7505 7495
f 7517 7522 7495
f 7603 7573 7496
f 7513 7603 7496
f 7550 7509 7497
f 7529 7550 7497
f 7500 7529 7497
f 7658 7688 7498
f 7688 7530 7498
f 7548 7556 7499
f 7556 7508 7499
f 7505 7534 7500
f 7534 7529 7500
f 7544 7514 7501
f 7649 7602 7502
f 7543 7649 7502
f 7628 7577 7503
f 7545 7628 7503
f 7527 7554 7504
f 7554 7533 7504
f 7542 7534 7505
f 7522 7542 7505
f 7614 7518 7506
f 7599 7614 7506
f 7625 7664 7507
f 7664 7532 7507
f 7556 7569 7508
f 7569 7527 7508
f 7590 7555 7509
f 7550 7590 7509
f 7679 7612 7510
f 7589 7679 7510
f 7584 7697 7511
f 7697 7634 7511
f 7615 7582 7512
f 7555 7615 7512
f 7632 7603 7513
f 7549 7632 7513
f 7544 7564 7514
f 7564 7586 7514
f 7586 7541 7514
f 7570 7619 7515
f 7619 7552 7515
f 7617 7539 7516
f 7535 7617 7516
f 7558 7522 7517
f 7533 7563 7517
f 7563 7558 7517
f 7626 7536 7518
f 7614 7626 7518
f 7709 7581 7519
f 7659 7709 7519
f 7597 7666 7520
f 7666 7579 7520
f 7839 7525 7521
f 7725 7839 7521
f 7562 7542 7522
f 7558 7562 7522
f 7566 7835 7523
f 7835 7801 7523
f 7577 7655 7524
f 7655 7597 7524
f 7842 7651 7525
f 7839 7842 7525
f 7651 7584 7525
f 7644 7635 7526
f 7538 7644 7526
f 7569 7588 7527
f 7588 7554 7527
f 7606 7537 7528
f 7647 7719 7528
f 7719 7606 7528
f 7587 7550 7529
f 7565 7587 7529
f 7534 7565 7529
f 7688 7728 7530
f 7728 7729 7530
f 7729 7567 7530
f 7686 8721 7532
f 7664 7686 7532
f 7554 7580 7533
f 7580 7563 7533
f 7542 7568 7534
f 7568 7565 7534
f 7692 7617 7535
f 7612 7692 7535
f 7641 7546 7536
f 7626 7641 7536
f 7903 7851 7537
f 7606 7903 7537
f 7660 7644 7538
f 7557 7660 7538
f 7617 7661 7539
f 7661 7591 7539
f 7591 7585 7539
f 7546 7551 7540
f 7604 7561 7541
f 7586 7604 7541
f 7575 7568 7542
f 7562 7575 7542
f 7680 7649 7543
f 7572 7680 7543
f 7694 7564 7544
f 7559 7628 7545
f 7553 7559 7545
f 7609 7551 7546
f 7641 7609 7546
f 7715 7654 7547
f 7602 7715 7547
f 7616 7556 7548
f 7663 7632 7549
f 7582 7663 7549
f 7624 7590 7550
f 7587 7624 7550
f 7746 7559 7553
f 7588 7610 7554
f 7610 7580 7554
f 7652 7615 7555
f 7590 7652 7555
f 7616 7622 7556
f 7622 7569 7556
f 7677 7660 7557
f 7573 7677 7557
f 7594 7562 7558
f 7563 7595 7558
f 7595 7594 7558
f 7746 7623 7559
f 7623 7628 7559
f 7621 7583 7561
f 7604 7621 7561
f 7598 7575 7562
f 7594 7598 7562
f 7580 7611 7563
f 7611 7595 7563
f 7723 7586 7564
f 7694 7714 7564
f 7714 7723 7564
f 7608 7587 7565
f 7601 7608 7565
f 7568 7601 7565
f 9733 7835 7566
f 9941 9738 7567
f 7760 9941 7567
f 7729 7760 7567
f 7575 7605 7568
f 7605 7601 7568
f 7622 7636 7569
f 7636 7588 7569
f 7674 7619 7570
f 7733 7674 7570
f 7634 7733 7570
f 7700 7574 7571
f 7693 7700 7571
f 7576 7693 7571
f 7710 7680 7572
f 7596 7710 7572
f 7707 7677 7573
f 7603 7707 7573
f 7700 7578 7574
f 7613 7605 7575
f 7598 7613 7575
f 7845 7696 7576
f 7786 7845 7576
f 7696 7693 7576
f 7628 7655 7577
f 7711 7593 7578
f 7700 7711 7578
f 7666 7720 7579
f 7720 7625 7579
f 7610 7639 7580
f 7639 7611 7580
f 7755 7647 7581
f 7709 7755 7581
f 7698 7663 7582
f 7615 7698 7582
f 7640 7599 7583
f 7621 7640 7583
f 7651 7690 7584
f 7690 7697 7584
f 7591 7682 7585
f 7723 7737 7586
f 7737 7604 7586
f 7608 7620 7587
f 7662 7624 7587
f 7620 7662 7587
f 7636 7650 7588
f 7650 7610 7588
f 7744 7679 7589
f 7654 7744 7589
f 7683 7652 7590
f 7624 7683 7590
f 7661 7657 7591
f 7657 7682 7591
f 7721 7600 7593
f 7711 7721 7593
f 7627 7598 7594
f 7595 7633 7594
f 7633 7627 7594
f 7611 7645 7595
f 7645 7633 7595
f 8636 7710 7596
f 7655 7726 7597
f 7726 7666 7597
f 7637 7613 7598
f 7627 7637 7598
f 7653 7614 7599
f 7640 7653 7599
f 7721 7607 7600
f 7605 9777 7601
f 9777 9773 7601
f 9773 7608 7601
f 7750 7715 7602
f 7649 7750 7602
f 7732 7707 7603
f 7632 7732 7603
f 7748 7621 7604
f 7737 7748 7604
f 9788 9777 7605
f 7613 9788 7605
f 8152 7903 7606
f 7781 8152 7606
f 7719 7781 7606
f 7739 7618 7607
f 7721 7739 7607
f 9773 9782 7608
f 9782 7620 7608
f 7638 7659 7609
f 7641 7638 7609
f 7650 7673 7610
f 7673 7639 7610
f 7639 7670 7611
f 7670 7645 7611
f 7762 7692 7612
f 7679 7762 7612
f 9801 9788 7613
f 7637 9801 7613
f 7669 7626 7614
f 7653 7669 7614
f 7731 7698 7615
f 7652 7731 7615
f 7684 7622 7616
f 7692 7734 7617
f 7734 7667 7617
f 7667 7661 7617
f 7739 7631 7618
f 7674 7630 7619
f 9782 9792 7620
f 9792 7662 7620
f 7757 7640 7621
f 7748 7757 7621
f 7684 7691 7622
f 7691 7636 7622
f 7746 7798 7623
f 7798 7629 7623
f 7629 7628 7623
f 7722 7683 7624
f 7662 7722 7624
f 7720 7765 7625
f 7765 7664 7625
f 7675 7641 7626
f 7669 7675 7626
f 7665 7637 7627
f 7633 7671 7627
f 7671 7665 7627
f 7702 7655 7628
f 7629 7703 7628
f 7703 7702 7628
f 7798 7703 7629
f 7674 7695 7630
f 7759 7642 7631
f 7739 7759 7631
f 7758 7732 7632
f 7663 7758 7632
f 7645 7676 7633
f 7676 7671 7633
f 7784 7733 7634
f 7697 7784 7634
f 7687 7678 7635
f 7644 7687 7635
f 7691 7706 7636
f 7706 7650 7636
f 9831 9801 7637
f 7665 9831 7637
f 7648 7659 7638
f 7641 7648 7638
f 7673 7699 7639
f 7699 7670 7639
f 7768 7653 7640
f 7757 7768 7640
f 7675 7648 7641
f 7778 7658 7642
f 7759 7778 7642
f 7892 7684 7643
f 7646 7896 7643
f 7896 7892 7643
f 7708 7687 7644
f 7660 7708 7644
f 7670 7701 7645
f 7701 7676 7645
f 7656 7906 7646
f 7906 7896 7646
f 7808 7719 7647
f 7755 7808 7647
f 7681 7659 7648
f 7675 7681 7648
f 7780 7750 7649
f 7680 7780 7649
f 7706 7717 7650
f 7717 7673 7650
f 7946 7690 7651
f 7842 7946 7651
f 7764 7731 7652
f 7683 7764 7652
f 7774 7669 7653
f 7768 7774 7653
f 7792 7744 7654
f 7715 7792 7654
f 7712 7726 7655
f 7704 7712 7655
f 7702 7704 7655
f 7672 7924 7656
f 7924 7906 7656
f 7782 7682 7657
f 7668 7782 7657
f 7661 7668 7657
f 7805 7688 7658
f 7778 7805 7658
f 7767 7709 7659
f 7681 7685 7659
f 7685 7767 7659
f 7724 7708 7660
f 7677 7724 7660
f 7667 7668 7661
f 9792 9828 7662
f 9828 7722 7662
f 7785 7758 7663
f 7698 7785 7663
f 7765 7795 7664
f 7795 7686 7664
f 9869 9831 7665
f 7705 9869 7665
f 7671 7705 7665
f 7726 7775 7666
f 7775 7720 7666
f 7734 7668 7667
f 7840 7782 7668
f 7735 7840 7668
f 7734 7735 7668
f 7783 7675 7669
f 7774 7783 7669
f 7699 7727 7670
f 7727 7701 7670
f 7676 7716 7671
f 7716 7705 7671
f 7689 7940 7672
f 7940 7924 7672
f 7717 7738 7673
f 7738 7699 7673
f 7749 7695 7674
f 7733 7749 7674
f 7767 7685 7675
f 7685 7681 7675
f 7783 7767 7675
f 7701 7730 7676
f 7730 7716 7676
f 7743 7724 7677
f 7707 7743 7677
f 7741 7736 7678
f 7687 7741 7678
f 7812 7762 7679
f 7744 7812 7679
f 7799 7780 7680
f 7710 7799 7680
f 7782 7725 7682
f 7754 7764 7683
f 7722 7754 7683
f 9129 9228 7684
f 7892 8202 7684
f 8202 8462 7684
f 8462 8897 7684
f 8897 9010 7684
f 9010 9129 7684
f 9228 9235 7684
f 9235 7691 7684
f 7814 8721 7686
f 7795 7814 7686
f 7752 7741 7687
f 7708 7752 7687
f 7805 7728 7688
f 7718 7964 7689
f 7964 7940 7689
f 8004 7761 7690
f 7946 8004 7690
f 7761 7697 7690
f 9235 9251 7691
f 9251 7706 7691
f 7762 7791 7692
f 7791 7740 7692
f 7740 7734 7692
f 7803 7700 7693
f 7696 7804 7693
f 7804 7803 7693
f 7811 7714 7694
f 7900 7804 7696
f 7845 7900 7696
f 7761 7784 7697
f 7815 7785 7698
f 7731 7815 7698
f 7738 7756 7699
f 7756 7727 7699
f 7810 7711 7700
f 7803 7810 7700
f 7727 7751 7701
f 7751 7730 7701
f 7703 7704 7702
f 7860 7713 7703
f 7798 7860 7703
f 7713 7704 7703
f 7713 7712 7704
f 9920 9869 7705
f 7745 9920 7705
f 7716 7745 7705
f 9251 7717 7706
f 7770 7743 7707
f 7732 7770 7707
f 7772 7752 7708
f 7724 7772 7708
f 7767 7755 7709
f 8636 7799 7710
f 7820 7721 7711
f 7810 7820 7711
f 7766 7726 7712
f 7713 7766 7712
f 7860 7753 7713
f 7753 7766 7713
f 7827 7723 7714
f 7811 7822 7714
f 7822 7827 7714
f 7831 7792 7715
f 7750 7831 7715
f 7730 7763 7716
f 7763 7745 7716
f 9263 9292 7717
f 9251 9253 7717
f 9253 9263 7717
f 9292 7738 7717
f 7747 8020 7718
f 8020 7964 7718
f 7826 7781 7719
f 7870 7826 7719
f 7808 7870 7719
f 7775 7825 7720
f 7825 7765 7720
f 7828 7739 7721
f 7820 7828 7721
f 9828 9892 7722
f 9892 7754 7722
f 7836 7737 7723
f 7827 7836 7723
f 7787 7772 7724
f 7743 7787 7724
f 7893 7839 7725
f 7782 7893 7725
f 7766 7775 7726
f 7756 7776 7727
f 7776 7751 7727
f 7830 7729 7728
f 7805 7830 7728
f 7830 7760 7729
f 7751 7777 7730
f 7777 7763 7730
f 7844 7815 7731
f 7764 7844 7731
f 7793 7770 7732
f 7758 7793 7732
f 7771 7749 7733
f 7784 7771 7733
f 7740 7735 7734
f 7742 7840 7735
f 7740 7742 7735
f 7794 7786 7736
f 7741 7794 7736
f 7836 7846 7737
f 7846 7748 7737
f 9292 7756 7738
f 7848 7759 7739
f 7828 7848 7739
f 7779 7742 7740
f 7791 7779 7740
f 7800 7794 7741
f 7752 7800 7741
f 7890 7840 7742
f 7779 7890 7742
f 7809 7787 7743
f 7770 7809 7743
f 7864 7812 7744
f 7792 7864 7744
f 9993 9920 7745
f 7788 9993 7745
f 7763 7788 7745
f 7851 7798 7746
f 7773 8082 7747
f 8082 8020 7747
f 7853 7757 7748
f 7846 7853 7748
f 7865 7831 7750
f 7780 7865 7750
f 7776 7802 7751
f 7802 7777 7751
f 7818 7800 7752
f 7772 7818 7752
f 7860 7916 7753
f 7916 7769 7753
f 7769 7766 7753
f 9892 9933 7754
f 9933 7789 7754
f 7789 7764 7754
f 7767 7790 7755
f 7790 7843 7755
f 7843 7808 7755
f 9292 9301 7756
f 9301 9318 7756
f 9318 9351 7756
f 9351 7776 7756
f 7859 7768 7757
f 7853 7859 7757
f 7821 7793 7758
f 7785 7821 7758
f 7871 7778 7759
f 7848 7871 7759
f 7862 9941 7760
f 7830 7862 7760
f 8113 7813 7761
f 8004 8113 7761
f 7813 7784 7761
f 7812 7847 7762
f 7847 7796 7762
f 7796 7791 7762
f 7777 7807 7763
f 7807 7788 7763
f 7875 7844 7764
f 7789 7875 7764
f 7825 7869 7765
f 7869 7795 7765
f 7816 7775 7766
f 7769 7816 7766
f 7783 7790 7767
f 7867 7774 7768
f 7859 7867 7768
f 7916 7806 7769
f 7806 7816 7769
f 7833 7809 7770
f 7793 7833 7770
f 7784 7838 7771
f 7834 7818 7772
f 7787 7834 7772
f 7801 8130 7773
f 8130 8082 7773
f 7874 7783 7774
f 7867 7874 7774
f 7816 7817 7775
f 7817 7823 7775
f 7823 7825 7775
f 9351 9385 7776
f 9385 7802 7776
f 7802 7829 7777
f 7829 7807 7777
f 7888 7805 7778
f 7871 7888 7778
f 7797 7890 7779
f 7791 7797 7779
f 7883 7865 7780
f 7799 7883 7780
f 8189 8152 7781
f 7826 8189 7781
f 7956 7893 7782
f 7840 7956 7782
f 7843 7790 7783
f 7874 7843 7783
f 7841 7912 7784
f 7912 7905 7784
f 7905 7838 7784
f 7813 7841 7784
f 7850 7821 7785
f 7815 7850 7785
f 7849 7845 7786
f 7794 7849 7786
f 7857 7834 7787
f 7809 7857 7787
f 10060 9993 7788
f 7837 10060 7788
f 7807 7837 7788
f 9933 9995 7789
f 9995 7875 7789
f 7796 7797 7791
f 7901 7864 7792
f 7831 7901 7792
f 7863 7833 7793
f 7821 7863 7793
f 7858 7849 7794
f 7800 7858 7794
f 7869 7897 7795
f 7897 7814 7795
f 7832 7797 7796
f 7847 7832 7796
f 7953 7890 7797
f 7832 7953 7797
f 7851 7969 7798
f 7969 7860 7798
f 8636 7883 7799
f 7873 7858 7800
f 7818 7873 7800
f 7835 7921 7801
f 7921 8130 7801
f 9385 9422 7802
f 9422 7829 7802
f 7919 7810 7803
f 7804 7917 7803
f 7917 7919 7803
f 7982 7917 7804
f 7900 7982 7804
f 7920 7830 7805
f 7888 7920 7805
f 7980 7819 7806
f 7916 7980 7806
f 7819 7816 7806
f 7829 7861 7807
f 7861 7837 7807
f 7927 7870 7808
f 7843 7877 7808
f 7877 7927 7808
f 7880 7857 7809
f 7833 7880 7809
f 7925 7820 7810
f 7919 7925 7810
f 7876 7822 7811
f 7864 7891 7812
f 7891 7855 7812
f 7855 7847 7812
f 8180 7841 7813
f 8113 8180 7813
f 7926 7981 7814
f 7981 7986 7814
f 7986 7991 7814
f 7991 7997 7814
f 7997 8008 7814
f 8008 8013 7814
f 8013 8045 7814
f 8045 8721 7814
f 7897 7926 7814
f 7878 7850 7815
f 7844 7878 7815
f 7819 7817 7816
f 7819 7824 7817
f 7824 7823 7817
f 7884 7873 7818
f 7834 7884 7818
f 7980 7824 7819
f 7932 7828 7820
f 7925 7932 7820
f 7886 7863 7821
f 7850 7886 7821
f 7882 7827 7822
f 7876 7879 7822
f 7879 7882 7822
f 7866 7825 7823
f 7824 7866 7823
f 7980 7854 7824
f 7854 7866 7824
f 7868 7869 7825
f 7866 7868 7825
f 8238 8189 7826
f 7931 8238 7826
f 7870 7931 7826
f 7887 7836 7827
f 7882 7887 7827
f 7950 7848 7828
f 7932 7950 7828
f 9437 9500 7829
f 9422 9431 7829
f 9431 9437 7829
f 9500 7861 7829
f 7948 7862 7830
f 7920 7948 7830
f 7936 7901 7831
f 7865 7936 7831
f 7852 7953 7832
f 7847 7852 7832
f 7908 7880 7833
f 7863 7908 7833
f 7911 7884 7834
f 7857 7911 7834
f 10059 7921 7835
f 9733 10059 7835
f 7894 7846 7836
f 7887 7894 7836
f 10138 10060 7837
f 7885 10138 7837
f 7861 7885 7837
f 7893 7842 7839
f 8068 7956 7840
f 7890 8068 7840
f 8195 7912 7841
f 8180 8195 7841
f 7893 7946 7842
f 7874 7877 7843
f 7904 7878 7844
f 7875 7904 7844
f 7907 7900 7845
f 7849 7907 7845
f 7894 7899 7846
f 7899 7853 7846
f 7855 7852 7847
f 7971 7871 7848
f 7950 7971 7848
f 7918 7907 7849
f 7858 7918 7849
f 7923 7886 7850
f 7878 7923 7850
f 7903 7969 7851
f 7856 7953 7852
f 7855 7856 7852
f 7910 7859 7853
f 7899 7910 7853
f 7980 8075 7854
f 8075 7872 7854
f 7872 7868 7854
f 7868 7866 7854
f 7881 7856 7855
f 7891 7881 7855
f 7881 8029 7856
f 8029 7953 7856
f 7933 7911 7857
f 7880 7933 7857
f 7930 7918 7858
f 7873 7930 7858
f 7915 7867 7859
f 7910 7915 7859
f 7969 8090 7860
f 8090 7916 7860
f 9500 7885 7861
f 10098 9941 7862
f 8000 10098 7862
f 7948 8000 7862
f 7935 7908 7863
f 7886 7935 7863
f 7901 7937 7864
f 7937 7895 7864
f 7895 7891 7864
f 7961 7936 7865
f 7883 7961 7865
f 7922 7874 7867
f 7915 7922 7867
f 7902 7869 7868
f 7872 7902 7868
f 7913 7897 7869
f 7902 7913 7869
f 8026 8033 7870
f 8033 7931 7870
f 7927 7987 7870
f 7987 8026 7870
f 8014 7888 7871
f 7971 8014 7871
f 8075 7889 7872
f 7889 7902 7872
f 7947 7930 7873
f 7884 7947 7873
f 7922 7877 7874
f 10114 7904 7875
f 9995 10114 7875
f 7934 7879 7876
f 7922 7927 7877
f 7952 7923 7878
f 7904 7952 7878
f 7945 7882 7879
f 7934 7939 7879
f 7939 7945 7879
f 7959 7933 7880
f 7908 7959 7880
f 7898 8029 7881
f 7891 7898 7881
f 7951 7887 7882
f 7945 7951 7882
f 8065 8058 7883
f 8636 8086 7883
f 8086 8072 7883
f 8072 8065 7883
f 8058 8054 7883
f 8054 8047 7883
f 8047 7961 7883
f 7973 7947 7884
f 7911 7973 7884
f 9569 10482 7885
f 10482 10138 7885
f 9500 9511 7885
f 9511 9540 7885
f 9540 9552 7885
f 9552 9569 7885
f 7972 7935 7886
f 7923 7972 7886
f 7954 7894 7887
f 7951 7954 7887
f 8064 7920 7888
f 8014 8064 7888
f 8140 7909 7889
f 8075 8140 7889
f 7909 7902 7889
f 8156 8068 7890
f 7953 8156 7890
f 7895 7898 7891
f 7896 8205 7892
f 8205 8202 7892
f 8043 7946 7893
f 8145 8043 7893
f 7956 8145 7893
f 7957 7899 7894
f 7954 7957 7894
f 7928 7898 7895
f 7937 7928 7895
f 7906 8209 7896
f 8209 8205 7896
f 7941 7926 7897
f 7913 7938 7897
f 7938 7941 7897
f 7928 8121 7898
f 8121 8029 7898
f 7957 7958 7899
f 7958 7910 7899
f 7990 7982 7900
f 7907 7990 7900
f 7936 7994 7901
f 7994 7944 7901
f 7944 7937 7901
f 7909 7914 7902
f 7914 7913 7902
f 8152 7969 7903
f 10165 7952 7904
f 10114 10165 7904
f 7924 8217 7906
f 8217 8209 7906
f 8002 7990 7907
f 7918 8002 7907
f 8016 7959 7908
f 7935 8016 7908
f 8140 7914 7909
f 7962 7915 7910
f 7958 7962 7910
f 8018 7973 7911
f 7933 8018 7911
f 8228 9130 7912
f 8195 8228 7912
f 7914 7938 7913
f 8140 8176 7914
f 8176 7929 7914
f 7929 7938 7914
f 7976 7922 7915
f 7962 7976 7915
f 8090 8172 7916
f 8172 7980 7916
f 7982 8097 7917
f 8097 7919 7917
f 8019 8002 7918
f 7930 8019 7918
f 8100 7925 7919
f 8097 8100 7919
f 8107 7948 7920
f 8064 8107 7920
f 10170 8174 7921
f 10059 10170 7921
f 8174 8130 7921
f 7976 7927 7922
f 8024 7972 7923
f 7952 8024 7923
f 7940 8225 7924
f 8225 8217 7924
f 8118 7932 7925
f 8100 8118 7925
f 7963 7965 7926
f 7965 7967 7926
f 7967 7975 7926
f 7975 7981 7926
f 7941 7963 7926
f 7976 7987 7927
f 7942 8170 7928
f 8170 8121 7928
f 7937 7942 7928
f 8176 7943 7929
f 7943 7938 7929
f 8051 8019 7930
f 7947 8051 7930
f 8406 8238 7931
f 8158 8406 7931
f 8033 8067 7931
f 8067 8093 7931
f 8093 8119 7931
f 8119 8126 7931
f 8126 8142 7931
f 8142 8158 7931
f 8137 7950 7932
f 8118 8137 7932
f 8074 8018 7933
f 7959 8074 7933
f 7995 7939 7934
f 8077 8016 7935
f 7972 8077 7935
f 7961 8028 7936
f 8028 7999 7936
f 7999 7994 7936
f 7944 7942 7937
f 7943 7941 7938
f 7995 8001 7939
f 8001 8007 7939
f 8007 7945 7939
f 7964 8235 7940
f 8235 8225 7940
f 7943 7966 7941
f 7966 7963 7941
f 7949 8170 7942
f 7944 7949 7942
f 8176 8192 7943
f 8192 7955 7943
f 7955 7966 7943
f 7994 8003 7944
f 8003 7960 7944
f 7960 7949 7944
f 8009 7951 7945
f 8007 8009 7945
f 8043 8004 7946
f 8092 8051 7947
f 7973 8092 7947
f 8155 8000 7948
f 8107 8155 7948
f 7960 8170 7949
f 8157 7971 7950
f 8137 8157 7950
f 8011 7954 7951
f 8009 8011 7951
f 10202 8024 7952
f 10165 10202 7952
f 8190 8156 7953
f 8029 8190 7953
f 8015 7957 7954
f 8011 8015 7954
f 8192 7970 7955
f 7970 7966 7955
f 8191 8145 7956
f 8068 8191 7956
f 8021 7958 7957
f 8015 8021 7957
f 8021 8022 7958
f 8022 7962 7958
f 8122 8074 7959
f 8016 8122 7959
f 8186 8170 7960
f 8003 8186 7960
f 8030 8028 7961
f 8035 8030 7961
f 8047 8041 7961
f 8041 8035 7961
f 8023 7976 7962
f 8022 8023 7962
f 7968 7965 7963
f 7966 7968 7963
f 8020 8246 7964
f 8246 8235 7964
f 7974 7967 7965
f 7968 7974 7965
f 7977 7968 7966
f 7970 7977 7966
f 7978 7975 7967
f 7974 7978 7967
f 7979 7974 7968
f 7977 7979 7968
f 8152 8194 7969
f 8194 8090 7969
f 8201 7977 7970
f 8192 8201 7970
f 8175 8014 7971
f 8157 8175 7971
f 8123 8077 7972
f 8024 8123 7972
f 8124 8092 7973
f 8018 8124 7973
f 7983 7978 7974
f 7979 7983 7974
f 7984 7981 7975
f 7978 7984 7975
f 8023 7987 7976
f 8201 7979 7977
f 7985 7984 7978
f 7983 7985 7978
f 8201 7983 7979
f 8172 8199 7980
f 8199 8075 7980
f 7988 7986 7981
f 7984 7988 7981
f 8098 8097 7982
f 8099 8098 7982
f 7990 8099 7982
f 8201 7985 7983
f 7989 7988 7984
f 7985 7989 7984
f 8201 7989 7985
f 7992 7991 7986
f 7988 7992 7986
f 8023 8026 7987
f 7993 7992 7988
f 7989 7993 7988
f 8201 7993 7989
f 8110 8099 7990
f 8002 8110 7990
f 7996 7997 7991
f 7992 7996 7991
f 7998 7996 7992
f 7993 7998 7992
f 8201 7998 7993
f 7999 8003 7994
f 8025 8001 7995
f 8006 7997 7996
f 8005 8006 7996
f 7998 8005 7996
f 8006 8008 7997
f 8201 8005 7998
f 8028 8003 7999
f 10213 10098 8000
f 8179 10213 8000
f 8155 8179 8000
f 8025 8027 8001
f 8027 8032 8001
f 8032 8007 8001
f 8125 8110 8002
f 8019 8125 8002
f 8017 8186 8003
f 8028 8031 8003
f 8031 8017 8003
f 8043 8113 8004
f 8201 8010 8005
f 8010 8006 8005
f 8012 8008 8006
f 8010 8012 8006
f 8032 8039 8007
f 8039 8009 8007
f 8012 8013 8008
f 8048 8011 8009
f 8039 8048 8009
f 8201 8034 8010
f 8034 8012 8010
f 8053 8015 8011
f 8048 8053 8011
f 8037 8013 8012
f 8034 8037 8012
f 8037 8045 8013
f 8187 8064 8014
f 8175 8187 8014
f 8057 8021 8015
f 8053 8057 8015
f 8160 8122 8016
f 8077 8160 8016
f 8198 8186 8017
f 8038 8198 8017
f 8031 8038 8017
f 8161 8124 8018
f 8074 8161 8018
f 8150 8125 8019
f 8051 8150 8019
f 8082 8257 8020
f 8257 8246 8020
f 8061 8022 8021
f 8057 8061 8021
f 8061 8062 8022
f 8062 8023 8022
f 8067 8033 8023
f 8033 8026 8023
f 8062 8067 8023
f 10219 8123 8024
f 10202 10219 8024
f 8069 8027 8025
f 8069 8073 8027
f 8073 8076 8027
f 8076 8032 8027
f 8030 8031 8028
f 8216 8190 8029
f 8121 8216 8029
f 8036 8031 8030
f 8035 8036 8030
f 8036 8038 8031
f 8076 8078 8032
f 8078 8039 8032
f 8201 8079 8034
f 8079 8037 8034
f 8040 8036 8035
f 8041 8040 8035
f 8042 8038 8036
f 8040 8042 8036
f 8084 8045 8037
f 8079 8084 8037
f 8042 8198 8038
f 8078 8080 8039
f 8080 8048 8039
f 8041 8044 8040
f 8046 8042 8040
f 8044 8046 8040
f 8047 8044 8041
f 8046 8198 8042
f 8182 8113 8043
f 8213 8182 8043
f 8145 8213 8043
f 8047 8049 8044
f 8050 8046 8044
f 8049 8050 8044
f 8089 8721 8045
f 8084 8089 8045
f 8050 8198 8046
f 8054 8049 8047
f 8085 8053 8048
f 8080 8085 8048
f 8054 8055 8049
f 8052 8050 8049
f 8055 8052 8049
f 8052 8198 8050
f 8173 8150 8051
f 8092 8173 8051
f 8056 8198 8052
f 8055 8056 8052
f 8087 8057 8053
f 8085 8087 8053
f 8058 8055 8054
f 8058 8059 8055
f 8059 8056 8055
f 8060 8198 8056
f 8059 8060 8056
f 8088 8061 8057
f 8087 8088 8057
f 8065 8059 8058
f 8065 8063 8059
f 8063 8060 8059
f 8066 8198 8060
f 8063 8066 8060
f 8091 8062 8061
f 8088 8091 8061
f 8091 8067 8062
f 8065 8072 8063
f 8072 8070 8063
f 8070 8066 8063
f 8200 8107 8064
f 8187 8200 8064
f 8071 8198 8066
f 8070 8071 8066
f 8091 8093 8067
f 8219 8191 8068
f 8156 8219 8068
f 8102 8073 8069
f 8072 8086 8070
f 8086 8083 8070
f 8083 8071 8070
f 8081 8198 8071
f 8083 8081 8071
f 8102 8104 8073
f 8104 8105 8073
f 8105 8076 8073
f 8181 8161 8074
f 8122 8181 8074
f 8199 8221 8075
f 8221 8140 8075
f 8105 8108 8076
f 8108 8078 8076
f 8184 8160 8077
f 8123 8184 8077
f 8108 8109 8078
f 8109 8080 8078
f 8201 8101 8079
f 8101 8084 8079
f 8109 8112 8080
f 8112 8085 8080
f 8094 8198 8081
f 8083 8095 8081
f 8095 8094 8081
f 8130 8331 8082
f 8331 8257 8082
f 8086 8096 8083
f 8096 8095 8083
f 8101 8103 8084
f 8103 8089 8084
f 8114 8087 8085
f 8112 8114 8085
f 8636 8096 8086
f 8115 8088 8087
f 8114 8115 8087
f 8117 8091 8088
f 8115 8117 8088
f 8665 8721 8089
f 8116 8665 8089
f 8103 8116 8089
f 8194 8220 8090
f 8220 8172 8090
f 8117 8093 8091
f 8185 8173 8092
f 8124 8185 8092
f 8117 8119 8093
f 8106 8198 8094
f 8095 8111 8094
f 8111 8106 8094
f 8096 8120 8095
f 8120 8111 8095
f 8636 8120 8096
f 8098 8206 8097
f 8206 8100 8097
f 8177 8252 8098
f 8252 8206 8098
f 8178 8177 8098
f 8099 8178 8098
f 8183 8178 8099
f 8110 8183 8099
f 8207 8118 8100
f 8206 8207 8100
f 8208 8469 8101
f 8201 8208 8101
f 8469 8103 8101
f 8129 8104 8102
f 8469 8470 8103
f 8470 8471 8103
f 8471 8472 8103
f 8472 8474 8103
f 8474 8116 8103
f 8129 8132 8104
f 8132 8134 8104
f 8134 8105 8104
f 8134 8136 8105
f 8136 8108 8105
f 8204 8198 8106
f 8138 8204 8106
f 8111 8139 8106
f 8139 8138 8106
f 8215 8155 8107
f 8200 8215 8107
f 8136 8135 8108
f 8135 8109 8108
f 8135 8133 8109
f 8133 8112 8109
f 8188 8183 8110
f 8125 8188 8110
f 8120 8141 8111
f 8141 8139 8111
f 8133 8131 8112
f 8131 8114 8112
f 8182 8180 8113
f 8128 8115 8114
f 8131 8128 8114
f 8127 8117 8115
f 8128 8127 8115
f 8549 8665 8116
f 8496 8549 8116
f 8474 8476 8116
f 8476 8479 8116
f 8479 8486 8116
f 8486 8491 8116
f 8491 8496 8116
f 8127 8119 8117
f 8212 8137 8118
f 8207 8212 8118
f 8127 8126 8119
f 8636 8447 8120
f 8447 8141 8120
f 8233 8216 8121
f 8170 8233 8121
f 8196 8181 8122
f 8160 8196 8122
f 10246 8184 8123
f 10219 10246 8123
f 8197 8185 8124
f 8161 8197 8124
f 8193 8188 8125
f 8150 8193 8125
f 8127 8143 8126
f 8143 8142 8126
f 8128 8143 8127
f 8131 8144 8128
f 8144 8143 8128
f 8154 8132 8129
f 8174 8250 8130
f 8250 8331 8130
f 8133 8146 8131
f 8146 8144 8131
f 8154 8153 8132
f 8153 8151 8132
f 8151 8134 8132
f 8135 8147 8133
f 8147 8146 8133
f 8151 8149 8134
f 8149 8136 8134
f 8136 8148 8135
f 8148 8147 8135
f 8149 8148 8136
f 8218 8157 8137
f 8212 8218 8137
f 8266 8204 8138
f 8267 8266 8138
f 8139 8269 8138
f 8269 8268 8138
f 8268 8267 8138
f 8273 8272 8139
f 8141 8280 8139
f 8280 8276 8139
f 8276 8273 8139
f 8272 8271 8139
f 8271 8269 8139
f 8221 8241 8140
f 8241 8176 8140
f 8447 8345 8141
f 8345 8288 8141
f 8288 8283 8141
f 8283 8280 8141
f 8143 8159 8142
f 8159 8158 8142
f 8144 8162 8143
f 8162 8159 8143
f 8146 8163 8144
f 8163 8162 8144
f 8239 8213 8145
f 8191 8239 8145
f 8147 8164 8146
f 8164 8163 8146
f 8148 8165 8147
f 8165 8164 8147
f 8149 8167 8148
f 8167 8166 8148
f 8166 8165 8148
f 8151 8168 8149
f 8168 8167 8149
f 8203 8193 8150
f 8173 8203 8150
f 8153 8169 8151
f 8169 8168 8151
f 8189 8194 8152
f 8154 8171 8153
f 8171 8169 8153
f 8227 8179 8155
f 8215 8227 8155
f 8242 8219 8156
f 8190 8242 8156
f 8226 8175 8157
f 8218 8226 8157
f 8159 8408 8158
f 8408 8406 8158
f 8162 8410 8159
f 8410 8408 8159
f 8211 8196 8160
f 8184 8211 8160
f 8210 8197 8161
f 8181 8210 8161
f 8163 8411 8162
f 8411 8410 8162
f 8164 8414 8163
f 8414 8411 8163
f 8165 8415 8164
f 8415 8414 8164
f 8166 8416 8165
f 8416 8415 8165
f 8167 8420 8166
f 8420 8416 8166
f 8168 8423 8167
f 8423 8420 8167
f 8169 8425 8168
f 8425 8423 8168
f 8171 8426 8169
f 8426 8425 8169
f 8244 8233 8170
f 8186 8244 8170
f 8220 8248 8172
f 8248 8199 8172
f 8214 8203 8173
f 8185 8214 8173
f 10262 8250 8174
f 10170 10262 8174
f 8234 8187 8175
f 8226 8234 8175
f 8241 8255 8176
f 8255 8192 8176
f 8953 8710 8177
f 8710 8252 8177
f 9865 9721 8177
f 9721 9426 8177
f 9426 9218 8177
f 9218 9140 8177
f 9140 9032 8177
f 9032 8953 8177
f 9864 9865 8177
f 8178 9864 8177
f 9876 9872 8178
f 9872 9868 8178
f 9868 9866 8178
f 9866 9864 8178
f 8183 9876 8178
f 10266 10213 8179
f 8240 10266 8179
f 8227 8240 8179
f 8223 8195 8180
f 8182 8223 8180
f 8222 8210 8181
f 8196 8222 8181
f 8249 8223 8182
f 8213 8249 8182
f 8188 9876 8183
f 10267 8211 8184
f 10246 10267 8184
f 8224 8214 8185
f 8197 8224 8185
f 8251 8244 8186
f 8198 8251 8186
f 8243 8200 8187
f 8234 8243 8187
f 9887 9876 8188
f 8193 9906 8188
f 9906 9898 8188
f 9898 9887 8188
f 8238 8265 8189
f 8265 8194 8189
f 8262 8242 8190
f 8216 8262 8190
f 8263 8239 8191
f 8219 8263 8191
f 8255 8308 8192
f 8308 8201 8192
f 9930 9927 8193
f 9927 9918 8193
f 9918 9906 8193
f 8203 9930 8193
f 8265 8220 8194
f 8223 8245 8195
f 8245 8229 8195
f 8229 8228 8195
f 8237 8222 8196
f 8211 8237 8196
f 8236 8224 8197
f 8210 8236 8197
f 8256 8251 8198
f 8204 8256 8198
f 8248 8318 8199
f 8318 8221 8199
f 8253 8215 8200
f 8243 8253 8200
f 8308 8354 8201
f 8354 8208 8201
f 8205 8482 8202
f 8482 8462 8202
f 8214 9930 8203
f 8266 8256 8204
f 8209 8531 8205
f 8531 8482 8205
f 8252 8207 8206
f 8254 8212 8207
f 8252 8254 8207
f 8368 8469 8208
f 8354 8368 8208
f 8217 8584 8209
f 8584 8531 8209
f 8247 8236 8210
f 8222 8247 8210
f 10285 8237 8211
f 10267 10285 8211
f 8254 8261 8212
f 8261 8218 8212
f 8343 8249 8213
f 8239 8343 8213
f 9964 9930 8214
f 8224 10005 8214
f 10005 9984 8214
f 9984 9964 8214
f 8279 8227 8215
f 8253 8279 8215
f 8355 8262 8216
f 8233 8355 8216
f 8225 8633 8217
f 8633 8584 8217
f 8261 8282 8218
f 8282 8226 8218
f 8374 8263 8219
f 8242 8374 8219
f 8265 8385 8220
f 8385 8248 8220
f 8318 8394 8221
f 8394 8241 8221
f 8259 8247 8222
f 8237 8259 8222
f 8249 8260 8223
f 8260 8258 8223
f 8258 8245 8223
f 10010 10005 8224
f 8236 10039 8224
f 10039 10020 8224
f 10020 10010 8224
f 8235 8677 8225
f 8677 8633 8225
f 8282 8338 8226
f 8338 8234 8226
f 8358 8240 8227
f 8279 8358 8227
f 9091 9130 8228
f 8231 9091 8228
f 8229 8231 8228
f 8245 8300 8229
f 8300 8324 8229
f 8324 8339 8229
f 8339 8231 8229
f 8339 8352 8231
f 8352 8362 8231
f 8380 9091 8231
f 8362 8370 8231
f 8370 8380 8231
f 8395 8355 8233
f 8244 8395 8233
f 8372 8243 8234
f 8338 8372 8234
f 8246 8715 8235
f 8715 8677 8235
f 10058 10048 8236
f 10048 10039 8236
f 8247 10075 8236
f 10075 10063 8236
f 10063 10058 8236
f 10302 8259 8237
f 10285 10302 8237
f 8406 8422 8238
f 8422 8432 8238
f 8432 8453 8238
f 8453 8477 8238
f 8477 8524 8238
f 8524 8556 8238
f 8556 8265 8238
f 8263 8383 8239
f 8369 8343 8239
f 8383 8369 8239
f 10306 10266 8240
f 8392 10306 8240
f 8358 8392 8240
f 8394 8493 8241
f 8493 8255 8241
f 8441 8374 8242
f 8262 8441 8242
f 8399 8253 8243
f 8372 8399 8243
f 8430 8395 8244
f 8251 8430 8244
f 8258 8264 8245
f 8264 8270 8245
f 8270 8300 8245
f 8257 8766 8246
f 8766 8715 8246
f 10093 10075 8247
f 8259 10122 8247
f 10122 10107 8247
f 10107 10093 8247
f 8385 8512 8248
f 8512 8318 8248
f 8343 8340 8249
f 8340 8260 8249
f 10314 8384 8250
f 10262 10314 8250
f 8384 8331 8250
f 8256 8430 8251
f 8710 8254 8252
f 8448 8279 8253
f 8399 8448 8253
f 8722 8261 8254
f 8710 8722 8254
f 8493 8619 8255
f 8619 8308 8255
f 8346 8360 8256
f 8360 8373 8256
f 8373 8390 8256
f 8390 8402 8256
f 8402 8428 8256
f 8428 8438 8256
f 8266 8274 8256
f 8274 8284 8256
f 8284 8287 8256
f 8287 8299 8256
f 8299 8312 8256
f 8312 8330 8256
f 8330 8346 8256
f 8438 8430 8256
f 8331 8811 8257
f 8811 8766 8257
f 8260 8264 8258
f 10321 10122 8259
f 10302 10321 8259
f 8340 8264 8260
f 8735 8282 8261
f 8722 8735 8261
f 8355 8441 8262
f 8374 8383 8263
f 8387 8270 8264
f 8340 8387 8264
f 8656 8385 8265
f 8607 8656 8265
f 8556 8579 8265
f 8579 8607 8265
f 8267 8275 8266
f 8275 8274 8266
f 8268 8277 8267
f 8277 8275 8267
f 8269 8278 8268
f 8278 8277 8268
f 8271 8281 8269
f 8281 8278 8269
f 8387 8398 8270
f 8398 8300 8270
f 8272 8285 8271
f 8285 8281 8271
f 8273 8289 8272
f 8289 8285 8272
f 8276 8293 8273
f 8293 8289 8273
f 8286 8284 8274
f 8275 8286 8274
f 8277 8286 8275
f 8280 8297 8276
f 8297 8293 8276
f 8291 8286 8277
f 8278 8291 8277
f 8294 8291 8278
f 8281 8294 8278
f 8559 8358 8279
f 8448 8559 8279
f 8283 8302 8280
f 8302 8297 8280
f 8296 8294 8281
f 8285 8296 8281
f 8762 8338 8282
f 8735 8762 8282
f 8288 8306 8283
f 8306 8302 8283
f 8290 8287 8284
f 8286 8290 8284
f 8301 8296 8285
f 8289 8301 8285
f 8291 8290 8286
f 8303 8299 8287
f 8290 8303 8287
f 8345 8306 8288
f 8305 8301 8289
f 8293 8305 8289
f 8292 8303 8290
f 8291 8292 8290
f 8294 8292 8291
f 8307 8303 8292
f 8295 8307 8292
f 8294 8295 8292
f 8310 8305 8293
f 8297 8310 8293
f 8296 8295 8294
f 8311 8307 8295
f 8298 8311 8295
f 8296 8298 8295
f 8301 8298 8296
f 8314 8310 8297
f 8302 8314 8297
f 8315 8311 8298
f 8304 8315 8298
f 8301 8304 8298
f 8316 8312 8299
f 8303 8316 8299
f 8398 8418 8300
f 8418 8324 8300
f 8305 8304 8301
f 8306 8323 8302
f 8323 8319 8302
f 8319 8314 8302
f 8307 8316 8303
f 8320 8315 8304
f 8309 8320 8304
f 8305 8309 8304
f 8310 8309 8305
f 8345 8376 8306
f 8376 8323 8306
f 8321 8316 8307
f 8311 8321 8307
f 8619 8673 8308
f 8673 8354 8308
f 8325 8320 8309
f 8313 8325 8309
f 8310 8313 8309
f 8314 8313 8310
f 8326 8321 8311
f 8315 8326 8311
f 8332 8330 8312
f 8316 8332 8312
f 8314 8317 8313
f 8317 8328 8313
f 8328 8325 8313
f 8319 8317 8314
f 8329 8326 8315
f 8320 8329 8315
f 8321 8332 8316
f 8319 8322 8317
f 8322 8333 8317
f 8333 8328 8317
f 8512 8661 8318
f 8661 8394 8318
f 8323 8327 8319
f 8327 8322 8319
f 8334 8329 8320
f 8325 8334 8320
f 8335 8332 8321
f 8326 8335 8321
f 8327 8342 8322
f 8342 8336 8322
f 8336 8333 8322
f 8376 8327 8323
f 8418 8445 8324
f 8445 8339 8324
f 8328 8337 8325
f 8337 8334 8325
f 8341 8335 8326
f 8329 8341 8326
f 8376 8342 8327
f 8333 8344 8328
f 8344 8337 8328
f 8347 8341 8329
f 8334 8347 8329
f 8349 8346 8330
f 8332 8349 8330
f 8384 8855 8331
f 8855 8811 8331
f 8335 8349 8332
f 8336 8348 8333
f 8348 8344 8333
f 8337 8350 8334
f 8350 8347 8334
f 8353 8349 8335
f 8341 8353 8335
f 8342 8356 8336
f 8356 8351 8336
f 8351 8348 8336
f 8344 8357 8337
f 8357 8350 8337
f 8783 8372 8338
f 8762 8783 8338
f 8445 8490 8339
f 8490 8352 8339
f 8343 8387 8340
f 8359 8353 8341
f 8347 8359 8341
f 8376 8356 8342
f 8369 8387 8343
f 8348 8361 8344
f 8361 8357 8344
f 8447 8376 8345
f 8363 8360 8346
f 8349 8363 8346
f 8350 8364 8347
f 8364 8359 8347
f 8351 8365 8348
f 8365 8361 8348
f 8353 8363 8349
f 8357 8367 8350
f 8367 8364 8350
f 8356 8378 8351
f 8378 8371 8351
f 8371 8365 8351
f 8490 8548 8352
f 8548 8362 8352
f 8366 8363 8353
f 8359 8366 8353
f 8673 8707 8354
f 8707 8368 8354
f 8484 8483 8355
f 8483 8467 8355
f 8467 8441 8355
f 8395 8484 8355
f 8407 8378 8356
f 8376 8407 8356
f 8361 8377 8357
f 8377 8367 8357
f 8635 8392 8358
f 8559 8635 8358
f 8364 8375 8359
f 8375 8366 8359
f 8379 8373 8360
f 8363 8379 8360
f 8365 8382 8361
f 8382 8377 8361
f 8548 8589 8362
f 8589 8370 8362
f 8366 8379 8363
f 8367 8381 8364
f 8381 8375 8364
f 8371 8388 8365
f 8388 8382 8365
f 8375 8386 8366
f 8386 8379 8366
f 8377 8389 8367
f 8389 8381 8367
f 8578 8563 8368
f 8727 8741 8368
f 8741 8709 8368
f 8709 8667 8368
f 8509 8497 8368
f 8667 8631 8368
f 8631 8594 8368
f 8594 8578 8368
f 8563 8542 8368
f 8542 8519 8368
f 8519 8509 8368
f 8478 8469 8368
f 8497 8478 8368
f 8707 8727 8368
f 8383 8387 8369
f 8589 8622 8370
f 8622 8380 8370
f 8378 8400 8371
f 8400 8393 8371
f 8393 8388 8371
f 8819 8399 8372
f 8783 8819 8372
f 8379 8396 8373
f 8396 8390 8373
f 8441 8440 8374
f 8440 8419 8374
f 8419 8405 8374
f 8405 8383 8374
f 8381 8391 8375
f 8391 8386 8375
f 8617 8407 8376
f 8447 8528 8376
f 8528 8617 8376
f 8382 8397 8377
f 8397 8389 8377
f 8407 8400 8378
f 8386 8396 8379
f 8649 9091 8380
f 8622 8649 8380
f 8389 8401 8381
f 8401 8391 8381
f 8388 8404 8382
f 8404 8397 8382
f 8454 8387 8383
f 8405 8454 8383
f 10339 8855 8384
f 10314 10339 8384
f 8675 8693 8385
f 8693 8724 8385
f 8724 8512 8385
f 8656 8675 8385
f 8391 8403 8386
f 8403 8396 8386
f 8521 8398 8387
f 8454 8521 8387
f 8393 8417 8388
f 8417 8404 8388
f 8397 8413 8389
f 8413 8401 8389
f 8396 8412 8390
f 8412 8402 8390
f 8401 8421 8391
f 8421 8403 8391
f 10344 10306 8392
f 8688 10344 8392
f 8635 8688 8392
f 8400 8409 8393
f 8409 8433 8393
f 8433 8417 8393
f 8661 8736 8394
f 8736 8493 8394
f 8430 8484 8395
f 8403 8412 8396
f 8404 8435 8397
f 8435 8413 8397
f 8583 8418 8398
f 8521 8583 8398
f 8854 8448 8399
f 8819 8854 8399
f 8514 8409 8400
f 8407 8514 8400
f 8413 8444 8401
f 8444 8421 8401
f 8412 8451 8402
f 8451 8428 8402
f 8421 8436 8403
f 8436 8412 8403
f 8417 8461 8404
f 8461 8435 8404
f 8419 8454 8405
f 8424 8422 8406
f 8408 8424 8406
f 8687 8514 8407
f 8617 8687 8407
f 8410 8427 8408
f 8427 8424 8408
f 8514 8458 8409
f 8458 8433 8409
f 8411 8429 8410
f 8429 8427 8410
f 8414 8431 8411
f 8431 8429 8411
f 8436 8455 8412
f 8455 8451 8412
f 8435 8487 8413
f 8487 8444 8413
f 8415 8434 8414
f 8434 8431 8414
f 8416 8434 8415
f 8420 8439 8416
f 8439 8434 8416
f 8433 8517 8417
f 8517 8461 8417
f 8627 8445 8418
f 8583 8627 8418
f 8440 8454 8419
f 8423 8442 8420
f 8442 8439 8420
f 8444 8468 8421
f 8468 8436 8421
f 8424 8437 8422
f 8437 8432 8422
f 8425 8446 8423
f 8446 8442 8423
f 8427 8437 8424
f 8426 8450 8425
f 8450 8446 8425
f 9270 8450 8426
f 8429 8443 8427
f 8443 8437 8427
f 8465 8438 8428
f 8451 8465 8428
f 8431 8449 8429
f 8449 8443 8429
f 8466 8484 8430
f 8438 8456 8430
f 8456 8466 8430
f 8434 8452 8431
f 8452 8449 8431
f 8437 8459 8432
f 8459 8453 8432
f 8458 8498 8433
f 8498 8566 8433
f 8566 8517 8433
f 8439 8457 8434
f 8457 8452 8434
f 8461 8552 8435
f 8552 8487 8435
f 8503 8455 8436
f 8468 8523 8436
f 8523 8503 8436
f 8443 8459 8437
f 8465 8508 8438
f 8508 8456 8438
f 8442 8460 8439
f 8460 8457 8439
f 8441 8454 8440
f 8467 8544 8441
f 8544 8454 8441
f 8446 8464 8442
f 8464 8460 8442
f 8449 8463 8443
f 8463 8459 8443
f 8487 8540 8444
f 8540 8468 8444
f 8663 8490 8445
f 8627 8663 8445
f 8450 8481 8446
f 8481 8473 8446
f 8473 8464 8446
f 8636 8528 8447
f 8880 8559 8448
f 8854 8880 8448
f 8452 8475 8449
f 8475 8463 8449
f 9270 8481 8450
f 8455 8465 8451
f 8457 8489 8452
f 8489 8475 8452
f 8459 8494 8453
f 8494 8477 8453
f 8544 8600 8454
f 8600 8521 8454
f 8541 8465 8455
f 8503 8541 8455
f 8508 8466 8456
f 8460 8500 8457
f 8500 8489 8457
f 8644 8498 8458
f 8514 8644 8458
f 8463 8494 8459
f 8464 8507 8460
f 8507 8500 8460
f 8517 8598 8461
f 8598 8552 8461
f 8482 8899 8462
f 8899 8897 8462
f 8475 8506 8463
f 8506 8494 8463
f 8473 8520 8464
f 8520 8507 8464
f 8541 8577 8465
f 8577 8508 8465
f 8508 8484 8466
f 8483 8544 8467
f 8574 8523 8468
f 8540 8595 8468
f 8595 8574 8468
f 8478 8470 8469
f 8480 8471 8470
f 8478 8480 8470
f 8480 8485 8471
f 8485 8472 8471
f 8485 8488 8472
f 8488 8474 8472
f 8481 8539 8473
f 8539 8532 8473
f 8532 8520 8473
f 8488 8492 8474
f 8492 8476 8474
f 8489 8522 8475
f 8522 8506 8475
f 8492 8495 8476
f 8495 8479 8476
f 8494 8536 8477
f 8536 8524 8477
f 8497 8480 8478
f 8495 8501 8479
f 8501 8486 8479
f 8497 8499 8480
f 8499 8502 8480
f 8502 8485 8480
f 9270 8539 8481
f 8531 8912 8482
f 8912 8899 8482
f 8484 8554 8483
f 8554 8544 8483
f 8508 8554 8484
f 8502 8505 8485
f 8505 8488 8485
f 8501 8504 8486
f 8504 8491 8486
f 8552 8597 8487
f 8597 8540 8487
f 8505 8511 8488
f 8511 8492 8488
f 8500 8534 8489
f 8534 8522 8489
f 8696 8548 8490
f 8663 8696 8490
f 8504 8510 8491
f 8510 8496 8491
f 8511 8515 8492
f 8515 8495 8492
f 8827 8619 8493
f 8736 8807 8493
f 8807 8827 8493
f 8506 8536 8494
f 8515 8525 8495
f 8525 8501 8495
f 8614 8549 8496
f 8516 8614 8496
f 8510 8516 8496
f 8509 8499 8497
f 8719 8606 8498
f 8644 8719 8498
f 8606 8566 8498
f 8509 8513 8499
f 8513 8518 8499
f 8518 8502 8499
f 8507 8546 8500
f 8546 8534 8500
f 8525 8530 8501
f 8530 8504 8501
f 8518 8527 8502
f 8527 8505 8502
f 8523 8541 8503
f 8530 8537 8504
f 8537 8510 8504
f 8527 8533 8505
f 8533 8511 8505
f 8522 8551 8506
f 8551 8536 8506
f 8520 8557 8507
f 8557 8546 8507
f 8577 8554 8508
f 8519 8513 8509
f 8537 8516 8510
f 8533 8538 8511
f 8538 8515 8511
f 8771 8661 8512
f 8724 8730 8512
f 8730 8771 8512
f 8519 8526 8513
f 8526 8529 8513
f 8529 8518 8513
f 8750 8644 8514
f 8687 8750 8514
f 8538 8547 8515
f 8547 8525 8515
f 8545 8614 8516
f 8537 8545 8516
f 8566 8641 8517
f 8641 8598 8517
f 8529 8535 8518
f 8535 8527 8518
f 8542 8526 8519
f 8532 8565 8520
f 8565 8557 8520
f 8600 8648 8521
f 8648 8583 8521
f 8534 8562 8522
f 8562 8551 8522
f 8608 8541 8523
f 8574 8608 8523
f 8536 8568 8524
f 8568 8556 8524
f 8547 8555 8525
f 8555 8530 8525
f 8542 8550 8526
f 8550 8558 8526
f 8558 8529 8526
f 8535 8543 8527
f 8543 8533 8527
f 8712 8617 8528
f 8672 8712 8528
f 8636 8672 8528
f 8558 8564 8529
f 8564 8535 8529
f 8555 8561 8530
f 8561 8537 8530
f 8584 8920 8531
f 8920 8912 8531
f 8539 8582 8532
f 8582 8573 8532
f 8573 8565 8532
f 8543 8553 8533
f 8553 8538 8533
f 8546 8572 8534
f 8572 8562 8534
f 8564 8571 8535
f 8571 8543 8535
f 8551 8568 8536
f 8561 8545 8537
f 8553 8560 8538
f 8560 8547 8538
f 9270 8582 8539
f 8629 8595 8540
f 8597 8654 8540
f 8654 8629 8540
f 8608 8632 8541
f 8632 8577 8541
f 8563 8550 8542
f 8571 8580 8543
f 8580 8553 8543
f 8554 8609 8544
f 8609 8600 8544
f 8570 8614 8545
f 8561 8570 8545
f 8557 8585 8546
f 8585 8572 8546
f 8560 8567 8547
f 8567 8555 8547
f 8720 8589 8548
f 8696 8720 8548
f 8701 8665 8549
f 8614 8701 8549
f 8563 8569 8550
f 8569 8576 8550
f 8576 8558 8550
f 8562 8581 8551
f 8581 8568 8551
f 8598 8645 8552
f 8645 8597 8552
f 8580 8590 8553
f 8590 8560 8553
f 8577 8609 8554
f 8567 8575 8555
f 8575 8561 8555
f 8568 8579 8556
f 8565 8592 8557
f 8592 8585 8557
f 8576 8588 8558
f 8588 8564 8558
f 8904 8635 8559
f 8880 8904 8559
f 8590 8599 8560
f 8599 8567 8560
f 8575 8570 8561
f 8572 8591 8562
f 8591 8581 8562
f 8578 8569 8563
f 8588 8596 8564
f 8596 8571 8564
f 8573 8601 8565
f 8601 8592 8565
f 8669 8641 8566
f 8606 8669 8566
f 8599 8611 8567
f 8611 8575 8567
f 8607 8579 8568
f 8620 8607 8568
f 8581 8620 8568
f 8578 8587 8569
f 8587 8593 8569
f 8593 8576 8569
f 8670 8614 8570
f 8586 8670 8570
f 8575 8586 8570
f 8596 8605 8571
f 8605 8580 8571
f 8585 8603 8572
f 8603 8591 8572
f 8582 8618 8573
f 8618 8610 8573
f 8610 8601 8573
f 8595 8608 8574
f 8611 8586 8575
f 8593 8604 8576
f 8604 8588 8576
f 8632 8609 8577
f 8594 8587 8578
f 8605 8616 8580
f 8616 8590 8580
f 8591 8630 8581
f 8630 8620 8581
f 9270 8618 8582
f 8648 8685 8583
f 8685 8627 8583
f 8633 8936 8584
f 8936 8920 8584
f 8592 8613 8585
f 8613 8603 8585
f 8621 8670 8586
f 8611 8621 8586
f 8594 8602 8587
f 8602 8612 8587
f 8612 8593 8587
f 8604 8615 8588
f 8615 8596 8588
f 8749 8622 8589
f 8720 8749 8589
f 8616 8626 8590
f 8626 8599 8590
f 8603 8643 8591
f 8643 8630 8591
f 8601 8623 8592
f 8623 8613 8592
f 8612 8624 8593
f 8624 8604 8593
f 8631 8602 8594
f 8660 8608 8595
f 8629 8660 8595
f 8615 8625 8596
f 8625 8605 8596
f 8674 8654 8597
f 8645 8698 8597
f 8698 8674 8597
f 8641 8683 8598
f 8683 8645 8598
f 8626 8639 8599
f 8639 8611 8599
f 8609 8655 8600
f 8655 8648 8600
f 8610 8628 8601
f 8628 8623 8601
f 8631 8642 8602
f 8642 8652 8602
f 8652 8612 8602
f 8613 8653 8603
f 8653 8643 8603
f 8624 8634 8604
f 8634 8615 8604
f 8625 8637 8605
f 8637 8616 8605
f 8799 8682 8606
f 8719 8799 8606
f 8682 8669 8606
f 8620 8664 8607
f 8664 8656 8607
f 8660 8679 8608
f 8679 8632 8608
f 8632 8655 8609
f 8618 8647 8610
f 8647 8640 8610
f 8640 8628 8610
f 8638 8621 8611
f 8639 8638 8611
f 8652 8662 8612
f 8662 8624 8612
f 8623 8659 8613
f 8659 8653 8613
f 8670 8701 8614
f 8634 8646 8615
f 8646 8625 8615
f 8637 8650 8616
f 8650 8626 8616
f 8774 8687 8617
f 8712 8774 8617
f 9270 8647 8618
f 8827 8825 8619
f 8825 8673 8619
f 8630 8664 8620
f 8638 8670 8621
f 8749 8649 8622
f 8628 8666 8623
f 8666 8659 8623
f 8662 8676 8624
f 8676 8634 8624
f 8646 8657 8625
f 8657 8637 8625
f 8650 8658 8626
f 8658 8639 8626
f 8685 8716 8627
f 8716 8663 8627
f 8640 8678 8628
f 8678 8666 8628
f 8654 8660 8629
f 8643 8680 8630
f 8680 8664 8630
f 8667 8642 8631
f 8679 8655 8632
f 8677 8955 8633
f 8955 8936 8633
f 8676 8691 8634
f 8691 8646 8634
f 8927 8688 8635
f 8904 8927 8635
f 8705 8672 8636
f 8657 8668 8637
f 8668 8650 8637
f 8728 8670 8638
f 8651 8728 8638
f 8639 8651 8638
f 8658 8651 8639
f 8647 8695 8640
f 8695 8686 8640
f 8686 8678 8640
f 8711 8683 8641
f 8669 8711 8641
f 8667 8681 8642
f 8681 8692 8642
f 8692 8652 8642
f 8653 8690 8643
f 8690 8680 8643
f 8824 8719 8644
f 8750 8824 8644
f 8713 8698 8645
f 8683 8746 8645
f 8746 8713 8645
f 8691 8703 8646
f 8703 8657 8646
f 9270 8695 8647
f 8655 8694 8648
f 8694 8685 8648
f 8777 9091 8649
f 8749 8777 8649
f 8668 8684 8650
f 8684 8658 8650
f 8671 8728 8651
f 8658 8671 8651
f 8692 8706 8652
f 8706 8662 8652
f 8659 8699 8653
f 8699 8690 8653
f 8674 8660 8654
f 8679 8694 8655
f 8664 8675 8656
f 8703 8723 8657
f 8723 8668 8657
f 8689 8671 8658
f 8684 8689 8658
f 8666 8708 8659
f 8708 8699 8659
f 8674 8704 8660
f 8704 8717 8660
f 8717 8679 8660
f 8771 8791 8661
f 8791 8736 8661
f 8706 8726 8662
f 8726 8676 8662
f 8716 8756 8663
f 8756 8696 8663
f 8702 8675 8664
f 8680 8702 8664
f 8755 8721 8665
f 8701 8755 8665
f 8678 8718 8666
f 8718 8708 8666
f 8709 8681 8667
f 8723 8740 8668
f 8740 8684 8668
f 8733 8752 8669
f 8700 8733 8669
f 8752 8711 8669
f 8682 8700 8669
f 8747 8701 8670
f 8728 8747 8670
f 8689 8728 8671
f 8705 8734 8672
f 8734 8779 8672
f 8779 8712 8672
f 8816 8707 8673
f 8825 8823 8673
f 8823 8816 8673
f 8698 8704 8674
f 8702 8693 8675
f 8726 8748 8676
f 8748 8691 8676
f 8715 8969 8677
f 8969 8955 8677
f 8686 8732 8678
f 8732 8718 8678
f 8717 8694 8679
f 8690 8714 8680
f 8714 8702 8680
f 8709 8725 8681
f 8725 8742 8681
f 8742 8692 8681
f 8799 8700 8682
f 8793 8763 8683
f 8763 8746 8683
f 8711 8793 8683
f 8697 8689 8684
f 8738 8697 8684
f 8740 8738 8684
f 8694 8729 8685
f 8729 8716 8685
f 8695 8751 8686
f 8751 8739 8686
f 8739 8732 8686
f 8839 8750 8687
f 8774 8839 8687
f 10369 10344 8688
f 8949 10397 8688
f 10397 10369 8688
f 8927 8949 8688
f 8789 8728 8689
f 8697 8789 8689
f 8699 8731 8690
f 8731 8714 8690
f 8748 8772 8691
f 8772 8703 8691
f 8742 8768 8692
f 8768 8706 8692
f 8737 8724 8693
f 8702 8737 8693
f 8717 8729 8694
f 9270 8751 8695
f 8756 8790 8696
f 8790 8720 8696
f 8738 8789 8697
f 8713 8704 8698
f 8708 8743 8699
f 8743 8731 8699
f 8744 8733 8700
f 8872 8744 8700
f 8799 8872 8700
f 8747 8755 8701
f 8714 8737 8702
f 8772 8797 8703
f 8797 8723 8703
f 8713 8754 8704
f 8754 8767 8704
f 8767 8717 8704
f 8745 8734 8705
f 8768 8795 8706
f 8795 8726 8706
f 8778 8727 8707
f 8816 8806 8707
f 8806 8778 8707
f 8718 8760 8708
f 8760 8743 8708
f 8741 8759 8709
f 8759 8725 8709
f 8953 8722 8710
f 8842 8805 8711
f 8805 8793 8711
f 8752 8842 8711
f 8834 8774 8712
f 8779 8834 8712
f 8746 8754 8713
f 8731 8758 8714
f 8758 8737 8714
f 8766 8984 8715
f 8984 8969 8715
f 8729 8769 8716
f 8769 8756 8716
f 8767 8729 8717
f 8732 8770 8718
f 8770 8760 8718
f 8886 8799 8719
f 8824 8886 8719
f 8790 8830 8720
f 8830 8749 8720
f 8782 8753 8721
f 8755 8782 8721
f 8957 8735 8722
f 8953 8957 8722
f 8797 8826 8723
f 8826 8740 8723
f 8737 8730 8724
f 8759 8761 8725
f 8761 8776 8725
f 8776 8742 8725
f 8795 8829 8726
f 8829 8748 8726
f 8778 8741 8727
f 8800 8747 8728
f 8789 8800 8728
f 8767 8769 8729
f 8737 8771 8730
f 8743 8773 8731
f 8773 8758 8731
f 8739 8781 8732
f 8781 8770 8732
f 8831 8785 8733
f 8744 8831 8733
f 8785 8752 8733
f 8745 8775 8734
f 8775 8818 8734
f 8818 8779 8734
f 8965 8762 8735
f 8957 8965 8735
f 8820 8807 8736
f 8791 8801 8736
f 8801 8820 8736
f 8786 8771 8737
f 8758 8786 8737
f 8858 8789 8738
f 8765 8858 8738
f 8740 8765 8738
f 8751 8808 8739
f 8808 8794 8739
f 8794 8781 8739
f 8796 8765 8740
f 8826 8796 8740
f 8788 8759 8741
f 8778 8788 8741
f 8776 8780 8742
f 8780 8803 8742
f 8803 8768 8742
f 8760 8784 8743
f 8784 8773 8743
f 8921 8831 8744
f 8872 8921 8744
f 8757 8775 8745
f 8763 8754 8746
f 8798 8755 8747
f 8800 8798 8747
f 8829 8860 8748
f 8860 8772 8748
f 8830 8777 8749
f 8891 8824 8750
f 8839 8891 8750
f 9270 8808 8751
f 8841 8846 8752
f 8785 8841 8752
f 8846 8842 8752
f 8787 8764 8753
f 8782 8787 8753
f 8763 8802 8754
f 8802 8813 8754
f 8813 8767 8754
f 8798 8782 8755
f 8769 8810 8756
f 8810 8790 8756
f 8764 8787 8757
f 8787 8775 8757
f 8773 8809 8758
f 8809 8786 8758
f 8788 8761 8759
f 8770 8804 8760
f 8804 8784 8760
f 8792 8776 8761
f 8788 8792 8761
f 8972 8783 8762
f 8965 8972 8762
f 8793 8802 8763
f 8796 8858 8765
f 8811 8995 8766
f 8995 8984 8766
f 8813 8769 8767
f 8803 8814 8768
f 8814 8835 8768
f 8835 8795 8768
f 8813 8810 8769
f 8781 8821 8770
f 8821 8804 8770
f 8815 8791 8771
f 8786 8815 8771
f 8860 8885 8772
f 8885 8797 8772
f 8784 8832 8773
f 8832 8809 8773
f 8882 8839 8774
f 8834 8882 8774
f 8787 8833 8775
f 8833 8818 8775
f 8812 8780 8776
f 8792 8812 8776
f 9053 9091 8777
f 8861 9053 8777
f 8830 8861 8777
f 8806 8788 8778
f 8818 8868 8779
f 8868 8834 8779
f 8817 8803 8780
f 8812 8817 8780
f 8794 8836 8781
f 8836 8821 8781
f 8828 8787 8782
f 8798 8828 8782
f 8981 8819 8783
f 8972 8981 8783
f 8804 8849 8784
f 8849 8832 8784
f 8831 8894 8785
f 8894 8841 8785
f 8809 8815 8786
f 8828 8833 8787
f 8838 8792 8788
f 8806 8838 8788
f 8862 8800 8789
f 8858 8862 8789
f 8810 8847 8790
f 8847 8830 8790
f 8815 8801 8791
f 8838 8812 8792
f 8805 8802 8793
f 8808 8863 8794
f 8863 8850 8794
f 8850 8836 8794
f 8835 8848 8795
f 8848 8866 8795
f 8866 8829 8795
f 8853 8858 8796
f 8826 8853 8796
f 8885 8911 8797
f 8911 8826 8797
f 8851 8828 8798
f 8800 8851 8798
f 8931 8872 8799
f 8886 8931 8799
f 8862 8851 8800
f 8815 8843 8801
f 8843 8820 8801
f 8805 8852 8802
f 8852 8856 8802
f 8856 8813 8802
f 8840 8814 8803
f 8817 8840 8803
f 8821 8867 8804
f 8867 8849 8804
f 8842 8852 8805
f 8816 8838 8806
f 8820 8822 8807
f 8822 8827 8807
f 9238 8863 8808
f 9270 9238 8808
f 8832 8837 8809
f 8837 8815 8809
f 8813 8856 8810
f 8856 8847 8810
f 8855 9004 8811
f 9004 8995 8811
f 8838 8817 8812
f 8845 8835 8814
f 8840 8845 8814
f 8837 8843 8815
f 8823 8844 8816
f 8844 8838 8816
f 8859 8840 8817
f 8838 8859 8817
f 8833 8875 8818
f 8875 8868 8818
f 8988 8854 8819
f 8981 8988 8819
f 8843 8822 8820
f 8836 8879 8821
f 8879 8867 8821
f 8843 8827 8822
f 8825 8844 8823
f 8934 8886 8824
f 8891 8934 8824
f 8827 8844 8825
f 8911 8893 8826
f 8893 8870 8826
f 8870 8853 8826
f 8843 8844 8827
f 8871 8833 8828
f 8851 8871 8828
f 8866 8877 8829
f 8877 8892 8829
f 8892 8860 8829
f 8847 8861 8830
f 8921 8963 8831
f 8963 8894 8831
f 8849 8857 8832
f 8857 8837 8832
f 8871 8875 8833
f 8907 8882 8834
f 8868 8907 8834
f 8864 8848 8835
f 8845 8864 8835
f 8850 8895 8836
f 8895 8879 8836
f 8857 8865 8837
f 8865 8843 8837
f 8869 8859 8838
f 8844 8869 8838
f 8924 8891 8839
f 8882 8924 8839
f 8859 8845 8840
f 8938 8878 8841
f 8894 8938 8841
f 8878 8846 8841
f 8846 8852 8842
f 8865 8844 8843
f 8865 8869 8844
f 8881 8864 8845
f 8859 8881 8845
f 8878 8884 8846
f 8884 8852 8846
f 8856 8876 8847
f 8876 8861 8847
f 8874 8866 8848
f 8864 8874 8848
f 8867 8873 8849
f 8873 8857 8849
f 8863 8917 8850
f 8917 8905 8850
f 8905 8895 8850
f 8896 8871 8851
f 8862 8896 8851
f 8889 8856 8852
f 8884 8889 8852
f 8910 8858 8853
f 8898 8910 8853
f 8870 8898 8853
f 8997 8880 8854
f 8988 8997 8854
f 10387 9004 8855
f 10339 10387 8855
f 8889 8876 8856
f 8873 8883 8857
f 8883 8865 8857
f 8906 8862 8858
f 8910 8906 8858
f 8869 8887 8859
f 8887 8881 8859
f 8892 8908 8860
f 8908 8916 8860
f 8916 8885 8860
f 8876 9053 8861
f 8906 8896 8862
f 9238 8917 8863
f 8881 8874 8864
f 8883 8869 8865
f 8888 8877 8866
f 8874 8888 8866
f 8879 8890 8867
f 8890 8873 8867
f 8875 8915 8868
f 8915 8907 8868
f 8883 8887 8869
f 8893 8898 8870
f 8914 8875 8871
f 8896 8914 8871
f 8968 8921 8872
f 8931 8968 8872
f 8890 8901 8873
f 8901 8883 8873
f 8902 8888 8874
f 8881 8902 8874
f 8914 8915 8875
f 8889 9053 8876
f 8900 8892 8877
f 8888 8900 8877
f 8938 9024 8878
f 9024 8884 8878
f 8895 8903 8879
f 8903 8890 8879
f 9003 8904 8880
f 8997 9003 8880
f 8909 8902 8881
f 8887 8909 8881
f 8943 8924 8882
f 8907 8943 8882
f 8901 8887 8883
f 9024 8889 8884
f 8916 8930 8885
f 8930 8937 8885
f 8937 8911 8885
f 8970 8931 8886
f 8934 8970 8886
f 8901 8909 8887
f 8902 8900 8888
f 9024 9053 8889
f 8903 8919 8890
f 8919 8901 8890
f 8960 8934 8891
f 8924 8960 8891
f 8913 8908 8892
f 8900 8913 8892
f 8923 8898 8893
f 8911 8923 8893
f 8940 8938 8894
f 8963 8940 8894
f 8905 8918 8895
f 8918 8903 8895
f 8933 8914 8896
f 8906 8933 8896
f 8899 9014 8897
f 9014 9010 8897
f 8948 8910 8898
f 8939 8948 8898
f 8923 8939 8898
f 8912 9021 8899
f 9021 9014 8899
f 8922 8913 8900
f 8902 8922 8900
f 8919 8909 8901
f 8926 8922 8902
f 8909 8926 8902
f 8918 8935 8903
f 8935 8919 8903
f 9009 8927 8904
f 9003 9009 8904
f 8917 8941 8905
f 8941 8928 8905
f 8928 8918 8905
f 8945 8933 8906
f 8910 8945 8906
f 8951 8943 8907
f 8915 8951 8907
f 8925 8916 8908
f 8913 8925 8908
f 8919 8926 8909
f 8948 8945 8910
f 8952 8929 8911
f 8929 8923 8911
f 8959 8952 8911
f 8956 8959 8911
f 8937 8956 8911
f 8920 9028 8912
f 9028 9021 8912
f 8922 8925 8913
f 8946 8915 8914
f 8933 8946 8914
f 8946 8951 8915
f 8932 8930 8916
f 8925 8932 8916
f 9180 8941 8917
f 9238 9180 8917
f 8928 8950 8918
f 8950 8935 8918
f 8935 8926 8919
f 8936 9039 8920
f 9039 9028 8920
f 8968 8993 8921
f 8993 8963 8921
f 8944 8942 8922
f 8942 8925 8922
f 8926 8944 8922
f 8975 8939 8923
f 8929 8975 8923
f 8976 8960 8924
f 8943 8976 8924
f 8942 8932 8925
f 8935 8944 8926
f 8987 8949 8927
f 9025 8987 8927
f 9009 9025 8927
f 8941 8958 8928
f 8958 8964 8928
f 8964 8950 8928
f 8952 8975 8929
f 8947 8937 8930
f 8932 8947 8930
f 8994 8968 8931
f 8970 8994 8931
f 8942 8947 8932
f 8966 8946 8933
f 8945 8966 8933
f 8989 8970 8934
f 8960 8989 8934
f 8950 8944 8935
f 8955 9048 8936
f 9048 9039 8936
f 8954 8956 8937
f 8947 8954 8937
f 8940 9024 8938
f 8982 8948 8939
f 8975 8982 8939
f 8991 9024 8940
f 8963 8991 8940
f 9180 8958 8941
f 8962 8961 8942
f 8961 8947 8942
f 8944 8962 8942
f 8983 8976 8943
f 8951 8983 8943
f 8950 8962 8944
f 8979 8966 8945
f 8948 8979 8945
f 8966 8980 8946
f 8980 8951 8946
f 8961 8954 8947
f 8982 8979 8948
f 8987 10406 8949
f 10406 10397 8949
f 8964 8962 8950
f 8980 8983 8951
f 8973 8975 8952
f 8959 8973 8952
f 9032 8957 8953
f 8961 8967 8954
f 8967 8956 8954
f 8969 9061 8955
f 9061 9048 8955
f 8967 8959 8956
f 9037 8965 8957
f 9032 9037 8957
f 9169 8974 8958
f 9180 9169 8958
f 8974 8964 8958
f 8985 8973 8959
f 8971 8985 8959
f 8967 8971 8959
f 8998 8989 8960
f 8976 8998 8960
f 8977 8978 8961
f 8978 8967 8961
f 8962 8977 8961
f 8964 8977 8962
f 8993 9007 8963
f 9007 8991 8963
f 8974 8986 8964
f 8986 8977 8964
f 9045 8972 8965
f 9037 9045 8965
f 8979 8992 8966
f 8992 8980 8966
f 8978 8971 8967
f 8994 9008 8968
f 9008 8993 8968
f 8984 9076 8969
f 9076 9061 8969
f 9005 8994 8970
f 8989 9005 8970
f 8990 8985 8971
f 8978 8990 8971
f 9049 8981 8972
f 9045 9049 8972
f 9085 8996 8973
f 9123 9085 8973
f 8985 9123 8973
f 8996 8975 8973
f 9169 8986 8974
f 8996 9017 8975
f 9017 9001 8975
f 9001 8982 8975
f 9002 8998 8976
f 8983 9002 8976
f 8986 8990 8977
f 8990 8978 8977
f 8982 8999 8979
f 8999 8992 8979
f 9000 8983 8980
f 8992 9000 8980
f 9059 8988 8981
f 9049 9059 8981
f 9001 8999 8982
f 9000 9002 8983
f 8995 9093 8984
f 9093 9076 8984
f 8990 9123 8985
f 9169 8990 8986
f 9042 10419 8987
f 10419 10406 8987
f 9025 9042 8987
f 9069 8997 8988
f 9059 9069 8988
f 9011 9005 8989
f 8998 9011 8989
f 9169 9123 8990
f 9007 9024 8991
f 9006 9000 8992
f 8999 9006 8992
f 9008 9012 8993
f 9012 9007 8993
f 9005 9020 8994
f 9020 9018 8994
f 9018 9008 8994
f 9004 9034 8995
f 9034 9093 8995
f 9072 9017 8996
f 9085 9072 8996
f 9081 9003 8997
f 9069 9081 8997
f 9019 9011 8998
f 9002 9019 8998
f 9015 9006 8999
f 9001 9015 8999
f 9016 9002 9000
f 9006 9016 9000
f 9044 9015 9001
f 9017 9044 9001
f 9016 9019 9002
f 9096 9009 9003
f 9081 9096 9003
f 10410 9034 9004
f 10387 10410 9004
f 9022 9020 9005
f 9011 9022 9005
f 9036 9016 9006
f 9031 9036 9006
f 9015 9031 9006
f 9012 9023 9007
f 9023 9041 9007
f 9041 9024 9007
f 9018 9013 9008
f 9013 9012 9008
f 9114 9025 9009
f 9096 9114 9009
f 9014 9135 9010
f 9135 9129 9010
f 9026 9022 9011
f 9019 9026 9011
f 9013 9027 9012
f 9027 9023 9012
f 9018 9027 9013
f 9021 9143 9014
f 9143 9135 9014
f 9044 9031 9015
f 9029 9019 9016
f 9033 9029 9016
f 9036 9033 9016
f 9072 9044 9017
f 9020 9030 9018
f 9030 9027 9018
f 9029 9026 9019
f 9022 9030 9020
f 9028 9154 9021
f 9154 9143 9021
f 9026 9030 9022
f 9027 9035 9023
f 9035 9054 9023
f 9054 9041 9023
f 9041 9065 9024
f 9065 9053 9024
f 9107 9042 9025
f 9138 9107 9025
f 9114 9138 9025
f 9040 9030 9026
f 9029 9040 9026
f 9043 9035 9027
f 9030 9043 9027
f 9039 9163 9028
f 9163 9154 9028
f 9046 9040 9029
f 9033 9046 9029
f 9047 9043 9030
f 9040 9047 9030
f 9038 9036 9031
f 9044 9038 9031
f 9140 9037 9032
f 9036 9052 9033
f 9052 9046 9033
f 10418 9115 9034
f 10410 10418 9034
f 9115 9093 9034
f 9043 9051 9035
f 9051 9066 9035
f 9066 9054 9035
f 9038 9052 9036
f 9144 9045 9037
f 9140 9144 9037
f 9044 9052 9038
f 9048 9173 9039
f 9173 9163 9039
f 9050 9047 9040
f 9046 9050 9040
f 9054 9079 9041
f 9079 9065 9041
f 9107 10432 9042
f 10432 10419 9042
f 9055 9051 9043
f 9047 9055 9043
f 9072 9057 9044
f 9057 9052 9044
f 9152 9049 9045
f 9144 9152 9045
f 9056 9050 9046
f 9052 9056 9046
f 9058 9055 9047
f 9050 9058 9047
f 9061 9185 9048
f 9185 9173 9048
f 9158 9059 9049
f 9152 9158 9049
f 9060 9058 9050
f 9056 9060 9050
f 9055 9063 9051
f 9063 9080 9051
f 9080 9066 9051
f 9062 9056 9052
f 9057 9062 9052
f 9065 9106 9053
f 9106 9091 9053
f 9066 9095 9054
f 9095 9079 9054
f 9064 9063 9055
f 9058 9064 9055
f 9067 9060 9056
f 9062 9067 9056
f 9087 9070 9057
f 9072 9087 9057
f 9070 9062 9057
f 9068 9064 9058
f 9060 9068 9058
f 9167 9069 9059
f 9158 9167 9059
f 9071 9068 9060
f 9067 9071 9060
f 9076 9198 9061
f 9198 9185 9061
f 9073 9067 9062
f 9070 9073 9062
f 9064 9074 9063
f 9074 9094 9063
f 9094 9080 9063
f 9075 9074 9064
f 9068 9075 9064
f 9079 9131 9065
f 9131 9106 9065
f 9080 9112 9066
f 9112 9095 9066
f 9078 9071 9067
f 9073 9078 9067
f 9077 9075 9068
f 9071 9077 9068
f 9178 9081 9069
f 9167 9178 9069
f 9104 9083 9070
f 9087 9104 9070
f 9083 9073 9070
f 9082 9077 9071
f 9078 9082 9071
f 9085 9087 9072
f 9088 9078 9073
f 9083 9088 9073
f 9075 9090 9074
f 9090 9109 9074
f 9109 9094 9074
f 9084 9090 9075
f 9077 9084 9075
f 9093 9214 9076
f 9214 9198 9076
f 9086 9084 9077
f 9082 9086 9077
f 9089 9082 9078
f 9088 9089 9078
f 9095 9150 9079
f 9150 9131 9079
f 9094 9136 9080
f 9136 9112 9080
f 9186 9096 9081
f 9178 9186 9081
f 9092 9086 9082
f 9089 9092 9082
f 9128 9100 9083
f 9104 9128 9083
f 9100 9088 9083
f 9098 9102 9084
f 9102 9090 9084
f 9086 9098 9084
f 9123 9145 9085
f 9145 9087 9085
f 9097 9098 9086
f 9092 9097 9086
f 9145 9104 9087
f 9103 9089 9088
f 9100 9103 9088
f 9099 9092 9089
f 9103 9099 9089
f 9102 9127 9090
f 9127 9109 9090
f 9106 9148 9091
f 9148 9130 9091
f 9101 9097 9092
f 9099 9101 9092
f 9115 9194 9093
f 9194 9214 9093
f 9109 9151 9094
f 9151 9136 9094
f 9112 9165 9095
f 9165 9150 9095
f 9200 9114 9096
f 9186 9200 9096
f 9105 9108 9097
f 9108 9098 9097
f 9101 9105 9097
f 9108 9113 9098
f 9113 9102 9098
f 9111 9101 9099
f 9117 9111 9099
f 9103 9117 9099
f 9146 9119 9100
f 9128 9146 9100
f 9119 9103 9100
f 9110 9105 9101
f 9111 9110 9101
f 9113 9141 9102
f 9141 9127 9102
f 9119 9117 9103
f 9145 9162 9104
f 9162 9128 9104
f 9116 9118 9105
f 9118 9108 9105
f 9110 9116 9105
f 9131 9164 9106
f 9164 9148 9106
f 9157 10440 9107
f 10440 10432 9107
f 9138 9157 9107
f 9118 9124 9108
f 9124 9113 9108
f 9127 9160 9109
f 9160 9151 9109
f 9120 9116 9110
f 9122 9120 9110
f 9111 9122 9110
f 9133 9122 9111
f 9117 9133 9111
f 9136 9176 9112
f 9176 9165 9112
f 9124 9147 9113
f 9147 9141 9113
f 9213 9138 9114
f 9200 9213 9114
f 10434 9194 9115
f 10418 10434 9115
f 9121 9126 9116
f 9126 9118 9116
f 9120 9121 9116
f 9139 9133 9117
f 9119 9139 9117
f 9126 9134 9118
f 9134 9124 9118
f 9161 9139 9119
f 9146 9161 9119
f 9125 9121 9120
f 9132 9125 9120
f 9122 9132 9120
f 9125 9273 9121
f 9273 9339 9121
f 9339 9703 9121
f 9703 9126 9121
f 9142 9132 9122
f 9133 9142 9122
f 9169 9145 9123
f 9134 9155 9124
f 9155 9147 9124
f 9137 9285 9125
f 9285 9273 9125
f 9132 9137 9125
f 9703 9751 9126
f 9751 9943 9126
f 9943 9134 9126
f 9141 9168 9127
f 9168 9160 9127
f 9162 9174 9128
f 9174 9146 9128
f 9135 9229 9129
f 9229 9228 9129
f 9148 9182 9130
f 9182 9171 9130
f 9150 9177 9131
f 9177 9164 9131
f 9149 9137 9132
f 9142 9149 9132
f 9153 9142 9133
f 9139 9153 9133
f 9943 9961 9134
f 9961 9155 9134
f 9143 9257 9135
f 9257 9242 9135
f 9242 9229 9135
f 9151 9183 9136
f 9183 9176 9136
f 9156 9332 9137
f 9332 9285 9137
f 9149 9156 9137
f 9223 9157 9138
f 9213 9223 9138
f 9172 9153 9139
f 9161 9172 9139
f 9218 9144 9140
f 9147 9175 9141
f 9175 9168 9141
f 9159 9149 9142
f 9153 9159 9142
f 9154 9266 9143
f 9266 9257 9143
f 9221 9152 9144
f 9218 9221 9144
f 9190 9162 9145
f 9169 9190 9145
f 9174 9184 9146
f 9184 9161 9146
f 9155 9179 9147
f 9179 9175 9147
f 9164 9195 9148
f 9195 9182 9148
f 9166 9156 9149
f 9159 9166 9149
f 9165 9187 9150
f 9187 9177 9150
f 9160 9193 9151
f 9193 9183 9151
f 9226 9158 9152
f 9221 9226 9152
f 9181 9159 9153
f 9172 9181 9153
f 9163 9284 9154
f 9284 9281 9154
f 9281 9266 9154
f 9961 9990 9155
f 9990 9179 9155
f 9170 9344 9156
f 9344 9332 9156
f 9166 9170 9156
f 9258 10461 9157
f 10461 10440 9157
f 9223 9258 9157
f 9252 9167 9158
f 9226 9252 9158
f 9188 9166 9159
f 9181 9188 9159
f 9168 9201 9160
f 9201 9193 9160
f 9184 9196 9161
f 9196 9172 9161
f 9202 9174 9162
f 9190 9202 9162
f 9326 9314 9163
f 9173 9326 9163
f 9314 9304 9163
f 9304 9284 9163
f 9177 9205 9164
f 9205 9195 9164
f 9176 9199 9165
f 9199 9187 9165
f 9192 9170 9166
f 9188 9192 9166
f 9275 9178 9167
f 9252 9275 9167
f 9175 9206 9168
f 9206 9201 9168
f 9180 9190 9169
f 9197 9407 9170
f 9407 9405 9170
f 9405 9344 9170
f 9192 9197 9170
f 9182 9220 9171
f 9220 9207 9171
f 9196 9204 9172
f 9204 9181 9172
f 9368 9350 9173
f 9185 9368 9173
f 9347 9326 9173
f 9350 9347 9173
f 9216 9184 9174
f 9202 9216 9174
f 9179 9212 9175
f 9212 9206 9175
f 9183 9209 9176
f 9209 9199 9176
f 9187 9219 9177
f 9219 9205 9177
f 9309 9186 9178
f 9275 9309 9178
f 9990 10032 9179
f 10032 9212 9179
f 9238 9190 9180
f 9204 9215 9181
f 9215 9188 9181
f 9195 9250 9182
f 9250 9220 9182
f 9193 9217 9183
f 9217 9209 9183
f 9233 9196 9184
f 9216 9233 9184
f 9198 9401 9185
f 9387 9368 9185
f 9401 9387 9185
f 9345 9200 9186
f 9309 9345 9186
f 9199 9237 9187
f 9237 9219 9187
f 9215 9222 9188
f 9222 9192 9188
f 9285 9191 9189
f 9273 9285 9189
f 9208 9273 9189
f 9277 9202 9190
f 9238 9277 9190
f 9285 9343 9191
f 9343 9210 9191
f 9222 9234 9192
f 9234 9197 9192
f 9201 9224 9193
f 9224 9217 9193
f 10448 9225 9194
f 10434 10448 9194
f 9225 9214 9194
f 9205 9289 9195
f 9289 9250 9195
f 9268 9204 9196
f 9233 9268 9196
f 9417 9414 9197
f 9414 9407 9197
f 9247 9444 9197
f 9444 9429 9197
f 9429 9417 9197
f 9234 9247 9197
f 9214 9487 9198
f 9487 9453 9198
f 9453 9441 9198
f 9441 9412 9198
f 9412 9401 9198
f 9209 9267 9199
f 9267 9237 9199
f 9382 9213 9200
f 9345 9382 9200
f 9206 9240 9201
f 9240 9224 9201
f 9320 9216 9202
f 9277 9320 9202
f 9344 9211 9203
f 9332 9344 9203
f 9686 9332 9203
f 9307 9215 9204
f 9268 9307 9204
f 9219 9327 9205
f 9327 9289 9205
f 9212 9254 9206
f 9254 9240 9206
f 9220 9352 9207
f 9352 9311 9207
f 9262 9339 9208
f 9339 9273 9208
f 9217 9299 9209
f 9299 9267 9209
f 9343 9402 9210
f 9402 9227 9210
f 9855 9706 9211
f 9344 9855 9211
f 10032 10080 9212
f 10080 9254 9212
f 9433 9223 9213
f 9382 9433 9213
f 9225 9564 9214
f 9564 9530 9214
f 9530 9487 9214
f 9333 9222 9215
f 9307 9333 9215
f 9364 9233 9216
f 9320 9364 9216
f 9224 9322 9217
f 9322 9299 9217
f 9426 9221 9218
f 9237 9365 9219
f 9365 9327 9219
f 9250 9389 9220
f 9389 9352 9220
f 9445 9226 9221
f 9426 9445 9221
f 9360 9234 9222
f 9333 9360 9222
f 9498 9258 9223
f 9433 9498 9223
f 9240 9337 9224
f 9337 9322 9224
f 10460 9600 9225
f 10448 10460 9225
f 9600 9564 9225
f 9475 9252 9226
f 9445 9475 9226
f 9402 9464 9227
f 9464 9265 9227
f 9229 9243 9228
f 9243 9244 9228
f 9244 9235 9228
f 9242 9243 9229
f 9232 9405 9230
f 9405 9407 9230
f 9407 9231 9230
f 9407 9414 9231
f 9414 9236 9231
f 9239 9409 9232
f 9409 9405 9232
f 9403 9268 9233
f 9364 9403 9233
f 9376 9247 9234
f 9360 9376 9234
f 9244 9251 9235
f 9414 9417 9236
f 9417 9241 9236
f 9267 9392 9237
f 9392 9365 9237
f 9270 9277 9238
f 9245 9415 9239
f 9415 9409 9239
f 9254 9349 9240
f 9349 9337 9240
f 9417 9429 9241
f 9429 9249 9241
f 9248 9243 9242
f 9257 9248 9242
f 9260 9244 9243
f 9264 9260 9243
f 9248 9264 9243
f 9255 9251 9244
f 9261 9255 9244
f 9260 9261 9244
f 9246 9423 9245
f 9423 9415 9245
f 9256 9424 9246
f 9424 9423 9246
f 9488 9470 9247
f 9470 9444 9247
f 9386 9545 9247
f 9545 9510 9247
f 9510 9488 9247
f 9376 9386 9247
f 9257 9264 9248
f 9429 9444 9249
f 9444 9259 9249
f 9289 9446 9250
f 9446 9389 9250
f 9255 9253 9251
f 9512 9275 9252
f 9475 9512 9252
f 9255 9263 9253
f 10080 10143 9254
f 10143 9349 9254
f 9271 9263 9255
f 9274 9271 9255
f 9261 9274 9255
f 9272 9443 9256
f 9443 9424 9256
f 9276 9264 9257
f 9266 9276 9257
f 9568 10481 9258
f 10481 10461 9258
f 9498 9568 9258
f 9444 9470 9259
f 9470 9269 9259
f 9264 9295 9260
f 9295 9290 9260
f 9290 9261 9260
f 9290 9293 9261
f 9293 9274 9261
f 9369 9462 9262
f 9462 9339 9262
f 9271 9292 9263
f 9276 9303 9264
f 9303 9295 9264
f 9464 9656 9265
f 9656 9384 9265
f 9281 9276 9266
f 9299 9427 9267
f 9427 9392 9267
f 9458 9307 9268
f 9403 9458 9268
f 9470 9488 9269
f 9488 9283 9269
f 9439 9507 9270
f 9507 9277 9270
f 9291 9292 9271
f 9274 9291 9271
f 9286 9472 9272
f 9472 9443 9272
f 9293 9300 9274
f 9300 9291 9274
f 9561 9309 9275
f 9512 9561 9275
f 9281 9284 9276
f 9284 9303 9276
f 9507 9320 9277
f 9282 9481 9278
f 9481 9482 9278
f 9482 9279 9278
f 9482 9484 9279
f 9484 9280 9279
f 9484 9492 9280
f 9492 9287 9280
f 9288 9486 9282
f 9486 9481 9282
f 9488 9510 9283
f 9510 9298 9283
f 9316 9303 9284
f 9304 9316 9284
f 9332 9343 9285
f 9306 9491 9286
f 9491 9472 9286
f 9492 9496 9287
f 9496 9294 9287
f 9296 9493 9288
f 9493 9486 9288
f 9327 9506 9289
f 9506 9446 9289
f 9319 9293 9290
f 9323 9319 9290
f 9295 9323 9290
f 9310 9292 9291
f 9300 9312 9291
f 9312 9310 9291
f 9310 9301 9292
f 9321 9300 9293
f 9319 9321 9293
f 9496 9504 9294
f 9504 9297 9294
f 9331 9323 9295
f 9303 9331 9295
f 9302 9501 9296
f 9501 9493 9296
f 9504 9518 9297
f 9518 9305 9297
f 9510 9545 9298
f 9545 9315 9298
f 9322 9468 9299
f 9468 9427 9299
f 9329 9312 9300
f 9321 9329 9300
f 9335 9318 9301
f 9310 9335 9301
f 9308 9513 9302
f 9513 9501 9302
f 9342 9331 9303
f 9316 9342 9303
f 9314 9316 9304
f 9518 9543 9305
f 9543 9313 9305
f 9324 9521 9306
f 9521 9491 9306
f 9509 9333 9307
f 9458 9509 9307
f 9317 9533 9308
f 9533 9513 9308
f 9610 9345 9309
f 9561 9610 9309
f 9354 9335 9310
f 9312 9330 9310
f 9330 9354 9310
f 9352 9574 9311
f 9574 9505 9311
f 9338 9330 9312
f 9329 9338 9312
f 9543 9558 9313
f 9558 9328 9313
f 9326 9316 9314
f 9545 9567 9315
f 9567 9334 9315
f 9326 9342 9316
f 9325 9548 9317
f 9548 9533 9317
f 9335 9351 9318
f 9356 9321 9319
f 9358 9356 9319
f 9323 9358 9319
f 9507 9578 9320
f 9578 9364 9320
f 9357 9329 9321
f 9356 9357 9321
f 9337 9489 9322
f 9489 9468 9322
f 9366 9358 9323
f 9331 9366 9323
f 9346 9555 9324
f 9555 9521 9324
f 9336 9556 9325
f 9556 9548 9325
f 9361 9342 9326
f 9347 9361 9326
f 9365 9563 9327
f 9563 9506 9327
f 9558 9583 9328
f 9583 9340 9328
f 9363 9338 9329
f 9357 9363 9329
f 9355 9354 9330
f 9338 9355 9330
f 9373 9366 9331
f 9342 9373 9331
f 9842 9776 9332
f 9776 9697 9332
f 9697 9656 9332
f 9656 9464 9332
f 9464 9402 9332
f 9402 9343 9332
f 9686 9842 9332
f 9557 9360 9333
f 9509 9557 9333
f 9567 9599 9334
f 9599 9353 9334
f 9354 9351 9335
f 9348 9575 9336
f 9575 9556 9336
f 9349 9502 9337
f 9502 9489 9337
f 9370 9355 9338
f 9363 9370 9338
f 9462 9703 9339
f 9583 9585 9340
f 9585 9341 9340
f 9585 9605 9341
f 9605 9359 9341
f 9383 9373 9342
f 9361 9383 9342
f 9423 9424 9344
f 9415 9423 9344
f 9746 9761 9344
f 9739 9746 9344
f 9761 9767 9344
f 9767 9781 9344
f 9781 9855 9344
f 9405 9409 9344
f 9409 9415 9344
f 9424 9443 9344
f 9443 9472 9344
f 9472 9491 9344
f 9491 9521 9344
f 9521 9555 9344
f 9555 9593 9344
f 9593 9614 9344
f 9614 9639 9344
f 9639 9739 9344
f 9665 9382 9345
f 9610 9665 9345
f 9367 9593 9346
f 9593 9555 9346
f 9350 9361 9347
f 9362 9597 9348
f 9597 9575 9348
f 10143 10199 9349
f 10199 9502 9349
f 9368 9361 9350
f 9354 9377 9351
f 9377 9385 9351
f 9389 9634 9352
f 9634 9574 9352
f 9599 9624 9353
f 9624 9372 9353
f 9375 9377 9354
f 9355 9375 9354
f 9381 9375 9355
f 9370 9381 9355
f 9388 9357 9356
f 9395 9388 9356
f 9358 9395 9356
f 9391 9363 9357
f 9388 9391 9357
f 9400 9395 9358
f 9366 9400 9358
f 9605 9620 9359
f 9620 9371 9359
f 9598 9376 9360
f 9557 9598 9360
f 9368 9383 9361
f 9374 9607 9362
f 9607 9597 9362
f 9399 9370 9363
f 9391 9399 9363
f 9578 9638 9364
f 9638 9403 9364
f 9392 9609 9365
f 9609 9563 9365
f 9408 9400 9366
f 9373 9408 9366
f 9378 9614 9367
f 9614 9593 9367
f 9387 9383 9368
f 9497 9618 9369
f 9618 9462 9369
f 9404 9381 9370
f 9399 9404 9370
f 9620 9642 9371
f 9642 9380 9371
f 9624 9662 9372
f 9662 9394 9372
f 9420 9408 9373
f 9383 9420 9373
f 9379 9629 9374
f 9629 9607 9374
f 9397 9377 9375
f 9398 9397 9375
f 9381 9398 9375
f 9619 9386 9376
f 9598 9619 9376
f 9397 9385 9377
f 9390 9639 9378
f 9639 9614 9378
f 9396 9641 9379
f 9641 9629 9379
f 9642 9661 9380
f 9661 9393 9380
f 9416 9398 9381
f 9404 9416 9381
f 9712 9433 9382
f 9665 9712 9382
f 9401 9420 9383
f 9387 9401 9383
f 9656 9697 9384
f 9697 9435 9384
f 9397 9422 9385
f 9640 9599 9386
f 9599 9567 9386
f 9567 9545 9386
f 9619 9640 9386
f 9448 9391 9388
f 9451 9448 9388
f 9395 9451 9388
f 9446 9683 9389
f 9683 9634 9389
f 9411 9660 9390
f 9660 9639 9390
f 9449 9399 9391
f 9448 9449 9391
f 9427 9657 9392
f 9657 9609 9392
f 9661 9669 9393
f 9669 9406 9393
f 9662 9676 9394
f 9676 9413 9394
f 9456 9451 9395
f 9400 9456 9395
f 9410 9663 9396
f 9663 9641 9396
f 9419 9422 9397
f 9398 9419 9397
f 9430 9419 9398
f 9416 9430 9398
f 9454 9404 9399
f 9449 9454 9399
f 9465 9456 9400
f 9408 9465 9400
f 9412 9420 9401
f 9638 9685 9403
f 9685 9458 9403
f 9461 9416 9404
f 9454 9461 9404
f 9669 9679 9406
f 9679 9418 9406
f 9473 9465 9408
f 9420 9473 9408
f 9421 9672 9410
f 9672 9663 9410
f 9425 9673 9411
f 9673 9660 9411
f 9441 9436 9412
f 9436 9420 9412
f 9676 9695 9413
f 9695 9434 9413
f 9471 9430 9416
f 9461 9471 9416
f 9679 9690 9418
f 9690 9428 9418
f 9455 9452 9419
f 9430 9455 9419
f 9452 9422 9419
f 9480 9473 9420
f 9436 9480 9420
f 9432 9682 9421
f 9682 9672 9421
f 9452 9431 9422
f 9442 9687 9425
f 9687 9673 9425
f 9721 9445 9426
f 9468 9674 9427
f 9674 9657 9427
f 9690 9700 9428
f 9700 9438 9428
f 9477 9455 9430
f 9471 9477 9430
f 9452 9437 9431
f 9447 9694 9432
f 9694 9682 9432
f 9750 9498 9433
f 9712 9750 9433
f 9695 9714 9434
f 9714 9460 9434
f 9697 9776 9435
f 9776 9571 9435
f 9453 9480 9436
f 9441 9453 9436
f 9476 9500 9437
f 9452 9476 9437
f 9700 9709 9438
f 9709 9450 9438
f 9635 9507 9439
f 9755 9538 9440
f 9703 9755 9440
f 9531 9703 9440
f 9469 9705 9442
f 9705 9687 9442
f 9731 9475 9445
f 9721 9731 9445
f 9506 9725 9446
f 9725 9683 9446
f 9457 9708 9447
f 9708 9694 9447
f 9514 9449 9448
f 9517 9514 9448
f 9451 9517 9448
f 9515 9454 9449
f 9514 9515 9449
f 9709 9713 9450
f 9713 9459 9450
f 9520 9517 9451
f 9456 9520 9451
f 9455 9476 9452
f 9487 9480 9453
f 9519 9461 9454
f 9515 9519 9454
f 9490 9476 9455
f 9477 9490 9455
f 9524 9520 9456
f 9465 9524 9456
f 9463 9711 9457
f 9711 9708 9457
f 9685 9726 9458
f 9726 9509 9458
f 9713 9716 9459
f 9716 9466 9459
f 9714 9724 9460
f 9724 9479 9460
f 9522 9471 9461
f 9519 9522 9461
f 9618 9703 9462
f 9467 9715 9463
f 9715 9711 9463
f 9527 9524 9465
f 9473 9527 9465
f 9716 9717 9466
f 9717 9467 9466
f 9717 9715 9467
f 9489 9691 9468
f 9691 9674 9468
f 9474 9719 9469
f 9719 9705 9469
f 9526 9477 9471
f 9522 9526 9471
f 9529 9527 9473
f 9480 9529 9473
f 9722 9719 9474
f 9478 9722 9474
f 9747 9512 9475
f 9731 9747 9475
f 9499 9500 9476
f 9490 9499 9476
f 9528 9490 9477
f 9526 9528 9477
f 9485 9723 9478
f 9723 9722 9478
f 9724 9727 9479
f 9727 9483 9479
f 9530 9529 9480
f 9487 9530 9480
f 9543 9482 9481
f 9486 9543 9481
f 9518 9504 9482
f 9543 9518 9482
f 9504 9484 9482
f 9727 9734 9483
f 9734 9495 9483
f 9504 9492 9484
f 9494 9729 9485
f 9729 9723 9485
f 9493 9543 9486
f 9502 9704 9489
f 9704 9691 9489
f 9532 9499 9490
f 9528 9532 9490
f 9504 9496 9492
f 9501 9543 9493
f 9503 9732 9494
f 9732 9729 9494
f 9734 9740 9495
f 9740 9508 9495
f 9538 9737 9497
f 9737 9618 9497
f 9678 9568 9498
f 9789 9678 9498
f 9750 9789 9498
f 9537 9511 9499
f 9532 9537 9499
f 9511 9500 9499
f 9513 9543 9501
f 10199 9704 9502
f 9523 9739 9503
f 9739 9732 9503
f 9574 9772 9505
f 9772 9733 9505
f 9563 9758 9506
f 9758 9725 9506
f 9775 9578 9507
f 9635 9775 9507
f 9740 9743 9508
f 9743 9516 9508
f 9726 9760 9509
f 9760 9557 9509
f 9537 9540 9511
f 9769 9561 9512
f 9747 9769 9512
f 9533 9543 9513
f 9591 9515 9514
f 9589 9591 9514
f 9517 9589 9514
f 9590 9519 9515
f 9591 9590 9515
f 9743 9749 9516
f 9749 9525 9516
f 9586 9589 9517
f 9520 9586 9517
f 9587 9522 9519
f 9590 9587 9519
f 9581 9586 9520
f 9524 9581 9520
f 9584 9526 9522
f 9587 9584 9522
f 9544 9746 9523
f 9746 9739 9523
f 9577 9581 9524
f 9527 9577 9524
f 9749 9764 9525
f 9764 9549 9525
f 9579 9528 9526
f 9584 9579 9526
f 9570 9577 9527
f 9529 9570 9527
f 9573 9532 9528
f 9579 9573 9528
f 9564 9570 9529
f 9530 9564 9529
f 9751 9703 9531
f 9633 9751 9531
f 9565 9537 9532
f 9573 9565 9532
f 9548 9543 9533
f 9539 9752 9534
f 9752 9753 9534
f 9753 9535 9534
f 9753 9754 9535
f 9754 9536 9535
f 9754 9759 9536
f 9759 9542 9536
f 9559 9540 9537
f 9565 9559 9537
f 9755 9737 9538
f 9541 9756 9539
f 9756 9752 9539
f 9559 9552 9540
f 9546 9757 9541
f 9757 9756 9541
f 9759 9763 9542
f 9763 9547 9542
f 9556 9575 9543
f 9607 9558 9543
f 9597 9607 9543
f 9575 9597 9543
f 9548 9556 9543
f 9553 9761 9544
f 9761 9746 9544
f 9550 9762 9546
f 9762 9757 9546
f 9763 9766 9547
f 9766 9551 9547
f 9764 9771 9549
f 9771 9562 9549
f 9554 9765 9550
f 9765 9762 9550
f 9766 9770 9551
f 9770 9560 9551
f 9592 9569 9552
f 9559 9592 9552
f 9580 9767 9553
f 9767 9761 9553
f 9566 9768 9554
f 9768 9765 9554
f 9760 9784 9557
f 9784 9598 9557
f 9607 9583 9558
f 9594 9592 9559
f 9565 9594 9559
f 9770 9778 9560
f 9778 9572 9560
f 9794 9610 9561
f 9769 9794 9561
f 9771 9783 9562
f 9783 9582 9562
f 9609 9785 9563
f 9785 9758 9563
f 9600 9570 9564
f 9573 9604 9565
f 9604 9603 9565
f 9603 9594 9565
f 9576 9774 9566
f 9774 9768 9566
f 9678 10531 9568
f 10531 10481 9568
f 10483 10482 9569
f 9592 10483 9569
f 9600 9611 9570
f 9611 9612 9570
f 9612 9577 9570
f 9808 9633 9571
f 9776 9808 9571
f 9778 9786 9572
f 9786 9588 9572
f 9579 9616 9573
f 9616 9615 9573
f 9615 9604 9573
f 9634 9779 9574
f 9779 9772 9574
f 9595 9780 9576
f 9780 9774 9576
f 9622 9581 9577
f 9612 9621 9577
f 9621 9622 9577
f 9806 9638 9578
f 9775 9806 9578
f 9584 9626 9579
f 9626 9625 9579
f 9625 9616 9579
f 9781 9767 9580
f 9606 9781 9580
f 9632 9586 9581
f 9622 9631 9581
f 9631 9632 9581
f 9783 9790 9582
f 9790 9596 9582
f 9607 9629 9583
f 9629 9585 9583
f 9587 9637 9584
f 9637 9636 9584
f 9636 9626 9584
f 9715 9717 9585
f 9717 9716 9585
f 9629 9641 9585
f 9641 9663 9585
f 9716 9713 9585
f 9713 9709 9585
f 9709 9605 9585
f 9663 9672 9585
f 9672 9682 9585
f 9682 9694 9585
f 9694 9708 9585
f 9708 9711 9585
f 9711 9715 9585
f 9644 9589 9586
f 9632 9643 9586
f 9643 9644 9586
f 9590 9648 9587
f 9648 9637 9587
f 9786 9791 9588
f 9791 9601 9588
f 9651 9591 9589
f 9644 9650 9589
f 9650 9651 9589
f 9591 9654 9590
f 9654 9653 9590
f 9653 9648 9590
f 9651 9654 9591
f 10484 10483 9592
f 9594 10484 9592
f 10487 10484 9594
f 9603 10487 9594
f 9602 9787 9595
f 9787 9780 9595
f 9790 9796 9596
f 9796 9608 9596
f 9784 9798 9598
f 9798 9619 9598
f 9640 9624 9599
f 10486 9611 9600
f 10460 10486 9600
f 9791 9799 9601
f 9799 9617 9601
f 9613 9793 9602
f 9793 9787 9602
f 10488 10487 9603
f 9604 10488 9603
f 10493 10488 9604
f 9615 10493 9604
f 9709 9620 9605
f 9630 9795 9606
f 9795 9781 9606
f 9796 9804 9608
f 9804 9628 9608
f 9657 9800 9609
f 9800 9785 9609
f 9818 9665 9610
f 9794 9818 9610
f 10486 10491 9611
f 10491 9612 9611
f 10491 10492 9612
f 10492 9621 9612
f 9623 9797 9613
f 9797 9793 9613
f 10494 10493 9615
f 9616 10494 9615
f 10498 10494 9616
f 9625 10498 9616
f 9799 9803 9617
f 9803 9627 9617
f 9737 9703 9618
f 9798 9811 9619
f 9811 9640 9619
f 9700 9642 9620
f 9709 9700 9620
f 10492 10496 9621
f 10496 9622 9621
f 10496 10497 9622
f 10497 9631 9622
f 9645 9802 9623
f 9802 9797 9623
f 9640 9662 9624
f 10499 10498 9625
f 9626 10499 9625
f 10506 10499 9626
f 9636 10506 9626
f 9803 9813 9627
f 9813 9646 9627
f 9804 9816 9628
f 9816 9652 9628
f 9658 9805 9630
f 9805 9795 9630
f 10497 10503 9631
f 10503 9632 9631
f 10503 10504 9632
f 10504 9643 9632
f 9808 9751 9633
f 9683 9810 9634
f 9810 9779 9634
f 9738 9775 9635
f 10507 10506 9636
f 9637 10507 9636
f 10512 10507 9637
f 9648 10512 9637
f 9839 9685 9638
f 9806 9839 9638
f 9660 9739 9639
f 9727 9724 9640
f 9724 9714 9640
f 9714 9695 9640
f 9796 9727 9640
f 9804 9796 9640
f 9822 9804 9640
f 9695 9676 9640
f 9676 9662 9640
f 9811 9822 9640
f 9700 9661 9642
f 10504 10509 9643
f 10509 9644 9643
f 10509 10510 9644
f 10510 9650 9644
f 9649 9812 9645
f 9812 9802 9645
f 9813 9821 9646
f 9821 9659 9646
f 9653 10512 9648
f 9664 9814 9649
f 9814 9812 9649
f 10510 10513 9650
f 10513 9651 9650
f 10513 10514 9651
f 10514 9654 9651
f 9816 9827 9652
f 9827 9667 9652
f 9654 10515 9653
f 10515 10512 9653
f 10514 10516 9654
f 10516 10515 9654
f 9674 9815 9657
f 9815 9800 9657
f 9671 9819 9658
f 9819 9805 9658
f 9821 9826 9659
f 9826 9666 9659
f 9673 9739 9660
f 9679 9669 9661
f 9700 9690 9661
f 9690 9679 9661
f 9668 9823 9664
f 9823 9814 9664
f 9852 9712 9665
f 9818 9852 9665
f 9826 9832 9666
f 9832 9670 9666
f 9827 9838 9667
f 9838 9681 9667
f 9675 9829 9668
f 9829 9823 9668
f 9832 9835 9670
f 9835 9677 9670
f 9688 9833 9671
f 9833 9819 9671
f 9687 9739 9673
f 9691 9824 9674
f 9824 9815 9674
f 9680 9834 9675
f 9834 9829 9675
f 9835 9841 9677
f 9841 9684 9677
f 9817 10635 9678
f 10635 10531 9678
f 9789 9817 9678
f 9689 9837 9680
f 9837 9834 9680
f 9838 9856 9681
f 9856 9707 9681
f 9725 9846 9683
f 9846 9810 9683
f 9841 9847 9684
f 9847 9692 9684
f 9873 9726 9685
f 9839 9873 9685
f 9706 9842 9686
f 9705 9739 9687
f 9710 9844 9688
f 9844 9833 9688
f 9693 9845 9689
f 9845 9837 9689
f 9704 9830 9691
f 9830 9824 9691
f 9847 9849 9692
f 9849 9696 9692
f 9699 9848 9693
f 9848 9845 9693
f 9849 9850 9696
f 9850 9698 9696
f 9850 9853 9698
f 9853 9701 9698
f 9702 9851 9699
f 9851 9848 9699
f 9853 9854 9701
f 9854 9702 9701
f 9854 9851 9702
f 9737 9755 9703
f 10199 10225 9704
f 10225 9830 9704
f 9729 9732 9705
f 9732 9739 9705
f 9723 9729 9705
f 9719 9723 9705
f 9855 9842 9706
f 9856 9860 9707
f 9860 9718 9707
f 9720 9858 9710
f 9858 9844 9710
f 9885 9750 9712
f 9852 9885 9712
f 9860 9875 9718
f 9875 9728 9718
f 9722 9723 9719
f 9730 9861 9720
f 9861 9858 9720
f 9865 9731 9721
f 9862 9846 9725
f 9758 9881 9725
f 9881 9862 9725
f 9910 9760 9726
f 9873 9910 9726
f 9796 9734 9727
f 9875 9883 9728
f 9883 9735 9728
f 9736 9878 9730
f 9878 9861 9730
f 9894 9747 9731
f 9865 9882 9731
f 9882 9894 9731
f 9772 10059 9733
f 9796 9740 9734
f 9883 9889 9735
f 9889 9741 9735
f 9742 9884 9736
f 9884 9878 9736
f 9941 9775 9738
f 9796 9790 9740
f 9790 9783 9740
f 9783 9771 9740
f 9771 9764 9740
f 9764 9743 9740
f 9889 9895 9741
f 9895 9744 9741
f 9890 9884 9742
f 9745 9890 9742
f 9764 9749 9743
f 9895 9900 9744
f 9900 9748 9744
f 9748 9896 9745
f 9896 9890 9745
f 9894 9901 9747
f 9901 9769 9747
f 9900 9896 9748
f 9926 9789 9750
f 9885 9926 9750
f 9938 9943 9751
f 9808 10021 9751
f 10021 9967 9751
f 9967 9938 9751
f 9791 9753 9752
f 9756 9791 9752
f 9791 9786 9753
f 9786 9778 9753
f 9778 9770 9753
f 9770 9766 9753
f 9766 9763 9753
f 9763 9759 9753
f 9759 9754 9753
f 9757 9791 9756
f 9762 9791 9757
f 9785 9912 9758
f 9912 9899 9758
f 9899 9881 9758
f 9940 9784 9760
f 9910 9940 9760
f 9765 9791 9762
f 9768 9791 9765
f 9774 9791 9768
f 9901 9919 9769
f 9919 9794 9769
f 9779 10108 9772
f 10108 10059 9772
f 9807 9782 9773
f 9777 9807 9773
f 9780 9791 9774
f 9989 9806 9775
f 9941 9989 9775
f 9842 9808 9776
f 9809 9807 9777
f 9788 9809 9777
f 9810 10151 9779
f 10151 10108 9779
f 9787 9791 9780
f 9795 9855 9781
f 9825 9792 9782
f 9807 9825 9782
f 9975 9798 9784
f 9940 9975 9784
f 9800 9921 9785
f 9921 9912 9785
f 9793 9791 9787
f 9820 9809 9788
f 9801 9820 9788
f 9944 9817 9789
f 9974 9944 9789
f 9926 9974 9789
f 9797 9802 9791
f 9802 9812 9791
f 9812 9799 9791
f 9793 9797 9791
f 9863 9828 9792
f 9825 9863 9792
f 9919 9954 9794
f 9954 9818 9794
f 9805 9855 9795
f 10002 9811 9798
f 9975 10002 9798
f 9812 9803 9799
f 9815 9934 9800
f 9934 9921 9800
f 9836 9820 9801
f 9831 9836 9801
f 9812 9813 9803
f 9822 9816 9804
f 9819 9855 9805
f 10035 9839 9806
f 9989 10035 9806
f 9859 9825 9807
f 9840 9859 9807
f 9809 9840 9807
f 9842 10097 9808
f 10097 10021 9808
f 9843 9840 9809
f 9820 9843 9809
f 9846 10180 9810
f 10180 10151 9810
f 10014 9822 9811
f 10002 10014 9811
f 9850 9849 9812
f 9849 9847 9812
f 9832 9826 9812
f 9826 9821 9812
f 9821 9813 9812
f 9814 9850 9812
f 9847 9841 9812
f 9841 9835 9812
f 9835 9832 9812
f 9823 9850 9814
f 9824 9965 9815
f 9965 9934 9815
f 9822 10025 9816
f 10025 9827 9816
f 9944 10664 9817
f 10664 10635 9817
f 9986 9994 9818
f 9994 10001 9818
f 10001 9852 9818
f 9954 9958 9818
f 9958 9986 9818
f 9833 9855 9819
f 9857 9843 9820
f 9836 9857 9820
f 10014 10025 9822
f 9829 9850 9823
f 9830 9980 9824
f 9980 9965 9824
f 9905 9863 9825
f 9859 9905 9825
f 10025 10210 9827
f 10210 9838 9827
f 9932 9892 9828
f 9863 9932 9828
f 9834 9850 9829
f 10225 9985 9830
f 9985 9980 9830
f 9867 9836 9831
f 9869 9867 9831
f 9844 9855 9833
f 9837 9850 9834
f 9874 9857 9836
f 9867 9874 9836
f 9845 9850 9837
f 10292 9856 9838
f 10210 10259 9838
f 10259 10292 9838
f 10067 9873 9839
f 10035 10067 9839
f 9893 9859 9840
f 9870 9893 9840
f 9843 9870 9840
f 9855 10181 9842
f 10181 10097 9842
f 9877 9870 9843
f 9857 9877 9843
f 9858 9855 9844
f 9848 9850 9845
f 9862 10180 9846
f 9851 9850 9848
f 9851 9854 9850
f 9854 9853 9850
f 10001 10033 9852
f 10033 9885 9852
f 10232 10181 9855
f 9861 9878 9855
f 9858 9861 9855
f 10250 10232 9855
f 9878 10250 9855
f 10384 9860 9856
f 10360 10384 9856
f 10292 10331 9856
f 10331 10360 9856
f 9886 9877 9857
f 9874 9886 9857
f 9939 9905 9859
f 9893 9939 9859
f 10415 9875 9860
f 10393 10415 9860
f 10384 10393 9860
f 9881 10206 9862
f 10206 10180 9862
f 9983 9932 9863
f 9905 9983 9863
f 9871 9865 9864
f 9866 9871 9864
f 9871 9882 9865
f 9868 9879 9866
f 9879 9871 9866
f 9909 9874 9867
f 9869 9913 9867
f 9913 9909 9867
f 9872 9879 9868
f 9920 9913 9869
f 9922 9893 9870
f 9903 9922 9870
f 9877 9903 9870
f 9897 9891 9871
f 9891 9882 9871
f 9879 9897 9871
f 9880 9888 9872
f 9876 9880 9872
f 9888 9879 9872
f 10112 9910 9873
f 10067 10112 9873
f 9911 9886 9874
f 9909 9911 9874
f 10415 10437 9875
f 10437 9883 9875
f 9887 9880 9876
f 9904 9903 9877
f 9886 9904 9877
f 10269 10250 9878
f 9884 10269 9878
f 9907 9897 9879
f 9888 9907 9879
f 9908 9888 9880
f 9902 9908 9880
f 9887 9902 9880
f 9899 10206 9881
f 9891 9894 9882
f 10437 9889 9883
f 9890 10269 9884
f 10076 9926 9885
f 10033 10065 9885
f 10065 10076 9885
f 9914 9904 9886
f 9911 9914 9886
f 9898 9902 9887
f 9908 9923 9888
f 9923 9907 9888
f 10286 9895 9889
f 10437 10286 9889
f 9896 10269 9890
f 9901 9894 9891
f 9915 9901 9891
f 9917 9915 9891
f 9897 9917 9891
f 9932 9933 9892
f 9976 9939 9893
f 9922 9976 9893
f 10269 9900 9895
f 10286 10269 9895
f 9900 10269 9896
f 9929 9917 9897
f 9907 9929 9897
f 9925 9902 9898
f 9906 9925 9898
f 9912 10214 9899
f 10214 10206 9899
f 9916 9919 9901
f 9915 9916 9901
f 9931 9908 9902
f 9925 9931 9902
f 9948 9922 9903
f 9924 9948 9903
f 9904 9924 9903
f 9928 9924 9904
f 9914 9928 9904
f 10022 9983 9905
f 9939 10022 9905
f 9918 9925 9906
f 9946 9929 9907
f 9923 9946 9907
f 9949 9923 9908
f 9931 9949 9908
f 9945 9911 9909
f 9913 9957 9909
f 9957 9945 9909
f 10145 9940 9910
f 10112 10145 9910
f 9936 9914 9911
f 9945 9936 9911
f 9921 10214 9912
f 9920 9973 9913
f 9973 9957 9913
f 9935 9928 9914
f 9936 9935 9914
f 9947 9916 9915
f 9953 9947 9915
f 9917 9953 9915
f 9954 9919 9916
f 9952 9954 9916
f 9947 9952 9916
f 9963 9953 9917
f 9929 9963 9917
f 9927 9925 9918
f 9993 9973 9920
f 9934 10222 9921
f 10222 10214 9921
f 10008 9976 9922
f 9948 10008 9922
f 9949 9972 9923
f 9972 9946 9923
f 9966 9948 9924
f 9937 9966 9924
f 9928 9937 9924
f 9969 9931 9925
f 9962 9969 9925
f 9927 9962 9925
f 10076 10113 9926
f 10113 9974 9926
f 9959 9962 9927
f 9930 9959 9927
f 9942 9937 9928
f 9935 9942 9928
f 9978 9963 9929
f 9946 9978 9929
f 9964 9959 9930
f 9982 9949 9931
f 9969 9982 9931
f 10042 9933 9932
f 10078 10042 9932
f 9983 10078 9932
f 10042 9995 9933
f 9965 10230 9934
f 10230 10222 9934
f 9960 9942 9935
f 9936 9968 9935
f 9968 9960 9935
f 9945 9981 9936
f 9981 9968 9936
f 9977 9966 9937
f 9950 9977 9937
f 9942 9950 9937
f 9967 9951 9938
f 9951 9956 9938
f 9956 9943 9938
f 10052 10022 9939
f 9976 10052 9939
f 10171 9975 9940
f 10145 10171 9940
f 10098 9989 9941
f 9955 9950 9942
f 9960 9955 9942
f 9956 9971 9943
f 9971 9961 9943
f 10017 10669 9944
f 10669 10664 9944
f 9974 10017 9944
f 9957 10000 9945
f 10000 9981 9945
f 9996 9978 9946
f 9972 9996 9946
f 9988 9952 9947
f 9992 9988 9947
f 9953 9992 9947
f 10018 10008 9948
f 9966 10018 9948
f 10004 9972 9949
f 9982 10004 9949
f 9979 9977 9950
f 9951 9979 9950
f 9955 9951 9950
f 9967 9979 9951
f 9955 9956 9951
f 9986 9958 9952
f 9958 9954 9952
f 9991 9986 9952
f 9988 9991 9952
f 10003 9992 9953
f 9963 10003 9953
f 9960 9970 9955
f 9970 9956 9955
f 9970 9971 9956
f 9973 10015 9957
f 10015 10000 9957
f 10009 9962 9959
f 10006 10009 9959
f 9964 10006 9959
f 9968 9987 9960
f 9987 9970 9960
f 9971 9999 9961
f 9999 9990 9961
f 10011 9969 9962
f 10009 10011 9962
f 10013 10003 9963
f 9978 10013 9963
f 9984 10006 9964
f 9980 10236 9965
f 10236 10230 9965
f 10026 10018 9966
f 9977 10026 9966
f 10021 9979 9967
f 9981 10012 9968
f 10012 9987 9968
f 10016 9982 9969
f 10011 10016 9969
f 9987 9997 9970
f 9997 9971 9970
f 9997 9999 9971
f 10004 10019 9972
f 10019 9996 9972
f 9993 10041 9973
f 10041 10015 9973
f 10159 10017 9974
f 10113 10156 9974
f 10156 10159 9974
f 10196 10002 9975
f 10171 10196 9975
f 10073 10052 9976
f 10008 10073 9976
f 10027 10026 9977
f 9979 10027 9977
f 10023 10013 9978
f 9996 10023 9978
f 10021 10027 9979
f 9985 10238 9980
f 10238 10236 9980
f 10000 10030 9981
f 10030 10012 9981
f 10029 10004 9982
f 10016 10029 9982
f 10123 10078 9983
f 10022 10123 9983
f 10007 10006 9984
f 10005 10007 9984
f 10225 10257 9985
f 10257 10238 9985
f 9998 9994 9986
f 9991 9998 9986
f 10012 10024 9987
f 10024 9997 9987
f 10028 9991 9988
f 10034 10028 9988
f 9992 10034 9988
f 10139 10035 9989
f 10098 10139 9989
f 9999 10040 9990
f 10040 10032 9990
f 10031 9998 9991
f 10028 10031 9991
f 10038 10034 9992
f 10003 10038 9992
f 10060 10041 9993
f 9998 10001 9994
f 10158 10114 9995
f 10042 10158 9995
f 10043 10023 9996
f 10019 10043 9996
f 10024 10037 9997
f 10037 9999 9997
f 10036 10001 9998
f 10031 10036 9998
f 10037 10040 9999
f 10015 10054 10000
f 10054 10030 10000
f 10036 10033 10001
f 10205 10014 10002
f 10196 10205 10002
f 10046 10038 10003
f 10013 10046 10003
f 10049 10019 10004
f 10029 10049 10004
f 10010 10007 10005
f 10047 10009 10006
f 10044 10047 10006
f 10007 10044 10006
f 10045 10044 10007
f 10010 10045 10007
f 10092 10073 10008
f 10018 10092 10008
f 10051 10011 10009
f 10047 10051 10009
f 10020 10045 10010
f 10056 10016 10011
f 10051 10056 10011
f 10030 10057 10012
f 10057 10024 10012
f 10055 10046 10013
f 10023 10055 10013
f 10208 10025 10014
f 10205 10208 10014
f 10041 10077 10015
f 10077 10054 10015
f 10062 10029 10016
f 10056 10062 10016
f 10183 10719 10017
f 10719 10669 10017
f 10159 10183 10017
f 10102 10092 10018
f 10026 10102 10018
f 10049 10061 10019
f 10061 10043 10019
f 10050 10045 10020
f 10039 10050 10020
f 10097 10027 10021
f 10148 10123 10022
f 10052 10148 10022
f 10064 10055 10023
f 10043 10064 10023
f 10057 10071 10024
f 10071 10037 10024
f 10208 10210 10025
f 10103 10102 10026
f 10027 10103 10026
f 10097 10103 10027
f 10066 10031 10028
f 10069 10066 10028
f 10034 10069 10028
f 10070 10049 10029
f 10062 10070 10029
f 10054 10085 10030
f 10085 10057 10030
f 10068 10036 10031
f 10066 10068 10031
f 10040 10086 10032
f 10086 10080 10032
f 10036 10065 10033
f 10074 10069 10034
f 10038 10074 10034
f 10172 10067 10035
f 10139 10172 10035
f 10072 10065 10036
f 10068 10072 10036
f 10071 10082 10037
f 10082 10040 10037
f 10079 10074 10038
f 10046 10079 10038
f 10053 10050 10039
f 10048 10053 10039
f 10082 10086 10040
f 10060 10109 10041
f 10109 10077 10041
f 10184 10158 10042
f 10078 10184 10042
f 10081 10064 10043
f 10061 10081 10043
f 10089 10047 10044
f 10087 10089 10044
f 10045 10087 10044
f 10088 10087 10045
f 10050 10088 10045
f 10084 10079 10046
f 10055 10084 10046
f 10091 10051 10047
f 10089 10091 10047
f 10058 10053 10048
f 10083 10061 10049
f 10070 10083 10049
f 10090 10088 10050
f 10053 10090 10050
f 10095 10056 10051
f 10091 10095 10051
f 10169 10148 10052
f 10073 10169 10052
f 10094 10090 10053
f 10058 10094 10053
f 10077 10126 10054
f 10126 10085 10054
f 10096 10084 10055
f 10064 10096 10055
f 10100 10062 10056
f 10095 10100 10056
f 10085 10116 10057
f 10116 10071 10057
f 10099 10094 10058
f 10063 10099 10058
f 10108 10170 10059
f 10138 10109 10060
f 10083 10101 10061
f 10101 10081 10061
f 10106 10070 10062
f 10100 10106 10062
f 10075 10099 10063
f 10105 10096 10064
f 10081 10105 10064
f 10072 10076 10065
f 10118 10068 10066
f 10120 10118 10066
f 10069 10120 10066
f 10200 10112 10067
f 10172 10200 10067
f 10119 10072 10068
f 10118 10119 10068
f 10125 10120 10069
f 10074 10125 10069
f 10111 10083 10070
f 10106 10111 10070
f 10116 10136 10071
f 10136 10082 10071
f 10124 10076 10072
f 10119 10124 10072
f 10179 10169 10073
f 10092 10179 10073
f 10127 10125 10074
f 10079 10127 10074
f 10104 10099 10075
f 10093 10104 10075
f 10124 10113 10076
f 10109 10150 10077
f 10150 10126 10077
f 10207 10184 10078
f 10123 10207 10078
f 10128 10127 10079
f 10084 10128 10079
f 10086 10149 10080
f 10149 10143 10080
f 10115 10105 10081
f 10101 10115 10081
f 10136 10144 10082
f 10144 10086 10082
f 10121 10101 10083
f 10111 10121 10083
f 10130 10128 10084
f 10096 10130 10084
f 10126 10154 10085
f 10154 10116 10085
f 10144 10149 10086
f 10088 10137 10087
f 10137 10089 10087
f 10090 10137 10088
f 10137 10091 10089
f 10094 10137 10090
f 10137 10095 10091
f 10185 10179 10092
f 10102 10185 10092
f 10107 10110 10093
f 10110 10104 10093
f 10099 10137 10094
f 10137 10100 10095
f 10132 10130 10096
f 10105 10132 10096
f 10181 10103 10097
f 10213 10139 10098
f 10104 10137 10099
f 10137 10106 10100
f 10121 10131 10101
f 10131 10115 10101
f 10188 10185 10102
f 10103 10188 10102
f 10181 10188 10103
f 10110 10137 10104
f 10134 10132 10105
f 10115 10134 10105
f 10137 10111 10106
f 10122 10117 10107
f 10117 10110 10107
f 10151 10281 10108
f 10281 10274 10108
f 10274 10170 10108
f 10138 10175 10109
f 10175 10150 10109
f 10117 10137 10110
f 10137 10121 10111
f 10212 10145 10112
f 10200 10212 10112
f 10124 10156 10113
f 10197 10165 10114
f 10158 10197 10114
f 10135 10134 10115
f 10131 10135 10115
f 10154 10173 10116
f 10173 10136 10116
f 10122 10129 10117
f 10129 10133 10117
f 10133 10137 10117
f 10164 10119 10118
f 10162 10164 10118
f 10120 10162 10118
f 10163 10124 10119
f 10164 10163 10119
f 10160 10162 10120
f 10125 10160 10120
f 10137 10131 10121
f 10675 10129 10122
f 10321 10675 10122
f 10217 10207 10123
f 10148 10217 10123
f 10161 10156 10124
f 10163 10161 10124
f 10157 10160 10125
f 10127 10157 10125
f 10150 10177 10126
f 10177 10154 10126
f 10155 10157 10127
f 10128 10155 10127
f 10153 10155 10128
f 10130 10153 10128
f 10675 10676 10129
f 10676 10133 10129
f 10147 10153 10130
f 10132 10147 10130
f 10137 10135 10131
f 10142 10147 10132
f 10134 10142 10132
f 10676 10677 10133
f 10677 10137 10133
f 10140 10142 10134
f 10135 10140 10134
f 10137 10140 10135
f 10173 10187 10136
f 10187 10144 10136
f 10677 10681 10137
f 10681 10141 10137
f 10141 10140 10137
f 10482 10175 10138
f 10227 10172 10139
f 10213 10227 10139
f 10141 10146 10140
f 10146 10142 10140
f 10681 10683 10141
f 10683 10146 10141
f 10167 10147 10142
f 10166 10167 10142
f 10146 10152 10142
f 10152 10166 10142
f 10149 10201 10143
f 10201 10199 10143
f 10187 10198 10144
f 10198 10149 10144
f 10223 10171 10145
f 10212 10223 10145
f 10683 10686 10146
f 10686 10152 10146
f 10168 10153 10147
f 10167 10168 10147
f 10224 10217 10148
f 10169 10224 10148
f 10198 10201 10149
f 10175 10204 10150
f 10204 10177 10150
f 10180 10293 10151
f 10293 10281 10151
f 10694 10166 10152
f 10686 10687 10152
f 10687 10694 10152
f 10176 10155 10153
f 10174 10176 10153
f 10168 10174 10153
f 10177 10203 10154
f 10203 10173 10154
f 10178 10157 10155
f 10176 10178 10155
f 10161 10159 10156
f 10186 10160 10157
f 10182 10186 10157
f 10178 10182 10157
f 10209 10197 10158
f 10184 10209 10158
f 10190 10183 10159
f 10161 10190 10159
f 10189 10162 10160
f 10186 10189 10160
f 10191 10190 10161
f 10163 10191 10161
f 10194 10164 10162
f 10192 10194 10162
f 10189 10192 10162
f 10193 10191 10163
f 10195 10193 10163
f 10164 10195 10163
f 10194 10195 10164
f 10215 10202 10165
f 10197 10215 10165
f 10694 10167 10166
f 10698 10168 10167
f 10694 10698 10167
f 10711 10174 10168
f 10699 10711 10168
f 10698 10699 10168
f 10231 10224 10169
f 10179 10231 10169
f 10274 10262 10170
f 10235 10196 10171
f 10223 10235 10171
f 10241 10200 10172
f 10227 10241 10172
f 10203 10211 10173
f 10211 10187 10173
f 10711 10176 10174
f 10525 10204 10175
f 10508 10525 10175
f 10482 10485 10175
f 10485 10489 10175
f 10489 10495 10175
f 10495 10508 10175
f 10715 10178 10176
f 10711 10715 10176
f 10204 10216 10177
f 10216 10203 10177
f 10718 10182 10178
f 10716 10718 10178
f 10715 10716 10178
f 10234 10231 10179
f 10185 10234 10179
f 10206 10299 10180
f 10299 10293 10180
f 10232 10188 10181
f 10718 10186 10182
f 10725 10719 10183
f 10190 10725 10183
f 10220 10209 10184
f 10207 10220 10184
f 10237 10234 10185
f 10188 10237 10185
f 10723 10189 10186
f 10718 10723 10186
f 10211 10218 10187
f 10218 10198 10187
f 10232 10237 10188
f 10727 10192 10189
f 10724 10727 10189
f 10723 10724 10189
f 10726 10725 10190
f 10191 10726 10190
f 10193 10726 10191
f 10727 10194 10192
f 10728 10726 10193
f 10195 10728 10193
f 10729 10195 10194
f 10727 10729 10194
f 10730 10728 10195
f 10729 10730 10195
f 10244 10205 10196
f 10235 10244 10196
f 10229 10215 10197
f 10209 10229 10197
f 10218 10221 10198
f 10221 10201 10198
f 10201 10226 10199
f 10226 10225 10199
f 10254 10212 10200
f 10241 10254 10200
f 10221 10226 10201
f 10239 10219 10202
f 10215 10239 10202
f 10216 10228 10203
f 10228 10211 10203
f 10556 10216 10204
f 10533 10539 10204
f 10539 10556 10204
f 10525 10533 10204
f 10248 10208 10205
f 10244 10248 10205
f 10214 10308 10206
f 10308 10299 10206
f 10233 10220 10207
f 10217 10233 10207
f 10258 10210 10208
f 10248 10258 10208
f 10243 10229 10209
f 10220 10243 10209
f 10258 10259 10210
f 10228 10240 10211
f 10240 10218 10211
f 10264 10223 10212
f 10254 10264 10212
f 10266 10227 10213
f 10222 10311 10214
f 10311 10308 10214
f 10251 10239 10215
f 10229 10251 10215
f 10556 10566 10216
f 10566 10228 10216
f 10242 10233 10217
f 10224 10242 10217
f 10240 10245 10218
f 10245 10221 10218
f 10260 10246 10219
f 10239 10260 10219
f 10255 10243 10220
f 10233 10255 10220
f 10245 10249 10221
f 10249 10226 10221
f 10230 10318 10222
f 10318 10311 10222
f 10273 10235 10223
f 10264 10273 10223
f 10247 10242 10224
f 10231 10247 10224
f 10226 10256 10225
f 10256 10257 10225
f 10249 10256 10226
f 10275 10241 10227
f 10266 10275 10227
f 10587 10240 10228
f 10583 10587 10228
f 10566 10567 10228
f 10567 10583 10228
f 10263 10251 10229
f 10243 10263 10229
f 10236 10320 10230
f 10320 10318 10230
f 10252 10247 10231
f 10234 10252 10231
f 10250 10237 10232
f 10261 10255 10233
f 10242 10261 10233
f 10253 10252 10234
f 10237 10253 10234
f 10277 10244 10235
f 10273 10277 10235
f 10238 10322 10236
f 10322 10320 10236
f 10250 10253 10237
f 10257 10322 10238
f 10271 10260 10239
f 10251 10271 10239
f 10608 10245 10240
f 10591 10608 10240
f 10587 10591 10240
f 10283 10254 10241
f 10275 10283 10241
f 10265 10261 10242
f 10247 10265 10242
f 10272 10263 10243
f 10255 10272 10243
f 10282 10248 10244
f 10277 10282 10244
f 10639 10249 10245
f 10610 10628 10245
f 10628 10639 10245
f 10608 10610 10245
f 10278 10267 10246
f 10260 10278 10246
f 10268 10265 10247
f 10252 10268 10247
f 10289 10258 10248
f 10282 10289 10248
f 10639 10256 10249
f 10269 10253 10250
f 10279 10271 10251
f 10263 10279 10251
f 10270 10268 10252
f 10253 10270 10252
f 10269 10270 10253
f 10294 10264 10254
f 10283 10294 10254
f 10276 10272 10255
f 10261 10276 10255
f 10650 10257 10256
f 10649 10650 10256
f 10639 10644 10256
f 10644 10649 10256
f 10475 10452 10257
f 10650 10475 10257
f 10452 10429 10257
f 10429 10405 10257
f 10405 10380 10257
f 10380 10322 10257
f 10291 10259 10258
f 10289 10291 10258
f 10291 10292 10259
f 10290 10278 10260
f 10271 10290 10260
f 10280 10276 10261
f 10265 10280 10261
f 10274 10314 10262
f 10288 10279 10263
f 10272 10288 10263
f 10300 10273 10264
f 10294 10300 10264
f 10284 10280 10265
f 10268 10284 10265
f 10306 10275 10266
f 10296 10285 10267
f 10278 10296 10267
f 10287 10284 10268
f 10270 10287 10268
f 10286 10270 10269
f 10286 10287 10270
f 10297 10290 10271
f 10279 10297 10271
f 10295 10288 10272
f 10276 10295 10272
f 10309 10277 10273
f 10300 10309 10273
f 10348 10314 10274
f 10355 10348 10274
f 10281 10355 10274
f 10313 10283 10275
f 10306 10313 10275
f 10298 10295 10276
f 10280 10298 10276
f 10315 10282 10277
f 10309 10315 10277
f 10307 10296 10278
f 10290 10307 10278
f 10305 10297 10279
f 10288 10305 10279
f 10301 10298 10280
f 10284 10301 10280
f 10363 10355 10281
f 10293 10363 10281
f 10319 10289 10282
f 10315 10319 10282
f 10326 10294 10283
f 10313 10326 10283
f 10304 10301 10284
f 10287 10304 10284
f 10312 10302 10285
f 10296 10312 10285
f 10437 10303 10286
f 10303 10287 10286
f 10303 10304 10287
f 10310 10305 10288
f 10295 10310 10288
f 10329 10291 10289
f 10319 10329 10289
f 10316 10307 10290
f 10297 10316 10290
f 10330 10292 10291
f 10329 10330 10291
f 10330 10331 10292
f 10367 10363 10293
f 10299 10367 10293
f 10334 10300 10294
f 10326 10334 10294
f 10317 10310 10295
f 10298 10317 10295
f 10328 10312 10296
f 10307 10328 10296
f 10324 10316 10297
f 10305 10324 10297
f 10323 10317 10298
f 10301 10323 10298
f 10373 10367 10299
f 10308 10373 10299
f 10337 10309 10300
f 10334 10337 10300
f 10325 10323 10301
f 10304 10325 10301
f 10333 10321 10302
f 10312 10333 10302
f 10437 10327 10303
f 10327 10304 10303
f 10327 10325 10304
f 10332 10324 10305
f 10310 10332 10305
f 10344 10313 10306
f 10335 10328 10307
f 10316 10335 10307
f 10376 10373 10308
f 10311 10376 10308
f 10345 10315 10309
f 10337 10345 10309
f 10336 10332 10310
f 10317 10336 10310
f 10378 10376 10311
f 10318 10378 10311
f 10340 10333 10312
f 10328 10340 10312
f 10350 10326 10313
f 10344 10350 10313
f 10348 10339 10314
f 10349 10319 10315
f 10345 10349 10315
f 10341 10335 10316
f 10324 10341 10316
f 10338 10336 10317
f 10323 10338 10317
f 10379 10378 10318
f 10320 10379 10318
f 10352 10329 10319
f 10349 10352 10319
f 10380 10379 10320
f 10322 10380 10320
f 10678 10675 10321
f 10684 10678 10321
f 10333 10695 10321
f 10695 10690 10321
f 10690 10684 10321
f 10342 10338 10323
f 10325 10342 10323
f 10346 10341 10324
f 10332 10346 10324
f 10343 10342 10325
f 10327 10343 10325
f 10357 10334 10326
f 10350 10357 10326
f 10437 10343 10327
f 10347 10340 10328
f 10335 10347 10328
f 10356 10330 10329
f 10352 10356 10329
f 10359 10331 10330
f 10356 10359 10330
f 10359 10360 10331
f 10351 10346 10332
f 10336 10351 10332
f 10340 10732 10333
f 10732 10720 10333
f 10720 10703 10333
f 10703 10695 10333
f 10364 10337 10334
f 10357 10364 10334
f 10353 10347 10335
f 10341 10353 10335
f 10354 10351 10336
f 10338 10354 10336
f 10366 10345 10337
f 10364 10366 10337
f 10358 10354 10338
f 10342 10358 10338
f 10348 10390 10339
f 10390 10387 10339
f 10347 10762 10340
f 10762 10750 10340
f 10750 10748 10340
f 10748 10732 10340
f 10362 10353 10341
f 10346 10362 10341
f 10361 10358 10342
f 10343 10361 10342
f 10437 10361 10343
f 10369 10350 10344
f 10372 10349 10345
f 10366 10372 10345
f 10365 10362 10346
f 10351 10365 10346
f 10353 10781 10347
f 10781 10775 10347
f 10775 10772 10347
f 10772 10762 10347
f 10355 10395 10348
f 10395 10390 10348
f 10374 10352 10349
f 10372 10374 10349
f 10375 10357 10350
f 10369 10375 10350
f 10368 10365 10351
f 10354 10368 10351
f 10377 10356 10352
f 10374 10377 10352
f 10362 10799 10353
f 10799 10795 10353
f 10795 10781 10353
f 10370 10368 10354
f 10358 10370 10354
f 10363 10396 10355
f 10396 10395 10355
f 10381 10359 10356
f 10377 10381 10356
f 10382 10364 10357
f 10375 10382 10357
f 10371 10370 10358
f 10361 10371 10358
f 10383 10360 10359
f 10381 10383 10359
f 10383 10384 10360
f 10437 10371 10361
f 10814 10813 10362
f 10365 10814 10362
f 10813 10809 10362
f 10809 10799 10362
f 10367 10398 10363
f 10398 10396 10363
f 10385 10366 10364
f 10382 10385 10364
f 10368 10814 10365
f 10386 10372 10366
f 10385 10386 10366
f 10373 10399 10367
f 10399 10398 10367
f 10826 10814 10368
f 10370 10837 10368
f 10837 10836 10368
f 10836 10826 10368
f 10397 10375 10369
f 10371 10837 10370
f 10478 10618 10371
f 10437 10457 10371
f 10457 10478 10371
f 10618 10670 10371
f 10670 10740 10371
f 10740 10843 10371
f 10843 10837 10371
f 10388 10374 10372
f 10386 10388 10372
f 10376 10401 10373
f 10401 10399 10373
f 10389 10377 10374
f 10388 10389 10374
f 10400 10382 10375
f 10397 10400 10375
f 10378 10403 10376
f 10403 10401 10376
f 10391 10381 10377
f 10389 10391 10377
f 10379 10404 10378
f 10404 10403 10378
f 10380 10405 10379
f 10405 10404 10379
f 10392 10383 10381
f 10391 10392 10381
f 10402 10385 10382
f 10400 10402 10382
f 10394 10384 10383
f 10392 10394 10383
f 10394 10393 10384
f 10407 10386 10385
f 10402 10407 10385
f 10408 10388 10386
f 10407 10408 10386
f 10390 10414 10387
f 10414 10410 10387
f 10409 10389 10388
f 10408 10409 10388
f 10411 10391 10389
f 10409 10411 10389
f 10395 10417 10390
f 10417 10414 10390
f 10412 10392 10391
f 10411 10412 10391
f 10413 10394 10392
f 10412 10413 10392
f 10416 10415 10393
f 10394 10416 10393
f 10413 10416 10394
f 10396 10420 10395
f 10420 10417 10395
f 10398 10422 10396
f 10422 10420 10396
f 10406 10400 10397
f 10399 10423 10398
f 10423 10422 10398
f 10401 10425 10399
f 10425 10423 10399
f 10406 10421 10400
f 10421 10402 10400
f 10403 10426 10401
f 10426 10425 10401
f 10421 10424 10402
f 10424 10407 10402
f 10404 10428 10403
f 10428 10426 10403
f 10405 10429 10404
f 10429 10428 10404
f 10419 10421 10406
f 10424 10427 10407
f 10427 10408 10407
f 10427 10430 10408
f 10430 10409 10408
f 10430 10431 10409
f 10431 10411 10409
f 10414 10418 10410
f 10431 10433 10411
f 10433 10412 10411
f 10433 10435 10412
f 10435 10413 10412
f 10435 10436 10413
f 10436 10416 10413
f 10417 10441 10414
f 10441 10439 10414
f 10439 10418 10414
f 10416 10438 10415
f 10438 10437 10415
f 10436 10438 10416
f 10420 10443 10417
f 10443 10441 10417
f 10439 10434 10418
f 10432 10421 10419
f 10422 10445 10420
f 10445 10443 10420
f 10442 10424 10421
f 10432 10442 10421
f 10423 10446 10422
f 10446 10445 10422
f 10425 10449 10423
f 10449 10446 10423
f 10444 10427 10424
f 10442 10444 10424
f 10426 10451 10425
f 10451 10449 10425
f 10428 10453 10426
f 10453 10451 10426
f 10447 10430 10427
f 10444 10447 10427
f 10429 10452 10428
f 10452 10453 10428
f 10450 10431 10430
f 10447 10450 10430
f 10454 10433 10431
f 10450 10454 10431
f 10440 10442 10432
f 10455 10435 10433
f 10454 10455 10433
f 10439 10448 10434
f 10456 10436 10435
f 10455 10456 10435
f 10458 10438 10436
f 10456 10458 10436
f 10459 10457 10437
f 10438 10459 10437
f 10458 10459 10438
f 10441 10464 10439
f 10464 10462 10439
f 10462 10448 10439
f 10461 10442 10440
f 10443 10466 10441
f 10466 10464 10441
f 10463 10444 10442
f 10461 10463 10442
f 10445 10468 10443
f 10468 10466 10443
f 10465 10447 10444
f 10463 10465 10444
f 10446 10470 10445
f 10470 10468 10445
f 10449 10472 10446
f 10472 10470 10446
f 10467 10450 10447
f 10465 10467 10447
f 10462 10460 10448
f 10451 10473 10449
f 10473 10472 10449
f 10469 10454 10450
f 10467 10469 10450
f 10453 10476 10451
f 10476 10473 10451
f 10475 10453 10452
f 10475 10476 10453
f 10471 10455 10454
f 10469 10471 10454
f 10474 10456 10455
f 10471 10474 10455
f 10477 10458 10456
f 10474 10477 10456
f 10480 10478 10457
f 10459 10480 10457
f 10479 10459 10458
f 10477 10479 10458
f 10479 10480 10459
f 10462 10501 10460
f 10501 10486 10460
f 10481 10463 10461
f 10464 10537 10462
f 10537 10522 10462
f 10522 10501 10462
f 10500 10465 10463
f 10481 10500 10463
f 10569 10551 10464
f 10466 10576 10464
f 10576 10570 10464
f 10570 10569 10464
f 10551 10548 10464
f 10548 10537 10464
f 10530 10467 10465
f 10500 10530 10465
f 10468 10589 10466
f 10589 10576 10466
f 10553 10469 10467
f 10530 10553 10467
f 10609 10598 10468
f 10470 10609 10468
f 10598 10596 10468
f 10596 10589 10468
f 10574 10471 10469
f 10553 10574 10469
f 10472 10634 10470
f 10634 10633 10470
f 10633 10622 10470
f 10616 10609 10470
f 10622 10616 10470
f 10594 10474 10471
f 10574 10594 10471
f 10473 10643 10472
f 10643 10634 10472
f 10476 10653 10473
f 10653 10647 10473
f 10647 10643 10473
f 10604 10477 10474
f 10594 10604 10474
f 10652 10476 10475
f 10650 10652 10475
f 10652 10653 10476
f 10614 10479 10477
f 10604 10614 10477
f 10624 10618 10478
f 10480 10624 10478
f 10621 10480 10479
f 10614 10621 10479
f 10621 10624 10480
f 10531 10500 10481
f 10490 10485 10482
f 10483 10490 10482
f 10484 10490 10483
f 10505 10490 10484
f 10487 10505 10484
f 10502 10489 10485
f 10490 10502 10485
f 10501 10491 10486
f 10488 10505 10487
f 10520 10505 10488
f 10493 10520 10488
f 10519 10495 10489
f 10502 10519 10489
f 10521 10502 10490
f 10505 10521 10490
f 10501 10518 10491
f 10518 10492 10491
f 10523 10496 10492
f 10518 10523 10492
f 10494 10520 10493
f 10526 10520 10494
f 10498 10526 10494
f 10524 10508 10495
f 10519 10524 10495
f 10523 10497 10496
f 10528 10503 10497
f 10523 10528 10497
f 10499 10526 10498
f 10532 10526 10499
f 10506 10532 10499
f 10531 10661 10500
f 10661 10530 10500
f 10522 10518 10501
f 10534 10519 10502
f 10521 10534 10502
f 10528 10504 10503
f 10536 10509 10504
f 10528 10536 10504
f 10535 10521 10505
f 10520 10535 10505
f 10507 10532 10506
f 10538 10532 10507
f 10512 10538 10507
f 10527 10525 10508
f 10524 10527 10508
f 10536 10510 10509
f 10541 10513 10510
f 10536 10541 10510
f 10542 10538 10512
f 10515 10542 10512
f 10541 10514 10513
f 10543 10516 10514
f 10541 10543 10514
f 10516 10542 10515
f 10543 10542 10516
f 10522 10529 10518
f 10529 10523 10518
f 10545 10524 10519
f 10534 10545 10519
f 10546 10535 10520
f 10526 10546 10520
f 10549 10534 10521
f 10535 10549 10521
f 10537 10529 10522
f 10544 10528 10523
f 10529 10544 10523
f 10552 10527 10524
f 10545 10552 10524
f 10527 10533 10525
f 10554 10546 10526
f 10532 10554 10526
f 10552 10539 10527
f 10539 10533 10527
f 10550 10536 10528
f 10544 10550 10528
f 10537 10547 10529
f 10547 10544 10529
f 10661 10662 10530
f 10662 10553 10530
f 10635 10661 10531
f 10560 10554 10532
f 10538 10560 10532
f 10561 10545 10534
f 10549 10561 10534
f 10562 10549 10535
f 10546 10562 10535
f 10557 10541 10536
f 10550 10557 10536
f 10548 10547 10537
f 10565 10560 10538
f 10542 10565 10538
f 10552 10559 10539
f 10559 10556 10539
f 10563 10543 10541
f 10557 10563 10541
f 10568 10565 10542
f 10543 10568 10542
f 10563 10568 10543
f 10558 10550 10544
f 10547 10558 10544
f 10572 10552 10545
f 10561 10572 10545
f 10573 10562 10546
f 10554 10573 10546
f 10548 10555 10547
f 10555 10558 10547
f 10551 10555 10548
f 10577 10561 10549
f 10562 10577 10549
f 10571 10557 10550
f 10558 10571 10550
f 10569 10555 10551
f 10580 10559 10552
f 10572 10580 10552
f 10662 10663 10553
f 10663 10574 10553
f 10579 10573 10554
f 10560 10579 10554
f 10569 10575 10555
f 10575 10558 10555
f 10564 10566 10556
f 10559 10564 10556
f 10578 10563 10557
f 10571 10578 10557
f 10575 10571 10558
f 10585 10564 10559
f 10580 10585 10559
f 10582 10579 10560
f 10565 10582 10560
f 10593 10572 10561
f 10577 10593 10561
f 10592 10577 10562
f 10573 10592 10562
f 10581 10568 10563
f 10578 10581 10563
f 10585 10583 10564
f 10583 10567 10564
f 10567 10566 10564
f 10586 10582 10565
f 10568 10586 10565
f 10581 10586 10568
f 10570 10584 10569
f 10584 10575 10569
f 10576 10584 10570
f 10588 10578 10571
f 10575 10588 10571
f 10600 10580 10572
f 10593 10600 10572
f 10599 10592 10573
f 10579 10599 10573
f 10663 10665 10574
f 10665 10594 10574
f 10584 10588 10575
f 10589 10595 10576
f 10595 10584 10576
f 10603 10593 10577
f 10592 10603 10577
f 10597 10581 10578
f 10588 10597 10578
f 10605 10599 10579
f 10582 10605 10579
f 10607 10585 10580
f 10600 10607 10580
f 10602 10586 10581
f 10597 10602 10581
f 10606 10605 10582
f 10586 10606 10582
f 10590 10587 10583
f 10585 10590 10583
f 10595 10601 10584
f 10601 10588 10584
f 10611 10590 10585
f 10607 10611 10585
f 10602 10606 10586
f 10590 10591 10587
f 10601 10597 10588
f 10596 10595 10589
f 10611 10608 10590
f 10608 10591 10590
f 10615 10603 10592
f 10599 10615 10592
f 10617 10600 10593
f 10603 10617 10593
f 10665 10666 10594
f 10666 10604 10594
f 10596 10598 10595
f 10598 10612 10595
f 10612 10601 10595
f 10613 10602 10597
f 10601 10613 10597
f 10609 10612 10598
f 10623 10615 10599
f 10605 10623 10599
f 10625 10607 10600
f 10617 10625 10600
f 10612 10613 10601
f 10620 10606 10602
f 10613 10620 10602
f 10632 10617 10603
f 10615 10632 10603
f 10666 10667 10604
f 10667 10614 10604
f 10626 10623 10605
f 10606 10626 10605
f 10620 10626 10606
f 10631 10611 10607
f 10625 10631 10607
f 10611 10610 10608
f 10616 10619 10609
f 10619 10612 10609
f 10611 10628 10610
f 10631 10628 10611
f 10619 10629 10612
f 10629 10613 10612
f 10629 10620 10613
f 10667 10668 10614
f 10668 10621 10614
f 10638 10632 10615
f 10623 10638 10615
f 10622 10619 10616
f 10640 10625 10617
f 10632 10640 10617
f 10624 10672 10618
f 10672 10670 10618
f 10622 10636 10619
f 10636 10629 10619
f 10637 10626 10620
f 10629 10637 10620
f 10668 10671 10621
f 10671 10624 10621
f 10633 10636 10622
f 10642 10638 10623
f 10626 10642 10623
f 10671 10672 10624
f 10646 10631 10625
f 10640 10646 10625
f 10637 10642 10626
f 10631 10630 10628
f 10630 10639 10628
f 10636 10637 10629
f 10645 10639 10630
f 10631 10645 10630
f 10646 10645 10631
f 10651 10640 10632
f 10638 10651 10632
f 10634 10641 10633
f 10641 10636 10633
f 10643 10641 10634
f 10664 10661 10635
f 10641 10648 10636
f 10648 10637 10636
f 10648 10642 10637
f 10655 10651 10638
f 10642 10655 10638
f 10645 10644 10639
f 10658 10646 10640
f 10651 10658 10640
f 10643 10656 10641
f 10656 10648 10641
f 10648 10655 10642
f 10647 10656 10643
f 10645 10657 10644
f 10657 10649 10644
f 10646 10657 10645
f 10658 10657 10646
f 10653 10654 10647
f 10654 10656 10647
f 10656 10655 10648
f 10657 10650 10649
f 10659 10652 10650
f 10657 10659 10650
f 10660 10658 10651
f 10655 10660 10651
f 10654 10653 10652
f 10659 10654 10652
f 10659 10660 10654
f 10660 10656 10654
f 10656 10660 10655
f 10658 10659 10657
f 10660 10659 10658
f 10673 10662 10661
f 10664 10673 10661
f 10674 10663 10662
f 10673 10674 10662
f 10679 10665 10663
f 10674 10679 10663
f 10669 10673 10664
f 10691 10666 10665
f 10679 10691 10665
f 10712 10667 10666
f 10691 10712 10666
f 10731 10668 10667
f 10712 10731 10667
f 10739 10671 10668
f 10731 10739 10668
f 10753 10673 10669
f 10719 10753 10669
f 10747 10740 10670
f 10672 10747 10670
f 10744 10672 10671
f 10739 10744 10671
f 10744 10747 10672
f 10754 10674 10673
f 10753 10754 10673
f 10792 10679 10674
f 10773 10792 10674
f 10754 10773 10674
f 10678 10676 10675
f 10678 10680 10676
f 10680 10677 10676
f 10680 10681 10677
f 10684 10680 10678
f 10792 10691 10679
f 10684 10682 10680
f 10682 10681 10680
f 10689 10683 10681
f 10700 10705 10681
f 10696 10700 10681
f 10692 10696 10681
f 10685 10688 10681
f 10688 10692 10681
f 10705 10707 10681
f 10707 10709 10681
f 10709 10710 10681
f 10710 10708 10681
f 10706 10701 10681
f 10701 10697 10681
f 10708 10706 10681
f 10693 10689 10681
f 10682 10685 10681
f 10697 10693 10681
f 10684 10690 10682
f 10690 10685 10682
f 10689 10686 10683
f 10690 10688 10685
f 10689 10687 10686
f 10702 10694 10687
f 10689 10702 10687
f 10695 10703 10688
f 10703 10692 10688
f 10690 10695 10688
f 10693 10702 10689
f 10806 10712 10691
f 10805 10806 10691
f 10792 10805 10691
f 10703 10713 10692
f 10713 10721 10692
f 10721 10696 10692
f 10714 10702 10693
f 10697 10714 10693
f 10717 10698 10694
f 10702 10717 10694
f 10721 10734 10696
f 10734 10700 10696
f 10701 10722 10697
f 10722 10714 10697
f 10717 10699 10698
f 10717 10711 10699
f 10734 10737 10700
f 10737 10705 10700
f 10706 10735 10701
f 10735 10722 10701
f 10714 10717 10702
f 10720 10713 10703
f 10737 10742 10705
f 10742 10707 10705
f 10738 10735 10706
f 10708 10738 10706
f 10742 10745 10707
f 10745 10709 10707
f 10710 10743 10708
f 10743 10738 10708
f 10745 10746 10709
f 10746 10710 10709
f 10746 10743 10710
f 10741 10715 10711
f 10717 10733 10711
f 10733 10741 10711
f 10820 10823 10712
f 10823 10731 10712
f 10806 10820 10712
f 10720 10721 10713
f 10736 10717 10714
f 10722 10736 10714
f 10741 10716 10715
f 10751 10718 10716
f 10741 10751 10716
f 10736 10733 10717
f 10755 10723 10718
f 10751 10755 10718
f 10756 10753 10719
f 10725 10756 10719
f 10732 10721 10720
f 10748 10734 10721
f 10732 10748 10721
f 10735 10749 10722
f 10749 10736 10722
f 10755 10724 10723
f 10759 10727 10724
f 10755 10759 10724
f 10726 10756 10725
f 10760 10756 10726
f 10728 10760 10726
f 10761 10729 10727
f 10759 10761 10727
f 10730 10760 10728
f 10761 10730 10729
f 10761 10760 10730
f 10833 10739 10731
f 10823 10832 10731
f 10832 10833 10731
f 10752 10741 10733
f 10736 10752 10733
f 10748 10757 10734
f 10757 10764 10734
f 10764 10737 10734
f 10738 10758 10735
f 10758 10749 10735
f 10749 10752 10736
f 10764 10767 10737
f 10767 10742 10737
f 10765 10758 10738
f 10743 10765 10738
f 10833 10841 10739
f 10841 10744 10739
f 10849 10843 10740
f 10747 10849 10740
f 10763 10751 10741
f 10752 10763 10741
f 10767 10770 10742
f 10770 10745 10742
f 10746 10768 10743
f 10768 10765 10743
f 10850 10747 10744
f 10841 10848 10744
f 10848 10850 10744
f 10770 10771 10745
f 10771 10746 10745
f 10771 10768 10746
f 10850 10849 10747
f 10750 10757 10748
f 10758 10766 10749
f 10766 10752 10749
f 10762 10757 10750
f 10769 10755 10751
f 10763 10769 10751
f 10766 10763 10752
f 10756 10754 10753
f 10778 10773 10754
f 10756 10778 10754
f 10776 10759 10755
f 10769 10776 10755
f 10780 10778 10756
f 10760 10780 10756
f 10762 10772 10757
f 10772 10764 10757
f 10765 10774 10758
f 10774 10766 10758
f 10779 10761 10759
f 10776 10779 10759
f 10782 10780 10760
f 10761 10782 10760
f 10779 10782 10761
f 10777 10769 10763
f 10766 10777 10763
f 10772 10783 10764
f 10783 10786 10764
f 10786 10767 10764
f 10784 10774 10765
f 10768 10784 10765
f 10774 10777 10766
f 10786 10789 10767
f 10789 10770 10767
f 10771 10787 10768
f 10787 10784 10768
f 10785 10776 10769
f 10777 10785 10769
f 10789 10790 10770
f 10790 10771 10770
f 10790 10787 10771
f 10775 10783 10772
f 10794 10792 10773
f 10778 10794 10773
f 10784 10788 10774
f 10788 10777 10774
f 10781 10783 10775
f 10793 10779 10776
f 10785 10793 10776
f 10788 10785 10777
f 10800 10794 10778
f 10780 10800 10778
f 10798 10782 10779
f 10793 10798 10779
f 10802 10800 10780
f 10782 10802 10780
f 10796 10783 10781
f 10795 10796 10781
f 10798 10802 10782
f 10796 10803 10783
f 10803 10786 10783
f 10797 10788 10784
f 10787 10797 10784
f 10801 10793 10785
f 10788 10801 10785
f 10803 10807 10786
f 10807 10789 10786
f 10790 10804 10787
f 10804 10797 10787
f 10797 10801 10788
f 10807 10808 10789
f 10808 10790 10789
f 10808 10804 10790
f 10794 10805 10792
f 10810 10798 10793
f 10801 10810 10793
f 10811 10805 10794
f 10816 10811 10794
f 10800 10816 10794
f 10799 10796 10795
f 10799 10809 10796
f 10809 10803 10796
f 10812 10801 10797
f 10804 10812 10797
f 10815 10802 10798
f 10810 10815 10798
f 10817 10816 10800
f 10802 10817 10800
f 10812 10810 10801
f 10815 10817 10802
f 10809 10818 10803
f 10818 10824 10803
f 10824 10807 10803
f 10808 10819 10804
f 10819 10812 10804
f 10811 10806 10805
f 10811 10820 10806
f 10824 10825 10807
f 10825 10808 10807
f 10825 10819 10808
f 10813 10818 10809
f 10821 10815 10810
f 10812 10821 10810
f 10816 10823 10811
f 10823 10820 10811
f 10819 10821 10812
f 10814 10818 10813
f 10829 10818 10814
f 10826 10829 10814
f 10827 10817 10815
f 10821 10827 10815
f 10828 10823 10816
f 10831 10828 10816
f 10817 10831 10816
f 10827 10831 10817
f 10829 10834 10818
f 10834 10824 10818
f 10825 10830 10819
f 10830 10821 10819
f 10830 10827 10821
f 10828 10832 10823
f 10834 10835 10824
f 10835 10825 10824
f 10835 10830 10825
f 10836 10829 10826
f 10839 10831 10827
f 10830 10839 10827
f 10840 10832 10828
f 10842 10840 10828
f 10831 10842 10828
f 10836 10838 10829
f 10838 10845 10829
f 10845 10834 10829
f 10835 10839 10830
f 10839 10842 10831
f 10840 10833 10832
f 10840 10841 10833
f 10845 10846 10834
f 10846 10835 10834
f 10846 10839 10835
f 10837 10838 10836
f 10843 10844 10837
f 10844 10838 10837
f 10844 10845 10838
f 10846 10842 10839
f 10847 10841 10840
f 10852 10847 10840
f 10842 10852 10840
f 10847 10848 10841
f 10846 10852 10842
f 10849 10844 10843
f 10851 10845 10844
f 10849 10851 10844
f 10851 10852 10845
f 10852 10846 10845
f 10852 10848 10847
f 10851 10850 10848
f 10852 10851 10848
f 10850 10851 10849
