mtllib hex_bolt_24mm.mtl
v -0.038140000 0.000000000 0.028546149
v -0.038140000 0.002593367 0.028384726
v -0.038140000 0.005100000 0.027539608
v -0.038140000 0.007339768 0.026045917
v -0.038140000 0.009145228 0.023986149
v -0.038140000 0.010374043 0.021485865
v -0.038140000 0.010920000 0.018706149
v -0.038140000 0.010721777 0.015833257
v -0.038140000 0.009768767 0.013066149
v -0.038140000 0.008103444 0.010602705
v -0.038140000 0.005820000 0.008625613
v -0.038140000 0.003059241 0.007288905
v -0.038140000 0.000000000 0.006706149
v -0.038140000 -0.003059241 0.007288905
v -0.038140000 -0.005820000 0.008625613
v -0.038140000 -0.008103444 0.010602705
v -0.038140000 -0.009768767 0.013066149
v -0.038140000 -0.010721777 0.015833257
v -0.038140000 -0.010920000 0.018706149
v -0.038140000 -0.010374043 0.021485865
v -0.038140000 -0.009145228 0.023986149
v -0.038140000 -0.007339768 0.026045917
v -0.038140000 -0.005100000 0.027539608
v -0.038140000 -0.002593367 0.028384726
v -0.037764506 0.000000000 0.029086860
v -0.037764506 0.002640138 0.028559279
v -0.037764506 0.005010356 0.027384339
v -0.037764506 0.006958434 0.025664583
v -0.037764506 0.008676958 0.023715793
v -0.037764506 0.009851756 0.021345919
v -0.037764506 0.010379289 0.018706149
v -0.037764506 0.010199490 0.015973204
v -0.037764506 0.009300497 0.013336504
v -0.037764506 0.007721103 0.010985046
v -0.037764506 0.005549644 0.009093883
v -0.037764506 0.002919295 0.007811193
v -0.037764506 0.000000000 0.007246860
v -0.037764506 -0.003012470 0.007463459
v -0.037764506 -0.005909644 0.008470345
v -0.037764506 -0.008484778 0.010221370
v -0.037764506 -0.010237036 0.012795793
v -0.037764506 -0.011244064 0.015693311
v -0.037764506 -0.011460711 0.018706149
v -0.037764506 -0.010896331 0.021625812
v -0.037764506 -0.009613498 0.024256504
v -0.037764506 -0.007722109 0.026428258
v -0.037764506 -0.005370356 0.028007878
v -0.037764506 -0.002733313 0.028907013
v -0.037389012 0.000000000 0.029627572
v -0.037389012 0.002780085 0.029081567
v -0.037389012 0.005280711 0.027852609
v -0.037389012 0.007340775 0.026046923
v -0.037389012 0.008834691 0.023806860
v -0.037389012 0.009679951 0.021299884
v -0.037389012 0.009841423 0.018706149
v -0.037389012 0.009677202 0.016113150
v -0.037389012 0.008832227 0.013606860
v -0.037389012 0.007338762 0.011367386
v -0.037389012 0.005279289 0.009562153
v -0.037389012 0.002779348 0.008333480
v -0.037389012 0.000000000 0.007787572
v -0.037389012 -0.002872523 0.007985746
v -0.037389012 -0.005639289 0.008938614
v -0.037389012 -0.008102438 0.010603711
v -0.037389012 -0.010079303 0.012886860
v -0.037389012 -0.011415869 0.015647276
v -0.037389012 -0.011998577 0.018706149
v -0.037389012 -0.011418618 0.021765758
v -0.037389012 -0.010081768 0.024526860
v -0.037389012 -0.008104450 0.026810599
v -0.037389012 -0.005640711 0.028476148
v -0.037389012 -0.002873260 0.029429300
v -0.037013518 0.000000000 0.030168283
v -0.037013518 0.002920031 0.029603854
v -0.037013518 0.005551067 0.028320879
v -0.037013518 0.007723115 0.026429264
v -0.037013518 0.009302961 0.024077216
v -0.037013518 0.010202238 0.021439830
v -0.037013518 0.010382134 0.018706149
v -0.037013518 0.009854505 0.016065642
v -0.037013518 0.008679423 0.013695082
v -0.037013518 0.006959440 0.011746709
v -0.037013518 0.005008933 0.010030423
v -0.037013518 0.002639402 0.008855767
v -0.037013518 0.000000000 0.008328283
v -0.037013518 -0.002732577 0.008508034
v -0.037013518 -0.005368933 0.009406884
v -0.037013518 -0.007720097 0.010986052
v -0.037013518 -0.009611034 0.013157216
v -0.037013518 -0.010893582 0.015787222
v -0.037013518 -0.011457866 0.018706149
v -0.037013518 -0.011241315 0.021718250
v -0.037013518 -0.010234572 0.024615082
v -0.037013518 -0.008483772 0.027189921
v -0.037013518 -0.005911067 0.028944417
v -0.037013518 -0.003013206 0.029951587
v -0.036638024 0.000000000 0.030703303
v -0.036638024 0.003059978 0.030126141
v -0.036638024 0.005821423 0.028789149
v -0.036638024 0.008105456 0.026811605
v -0.036638024 0.009771231 0.024347572
v -0.036638024 0.010724526 0.021579777
v -0.036638024 0.010922846 0.018706149
v -0.036638024 0.010376792 0.015925696
v -0.036638024 0.009147693 0.013424726
v -0.036638024 0.007341781 0.011364368
v -0.036638024 0.005101423 0.009870225
v -0.036638024 0.002594103 0.009024823
v -0.036638024 0.000000000 0.008863303
v -0.036638024 -0.002592630 0.009030321
v -0.036638024 -0.005098577 0.009875154
v -0.036638024 -0.007337756 0.011368393
v -0.036638024 -0.009142764 0.013427572
v -0.036638024 -0.010371294 0.015927169
v -0.036638024 -0.010917154 0.018706149
v -0.036638024 -0.010719028 0.021578304
v -0.036638024 -0.009766302 0.024344726
v -0.036638024 -0.008101431 0.026807580
v -0.036638024 -0.005818577 0.028784220
v -0.036638024 -0.003058505 0.030120643
v -0.036262530 0.000000000 0.030162591
v -0.036262530 0.003011733 0.029946089
v -0.036262530 0.005908221 0.028939488
v -0.036262530 0.008482766 0.027188915
v -0.036262530 0.010239501 0.024617927
v -0.036262530 0.011246813 0.021719723
v -0.036262530 0.011463557 0.018706149
v -0.036262530 0.010899079 0.015785749
v -0.036262530 0.009615963 0.013154370
v -0.036262530 0.007724121 0.010982027
v -0.036262530 0.005371779 0.009401955
v -0.036262530 0.002734050 0.008502536
v -0.036262530 0.000000000 0.008322591
v -0.036262530 -0.002640875 0.008850269
v -0.036262530 -0.005011779 0.010025493
v -0.036262530 -0.006960446 0.011745703
v -0.036262530 -0.008674494 0.013697927
v -0.036262530 -0.009849007 0.016067115
v -0.036262530 -0.010376443 0.018706149
v -0.036262530 -0.010196741 0.021438357
v -0.036262530 -0.009298032 0.024074370
v -0.036262530 -0.007719091 0.026425239
v -0.036262530 -0.005548221 0.028315950
v -0.036262530 -0.002918558 0.029598356
v -0.035887036 0.000000000 0.029621880
v -0.035887036 0.002871787 0.029423802
v -0.035887036 0.005637866 0.028471218
v -0.035887036 0.008100425 0.026806574
v -0.035887036 0.010076839 0.024524014
v -0.035887036 0.011413120 0.021764285
v -0.035887036 0.011995731 0.018706149
v -0.035887036 0.011421367 0.015645803
v -0.035887036 0.010084233 0.012884014
v -0.035887036 0.008106462 0.010599687
v -0.035887036 0.005642134 0.008933685
v -0.035887036 0.002873996 0.007980249
v -0.035887036 0.000000000 0.007781880
v -0.035887036 -0.002780821 0.008327982
v -0.035887036 -0.005282134 0.009557224
v -0.035887036 -0.007342787 0.011363362
v -0.035887036 -0.008837156 0.013604014
v -0.035887036 -0.009682700 0.016111677
v -0.035887036 -0.009844269 0.018706149
v -0.035887036 -0.009674453 0.021298411
v -0.035887036 -0.008829762 0.023804014
v -0.035887036 -0.007336750 0.026042899
v -0.035887036 -0.005277866 0.027847680
v -0.035887036 -0.002778612 0.029076069
v -0.035511542 0.000000000 0.029081168
v -0.035511542 0.002731840 0.028901515
v -0.035511542 0.005367510 0.028002949
v -0.035511542 0.007718084 0.026424233
v -0.035511542 0.009608569 0.024253659
v -0.035511542 0.010890833 0.021624339
v -0.035511542 0.011455020 0.018706149
v -0.035511542 0.011238566 0.015694784
v -0.035511542 0.010232107 0.012798639
v -0.035511542 0.008481760 0.010224389
v -0.035511542 0.005912490 0.008465415
v -0.035511542 0.003013943 0.007457962
v -0.035511542 0.000000000 0.007241168
v -0.035511542 -0.002920768 0.007805695
v -0.035511542 -0.005552490 0.009088954
v -0.035511542 -0.007725128 0.010981021
v -0.035511542 -0.009305426 0.013333659
v -0.035511542 -0.010204987 0.015971731
v -0.035511542 -0.010384980 0.018706149
v -0.035511542 -0.009857254 0.021347392
v -0.035511542 -0.008681888 0.023718639
v -0.035511542 -0.006961452 0.025667601
v -0.035511542 -0.005007510 0.027379410
v -0.035511542 -0.002638665 0.028553782
v -0.035136047 0.000000000 0.028551840
v -0.035136047 0.002591894 0.028379228
v -0.035136047 0.005097154 0.027534679
v -0.035136047 0.007335744 0.026041892
v -0.035136047 0.009140299 0.023983303
v -0.035136047 0.010368546 0.021484392
v -0.035136047 0.010914308 0.018706149
v -0.035136047 0.010716279 0.015834730
v -0.035136047 0.009763837 0.013068995
v -0.035136047 0.008099419 0.010606730
v -0.035136047 0.005817154 0.008630542
v -0.035136047 0.003057768 0.007294403
v -0.035136047 0.000000000 0.006711840
v -0.035136047 -0.003060714 0.007283408
v -0.035136047 -0.005822846 0.008620684
v -0.035136047 -0.008107468 0.010598680
v -0.035136047 -0.009773696 0.013063303
v -0.035136047 -0.010727274 0.015831784
v -0.035136047 -0.010925692 0.018706149
v -0.035136047 -0.010379541 0.021487338
v -0.035136047 -0.009150157 0.023988995
v -0.035136047 -0.007343793 0.026049942
v -0.035136047 -0.005102846 0.027544537
v -0.035136047 -0.002594840 0.028390223
v -0.034760553 0.000000000 0.029092552
v -0.034760553 0.002641612 0.028564777
v -0.034760553 0.005013202 0.027389269
v -0.034760553 0.006962458 0.025668607
v -0.034760553 0.008672029 0.023712947
v -0.034760553 0.009846258 0.021344446
v -0.034760553 0.010373597 0.018706149
v -0.034760553 0.010193992 0.015974677
v -0.034760553 0.009295568 0.013339350
v -0.034760553 0.007717078 0.010989070
v -0.034760553 0.005546798 0.009098812
v -0.034760553 0.002917822 0.007816690
v -0.034760553 0.000000000 0.007252552
v -0.034760553 -0.003010996 0.007468957
v -0.034760553 -0.005906798 0.008475274
v -0.034760553 -0.008480754 0.010225395
v -0.034760553 -0.010241966 0.012792947
v -0.034760553 -0.011249562 0.015691838
v -0.034760553 -0.011466403 0.018706149
v -0.034760553 -0.010901828 0.021627285
v -0.034760553 -0.009618427 0.024259350
v -0.034760553 -0.007726134 0.026432282
v -0.034760553 -0.005373202 0.028012807
v -0.034760553 -0.002734786 0.028912510
v -0.034385059 0.000000000 0.029633263
v -0.034385059 0.002781558 0.029087064
v -0.034385059 0.005283557 0.027857538
v -0.034385059 0.007344799 0.026050948
v -0.034385059 0.008839621 0.023809706
v -0.034385059 0.009685449 0.021301357
v -0.034385059 0.009847115 0.018706149
v -0.034385059 0.009671705 0.016114623
v -0.034385059 0.008827298 0.013609706
v -0.034385059 0.007334738 0.011371411
v -0.034385059 0.005276443 0.009567082
v -0.034385059 0.002777875 0.008338978
v -0.034385059 0.000000000 0.007793263
v -0.034385059 -0.002871050 0.007991244
v -0.034385059 -0.005636443 0.008943544
v -0.034385059 -0.008098413 0.010607736
v -0.034385059 -0.010074374 0.012889706
v -0.034385059 -0.011410371 0.015648749
v -0.034385059 -0.011992885 0.018706149
v -0.034385059 -0.011424115 0.021767231
v -0.034385059 -0.010086697 0.024529706
v -0.034385059 -0.008108475 0.026814623
v -0.034385059 -0.005643557 0.028481077
v -0.034385059 -0.002874733 0.029434798
v -0.034009565 0.000000000 0.030173975
v -0.034009565 0.002921504 0.029609351
v -0.034009565 0.005553913 0.028325808
v -0.034009565 0.007727140 0.026433289
v -0.034009565 0.009307890 0.024080062
v -0.034009565 0.010207736 0.021441303
v -0.034009565 0.010387826 0.018706149
v -0.034009565 0.009860003 0.016064169
v -0.034009565 0.008684352 0.013692236
v -0.034009565 0.006963465 0.011742684
v -0.034009565 0.005006087 0.010035352
v -0.034009565 0.002637929 0.008861265
v -0.034009565 0.000000000 0.008333975
v -0.034009565 -0.002731104 0.008513531
v -0.034009565 -0.005366087 0.009411813
v -0.034009565 -0.007716072 0.010990077
v -0.034009565 -0.009606104 0.013160062
v -0.034009565 -0.010888084 0.015788695
v -0.034009565 -0.011452174 0.018706149
v -0.034009565 -0.011235817 0.021716777
v -0.034009565 -0.010229643 0.024612236
v -0.034009565 -0.008479747 0.027185896
v -0.034009565 -0.005913913 0.028949347
v -0.034009565 -0.003014679 0.029957085
v -0.033634071 0.000000000 0.030697611
v -0.033634071 0.003061451 0.030131639
v -0.033634071 0.005824269 0.028794078
v -0.033634071 0.008109481 0.026815629
v -0.033634071 0.009776160 0.024350417
v -0.033634071 0.010730023 0.021581250
v -0.033634071 0.010928538 0.018706149
v -0.033634071 0.010382290 0.015924222
v -0.033634071 0.009152622 0.013421880
v -0.033634071 0.007345805 0.011360343
v -0.033634071 0.005104269 0.009865296
v -0.033634071 0.002595577 0.009019325
v -0.033634071 0.000000000 0.008857611
v -0.033634071 -0.002591157 0.009035819
v -0.033634071 -0.005095731 0.009880083
v -0.033634071 -0.007333731 0.011372417
v -0.033634071 -0.009137835 0.013430417
v -0.033634071 -0.010365797 0.015928642
v -0.033634071 -0.010911462 0.018706149
v -0.033634071 -0.010713530 0.021576830
v -0.033634071 -0.009761373 0.024341880
v -0.033634071 -0.008097407 0.026803555
v -0.033634071 -0.005815731 0.028779291
v -0.033634071 -0.003057031 0.030115145
v -0.033258577 0.000000000 0.030156900
v -0.033258577 0.003010260 0.029940591
v -0.033258577 0.005905375 0.028934559
v -0.033258577 0.008478741 0.027184890
v -0.033258577 0.010244430 0.024620773
v -0.033258577 0.011252310 0.021721196
v -0.033258577 0.011469249 0.018706149
v -0.033258577 0.010904577 0.015784276
v -0.033258577 0.009620892 0.013151524
v -0.033258577 0.007728146 0.010978003
v -0.033258577 0.005374625 0.009397026
v -0.033258577 0.002735523 0.008497038
v -0.033258577 0.000000000 0.008316900
v -0.033258577 -0.002642348 0.008844771
v -0.033258577 -0.005014625 0.010020564
v -0.033258577 -0.006964471 0.011741678
v -0.033258577 -0.008669565 0.013700773
v -0.033258577 -0.009843510 0.016068588
v -0.033258577 -0.010370751 0.018706149
v -0.033258577 -0.010191243 0.021436884
v -0.033258577 -0.009293103 0.024071524
v -0.033258577 -0.007715066 0.026421215
v -0.033258577 -0.005545375 0.028311021
v -0.033258577 -0.002917085 0.029592858
v -0.032883083 0.000000000 0.029616188
v -0.032883083 0.002870313 0.029418304
v -0.032883083 0.005635020 0.028466289
v -0.032883083 0.008096401 0.026802549
v -0.032883083 0.010071910 0.024521168
v -0.032883083 0.011407622 0.021762812
v -0.032883083 0.011990040 0.018706149
v -0.032883083 0.011426864 0.015644330
v -0.032883083 0.010089162 0.012881168
v -0.032883083 0.008110487 0.010595662
v -0.032883083 0.005644980 0.008928756
v -0.032883083 0.002875469 0.007974751
v -0.032883083 0.000000000 0.007776188
v -0.032883083 -0.002782295 0.008322484
v -0.032883083 -0.005284980 0.009552294
v -0.032883083 -0.007346812 0.011359337
v -0.032883083 -0.008842085 0.013601168
v -0.032883083 -0.009688198 0.016110204
v -0.032883083 -0.009849960 0.018706149
v -0.032883083 -0.009668956 0.021296938
v -0.032883083 -0.008824833 0.023801168
v -0.032883083 -0.007332725 0.026038874
v -0.032883083 -0.005275020 0.027842751
v -0.032883083 -0.002777139 0.029070571
v -0.032507589 0.000000000 0.029075477
v -0.032507589 0.002730367 0.028896017
v -0.032507589 0.005364664 0.027998019
v -0.032507589 0.007714060 0.026420209
v -0.032507589 0.009603640 0.024250813
v -0.032507589 0.010885335 0.021622865
v -0.032507589 0.011449328 0.018706149
v -0.032507589 0.011233068 0.015696257
v -0.032507589 0.010227178 0.012801485
v -0.032507589 0.008477735 0.010228414
v -0.032507589 0.005915336 0.008460486
v -0.032507589 0.003015416 0.007452464
v -0.032507589 0.000000000 0.007235477
v -0.032507589 -0.002922241 0.007800197
v -0.032507589 -0.005555336 0.009084025
v -0.032507589 -0.007729152 0.010976996
v -0.032507589 -0.009310355 0.013330813
v -0.032507589 -0.010210485 0.015970258
v -0.032507589 -0.010390672 0.018706149
v -0.032507589 -0.009862752 0.021348865
v -0.032507589 -0.008686817 0.023721485
v -0.032507589 -0.006965477 0.025671626
v -0.032507589 -0.005004664 0.027374481
v -0.032507589 -0.002637192 0.028548284
v -0.032132095 0.000000000 0.028557532
v -0.032132095 0.002590421 0.028373730
v -0.032132095 0.005094308 0.027529750
v -0.032132095 0.007331719 0.026037868
v -0.032132095 0.009135370 0.023980457
v -0.032132095 0.010363048 0.021482919
v -0.032132095 0.010908617 0.018706149
v -0.032132095 0.010710781 0.015836204
v -0.032132095 0.009758908 0.013071840
v -0.032132095 0.008095394 0.010610754
v -0.032132095 0.005814308 0.008635471
v -0.032132095 0.003056295 0.007299901
v -0.032132095 0.000000000 0.006717532
v -0.032132095 -0.003062187 0.007277910
v -0.032132095 -0.005825692 0.008615755
v -0.032132095 -0.008111493 0.010594656
v -0.032132095 -0.009778625 0.013060457
v -0.032132095 -0.010732772 0.015830311
v -0.032132095 -0.010931383 0.018706149
v -0.032132095 -0.010385039 0.021488812
v -0.032132095 -0.009155087 0.023991840
v -0.032132095 -0.007347818 0.026053966
v -0.032132095 -0.005105692 0.027549466
v -0.032132095 -0.002596313 0.028395721
v -0.031756601 0.000000000 0.029098244
v -0.031756601 0.002643085 0.028570275
v -0.031756601 0.005016047 0.027394198
v -0.031756601 0.006966483 0.025672632
v -0.031756601 0.008667100 0.023710101
v -0.031756601 0.009840761 0.021342973
v -0.031756601 0.010367905 0.018706149
v -0.031756601 0.010188494 0.015976150
v -0.031756601 0.009290638 0.013342196
v -0.031756601 0.007713054 0.010993095
v -0.031756601 0.005543953 0.009103741
v -0.031756601 0.002916348 0.007822188
v -0.031756601 0.000000000 0.007258244
v -0.031756601 -0.003009523 0.007474455
v -0.031756601 -0.005903953 0.008480203
v -0.031756601 -0.008476729 0.010229420
v -0.031756601 -0.010246895 0.012790101
v -0.031756601 -0.011255059 0.015690365
v -0.031756601 -0.011472095 0.018706149
v -0.031756601 -0.010907326 0.021628758
v -0.031756601 -0.009623356 0.024262196
v -0.031756601 -0.007730158 0.026436307
v -0.031756601 -0.005376047 0.028017736
v -0.031756601 -0.002736259 0.028918008
v -0.031381107 0.000000000 0.029638955
v -0.031381107 0.002783031 0.029092562
v -0.031381107 0.005286403 0.027862468
v -0.031381107 0.007348824 0.026054973
v -0.031381107 0.008844550 0.023812552
v -0.031381107 0.009690947 0.021302830
v -0.031381107 0.009852806 0.018706149
v -0.031381107 0.009666207 0.016116096
v -0.031381107 0.008822369 0.013612552
v -0.031381107 0.007330713 0.011375436
v -0.031381107 0.005273597 0.009572011
v -0.031381107 0.002776402 0.008344475
v -0.031381107 0.000000000 0.007798955
v -0.031381107 -0.002869577 0.007996742
v -0.031381107 -0.005633597 0.008948473
v -0.031381107 -0.008094388 0.010611760
v -0.031381107 -0.010069445 0.012892552
v -0.031381107 -0.011404873 0.015650222
v -0.031381107 -0.011987194 0.018706149
v -0.031381107 -0.011429613 0.021768704
v -0.031381107 -0.010091626 0.024532552
v -0.031381107 -0.008112499 0.026818648
v -0.031381107 -0.005646403 0.028486006
v -0.031381107 -0.002876206 0.029440295
v -0.031005613 0.000000000 0.030179667
v -0.031005613 0.002922977 0.029614849
v -0.031005613 0.005556759 0.028330737
v -0.031005613 0.007731165 0.026437313
v -0.031005613 0.009312820 0.024082908
v -0.031005613 0.010213234 0.021442776
v -0.031005613 0.010393518 0.018706149
v -0.031005613 0.009865501 0.016062696
v -0.031005613 0.008689281 0.013689390
v -0.031005613 0.006967489 0.011738659
v -0.031005613 0.005003241 0.010040281
v -0.031005613 0.002636456 0.008866762
v -0.031005613 0.000000000 0.008339667
v -0.031005613 -0.002729630 0.008519029
v -0.031005613 -0.005363241 0.009416743
v -0.031005613 -0.007712048 0.010994101
v -0.031005613 -0.009601175 0.013162908
v -0.031005613 -0.010882586 0.015790169
v -0.031005613 -0.011446482 0.018706149
v -0.031005613 -0.011230319 0.021715304
v -0.031005613 -0.010224714 0.024609390
v -0.031005613 -0.008475723 0.027181872
v -0.031005613 -0.005916759 0.028954276
v -0.031005613 -0.003016152 0.029962583
v -0.030630119 0.000000000 0.030691919
v -0.030630119 0.003062924 0.030137136
v -0.030630119 0.005827115 0.028799007
v -0.030630119 0.008113505 0.026819654
v -0.030630119 0.009781089 0.024353263
v -0.030630119 0.010735521 0.021582723
v -0.030630119 0.010934229 0.018706149
v -0.030630119 0.010387788 0.015922749
v -0.030630119 0.009157551 0.013419034
v -0.030630119 0.007349830 0.011356319
v -0.030630119 0.005107115 0.009860367
v -0.030630119 0.002597050 0.009013828
v -0.030630119 0.000000000 0.008851919
v -0.030630119 -0.002589684 0.009041316
v -0.030630119 -0.005092885 0.009885012
v -0.030630119 -0.007329707 0.011376442
v -0.030630119 -0.009132905 0.013433263
v -0.030630119 -0.010360299 0.015930115
v -0.030630119 -0.010905771 0.018706149
v -0.030630119 -0.010708032 0.021575357
v -0.030630119 -0.009756444 0.024339034
v -0.030630119 -0.008093382 0.026799531
v -0.030630119 -0.005812885 0.028774362
v -0.030630119 -0.003055558 0.030109648
v -0.030254625 0.000000000 0.030151208
v -0.030254625 0.003008787 0.029935094
v -0.030254625 0.005902530 0.028929630
v -0.030254625 0.008474717 0.027180865
v -0.030254625 0.010249359 0.024623619
v -0.030254625 0.011257808 0.021722669
v -0.030254625 0.011474941 0.018706149
v -0.030254625 0.010910075 0.015782803
v -0.030254625 0.009625821 0.013148678
v -0.030254625 0.007732171 0.010973978
v -0.030254625 0.005377470 0.009392097
v -0.030254625 0.002736996 0.008491540
v -0.030254625 0.000000000 0.008311208
v -0.030254625 -0.002643821 0.008839274
v -0.030254625 -0.005017470 0.010015635
v -0.030254625 -0.006968495 0.011737653
v -0.030254625 -0.008664636 0.013703619
v -0.030254625 -0.009838012 0.016070061
v -0.030254625 -0.010365059 0.018706149
v -0.030254625 -0.010185745 0.021435411
v -0.030254625 -0.009288174 0.024068678
v -0.030254625 -0.007711041 0.026417190
v -0.030254625 -0.005542530 0.028306092
v -0.030254625 -0.002915612 0.029587360
v -0.029879130 0.000000000 0.029610497
v -0.029879130 0.002868840 0.029412807
v -0.029879130 0.005632174 0.028461360
v -0.029879130 0.008092376 0.026798525
v -0.029879130 0.010066981 0.024518323
v -0.029879130 0.011402124 0.021761339
v -0.029879130 0.011984348 0.018706149
v -0.029879130 0.011432362 0.015642857
v -0.029879130 0.010094091 0.012878323
v -0.029879130 0.008114511 0.010591637
v -0.029879130 0.005647826 0.008923827
v -0.029879130 0.002876942 0.007969253
v -0.029879130 0.000000000 0.007770497
v -0.029879130 -0.002783768 0.008316987
v -0.029879130 -0.005287826 0.009547365
v -0.029879130 -0.007350836 0.011355313
v -0.029879130 -0.008847014 0.013598323
v -0.029879130 -0.009693696 0.016108731
v -0.029879130 -0.009855652 0.018706149
v -0.029879130 -0.009663458 0.021295464
v -0.029879130 -0.008819904 0.023798323
v -0.029879130 -0.007328701 0.026034849
v -0.029879130 -0.005272174 0.027837822
v -0.029879130 -0.002775665 0.029065073
v -0.029503636 0.000000000 0.029069785
v -0.029503636 0.002728894 0.028890519
v -0.029503636 0.005361818 0.027993090
v -0.029503636 0.007710035 0.026416184
v -0.029503636 0.009598711 0.024247967
v -0.029503636 0.010879837 0.021621392
v -0.029503636 0.011443636 0.018706149
v -0.029503636 0.011227571 0.015697730
v -0.029503636 0.010222249 0.012804331
v -0.029503636 0.008473711 0.010232438
v -0.029503636 0.005918182 0.008455557
v -0.029503636 0.003016889 0.007446966
v -0.029503636 0.000000000 0.007229785
v -0.029503636 -0.002923714 0.007794699
v -0.029503636 -0.005558182 0.009079095
v -0.029503636 -0.007733177 0.010972972
v -0.029503636 -0.009315284 0.013327967
v -0.029503636 -0.010215983 0.015968784
v -0.029503636 -0.010396364 0.018706149
v -0.029503636 -0.009868249 0.021350338
v -0.029503636 -0.008691746 0.023724331
v -0.029503636 -0.006969502 0.025675650
v -0.029503636 -0.005001818 0.027369552
v -0.029503636 -0.002635719 0.028542786
v -0.029128142 0.000000000 0.028563224
v -0.029128142 0.002588947 0.028368232
v -0.029128142 0.005091462 0.027524820
v -0.029128142 0.007327694 0.026033843
v -0.029128142 0.009130441 0.023977611
v -0.029128142 0.010357550 0.021481446
v -0.029128142 0.010902925 0.018706149
v -0.029128142 0.010705283 0.015837677
v -0.029128142 0.009753979 0.013074686
v -0.029128142 0.008091370 0.010614779
v -0.029128142 0.005811462 0.008640400
v -0.029128142 0.003054822 0.007305399
v -0.029128142 0.000000000 0.006723224
v -0.029128142 -0.003063660 0.007272412
v -0.029128142 -0.005828538 0.008610826
v -0.029128142 -0.008115518 0.010590631
v -0.029128142 -0.009783554 0.013057611
v -0.029128142 -0.010738270 0.015828838
v -0.029128142 -0.010937075 0.018706149
v -0.029128142 -0.010390537 0.021490285
v -0.029128142 -0.009160016 0.023994686
v -0.029128142 -0.007351842 0.026057991
v -0.029128142 -0.005108538 0.027554395
v -0.029128142 -0.002597786 0.028401219
v -0.028752648 0.000000000 0.029103935
v -0.028752648 0.002644558 0.028575773
v -0.028752648 0.005018893 0.027399127
v -0.028752648 0.006970508 0.025676656
v -0.028752648 0.008662171 0.023707255
v -0.028752648 0.009835263 0.021341499
v -0.028752648 0.010362213 0.018706149
v -0.028752648 0.010182996 0.015977623
v -0.028752648 0.009285709 0.013345042
v -0.028752648 0.007709029 0.010997120
v -0.028752648 0.005541107 0.009108670
v -0.028752648 0.002914875 0.007827686
v -0.028752648 0.000000000 0.007263935
v -0.028752648 -0.003008050 0.007479953
v -0.028752648 -0.005901107 0.008485132
v -0.028752648 -0.008472704 0.010233444
v -0.028752648 -0.010251824 0.012787255
v -0.028752648 -0.011260557 0.015688892
v -0.028752648 -0.011477787 0.018706149
v -0.028752648 -0.010912824 0.021630231
v -0.028752648 -0.009628286 0.024265042
v -0.028752648 -0.007734183 0.026440332
v -0.028752648 -0.005378893 0.028022665
v -0.028752648 -0.002737733 0.028923506
v -0.028377154 0.000000000 0.029644647
v -0.028377154 0.002784504 0.029098060
v -0.028377154 0.005289249 0.027867397
v -0.028377154 0.007352848 0.026058997
v -0.028377154 0.008849479 0.023815398
v -0.028377154 0.009696444 0.021304303
v -0.028377154 0.009858498 0.018706149
v -0.028377154 0.009660709 0.016117570
v -0.028377154 0.008817439 0.013615398
v -0.028377154 0.007326688 0.011379460
v -0.028377154 0.005270751 0.009576940
v -0.028377154 0.002774929 0.008349973
v -0.028377154 0.000000000 0.007804647
v -0.028377154 -0.002868104 0.008002240
v -0.028377154 -0.005630751 0.008953402
v -0.028377154 -0.008090364 0.010615785
v -0.028377154 -0.010064516 0.012895398
v -0.028377154 -0.011399376 0.015651695
v -0.028377154 -0.011981502 0.018706149
v -0.028377154 -0.011435111 0.021770177
v -0.028377154 -0.010096555 0.024535398
v -0.028377154 -0.008116524 0.026822673
v -0.028377154 -0.005649249 0.028490935
v -0.028377154 -0.002877679 0.029445793
v -0.028001660 0.000000000 0.030185358
v -0.028001660 0.002924451 0.029620347
v -0.028001660 0.005559605 0.028335667
v -0.028001660 0.007735189 0.026441338
v -0.028001660 0.009317749 0.024085753
v -0.028001660 0.010218732 0.021444250
v -0.028001660 0.010399209 0.018706149
v -0.028001660 0.009870998 0.016061223
v -0.028001660 0.008694210 0.013686544
v -0.028001660 0.006971514 0.011734635
v -0.028001660 0.005000395 0.010045210
v -0.028001660 0.002634982 0.008872260
v -0.028001660 0.000000000 0.008345358
v -0.028001660 -0.002728157 0.008524527
v -0.028001660 -0.005360395 0.009421672
v -0.028001660 -0.007708023 0.010998126
v -0.028001660 -0.009596246 0.013165753
v -0.028001660 -0.010877088 0.015791642
v -0.028001660 -0.011440791 0.018706149
v -0.028001660 -0.011224822 0.021713831
v -0.028001660 -0.010219784 0.024606544
v -0.028001660 -0.008471698 0.027177847
v -0.028001660 -0.005919605 0.028959205
v -0.028001660 -0.003017625 0.029968080
v -0.027626166 0.000000000 0.030686228
v -0.027626166 0.003064397 0.030142634
v -0.027626166 0.005829960 0.028803936
v -0.027626166 0.008117530 0.026823679
v -0.027626166 0.009786019 0.024356109
v -0.027626166 0.010741019 0.021584196
v -0.027626166 0.010939921 0.018706149
v -0.027626166 0.010393286 0.015921276
v -0.027626166 0.009162480 0.013416188
v -0.027626166 0.007353855 0.011352294
v -0.027626166 0.005109960 0.009855438
v -0.027626166 0.002598523 0.009008330
v -0.027626166 0.000000000 0.008846228
v -0.027626166 -0.002588211 0.009046814
v -0.027626166 -0.005090040 0.009889942
v -0.027626166 -0.007325682 0.011380467
v -0.027626166 -0.009127976 0.013436109
v -0.027626166 -0.010354801 0.015931588
v -0.027626166 -0.010900079 0.018706149
v -0.027626166 -0.010702535 0.021573884
v -0.027626166 -0.009751515 0.024336188
v -0.027626166 -0.008089357 0.026795506
v -0.027626166 -0.005810040 0.028769432
v -0.027626166 -0.003054085 0.030104150
v -0.027250672 0.000000000 0.030145516
v -0.027250672 0.003007314 0.029929596
v -0.027250672 0.005899684 0.028924701
v -0.027250672 0.008470692 0.027176841
v -0.027250672 0.010254288 0.024626465
v -0.027250672 0.011263306 0.021724142
v -0.027250672 0.011480632 0.018706149
v -0.027250672 0.010915573 0.015781330
v -0.027250672 0.009630750 0.013145833
v -0.027250672 0.007736195 0.010969953
v -0.027250672 0.005380316 0.009387168
v -0.027250672 0.002738469 0.008486043
v -0.027250672 0.000000000 0.008305516
v -0.027250672 -0.002645294 0.008833776
v -0.027250672 -0.005020316 0.010010706
v -0.027250672 -0.006972520 0.011733629
v -0.027250672 -0.008659706 0.013706465
v -0.027250672 -0.009832514 0.016071535
v -0.027250672 -0.010359368 0.018706149
v -0.027250672 -0.010180247 0.021433938
v -0.027250672 -0.009283245 0.024065833
v -0.027250672 -0.007707017 0.026413165
v -0.027250672 -0.005539684 0.028301163
v -0.027250672 -0.002914139 0.029581863
v -0.026875178 0.000000000 0.029604805
v -0.026875178 0.002867367 0.029407309
v -0.026875178 0.005629328 0.028456431
v -0.026875178 0.008088351 0.026794500
v -0.026875178 0.010062051 0.024515477
v -0.026875178 0.011396627 0.021759866
v -0.026875178 0.011978656 0.018706149
v -0.026875178 0.011437860 0.015641383
v -0.026875178 0.010099020 0.012875477
v -0.026875178 0.008118536 0.010587613
v -0.026875178 0.005650672 0.008918898
v -0.026875178 0.002878416 0.007963755
v -0.026875178 0.000000000 0.007764805
v -0.026875178 -0.002785241 0.008311489
v -0.026875178 -0.005290672 0.009542436
v -0.026875178 -0.007354861 0.011351288
v -0.026875178 -0.008851943 0.013595477
v -0.026875178 -0.009699193 0.016107258
v -0.026875178 -0.009861344 0.018706149
v -0.026875178 -0.009657960 0.021293991
v -0.026875178 -0.008814975 0.023795477
v -0.026875178 -0.007324676 0.026030825
v -0.026875178 -0.005269328 0.027832893
v -0.026875178 -0.002774192 0.029059575
v -0.026499684 0.000000000 0.029064093
v -0.026499684 0.002727421 0.028885022
v -0.026499684 0.005358972 0.027988161
v -0.026499684 0.007706011 0.026412159
v -0.026499684 0.009593782 0.024245121
v -0.026499684 0.010874340 0.021619919
v -0.026499684 0.011437945 0.018706149
v -0.026499684 0.011222073 0.015699203
v -0.026499684 0.010217320 0.012807176
v -0.026499684 0.008469686 0.010236463
v -0.026499684 0.005921028 0.008450628
v -0.026499684 0.003018362 0.007441468
v -0.026499684 0.000000000 0.007224093
v -0.026499684 -0.002925187 0.007789202
v -0.026499684 -0.005561028 0.009074166
v -0.026499684 -0.007737202 0.010968947
v -0.026499684 -0.009320213 0.013325121
v -0.026499684 -0.010221481 0.015967311
v -0.026499684 -0.010402055 0.018706149
v -0.026499684 -0.009873747 0.021351811
v -0.026499684 -0.008696675 0.023727176
v -0.026499684 -0.006973526 0.025679675
v -0.026499684 -0.004998972 0.027364623
v -0.026499684 -0.002634246 0.028537288
v -0.026124190 0.000000000 0.028568916
v -0.026124190 0.002587474 0.028362734
v -0.026124190 0.005088617 0.027519891
v -0.026124190 0.007323670 0.026029819
v -0.026124190 0.009125512 0.023974765
v -0.026124190 0.010352052 0.021479973
v -0.026124190 0.010897233 0.018706149
v -0.026124190 0.010699786 0.015839150
v -0.026124190 0.009749050 0.013077532
v -0.026124190 0.008087345 0.010618804
v -0.026124190 0.005808617 0.008645330
v -0.026124190 0.003053349 0.007310896
v -0.026124190 0.000000000 0.006728916
v -0.026124190 -0.003065134 0.007266914
v -0.026124190 -0.005831383 0.008605896
v -0.026124190 -0.008119542 0.010586606
v -0.026124190 -0.009788483 0.013054765
v -0.026124190 -0.010743768 0.015827365
v -0.026124190 -0.010942767 0.018706149
v -0.026124190 -0.010396034 0.021491758
v -0.026124190 -0.009164945 0.023997532
v -0.026124190 -0.007355867 0.026062016
v -0.026124190 -0.005111383 0.027559324
v -0.026124190 -0.002599259 0.028406717
v -0.025748696 0.000000000 0.029109627
v -0.025748696 0.002646031 0.028581270
v -0.025748696 0.005021739 0.027404056
v -0.025748696 0.006974532 0.025680681
v -0.025748696 0.008657242 0.023704410
v -0.025748696 0.009829765 0.021340026
v -0.025748696 0.010356522 0.018706149
v -0.025748696 0.010177498 0.015979096
v -0.025748696 0.009280780 0.013347888
v -0.025748696 0.007705004 0.011001144
v -0.025748696 0.005538261 0.009113600
v -0.025748696 0.002913402 0.007833184
v -0.025748696 0.000000000 0.007269627
v -0.025748696 -0.003006577 0.007485450
v -0.025748696 -0.005898261 0.008490061
v -0.025748696 -0.008468680 0.010237469
v -0.025748696 -0.010256753 0.012784410
v -0.025748696 -0.011266055 0.015687418
v -0.025748696 -0.011483478 0.018706149
v -0.025748696 -0.010918322 0.021631704
v -0.025748696 -0.009633215 0.024267888
v -0.025748696 -0.007738208 0.026444356
v -0.025748696 -0.005381739 0.028027594
v -0.025748696 -0.002739206 0.028929004
v -0.025373202 0.000000000 0.029650338
v -0.025373202 0.002785977 0.029103558
v -0.025373202 0.005292095 0.027872326
v -0.025373202 0.007356873 0.026063022
v -0.025373202 0.008854408 0.023818244
v -0.025373202 0.009701942 0.021305776
v -0.025373202 0.009864190 0.018706149
v -0.025373202 0.009655211 0.016119043
v -0.025373202 0.008812510 0.013618244
v -0.025373202 0.007322664 0.011383485
v -0.025373202 0.005267905 0.009581869
v -0.025373202 0.002773456 0.008355471
v -0.025373202 0.000000000 0.007810338
v -0.025373202 -0.002866631 0.008007738
v -0.025373202 -0.005627905 0.008958331
v -0.025373202 -0.008086339 0.010619810
v -0.025373202 -0.010059587 0.012898244
v -0.025373202 -0.011393878 0.015653168
v -0.025373202 -0.011975810 0.018706149
v -0.025373202 -0.011440609 0.021771651
v -0.025373202 -0.010101485 0.024538244
v -0.025373202 -0.008120548 0.026826697
v -0.025373202 -0.005652095 0.028495864
v -0.025373202 -0.002879152 0.029451291
v -0.024997708 0.000000000 0.030191050
v -0.024997708 0.002925924 0.029625845
v -0.024997708 0.005562451 0.028340596
v -0.024997708 0.007739214 0.026445363
v -0.024997708 0.009322678 0.024088599
v -0.024997708 0.010224229 0.021445723
v -0.024997708 0.010404901 0.018706149
v -0.024997708 0.009876496 0.016059750
v -0.024997708 0.008699140 0.013683698
v -0.024997708 0.006975539 0.011730610
v -0.024997708 0.004997549 0.010050139
v -0.024997708 0.002633509 0.008877758
v -0.024997708 0.000000000 0.008351050
v -0.024997708 -0.002726684 0.008530025
v -0.024997708 -0.005357549 0.009426601
v -0.024997708 -0.007703998 0.011002150
v -0.024997708 -0.009591317 0.013168599
v -0.024997708 -0.010871591 0.015793115
v -0.024997708 -0.011435099 0.018706149
v -0.024997708 -0.011219324 0.021712358
v -0.024997708 -0.010214855 0.024603698
v -0.024997708 -0.008467674 0.027173822
v -0.024997708 -0.005922451 0.028964134
v -0.024997708 -0.003019099 0.029973578
v -0.024622213 0.000000000 0.030680536
v -0.024622213 0.003065870 0.030148132
v -0.024622213 0.005832806 0.028808866
v -0.024622213 0.008121555 0.026827703
v -0.024622213 0.009790948 0.024358955
v -0.024622213 0.010746517 0.021585669
v -0.024622213 0.010945613 0.018706149
v -0.024622213 0.010398783 0.015919803
v -0.024622213 0.009167409 0.013413342
v -0.024622213 0.007357879 0.011348269
v -0.024622213 0.005112806 0.009850508
v -0.024622213 0.002599996 0.009002832
v -0.024622213 0.000000000 0.008840536
v -0.024622213 -0.002586738 0.009052312
v -0.024622213 -0.005087194 0.009894871
v -0.024622213 -0.007321658 0.011384491
v -0.024622213 -0.009123047 0.013438955
v -0.024622213 -0.010349303 0.015933061
v -0.024622213 -0.010894387 0.018706149
v -0.024622213 -0.010697037 0.021572411
v -0.024622213 -0.009746585 0.024333342
v -0.024622213 -0.008085333 0.026791482
v -0.024622213 -0.005807194 0.028764503
v -0.024622213 -0.003052612 0.030098652
v -0.024246719 0.000000000 0.030139825
v -0.024246719 0.003005841 0.029924098
v -0.024246719 0.005896838 0.028919772
v -0.024246719 0.008466667 0.027172816
v -0.024246719 0.010259218 0.024629311
v -0.024246719 0.011268804 0.021725616
v -0.024246719 0.011486324 0.018706149
v -0.024246719 0.010921070 0.015779857
v -0.024246719 0.009635679 0.013142987
v -0.024246719 0.007740220 0.010965929
v -0.024246719 0.005383162 0.009382239
v -0.024246719 0.002739942 0.008480545
v -0.024246719 0.000000000 0.008299825
v -0.024246719 -0.002646767 0.008828278
v -0.024246719 -0.005023162 0.010005777
v -0.024246719 -0.006976545 0.011729604
v -0.024246719 -0.008654777 0.013709311
v -0.024246719 -0.009827016 0.016073008
v -0.024246719 -0.010353676 0.018706149
v -0.024246719 -0.010174750 0.021432465
v -0.024246719 -0.009278315 0.024062987
v -0.024246719 -0.007702992 0.026409141
v -0.024246719 -0.005536838 0.028296233
v -0.024246719 -0.002912666 0.029576365
v -0.023871225 0.000000000 0.029599113
v -0.023871225 0.002865894 0.029401811
v -0.023871225 0.005626482 0.028451502
v -0.023871225 0.008084327 0.026790475
v -0.023871225 0.010057122 0.024512631
v -0.023871225 0.011391129 0.021758393
v -0.023871225 0.011972964 0.018706149
v -0.023871225 0.011443358 0.015639910
v -0.023871225 0.010103949 0.012872631
v -0.023871225 0.008122561 0.010583588
v -0.023871225 0.005653518 0.008913969
v -0.023871225 0.002879889 0.007958258
v -0.023871225 0.000000000 0.007759113
v -0.023871225 -0.002786714 0.008305991
v -0.023871225 -0.005293518 0.009537507
v -0.023871225 -0.007358885 0.011347263
v -0.023871225 -0.008856873 0.013592631
v -0.023871225 -0.009704691 0.016105785
v -0.023871225 -0.009867036 0.018706149
v -0.023871225 -0.009652462 0.021292518
v -0.023871225 -0.008810046 0.023792631
v -0.023871225 -0.007320651 0.026026800
v -0.023871225 -0.005266482 0.027827963
v -0.023871225 -0.002772719 0.029054078
v -0.023495731 0.000000000 0.029058402
v -0.023495731 0.002725948 0.028879524
v -0.023495731 0.005356126 0.027983232
v -0.023495731 0.007701986 0.026408135
v -0.023495731 0.009588852 0.024242275
v -0.023495731 0.010868842 0.021618446
v -0.023495731 0.011432253 0.018706149
v -0.023495731 0.011216575 0.015700676
v -0.023495731 0.010212391 0.012810022
v -0.023495731 0.008465661 0.010240487
v -0.023495731 0.005923874 0.008445699
v -0.023495731 0.003019835 0.007435971
v -0.023495731 0.000000000 0.007218402
v -0.023495731 -0.002926660 0.007783704
v -0.023495731 -0.005563874 0.009069237
v -0.023495731 -0.007741226 0.010964923
v -0.023495731 -0.009325142 0.013322275
v -0.023495731 -0.010226978 0.015965838
v -0.023495731 -0.010407747 0.018706149
v -0.023495731 -0.009879245 0.021353284
v -0.023495731 -0.008701604 0.023730022
v -0.023495731 -0.006977551 0.025683700
v -0.023495731 -0.004996126 0.027359694
v -0.023495731 -0.002632773 0.028531791
v -0.023120237 0.000000000 0.028574607
v -0.023120237 0.002586001 0.028357237
v -0.023120237 0.005085771 0.027514962
v -0.023120237 0.007319645 0.026025794
v -0.023120237 0.009120582 0.023971919
v -0.023120237 0.010346555 0.021478500
v -0.023120237 0.010891542 0.018706149
v -0.023120237 0.010694288 0.015840623
v -0.023120237 0.009744121 0.013080378
v -0.023120237 0.008083321 0.010622828
v -0.023120237 0.005805771 0.008650259
v -0.023120237 0.003051876 0.007316394
v -0.023120237 0.000000000 0.006734607
v -0.023120237 -0.003066607 0.007261417
v -0.023120237 -0.005834229 0.008600967
v -0.023120237 -0.008123567 0.010582582
v -0.023120237 -0.009793412 0.013051919
v -0.023120237 -0.010749265 0.015825892
v -0.023120237 -0.010948458 0.018706149
v -0.023120237 -0.010401532 0.021493231
v -0.023120237 -0.009169874 0.024000378
v -0.023120237 -0.007359892 0.026066040
v -0.023120237 -0.005114229 0.027564254
v -0.023120237 -0.002600732 0.028412214
v -0.022744743 0.000000000 0.029115319
v -0.022744743 0.002647504 0.028586768
v -0.022744743 0.005024585 0.027408985
v -0.022744743 0.006978557 0.025684706
v -0.022744743 0.008652313 0.023701564
v -0.022744743 0.009824267 0.021338553
v -0.022744743 0.010350830 0.018706149
v -0.022744743 0.010172001 0.015980569
v -0.022744743 0.009275851 0.013350734
v -0.022744743 0.007700980 0.011005169
v -0.022744743 0.005535415 0.009118529
v -0.022744743 0.002911929 0.007838681
v -0.022744743 0.000000000 0.007275319
v -0.022744743 -0.003005104 0.007490948
v -0.022744743 -0.005895415 0.008494990
v -0.022744743 -0.008464655 0.010241494
v -0.022744743 -0.010261682 0.012781564
v -0.022744743 -0.011271553 0.015685945
v -0.022744743 -0.011489170 0.018706149
v -0.022744743 -0.010923819 0.021633177
v -0.022744743 -0.009638144 0.024270734
v -0.022744743 -0.007742232 0.026448381
v -0.022744743 -0.005384585 0.028032523
v -0.022744743 -0.002740679 0.028934501
v -0.022369249 0.000000000 0.029656030
v -0.022369249 0.002787450 0.029109055
v -0.022369249 0.005294941 0.027877255
v -0.022369249 0.007360898 0.026067046
v -0.022369249 0.008859337 0.023821089
v -0.022369249 0.009707440 0.021307249
v -0.022369249 0.009869881 0.018706149
v -0.022369249 0.009649714 0.016120516
v -0.022369249 0.008807581 0.013621089
v -0.022369249 0.007318639 0.011387510
v -0.022369249 0.005265059 0.009586799
v -0.022369249 0.002771983 0.008360969
v -0.022369249 0.000000000 0.007816030
v -0.022369249 -0.002865158 0.008013235
v -0.022369249 -0.005625059 0.008963260
v -0.022369249 -0.008082314 0.010623834
v -0.022369249 -0.010054658 0.012901089
v -0.022369249 -0.011388380 0.015654641
v -0.022369249 -0.011970119 0.018706149
v -0.022369249 -0.011446107 0.021773124
v -0.022369249 -0.010106414 0.024541089
v -0.022369249 -0.008124573 0.026830722
v -0.022369249 -0.005654941 0.028500793
v -0.022369249 -0.002880625 0.029456789
v -0.021993755 0.000000000 0.030196742
v -0.021993755 0.002927397 0.029631343
v -0.021993755 0.005565296 0.028345525
v -0.021993755 0.007743238 0.026449387
v -0.021993755 0.009327607 0.024091445
v -0.021993755 0.010229727 0.021447196
v -0.021993755 0.010410593 0.018706149
v -0.021993755 0.009881994 0.016058276
v -0.021993755 0.008704069 0.013680852
v -0.021993755 0.006979563 0.011726586
v -0.021993755 0.004994704 0.010055068
v -0.021993755 0.002632036 0.008883256
v -0.021993755 0.000000000 0.008356742
v -0.021993755 -0.002725211 0.008535522
v -0.021993755 -0.005354704 0.009431530
v -0.021993755 -0.007699974 0.011006175
v -0.021993755 -0.009586388 0.013171445
v -0.021993755 -0.010866093 0.015794588
v -0.021993755 -0.011429407 0.018706149
v -0.021993755 -0.011213826 0.021710884
v -0.021993755 -0.010209926 0.024600852
v -0.021993755 -0.008463649 0.027169798
v -0.021993755 -0.005925296 0.028969063
v -0.021993755 -0.003020572 0.029979076
v -0.021618261 0.000000000 0.030674844
v -0.021618261 0.003067343 0.030153630
v -0.021618261 0.005835652 0.028813795
v -0.021618261 0.008125579 0.026831728
v -0.021618261 0.009795877 0.024361801
v -0.021618261 0.010752014 0.021587142
v -0.021618261 0.010951304 0.018706149
v -0.021618261 0.010404281 0.015918330
v -0.021618261 0.009172339 0.013410497
v -0.021618261 0.007361904 0.011344245
v -0.021618261 0.005115652 0.009845579
v -0.021618261 0.002601469 0.008997334
v -0.021618261 0.000000000 0.008834844
v -0.021618261 -0.002585265 0.009057810
v -0.021618261 -0.005084348 0.009899800
v -0.021618261 -0.007317633 0.011388516
v -0.021618261 -0.009118118 0.013441801
v -0.021618261 -0.010343806 0.015934534
v -0.021618261 -0.010888696 0.018706149
v -0.021618261 -0.010691539 0.021570938
v -0.021618261 -0.009741656 0.024330497
v -0.021618261 -0.008081308 0.026787457
v -0.021618261 -0.005804348 0.028759574
v -0.021618261 -0.003051139 0.030093154
v -0.021242767 0.000000000 0.030134133
v -0.021242767 0.003004367 0.029918600
v -0.021242767 0.005893992 0.028914842
v -0.021242767 0.008462643 0.027168791
v -0.021242767 0.010264147 0.024632157
v -0.021242767 0.011274302 0.021727089
v -0.021242767 0.011492016 0.018706149
v -0.021242767 0.010926568 0.015778384
v -0.021242767 0.009640608 0.013140141
v -0.021242767 0.007744245 0.010961904
v -0.021242767 0.005386008 0.009377309
v -0.021242767 0.002741415 0.008475047
v -0.021242767 0.000000000 0.008294133
v -0.021242767 -0.002648241 0.008822780
v -0.021242767 -0.005026008 0.010000848
v -0.021242767 -0.006980569 0.011725579
v -0.021242767 -0.008649848 0.013712157
v -0.021242767 -0.009821519 0.016074481
v -0.021242767 -0.010347984 0.018706149
v -0.021242767 -0.010169252 0.021430992
v -0.021242767 -0.009273386 0.024060141
v -0.021242767 -0.007698967 0.026405116
v -0.021242767 -0.005533992 0.028291304
v -0.021242767 -0.002911193 0.029570867
v -0.020867273 0.000000000 0.029593421
v -0.020867273 0.002864421 0.029396313
v -0.020867273 0.005623636 0.028446573
v -0.020867273 0.008080302 0.026786451
v -0.020867273 0.010052193 0.024509785
v -0.020867273 0.011385631 0.021756919
v -0.020867273 0.011967273 0.018706149
v -0.020867273 0.011448855 0.015638437
v -0.020867273 0.010108878 0.012869785
v -0.020867273 0.008126585 0.010579563
v -0.020867273 0.005656364 0.008909040
v -0.020867273 0.002881362 0.007952760
v -0.020867273 0.000000000 0.007753421
v -0.020867273 -0.002788187 0.008300493
v -0.020867273 -0.005296364 0.009532578
v -0.020867273 -0.007362910 0.011343239
v -0.020867273 -0.008861802 0.013589785
v -0.020867273 -0.009710189 0.016104311
v -0.020867273 -0.009872727 0.018706149
v -0.020867273 -0.009646965 0.021291045
v -0.020867273 -0.008805116 0.023789785
v -0.020867273 -0.007316627 0.026022775
v -0.020867273 -0.005263636 0.027823034
v -0.020867273 -0.002771246 0.029048580
v -0.020491779 0.000000000 0.029052710
v -0.020491779 0.002724475 0.028874026
v -0.020491779 0.005353281 0.027978303
v -0.020491779 0.007697961 0.026404110
v -0.020491779 0.009583923 0.024239429
v -0.020491779 0.010863344 0.021616973
v -0.020491779 0.011426561 0.018706149
v -0.020491779 0.011211077 0.015702150
v -0.020491779 0.010207461 0.012812868
v -0.020491779 0.008461637 0.010244512
v -0.020491779 0.005926719 0.008440770
v -0.020491779 0.003021308 0.007430473
v -0.020491779 0.000000000 0.007212710
v -0.020491779 -0.002928133 0.007778206
v -0.020491779 -0.005566719 0.009064308
v -0.020491779 -0.007745251 0.010960898
v -0.020491779 -0.009330072 0.013319429
v -0.020491779 -0.010232476 0.015964365
v -0.020491779 -0.010413439 0.018706149
v -0.020491779 -0.009884743 0.021354758
v -0.020491779 -0.008706533 0.023732868
v -0.020491779 -0.006981575 0.025687724
v -0.020491779 -0.004993281 0.027354764
v -0.020491779 -0.002631300 0.028526293
v -0.020116285 0.000000000 0.028580299
v -0.020116285 0.002584528 0.028351739
v -0.020116285 0.005082925 0.027510033
v -0.020116285 0.007315621 0.026021769
v -0.020116285 0.009115653 0.023969074
v -0.020116285 0.010341057 0.021477027
v -0.020116285 0.010885850 0.018706149
v -0.020116285 0.010688790 0.015842096
v -0.020116285 0.009739192 0.013083224
v -0.020116285 0.008079296 0.010626853
v -0.020116285 0.005802925 0.008655188
v -0.020116285 0.003050402 0.007321892
v -0.020116285 0.000000000 0.006740299
v -0.020116285 -0.003068080 0.007255919
v -0.020116285 -0.005837075 0.008596038
v -0.020116285 -0.008127592 0.010578557
v -0.020116285 -0.009798341 0.013049074
v -0.020116285 -0.010754763 0.015824419
v -0.020116285 -0.010954150 0.018706149
v -0.020116285 -0.010407030 0.021494704
v -0.020116285 -0.009174803 0.024003224
v -0.020116285 -0.007363916 0.026070065
v -0.020116285 -0.005117075 0.027569183
v -0.020116285 -0.002602206 0.028417712
v -0.019740791 0.000000000 0.029121010
v -0.019740791 0.002648977 0.028592266
v -0.019740791 0.005027431 0.027413914
v -0.019740791 0.006982582 0.025688730
v -0.019740791 0.008647383 0.023698718
v -0.019740791 0.009818770 0.021337080
v -0.019740791 0.010345138 0.018706149
v -0.019740791 0.010166503 0.015982042
v -0.019740791 0.009270922 0.013353580
v -0.019740791 0.007696955 0.011009194
v -0.019740791 0.005532569 0.009123458
v -0.019740791 0.002910456 0.007844179
v -0.019740791 0.000000000 0.007281010
v -0.019740791 -0.003003631 0.007496446
v -0.019740791 -0.005892569 0.008499920
v -0.019740791 -0.008460630 0.010245518
v -0.019740791 -0.010266611 0.012778718
v -0.019740791 -0.011277050 0.015684472
v -0.019740791 -0.011494862 0.018706149
v -0.019740791 -0.010929317 0.021634650
v -0.019740791 -0.009643073 0.024273580
v -0.019740791 -0.007746257 0.026452406
v -0.019740791 -0.005387431 0.028037453
v -0.019740791 -0.002742152 0.028939999
v -0.019365296 0.000000000 0.029661722
v -0.019365296 0.002788924 0.029114553
v -0.019365296 0.005297787 0.027882184
v -0.019365296 0.007364922 0.026071071
v -0.019365296 0.008864266 0.023823935
v -0.019365296 0.009712938 0.021308723
v -0.019365296 0.009875573 0.018706149
v -0.019365296 0.009644216 0.016121989
v -0.019365296 0.008802652 0.013623935
v -0.019365296 0.007314614 0.011391534
v -0.019365296 0.005262213 0.009591728
v -0.019365296 0.002770510 0.008366466
v -0.019365296 0.000000000 0.007821722
v -0.019365296 -0.002863684 0.008018733
v -0.019365296 -0.005622213 0.008968189
v -0.019365296 -0.008078290 0.010627859
v -0.019365296 -0.010049728 0.012903935
v -0.019365296 -0.011382882 0.015656115
v -0.019365296 -0.011964427 0.018706149
v -0.019365296 -0.011451604 0.021774597
v -0.019365296 -0.010111343 0.024543935
v -0.019365296 -0.008128598 0.026834746
v -0.019365296 -0.005657787 0.028505723
v -0.019365296 -0.002882098 0.029462286
v -0.018989802 0.000000000 0.030202433
v -0.018989802 0.002928870 0.029636840
v -0.018989802 0.005568142 0.028350454
v -0.018989802 0.007747263 0.026453412
v -0.018989802 0.009332536 0.024094291
v -0.018989802 0.010235225 0.021448669
v -0.018989802 0.010416285 0.018706149
v -0.018989802 0.009887492 0.016056803
v -0.018989802 0.008708998 0.013678006
v -0.018989802 0.006983588 0.011722561
v -0.018989802 0.004991858 0.010059998
v -0.018989802 0.002630563 0.008888754
v -0.018989802 0.000000000 0.008362433
v -0.018989802 -0.002723738 0.008541020
v -0.018989802 -0.005351858 0.009436459
v -0.018989802 -0.007695949 0.011010200
v -0.018989802 -0.009581459 0.013174291
v -0.018989802 -0.010860595 0.015796061
v -0.018989802 -0.011423715 0.018706149
v -0.018989802 -0.011208328 0.021709411
v -0.018989802 -0.010204997 0.024598006
v -0.018989802 -0.008459624 0.027165773
v -0.018989802 -0.005928142 0.028973992
v -0.018989802 -0.003022045 0.029984574
v -0.018614308 0.000000000 0.030669153
v -0.018614308 0.003068816 0.030159127
v -0.018614308 0.005838498 0.028818724
v -0.018614308 0.008129604 0.026835753
v -0.018614308 0.009800806 0.024364647
v -0.018614308 0.010757512 0.021588615
v -0.018614308 0.010956996 0.018706149
v -0.018614308 0.010409779 0.015916857
v -0.018614308 0.009177268 0.013407651
v -0.018614308 0.007365929 0.011340220
v -0.018614308 0.005118498 0.009840650
v -0.018614308 0.002602942 0.008991837
v -0.018614308 0.000000000 0.008829153
v -0.018614308 -0.002583792 0.009063307
v -0.018614308 -0.005081502 0.009904729
v -0.018614308 -0.007313608 0.011392540
v -0.018614308 -0.009113189 0.013444647
v -0.018614308 -0.010338308 0.015936007
v -0.018614308 -0.010883004 0.018706149
v -0.018614308 -0.010686041 0.021569465
v -0.018614308 -0.009736727 0.024327651
v -0.018614308 -0.008077284 0.026783432
v -0.018614308 -0.005801502 0.028754645
v -0.018614308 -0.003049666 0.030087657
v -0.018238814 0.000000000 0.030128441
v -0.018238814 0.003002894 0.029913103
v -0.018238814 0.005891146 0.028909913
v -0.018238814 0.008458618 0.027164767
v -0.018238814 0.010269076 0.024635002
v -0.018238814 0.011279799 0.021728562
v -0.018238814 0.011497708 0.018706149
v -0.018238814 0.010932066 0.015776910
v -0.018238814 0.009645538 0.013137295
v -0.018238814 0.007748269 0.010957879
v -0.018238814 0.005388854 0.009372380
v -0.018238814 0.002742889 0.008469549
v -0.018238814 0.000000000 0.008288441
v -0.018238814 -0.002649714 0.008817283
v -0.018238814 -0.005028854 0.009995919
v -0.018238814 -0.006984594 0.011721555
v -0.018238814 -0.008644919 0.013715002
v -0.018238814 -0.009816021 0.016075954
v -0.018238814 -0.010342292 0.018706149
v -0.018238814 -0.010163754 0.021429518
v -0.018238814 -0.009268457 0.024057295
v -0.018238814 -0.007694943 0.026401092
v -0.018238814 -0.005531146 0.028286375
v -0.018238814 -0.002909719 0.029565369
v -0.017863320 0.000000000 0.029587730
v -0.017863320 0.002862948 0.029390816
v -0.017863320 0.005620791 0.028441643
v -0.017863320 0.008076277 0.026782426
v -0.017863320 0.010047264 0.024506939
v -0.017863320 0.011380133 0.021755446
v -0.017863320 0.011961581 0.018706149
v -0.017863320 0.011454353 0.015636964
v -0.017863320 0.010113808 0.012866939
v -0.017863320 0.008130610 0.010575539
v -0.017863320 0.005659209 0.008904110
v -0.017863320 0.002882835 0.007947262
v -0.017863320 0.000000000 0.007747730
v -0.017863320 -0.002789660 0.008294995
v -0.017863320 -0.005299209 0.009527649
v -0.017863320 -0.007366935 0.011339214
v -0.017863320 -0.008866731 0.013586939
v -0.017863320 -0.009715687 0.016102838
v -0.017863320 -0.009878419 0.018706149
v -0.017863320 -0.009641467 0.021289572
v -0.017863320 -0.008800187 0.023786939
v -0.017863320 -0.007312602 0.026018751
v -0.017863320 -0.005260791 0.027818105
v -0.017863320 -0.002769773 0.029043082
v -0.017487826 0.000000000 0.029047018
v -0.017487826 0.002723001 0.028868528
v -0.017487826 0.005350435 0.027973374
v -0.017487826 0.007693937 0.026400085
v -0.017487826 0.009578994 0.024236584
v -0.017487826 0.010857846 0.021615500
v -0.017487826 0.011420870 0.018706149
v -0.017487826 0.011205580 0.015703623
v -0.017487826 0.010202532 0.012815714
v -0.017487826 0.008457612 0.010248537
v -0.017487826 0.005929565 0.008435840
v -0.017487826 0.003022781 0.007424975
v -0.017487826 0.000000000 0.007207018
v -0.017487826 -0.002929607 0.007772708
v -0.017487826 -0.005569565 0.009059379
v -0.017487826 -0.007749275 0.010956873
v -0.017487826 -0.009335001 0.013316584
v -0.017487826 -0.010237974 0.015962892
v -0.017487826 -0.010419130 0.018706149
v -0.017487826 -0.009890241 0.021356231
v -0.017487826 -0.008711462 0.023735714
v -0.017487826 -0.006985600 0.025691749
v -0.017487826 -0.004990435 0.027349835
v -0.017487826 -0.002629827 0.028520795
v -0.017112332 0.000000000 0.028585991
v -0.017112332 0.002583055 0.028346241
v -0.017112332 0.005080079 0.027505104
v -0.017112332 0.007311596 0.026017745
v -0.017112332 0.009110724 0.023966228
v -0.017112332 0.010335559 0.021475553
v -0.017112332 0.010880158 0.018706149
v -0.017112332 0.010683292 0.015843569
v -0.017112332 0.009734262 0.013086070
v -0.017112332 0.008075271 0.010630877
v -0.017112332 0.005800079 0.008660117
v -0.017112332 0.003048929 0.007327390
v -0.017112332 0.000000000 0.006745991
v -0.017112332 -0.003069553 0.007250421
v -0.017112332 -0.005839921 0.008591109
v -0.017112332 -0.008131616 0.010574533
v -0.017112332 -0.009803271 0.013046228
v -0.017112332 -0.010760261 0.015822945
v -0.017112332 -0.010959842 0.018706149
v -0.017112332 -0.010412528 0.021496177
v -0.017112332 -0.009179732 0.024006070
v -0.017112332 -0.007367941 0.026074090
v -0.017112332 -0.005119921 0.027574112
v -0.017112332 -0.002603679 0.028423210
v -0.016736838 0.000000000 0.029126702
v -0.016736838 0.002650450 0.028597764
v -0.016736838 0.005030277 0.027418844
v -0.016736838 0.006986606 0.025692755
v -0.016736838 0.008642454 0.023695872
v -0.016736838 0.009813272 0.021335607
v -0.016736838 0.010339447 0.018706149
v -0.016736838 0.010161005 0.015983516
v -0.016736838 0.009265993 0.013356425
v -0.016736838 0.007692930 0.011013218
v -0.016736838 0.005529723 0.009128387
v -0.016736838 0.002908983 0.007849677
v -0.016736838 0.000000000 0.007286702
v -0.016736838 -0.003002158 0.007501944
v -0.016736838 -0.005889723 0.008504849
v -0.016736838 -0.008456606 0.010249543
v -0.016736838 -0.010271541 0.012775872
v -0.016736838 -0.011282548 0.015682999
v -0.016736838 -0.011500553 0.018706149
v -0.016736838 -0.010934815 0.021636124
v -0.016736838 -0.009648002 0.024276425
v -0.016736838 -0.007750282 0.026456430
v -0.016736838 -0.005390277 0.028042382
v -0.016736838 -0.002743625 0.028945497
v -0.016361344 0.000000000 0.029667414
v -0.016361344 0.002790397 0.029120051
v -0.016361344 0.005300632 0.027887113
v -0.016361344 0.007368947 0.026075096
v -0.016361344 0.008869196 0.023826781
v -0.016361344 0.009718436 0.021310196
v -0.016361344 0.009881265 0.018706149
v -0.016361344 0.009638718 0.016123462
v -0.016361344 0.008797723 0.013626781
v -0.016361344 0.007310590 0.011395559
v -0.016361344 0.005259368 0.009596657
v -0.016361344 0.002769036 0.008371964
v -0.016361344 0.000000000 0.007827414
v -0.016361344 -0.002862211 0.008024231
v -0.016361344 -0.005619368 0.008973119
v -0.016361344 -0.008074265 0.010631884
v -0.016361344 -0.010044799 0.012906781
v -0.016361344 -0.011377385 0.015657588
v -0.016361344 -0.011958735 0.018706149
v -0.016361344 -0.011457102 0.021776070
v -0.016361344 -0.010116272 0.024546781
v -0.016361344 -0.008132622 0.026838771
v -0.016361344 -0.005660632 0.028510652
v -0.016361344 -0.002883572 0.029467784
v -0.015985850 0.000000000 0.030208125
v -0.015985850 0.002930343 0.029642338
v -0.015985850 0.005570988 0.028355383
v -0.015985850 0.007751288 0.026457436
v -0.015985850 0.009337465 0.024097137
v -0.015985850 0.010240723 0.021450142
v -0.015985850 0.010421976 0.018706149
v -0.015985850 0.009892989 0.016055330
v -0.015985850 0.008713927 0.013675161
v -0.015985850 0.006987612 0.011718536
v -0.015985850 0.004989012 0.010064927
v -0.015985850 0.002629090 0.008894251
v -0.015985850 0.000000000 0.008368125
v -0.015985850 -0.002722265 0.008546518
v -0.015985850 -0.005349012 0.009441388
v -0.015985850 -0.007691924 0.011014224
v -0.015985850 -0.009576529 0.013177137
v -0.015985850 -0.010855097 0.015797534
v -0.015985850 -0.011418024 0.018706149
v -0.015985850 -0.011202831 0.021707938
v -0.015985850 -0.010200068 0.024595161
v -0.015985850 -0.008455600 0.027161748
v -0.015985850 -0.005930988 0.028978922
v -0.015985850 -0.003023518 0.029990071
v -0.015610356 0.000000000 0.030663461
v -0.015610356 0.003070290 0.030164625
v -0.015610356 0.005841344 0.028823653
v -0.015610356 0.008133629 0.026839777
v -0.015610356 0.009805735 0.024367493
v -0.015610356 0.010763010 0.021590089
v -0.015610356 0.010962688 0.018706149
v -0.015610356 0.010415277 0.015915384
v -0.015610356 0.009182197 0.013404805
v -0.015610356 0.007369953 0.011336196
v -0.015610356 0.005121344 0.009835721
v -0.015610356 0.002604415 0.008986339
v -0.015610356 0.000000000 0.008823461
v -0.015610356 -0.002582318 0.009068805
v -0.015610356 -0.005078656 0.009909658
v -0.015610356 -0.007309584 0.011396565
v -0.015610356 -0.009108260 0.013447493
v -0.015610356 -0.010332810 0.015937481
v -0.015610356 -0.010877312 0.018706149
v -0.015610356 -0.010680543 0.021567992
v -0.015610356 -0.009731798 0.024324805
v -0.015610356 -0.008073259 0.026779408
v -0.015610356 -0.005798656 0.028749716
v -0.015610356 -0.003048193 0.030082159
v -0.015234862 0.000000000 0.030122750
v -0.015234862 0.003001421 0.029907605
v -0.015234862 0.005888300 0.028904984
v -0.015234862 0.008454593 0.027160742
v -0.015234862 0.010274005 0.024637848
v -0.015234862 0.011285297 0.021730035
v -0.015234862 0.011503399 0.018706149
v -0.015234862 0.010937564 0.015775437
v -0.015234862 0.009650467 0.013134449
v -0.015234862 0.007752294 0.010953855
v -0.015234862 0.005391700 0.009367451
v -0.015234862 0.002744362 0.008464052
v -0.015234862 0.000000000 0.008282750
v -0.015234862 -0.002651187 0.008811785
v -0.015234862 -0.005031700 0.009990989
v -0.015234862 -0.006988619 0.011717530
v -0.015234862 -0.008639990 0.013717848
v -0.015234862 -0.009810523 0.016077427
v -0.015234862 -0.010336601 0.018706149
v -0.015234862 -0.010158256 0.021428045
v -0.015234862 -0.009263528 0.024054449
v -0.015234862 -0.007690918 0.026397067
v -0.015234862 -0.005528300 0.028281446
v -0.015234862 -0.002908246 0.029559872
v -0.014859368 0.000000000 0.029582038
v -0.014859368 0.002861475 0.029385318
v -0.014859368 0.005617945 0.028436714
v -0.014859368 0.008072253 0.026778401
v -0.014859368 0.010042335 0.024504093
v -0.014859368 0.011374636 0.021753973
v -0.014859368 0.011955889 0.018706149
v -0.014859368 0.011459851 0.015635491
v -0.014859368 0.010118737 0.012864093
v -0.014859368 0.008134635 0.010571514
v -0.014859368 0.005662055 0.008899181
v -0.014859368 0.002884308 0.007941764
v -0.014859368 0.000000000 0.007742038
v -0.014859368 -0.002791133 0.008289498
v -0.014859368 -0.005302055 0.009522719
v -0.014859368 -0.007370959 0.011335189
v -0.014859368 -0.008871660 0.013584093
v -0.014859368 -0.009721184 0.016101365
v -0.014859368 -0.009884111 0.018706149
v -0.014859368 -0.009635969 0.021288099
v -0.014859368 -0.008795258 0.023784093
v -0.014859368 -0.007308577 0.026014726
v -0.014859368 -0.005257945 0.027813176
v -0.014859368 -0.002768300 0.029037584
v -0.014483874 0.000000000 0.029041327
v -0.014483874 0.002721528 0.028863031
v -0.014483874 0.005347589 0.027968444
v -0.014483874 0.007689912 0.026396061
v -0.014483874 0.009574065 0.024233738
v -0.014483874 0.010852348 0.021614027
v -0.014483874 0.011415178 0.018706149
v -0.014483874 0.011200082 0.015705096
v -0.014483874 0.010197603 0.012818560
v -0.014483874 0.008453587 0.010252561
v -0.014483874 0.005932411 0.008430911
v -0.014483874 0.003024255 0.007419477
v -0.014483874 0.000000000 0.007201327
v -0.014483874 -0.002931080 0.007767211
v -0.014483874 -0.005572411 0.009054450
v -0.014483874 -0.007753300 0.010952849
v -0.014483874 -0.009339930 0.013313738
v -0.014483874 -0.010243472 0.015961419
v -0.014483874 -0.010424822 0.018706149
v -0.014483874 -0.009895738 0.021357704
v -0.014483874 -0.008716392 0.023738560
v -0.014483874 -0.006989625 0.025695773
v -0.014483874 -0.004987589 0.027344906
v -0.014483874 -0.002628353 0.028515297
v -0.014108379 0.000000000 0.028591682
v -0.014108379 0.002581582 0.028340743
v -0.014108379 0.005077233 0.027500175
v -0.014108379 0.007307571 0.026013720
v -0.014108379 0.009105795 0.023963382
v -0.014108379 0.010330061 0.021474080
v -0.014108379 0.010874466 0.018706149
v -0.014108379 0.010677795 0.015845042
v -0.014108379 0.009729333 0.013088916
v -0.014108379 0.008071247 0.010634902
v -0.014108379 0.005797233 0.008665046
v -0.014108379 0.003047456 0.007332888
v -0.014108379 0.000000000 0.006751682
v -0.014108379 -0.003071026 0.007244923
v -0.014108379 -0.005842767 0.008586180
v -0.014108379 -0.008135641 0.010570508
v -0.014108379 -0.009808200 0.013043382
v -0.014108379 -0.010765759 0.015821472
v -0.014108379 -0.010965534 0.018706149
v -0.014108379 -0.010418025 0.021497650
v -0.014108379 -0.009184662 0.024008916
v -0.014108379 -0.007371966 0.026078114
v -0.014108379 -0.005122767 0.027579041
v -0.014108379 -0.002605152 0.028428708
v -0.013732885 0.000000000 0.029132394
v -0.013732885 0.002651923 0.028603261
v -0.013732885 0.005033123 0.027423773
v -0.013732885 0.006990631 0.025696780
v -0.013732885 0.008637525 0.023693026
v -0.013732885 0.009807774 0.021334134
v -0.013732885 0.010333755 0.018706149
v -0.013732885 0.010155507 0.015984989
v -0.013732885 0.009261063 0.013359271
v -0.013732885 0.007688906 0.011017243
v -0.013732885 0.005526877 0.009133316
v -0.013732885 0.002907510 0.007855175
v -0.013732885 0.000000000 0.007292394
v -0.013732885 -0.003000685 0.007507441
v -0.013732885 -0.005886877 0.008509778
v -0.013732885 -0.008452581 0.010253568
v -0.013732885 -0.010276470 0.012773026
v -0.013732885 -0.011288046 0.015681526
v -0.013732885 -0.011506245 0.018706149
v -0.013732885 -0.010940313 0.021637597
v -0.013732885 -0.009652931 0.024279271
v -0.013732885 -0.007754306 0.026460455
v -0.013732885 -0.005393123 0.028047311
v -0.013732885 -0.002745098 0.028950995
v -0.013357391 0.000000000 0.029673105
v -0.013357391 0.002791870 0.029125549
v -0.013357391 0.005303478 0.027892043
v -0.013357391 0.007372972 0.026079120
v -0.013357391 0.008874125 0.023829627
v -0.013357391 0.009723933 0.021311669
v -0.013357391 0.009886957 0.018706149
v -0.013357391 0.009633220 0.016124935
v -0.013357391 0.008792794 0.013629627
v -0.013357391 0.007306565 0.011399584
v -0.013357391 0.005256522 0.009601586
v -0.013357391 0.002767563 0.008377462
v -0.013357391 0.000000000 0.007833105
v -0.013357391 -0.002860738 0.008029729
v -0.013357391 -0.005616522 0.008978048
v -0.013357391 -0.008070240 0.010635908
v -0.013357391 -0.010039870 0.012909627
v -0.013357391 -0.011371887 0.015659061
v -0.013357391 -0.011953043 0.018706149
v -0.013357391 -0.011462600 0.021777543
v -0.013357391 -0.010121201 0.024549627
v -0.013357391 -0.008136647 0.026842796
v -0.013357391 -0.005663478 0.028515581
v -0.013357391 -0.002885045 0.029473282
v -0.012981897 0.000000000 0.030213817
v -0.012981897 0.002931816 0.029647836
v -0.012981897 0.005573834 0.028360312
v -0.012981897 0.007755312 0.026461461
v -0.012981897 0.009342395 0.024099983
v -0.012981897 0.010246220 0.021451615
v -0.012981897 0.010427668 0.018706149
v -0.012981897 0.009898487 0.016053857
v -0.012981897 0.008718856 0.013672315
v -0.012981897 0.006991637 0.011714512
v -0.012981897 0.004986166 0.010069856
v -0.012981897 0.002627617 0.008899749
v -0.012981897 0.000000000 0.008373817
v -0.012981897 -0.002720792 0.008552016
v -0.012981897 -0.005346166 0.009446318
v -0.012981897 -0.007687900 0.011018249
v -0.012981897 -0.009571600 0.013179983
v -0.012981897 -0.010849600 0.015799007
v -0.012981897 -0.011412332 0.018706149
v -0.012981897 -0.011197333 0.021706465
v -0.012981897 -0.010195139 0.024592315
v -0.012981897 -0.008451575 0.027157724
v -0.012981897 -0.005933834 0.028983851
v -0.012981897 -0.003024991 0.029995569
v -0.012606403 0.000000000 0.030657769
v -0.012606403 0.003071763 0.030170123
v -0.012606403 0.005844190 0.028828582
v -0.012606403 0.008137653 0.026843802
v -0.012606403 0.009810664 0.024370338
v -0.012606403 0.010768508 0.021591562
v -0.012606403 0.010968379 0.018706149
v -0.012606403 0.010420774 0.015913911
v -0.012606403 0.009187126 0.013401959
v -0.012606403 0.007373978 0.011332171
v -0.012606403 0.005124190 0.009830792
v -0.012606403 0.002605888 0.008980841
v -0.012606403 0.000000000 0.008817769
v -0.012606403 -0.002580845 0.009074303
v -0.012606403 -0.005075810 0.009914587
v -0.012606403 -0.007305559 0.011400590
v -0.012606403 -0.009103330 0.013450338
v -0.012606403 -0.010327312 0.015938954
v -0.012606403 -0.010871621 0.018706149
v -0.012606403 -0.010675046 0.021566519
v -0.012606403 -0.009726869 0.024321959
v -0.012606403 -0.008069234 0.026775383
v -0.012606403 -0.005795810 0.028744787
v -0.012606403 -0.003046720 0.030076661
v -0.012230909 0.000000000 0.030117058
v -0.012230909 0.002999948 0.029902107
v -0.012230909 0.005885455 0.028900055
v -0.012230909 0.008450569 0.027156718
v -0.012230909 0.010278934 0.024640694
v -0.012230909 0.011290795 0.021731508
v -0.012230909 0.011509091 0.018706149
v -0.012230909 0.010943061 0.015773964
v -0.012230909 0.009655396 0.013131603
v -0.012230909 0.007756319 0.010949830
v -0.012230909 0.005394545 0.009362522
v -0.012230909 0.002745835 0.008458554
v -0.012230909 0.000000000 0.008277058
v -0.012230909 -0.002652660 0.008806287
v -0.012230909 -0.005034545 0.009986060
v -0.012230909 -0.006992643 0.011713505
v -0.012230909 -0.008635061 0.013720694
v -0.012230909 -0.009805025 0.016078900
v -0.012230909 -0.010330909 0.018706149
v -0.012230909 -0.010152759 0.021426572
v -0.012230909 -0.009258599 0.024051603
v -0.012230909 -0.007686894 0.026393042
v -0.012230909 -0.005525455 0.028276517
v -0.012230909 -0.002906773 0.029554374
v -0.011855415 0.000000000 0.029576346
v -0.011855415 0.002860002 0.029379820
v -0.011855415 0.005615099 0.028431785
v -0.011855415 0.008068228 0.026774377
v -0.011855415 0.010037406 0.024501248
v -0.011855415 0.011369138 0.021752500
v -0.011855415 0.011950198 0.018706149
v -0.011855415 0.011465349 0.015634018
v -0.011855415 0.010123666 0.012861248
v -0.011855415 0.008138659 0.010567489
v -0.011855415 0.005664901 0.008894252
v -0.011855415 0.002885781 0.007936267
v -0.011855415 0.000000000 0.007736346
v -0.011855415 -0.002792606 0.008284000
v -0.011855415 -0.005304901 0.009517790
v -0.011855415 -0.007374984 0.011331165
v -0.011855415 -0.008876589 0.013581248
v -0.011855415 -0.009726682 0.016099892
v -0.011855415 -0.009889802 0.018706149
v -0.011855415 -0.009630471 0.021286626
v -0.011855415 -0.008790329 0.023781248
v -0.011855415 -0.007304553 0.026010702
v -0.011855415 -0.005255099 0.027808247
v -0.011855415 -0.002766827 0.029032087
v -0.011479921 0.000000000 0.029035635
v -0.011479921 0.002720055 0.028857533
v -0.011479921 0.005344743 0.027963515
v -0.011479921 0.007685887 0.026392036
v -0.011479921 0.009569136 0.024230892
v -0.011479921 0.010846851 0.021612554
v -0.011479921 0.011409486 0.018706149
v -0.011479921 0.011194584 0.015706569
v -0.011479921 0.010192674 0.012821406
v -0.011479921 0.008449563 0.010256586
v -0.011479921 0.005935257 0.008425982
v -0.011479921 0.003025728 0.007413979
v -0.011479921 0.000000000 0.007195635
v -0.011479921 -0.002932553 0.007761713
v -0.011479921 -0.005575257 0.009049520
v -0.011479921 -0.007757325 0.010948824
v -0.011479921 -0.009344859 0.013310892
v -0.011479921 -0.010248969 0.015959946
v -0.011479921 -0.010430514 0.018706149
v -0.011479921 -0.009901236 0.021359177
v -0.011479921 -0.008721321 0.023741406
v -0.011479921 -0.006993649 0.025699798
v -0.011479921 -0.004984743 0.027339977
v -0.011479921 -0.002626880 0.028509800
v -0.011104427 0.000000000 0.028597374
v -0.011104427 0.002580109 0.028335246
v -0.011104427 0.005074387 0.027495245
v -0.011104427 0.007303547 0.026009695
v -0.011104427 0.009100866 0.023960536
v -0.011104427 0.010324564 0.021472607
v -0.011104427 0.010868775 0.018706149
v -0.011104427 0.010672297 0.015846515
v -0.011104427 0.009724404 0.013091761
v -0.011104427 0.008067222 0.010638927
v -0.011104427 0.005794387 0.008669975
v -0.011104427 0.003045983 0.007338385
v -0.011104427 0.000000000 0.006757374
v -0.011104427 -0.003072499 0.007239426
v -0.011104427 -0.005845613 0.008581251
v -0.011104427 -0.008139665 0.010566483
v -0.011104427 -0.009813129 0.013040536
v -0.011104427 -0.010771257 0.015819999
v -0.011104427 -0.010971225 0.018706149
v -0.011104427 -0.010423523 0.021499123
v -0.011104427 -0.009189591 0.024011761
v -0.011104427 -0.007375990 0.026082139
v -0.011104427 -0.005125613 0.027583970
v -0.011104427 -0.002606625 0.028434205
v -0.010728933 0.000000000 0.029138085
v -0.010728933 0.002653396 0.028608759
v -0.010728933 0.005035968 0.027428702
v -0.010728933 0.006994656 0.025700804
v -0.010728933 0.008632596 0.023690180
v -0.010728933 0.009802276 0.021332661
v -0.010728933 0.010328063 0.018706149
v -0.010728933 0.010150010 0.015986462
v -0.010728933 0.009256134 0.013362117
v -0.010728933 0.007684881 0.011021268
v -0.010728933 0.005524032 0.009138245
v -0.010728933 0.002906037 0.007860672
v -0.010728933 0.000000000 0.007298085
v -0.010728933 -0.002999211 0.007512939
v -0.010728933 -0.005884032 0.008514707
v -0.010728933 -0.008448557 0.010257592
v -0.010728933 -0.010281399 0.012770180
v -0.010728933 -0.011293544 0.015680053
v -0.010728933 -0.011511937 0.018706149
v -0.010728933 -0.010945810 0.021639070
v -0.010728933 -0.009657861 0.024282117
v -0.010728933 -0.007758331 0.026464480
v -0.010728933 -0.005395968 0.028052240
v -0.010728933 -0.002746571 0.028956493
v -0.010353439 0.000000000 0.029678797
v -0.010353439 0.002793343 0.029131046
v -0.010353439 0.005306324 0.027896972
v -0.010353439 0.007376996 0.026083145
v -0.010353439 0.008879054 0.023832473
v -0.010353439 0.009729431 0.021313142
v -0.010353439 0.009892648 0.018706149
v -0.010353439 0.009627723 0.016126408
v -0.010353439 0.008787864 0.013632473
v -0.010353439 0.007302540 0.011403608
v -0.010353439 0.005253676 0.009606515
v -0.010353439 0.002766090 0.008382960
v -0.010353439 0.000000000 0.007838797
v -0.010353439 -0.002859265 0.008035226
v -0.010353439 -0.005613676 0.008982977
v -0.010353439 -0.008066216 0.010639933
v -0.010353439 -0.010034941 0.012912473
v -0.010353439 -0.011366389 0.015660534
v -0.010353439 -0.011947352 0.018706149
v -0.010353439 -0.011468098 0.021779016
v -0.010353439 -0.010126130 0.024552473
v -0.010353439 -0.008140672 0.026846820
v -0.010353439 -0.005666324 0.028520510
v -0.010353439 -0.002886518 0.029478780
v -0.009977945 0.000000000 0.030219508
v -0.009977945 0.002933289 0.029653334
v -0.009977945 0.005576680 0.028365242
v -0.009977945 0.007759337 0.026465486
v -0.009977945 0.009347324 0.024102829
v -0.009977945 0.010251718 0.021453088
v -0.009977945 0.010433360 0.018706149
v -0.009977945 0.009903985 0.016052384
v -0.009977945 0.008723785 0.013669469
v -0.009977945 0.006995662 0.011710487
v -0.009977945 0.004983320 0.010074785
v -0.009977945 0.002626144 0.008905247
v -0.009977945 0.000000000 0.008379508
v -0.009977945 -0.002719319 0.008557513
v -0.009977945 -0.005343320 0.009451247
v -0.009977945 -0.007683875 0.011022274
v -0.009977945 -0.009566671 0.013182829
v -0.009977945 -0.010844102 0.015800480
v -0.009977945 -0.011406640 0.018706149
v -0.009977945 -0.011191835 0.021704992
v -0.009977945 -0.010190209 0.024589469
v -0.009977945 -0.008447550 0.027153699
v -0.009977945 -0.005936680 0.028988780
v -0.009977945 -0.003026464 0.030001067
v -0.009602451 0.000000000 0.030652078
v -0.009602451 0.003073236 0.030175621
v -0.009602451 0.005847036 0.028833511
v -0.009602451 0.008141678 0.026847827
v -0.009602451 0.009815594 0.024373184
v -0.009602451 0.010774005 0.021593035
v -0.009602451 0.010974071 0.018706149
v -0.009602451 0.010426272 0.015912438
v -0.009602451 0.009192055 0.013399113
v -0.009602451 0.007378002 0.011328146
v -0.009602451 0.005127036 0.009825863
v -0.009602451 0.002607361 0.008975343
v -0.009602451 0.000000000 0.008812078
v -0.009602451 -0.002579372 0.009079801
v -0.009602451 -0.005072964 0.009919517
v -0.009602451 -0.007301534 0.011404614
v -0.009602451 -0.009098401 0.013453184
v -0.009602451 -0.010321815 0.015940427
v -0.009602451 -0.010865929 0.018706149
v -0.009602451 -0.010669548 0.021565045
v -0.009602451 -0.009721940 0.024319113
v -0.009602451 -0.008065210 0.026771358
v -0.009602451 -0.005792964 0.028739857
v -0.009602451 -0.003045246 0.030071163
v -0.009226957 0.000000000 0.030111366
v -0.009226957 0.002998475 0.029896609
v -0.009226957 0.005882609 0.028895126
v -0.009226957 0.008446544 0.027152693
v -0.009226957 0.010283863 0.024643540
v -0.009226957 0.011296293 0.021732981
v -0.009226957 0.011514783 0.018706149
v -0.009226957 0.010948559 0.015772491
v -0.009226957 0.009660325 0.013128757
v -0.009226957 0.007760343 0.010945806
v -0.009226957 0.005397391 0.009357593
v -0.009226957 0.002747308 0.008453056
v -0.009226957 0.000000000 0.008271366
v -0.009226957 -0.002654133 0.008800789
v -0.009226957 -0.005037391 0.009981131
v -0.009226957 -0.006996668 0.011709481
v -0.009226957 -0.008630131 0.013723540
v -0.009226957 -0.009799527 0.016080373
v -0.009226957 -0.010325217 0.018706149
v -0.009226957 -0.010147261 0.021425099
v -0.009226957 -0.009253670 0.024048757
v -0.009226957 -0.007682869 0.026389018
v -0.009226957 -0.005522609 0.028271588
v -0.009226957 -0.002905300 0.029548876
v -0.008851462 0.000000000 0.029570655
v -0.008851462 0.002858528 0.029374322
v -0.008851462 0.005612253 0.028426856
v -0.008851462 0.008064203 0.026770352
v -0.008851462 0.010032476 0.024498402
v -0.008851462 0.011363640 0.021751027
v -0.008851462 0.011944506 0.018706149
v -0.008851462 0.011470846 0.015632545
v -0.008851462 0.010128595 0.012858402
v -0.008851462 0.008142684 0.010563465
v -0.008851462 0.005667747 0.008889323
v -0.008851462 0.002887254 0.007930769
v -0.008851462 0.000000000 0.007730655
v -0.008851462 -0.002794079 0.008278502
v -0.008851462 -0.005307747 0.009512861
v -0.008851462 -0.007379009 0.011327140
v -0.008851462 -0.008881518 0.013578402
v -0.008851462 -0.009732180 0.016098419
v -0.008851462 -0.009895494 0.018706149
v -0.008851462 -0.009624974 0.021285153
v -0.008851462 -0.008785400 0.023778402
v -0.008851462 -0.007300528 0.026006677
v -0.008851462 -0.005252253 0.027803318
v -0.008851462 -0.002765354 0.029026589
v -0.008475968 0.000000000 0.029029943
v -0.008475968 0.002718582 0.028852035
v -0.008475968 0.005341897 0.027958586
v -0.008475968 0.007681863 0.026388011
v -0.008475968 0.009564207 0.024228046
v -0.008475968 0.010841353 0.021611080
v -0.008475968 0.011403794 0.018706149
v -0.008475968 0.011189086 0.015708042
v -0.008475968 0.010187745 0.012824251
v -0.008475968 0.008445538 0.010260611
v -0.008475968 0.005938103 0.008421053
v -0.008475968 0.003027201 0.007408482
v -0.008475968 0.000000000 0.007189943
v -0.008475968 -0.002934026 0.007756215
v -0.008475968 -0.005578103 0.009044591
v -0.008475968 -0.007761349 0.010944799
v -0.008475968 -0.009349788 0.013308046
v -0.008475968 -0.010254467 0.015958473
v -0.008475968 -0.010436206 0.018706149
v -0.008475968 -0.009906734 0.021360650
v -0.008475968 -0.008726250 0.023744251
v -0.008475968 -0.006997674 0.025703823
v -0.008475968 -0.004981897 0.027335048
v -0.008475968 -0.002625407 0.028504302
v -0.008100474 0.000000000 0.028603066
v -0.008100474 0.002578636 0.028329748
v -0.008100474 0.005071542 0.027490316
v -0.008100474 0.007299522 0.026005671
v -0.008100474 0.009095937 0.023957690
v -0.008100474 0.010319066 0.021471134
v -0.008100474 0.010863083 0.018706149
v -0.008100474 0.010666799 0.015847989
v -0.008100474 0.009719475 0.013094607
v -0.008100474 0.008063197 0.010642951
v -0.008100474 0.005791542 0.008674905
v -0.008100474 0.003044510 0.007343883
v -0.008100474 0.000000000 0.006763066
v -0.008100474 -0.003073972 0.007233928
v -0.008100474 -0.005848458 0.008576321
v -0.008100474 -0.008143690 0.010562459
v -0.008100474 -0.009818058 0.013037690
v -0.008100474 -0.010776754 0.015818526
v -0.008100474 -0.010976917 0.018706149
v -0.008100474 -0.010429021 0.021500596
v -0.008100474 -0.009194520 0.024014607
v -0.008100474 -0.007380015 0.026086164
v -0.008100474 -0.005128458 0.027588899
v -0.008100474 -0.002608098 0.028439703
v -0.007724980 0.000000000 0.029143777
v -0.007724980 0.002654870 0.028614257
v -0.007724980 0.005038814 0.027433631
v -0.007724980 0.006998680 0.025704829
v -0.007724980 0.008627667 0.023687334
v -0.007724980 0.009796779 0.021331188
v -0.007724980 0.010322372 0.018706149
v -0.007724980 0.010144512 0.015987935
v -0.007724980 0.009251205 0.013364963
v -0.007724980 0.007680857 0.011025292
v -0.007724980 0.005521186 0.009143174
v -0.007724980 0.002904563 0.007866170
v -0.007724980 0.000000000 0.007303777
v -0.007724980 -0.002997738 0.007518437
v -0.007724980 -0.005881186 0.008519636
v -0.007724980 -0.008444532 0.010261617
v -0.007724980 -0.010286328 0.012767334
v -0.007724980 -0.011299041 0.015678580
v -0.007724980 -0.011517628 0.018706149
v -0.007724980 -0.010951308 0.021640543
v -0.007724980 -0.009662790 0.024284963
v -0.007724980 -0.007762356 0.026468504
v -0.007724980 -0.005398814 0.028057169
v -0.007724980 -0.002748044 0.028961990
v -0.007349486 0.000000000 0.029684489
v -0.007349486 0.002794816 0.029136544
v -0.007349486 0.005309170 0.027901901
v -0.007349486 0.007381021 0.026087170
v -0.007349486 0.008883983 0.023835319
v -0.007349486 0.009734929 0.021314615
v -0.007349486 0.009898340 0.018706149
v -0.007349486 0.009622225 0.016127881
v -0.007349486 0.008782935 0.013635319
v -0.007349486 0.007298516 0.011407633
v -0.007349486 0.005250830 0.009611444
v -0.007349486 0.002764617 0.008388457
v -0.007349486 0.000000000 0.007844489
v -0.007349486 -0.002857792 0.008040724
v -0.007349486 -0.005610830 0.008987906
v -0.007349486 -0.008062191 0.010643958
v -0.007349486 -0.010030012 0.012915319
v -0.007349486 -0.011360891 0.015662007
v -0.007349486 -0.011941660 0.018706149
v -0.007349486 -0.011473595 0.021780489
v -0.007349486 -0.010131060 0.024555319
v -0.007349486 -0.008144696 0.026850845
v -0.007349486 -0.005669170 0.028525439
v -0.007349486 -0.002887991 0.029484277
v -0.006973992 0.000000000 0.030225200
v -0.006973992 0.002934762 0.029658831
v -0.006973992 0.005579526 0.028370171
v -0.006973992 0.007763362 0.026469510
v -0.006973992 0.009352253 0.024105674
v -0.006973992 0.010257216 0.021454561
v -0.006973992 0.010439051 0.018706149
v -0.006973992 0.009909483 0.016050911
v -0.006973992 0.008728715 0.013666623
v -0.006973992 0.006999686 0.011706462
v -0.006973992 0.004980474 0.010079714
v -0.006973992 0.002624671 0.008910745
v -0.006973992 0.000000000 0.008385200
v -0.006973992 -0.002717845 0.008563011
v -0.006973992 -0.005340474 0.009456176
v -0.006973992 -0.007679850 0.011026298
v -0.006973992 -0.009561742 0.013185674
v -0.006973992 -0.010838604 0.015801954
v -0.006973992 -0.011400949 0.018706149
v -0.006973992 -0.011186337 0.021703519
v -0.006973992 -0.010185280 0.024586623
v -0.006973992 -0.008443526 0.027149674
v -0.006973992 -0.005939526 0.028993709
v -0.006973992 -0.003027937 0.030006565
v -0.006598498 0.000000000 0.030646386
v -0.006598498 0.003074709 0.030181118
v -0.006598498 0.005849881 0.028838441
v -0.006598498 0.008145702 0.026851851
v -0.006598498 0.009820523 0.024376030
v -0.006598498 0.010779503 0.021594508
v -0.006598498 0.010979763 0.018706149
v -0.006598498 0.010431770 0.015910964
v -0.006598498 0.009196984 0.013396267
v -0.006598498 0.007382027 0.011324122
v -0.006598498 0.005129881 0.009820933
v -0.006598498 0.002608835 0.008969845
v -0.006598498 0.000000000 0.008806386
v -0.006598498 -0.002577899 0.009085298
v -0.006598498 -0.005070119 0.009924446
v -0.006598498 -0.007297510 0.011408639
v -0.006598498 -0.009093472 0.013456030
v -0.006598498 -0.010316317 0.015941900
v -0.006598498 -0.010860237 0.018706149
v -0.006598498 -0.010664050 0.021563572
v -0.006598498 -0.009717010 0.024316267
v -0.006598498 -0.008061185 0.026767334
v -0.006598498 -0.005790119 0.028734928
v -0.006598498 -0.003043773 0.030065666
v -0.006223004 0.000000000 0.030105674
v -0.006223004 0.002997002 0.029891112
v -0.006223004 0.005879763 0.028890197
v -0.006223004 0.008442520 0.027148668
v -0.006223004 0.010288793 0.024646386
v -0.006223004 0.011301790 0.021734454
v -0.006223004 0.011520474 0.018706149
v -0.006223004 0.010954057 0.015771018
v -0.006223004 0.009665254 0.013125912
v -0.006223004 0.007764368 0.010941781
v -0.006223004 0.005400237 0.009352664
v -0.006223004 0.002748781 0.008447558
v -0.006223004 0.000000000 0.008265674
v -0.006223004 -0.002655606 0.008795292
v -0.006223004 -0.005040237 0.009976202
v -0.006223004 -0.007000693 0.011705456
v -0.006223004 -0.008625202 0.013726386
v -0.006223004 -0.009794030 0.016081846
v -0.006223004 -0.010319526 0.018706149
v -0.006223004 -0.010141763 0.021423626
v -0.006223004 -0.009248741 0.024045912
v -0.006223004 -0.007678844 0.026384993
v -0.006223004 -0.005519763 0.028266658
v -0.006223004 -0.002903827 0.029543378
v -0.005847510 0.000000000 0.029564963
v -0.005847510 0.002857055 0.029368824
v -0.005847510 0.005609407 0.028421927
v -0.005847510 0.008060179 0.026766328
v -0.005847510 0.010027547 0.024495556
v -0.005847510 0.011358142 0.021749554
v -0.005847510 0.011938814 0.018706149
v -0.005847510 0.011476344 0.015631072
v -0.005847510 0.010133524 0.012855556
v -0.005847510 0.008146709 0.010559440
v -0.005847510 0.005670593 0.008884394
v -0.005847510 0.002888727 0.007925271
v -0.005847510 0.000000000 0.007724963
v -0.005847510 -0.002795553 0.008273004
v -0.005847510 -0.005310593 0.009507932
v -0.005847510 -0.007383033 0.011323115
v -0.005847510 -0.008886448 0.013575556
v -0.005847510 -0.009737678 0.016096946
v -0.005847510 -0.009901186 0.018706149
v -0.005847510 -0.009619476 0.021283680
v -0.005847510 -0.008780471 0.023775556
v -0.005847510 -0.007296504 0.026002652
v -0.005847510 -0.005249407 0.027798389
v -0.005847510 -0.002763881 0.029021091
v -0.005472016 0.000000000 0.029024251
v -0.005472016 0.002717109 0.028846537
v -0.005472016 0.005339051 0.027953657
v -0.005472016 0.007677838 0.026383987
v -0.005472016 0.009559277 0.024225200
v -0.005472016 0.010835855 0.021609607
v -0.005472016 0.011398103 0.018706149
v -0.005472016 0.011183588 0.015709515
v -0.005472016 0.010182816 0.012827097
v -0.005472016 0.008441513 0.010264635
v -0.005472016 0.005940949 0.008416124
v -0.005472016 0.003028674 0.007402984
v -0.005472016 0.000000000 0.007184251
v -0.005472016 -0.002935499 0.007750717
v -0.005472016 -0.005580949 0.009039662
v -0.005472016 -0.007765374 0.010940775
v -0.005472016 -0.009354717 0.013305200
v -0.005472016 -0.010259965 0.015956999
v -0.005472016 -0.010441897 0.018706149
v -0.005472016 -0.009912232 0.021362123
v -0.005472016 -0.008731179 0.023747097
v -0.005472016 -0.007001699 0.025707847
v -0.005472016 -0.004979051 0.027330119
v -0.005472016 -0.002623934 0.028498804
v -0.005096522 0.000000000 0.028608757
v -0.005096522 0.002577163 0.028324250
v -0.005096522 0.005068696 0.027485387
v -0.005096522 0.007295497 0.026001646
v -0.005096522 0.009091008 0.023954844
v -0.005096522 0.010313568 0.021469661
v -0.005096522 0.010857391 0.018706149
v -0.005096522 0.010661301 0.015849462
v -0.005096522 0.009714546 0.013097453
v -0.005096522 0.008059173 0.010646976
v -0.005096522 0.005788696 0.008679834
v -0.005096522 0.003043037 0.007349381
v -0.005096522 0.000000000 0.006768757
v -0.005096522 -0.003075445 0.007228430
v -0.005096522 -0.005851304 0.008571392
v -0.005096522 -0.008147715 0.010558434
v -0.005096522 -0.009822987 0.013034844
v -0.005096522 -0.010782252 0.015817053
v -0.005096522 -0.010982609 0.018706149
v -0.005096522 -0.010434519 0.021502070
v -0.005096522 -0.009199449 0.024017453
v -0.005096522 -0.007384039 0.026090188
v -0.005096522 -0.005131304 0.027593829
v -0.005096522 -0.002609571 0.028445201
v -0.004721028 0.000000000 0.029149469
v -0.004721028 0.002656343 0.028619755
v -0.004721028 0.005041660 0.027438560
v -0.004721028 0.007002705 0.025708854
v -0.004721028 0.008622738 0.023684489
v -0.004721028 0.009791281 0.021329715
v -0.004721028 0.010316680 0.018706149
v -0.004721028 0.010139014 0.015989408
v -0.004721028 0.009246276 0.013367809
v -0.004721028 0.007676832 0.011029317
v -0.004721028 0.005518340 0.009148104
v -0.004721028 0.002903090 0.007871668
v -0.004721028 0.000000000 0.007309469
v -0.004721028 -0.002996265 0.007523935
v -0.004721028 -0.005878340 0.008524565
v -0.004721028 -0.008440507 0.010265641
v -0.004721028 -0.010291257 0.012764489
v -0.004721028 -0.011304539 0.015677107
v -0.004721028 -0.011523320 0.018706149
v -0.004721028 -0.010956806 0.021642016
v -0.004721028 -0.009667719 0.024287809
v -0.004721028 -0.007766380 0.026472529
v -0.004721028 -0.005401660 0.028062098
v -0.004721028 -0.002749518 0.028967488
v -0.004345534 0.000000000 0.029690180
v -0.004345534 0.002796289 0.029142042
v -0.004345534 0.005312016 0.027906830
v -0.004345534 0.007385046 0.026091194
v -0.004345534 0.008888912 0.023838165
v -0.004345534 0.009740427 0.021316088
v -0.004345534 0.009904032 0.018706149
v -0.004345534 0.009616727 0.016129354
v -0.004345534 0.008778006 0.013638165
v -0.004345534 0.007294491 0.011411658
v -0.004345534 0.005247984 0.009616373
v -0.004345534 0.002763144 0.008393955
v -0.004345534 0.000000000 0.007850180
v -0.004345534 -0.002856319 0.008046222
v -0.004345534 -0.005607984 0.008992835
v -0.004345534 -0.008058167 0.010647982
v -0.004345534 -0.010025083 0.012918165
v -0.004345534 -0.011355393 0.015663480
v -0.004345534 -0.011935968 0.018706149
v -0.004345534 -0.011479093 0.021781962
v -0.004345534 -0.010135989 0.024558165
v -0.004345534 -0.008148721 0.026854870
v -0.004345534 -0.005672016 0.028530368
v -0.004345534 -0.002889464 0.029489775
v -0.003970040 0.000000000 0.030230892
v -0.003970040 0.002936236 0.029664329
v -0.003970040 0.005582372 0.028375100
v -0.003970040 0.007767386 0.026473535
v -0.003970040 0.009357182 0.024108520
v -0.003970040 0.010262714 0.021456035
v -0.003970040 0.010444743 0.018706149
v -0.003970040 0.009914980 0.016049438
v -0.003970040 0.008733644 0.013663777
v -0.003970040 0.007003711 0.011702438
v -0.003970040 0.004977628 0.010084643
v -0.003970040 0.002623198 0.008916242
v -0.003970040 0.000000000 0.008390892
v -0.003970040 -0.002716372 0.008568509
v -0.003970040 -0.005337628 0.009461105
v -0.003970040 -0.007675826 0.011030323
v -0.003970040 -0.009556813 0.013188520
v -0.003970040 -0.010833106 0.015803427
v -0.003970040 -0.011395257 0.018706149
v -0.003970040 -0.011180840 0.021702046
v -0.003970040 -0.010180351 0.024583777
v -0.003970040 -0.008439501 0.027145650
v -0.003970040 -0.005942372 0.028998638
v -0.003970040 -0.003029410 0.030012062
v -0.003594545 0.000000000 0.030640694
v -0.003594545 0.003076182 0.030186616
v -0.003594545 0.005852727 0.028843370
v -0.003594545 0.008149727 0.026855876
v -0.003594545 0.009825452 0.024378876
v -0.003594545 0.010785001 0.021595981
v -0.003594545 0.010985455 0.018706149
v -0.003594545 0.010437268 0.015909491
v -0.003594545 0.009201914 0.013393421
v -0.003594545 0.007386052 0.011320097
v -0.003594545 0.005132727 0.009816004
v -0.003594545 0.002610308 0.008964348
v -0.003594545 0.000000000 0.008800694
v -0.003594545 -0.002576426 0.009090796
v -0.003594545 -0.005067273 0.009929375
v -0.003594545 -0.007293485 0.011412664
v -0.003594545 -0.009088543 0.013458876
v -0.003594545 -0.010310819 0.015943373
v -0.003594545 -0.010854545 0.018706149
v -0.003594545 -0.010658552 0.021562099
v -0.003594545 -0.009712081 0.024313421
v -0.003594545 -0.008057160 0.026763309
v -0.003594545 -0.005787273 0.028729999
v -0.003594545 -0.003042300 0.030060168
v -0.003219051 0.000000000 0.030099983
v -0.003219051 0.002995529 0.029885614
v -0.003219051 0.005876917 0.028885268
v -0.003219051 0.008438495 0.027144644
v -0.003219051 0.010293722 0.024649232
v -0.003219051 0.011307288 0.021735927
v -0.003219051 0.011526166 0.018706149
v -0.003219051 0.010959555 0.015769545
v -0.003219051 0.009670183 0.013123066
v -0.003219051 0.007768392 0.010937756
v -0.003219051 0.005403083 0.009347734
v -0.003219051 0.002750254 0.008442061
v -0.003219051 0.000000000 0.008259983
v -0.003219051 -0.002657079 0.008789794
v -0.003219051 -0.005043083 0.009971273
v -0.003219051 -0.007004717 0.011701432
v -0.003219051 -0.008620273 0.013729232
v -0.003219051 -0.009788532 0.016083319
v -0.003219051 -0.010313834 0.018706149
v -0.003219051 -0.010136265 0.021422153
v -0.003219051 -0.009243811 0.024043066
v -0.003219051 -0.007674820 0.026380968
v -0.003219051 -0.005516917 0.028261729
v -0.003219051 -0.002902354 0.029537881
v -0.002843557 0.000000000 0.029559271
v -0.002843557 0.002855582 0.029363327
v -0.002843557 0.005606561 0.028416998
v -0.002843557 0.008056154 0.026762303
v -0.002843557 0.010022618 0.024492710
v -0.002843557 0.011352645 0.021748081
v -0.002843557 0.011933123 0.018706149
v -0.002843557 0.011481842 0.015629598
v -0.002843557 0.010138453 0.012852710
v -0.002843557 0.008150733 0.010555415
v -0.002843557 0.005673439 0.008879465
v -0.002843557 0.002890201 0.007919773
v -0.002843557 0.000000000 0.007719271
v -0.002843557 -0.002797026 0.008267507
v -0.002843557 -0.005313439 0.009503003
v -0.002843557 -0.007387058 0.011319091
v -0.002843557 -0.008891377 0.013572710
v -0.002843557 -0.009743175 0.016095473
v -0.002843557 -0.009906877 0.018706149
v -0.002843557 -0.009613978 0.021282206
v -0.002843557 -0.008775542 0.023772710
v -0.002843557 -0.007292479 0.025998628
v -0.002843557 -0.005246561 0.027793459
v -0.002843557 -0.002762407 0.029015593
v -0.002468063 0.000000000 0.029018560
v -0.002468063 0.002715636 0.028841040
v -0.002468063 0.005336206 0.027948728
v -0.002468063 0.007673813 0.026379962
v -0.002468063 0.009554348 0.024222354
v -0.002468063 0.010830357 0.021608134
v -0.002468063 0.011392411 0.018706149
v -0.002468063 0.011178091 0.015710988
v -0.002468063 0.010177887 0.012829943
v -0.002468063 0.008437489 0.010268660
v -0.002468063 0.005943794 0.008411195
v -0.002468063 0.003030147 0.007397486
v -0.002468063 0.000000000 0.007178560
v -0.002468063 -0.002936972 0.007745220
v -0.002468063 -0.005583794 0.009034733
v -0.002468063 -0.007769399 0.010936750
v -0.002468063 -0.009359647 0.013302354
v -0.002468063 -0.010265463 0.015955526
v -0.002468063 -0.010447589 0.018706149
v -0.002468063 -0.009917729 0.021363596
v -0.002468063 -0.008736108 0.023749943
v -0.002468063 -0.007005723 0.025711872
v -0.002468063 -0.004976206 0.027325190
v -0.002468063 -0.002622461 0.028493306
v -0.002092569 0.000000000 0.028614449
v -0.002092569 0.002575689 0.028318752
v -0.002092569 0.005065850 0.027480458
v -0.002092569 0.007291473 0.025997621
v -0.002092569 0.009086078 0.023951999
v -0.002092569 0.010308070 0.021468188
v -0.002092569 0.010851700 0.018706149
v -0.002092569 0.010655804 0.015850935
v -0.002092569 0.009709617 0.013100299
v -0.002092569 0.008055148 0.010651001
v -0.002092569 0.005785850 0.008684763
v -0.002092569 0.003041564 0.007354879
v -0.002092569 0.000000000 0.006774449
v -0.002092569 -0.003076919 0.007222932
v -0.002092569 -0.005854150 0.008566463
v -0.002092569 -0.008151739 0.010554409
v -0.002092569 -0.009827916 0.013031999
v -0.002092569 -0.010787750 0.015815580
v -0.002092569 -0.010988300 0.018706149
v -0.002092569 -0.010440016 0.021503543
v -0.002092569 -0.009204378 0.024020299
v -0.002092569 -0.007388064 0.026094213
v -0.002092569 -0.005134150 0.027598758
v -0.002092569 -0.002611044 0.028450699
v -0.001717075 0.000000000 0.029155161
v -0.001717075 0.002657816 0.028625252
v -0.001717075 0.005044506 0.027443489
v -0.001717075 0.007006729 0.025712878
v -0.001717075 0.008617809 0.023681643
v -0.001717075 0.009785783 0.021328241
v -0.001717075 0.010310988 0.018706149
v -0.001717075 0.010133516 0.015990881
v -0.001717075 0.009241347 0.013370655
v -0.001717075 0.007672807 0.011033341
v -0.001717075 0.005515494 0.009153033
v -0.001717075 0.002901617 0.007877166
v -0.001717075 0.000000000 0.007315161
v -0.001717075 -0.002994792 0.007529432
v -0.001717075 -0.005875494 0.008529494
v -0.001717075 -0.008436483 0.010269666
v -0.001717075 -0.010296186 0.012761643
v -0.001717075 -0.011310037 0.015675633
v -0.001717075 -0.011529012 0.018706149
v -0.001717075 -0.010962304 0.021643489
v -0.001717075 -0.009672648 0.024290655
v -0.001717075 -0.007770405 0.026476554
v -0.001717075 -0.005404506 0.028067028
v -0.001717075 -0.002750991 0.028972986
v -0.001341581 0.000000000 0.029695872
v -0.001341581 0.002797762 0.029147540
v -0.001341581 0.005314862 0.027911759
v -0.001341581 0.007389070 0.026095219
v -0.001341581 0.008893841 0.023841010
v -0.001341581 0.009745924 0.021317561
v -0.001341581 0.009909723 0.018706149
v -0.001341581 0.009611229 0.016130828
v -0.001341581 0.008773077 0.013641010
v -0.001341581 0.007290467 0.011415682
v -0.001341581 0.005245138 0.009621303
v -0.001341581 0.002761671 0.008399453
v -0.001341581 0.000000000 0.007855872
v -0.001341581 -0.002854846 0.008051720
v -0.001341581 -0.005605138 0.008997764
v -0.001341581 -0.008054142 0.010652007
v -0.001341581 -0.010020154 0.012921010
v -0.001341581 -0.011349896 0.015664953
v -0.001341581 -0.011930277 0.018706149
v -0.001341581 -0.011484591 0.021783436
v -0.001341581 -0.010140918 0.024561010
v -0.001341581 -0.008152746 0.026858894
v -0.001341581 -0.005674862 0.028535297
v -0.001341581 -0.002890937 0.029495273
v -0.000966087 0.000000000 0.030236584
v -0.000966087 0.002937709 0.029669827
v -0.000966087 0.005585217 0.028380029
v -0.000966087 0.007771411 0.026477560
v -0.000966087 0.009362111 0.024111366
v -0.000966087 0.010268212 0.021457508
v -0.000966087 0.010450435 0.018706149
v -0.000966087 0.009920478 0.016047965
v -0.000966087 0.008738573 0.013660931
v -0.000966087 0.007007736 0.011698413
v -0.000966087 0.004974783 0.010089572
v -0.000966087 0.002621724 0.008921740
v -0.000966087 0.000000000 0.008396584
v -0.000966087 -0.002714899 0.008574007
v -0.000966087 -0.005334783 0.009466034
v -0.000966087 -0.007671801 0.011034348
v -0.000966087 -0.009551884 0.013191366
v -0.000966087 -0.010827609 0.015804900
v -0.000966087 -0.011389565 0.018706149
v -0.000966087 -0.011175342 0.021700573
v -0.000966087 -0.010175422 0.024580931
v -0.000966087 -0.008435476 0.027141625
v -0.000966087 -0.005945217 0.029003567
v -0.000966087 -0.003030884 0.030017560
v -0.000590593 0.000000000 0.030635002
v -0.000590593 0.003077655 0.030192114
v -0.000590593 0.005855573 0.028848299
v -0.000590593 0.008153752 0.026859900
v -0.000590593 0.009830381 0.024381722
v -0.000590593 0.010790499 0.021597454
v -0.000590593 0.010991146 0.018706149
v -0.000590593 0.010442765 0.015908018
v -0.000590593 0.009206843 0.013390576
v -0.000590593 0.007390076 0.011316072
v -0.000590593 0.005135573 0.009811075
v -0.000590593 0.002611781 0.008958850
v -0.000590593 0.000000000 0.008795002
v -0.000590593 -0.002574953 0.009096294
v -0.000590593 -0.005064427 0.009934304
v -0.000590593 -0.007289460 0.011416688
v -0.000590593 -0.009083614 0.013461722
v -0.000590593 -0.010305321 0.015944846
v -0.000590593 -0.010848854 0.018706149
v -0.000590593 -0.010653055 0.021560626
v -0.000590593 -0.009707152 0.024310576
v -0.000590593 -0.008053136 0.026759284
v -0.000590593 -0.005784427 0.028725070
v -0.000590593 -0.003040827 0.030054670
v -0.000215099 0.000000000 0.030094291
v -0.000215099 0.002994056 0.029880116
v -0.000215099 0.005874071 0.028880338
v -0.000215099 0.008434470 0.027140619
v -0.000215099 0.010298651 0.024652078
v -0.000215099 0.011312786 0.021737401
v -0.000215099 0.011531858 0.018706149
v -0.000215099 0.010965053 0.015768072
v -0.000215099 0.009675113 0.013120220
v -0.000215099 0.007772417 0.010933732
v -0.000215099 0.005405929 0.009342805
v -0.000215099 0.002751727 0.008436563
v -0.000215099 0.000000000 0.008254291
v -0.000215099 -0.002658552 0.008784296
v -0.000215099 -0.005045929 0.009966344
v -0.000215099 -0.007008742 0.011697407
v -0.000215099 -0.008615344 0.013732078
v -0.000215099 -0.009783034 0.016084793
v -0.000215099 -0.010308142 0.018706149
v -0.000215099 -0.010130768 0.021420680
v -0.000215099 -0.009238882 0.024040220
v -0.000215099 -0.007670795 0.026376944
v -0.000215099 -0.005514071 0.028256800
v -0.000215099 -0.002900881 0.029532383
v 0.000160395 0.000000000 0.029553580
v 0.000160395 0.002854109 0.029357829
v 0.000160395 0.005603715 0.028412069
v 0.000160395 0.008052130 0.026758278
v 0.000160395 0.010017689 0.024489864
v 0.000160395 0.011347147 0.021746608
v 0.000160395 0.011927431 0.018706149
v 0.000160395 0.011487340 0.015628125
v 0.000160395 0.010143382 0.012849864
v 0.000160395 0.008154758 0.010551391
v 0.000160395 0.005676285 0.008874535
v 0.000160395 0.002891674 0.007914276
v 0.000160395 0.000000000 0.007713580
v 0.000160395 -0.002798499 0.008262009
v 0.000160395 -0.005316285 0.009498074
v 0.000160395 -0.007391083 0.011315066
v 0.000160395 -0.008896306 0.013569864
v 0.000160395 -0.009748673 0.016094000
v 0.000160395 -0.009912569 0.018706149
v 0.000160395 -0.009608480 0.021280733
v 0.000160395 -0.008770612 0.023769864
v 0.000160395 -0.007288454 0.025994603
v 0.000160395 -0.005243715 0.027788530
v 0.000160395 -0.002760934 0.029010096
v 0.000535889 0.000000000 0.029012868
v 0.000535889 0.002714163 0.028835542
v 0.000535889 0.005333360 0.027943799
v 0.000535889 0.007669789 0.026375938
v 0.000535889 0.009549419 0.024219508
v 0.000535889 0.010824860 0.021606661
v 0.000535889 0.011386719 0.018706149
v 0.000535889 0.011172593 0.015712461
v 0.000535889 0.010172957 0.012832789
v 0.000535889 0.008433464 0.010272685
v 0.000535889 0.005946640 0.008406266
v 0.000535889 0.003031620 0.007391988
v 0.000535889 0.000000000 0.007172868
v 0.000535889 -0.002938445 0.007739722
v 0.000535889 -0.005586640 0.009029804
v 0.000535889 -0.007773423 0.010932725
v 0.000535889 -0.009364576 0.013299508
v 0.000535889 -0.010270960 0.015954053
v 0.000535889 -0.010453281 0.018706149
v 0.000535889 -0.009923227 0.021365069
v 0.000535889 -0.008741037 0.023752789
v 0.000535889 -0.007009748 0.025715897
v 0.000535889 -0.004973360 0.027320260
v 0.000535889 -0.002620988 0.028487808
v 0.000911383 0.000000000 0.028620141
v 0.000911383 0.002574216 0.028313255
v 0.000911383 0.005063004 0.027475529
v 0.000911383 0.007287448 0.025993597
v 0.000911383 0.009081149 0.023949153
v 0.000911383 0.010302572 0.021466715
v 0.000911383 0.010846008 0.018706149
v 0.000911383 0.010650306 0.015852408
v 0.000911383 0.009704688 0.013103145
v 0.000911383 0.008051123 0.010655025
v 0.000911383 0.005783004 0.008689692
v 0.000911383 0.003040091 0.007360376
v 0.000911383 0.000000000 0.006780141
v 0.000911383 -0.003078392 0.007217435
v 0.000911383 -0.005856996 0.008561534
v 0.000911383 -0.008155764 0.010550385
v 0.000911383 -0.009832846 0.013029153
v 0.000911383 -0.010793248 0.015814107
v 0.000911383 -0.010993992 0.018706149
v 0.000911383 -0.010445514 0.021505016
v 0.000911383 -0.009209307 0.024023145
v 0.000911383 -0.007392089 0.026098237
v 0.000911383 -0.005136996 0.027603687
v 0.000911383 -0.002612517 0.028456196
v 0.001286877 0.000000000 0.029160852
v 0.001286877 0.002659289 0.028630750
v 0.001286877 0.005047352 0.027448418
v 0.001286877 0.007010754 0.025716903
v 0.001286877 0.008612879 0.023678797
v 0.001286877 0.009780285 0.021326768
v 0.001286877 0.010305296 0.018706149
v 0.001286877 0.010128019 0.015992354
v 0.001286877 0.009236418 0.013373501
v 0.001286877 0.007668783 0.011037366
v 0.001286877 0.005512648 0.009157962
v 0.001286877 0.002900144 0.007882663
v 0.001286877 0.000000000 0.007320852
v 0.001286877 -0.002993319 0.007534930
v 0.001286877 -0.005872648 0.008534424
v 0.001286877 -0.008432458 0.010273691
v 0.001286877 -0.010301115 0.012758797
v 0.001286877 -0.011315535 0.015674160
v 0.001286877 -0.011534704 0.018706149
v 0.001286877 -0.010967801 0.021644962
v 0.001286877 -0.009677577 0.024293501
v 0.001286877 -0.007774429 0.026480578
v 0.001286877 -0.005407352 0.028071957
v 0.001286877 -0.002752464 0.028978484
v 0.001662372 0.000000000 0.029701564
v 0.001662372 0.002799235 0.029153037
v 0.001662372 0.005317708 0.027916688
v 0.001662372 0.007393095 0.026099244
v 0.001662372 0.008898770 0.023843856
v 0.001662372 0.009751422 0.021319034
v 0.001662372 0.009915415 0.018706149
v 0.001662372 0.009605731 0.016132301
v 0.001662372 0.008768148 0.013643856
v 0.001662372 0.007286442 0.011419707
v 0.001662372 0.005242292 0.009626232
v 0.001662372 0.002760198 0.008404951
v 0.001662372 0.000000000 0.007861564
v 0.001662372 -0.002853373 0.008057217
v 0.001662372 -0.005602292 0.009002693
v 0.001662372 -0.008050117 0.010656031
v 0.001662372 -0.010015224 0.012923856
v 0.001662372 -0.011344398 0.015666426
v 0.001662372 -0.011924585 0.018706149
v 0.001662372 -0.011490089 0.021784909
v 0.001662372 -0.010145847 0.024563856
v 0.001662372 -0.008156770 0.026862919
v 0.001662372 -0.005677708 0.028540227
v 0.001662372 -0.002892410 0.029500771
v 0.002037866 0.000000000 0.030242275
v 0.002037866 0.002939182 0.029675325
v 0.002037866 0.005588063 0.028384958
v 0.002037866 0.007775436 0.026481584
v 0.002037866 0.009367040 0.024114212
v 0.002037866 0.010273709 0.021458981
v 0.002037866 0.010456126 0.018706149
v 0.002037866 0.009925976 0.016046491
v 0.002037866 0.008743502 0.013658085
v 0.002037866 0.007011760 0.011694388
v 0.002037866 0.004971937 0.010094502
v 0.002037866 0.002620251 0.008927238
v 0.002037866 0.000000000 0.008402275
v 0.002037866 -0.002713426 0.008579505
v 0.002037866 -0.005331937 0.009470963
v 0.002037866 -0.007667776 0.011038372
v 0.002037866 -0.009546955 0.013194212
v 0.002037866 -0.010822111 0.015806373
v 0.002037866 -0.011383874 0.018706149
v 0.002037866 -0.011169844 0.021699099
v 0.002037866 -0.010170493 0.024578085
v 0.002037866 -0.008431452 0.027137601
v 0.002037866 -0.005948063 0.029008496
v 0.002037866 -0.003032357 0.030023058
v 0.002413360 0.000000000 0.030629311
v 0.002413360 0.003079128 0.030197612
v 0.002413360 0.005858419 0.028853228
v 0.002413360 0.008157776 0.026863925
v 0.002413360 0.009835310 0.024384568
v 0.002413360 0.010795996 0.021598927
v 0.002413360 0.010996838 0.018706149
v 0.002413360 0.010448263 0.015906545
v 0.002413360 0.009211772 0.013387730
v 0.002413360 0.007394101 0.011312048
v 0.002413360 0.005138419 0.009806146
v 0.002413360 0.002613254 0.008953352
v 0.002413360 0.000000000 0.008789311
v 0.002413360 -0.002573480 0.009101792
v 0.002413360 -0.005061581 0.009939233
v 0.002413360 -0.007285436 0.011420713
v 0.002413360 -0.009078685 0.013464568
v 0.002413360 -0.010299824 0.015946319
v 0.002413360 -0.010843162 0.018706149
v 0.002413360 -0.010647557 0.021559153
v 0.002413360 -0.009702223 0.024307730
v 0.002413360 -0.008049111 0.026755260
v 0.002413360 -0.005781581 0.028720141
v 0.002413360 -0.003039354 0.030049172
v 0.002788854 0.000000000 0.030088599
v 0.002788854 0.002992582 0.029874618
v 0.002788854 0.005871225 0.028875409
v 0.002788854 0.008430446 0.027136594
v 0.002788854 0.010303580 0.024654923
v 0.002788854 0.011318284 0.021738874
v 0.002788854 0.011537549 0.018706149
v 0.002788854 0.010970550 0.015766599
v 0.002788854 0.009680042 0.013117374
v 0.002788854 0.007776442 0.010929707
v 0.002788854 0.005408775 0.009337876
v 0.002788854 0.002753200 0.008431065
v 0.002788854 0.000000000 0.008248599
v 0.002788854 -0.002660026 0.008778798
v 0.002788854 -0.005048775 0.009961414
v 0.002788854 -0.007012766 0.011693382
v 0.002788854 -0.008610415 0.013734923
v 0.002788854 -0.009777536 0.016086266
v 0.002788854 -0.010302451 0.018706149
v 0.002788854 -0.010125270 0.021419207
v 0.002788854 -0.009233953 0.024037374
v 0.002788854 -0.007666770 0.026372919
v 0.002788854 -0.005511225 0.028251871
v 0.002788854 -0.002899408 0.029526885
v 0.003164348 0.000000000 0.029547888
v 0.003164348 0.002852636 0.029352331
v 0.003164348 0.005600870 0.028407139
v 0.003164348 0.008048105 0.026754254
v 0.003164348 0.010012760 0.024487018
v 0.003164348 0.011341649 0.021745134
v 0.003164348 0.011921739 0.018706149
v 0.003164348 0.011492837 0.015626652
v 0.003164348 0.010148312 0.012847018
v 0.003164348 0.008158783 0.010547366
v 0.003164348 0.005679130 0.008869606
v 0.003164348 0.002893147 0.007908778
v 0.003164348 0.000000000 0.007707888
v 0.003164348 -0.002799972 0.008256511
v 0.003164348 -0.005319130 0.009493145
v 0.003164348 -0.007395107 0.011311042
v 0.003164348 -0.008901235 0.013567018
v 0.003164348 -0.009754171 0.016092526
v 0.003164348 -0.009918261 0.018706149
v 0.003164348 -0.009602983 0.021279260
v 0.003164348 -0.008765683 0.023767018
v 0.003164348 -0.007284430 0.025990578
v 0.003164348 -0.005240870 0.027783601
v 0.003164348 -0.002759461 0.029004598
v 0.003539842 0.000000000 0.029007176
v 0.003539842 0.002712690 0.028830044
v 0.003539842 0.005330514 0.027938870
v 0.003539842 0.007665764 0.026371913
v 0.003539842 0.009544490 0.024216663
v 0.003539842 0.010819362 0.021605188
v 0.003539842 0.011381028 0.018706149
v 0.003539842 0.011167095 0.015713935
v 0.003539842 0.010168028 0.012835635
v 0.003539842 0.008429440 0.010276709
v 0.003539842 0.005949486 0.008401336
v 0.003539842 0.003033093 0.007386491
v 0.003539842 0.000000000 0.007167176
v 0.003539842 -0.002939918 0.007734224
v 0.003539842 -0.005589486 0.009024875
v 0.003539842 -0.007777448 0.010928701
v 0.003539842 -0.009369505 0.013296663
v 0.003539842 -0.010276458 0.015952580
v 0.003539842 -0.010458972 0.018706149
v 0.003539842 -0.009928725 0.021366543
v 0.003539842 -0.008745967 0.023755635
v 0.003539842 -0.007013773 0.025719921
v 0.003539842 -0.004970514 0.027315331
v 0.003539842 -0.002619515 0.028482311
v 0.003915336 0.000000000 0.028625833
v 0.003915336 0.002572743 0.028307757
v 0.003915336 0.005060158 0.027470600
v 0.003915336 0.007283423 0.025989572
v 0.003915336 0.009076220 0.023946307
v 0.003915336 0.010297075 0.021465242
v 0.003915336 0.010840316 0.018706149
v 0.003915336 0.010644808 0.015853881
v 0.003915336 0.009699758 0.013105991
v 0.003915336 0.008047099 0.010659050
v 0.003915336 0.005780158 0.008694621
v 0.003915336 0.003038617 0.007365874
v 0.003915336 0.000000000 0.006785833
v 0.003915336 -0.003079865 0.007211937
v 0.003915336 -0.005859842 0.008556605
v 0.003915336 -0.008159789 0.010546360
v 0.003915336 -0.009837775 0.013026307
v 0.003915336 -0.010798745 0.015812634
v 0.003915336 -0.010999684 0.018706149
v 0.003915336 -0.010451012 0.021506489
v 0.003915336 -0.009214236 0.024025991
v 0.003915336 -0.007396113 0.026102262
v 0.003915336 -0.005139842 0.027608616
v 0.003915336 -0.002613991 0.028461694
v 0.004290830 0.000000000 0.029166544
v 0.004290830 0.002660762 0.028636248
v 0.004290830 0.005050198 0.027453348
v 0.004290830 0.007014779 0.025720927
v 0.004290830 0.008607950 0.023675951
v 0.004290830 0.009774788 0.021325295
v 0.004290830 0.010299605 0.018706149
v 0.004290830 0.010122521 0.015993827
v 0.004290830 0.009231489 0.013376346
v 0.004290830 0.007664758 0.011041391
v 0.004290830 0.005509802 0.009162891
v 0.004290830 0.002898671 0.007888161
v 0.004290830 0.000000000 0.007326544
v 0.004290830 -0.002991846 0.007540428
v 0.004290830 -0.005869802 0.008539353
v 0.004290830 -0.008428433 0.010277715
v 0.004290830 -0.010306045 0.012755951
v 0.004290830 -0.011321032 0.015672687
v 0.004290830 -0.011540395 0.018706149
v 0.004290830 -0.010973299 0.021646435
v 0.004290830 -0.009682506 0.024296346
v 0.004290830 -0.007778454 0.026484603
v 0.004290830 -0.005410198 0.028076886
v 0.004290830 -0.002753937 0.028983981
v 0.004666324 0.000000000 0.029707255
v 0.004666324 0.002800709 0.029158535
v 0.004666324 0.005320553 0.027921617
v 0.004666324 0.007397119 0.026103268
v 0.004666324 0.008903700 0.023846702
v 0.004666324 0.009756920 0.021320508
v 0.004666324 0.009921107 0.018706149
v 0.004666324 0.009600234 0.016133774
v 0.004666324 0.008763219 0.013646702
v 0.004666324 0.007282417 0.011423731
v 0.004666324 0.005239447 0.009631161
v 0.004666324 0.002758725 0.008410448
v 0.004666324 0.000000000 0.007867255
v 0.004666324 -0.002851899 0.008062715
v 0.004666324 -0.005599447 0.009007623
v 0.004666324 -0.008046093 0.010660056
v 0.004666324 -0.010010295 0.012926702
v 0.004666324 -0.011338900 0.015667900
v 0.004666324 -0.011918893 0.018706149
v 0.004666324 -0.011495586 0.021786382
v 0.004666324 -0.010150776 0.024566702
v 0.004666324 -0.008160795 0.026866944
v 0.004666324 -0.005680553 0.028545156
v 0.004666324 -0.002893883 0.029506268
v 0.005041818 0.000000000 0.030247967
v 0.005041818 0.002940655 0.029680822
v 0.005041818 0.005590909 0.028389887
v 0.005041818 0.007779460 0.026485609
v 0.005041818 0.009371969 0.024117058
v 0.005041818 0.010279207 0.021460454
v 0.005041818 0.010461818 0.018706149
v 0.005041818 0.009931474 0.016045018
v 0.005041818 0.008748431 0.013655240
v 0.005041818 0.007015785 0.011690364
v 0.005041818 0.004969091 0.010099431
v 0.005041818 0.002618778 0.008932736
v 0.005041818 0.000000000 0.008407967
v 0.005041818 -0.002711953 0.008585002
v 0.005041818 -0.005329091 0.009475893
v 0.005041818 -0.007663752 0.011042397
v 0.005041818 -0.009542025 0.013197058
v 0.005041818 -0.010816613 0.015807846
v 0.005041818 -0.011378182 0.018706149
v 0.005041818 -0.011164346 0.021697626
v 0.005041818 -0.010165564 0.024575240
v 0.005041818 -0.008427427 0.027133576
v 0.005041818 -0.005950909 0.029013426
v 0.005041818 -0.003033830 0.030028556
v 0.005417312 0.000000000 0.030623619
v 0.005417312 0.003080601 0.030203110
v 0.005417312 0.005861265 0.028858157
v 0.005417312 0.008161801 0.026867950
v 0.005417312 0.009840239 0.024387414
v 0.005417312 0.010801494 0.021600400
v 0.005417312 0.011002530 0.018706149
v 0.005417312 0.010453761 0.015905072
v 0.005417312 0.009216701 0.013384884
v 0.005417312 0.007398126 0.011308023
v 0.005417312 0.005141265 0.009801217
v 0.005417312 0.002614727 0.008947854
v 0.005417312 0.000000000 0.008783619
v 0.005417312 -0.002572007 0.009107289
v 0.005417312 -0.005058735 0.009944162
v 0.005417312 -0.007281411 0.011424738
v 0.005417312 -0.009073755 0.013467414
v 0.005417312 -0.010294326 0.015947792
v 0.005417312 -0.010837470 0.018706149
v 0.005417312 -0.010642059 0.021557680
v 0.005417312 -0.009697294 0.024304884
v 0.005417312 -0.008045086 0.026751235
v 0.005417312 -0.005778735 0.028715212
v 0.005417312 -0.003037881 0.030043674
v 0.005792806 0.000000000 0.030082908
v 0.005792806 0.002991109 0.029869121
v 0.005792806 0.005868379 0.028870480
v 0.005792806 0.008426421 0.027132570
v 0.005792806 0.010308509 0.024657769
v 0.005792806 0.011323781 0.021740347
v 0.005792806 0.011543241 0.018706149
v 0.005792806 0.010976048 0.015765126
v 0.005792806 0.009684971 0.013114528
v 0.005792806 0.007780466 0.010925682
v 0.005792806 0.005411621 0.009332947
v 0.005792806 0.002754674 0.008425567
v 0.005792806 0.000000000 0.008242908
v 0.005792806 -0.002661499 0.008773301
v 0.005792806 -0.005051621 0.009956485
v 0.005792806 -0.007016791 0.011689358
v 0.005792806 -0.008605486 0.013737769
v 0.005792806 -0.009772039 0.016087739
v 0.005792806 -0.010296759 0.018706149
v 0.005792806 -0.010119772 0.021417733
v 0.005792806 -0.009229024 0.024034528
v 0.005792806 -0.007662746 0.026368894
v 0.005792806 -0.005508379 0.028246942
v 0.005792806 -0.002897934 0.029521387
v 0.006168300 0.000000000 0.029542196
v 0.006168300 0.002851163 0.029346833
v 0.006168300 0.005598024 0.028402210
v 0.006168300 0.008044080 0.026750229
v 0.006168300 0.010007831 0.024484172
v 0.006168300 0.011336151 0.021743661
v 0.006168300 0.011916047 0.018706149
v 0.006168300 0.011498335 0.015625179
v 0.006168300 0.010153241 0.012844172
v 0.006168300 0.008162807 0.010543342
v 0.006168300 0.005681976 0.008864677
v 0.006168300 0.002894620 0.007903280
v 0.006168300 0.000000000 0.007702196
v 0.006168300 -0.002801445 0.008251013
v 0.006168300 -0.005321976 0.009488215
v 0.006168300 -0.007399132 0.011307017
v 0.006168300 -0.008906164 0.013564172
v 0.006168300 -0.009759669 0.016091053
v 0.006168300 -0.009923953 0.018706149
v 0.006168300 -0.009597485 0.021277787
v 0.006168300 -0.008760754 0.023764172
v 0.006168300 -0.007280405 0.025986554
v 0.006168300 -0.005238024 0.027778672
v 0.006168300 -0.002757988 0.028999100
v 0.006543794 0.000000000 0.029001485
v 0.006543794 0.002711216 0.028824546
v 0.006543794 0.005327668 0.027933940
v 0.006543794 0.007661740 0.026367888
v 0.006543794 0.009539561 0.024213817
v 0.006543794 0.010813864 0.021603715
v 0.006543794 0.011375336 0.018706149
v 0.006543794 0.011161597 0.015715408
v 0.006543794 0.010163099 0.012838481
v 0.006543794 0.008425415 0.010280734
v 0.006543794 0.005952332 0.008396407
v 0.006543794 0.003034566 0.007380993
v 0.006543794 0.000000000 0.007161485
v 0.006543794 -0.002941391 0.007728726
v 0.006543794 -0.005592332 0.009019946
v 0.006543794 -0.007781473 0.010924676
v 0.006543794 -0.009374434 0.013293817
v 0.006543794 -0.010281956 0.015951107
v 0.006543794 -0.010464664 0.018706149
v 0.006543794 -0.009934223 0.021368016
v 0.006543794 -0.008750896 0.023758481
v 0.006543794 -0.007017797 0.025723946
v 0.006543794 -0.004967668 0.027310402
v 0.006543794 -0.002618042 0.028476813
v 0.006919289 0.000000000 0.028631524
v 0.006919289 0.002571270 0.028302259
v 0.006919289 0.005057312 0.027465670
v 0.006919289 0.007279399 0.025985548
v 0.006919289 0.009071291 0.023943461
v 0.006919289 0.010291577 0.021463768
v 0.006919289 0.010834625 0.018706149
v 0.006919289 0.010639310 0.015855354
v 0.006919289 0.009694829 0.013108836
v 0.006919289 0.008043074 0.010663075
v 0.006919289 0.005777312 0.008699550
v 0.006919289 0.003037144 0.007371372
v 0.006919289 0.000000000 0.006791524
v 0.006919289 -0.003081338 0.007206439
v 0.006919289 -0.005862688 0.008551676
v 0.006919289 -0.008163813 0.010542335
v 0.006919289 -0.009842704 0.013023461
v 0.006919289 -0.010804243 0.015811161
v 0.006919289 -0.011005375 0.018706149
v 0.006919289 -0.010456510 0.021507962
v 0.006919289 -0.009219166 0.024028836
v 0.006919289 -0.007400138 0.026106287
v 0.006919289 -0.005142688 0.027613545
v 0.006919289 -0.002615464 0.028467192
v 0.007294783 0.000000000 0.029172236
v 0.007294783 0.002662235 0.028641746
v 0.007294783 0.005053043 0.027458277
v 0.007294783 0.007018803 0.025724952
v 0.007294783 0.008603021 0.023673105
v 0.007294783 0.009769290 0.021323822
v 0.007294783 0.010293913 0.018706149
v 0.007294783 0.010117023 0.015995301
v 0.007294783 0.009226559 0.013379192
v 0.007294783 0.007660733 0.011045415
v 0.007294783 0.005506957 0.009167820
v 0.007294783 0.002897198 0.007893659
v 0.007294783 0.000000000 0.007332236
v 0.007294783 -0.002990373 0.007545926
v 0.007294783 -0.005866957 0.008544282
v 0.007294783 -0.008424409 0.010281740
v 0.007294783 -0.010310974 0.012753105
v 0.007294783 -0.011326530 0.015671214
v 0.007294783 -0.011546087 0.018706149
v 0.007294783 -0.010978797 0.021647908
v 0.007294783 -0.009687435 0.024299192
v 0.007294783 -0.007782479 0.026488627
v 0.007294783 -0.005413043 0.028081815
v 0.007294783 -0.002755410 0.028989479
v 0.007670277 0.000000000 0.029712947
v 0.007670277 0.002802182 0.029164033
v 0.007670277 0.005323399 0.027926547
v 0.007670277 0.007401144 0.026107293
v 0.007670277 0.008908629 0.023849548
v 0.007670277 0.009762418 0.021321981
v 0.007670277 0.009926798 0.018706149
v 0.007670277 0.009594736 0.016135247
v 0.007670277 0.008758289 0.013649548
v 0.007670277 0.007278393 0.011427756
v 0.007670277 0.005236601 0.009636090
v 0.007670277 0.002757251 0.008415946
v 0.007670277 0.000000000 0.007872947
v 0.007670277 -0.002850426 0.008068213
v 0.007670277 -0.005596601 0.009012552
v 0.007670277 -0.008042068 0.010664081
v 0.007670277 -0.010005366 0.012929548
v 0.007670277 -0.011333402 0.015669373
v 0.007670277 -0.011913202 0.018706149
v 0.007670277 -0.011501084 0.021787855
v 0.007670277 -0.010155705 0.024569548
v 0.007670277 -0.008164819 0.026870968
v 0.007670277 -0.005683399 0.028550085
v 0.007670277 -0.002895356 0.029511766
v 0.008045771 0.000000000 0.030253659
v 0.008045771 0.002942128 0.029686320
v 0.008045771 0.005593755 0.028394816
v 0.008045771 0.007783485 0.026489634
v 0.008045771 0.009376899 0.024119904
v 0.008045771 0.010284705 0.021461927
v 0.008045771 0.010467510 0.018706149
v 0.008045771 0.009936971 0.016043545
v 0.008045771 0.008753360 0.013652394
v 0.008045771 0.007019810 0.011686339
v 0.008045771 0.004966245 0.010104360
v 0.008045771 0.002617305 0.008938233
v 0.008045771 0.000000000 0.008413659
v 0.008045771 -0.002710480 0.008590500
v 0.008045771 -0.005326245 0.009480822
v 0.008045771 -0.007659727 0.011046422
v 0.008045771 -0.009537096 0.013199904
v 0.008045771 -0.010811115 0.015809319
v 0.008045771 -0.011372490 0.018706149
v 0.008045771 -0.011158849 0.021696153
v 0.008045771 -0.010160634 0.024572394
v 0.008045771 -0.008423403 0.027129551
v 0.008045771 -0.005953755 0.029018355
v 0.008045771 -0.003035303 0.030034053
v 0.008421265 0.000000000 0.030617927
v 0.008421265 0.003082074 0.030208607
v 0.008421265 0.005864111 0.028863086
v 0.008421265 0.008165826 0.026871974
v 0.008421265 0.009845168 0.024390259
v 0.008421265 0.010806992 0.021601873
v 0.008421265 0.011008221 0.018706149
v 0.008421265 0.010459259 0.015903599
v 0.008421265 0.009221630 0.013382038
v 0.008421265 0.007402150 0.011303998
v 0.008421265 0.005144111 0.009796288
v 0.008421265 0.002616200 0.008942357
v 0.008421265 0.000000000 0.008777927
v 0.008421265 -0.002570533 0.009112787
v 0.008421265 -0.005055889 0.009949092
v 0.008421265 -0.007277386 0.011428762
v 0.008421265 -0.009068826 0.013470259
v 0.008421265 -0.010288828 0.015949266
v 0.008421265 -0.010831779 0.018706149
v 0.008421265 -0.010636561 0.021556207
v 0.008421265 -0.009692365 0.024302038
v 0.008421265 -0.008041062 0.026747211
v 0.008421265 -0.005775889 0.028710282
v 0.008421265 -0.003036408 0.030038177
v 0.008796759 0.000000000 0.030077216
v 0.008796759 0.002989636 0.029863623
v 0.008796759 0.005865534 0.028865551
v 0.008796759 0.008422396 0.027128545
v 0.008796759 0.010313438 0.024660615
v 0.008796759 0.011329279 0.021741820
v 0.008796759 0.011548933 0.018706149
v 0.008796759 0.010981546 0.015763652
v 0.008796759 0.009689900 0.013111682
v 0.008796759 0.007784491 0.010921658
v 0.008796759 0.005414466 0.009328018
v 0.008796759 0.002756147 0.008420070
v 0.008796759 0.000000000 0.008237216
v 0.008796759 -0.002662972 0.008767803
v 0.008796759 -0.005054466 0.009951556
v 0.008796759 -0.007020816 0.011685333
v 0.008796759 -0.008600556 0.013740615
v 0.008796759 -0.009766541 0.016089212
v 0.008796759 -0.010291067 0.018706149
v 0.008796759 -0.010114274 0.021416260
v 0.008796759 -0.009224095 0.024031682
v 0.008796759 -0.007658721 0.026364870
v 0.008796759 -0.005505534 0.028242013
v 0.008796759 -0.002896461 0.029515890
v 0.009172253 0.000000000 0.029536504
v 0.009172253 0.002849690 0.029341336
v 0.009172253 0.005595178 0.028397281
v 0.009172253 0.008040056 0.026746204
v 0.009172253 0.010002901 0.024481327
v 0.009172253 0.011330654 0.021742188
v 0.009172253 0.011910356 0.018706149
v 0.009172253 0.011503833 0.015623706
v 0.009172253 0.010158170 0.012841327
v 0.009172253 0.008166832 0.010539317
v 0.009172253 0.005684822 0.008859748
v 0.009172253 0.002896093 0.007897782
v 0.009172253 0.000000000 0.007696504
v 0.009172253 -0.002802918 0.008245516
v 0.009172253 -0.005324822 0.009483286
v 0.009172253 -0.007403156 0.011302992
v 0.009172253 -0.008911093 0.013561327
v 0.009172253 -0.009765166 0.016089580
v 0.009172253 -0.009929644 0.018706149
v 0.009172253 -0.009591987 0.021276314
v 0.009172253 -0.008755825 0.023761327
v 0.009172253 -0.007276380 0.025982529
v 0.009172253 -0.005235178 0.027773743
v 0.009172253 -0.002756515 0.028993602
v 0.009547747 0.000000000 0.028995793
v 0.009547747 0.002709743 0.028819049
v 0.009547747 0.005324822 0.027929011
v 0.009547747 0.007657715 0.026363864
v 0.009547747 0.009534632 0.024210971
v 0.009547747 0.010808366 0.021602242
v 0.009547747 0.011369644 0.018706149
v 0.009547747 0.011156100 0.015716881
v 0.009547747 0.010158170 0.012841327
v 0.009547747 0.008421390 0.010284758
v 0.009547747 0.005955178 0.008391478
v 0.009547747 0.003036039 0.007375495
v 0.009547747 0.000000000 0.007155793
v 0.009547747 -0.002942865 0.007723228
v 0.009547747 -0.005595178 0.009015016
v 0.009547747 -0.007785497 0.010920652
v 0.009547747 -0.009379363 0.013290971
v 0.009547747 -0.010287454 0.015949634
v 0.009547747 -0.010470356 0.018706149
v 0.009547747 -0.009939720 0.021369489
v 0.009547747 -0.008755825 0.023761327
v 0.009547747 -0.007021822 0.025727971
v 0.009547747 -0.004964822 0.027305473
v 0.009547747 -0.002616568 0.028471315
v 0.009923241 0.000000000 0.028637216
v 0.009923241 0.002569797 0.028296761
v 0.009923241 0.005054466 0.027460741
v 0.009923241 0.007275374 0.025981523
v 0.009923241 0.009066362 0.023940615
v 0.009923241 0.010286079 0.021462295
v 0.009923241 0.010828933 0.018706149
v 0.009923241 0.010633813 0.015856827
v 0.009923241 0.009689900 0.013111682
v 0.009923241 0.008039049 0.010667099
v 0.009923241 0.005774466 0.008704480
v 0.009923241 0.003035671 0.007376870
v 0.009923241 0.000000000 0.006797216
v 0.009923241 -0.003082811 0.007200941
v 0.009923241 -0.005865534 0.008546747
v 0.009923241 -0.008167838 0.010538311
v 0.009923241 -0.009847633 0.013020615
v 0.009923241 -0.010809741 0.015809687
v 0.009923241 -0.011011067 0.018706149
v 0.009923241 -0.010462008 0.021509435
v 0.009923241 -0.009224095 0.024031682
v 0.009923241 -0.007404163 0.026110311
v 0.009923241 -0.005145534 0.027618474
v 0.009923241 -0.002616937 0.028472690
v 0.010298735 0.000000000 0.029177927
v 0.010298735 0.002663708 0.028647244
v 0.010298735 0.005055889 0.027463206
v 0.010298735 0.007022828 0.025728977
v 0.010298735 0.008598092 0.023670259
v 0.010298735 0.009763792 0.021322349
v 0.010298735 0.010288221 0.018706149
v 0.010298735 0.010111525 0.015996774
v 0.010298735 0.009221630 0.013382038
v 0.010298735 0.007656709 0.011049440
v 0.010298735 0.005504111 0.009172749
v 0.010298735 0.002895725 0.007899157
v 0.010298735 0.000000000 0.007337927
v 0.010298735 -0.002988900 0.007551423
v 0.010298735 -0.005864111 0.008549211
v 0.010298735 -0.008420384 0.010285765
v 0.010298735 -0.010315903 0.012750259
v 0.010298735 -0.011332028 0.015669741
v 0.010298735 -0.011551779 0.018706149
v 0.010298735 -0.010984295 0.021649382
v 0.010298735 -0.009692365 0.024302038
v 0.010298735 -0.007786503 0.026492652
v 0.010298735 -0.005415889 0.028086744
v 0.010298735 -0.002756883 0.028994977
v 0.010674229 0.000000000 0.029718639
v 0.010674229 0.002803655 0.029169531
v 0.010674229 0.005326245 0.027931476
v 0.010674229 0.007405169 0.026111318
v 0.010674229 0.008913558 0.023852394
v 0.010674229 0.009767915 0.021323454
v 0.010674229 0.009932490 0.018706149
v 0.010674229 0.009589238 0.016136720
v 0.010674229 0.008753360 0.013652394
v 0.010674229 0.007274368 0.011431781
v 0.010674229 0.005233755 0.009641019
v 0.010674229 0.002755778 0.008421444
v 0.010674229 0.000000000 0.007878639
v 0.010674229 -0.002848953 0.008073711
v 0.010674229 -0.005593755 0.009017481
v 0.010674229 -0.008038043 0.010668105
v 0.010674229 -0.010000437 0.012932394
v 0.010674229 -0.011327905 0.015670846
v 0.010674229 -0.011907510 0.018706149
v 0.010674229 -0.011506582 0.021789328
v 0.010674229 -0.010160634 0.024572394
v 0.010674229 -0.008168844 0.026874993
v 0.010674229 -0.005686245 0.028555014
v 0.010674229 -0.002896830 0.029517264
v 0.011049723 0.000000000 0.030259350
v 0.011049723 0.002943601 0.029691818
v 0.011049723 0.005596601 0.028399746
v 0.011049723 0.007787510 0.026493658
v 0.011049723 0.009381828 0.024122750
v 0.011049723 0.010290203 0.021463400
v 0.011049723 0.010473202 0.018706149
v 0.011049723 0.009942469 0.016042072
v 0.011049723 0.008758289 0.013649548
v 0.011049723 0.007023834 0.011682315
v 0.011049723 0.004963399 0.010109289
v 0.011049723 0.002615832 0.008943731
v 0.011049723 0.000000000 0.008419350
v 0.011049723 -0.002709007 0.008595998
v 0.011049723 -0.005323399 0.009485751
v 0.011049723 -0.007655703 0.011050446
v 0.011049723 -0.009532167 0.013202750
v 0.011049723 -0.010805618 0.015810792
v 0.011049723 -0.011366798 0.018706149
v 0.011049723 -0.011153351 0.021694680
v 0.011049723 -0.010155705 0.024569548
v 0.011049723 -0.008419378 0.027125527
v 0.011049723 -0.005956601 0.029023284
v 0.011049723 -0.003036776 0.030039551
v 0.011425217 0.000000000 0.030612236
v 0.011425217 0.003083548 0.030214105
v 0.011425217 0.005866957 0.028868016
v 0.011425217 0.008169850 0.026875999
v 0.011425217 0.009850098 0.024393105
v 0.011425217 0.010812490 0.021603347
v 0.011425217 0.011013913 0.018706149
v 0.011425217 0.010464756 0.015902126
v 0.011425217 0.009226559 0.013379192
v 0.011425217 0.007406175 0.011299974
v 0.011425217 0.005146957 0.009791359
v 0.011425217 0.002617673 0.008936859
v 0.011425217 0.000000000 0.008772236
v 0.011425217 -0.002569060 0.009118285
v 0.011425217 -0.005053043 0.009954021
v 0.011425217 -0.007273362 0.011432787
v 0.011425217 -0.009063897 0.013473105
v 0.011425217 -0.010283330 0.015950739
v 0.011425217 -0.010826087 0.018706149
v 0.011425217 -0.010631064 0.021554734
v 0.011425217 -0.009687435 0.024299192
v 0.011425217 -0.008037037 0.026743186
v 0.011425217 -0.005773043 0.028705353
v 0.011425217 -0.003034935 0.030032679
v 0.011800711 0.000000000 0.030071524
v 0.011800711 0.002988163 0.029858125
v 0.011800711 0.005862688 0.028860622
v 0.011800711 0.008418372 0.027124520
v 0.011800711 0.010318367 0.024663461
v 0.011800711 0.011334777 0.021743293
v 0.011800711 0.011554625 0.018706149
v 0.011800711 0.010987044 0.015762179
v 0.011800711 0.009694829 0.013108836
v 0.011800711 0.007788516 0.010917633
v 0.011800711 0.005417312 0.009323089
v 0.011800711 0.002757620 0.008414572
v 0.011800711 0.000000000 0.008231524
v 0.011800711 -0.002664445 0.008762305
v 0.011800711 -0.005057312 0.009946627
v 0.011800711 -0.007024840 0.011681308
v 0.011800711 -0.008595627 0.013743461
v 0.011800711 -0.009761043 0.016090685
v 0.011800711 -0.010285375 0.018706149
v 0.011800711 -0.010108776 0.021414787
v 0.011800711 -0.009219166 0.024028836
v 0.011800711 -0.007654696 0.026360845
v 0.011800711 -0.005502688 0.028237083
v 0.011800711 -0.002894988 0.029510392
v 0.012176206 0.000000000 0.029530813
v 0.012176206 0.002848217 0.029335838
v 0.012176206 0.005592332 0.028392352
v 0.012176206 0.008036031 0.026742180
v 0.012176206 0.009997972 0.024478481
v 0.012176206 0.011325156 0.021740715
v 0.012176206 0.011904664 0.018706149
v 0.012176206 0.011509331 0.015622233
v 0.012176206 0.010163099 0.012838481
v 0.012176206 0.008170856 0.010535292
v 0.012176206 0.005687668 0.008854819
v 0.012176206 0.002897566 0.007892285
v 0.012176206 0.000000000 0.007690813
v 0.012176206 -0.002804391 0.008240018
v 0.012176206 -0.005327668 0.009478357
v 0.012176206 -0.007407181 0.011298968
v 0.012176206 -0.008916022 0.013558481
v 0.012176206 -0.009770664 0.016088107
v 0.012176206 -0.009935336 0.018706149
v 0.012176206 -0.009586489 0.021274841
v 0.012176206 -0.008750896 0.023758481
v 0.012176206 -0.007272356 0.025978504
v 0.012176206 -0.005232332 0.027768814
v 0.012176206 -0.002755042 0.028988105
v 0.012551700 0.000000000 0.028990101
v 0.012551700 0.002708270 0.028813551
v 0.012551700 0.005321976 0.027924082
v 0.012551700 0.007653690 0.026359839
v 0.012551700 0.009529702 0.024208125
v 0.012551700 0.010802869 0.021600769
v 0.012551700 0.011363953 0.018706149
v 0.012551700 0.011150602 0.015718354
v 0.012551700 0.010153241 0.012844172
v 0.012551700 0.008417366 0.010288783
v 0.012551700 0.005958024 0.008386549
v 0.012551700 0.003037513 0.007369997
v 0.012551700 0.000000000 0.007150101
v 0.012551700 -0.002944338 0.007717731
v 0.012551700 -0.005598024 0.009010087
v 0.012551700 -0.007789522 0.010916627
v 0.012551700 -0.009384292 0.013288125
v 0.012551700 -0.010292951 0.015948161
v 0.012551700 -0.010476047 0.018706149
v 0.012551700 -0.009945218 0.021370962
v 0.012551700 -0.008760754 0.023764172
v 0.012551700 -0.007025847 0.025731995
v 0.012551700 -0.004961976 0.027300544
v 0.012551700 -0.002615095 0.028465817
v 0.012927194 0.000000000 0.028642908
v 0.012927194 0.002568324 0.028291264
v 0.012927194 0.005051621 0.027455812
v 0.012927194 0.007271350 0.025977498
v 0.012927194 0.009061433 0.023937769
v 0.012927194 0.010280581 0.021460822
v 0.012927194 0.010823241 0.018706149
v 0.012927194 0.010628315 0.015858300
v 0.012927194 0.009684971 0.013114528
v 0.012927194 0.008035025 0.010671124
v 0.012927194 0.005771621 0.008709409
v 0.012927194 0.003034198 0.007382367
v 0.012927194 0.000000000 0.006802908
v 0.012927194 -0.003084284 0.007195444
v 0.012927194 -0.005868379 0.008541817
v 0.012927194 -0.008171863 0.010534286
v 0.012927194 -0.009852562 0.013017769
v 0.012927194 -0.010815239 0.015808214
v 0.012927194 -0.011016759 0.018706149
v 0.012927194 -0.010467505 0.021510908
v 0.012927194 -0.009229024 0.024034528
v 0.012927194 -0.007408187 0.026114336
v 0.012927194 -0.005148379 0.027623403
v 0.012927194 -0.002618410 0.028478187
v 0.013302688 0.000000000 0.029183619
v 0.013302688 0.002665181 0.028652741
v 0.013302688 0.005058735 0.027468135
v 0.013302688 0.007026853 0.025733001
v 0.013302688 0.008593163 0.023667414
v 0.013302688 0.009758294 0.021320876
v 0.013302688 0.010282530 0.018706149
v 0.013302688 0.010106028 0.015998247
v 0.013302688 0.009216701 0.013384884
v 0.013302688 0.007652684 0.011053465
v 0.013302688 0.005501265 0.009177679
v 0.013302688 0.002894252 0.007904655
v 0.013302688 0.000000000 0.007343619
v 0.013302688 -0.002987427 0.007556921
v 0.013302688 -0.005861265 0.008554140
v 0.013302688 -0.008416359 0.010289789
v 0.013302688 -0.010320832 0.012747414
v 0.013302688 -0.011337526 0.015668268
v 0.013302688 -0.011557470 0.018706149
v 0.013302688 -0.010989792 0.021650855
v 0.013302688 -0.009697294 0.024304884
v 0.013302688 -0.007790528 0.026496677
v 0.013302688 -0.005418735 0.028091673
v 0.013302688 -0.002758356 0.029000475
v 0.013678182 0.000000000 0.029724331
v 0.013678182 0.002805128 0.029175028
v 0.013678182 0.005329091 0.027936405
v 0.013678182 0.007409193 0.026115342
v 0.013678182 0.008918487 0.023855240
v 0.013678182 0.009773413 0.021324927
v 0.013678182 0.009938182 0.018706149
v 0.013678182 0.009583740 0.016138193
v 0.013678182 0.008748431 0.013655240
v 0.013678182 0.007270343 0.011435805
v 0.013678182 0.005230909 0.009645948
v 0.013678182 0.002754305 0.008426942
v 0.013678182 0.000000000 0.007884331
v 0.013678182 -0.002847480 0.008079208
v 0.013678182 -0.005590909 0.009022410
v 0.013678182 -0.008034019 0.010672130
v 0.013678182 -0.009995508 0.012935240
v 0.013678182 -0.011322407 0.015672319
v 0.013678182 -0.011901818 0.018706149
v 0.013678182 -0.011512080 0.021790801
v 0.013678182 -0.010165564 0.024575240
v 0.013678182 -0.008172869 0.026879017
v 0.013678182 -0.005689091 0.028559943
v 0.013678182 -0.002898303 0.029522762
v 0.014053676 0.000000000 0.030265042
v 0.014053676 0.002945074 0.029697316
v 0.014053676 0.005599447 0.028404675
v 0.014053676 0.007791534 0.026497683
v 0.014053676 0.009386757 0.024125595
v 0.014053676 0.010295700 0.021464873
v 0.014053676 0.010478893 0.018706149
v 0.014053676 0.009947967 0.016040599
v 0.014053676 0.008763219 0.013646702
v 0.014053676 0.007027859 0.011678290
v 0.014053676 0.004960553 0.010114218
v 0.014053676 0.002614359 0.008949229
v 0.014053676 0.000000000 0.008425042
v 0.014053676 -0.002707534 0.008601496
v 0.014053676 -0.005320553 0.009490680
v 0.014053676 -0.007651678 0.011054471
v 0.014053676 -0.009527238 0.013205595
v 0.014053676 -0.010800120 0.015812265
v 0.014053676 -0.011361107 0.018706149
v 0.014053676 -0.011147853 0.021693207
v 0.014053676 -0.010150776 0.024566702
v 0.014053676 -0.008415353 0.027121502
v 0.014053676 -0.005959447 0.029028213
v 0.014053676 -0.003038249 0.030045049
v 0.014429170 0.000000000 0.030606544
v 0.014429170 0.003085021 0.030219603
v 0.014429170 0.005869802 0.028872945
v 0.014429170 0.008173875 0.026880024
v 0.014429170 0.009855027 0.024395951
v 0.014429170 0.010817987 0.021604820
v 0.014429170 0.011019605 0.018706149
v 0.014429170 0.010470254 0.015900653
v 0.014429170 0.009231489 0.013376346
v 0.014429170 0.007410200 0.011295949
v 0.014429170 0.005149802 0.009786429
v 0.014429170 0.002619146 0.008931361
v 0.014429170 0.000000000 0.008766544
v 0.014429170 -0.002567587 0.009123783
v 0.014429170 -0.005050198 0.009958950
v 0.014429170 -0.007269337 0.011436812
v 0.014429170 -0.009058968 0.013475951
v 0.014429170 -0.010277833 0.015952212
v 0.014429170 -0.010820395 0.018706149
v 0.014429170 -0.010625566 0.021553261
v 0.014429170 -0.009682506 0.024296346
v 0.014429170 -0.008033013 0.026739161
v 0.014429170 -0.005770198 0.028700424
v 0.014429170 -0.003033462 0.030027181
v 0.014804664 0.000000000 0.030065833
v 0.014804664 0.002986690 0.029852627
v 0.014804664 0.005859842 0.028855693
v 0.014804664 0.008414347 0.027120496
v 0.014804664 0.010323297 0.024666307
v 0.014804664 0.011340275 0.021744766
v 0.014804664 0.011560316 0.018706149
v 0.014804664 0.010992541 0.015760706
v 0.014804664 0.009699758 0.013105991
v 0.014804664 0.007792540 0.010913608
v 0.014804664 0.005420158 0.009318160
v 0.014804664 0.002759093 0.008409074
v 0.014804664 0.000000000 0.008225833
v 0.014804664 -0.002665918 0.008756807
v 0.014804664 -0.005060158 0.009941698
v 0.014804664 -0.007028865 0.011677284
v 0.014804664 -0.008590698 0.013746307
v 0.014804664 -0.009755545 0.016092158
v 0.014804664 -0.010279684 0.018706149
v 0.014804664 -0.010103279 0.021413314
v 0.014804664 -0.009214236 0.024025991
v 0.014804664 -0.007650672 0.026356821
v 0.014804664 -0.005499842 0.028232154
v 0.014804664 -0.002893515 0.029504894
v 0.015180158 0.000000000 0.029525121
v 0.015180158 0.002846744 0.029330340
v 0.015180158 0.005589486 0.028387423
v 0.015180158 0.008032006 0.026738155
v 0.015180158 0.009993043 0.024475635
v 0.015180158 0.011319658 0.021739242
v 0.015180158 0.011898972 0.018706149
v 0.015180158 0.011514829 0.015620760
v 0.015180158 0.010168028 0.012835635
v 0.015180158 0.008174881 0.010531268
v 0.015180158 0.005690514 0.008849890
v 0.015180158 0.002899039 0.007886787
v 0.015180158 0.000000000 0.007685121
v 0.015180158 -0.002805864 0.008234520
v 0.015180158 -0.005330514 0.009473428
v 0.015180158 -0.007411206 0.011294943
v 0.015180158 -0.008920952 0.013555635
v 0.015180158 -0.009776162 0.016086634
v 0.015180158 -0.009941028 0.018706149
v 0.015180158 -0.009580992 0.021273368
v 0.015180158 -0.008745967 0.023755635
v 0.015180158 -0.007268331 0.025974480
v 0.015180158 -0.005229486 0.027763884
v 0.015180158 -0.002753569 0.028982607
v 0.015555652 0.000000000 0.028984410
v 0.015555652 0.002706797 0.028808053
v 0.015555652 0.005319130 0.027919153
v 0.015555652 0.007649666 0.026355814
v 0.015555652 0.009524773 0.024205279
v 0.015555652 0.010797371 0.021599296
v 0.015555652 0.011358261 0.018706149
v 0.015555652 0.011145104 0.015719827
v 0.015555652 0.010148312 0.012847018
v 0.015555652 0.008413341 0.010292808
v 0.015555652 0.005960870 0.008381620
v 0.015555652 0.003038986 0.007364500
v 0.015555652 0.000000000 0.007144410
v 0.015555652 -0.002945811 0.007712233
v 0.015555652 -0.005600870 0.009005158
v 0.015555652 -0.007793546 0.010912602
v 0.015555652 -0.009389222 0.013285279
v 0.015555652 -0.010298449 0.015946688
v 0.015555652 -0.010481739 0.018706149
v 0.015555652 -0.009950716 0.021372435
v 0.015555652 -0.008765683 0.023767018
v 0.015555652 -0.007029871 0.025736020
v 0.015555652 -0.004959130 0.027295615
v 0.015555652 -0.002613622 0.028460320
v 0.015931146 0.000000000 0.028648599
v 0.015931146 0.002566851 0.028285766
v 0.015931146 0.005048775 0.027450883
v 0.015931146 0.007267325 0.025973474
v 0.015931146 0.009056503 0.023934923
v 0.015931146 0.010275084 0.021459349
v 0.015931146 0.010817549 0.018706149
v 0.015931146 0.010622817 0.015859773
v 0.015931146 0.009680042 0.013117374
v 0.015931146 0.008031000 0.010675149
v 0.015931146 0.005768775 0.008714338
v 0.015931146 0.003032725 0.007387865
v 0.015931146 0.000000000 0.006808599
v 0.015931146 -0.003085757 0.007189946
v 0.015931146 -0.005871225 0.008536888
v 0.015931146 -0.008175887 0.010530262
v 0.015931146 -0.009857491 0.013014923
v 0.015931146 -0.010820736 0.015806741
v 0.015931146 -0.011022451 0.018706149
v 0.015931146 -0.010473003 0.021512381
v 0.015931146 -0.009233953 0.024037374
v 0.015931146 -0.007412212 0.026118361
v 0.015931146 -0.005151225 0.027628333
v 0.015931146 -0.002619883 0.028483685
v 0.016306640 0.000000000 0.029189311
v 0.016306640 0.002666655 0.028658239
v 0.016306640 0.005061581 0.027473064
v 0.016306640 0.007030877 0.025737026
v 0.016306640 0.008588234 0.023664568
v 0.016306640 0.009752797 0.021319403
v 0.016306640 0.010276838 0.018706149
v 0.016306640 0.010100530 0.015999720
v 0.016306640 0.009211772 0.013387730
v 0.016306640 0.007648659 0.011057489
v 0.016306640 0.005498419 0.009182608
v 0.016306640 0.002892779 0.007910152
v 0.016306640 0.000000000 0.007349311
v 0.016306640 -0.002985953 0.007562419
v 0.016306640 -0.005858419 0.008559069
v 0.016306640 -0.008412335 0.010293814
v 0.016306640 -0.010325761 0.012744568
v 0.016306640 -0.011343024 0.015666795
v 0.016306640 -0.011563162 0.018706149
v 0.016306640 -0.010995290 0.021652328
v 0.016306640 -0.009702223 0.024307730
v 0.016306640 -0.007794553 0.026500701
v 0.016306640 -0.005421581 0.028096603
v 0.016306640 -0.002759829 0.029005972
v 0.016682134 0.000000000 0.029730022
v 0.016682134 0.002806601 0.029180526
v 0.016682134 0.005331937 0.027941334
v 0.016682134 0.007413218 0.026119367
v 0.016682134 0.008923416 0.023858085
v 0.016682134 0.009778911 0.021326400
v 0.016682134 0.009943874 0.018706149
v 0.016682134 0.009578243 0.016139666
v 0.016682134 0.008743502 0.013658085
v 0.016682134 0.007266319 0.011439830
v 0.016682134 0.005228063 0.009650878
v 0.016682134 0.002752832 0.008432439
v 0.016682134 0.000000000 0.007890022
v 0.016682134 -0.002846007 0.008084706
v 0.016682134 -0.005588063 0.009027339
v 0.016682134 -0.008029994 0.010676155
v 0.016682134 -0.009990579 0.012938085
v 0.016682134 -0.011316909 0.015673792
v 0.016682134 -0.011896126 0.018706149
v 0.016682134 -0.011517577 0.021792274
v 0.016682134 -0.010170493 0.024578085
v 0.016682134 -0.008176893 0.026883042
v 0.016682134 -0.005691937 0.028564872
v 0.016682134 -0.002899776 0.029528260
v 0.017057628 0.000000000 0.030270734
v 0.017057628 0.002946547 0.029702813
v 0.017057628 0.005602292 0.028409604
v 0.017057628 0.007795559 0.026501708
v 0.017057628 0.009391686 0.024128441
v 0.017057628 0.010301198 0.021466346
v 0.017057628 0.010484585 0.018706149
v 0.017057628 0.009953465 0.016039126
v 0.017057628 0.008768148 0.013643856
v 0.017057628 0.007031883 0.011674265
v 0.017057628 0.004957708 0.010119147
v 0.017057628 0.002612886 0.008954727
v 0.017057628 0.000000000 0.008430734
v 0.017057628 -0.002706061 0.008606993
v 0.017057628 -0.005317708 0.009495609
v 0.017057628 -0.007647653 0.011058495
v 0.017057628 -0.009522309 0.013208441
v 0.017057628 -0.010794622 0.015813738
v 0.017057628 -0.011355415 0.018706149
v 0.017057628 -0.011142355 0.021691734
v 0.017057628 -0.010145847 0.024563856
v 0.017057628 -0.008411329 0.027117477
v 0.017057628 -0.005962292 0.029033142
v 0.017057628 -0.003039722 0.030050547
v 0.017433123 0.000000000 0.030600852
v 0.017433123 0.003086494 0.030225101
v 0.017433123 0.005872648 0.028877874
v 0.017433123 0.008177900 0.026884048
v 0.017433123 0.009859956 0.024398797
v 0.017433123 0.010823485 0.021606293
v 0.017433123 0.011025296 0.018706149
v 0.017433123 0.010475752 0.015899179
v 0.017433123 0.009236418 0.013373501
v 0.017433123 0.007414224 0.011291925
v 0.017433123 0.005152648 0.009781500
v 0.017433123 0.002620620 0.008925863
v 0.017433123 0.000000000 0.008760852
v 0.017433123 -0.002566114 0.009129280
v 0.017433123 -0.005047352 0.009963879
v 0.017433123 -0.007265313 0.011440836
v 0.017433123 -0.009054039 0.013478797
v 0.017433123 -0.010272335 0.015953685
v 0.017433123 -0.010814704 0.018706149
v 0.017433123 -0.010620068 0.021551787
v 0.017433123 -0.009677577 0.024293501
v 0.017433123 -0.008028988 0.026735137
v 0.017433123 -0.005767352 0.028695495
v 0.017433123 -0.003031988 0.030021683
v 0.017808617 0.000000000 0.030060141
v 0.017808617 0.002985217 0.029847130
v 0.017808617 0.005856996 0.028850763
v 0.017808617 0.008410322 0.027116471
v 0.017808617 0.010328226 0.024669153
v 0.017808617 0.011345772 0.021746239
v 0.017808617 0.011566008 0.018706149
v 0.017808617 0.010998039 0.015759233
v 0.017808617 0.009704688 0.013103145
v 0.017808617 0.007796565 0.010909584
v 0.017808617 0.005423004 0.009313230
v 0.017808617 0.002760566 0.008403576
v 0.017808617 0.000000000 0.008220141
v 0.017808617 -0.002667391 0.008751310
v 0.017808617 -0.005063004 0.009936769
v 0.017808617 -0.007032890 0.011673259
v 0.017808617 -0.008585769 0.013749153
v 0.017808617 -0.009750048 0.016093631
v 0.017808617 -0.010273992 0.018706149
v 0.017808617 -0.010097781 0.021411841
v 0.017808617 -0.009209307 0.024023145
v 0.017808617 -0.007646647 0.026352796
v 0.017808617 -0.005496996 0.028227225
v 0.017808617 -0.002892042 0.029499396
v 0.018184111 0.000000000 0.029519429
v 0.018184111 0.002845270 0.029324842
v 0.018184111 0.005586640 0.028382494
v 0.018184111 0.008027982 0.026734130
v 0.018184111 0.009988114 0.024472789
v 0.018184111 0.011314160 0.021737769
v 0.018184111 0.011893281 0.018706149
v 0.018184111 0.011520326 0.015619287
v 0.018184111 0.010172957 0.012832789
v 0.018184111 0.008178906 0.010527243
v 0.018184111 0.005693360 0.008844960
v 0.018184111 0.002900512 0.007881289
v 0.018184111 0.000000000 0.007679429
v 0.018184111 -0.002807338 0.008229022
v 0.018184111 -0.005333360 0.009468499
v 0.018184111 -0.007415230 0.011290918
v 0.018184111 -0.008925881 0.013552789
v 0.018184111 -0.009781660 0.016085161
v 0.018184111 -0.009946719 0.018706149
v 0.018184111 -0.009575494 0.021271895
v 0.018184111 -0.008741037 0.023752789
v 0.018184111 -0.007264306 0.025970455
v 0.018184111 -0.005226640 0.027758955
v 0.018184111 -0.002752096 0.028977109
v 0.018559605 0.000000000 0.028978718
v 0.018559605 0.002705324 0.028802555
v 0.018559605 0.005316285 0.027914224
v 0.018559605 0.007645641 0.026351790
v 0.018559605 0.009519844 0.024202433
v 0.018559605 0.010791873 0.021597822
v 0.018559605 0.011352569 0.018706149
v 0.018559605 0.011139606 0.015721300
v 0.018559605 0.010143382 0.012849864
v 0.018559605 0.008409316 0.010296832
v 0.018559605 0.005963715 0.008376691
v 0.018559605 0.003040459 0.007359002
v 0.018559605 0.000000000 0.007138718
v 0.018559605 -0.002947284 0.007706735
v 0.018559605 -0.005603715 0.009000229
v 0.018559605 -0.007797571 0.010908578
v 0.018559605 -0.009394151 0.013282433
v 0.018559605 -0.010303947 0.015945214
v 0.018559605 -0.010487431 0.018706149
v 0.018559605 -0.009956214 0.021373908
v 0.018559605 -0.008770612 0.023769864
v 0.018559605 -0.007033896 0.025740045
v 0.018559605 -0.004956285 0.027290685
v 0.018559605 -0.002612149 0.028454822
v 0.018935099 0.000000000 0.028654291
v 0.018935099 0.002565378 0.028280268
v 0.018935099 0.005045929 0.027445954
v 0.018935099 0.007263300 0.025969449
v 0.018935099 0.009051574 0.023932078
v 0.018935099 0.010269586 0.021457876
v 0.018935099 0.010811858 0.018706149
v 0.018935099 0.010617319 0.015861247
v 0.018935099 0.009675113 0.013120220
v 0.018935099 0.008026976 0.010679173
v 0.018935099 0.005765929 0.008719267
v 0.018935099 0.003031252 0.007393363
v 0.018935099 0.000000000 0.006814291
v 0.018935099 -0.003087230 0.007184448
v 0.018935099 -0.005874071 0.008531959
v 0.018935099 -0.008179912 0.010526237
v 0.018935099 -0.009862421 0.013012078
v 0.018935099 -0.010826234 0.015805268
v 0.018935099 -0.011028142 0.018706149
v 0.018935099 -0.010478501 0.021513855
v 0.018935099 -0.009238882 0.024040220
v 0.018935099 -0.007416237 0.026122385
v 0.018935099 -0.005154071 0.027633262
v 0.018935099 -0.002621356 0.028489183
v 0.019310593 0.000000000 0.029195002
v 0.019310593 0.002668128 0.028663737
v 0.019310593 0.005064427 0.027477993
v 0.019310593 0.007034902 0.025741051
v 0.019310593 0.008583304 0.023661722
v 0.019310593 0.009747299 0.021317930
v 0.019310593 0.010271146 0.018706149
v 0.019310593 0.010095032 0.016001193
v 0.019310593 0.009206843 0.013390576
v 0.019310593 0.007644635 0.011061514
v 0.019310593 0.005495573 0.009187537
v 0.019310593 0.002891305 0.007915650
v 0.019310593 0.000000000 0.007355002
v 0.019310593 -0.002984480 0.007567917
v 0.019310593 -0.005855573 0.008563999
v 0.019310593 -0.008408310 0.010297839
v 0.019310593 -0.010330690 0.012741722
v 0.019310593 -0.011348521 0.015665322
v 0.019310593 -0.011568854 0.018706149
v 0.019310593 -0.011000788 0.021653801
v 0.019310593 -0.009707152 0.024310576
v 0.019310593 -0.007798577 0.026504726
v 0.019310593 -0.005424427 0.028101532
v 0.019310593 -0.002761303 0.029011470
v 0.019686087 0.000000000 0.029735714
v 0.019686087 0.002808074 0.029186024
v 0.019686087 0.005334783 0.027946263
v 0.019686087 0.007417243 0.026123391
v 0.019686087 0.008928345 0.023860931
v 0.019686087 0.009784409 0.021327873
v 0.019686087 0.009949565 0.018706149
v 0.019686087 0.009572745 0.016141139
v 0.019686087 0.008738573 0.013660931
v 0.019686087 0.007262294 0.011443855
v 0.019686087 0.005225217 0.009655807
v 0.019686087 0.002751359 0.008437937
v 0.019686087 0.000000000 0.007895714
v 0.019686087 -0.002844534 0.008090204
v 0.019686087 -0.005585217 0.009032268
v 0.019686087 -0.008025969 0.010680179
v 0.019686087 -0.009985649 0.012940931
v 0.019686087 -0.011311411 0.015675265
v 0.019686087 -0.011890435 0.018706149
v 0.019686087 -0.011523075 0.021793747
v 0.019686087 -0.010175422 0.024580931
v 0.019686087 -0.008180918 0.026887067
v 0.019686087 -0.005694783 0.028569802
v 0.019686087 -0.002901249 0.029533757
v 0.020061581 0.000000000 0.030276425
v 0.020061581 0.002948021 0.029708311
v 0.020061581 0.005605138 0.028414533
v 0.020061581 0.007799583 0.026505732
v 0.020061581 0.009396615 0.024131287
v 0.020061581 0.010306696 0.021467820
v 0.020061581 0.010490277 0.018706149
v 0.020061581 0.009958963 0.016037653
v 0.020061581 0.008773077 0.013641010
v 0.020061581 0.007035908 0.011670241
v 0.020061581 0.004954862 0.010124077
v 0.020061581 0.002611413 0.008960224
v 0.020061581 0.000000000 0.008436425
v 0.020061581 -0.002704587 0.008612491
v 0.020061581 -0.005314862 0.009500538
v 0.020061581 -0.007643629 0.011062520
v 0.020061581 -0.009517380 0.013211287
v 0.020061581 -0.010789124 0.015815212
v 0.020061581 -0.011349723 0.018706149
v 0.020061581 -0.011136858 0.021690261
v 0.020061581 -0.010140918 0.024561010
v 0.020061581 -0.008407304 0.027113453
v 0.020061581 -0.005965138 0.029038071
v 0.020061581 -0.003041195 0.030056044
v 0.020437075 0.000000000 0.030595161
v 0.020437075 0.003087967 0.030230598
v 0.020437075 0.005875494 0.028882803
v 0.020437075 0.008181924 0.026888073
v 0.020437075 0.009864885 0.024401643
v 0.020437075 0.010828983 0.021607766
v 0.020437075 0.011030988 0.018706149
v 0.020437075 0.010481250 0.015897706
v 0.020437075 0.009241347 0.013370655
v 0.020437075 0.007418249 0.011287900
v 0.020437075 0.005155494 0.009776571
v 0.020437075 0.002622093 0.008920366
v 0.020437075 0.000000000 0.008755161
v 0.020437075 -0.002564641 0.009134778
v 0.020437075 -0.005044506 0.009968808
v 0.020437075 -0.007261288 0.011444861
v 0.020437075 -0.009049110 0.013481643
v 0.020437075 -0.010266837 0.015955158
v 0.020437075 -0.010809012 0.018706149
v 0.020437075 -0.010614570 0.021550314
v 0.020437075 -0.009672648 0.024290655
v 0.020437075 -0.008024963 0.026731112
v 0.020437075 -0.005764506 0.028690566
v 0.020437075 -0.003030515 0.030016186
v 0.020812569 0.000000000 0.030054449
v 0.020812569 0.002983744 0.029841632
v 0.020812569 0.005854150 0.028845834
v 0.020812569 0.008406298 0.027112447
v 0.020812569 0.010333155 0.024671999
v 0.020812569 0.011351270 0.021747712
v 0.020812569 0.011571700 0.018706149
v 0.020812569 0.011003537 0.015757760
v 0.020812569 0.009709617 0.013100299
v 0.020812569 0.007800590 0.010905559
v 0.020812569 0.005425850 0.009308301
v 0.020812569 0.002762039 0.008398078
v 0.020812569 0.000000000 0.008214449
v 0.020812569 -0.002668864 0.008745812
v 0.020812569 -0.005065850 0.009931839
v 0.020812569 -0.007036914 0.011669234
v 0.020812569 -0.008580840 0.013751999
v 0.020812569 -0.009744550 0.016095104
v 0.020812569 -0.010268300 0.018706149
v 0.020812569 -0.010092283 0.021410368
v 0.020812569 -0.009204378 0.024020299
v 0.020812569 -0.007642623 0.026348771
v 0.020812569 -0.005494150 0.028222296
v 0.020812569 -0.002890569 0.029493899
v 0.021188063 0.000000000 0.029513738
v 0.021188063 0.002843797 0.029319345
v 0.021188063 0.005583794 0.028377564
v 0.021188063 0.008023957 0.026730106
v 0.021188063 0.009983185 0.024469943
v 0.021188063 0.011308663 0.021736296
v 0.021188063 0.011887589 0.018706149
v 0.021188063 0.011525824 0.015617813
v 0.021188063 0.010177887 0.012829943
v 0.021188063 0.008182930 0.010523218
v 0.021188063 0.005696206 0.008840031
v 0.021188063 0.002901986 0.007875791
v 0.021188063 0.000000000 0.007673738
v 0.021188063 -0.002808811 0.008223525
v 0.021188063 -0.005336206 0.009463570
v 0.021188063 -0.007419255 0.011286894
v 0.021188063 -0.008930810 0.013549943
v 0.021188063 -0.009787158 0.016083688
v 0.021188063 -0.009952411 0.018706149
v 0.021188063 -0.009569996 0.021270421
v 0.021188063 -0.008736108 0.023749943
v 0.021188063 -0.007260282 0.025966430
v 0.021188063 -0.005223794 0.027754026
v 0.021188063 -0.002750622 0.028971611
v 0.021563557 0.000000000 0.028973026
v 0.021563557 0.002703851 0.028797057
v 0.021563557 0.005313439 0.027909295
v 0.021563557 0.007641616 0.026347765
v 0.021563557 0.009514915 0.024199587
v 0.021563557 0.010786375 0.021596349
v 0.021563557 0.011346877 0.018706149
v 0.021563557 0.011134109 0.015722773
v 0.021563557 0.010138453 0.012852710
v 0.021563557 0.008405292 0.010300857
v 0.021563557 0.005966561 0.008371761
v 0.021563557 0.003041932 0.007353504
v 0.021563557 0.000000000 0.007133026
v 0.021563557 -0.002948757 0.007701237
v 0.021563557 -0.005606561 0.008995300
v 0.021563557 -0.007801596 0.010904553
v 0.021563557 -0.009399080 0.013279587
v 0.021563557 -0.010309445 0.015943741
v 0.021563557 -0.010493123 0.018706149
v 0.021563557 -0.009961711 0.021375381
v 0.021563557 -0.008775542 0.023772710
v 0.021563557 -0.007037920 0.025744069
v 0.021563557 -0.004953439 0.027285756
v 0.021563557 -0.002610676 0.028449324
v 0.021939051 0.000000000 0.028659983
v 0.021939051 0.002563904 0.028274770
v 0.021939051 0.005043083 0.027441025
v 0.021939051 0.007259276 0.025965424
v 0.021939051 0.009046645 0.023929232
v 0.021939051 0.010264088 0.021456403
v 0.021939051 0.010806166 0.018706149
v 0.021939051 0.010611821 0.015862720
v 0.021939051 0.009670183 0.013123066
v 0.021939051 0.008022951 0.010683198
v 0.021939051 0.005763083 0.008724196
v 0.021939051 0.003029779 0.007398861
v 0.021939051 0.000000000 0.006819983
v 0.021939051 -0.003088704 0.007178950
v 0.021939051 -0.005876917 0.008527030
v 0.021939051 -0.008183937 0.010522212
v 0.021939051 -0.009867350 0.013009232
v 0.021939051 -0.010831732 0.015803795
v 0.021939051 -0.011033834 0.018706149
v 0.021939051 -0.010483999 0.021515328
v 0.021939051 -0.009243811 0.024043066
v 0.021939051 -0.007420261 0.026126410
v 0.021939051 -0.005156917 0.027638191
v 0.021939051 -0.002622829 0.028494681
v 0.022314545 0.000000000 0.029200694
v 0.022314545 0.002669601 0.028669235
v 0.022314545 0.005067273 0.027482923
v 0.022314545 0.007038927 0.025745075
v 0.022314545 0.008578375 0.023658876
v 0.022314545 0.009741801 0.021316456
v 0.022314545 0.010265455 0.018706149
v 0.022314545 0.010089534 0.016002666
v 0.022314545 0.009201914 0.013393421
v 0.022314545 0.007640610 0.011065539
v 0.022314545 0.005492727 0.009192466
v 0.022314545 0.002889832 0.007921148
v 0.022314545 0.000000000 0.007360694
v 0.022314545 -0.002983007 0.007573415
v 0.022314545 -0.005852727 0.008568928
v 0.022314545 -0.008404286 0.010301863
v 0.022314545 -0.010335620 0.012738876
v 0.022314545 -0.011354019 0.015663848
v 0.022314545 -0.011574545 0.018706149
v 0.022314545 -0.011006286 0.021655274
v 0.022314545 -0.009712081 0.024313421
v 0.022314545 -0.007802602 0.026508751
v 0.022314545 -0.005427273 0.028106461
v 0.022314545 -0.002762776 0.029016968
v 0.022690040 0.000000000 0.029741406
v 0.022690040 0.002809547 0.029191522
v 0.022690040 0.005337628 0.027951192
v 0.022690040 0.007421267 0.026127416
v 0.022690040 0.008933275 0.023863777
v 0.022690040 0.009789906 0.021329346
v 0.022690040 0.009955257 0.018706149
v 0.022690040 0.009567247 0.016142613
v 0.022690040 0.008733644 0.013663777
v 0.022690040 0.007258269 0.011447879
v 0.022690040 0.005222372 0.009660736
v 0.022690040 0.002749886 0.008443435
v 0.022690040 0.000000000 0.007901406
v 0.022690040 -0.002843061 0.008095702
v 0.022690040 -0.005582372 0.009037198
v 0.022690040 -0.008021945 0.010684204
v 0.022690040 -0.009980720 0.012943777
v 0.022690040 -0.011305914 0.015676738
v 0.022690040 -0.011884743 0.018706149
v 0.022690040 -0.011528573 0.021795221
v 0.022690040 -0.010180351 0.024583777
v 0.022690040 -0.008184943 0.026891091
v 0.022690040 -0.005697628 0.028574731
v 0.022690040 -0.002902722 0.029539255
v 0.023065534 0.000000000 0.030282117
v 0.023065534 0.002949494 0.029713809
v 0.023065534 0.005607984 0.028419462
v 0.023065534 0.007803608 0.026509757
v 0.023065534 0.009401544 0.024134133
v 0.023065534 0.010312194 0.021469293
v 0.023065534 0.010495968 0.018706149
v 0.023065534 0.009964460 0.016036180
v 0.023065534 0.008778006 0.013638165
v 0.023065534 0.007039933 0.011666216
v 0.023065534 0.004952016 0.010129006
v 0.023065534 0.002609939 0.008965722
v 0.023065534 0.000000000 0.008442117
v 0.023065534 -0.002703114 0.008617989
v 0.023065534 -0.005312016 0.009505467
v 0.023065534 -0.007639604 0.011066545
v 0.023065534 -0.009512450 0.013214133
v 0.023065534 -0.010783626 0.015816685
v 0.023065534 -0.011344032 0.018706149
v 0.023065534 -0.011131360 0.021688788
v 0.023065534 -0.010135989 0.024558165
v 0.023065534 -0.008403279 0.027109428
v 0.023065534 -0.005967984 0.029043001
v 0.023065534 -0.003042669 0.030061542
v 0.023441028 0.000000000 0.030589469
v 0.023441028 0.003089440 0.030236096
v 0.023441028 0.005878340 0.028887732
v 0.023441028 0.008185949 0.026892098
v 0.023441028 0.009869814 0.024404489
v 0.023441028 0.010834481 0.021609239
v 0.023441028 0.011036680 0.018706149
v 0.023441028 0.010486747 0.015896233
v 0.023441028 0.009246276 0.013367809
v 0.023441028 0.007422273 0.011283875
v 0.023441028 0.005158340 0.009771642
v 0.023441028 0.002623566 0.008914868
v 0.023441028 0.000000000 0.008749469
v 0.023441028 -0.002563168 0.009140276
v 0.023441028 -0.005041660 0.009973737
v 0.023441028 -0.007257263 0.011448885
v 0.023441028 -0.009044181 0.013484489
v 0.023441028 -0.010261339 0.015956631
v 0.023441028 -0.010803320 0.018706149
v 0.023441028 -0.010609073 0.021548841
v 0.023441028 -0.009667719 0.024287809
v 0.023441028 -0.008020939 0.026727087
v 0.023441028 -0.005761660 0.028685637
v 0.023441028 -0.003029042 0.030010688
v 0.023816522 0.000000000 0.030048757
v 0.023816522 0.002982271 0.029836134
v 0.023816522 0.005851304 0.028840905
v 0.023816522 0.008402273 0.027108422
v 0.023816522 0.010338084 0.024674844
v 0.023816522 0.011356768 0.021749186
v 0.023816522 0.011577391 0.018706149
v 0.023816522 0.011009035 0.015756287
v 0.023816522 0.009714546 0.013097453
v 0.023816522 0.007804614 0.010901534
v 0.023816522 0.005428696 0.009303372
v 0.023816522 0.002763512 0.008392581
v 0.023816522 0.000000000 0.008208757
v 0.023816522 -0.002670337 0.008740314
v 0.023816522 -0.005068696 0.009926910
v 0.023816522 -0.007040939 0.011665210
v 0.023816522 -0.008575911 0.013754844
v 0.023816522 -0.009739052 0.016096578
v 0.023816522 -0.010262609 0.018706149
v 0.023816522 -0.010086785 0.021408895
v 0.023816522 -0.009199449 0.024017453
v 0.023816522 -0.007638598 0.026344747
v 0.023816522 -0.005491304 0.028217367
v 0.023816522 -0.002889096 0.029488401
v 0.024192016 0.000000000 0.029508046
v 0.024192016 0.002842324 0.029313847
v 0.024192016 0.005580949 0.028372635
v 0.024192016 0.008019932 0.026726081
v 0.024192016 0.009978256 0.024467097
v 0.024192016 0.011303165 0.021734823
v 0.024192016 0.011881897 0.018706149
v 0.024192016 0.011531322 0.015616340
v 0.024192016 0.010182816 0.012827097
v 0.024192016 0.008186955 0.010519194
v 0.024192016 0.005699051 0.008835102
v 0.024192016 0.002903459 0.007870294
v 0.024192016 0.000000000 0.007668046
v 0.024192016 -0.002810284 0.008218027
v 0.024192016 -0.005339051 0.009458640
v 0.024192016 -0.007423280 0.011282869
v 0.024192016 -0.008935739 0.013547097
v 0.024192016 -0.009792655 0.016082215
v 0.024192016 -0.009958103 0.018706149
v 0.024192016 -0.009564498 0.021268948
v 0.024192016 -0.008731179 0.023747097
v 0.024192016 -0.007256257 0.025962406
v 0.024192016 -0.005220949 0.027749097
v 0.024192016 -0.002749149 0.028966114
v 0.024567510 0.000000000 0.028967334
v 0.024567510 0.002702378 0.028791560
v 0.024567510 0.005310593 0.027904365
v 0.024567510 0.007637592 0.026343740
v 0.024567510 0.009509986 0.024196742
v 0.024567510 0.010780878 0.021594876
v 0.024567510 0.011341186 0.018706149
v 0.024567510 0.011128611 0.015724246
v 0.024567510 0.010133524 0.012855556
v 0.024567510 0.008401267 0.010304882
v 0.024567510 0.005969407 0.008366832
v 0.024567510 0.003043405 0.007348006
v 0.024567510 0.000000000 0.007127334
v 0.024567510 -0.002950230 0.007695740
v 0.024567510 -0.005609407 0.008990371
v 0.024567510 -0.007805620 0.010900528
v 0.024567510 -0.009404009 0.013276742
v 0.024567510 -0.010314942 0.015942268
v 0.024567510 -0.010498814 0.018706149
v 0.024567510 -0.009967209 0.021376854
v 0.024567510 -0.008780471 0.023775556
v 0.024567510 -0.007041945 0.025748094
v 0.024567510 -0.004950593 0.027280827
v 0.024567510 -0.002609203 0.028443826
v 0.024943004 0.000000000 0.028665674
v 0.024943004 0.002562431 0.028269273
v 0.024943004 0.005040237 0.027436096
v 0.024943004 0.007255251 0.025961400
v 0.024943004 0.009041716 0.023926386
v 0.024943004 0.010258590 0.021454930
v 0.024943004 0.010800474 0.018706149
v 0.024943004 0.010606324 0.015864193
v 0.024943004 0.009665254 0.013125912
v 0.024943004 0.008018926 0.010687222
v 0.024943004 0.005760237 0.008729125
v 0.024943004 0.003028306 0.007404358
v 0.024943004 0.000000000 0.006825674
v 0.024943004 -0.003090177 0.007173453
v 0.024943004 -0.005879763 0.008522101
v 0.024943004 -0.008187961 0.010518188
v 0.024943004 -0.009872279 0.013006386
v 0.024943004 -0.010837230 0.015802322
v 0.024943004 -0.011039526 0.018706149
v 0.024943004 -0.010489496 0.021516801
v 0.024943004 -0.009248741 0.024045912
v 0.024943004 -0.007424286 0.026130435
v 0.024943004 -0.005159763 0.027643120
v 0.024943004 -0.002624302 0.028500178
v 0.025318498 0.000000000 0.029206386
v 0.025318498 0.002671074 0.028674732
v 0.025318498 0.005070119 0.027487852
v 0.025318498 0.007042951 0.025749100
v 0.025318498 0.008573446 0.023656030
v 0.025318498 0.009736303 0.021314983
v 0.025318498 0.010259763 0.018706149
v 0.025318498 0.010084037 0.016004139
v 0.025318498 0.009196984 0.013396267
v 0.025318498 0.007636586 0.011069563
v 0.025318498 0.005489881 0.009197395
v 0.025318498 0.002888359 0.007926646
v 0.025318498 0.000000000 0.007366386
v 0.025318498 -0.002981534 0.007578912
v 0.025318498 -0.005849881 0.008573857
v 0.025318498 -0.008400261 0.010305888
v 0.025318498 -0.010340549 0.012736030
v 0.025318498 -0.011359517 0.015662375
v 0.025318498 -0.011580237 0.018706149
v 0.025318498 -0.011011783 0.021656747
v 0.025318498 -0.009717010 0.024316267
v 0.025318498 -0.007806627 0.026512775
v 0.025318498 -0.005430119 0.028111390
v 0.025318498 -0.002764249 0.029022466
v 0.025693992 0.000000000 0.029747097
v 0.025693992 0.002811020 0.029197019
v 0.025693992 0.005340474 0.027956122
v 0.025693992 0.007425292 0.026131441
v 0.025693992 0.008938204 0.023866623
v 0.025693992 0.009795404 0.021330819
v 0.025693992 0.009960949 0.018706149
v 0.025693992 0.009561749 0.016144086
v 0.025693992 0.008728715 0.013666623
v 0.025693992 0.007254245 0.011451904
v 0.025693992 0.005219526 0.009665665
v 0.025693992 0.002748413 0.008448933
v 0.025693992 0.000000000 0.007907097
v 0.025693992 -0.002841588 0.008101199
v 0.025693992 -0.005579526 0.009042127
v 0.025693992 -0.008017920 0.010688229
v 0.025693992 -0.009975791 0.012946623
v 0.025693992 -0.011300416 0.015678211
v 0.025693992 -0.011879051 0.018706149
v 0.025693992 -0.011534071 0.021796694
v 0.025693992 -0.010185280 0.024586623
v 0.025693992 -0.008188967 0.026895116
v 0.025693992 -0.005700474 0.028579660
v 0.025693992 -0.002904195 0.029544753
v 0.026069486 0.000000000 0.030287809
v 0.026069486 0.002950967 0.029719307
v 0.026069486 0.005610830 0.028424391
v 0.026069486 0.007807633 0.026513781
v 0.026069486 0.009406474 0.024136979
v 0.026069486 0.010317691 0.021470766
v 0.026069486 0.010501660 0.018706149
v 0.026069486 0.009969958 0.016034707
v 0.026069486 0.008782935 0.013635319
v 0.026069486 0.007043957 0.011662191
v 0.026069486 0.004949170 0.010133935
v 0.026069486 0.002608466 0.008971220
v 0.026069486 0.000000000 0.008447809
v 0.026069486 -0.002701641 0.008623487
v 0.026069486 -0.005309170 0.009510397
v 0.026069486 -0.007635579 0.011070569
v 0.026069486 -0.009507521 0.013216979
v 0.026069486 -0.010778129 0.015818158
v 0.026069486 -0.011338340 0.018706149
v 0.026069486 -0.011125862 0.021687314
v 0.026069486 -0.010131060 0.024555319
v 0.026069486 -0.008399255 0.027105403
v 0.026069486 -0.005970830 0.029047930
v 0.026069486 -0.003044142 0.030067040
v 0.026444980 0.000000000 0.030583777
v 0.026444980 0.003090913 0.030241594
v 0.026444980 0.005881186 0.028892661
v 0.026444980 0.008189973 0.026896122
v 0.026444980 0.009874743 0.024407334
v 0.026444980 0.010839979 0.021610712
v 0.026444980 0.011042372 0.018706149
v 0.026444980 0.010492245 0.015894760
v 0.026444980 0.009251205 0.013364963
v 0.026444980 0.007426298 0.011279851
v 0.026444980 0.005161186 0.009766713
v 0.026444980 0.002625039 0.008909370
v 0.026444980 0.000000000 0.008743777
v 0.026444980 -0.002561695 0.009145774
v 0.026444980 -0.005038814 0.009978666
v 0.026444980 -0.007253239 0.011452910
v 0.026444980 -0.009039251 0.013487334
v 0.026444980 -0.010255842 0.015958104
v 0.026444980 -0.010797628 0.018706149
v 0.026444980 -0.010603575 0.021547368
v 0.026444980 -0.009662790 0.024284963
v 0.026444980 -0.008016914 0.026723063
v 0.026444980 -0.005758814 0.028680708
v 0.026444980 -0.003027569 0.030005190
v 0.026820474 0.000000000 0.030043066
v 0.026820474 0.002980797 0.029830636
v 0.026820474 0.005848458 0.028835976
v 0.026820474 0.008398249 0.027104397
v 0.026820474 0.010343013 0.024677690
v 0.026820474 0.011362266 0.021750659
v 0.026820474 0.011583083 0.018706149
v 0.026820474 0.011014532 0.015754814
v 0.026820474 0.009719475 0.013094607
v 0.026820474 0.007808639 0.010897510
v 0.026820474 0.005431542 0.009298443
v 0.026820474 0.002764985 0.008387083
v 0.026820474 0.000000000 0.008203066
v 0.026820474 -0.002671810 0.008734816
v 0.026820474 -0.005071542 0.009921981
v 0.026820474 -0.007044964 0.011661185
v 0.026820474 -0.008570982 0.013757690
v 0.026820474 -0.009733554 0.016098051
v 0.026820474 -0.010256917 0.018706149
v 0.026820474 -0.010081288 0.021407422
v 0.026820474 -0.009194520 0.024014607
v 0.026820474 -0.007634573 0.026340722
v 0.026820474 -0.005488458 0.028212438
v 0.026820474 -0.002887623 0.029482903
v 0.027195968 0.000000000 0.029502354
v 0.027195968 0.002840851 0.029308349
v 0.027195968 0.005578103 0.028367706
v 0.027195968 0.008015908 0.026722057
v 0.027195968 0.009973327 0.024464251
v 0.027195968 0.011297667 0.021733349
v 0.027195968 0.011876206 0.018706149
v 0.027195968 0.011536820 0.015614867
v 0.027195968 0.010187745 0.012824251
v 0.027195968 0.008190980 0.010515169
v 0.027195968 0.005701897 0.008830173
v 0.027195968 0.002904932 0.007864796
v 0.027195968 0.000000000 0.007662354
v 0.027195968 -0.002811757 0.008212529
v 0.027195968 -0.005341897 0.009453711
v 0.027195968 -0.007427304 0.011278844
v 0.027195968 -0.008940668 0.013544251
v 0.027195968 -0.009798153 0.016080742
v 0.027195968 -0.009963794 0.018706149
v 0.027195968 -0.009559001 0.021267475
v 0.027195968 -0.008726250 0.023744251
v 0.027195968 -0.007252232 0.025958381
v 0.027195968 -0.005218103 0.027744168
v 0.027195968 -0.002747676 0.028960616
v 0.027571462 0.000000000 0.028961643
v 0.027571462 0.002700905 0.028786062
v 0.027571462 0.005307747 0.027899436
v 0.027571462 0.007633567 0.026339716
v 0.027571462 0.009505057 0.024193896
v 0.027571462 0.010775380 0.021593403
v 0.027571462 0.011335494 0.018706149
v 0.027571462 0.011123113 0.015725720
v 0.027571462 0.010128595 0.012858402
v 0.027571462 0.008397242 0.010308906
v 0.027571462 0.005972253 0.008361903
v 0.027571462 0.003044878 0.007342509
v 0.027571462 0.000000000 0.007121643
v 0.027571462 -0.002951703 0.007690242
v 0.027571462 -0.005612253 0.008985441
v 0.027571462 -0.007809645 0.010896504
v 0.027571462 -0.009408938 0.013273896
v 0.027571462 -0.010320440 0.015940795
v 0.027571462 -0.010504506 0.018706149
v 0.027571462 -0.009972707 0.021378327
v 0.027571462 -0.008785400 0.023778402
v 0.027571462 -0.007045970 0.025752118
v 0.027571462 -0.004947747 0.027275898
v 0.027571462 -0.002607730 0.028438329
v 0.027946957 0.000000000 0.028671366
v 0.027946957 0.002560958 0.028263775
v 0.027946957 0.005037391 0.027431166
v 0.027946957 0.007251226 0.025957375
v 0.027946957 0.009036787 0.023923540
v 0.027946957 0.010253093 0.021453457
v 0.027946957 0.010794783 0.018706149
v 0.027946957 0.010600826 0.015865666
v 0.027946957 0.009660325 0.013128757
v 0.027946957 0.008014902 0.010691247
v 0.027946957 0.005757391 0.008734054
v 0.027946957 0.003026832 0.007409856
v 0.027946957 0.000000000 0.006831366
v 0.027946957 -0.003091650 0.007167955
v 0.027946957 -0.005882609 0.008517172
v 0.027946957 -0.008191986 0.010514163
v 0.027946957 -0.009877208 0.013003540
v 0.027946957 -0.010842727 0.015800849
v 0.027946957 -0.011045217 0.018706149
v 0.027946957 -0.010494994 0.021518274
v 0.027946957 -0.009253670 0.024048757
v 0.027946957 -0.007428310 0.026134459
v 0.027946957 -0.005162609 0.027648049
v 0.027946957 -0.002625775 0.028505676
v 0.028322451 0.000000000 0.029212078
v 0.028322451 0.002672547 0.028680230
v 0.028322451 0.005072964 0.027492781
v 0.028322451 0.007046976 0.025753125
v 0.028322451 0.008568517 0.023653184
v 0.028322451 0.009730805 0.021313510
v 0.028322451 0.010254071 0.018706149
v 0.028322451 0.010078539 0.016005612
v 0.028322451 0.009192055 0.013399113
v 0.028322451 0.007632561 0.011073588
v 0.028322451 0.005487036 0.009202324
v 0.028322451 0.002886886 0.007932143
v 0.028322451 0.000000000 0.007372078
v 0.028322451 -0.002980061 0.007584410
v 0.028322451 -0.005847036 0.008578786
v 0.028322451 -0.008396236 0.010309912
v 0.028322451 -0.010345478 0.012733184
v 0.028322451 -0.011365015 0.015660902
v 0.028322451 -0.011585929 0.018706149
v 0.028322451 -0.011017281 0.021658220
v 0.028322451 -0.009721940 0.024319113
v 0.028322451 -0.007810651 0.026516800
v 0.028322451 -0.005432964 0.028116319
v 0.028322451 -0.002765722 0.029027963
v 0.028697945 0.000000000 0.029752789
v 0.028697945 0.002812493 0.029202517
v 0.028697945 0.005343320 0.027961051
v 0.028697945 0.007429317 0.026135465
v 0.028697945 0.008943133 0.023869469
v 0.028697945 0.009800902 0.021332292
v 0.028697945 0.009966640 0.018706149
v 0.028697945 0.009556252 0.016145559
v 0.028697945 0.008723785 0.013669469
v 0.028697945 0.007250220 0.011455929
v 0.028697945 0.005216680 0.009670594
v 0.028697945 0.002746940 0.008454430
v 0.028697945 0.000000000 0.007912789
v 0.028697945 -0.002840114 0.008106697
v 0.028697945 -0.005576680 0.009047056
v 0.028697945 -0.008013895 0.010692253
v 0.028697945 -0.009970862 0.012949469
v 0.028697945 -0.011294918 0.015679685
v 0.028697945 -0.011873360 0.018706149
v 0.028697945 -0.011539568 0.021798167
v 0.028697945 -0.010190209 0.024589469
v 0.028697945 -0.008192992 0.026899141
v 0.028697945 -0.005703320 0.028584589
v 0.028697945 -0.002905668 0.029550251
v 0.029073439 0.000000000 0.030293501
v 0.029073439 0.002952440 0.029724804
v 0.029073439 0.005613676 0.028429321
v 0.029073439 0.007811657 0.026517806
v 0.029073439 0.009411403 0.024139825
v 0.029073439 0.010323189 0.021472239
v 0.029073439 0.010507352 0.018706149
v 0.029073439 0.009975456 0.016033233
v 0.029073439 0.008787864 0.013632473
v 0.029073439 0.007047982 0.011658167
v 0.029073439 0.004946324 0.010138864
v 0.029073439 0.002606993 0.008976718
v 0.029073439 0.000000000 0.008453501
v 0.029073439 -0.002700168 0.008628984
v 0.029073439 -0.005306324 0.009515326
v 0.029073439 -0.007631555 0.011074594
v 0.029073439 -0.009502592 0.013219825
v 0.029073439 -0.010772631 0.015819631
v 0.029073439 -0.011332648 0.018706149
v 0.029073439 -0.011120364 0.021685841
v 0.029073439 -0.010126130 0.024552473
v 0.029073439 -0.008395230 0.027101379
v 0.029073439 -0.005973676 0.029052859
v 0.029073439 -0.003045615 0.030072538
v 0.029448933 0.000000000 0.030578085
v 0.029448933 0.003092386 0.030247092
v 0.029448933 0.005884032 0.028897590
v 0.029448933 0.008193998 0.026900147
v 0.029448933 0.009879673 0.024410180
v 0.029448933 0.010845476 0.021612185
v 0.029448933 0.011048063 0.018706149
v 0.029448933 0.010497743 0.015893287
v 0.029448933 0.009256134 0.013362117
v 0.029448933 0.007430323 0.011275826
v 0.029448933 0.005164032 0.009761784
v 0.029448933 0.002626512 0.008903872
v 0.029448933 0.000000000 0.008738085
v 0.029448933 -0.002560222 0.009151272
v 0.029448933 -0.005035968 0.009983596
v 0.029448933 -0.007249214 0.011456935
v 0.029448933 -0.009034322 0.013490180
v 0.029448933 -0.010250344 0.015959577
v 0.029448933 -0.010791937 0.018706149
v 0.029448933 -0.010598077 0.021545895
v 0.029448933 -0.009657861 0.024282117
v 0.029448933 -0.008012889 0.026719038
v 0.029448933 -0.005755968 0.028675778
v 0.029448933 -0.003026096 0.029999692
v 0.029824427 0.000000000 0.030037374
v 0.029824427 0.002979324 0.029825139
v 0.029824427 0.005845613 0.028831047
v 0.029824427 0.008394224 0.027100373
v 0.029824427 0.010347942 0.024680536
v 0.029824427 0.011367763 0.021752132
v 0.029824427 0.011588775 0.018706149
v 0.029824427 0.011020030 0.015753341
v 0.029824427 0.009724404 0.013091761
v 0.029824427 0.007812664 0.010893485
v 0.029824427 0.005434387 0.009293514
v 0.029824427 0.002766458 0.008381585
v 0.029824427 0.000000000 0.008197374
v 0.029824427 -0.002673284 0.008729318
v 0.029824427 -0.005074387 0.009917052
v 0.029824427 -0.007048988 0.011657161
v 0.029824427 -0.008566052 0.013760536
v 0.029824427 -0.009728057 0.016099524
v 0.029824427 -0.010251225 0.018706149
v 0.029824427 -0.010075790 0.021405948
v 0.029824427 -0.009189591 0.024011761
v 0.029824427 -0.007630549 0.026336697
v 0.029824427 -0.005485613 0.028207509
v 0.029824427 -0.002886149 0.029477405
v 0.030199921 0.000000000 0.029496663
v 0.030199921 0.002839378 0.029302851
v 0.030199921 0.005575257 0.028362777
v 0.030199921 0.008011883 0.026718032
v 0.030199921 0.009968397 0.024461406
v 0.030199921 0.011292169 0.021731876
v 0.030199921 0.011870514 0.018706149
v 0.030199921 0.011542317 0.015613394
v 0.030199921 0.010192674 0.012821406
v 0.030199921 0.008195004 0.010511144
v 0.030199921 0.005704743 0.008825244
v 0.030199921 0.002906405 0.007859298
v 0.030199921 0.000000000 0.007656663
v 0.030199921 -0.002813230 0.008207031
v 0.030199921 -0.005344743 0.009448782
v 0.030199921 -0.007431329 0.011274820
v 0.030199921 -0.008945597 0.013541406
v 0.030199921 -0.009803651 0.016079268
v 0.030199921 -0.009969486 0.018706149
v 0.030199921 -0.009553503 0.021266002
v 0.030199921 -0.008721321 0.023741406
v 0.030199921 -0.007248208 0.025954357
v 0.030199921 -0.005215257 0.027739239
v 0.030199921 -0.002746203 0.028955118
v 0.030575415 0.000000000 0.028955951
v 0.030575415 0.002699431 0.028780564
v 0.030575415 0.005304901 0.027894507
v 0.030575415 0.007629542 0.026335691
v 0.030575415 0.009500128 0.024191050
v 0.030575415 0.010769882 0.021591930
v 0.030575415 0.011329802 0.018706149
v 0.030575415 0.011117615 0.015727193
v 0.030575415 0.010123666 0.012861248
v 0.030575415 0.008393218 0.010312931
v 0.030575415 0.005975099 0.008356974
v 0.030575415 0.003046351 0.007337011
v 0.030575415 0.000000000 0.007115951
v 0.030575415 -0.002953176 0.007684744
v 0.030575415 -0.005615099 0.008980512
v 0.030575415 -0.007813670 0.010892479
v 0.030575415 -0.009413867 0.013271050
v 0.030575415 -0.010325938 0.015939322
v 0.030575415 -0.010510198 0.018706149
v 0.030575415 -0.009978205 0.021379801
v 0.030575415 -0.008790329 0.023781248
v 0.030575415 -0.007049994 0.025756143
v 0.030575415 -0.004944901 0.027270969
v 0.030575415 -0.002606257 0.028432831
v 0.030950909 0.000000000 0.028677058
v 0.030950909 0.002559485 0.028258277
v 0.030950909 0.005034545 0.027426237
v 0.030950909 0.007247202 0.025953350
v 0.030950909 0.009031858 0.023920694
v 0.030950909 0.010247595 0.021451984
v 0.030950909 0.010789091 0.018706149
v 0.030950909 0.010595328 0.015867139
v 0.030950909 0.009655396 0.013131603
v 0.030950909 0.008010877 0.010695272
v 0.030950909 0.005754545 0.008738984
v 0.030950909 0.003025359 0.007415354
v 0.030950909 0.000000000 0.006837058
v 0.030950909 -0.003093123 0.007162457
v 0.030950909 -0.005885455 0.008512242
v 0.030950909 -0.008196010 0.010510138
v 0.030950909 -0.009882137 0.013000694
v 0.030950909 -0.010848225 0.015799376
v 0.030950909 -0.011050909 0.018706149
v 0.030950909 -0.010500492 0.021519747
v 0.030950909 -0.009258599 0.024051603
v 0.030950909 -0.007432335 0.026138484
v 0.030950909 -0.005165455 0.027652978
v 0.030950909 -0.002627249 0.028511174
v 0.031326403 0.000000000 0.029217769
v 0.031326403 0.002674020 0.028685728
v 0.031326403 0.005075810 0.027497710
v 0.031326403 0.007051001 0.025757149
v 0.031326403 0.008563588 0.023650338
v 0.031326403 0.009725308 0.021312037
v 0.031326403 0.010248379 0.018706149
v 0.031326403 0.010073041 0.016007086
v 0.031326403 0.009187126 0.013401959
v 0.031326403 0.007628536 0.011077612
v 0.031326403 0.005484190 0.009207253
v 0.031326403 0.002885413 0.007937641
v 0.031326403 0.000000000 0.007377769
v 0.031326403 -0.002978588 0.007589908
v 0.031326403 -0.005844190 0.008583715
v 0.031326403 -0.008392212 0.010313937
v 0.031326403 -0.010350407 0.012730338
v 0.031326403 -0.011370512 0.015659429
v 0.031326403 -0.011591621 0.018706149
v 0.031326403 -0.011022779 0.021659693
v 0.031326403 -0.009726869 0.024321959
v 0.031326403 -0.007814676 0.026520825
v 0.031326403 -0.005435810 0.028121248
v 0.031326403 -0.002767195 0.029033461
v 0.031701897 0.000000000 0.029758481
v 0.031701897 0.002813967 0.029208015
v 0.031701897 0.005346166 0.027965980
v 0.031701897 0.007433341 0.026139490
v 0.031701897 0.008948062 0.023872315
v 0.031701897 0.009806400 0.021333766
v 0.031701897 0.009972332 0.018706149
v 0.031701897 0.009550754 0.016147032
v 0.031701897 0.008718856 0.013672315
v 0.031701897 0.007246196 0.011459953
v 0.031701897 0.005213834 0.009675523
v 0.031701897 0.002745466 0.008459928
v 0.031701897 0.000000000 0.007918481
v 0.031701897 -0.002838641 0.008112195
v 0.031701897 -0.005573834 0.009051985
v 0.031701897 -0.008009871 0.010696278
v 0.031701897 -0.009965933 0.012952315
v 0.031701897 -0.011289420 0.015681158
v 0.031701897 -0.011867668 0.018706149
v 0.031701897 -0.011545066 0.021799640
v 0.031701897 -0.010195139 0.024592315
v 0.031701897 -0.008197017 0.026903165
v 0.031701897 -0.005706166 0.028589518
v 0.031701897 -0.002907141 0.029555748
v 0.032077391 0.000000000 0.030299192
v 0.032077391 0.002953913 0.029730302
v 0.032077391 0.005616522 0.028434250
v 0.032077391 0.007815682 0.026521831
v 0.032077391 0.009416332 0.024142670
v 0.032077391 0.010328687 0.021473712
v 0.032077391 0.010513043 0.018706149
v 0.032077391 0.009980954 0.016031760
v 0.032077391 0.008792794 0.013629627
v 0.032077391 0.007052007 0.011654142
v 0.032077391 0.004943478 0.010143793
v 0.032077391 0.002605520 0.008982215
v 0.032077391 0.000000000 0.008459192
v 0.032077391 -0.002698695 0.008634482
v 0.032077391 -0.005303478 0.009520255
v 0.032077391 -0.007627530 0.011078619
v 0.032077391 -0.009497663 0.013222670
v 0.032077391 -0.010767133 0.015821104
v 0.032077391 -0.011326957 0.018706149
v 0.032077391 -0.011114866 0.021684368
v 0.032077391 -0.010121201 0.024549627
v 0.032077391 -0.008391205 0.027097354
v 0.032077391 -0.005976522 0.029057788
v 0.032077391 -0.003047088 0.030078035
v 0.032452885 0.000000000 0.030572394
v 0.032452885 0.003093859 0.030252589
v 0.032452885 0.005886877 0.028902520
v 0.032452885 0.008198023 0.026904171
v 0.032452885 0.009884602 0.024413026
v 0.032452885 0.010850974 0.021613658
v 0.032452885 0.011053755 0.018706149
v 0.032452885 0.010503241 0.015891814
v 0.032452885 0.009261063 0.013359271
v 0.032452885 0.007434347 0.011271801
v 0.032452885 0.005166877 0.009756854
v 0.032452885 0.002627985 0.008898375
v 0.032452885 0.000000000 0.008732394
v 0.032452885 -0.002558749 0.009156769
v 0.032452885 -0.005033123 0.009988525
v 0.032452885 -0.007245189 0.011460959
v 0.032452885 -0.009029393 0.013493026
v 0.032452885 -0.010244846 0.015961051
v 0.032452885 -0.010786245 0.018706149
v 0.032452885 -0.010592579 0.021544422
v 0.032452885 -0.009652931 0.024279271
v 0.032452885 -0.008008865 0.026715013
v 0.032452885 -0.005753123 0.028670849
v 0.032452885 -0.003024623 0.029994195
v 0.032828379 0.000000000 0.030031682
v 0.032828379 0.002977851 0.029819641
v 0.032828379 0.005842767 0.028826118
v 0.032828379 0.008390199 0.027096348
v 0.032828379 0.010352872 0.024683382
v 0.032828379 0.011373261 0.021753605
v 0.032828379 0.011594466 0.018706149
v 0.032828379 0.011025528 0.015751867
v 0.032828379 0.009729333 0.013088916
v 0.032828379 0.007816688 0.010889461
v 0.032828379 0.005437233 0.009288585
v 0.032828379 0.002767932 0.008376087
v 0.032828379 0.000000000 0.008191682
v 0.032828379 -0.002674757 0.008723821
v 0.032828379 -0.005077233 0.009912123
v 0.032828379 -0.007053013 0.011653136
v 0.032828379 -0.008561123 0.013763382
v 0.032828379 -0.009722559 0.016100997
v 0.032828379 -0.010245534 0.018706149
v 0.032828379 -0.010070292 0.021404475
v 0.032828379 -0.009184662 0.024008916
v 0.032828379 -0.007626524 0.026332673
v 0.032828379 -0.005482767 0.028202579
v 0.032828379 -0.002884676 0.029471907
v 0.033203874 0.000000000 0.029490971
v 0.033203874 0.002837905 0.029297354
v 0.033203874 0.005572411 0.028357848
v 0.033203874 0.008007859 0.026714007
v 0.033203874 0.009963468 0.024458560
v 0.033203874 0.011286671 0.021730403
v 0.033203874 0.011864822 0.018706149
v 0.033203874 0.011547815 0.015611921
v 0.033203874 0.010197603 0.012818560
v 0.033203874 0.008199029 0.010507120
v 0.033203874 0.005707589 0.008820315
v 0.033203874 0.002907878 0.007853800
v 0.033203874 0.000000000 0.007650971
v 0.033203874 -0.002814703 0.008201534
v 0.033203874 -0.005347589 0.009443853
v 0.033203874 -0.007435354 0.011270795
v 0.033203874 -0.008950527 0.013538560
v 0.033203874 -0.009809149 0.016077795
v 0.033203874 -0.009975178 0.018706149
v 0.033203874 -0.009548005 0.021264529
v 0.033203874 -0.008716392 0.023738560
v 0.033203874 -0.007244183 0.025950332
v 0.033203874 -0.005212411 0.027734310
v 0.033203874 -0.002744730 0.028949620
v 0.033579368 0.000000000 0.028950259
v 0.033579368 0.002697958 0.028775066
v 0.033579368 0.005302055 0.027889578
v 0.033579368 0.007625518 0.026331667
v 0.033579368 0.009495198 0.024188204
v 0.033579368 0.010764384 0.021590457
v 0.033579368 0.011324111 0.018706149
v 0.033579368 0.011112118 0.015728666
v 0.033579368 0.010118737 0.012864093
v 0.033579368 0.008389193 0.010316956
v 0.033579368 0.005977945 0.008352045
v 0.033579368 0.003047824 0.007331513
v 0.033579368 0.000000000 0.007110259
v 0.033579368 -0.002954650 0.007679246
v 0.033579368 -0.005617945 0.008975583
v 0.033579368 -0.007817694 0.010888454
v 0.033579368 -0.009418796 0.013268204
v 0.033579368 -0.010331436 0.015937849
v 0.033579368 -0.010515889 0.018706149
v 0.033579368 -0.009983702 0.021381274
v 0.033579368 -0.008795258 0.023784093
v 0.033579368 -0.007054019 0.025760168
v 0.033579368 -0.004942055 0.027266040
v 0.033579368 -0.002604784 0.028427333
v 0.033954862 0.000000000 0.028682750
v 0.033954862 0.002558012 0.028252779
v 0.033954862 0.005031700 0.027421308
v 0.033954862 0.007243177 0.025949326
v 0.033954862 0.009026929 0.023917848
v 0.033954862 0.010242097 0.021450510
v 0.033954862 0.010783399 0.018706149
v 0.033954862 0.010589830 0.015868612
v 0.033954862 0.009650467 0.013134449
v 0.033954862 0.008006852 0.010699296
v 0.033954862 0.005751700 0.008743913
v 0.033954862 0.003023886 0.007420852
v 0.033954862 0.000000000 0.006842750
v 0.033954862 -0.003094596 0.007156959
v 0.033954862 -0.005888300 0.008507313
v 0.033954862 -0.008200035 0.010506114
v 0.033954862 -0.009887066 0.012997848
v 0.033954862 -0.010853723 0.015797902
v 0.033954862 -0.011056601 0.018706149
v 0.033954862 -0.010505990 0.021521220
v 0.033954862 -0.009263528 0.024054449
v 0.033954862 -0.007436360 0.026142508
v 0.033954862 -0.005168300 0.027657908
v 0.033954862 -0.002628722 0.028516672
v 0.034330356 0.000000000 0.029223461
v 0.034330356 0.002675493 0.028691226
v 0.034330356 0.005078656 0.027502639
v 0.034330356 0.007055025 0.025761174
v 0.034330356 0.008558659 0.023647493
v 0.034330356 0.009719810 0.021310564
v 0.034330356 0.010242688 0.018706149
v 0.034330356 0.010067543 0.016008559
v 0.034330356 0.009182197 0.013404805
v 0.034330356 0.007624512 0.011081637
v 0.034330356 0.005481344 0.009212183
v 0.034330356 0.002883940 0.007943139
v 0.034330356 0.000000000 0.007383461
v 0.034330356 -0.002977115 0.007595406
v 0.034330356 -0.005841344 0.008588644
v 0.034330356 -0.008388187 0.010317962
v 0.034330356 -0.010355336 0.012727493
v 0.034330356 -0.011376010 0.015657956
v 0.034330356 -0.011597312 0.018706149
v 0.034330356 -0.011028277 0.021661167
v 0.034330356 -0.009731798 0.024324805
v 0.034330356 -0.007818700 0.026524849
v 0.034330356 -0.005438656 0.028126177
v 0.034330356 -0.002768668 0.029038959
v 0.034705850 0.000000000 0.029764172
v 0.034705850 0.002815440 0.029213513
v 0.034705850 0.005349012 0.027970909
v 0.034705850 0.007437366 0.026143515
v 0.034705850 0.008952991 0.023875161
v 0.034705850 0.009811897 0.021335239
v 0.034705850 0.009978024 0.018706149
v 0.034705850 0.009545256 0.016148505
v 0.034705850 0.008713927 0.013675161
v 0.034705850 0.007242171 0.011463978
v 0.034705850 0.005210988 0.009680453
v 0.034705850 0.002743993 0.008465426
v 0.034705850 0.000000000 0.007924172
v 0.034705850 -0.002837168 0.008117693
v 0.034705850 -0.005570988 0.009056914
v 0.034705850 -0.008005846 0.010700303
v 0.034705850 -0.009961004 0.012955161
v 0.034705850 -0.011283923 0.015682631
v 0.034705850 -0.011861976 0.018706149
v 0.034705850 -0.011550564 0.021801113
v 0.034705850 -0.010200068 0.024595161
v 0.034705850 -0.008201041 0.026907190
v 0.034705850 -0.005709012 0.028594447
v 0.034705850 -0.002908615 0.029561246
v 0.035081344 0.000000000 0.030304884
v 0.035081344 0.002955386 0.029735800
v 0.035081344 0.005619368 0.028439179
v 0.035081344 0.007819707 0.026525855
v 0.035081344 0.009421261 0.024145516
v 0.035081344 0.010334185 0.021475185
v 0.035081344 0.010518735 0.018706149
v 0.035081344 0.009986451 0.016030287
v 0.035081344 0.008797723 0.013626781
v 0.035081344 0.007056031 0.011650117
v 0.035081344 0.004940632 0.010148722
v 0.035081344 0.002604047 0.008987713
v 0.035081344 0.000000000 0.008464884
v 0.035081344 -0.002697222 0.008639980
v 0.035081344 -0.005300632 0.009525184
v 0.035081344 -0.007623505 0.011082643
v 0.035081344 -0.009492734 0.013225516
v 0.035081344 -0.010761635 0.015822577
v 0.035081344 -0.011321265 0.018706149
v 0.035081344 -0.011109369 0.021682895
v 0.035081344 -0.010116272 0.024546781
v 0.035081344 -0.008387181 0.027093330
v 0.035081344 -0.005979368 0.029062717
v 0.035081344 -0.003048561 0.030083533
v 0.035456838 0.000000000 0.030566702
v 0.035456838 0.003095333 0.030258087
v 0.035456838 0.005889723 0.028907449
v 0.035456838 0.008202047 0.026908196
v 0.035456838 0.009889531 0.024415872
v 0.035456838 0.010856472 0.021615132
v 0.035456838 0.011059447 0.018706149
v 0.035456838 0.010508738 0.015890341
v 0.035456838 0.009265993 0.013356425
v 0.035456838 0.007438372 0.011267777
v 0.035456838 0.005169723 0.009751925
v 0.035456838 0.002629458 0.008892877
v 0.035456838 0.000000000 0.008726702
v 0.035456838 -0.002557275 0.009162267
v 0.035456838 -0.005030277 0.009993454
v 0.035456838 -0.007241165 0.011464984
v 0.035456838 -0.009024464 0.013495872
v 0.035456838 -0.010239348 0.015962524
v 0.035456838 -0.010780553 0.018706149
v 0.035456838 -0.010587082 0.021542949
v 0.035456838 -0.009648002 0.024276425
v 0.035456838 -0.008004840 0.026710989
v 0.035456838 -0.005750277 0.028665920
v 0.035456838 -0.003023150 0.029988697
v 0.035832332 0.000000000 0.030025991
v 0.035832332 0.002976378 0.029814143
v 0.035832332 0.005839921 0.028821189
v 0.035832332 0.008386175 0.027092323
v 0.035832332 0.010357801 0.024686228
v 0.035832332 0.011378759 0.021755078
v 0.035832332 0.011600158 0.018706149
v 0.035832332 0.011031026 0.015750394
v 0.035832332 0.009734262 0.013086070
v 0.035832332 0.007820713 0.010885436
v 0.035832332 0.005440079 0.009283655
v 0.035832332 0.002769405 0.008370590
v 0.035832332 0.000000000 0.008185991
v 0.035832332 -0.002676230 0.008718323
v 0.035832332 -0.005080079 0.009907194
v 0.035832332 -0.007057037 0.011649111
v 0.035832332 -0.008556194 0.013766228
v 0.035832332 -0.009717061 0.016102470
v 0.035832332 -0.010239842 0.018706149
v 0.035832332 -0.010064794 0.021403002
v 0.035832332 -0.009179732 0.024006070
v 0.035832332 -0.007622499 0.026328648
v 0.035832332 -0.005479921 0.028197650
v 0.035832332 -0.002883203 0.029466410
v 0.036207826 0.000000000 0.029485279
v 0.036207826 0.002836432 0.029291856
v 0.036207826 0.005569565 0.028352919
v 0.036207826 0.008003834 0.026709983
v 0.036207826 0.009958539 0.024455714
v 0.036207826 0.011281174 0.021728930
v 0.036207826 0.011859130 0.018706149
v 0.036207826 0.011553313 0.015610448
v 0.036207826 0.010202532 0.012815714
v 0.036207826 0.008203054 0.010503095
v 0.036207826 0.005710435 0.008815386
v 0.036207826 0.002909351 0.007848302
v 0.036207826 0.000000000 0.007645279
v 0.036207826 -0.002816176 0.008196036
v 0.036207826 -0.005350435 0.009438924
v 0.036207826 -0.007439378 0.011266771
v 0.036207826 -0.008955456 0.013535714
v 0.036207826 -0.009814646 0.016076322
v 0.036207826 -0.009980870 0.018706149
v 0.036207826 -0.009542507 0.021263056
v 0.036207826 -0.008711462 0.023735714
v 0.036207826 -0.007240159 0.025946307
v 0.036207826 -0.005209565 0.027729380
v 0.036207826 -0.002743257 0.028944123
v 0.036583320 0.000000000 0.028944568
v 0.036583320 0.002696485 0.028769569
v 0.036583320 0.005299209 0.027884649
v 0.036583320 0.007621493 0.026327642
v 0.036583320 0.009490269 0.024185358
v 0.036583320 0.010758887 0.021588984
v 0.036583320 0.011318419 0.018706149
v 0.036583320 0.011106620 0.015730139
v 0.036583320 0.010113808 0.012866939
v 0.036583320 0.008385168 0.010320980
v 0.036583320 0.005980791 0.008347116
v 0.036583320 0.003049298 0.007326015
v 0.036583320 0.000000000 0.007104568
v 0.036583320 -0.002956123 0.007673749
v 0.036583320 -0.005620791 0.008970654
v 0.036583320 -0.007821719 0.010884430
v 0.036583320 -0.009423726 0.013265358
v 0.036583320 -0.010336933 0.015936376
v 0.036583320 -0.010521581 0.018706149
v 0.036583320 -0.009989200 0.021382747
v 0.036583320 -0.008800187 0.023786939
v 0.036583320 -0.007058044 0.025764192
v 0.036583320 -0.004939209 0.027261111
v 0.036583320 -0.002603310 0.028421835
v 0.036958814 0.000000000 0.028688441
v 0.036958814 0.002556539 0.028247282
v 0.036958814 0.005028854 0.027416379
v 0.036958814 0.007239152 0.025945301
v 0.036958814 0.009021999 0.023915002
v 0.036958814 0.010236599 0.021449037
v 0.036958814 0.010777708 0.018706149
v 0.036958814 0.010584333 0.015870085
v 0.036958814 0.009645538 0.013137295
v 0.036958814 0.008002828 0.010703321
v 0.036958814 0.005748854 0.008748842
v 0.036958814 0.003022413 0.007426349
v 0.036958814 0.000000000 0.006848441
v 0.036958814 -0.003096069 0.007151461
v 0.036958814 -0.005891146 0.008502384
v 0.036958814 -0.008204060 0.010502089
v 0.036958814 -0.009891995 0.012995002
v 0.036958814 -0.010859221 0.015796429
v 0.036958814 -0.011062292 0.018706149
v 0.036958814 -0.010511487 0.021522693
v 0.036958814 -0.009268457 0.024057295
v 0.036958814 -0.007440384 0.026146533
v 0.036958814 -0.005171146 0.027662837
v 0.036958814 -0.002630195 0.028522169
v 0.037334308 0.000000000 0.029229153
v 0.037334308 0.002676966 0.028696723
v 0.037334308 0.005081502 0.027507568
v 0.037334308 0.007059050 0.025765199
v 0.037334308 0.008553729 0.023644647
v 0.037334308 0.009714312 0.021309091
v 0.037334308 0.010236996 0.018706149
v 0.037334308 0.010062046 0.016010032
v 0.037334308 0.009177268 0.013407651
v 0.037334308 0.007620487 0.011085662
v 0.037334308 0.005478498 0.009217112
v 0.037334308 0.002882467 0.007948637
v 0.037334308 0.000000000 0.007389153
v 0.037334308 -0.002975642 0.007600903
v 0.037334308 -0.005838498 0.008593574
v 0.037334308 -0.008384162 0.010321986
v 0.037334308 -0.010360265 0.012724647
v 0.037334308 -0.011381508 0.015656483
v 0.037334308 -0.011603004 0.018706149
v 0.037334308 -0.011033775 0.021662640
v 0.037334308 -0.009736727 0.024327651
v 0.037334308 -0.007822725 0.026528874
v 0.037334308 -0.005441502 0.028131107
v 0.037334308 -0.002770141 0.029044457
v 0.037709802 0.000000000 0.029769864
v 0.037709802 0.002816913 0.029219011
v 0.037709802 0.005351858 0.027975838
v 0.037709802 0.007441391 0.026147539
v 0.037709802 0.008957920 0.023878006
v 0.037709802 0.009817395 0.021336712
v 0.037709802 0.009983715 0.018706149
v 0.037709802 0.009539758 0.016149978
v 0.037709802 0.008708998 0.013678006
v 0.037709802 0.007238146 0.011468002
v 0.037709802 0.005208142 0.009685382
v 0.037709802 0.002742520 0.008470924
v 0.037709802 0.000000000 0.007929864
v 0.037709802 -0.002835695 0.008123190
v 0.037709802 -0.005568142 0.009061843
v 0.037709802 -0.008001822 0.010704327
v 0.037709802 -0.009956074 0.012958006
v 0.037709802 -0.011278425 0.015684104
v 0.037709802 -0.011856285 0.018706149
v 0.037709802 -0.011556062 0.021802586
v 0.037709802 -0.010204997 0.024598006
v 0.037709802 -0.008205066 0.026911215
v 0.037709802 -0.005711858 0.028599376
v 0.037709802 -0.002910088 0.029566744
v 0.038085296 0.000000000 0.030310576
v 0.038085296 0.002956859 0.029741298
v 0.038085296 0.005622213 0.028444108
v 0.038085296 0.007823731 0.026529880
v 0.038085296 0.009426190 0.024148362
v 0.038085296 0.010339682 0.021476658
v 0.038085296 0.010524427 0.018706149
v 0.038085296 0.009991949 0.016028814
v 0.038085296 0.008802652 0.013623935
v 0.038085296 0.007060056 0.011646093
v 0.038085296 0.004937787 0.010153652
v 0.038085296 0.002602574 0.008993211
v 0.038085296 0.000000000 0.008470576
v 0.038085296 -0.002695749 0.008645478
v 0.038085296 -0.005297787 0.009530113
v 0.038085296 -0.007619481 0.011086668
v 0.038085296 -0.009487805 0.013228362
v 0.038085296 -0.010756138 0.015824050
v 0.038085296 -0.011315573 0.018706149
v 0.038085296 -0.011103871 0.021681422
v 0.038085296 -0.010111343 0.024543935
v 0.038085296 -0.008383156 0.027089305
v 0.038085296 -0.005982213 0.029067646
v 0.038085296 -0.003050034 0.030089031
v 0.038460791 0.000000000 0.030561010
v 0.038460791 0.003096806 0.030263585
v 0.038460791 0.005892569 0.028912378
v 0.038460791 0.008206072 0.026912221
v 0.038460791 0.009894460 0.024418718
v 0.038460791 0.010861970 0.021616605
v 0.038460791 0.011065138 0.018706149
v 0.038460791 0.010514236 0.015888868
v 0.038460791 0.009270922 0.013353580
v 0.038460791 0.007442397 0.011263752
v 0.038460791 0.005172569 0.009746996
v 0.038460791 0.002630931 0.008887379
v 0.038460791 0.000000000 0.008721010
v 0.038460791 -0.002555802 0.009167765
v 0.038460791 -0.005027431 0.009998383
v 0.038460791 -0.007237140 0.011469009
v 0.038460791 -0.009019535 0.013498718
v 0.038460791 -0.010233851 0.015963997
v 0.038460791 -0.010774862 0.018706149
v 0.038460791 -0.010581584 0.021541476
v 0.038460791 -0.009643073 0.024273580
v 0.038460791 -0.008000815 0.026706964
v 0.038460791 -0.005747431 0.028660991
v 0.038460791 -0.003021677 0.029983199
v 0.038836285 0.000000000 0.030020299
v 0.038836285 0.002974905 0.029808645
v 0.038836285 0.005837075 0.028816259
v 0.038836285 0.008382150 0.027088299
v 0.038836285 0.010362730 0.024689074
v 0.038836285 0.011384257 0.021756551
v 0.038836285 0.011605850 0.018706149
v 0.038836285 0.011036523 0.015748921
v 0.038836285 0.009739192 0.013083224
v 0.038836285 0.007824737 0.010881411
v 0.038836285 0.005442925 0.009278726
v 0.038836285 0.002770878 0.008365092
v 0.038836285 0.000000000 0.008180299
v 0.038836285 -0.002677703 0.008712825
v 0.038836285 -0.005082925 0.009902265
v 0.038836285 -0.007061062 0.011645087
v 0.038836285 -0.008551265 0.013769074
v 0.038836285 -0.009711563 0.016103943
v 0.038836285 -0.010234150 0.018706149
v 0.038836285 -0.010059297 0.021401529
v 0.038836285 -0.009174803 0.024003224
v 0.038836285 -0.007618475 0.026324623
v 0.038836285 -0.005477075 0.028192721
v 0.038836285 -0.002881730 0.029460912
v 0.039211779 0.000000000 0.029479587
v 0.039211779 0.002834959 0.029286358
v 0.039211779 0.005566719 0.028347989
v 0.039211779 0.007999809 0.026705958
v 0.039211779 0.009953610 0.024452868
v 0.039211779 0.011275676 0.021727457
v 0.039211779 0.011853439 0.018706149
v 0.039211779 0.011558811 0.015608975
v 0.039211779 0.010207461 0.012812868
v 0.039211779 0.008207078 0.010499071
v 0.039211779 0.005713281 0.008810456
v 0.039211779 0.002910824 0.007842805
v 0.039211779 0.000000000 0.007639587
v 0.039211779 -0.002817649 0.008190538
v 0.039211779 -0.005353281 0.009433995
v 0.039211779 -0.007443403 0.011262746
v 0.039211779 -0.008960385 0.013532868
v 0.039211779 -0.009820144 0.016074849
v 0.039211779 -0.009986561 0.018706149
v 0.039211779 -0.009537009 0.021261583
v 0.039211779 -0.008706533 0.023732868
v 0.039211779 -0.007236134 0.025942283
v 0.039211779 -0.005206719 0.027724451
v 0.039211779 -0.002741784 0.028938625
v 0.039587273 0.000000000 0.028938876
v 0.039587273 0.002695012 0.028764071
v 0.039587273 0.005296364 0.027879720
v 0.039587273 0.007617469 0.026323617
v 0.039587273 0.009485340 0.024182512
v 0.039587273 0.010753389 0.021587511
v 0.039587273 0.011312727 0.018706149
v 0.039587273 0.011101122 0.015731612
v 0.039587273 0.010108878 0.012869785
v 0.039587273 0.008381144 0.010325005
v 0.039587273 0.005983636 0.008342187
v 0.039587273 0.003050771 0.007320518
v 0.039587273 0.000000000 0.007098876
v 0.039587273 -0.002957596 0.007668251
v 0.039587273 -0.005623636 0.008965725
v 0.039587273 -0.007825744 0.010880405
v 0.039587273 -0.009428655 0.013262512
v 0.039587273 -0.010342431 0.015934903
v 0.039587273 -0.010527273 0.018706149
v 0.039587273 -0.009994698 0.021384220
v 0.039587273 -0.008805116 0.023789785
v 0.039587273 -0.007062068 0.025768217
v 0.039587273 -0.004936364 0.027256181
v 0.039587273 -0.002601837 0.028416338
v 0.039962767 0.000000000 0.028694133
v 0.039962767 0.002555066 0.028241784
v 0.039962767 0.005026008 0.027411450
v 0.039962767 0.007235128 0.025941276
v 0.039962767 0.009017070 0.023912157
v 0.039962767 0.010231102 0.021447564
v 0.039962767 0.010772016 0.018706149
v 0.039962767 0.010578835 0.015871558
v 0.039962767 0.009640608 0.013140141
v 0.039962767 0.007998803 0.010707346
v 0.039962767 0.005746008 0.008753771
v 0.039962767 0.003020940 0.007431847
v 0.039962767 0.000000000 0.006854133
v 0.039962767 -0.003097542 0.007145964
v 0.039962767 -0.005893992 0.008497455
v 0.039962767 -0.008208084 0.010498064
v 0.039962767 -0.009896925 0.012992157
v 0.039962767 -0.010864718 0.015794956
v 0.039962767 -0.011067984 0.018706149
v 0.039962767 -0.010516985 0.021524166
v 0.039962767 -0.009273386 0.024060141
v 0.039962767 -0.007444409 0.026150558
v 0.039962767 -0.005173992 0.027667766
v 0.039962767 -0.002631668 0.028527667
v 0.040338261 0.000000000 0.029234844
v 0.040338261 0.002678440 0.028702221
v 0.040338261 0.005084348 0.027512497
v 0.040338261 0.007063074 0.025769223
v 0.040338261 0.008548800 0.023641801
v 0.040338261 0.009708814 0.021307618
v 0.040338261 0.010231304 0.018706149
v 0.040338261 0.010056548 0.016011505
v 0.040338261 0.009172339 0.013410497
v 0.040338261 0.007616462 0.011089686
v 0.040338261 0.005475652 0.009222041
v 0.040338261 0.002880994 0.007954134
v 0.040338261 0.000000000 0.007394844
v 0.040338261 -0.002974168 0.007606401
v 0.040338261 -0.005835652 0.008598503
v 0.040338261 -0.008380138 0.010326011
v 0.040338261 -0.010365194 0.012721801
v 0.040338261 -0.011387006 0.015655010
v 0.040338261 -0.011608696 0.018706149
v 0.040338261 -0.011039272 0.021664113
v 0.040338261 -0.009741656 0.024330497
v 0.040338261 -0.007826750 0.026532898
v 0.040338261 -0.005444348 0.028136036
v 0.040338261 -0.002771614 0.029049954
v 0.040713755 0.000000000 0.029775556
v 0.040713755 0.002818386 0.029224508
v 0.040713755 0.005354704 0.027980767
v 0.040713755 0.007445415 0.026151564
v 0.040713755 0.008962849 0.023880852
v 0.040713755 0.009822893 0.021338185
v 0.040713755 0.009989407 0.018706149
v 0.040713755 0.009534261 0.016151451
v 0.040713755 0.008704069 0.013680852
v 0.040713755 0.007234122 0.011472027
v 0.040713755 0.005205296 0.009690311
v 0.040713755 0.002741047 0.008476422
v 0.040713755 0.000000000 0.007935556
v 0.040713755 -0.002834222 0.008128688
v 0.040713755 -0.005565296 0.009066773
v 0.040713755 -0.007997797 0.010708352
v 0.040713755 -0.009951145 0.012960852
v 0.040713755 -0.011272927 0.015685577
v 0.040713755 -0.011850593 0.018706149
v 0.040713755 -0.011561559 0.021804059
v 0.040713755 -0.010209926 0.024600852
v 0.040713755 -0.008209090 0.026915239
v 0.040713755 -0.005714704 0.028604306
v 0.040713755 -0.002911561 0.029572242
v 0.041089249 0.000000000 0.030316267
v 0.041089249 0.002958332 0.029746795
v 0.041089249 0.005625059 0.028449037
v 0.041089249 0.007827756 0.026533905
v 0.041089249 0.009431119 0.024151208
v 0.041089249 0.010345180 0.021478131
v 0.041089249 0.010530119 0.018706149
v 0.041089249 0.009997447 0.016027341
v 0.041089249 0.008807581 0.013621089
v 0.041089249 0.007064081 0.011642068
v 0.041089249 0.004934941 0.010158581
v 0.041089249 0.002601101 0.008998709
v 0.041089249 0.000000000 0.008476267
v 0.041089249 -0.002694276 0.008650975
v 0.041089249 -0.005294941 0.009535042
v 0.041089249 -0.007615456 0.011090693
v 0.041089249 -0.009482875 0.013231208
v 0.041089249 -0.010750640 0.015825523
v 0.041089249 -0.011309881 0.018706149
v 0.041089249 -0.011098373 0.021679949
v 0.041089249 -0.010106414 0.024541089
v 0.041089249 -0.008379132 0.027085280
v 0.041089249 -0.005985059 0.029072575
v 0.041089249 -0.003051507 0.030094529
v 0.041464743 0.000000000 0.030555319
v 0.041464743 0.003098279 0.030269083
v 0.041464743 0.005895415 0.028917307
v 0.041464743 0.008210097 0.026916245
v 0.041464743 0.009899389 0.024421564
v 0.041464743 0.010867467 0.021618078
v 0.041464743 0.011070830 0.018706149
v 0.041464743 0.010519734 0.015887394
v 0.041464743 0.009275851 0.013350734
v 0.041464743 0.007446421 0.011259727
v 0.041464743 0.005175415 0.009742067
v 0.041464743 0.002632405 0.008881881
v 0.041464743 0.000000000 0.008715319
v 0.041464743 -0.002554329 0.009173263
v 0.041464743 -0.005024585 0.010003312
v 0.041464743 -0.007233115 0.011473033
v 0.041464743 -0.009014606 0.013501564
v 0.041464743 -0.010228353 0.015965470
v 0.041464743 -0.010769170 0.018706149
v 0.041464743 -0.010576086 0.021540002
v 0.041464743 -0.009638144 0.024270734
v 0.041464743 -0.007996791 0.026702939
v 0.041464743 -0.005744585 0.028656062
v 0.041464743 -0.003020203 0.029977701
v 0.041840237 0.000000000 0.030014607
v 0.041840237 0.002973432 0.029803147
v 0.041840237 0.005834229 0.028811330
v 0.041840237 0.008378125 0.027084274
v 0.041840237 0.010367659 0.024691919
v 0.041840237 0.011389754 0.021758024
v 0.041840237 0.011611542 0.018706149
v 0.041840237 0.011042021 0.015747448
v 0.041840237 0.009744121 0.013080378
v 0.041840237 0.007828762 0.010877387
v 0.041840237 0.005445771 0.009273797
v 0.041840237 0.002772351 0.008359594
v 0.041840237 0.000000000 0.008174607
v 0.041840237 -0.002679176 0.008707327
v 0.041840237 -0.005085771 0.009897335
v 0.041840237 -0.007065087 0.011641062
v 0.041840237 -0.008546336 0.013771919
v 0.041840237 -0.009706066 0.016105416
v 0.041840237 -0.010228458 0.018706149
v 0.041840237 -0.010053799 0.021400056
v 0.041840237 -0.009169874 0.024000378
v 0.041840237 -0.007614450 0.026320599
v 0.041840237 -0.005474229 0.028187792
v 0.041840237 -0.002880257 0.029455414
v 0.042215731 0.000000000 0.029473896
v 0.042215731 0.002833485 0.029280860
v 0.042215731 0.005563874 0.028343060
v 0.042215731 0.007995785 0.026701933
v 0.042215731 0.009948681 0.024450022
v 0.042215731 0.011270178 0.021725984
v 0.042215731 0.011847747 0.018706149
v 0.042215731 0.011564308 0.015607502
v 0.042215731 0.010212391 0.012810022
v 0.042215731 0.008211103 0.010495046
v 0.042215731 0.005716126 0.008805527
v 0.042215731 0.002912297 0.007837307
v 0.042215731 0.000000000 0.007633896
v 0.042215731 -0.002819123 0.008185040
v 0.042215731 -0.005356126 0.009429066
v 0.042215731 -0.007447427 0.011258721
v 0.042215731 -0.008965314 0.013530022
v 0.042215731 -0.009825642 0.016073376
v 0.042215731 -0.009992253 0.018706149
v 0.042215731 -0.009531512 0.021260110
v 0.042215731 -0.008701604 0.023730022
v 0.042215731 -0.007232109 0.025938258
v 0.042215731 -0.005203874 0.027719522
v 0.042215731 -0.002740311 0.028933127
v 0.042591225 0.000000000 0.028933184
v 0.042591225 0.002693539 0.028758573
v 0.042591225 0.005293518 0.027874790
v 0.042591225 0.007613444 0.026319593
v 0.042591225 0.009480411 0.024179667
v 0.042591225 0.010747891 0.021586037
v 0.042591225 0.011307036 0.018706149
v 0.042591225 0.011095624 0.015733085
v 0.042591225 0.010103949 0.012872631
v 0.042591225 0.008377119 0.010329030
v 0.042591225 0.005986482 0.008337257
v 0.042591225 0.003052244 0.007315020
v 0.042591225 0.000000000 0.007093184
v 0.042591225 -0.002959069 0.007662753
v 0.042591225 -0.005626482 0.008960796
v 0.042591225 -0.007829768 0.010876380
v 0.042591225 -0.009433584 0.013259667
v 0.042591225 -0.010347929 0.015933429
v 0.042591225 -0.010532964 0.018706149
v 0.042591225 -0.010000196 0.021385693
v 0.042591225 -0.008810046 0.023792631
v 0.042591225 -0.007066093 0.025772242
v 0.042591225 -0.004933518 0.027251252
v 0.042591225 -0.002600364 0.028410840
v 0.042966719 0.000000000 0.028699825
v 0.042966719 0.002553593 0.028236286
v 0.042966719 0.005023162 0.027406521
v 0.042966719 0.007231103 0.025937252
v 0.042966719 0.009012141 0.023909311
v 0.042966719 0.010225604 0.021446091
v 0.042966719 0.010766324 0.018706149
v 0.042966719 0.010573337 0.015873032
v 0.042966719 0.009635679 0.013142987
v 0.042966719 0.007994778 0.010711370
v 0.042966719 0.005743162 0.008758700
v 0.042966719 0.003019467 0.007437345
v 0.042966719 0.000000000 0.006859825
v 0.042966719 -0.003099015 0.007140466
v 0.042966719 -0.005896838 0.008492526
v 0.042966719 -0.008212109 0.010494040
v 0.042966719 -0.009901854 0.012989311
v 0.042966719 -0.010870216 0.015793483
v 0.042966719 -0.011073676 0.018706149
v 0.042966719 -0.010522483 0.021525640
v 0.042966719 -0.009278315 0.024062987
v 0.042966719 -0.007448434 0.026154582
v 0.042966719 -0.005176838 0.027672695
v 0.042966719 -0.002633141 0.028533165
v 0.043342213 0.000000000 0.029240536
v 0.043342213 0.002679913 0.028707719
v 0.043342213 0.005087194 0.027517427
v 0.043342213 0.007067099 0.025773248
v 0.043342213 0.008543871 0.023638955
v 0.043342213 0.009703317 0.021306145
v 0.043342213 0.010225613 0.018706149
v 0.043342213 0.010051050 0.016012978
v 0.043342213 0.009167409 0.013413342
v 0.043342213 0.007612438 0.011093711
v 0.043342213 0.005472806 0.009226970
v 0.043342213 0.002879520 0.007959632
v 0.043342213 0.000000000 0.007400536
v 0.043342213 -0.002972695 0.007611899
v 0.043342213 -0.005832806 0.008603432
v 0.043342213 -0.008376113 0.010330036
v 0.043342213 -0.010370124 0.012718955
v 0.043342213 -0.011392503 0.015653537
v 0.043342213 -0.011614387 0.018706149
v 0.043342213 -0.011044770 0.021665586
v 0.043342213 -0.009746585 0.024333342
v 0.043342213 -0.007830774 0.026536923
v 0.043342213 -0.005447194 0.028140965
v 0.043342213 -0.002773088 0.029055452
v 0.043717708 0.000000000 0.029781248
v 0.043717708 0.002819859 0.029230006
v 0.043717708 0.005357549 0.027985696
v 0.043717708 0.007449440 0.026155589
v 0.043717708 0.008967779 0.023883698
v 0.043717708 0.009828391 0.021339658
v 0.043717708 0.009995099 0.018706149
v 0.043717708 0.009528763 0.016152924
v 0.043717708 0.008699140 0.013683698
v 0.043717708 0.007230097 0.011476052
v 0.043717708 0.005202451 0.009695240
v 0.043717708 0.002739574 0.008481919
v 0.043717708 0.000000000 0.007941248
v 0.043717708 -0.002832749 0.008134186
v 0.043717708 -0.005562451 0.009071702
v 0.043717708 -0.007993772 0.010712376
v 0.043717708 -0.009946216 0.012963698
v 0.043717708 -0.011267429 0.015687050
v 0.043717708 -0.011844901 0.018706149
v 0.043717708 -0.011567057 0.021805532
v 0.043717708 -0.010214855 0.024603698
v 0.043717708 -0.008213115 0.026919264
v 0.043717708 -0.005717549 0.028609235
v 0.043717708 -0.002913034 0.029577739
v 0.044093202 0.000000000 0.030321959
v 0.044093202 0.002959805 0.029752293
v 0.044093202 0.005627905 0.028453966
v 0.044093202 0.007831781 0.026537929
v 0.044093202 0.009436048 0.024154054
v 0.044093202 0.010350678 0.021479605
v 0.044093202 0.010535810 0.018706149
v 0.044093202 0.010002945 0.016025868
v 0.044093202 0.008812510 0.013618244
v 0.044093202 0.007068105 0.011638043
v 0.044093202 0.004932095 0.010163510
v 0.044093202 0.002599628 0.009004206
v 0.044093202 0.000000000 0.008481959
v 0.044093202 -0.002692802 0.008656473
v 0.044093202 -0.005292095 0.009539972
v 0.044093202 -0.007611432 0.011094717
v 0.044093202 -0.009477946 0.013234054
v 0.044093202 -0.010745142 0.015826997
v 0.044093202 -0.011304190 0.018706149
v 0.044093202 -0.011092875 0.021678476
v 0.044093202 -0.010101485 0.024538244
v 0.044093202 -0.008375107 0.027081256
v 0.044093202 -0.005987905 0.029077505
v 0.044093202 -0.003052980 0.030100027
v 0.044468696 0.000000000 0.030549627
v 0.044468696 0.003099752 0.030274580
v 0.044468696 0.005898261 0.028922236
v 0.044468696 0.008214121 0.026920270
v 0.044468696 0.009904318 0.024424410
v 0.044468696 0.010872965 0.021619551
v 0.044468696 0.011076522 0.018706149
v 0.044468696 0.010525232 0.015885921
v 0.044468696 0.009280780 0.013347888
v 0.044468696 0.007450446 0.011255703
v 0.044468696 0.005178261 0.009737138
v 0.044468696 0.002633878 0.008876384
v 0.044468696 0.000000000 0.008709627
v 0.044468696 -0.002552856 0.009178760
v 0.044468696 -0.005021739 0.010008241
v 0.044468696 -0.007229091 0.011477058
v 0.044468696 -0.009009676 0.013504410
v 0.044468696 -0.010222855 0.015966943
v 0.044468696 -0.010763478 0.018706149
v 0.044468696 -0.010570588 0.021538529
v 0.044468696 -0.009633215 0.024267888
v 0.044468696 -0.007992766 0.026698915
v 0.044468696 -0.005741739 0.028651133
v 0.044468696 -0.003018730 0.029972204
v 0.044844190 0.000000000 0.030008916
v 0.044844190 0.002971959 0.029797650
v 0.044844190 0.005831383 0.028806401
v 0.044844190 0.008374101 0.027080249
v 0.044844190 0.010372588 0.024694765
v 0.044844190 0.011395252 0.021759497
v 0.044844190 0.011617233 0.018706149
v 0.044844190 0.011047519 0.015745975
v 0.044844190 0.009749050 0.013077532
v 0.044844190 0.007832787 0.010873362
v 0.044844190 0.005448617 0.009268868
v 0.044844190 0.002773824 0.008354096
v 0.044844190 0.000000000 0.008168916
v 0.044844190 -0.002680649 0.008701830
v 0.044844190 -0.005088617 0.009892406
v 0.044844190 -0.007069111 0.011637037
v 0.044844190 -0.008541407 0.013774765
v 0.044844190 -0.009700568 0.016106889
v 0.044844190 -0.010222767 0.018706149
v 0.044844190 -0.010048301 0.021398583
v 0.044844190 -0.009164945 0.023997532
v 0.044844190 -0.007610425 0.026316574
v 0.044844190 -0.005471383 0.028182863
v 0.044844190 -0.002878784 0.029449916
v 0.045219684 0.000000000 0.029468204
v 0.045219684 0.002832012 0.029275363
v 0.045219684 0.005561028 0.028338131
v 0.045219684 0.007991760 0.026697909
v 0.045219684 0.009943752 0.024447176
v 0.045219684 0.011264680 0.021724511
v 0.045219684 0.011842055 0.018706149
v 0.045219684 0.011569806 0.015606029
v 0.045219684 0.010217320 0.012807176
v 0.045219684 0.008215127 0.010491021
v 0.045219684 0.005718972 0.008800598
v 0.045219684 0.002913770 0.007831809
v 0.045219684 0.000000000 0.007628204
v 0.045219684 -0.002820596 0.008179543
v 0.045219684 -0.005358972 0.009424136
v 0.045219684 -0.007451452 0.011254697
v 0.045219684 -0.008970243 0.013527176
v 0.045219684 -0.009831140 0.016071903
v 0.045219684 -0.009997945 0.018706149
v 0.045219684 -0.009526014 0.021258636
v 0.045219684 -0.008696675 0.023727176
v 0.045219684 -0.007228085 0.025934233
v 0.045219684 -0.005201028 0.027714593
v 0.045219684 -0.002738837 0.028927629
v 0.045595178 0.000000000 0.028927493
v 0.045595178 0.002692066 0.028753075
v 0.045595178 0.005290672 0.027869861
v 0.045595178 0.007609419 0.026315568
v 0.045595178 0.009475482 0.024176821
v 0.045595178 0.010742393 0.021584564
v 0.045595178 0.011301344 0.018706149
v 0.045595178 0.011090127 0.015734558
v 0.045595178 0.010099020 0.012875477
v 0.045595178 0.008373095 0.010333054
v 0.045595178 0.005989328 0.008332328
v 0.045595178 0.003053717 0.007309522
v 0.045595178 0.000000000 0.007087493
v 0.045595178 -0.002960542 0.007657255
v 0.045595178 -0.005629328 0.008955867
v 0.045595178 -0.007833793 0.010872356
v 0.045595178 -0.009438513 0.013256821
v 0.045595178 -0.010353427 0.015931956
v 0.045595178 -0.010538656 0.018706149
v 0.045595178 -0.010005693 0.021387166
v 0.045595178 -0.008814975 0.023795477
v 0.045595178 -0.007070118 0.025776266
v 0.045595178 -0.004930672 0.027246323
v 0.045595178 -0.002598891 0.028405342
v 0.045970672 0.000000000 0.028705516
v 0.045970672 0.002552119 0.028230788
v 0.045970672 0.005020316 0.027401591
v 0.045970672 0.007227078 0.025933227
v 0.045970672 0.009007212 0.023906465
v 0.045970672 0.010220106 0.021444618
v 0.045970672 0.010760632 0.018706149
v 0.045970672 0.010567839 0.015874505
v 0.045970672 0.009630750 0.013145833
v 0.045970672 0.007990754 0.010715395
v 0.045970672 0.005740316 0.008763629
v 0.045970672 0.003017994 0.007442843
v 0.045970672 0.000000000 0.006865516
v 0.045970672 -0.003100488 0.007134968
v 0.045970672 -0.005899684 0.008487597
v 0.045970672 -0.008216134 0.010490015
v 0.045970672 -0.009906783 0.012986465
v 0.045970672 -0.010875714 0.015792010
v 0.045970672 -0.011079368 0.018706149
v 0.045970672 -0.010527981 0.021527113
v 0.045970672 -0.009283245 0.024065833
v 0.045970672 -0.007452458 0.026158607
v 0.045970672 -0.005179684 0.027677624
v 0.045970672 -0.002634614 0.028538663
v 0.046346166 0.000000000 0.029246228
v 0.046346166 0.002681386 0.028713217
v 0.046346166 0.005090040 0.027522356
v 0.046346166 0.007071124 0.025777272
v 0.046346166 0.008538942 0.023636109
v 0.046346166 0.009697819 0.021304671
v 0.046346166 0.010219921 0.018706149
v 0.046346166 0.010045552 0.016014451
v 0.046346166 0.009162480 0.013416188
v 0.046346166 0.007608413 0.011097736
v 0.046346166 0.005469960 0.009231899
v 0.046346166 0.002878047 0.007965130
v 0.046346166 0.000000000 0.007406228
v 0.046346166 -0.002971222 0.007617397
v 0.046346166 -0.005829960 0.008608361
v 0.046346166 -0.008372088 0.010334060
v 0.046346166 -0.010375053 0.012716109
v 0.046346166 -0.011398001 0.015652064
v 0.046346166 -0.011620079 0.018706149
v 0.046346166 -0.011050268 0.021667059
v 0.046346166 -0.009751515 0.024336188
v 0.046346166 -0.007834799 0.026540948
v 0.046346166 -0.005450040 0.028145894
v 0.046346166 -0.002774561 0.029060950
v 0.046721660 0.000000000 0.029786939
v 0.046721660 0.002821332 0.029235504
v 0.046721660 0.005360395 0.027990626
v 0.046721660 0.007453464 0.026159613
v 0.046721660 0.008972708 0.023886544
v 0.046721660 0.009833888 0.021341131
v 0.046721660 0.010000791 0.018706149
v 0.046721660 0.009523265 0.016154398
v 0.046721660 0.008694210 0.013686544
v 0.046721660 0.007226072 0.011480076
v 0.046721660 0.005199605 0.009700169
v 0.046721660 0.002738101 0.008487417
v 0.046721660 0.000000000 0.007946939
v 0.046721660 -0.002831276 0.008139684
v 0.046721660 -0.005559605 0.009076631
v 0.046721660 -0.007989748 0.010716401
v 0.046721660 -0.009941287 0.012966544
v 0.046721660 -0.011261932 0.015688523
v 0.046721660 -0.011839209 0.018706149
v 0.046721660 -0.011572555 0.021807005
v 0.046721660 -0.010219784 0.024606544
v 0.046721660 -0.008217140 0.026923288
v 0.046721660 -0.005720395 0.028614164
v 0.046721660 -0.002914507 0.029583237
v 0.047097154 0.000000000 0.030327651
v 0.047097154 0.002961279 0.029757791
v 0.047097154 0.005630751 0.028458896
v 0.047097154 0.007835805 0.026541954
v 0.047097154 0.009440978 0.024156900
v 0.047097154 0.010356176 0.021481078
v 0.047097154 0.010541502 0.018706149
v 0.047097154 0.010008442 0.016024395
v 0.047097154 0.008817439 0.013615398
v 0.047097154 0.007072130 0.011634019
v 0.047097154 0.004929249 0.010168439
v 0.047097154 0.002598154 0.009009704
v 0.047097154 0.000000000 0.008487651
v 0.047097154 -0.002691329 0.008661971
v 0.047097154 -0.005289249 0.009544901
v 0.047097154 -0.007607407 0.011098742
v 0.047097154 -0.009473017 0.013236900
v 0.047097154 -0.010739644 0.015828470
v 0.047097154 -0.011298498 0.018706149
v 0.047097154 -0.011087378 0.021677003
v 0.047097154 -0.010096555 0.024535398
v 0.047097154 -0.008371082 0.027077231
v 0.047097154 -0.005990751 0.029082434
v 0.047097154 -0.003054453 0.030105524
v 0.047472648 0.000000000 0.030543935
v 0.047472648 0.003101225 0.030280078
v 0.047472648 0.005901107 0.028927165
v 0.047472648 0.008218146 0.026924295
v 0.047472648 0.009909248 0.024427255
v 0.047472648 0.010878463 0.021621024
v 0.047472648 0.011082213 0.018706149
v 0.047472648 0.010530730 0.015884448
v 0.047472648 0.009285709 0.013345042
v 0.047472648 0.007454471 0.011251678
v 0.047472648 0.005181107 0.009732209
v 0.047472648 0.002635351 0.008870886
v 0.047472648 0.000000000 0.008703935
v 0.047472648 -0.002551383 0.009184258
v 0.047472648 -0.005018893 0.010013171
v 0.047472648 -0.007225066 0.011481083
v 0.047472648 -0.009004747 0.013507255
v 0.047472648 -0.010217357 0.015968416
v 0.047472648 -0.010757787 0.018706149
v 0.047472648 -0.010565091 0.021537056
v 0.047472648 -0.009628286 0.024265042
v 0.047472648 -0.007988741 0.026694890
v 0.047472648 -0.005738893 0.028646203
v 0.047472648 -0.003017257 0.029966706
v 0.047848142 0.000000000 0.030003224
v 0.047848142 0.002970486 0.029792152
v 0.047848142 0.005828538 0.028801472
v 0.047848142 0.008370076 0.027076225
v 0.047848142 0.010377517 0.024697611
v 0.047848142 0.011400750 0.021760970
v 0.047848142 0.011622925 0.018706149
v 0.047848142 0.011053017 0.015744502
v 0.047848142 0.009753979 0.013074686
v 0.047848142 0.007836811 0.010869337
v 0.047848142 0.005451462 0.009263939
v 0.047848142 0.002775297 0.008348599
v 0.047848142 0.000000000 0.008163224
v 0.047848142 -0.002682122 0.008696332
v 0.047848142 -0.005091462 0.009887477
v 0.047848142 -0.007073136 0.011633013
v 0.047848142 -0.008536477 0.013777611
v 0.047848142 -0.009695070 0.016108363
v 0.047848142 -0.010217075 0.018706149
v 0.047848142 -0.010042803 0.021397110
v 0.047848142 -0.009160016 0.023994686
v 0.047848142 -0.007606401 0.026312549
v 0.047848142 -0.005468538 0.028177934
v 0.047848142 -0.002877311 0.029444419
v 0.048223636 0.000000000 0.029462512
v 0.048223636 0.002830539 0.029269865
v 0.048223636 0.005558182 0.028333202
v 0.048223636 0.007987735 0.026693884
v 0.048223636 0.009938822 0.024444331
v 0.048223636 0.011259183 0.021723038
v 0.048223636 0.011836364 0.018706149
v 0.048223636 0.011575304 0.015604555
v 0.048223636 0.010222249 0.012804331
v 0.048223636 0.008219152 0.010486997
v 0.048223636 0.005721818 0.008795669
v 0.048223636 0.002915244 0.007826311
v 0.048223636 0.000000000 0.007622512
v 0.048223636 -0.002822069 0.008174045
v 0.048223636 -0.005361818 0.009419207
v 0.048223636 -0.007455477 0.011250672
v 0.048223636 -0.008975172 0.013524331
v 0.048223636 -0.009836637 0.016070430
v 0.048223636 -0.010003636 0.018706149
v 0.048223636 -0.009520516 0.021257163
v 0.048223636 -0.008691746 0.023724331
v 0.048223636 -0.007224060 0.025930209
v 0.048223636 -0.005198182 0.027709664
v 0.048223636 -0.002737364 0.028922132
v 0.048599130 0.000000000 0.028921801
v 0.048599130 0.002690593 0.028747578
v 0.048599130 0.005287826 0.027864932
v 0.048599130 0.007605395 0.026311543
v 0.048599130 0.009470553 0.024173975
v 0.048599130 0.010736896 0.021583091
v 0.048599130 0.011295652 0.018706149
v 0.048599130 0.011084629 0.015736031
v 0.048599130 0.010094091 0.012878323
v 0.048599130 0.008369070 0.010337079
v 0.048599130 0.005992174 0.008327399
v 0.048599130 0.003055190 0.007304024
v 0.048599130 0.000000000 0.007081801
v 0.048599130 -0.002962015 0.007651758
v 0.048599130 -0.005632174 0.008950937
v 0.048599130 -0.007837818 0.010868331
v 0.048599130 -0.009443442 0.013253975
v 0.048599130 -0.010358925 0.015930483
v 0.048599130 -0.010544348 0.018706149
v 0.048599130 -0.010011191 0.021388639
v 0.048599130 -0.008819904 0.023798323
v 0.048599130 -0.007074142 0.025780291
v 0.048599130 -0.004927826 0.027241394
v 0.048599130 -0.002597418 0.028399844
v 0.048974625 0.000000000 0.028711208
v 0.048974625 0.002550646 0.028225290
v 0.048974625 0.005017470 0.027396662
v 0.048974625 0.007223054 0.025929203
v 0.048974625 0.009002283 0.023903619
v 0.048974625 0.010214608 0.021443145
v 0.048974625 0.010754941 0.018706149
v 0.048974625 0.010562342 0.015875978
v 0.048974625 0.009625821 0.013148678
v 0.048974625 0.007986729 0.010719420
v 0.048974625 0.005737470 0.008768559
v 0.048974625 0.003016521 0.007448340
v 0.048974625 0.000000000 0.006871208
v 0.048974625 -0.003101962 0.007129470
v 0.048974625 -0.005902530 0.008482667
v 0.048974625 -0.008220158 0.010485990
v 0.048974625 -0.009911712 0.012983619
v 0.048974625 -0.010881212 0.015790537
v 0.048974625 -0.011085059 0.018706149
v 0.048974625 -0.010533478 0.021528586
v 0.048974625 -0.009288174 0.024068678
v 0.048974625 -0.007456483 0.026162632
v 0.048974625 -0.005182530 0.027682553
v 0.048974625 -0.002636087 0.028544161
v 0.049350119 0.000000000 0.029251919
v 0.049350119 0.002682859 0.028718714
v 0.049350119 0.005092885 0.027527285
v 0.049350119 0.007075148 0.025781297
v 0.049350119 0.008534013 0.023633263
v 0.049350119 0.009692321 0.021303198
v 0.049350119 0.010214229 0.018706149
v 0.049350119 0.010040054 0.016015924
v 0.049350119 0.009157551 0.013419034
v 0.049350119 0.007604388 0.011101760
v 0.049350119 0.005467115 0.009236828
v 0.049350119 0.002876574 0.007970628
v 0.049350119 0.000000000 0.007411919
v 0.049350119 -0.002969749 0.007622894
v 0.049350119 -0.005827115 0.008613290
v 0.049350119 -0.008368064 0.010338085
v 0.049350119 -0.010379982 0.012713263
v 0.049350119 -0.011403499 0.015650590
v 0.049350119 -0.011625771 0.018706149
v 0.049350119 -0.011055766 0.021668532
v 0.049350119 -0.009756444 0.024339034
v 0.049350119 -0.007838824 0.026544972
v 0.049350119 -0.005452885 0.028150823
v 0.049350119 -0.002776034 0.029066448
v 0.049725613 0.000000000 0.029792631
v 0.049725613 0.002822805 0.029241002
v 0.049725613 0.005363241 0.027995555
v 0.049725613 0.007457489 0.026163638
v 0.049725613 0.008977637 0.023889390
v 0.049725613 0.009839386 0.021342604
v 0.049725613 0.010006482 0.018706149
v 0.049725613 0.009517767 0.016155871
v 0.049725613 0.008689281 0.013689390
v 0.049725613 0.007222048 0.011484101
v 0.049725613 0.005196759 0.009705098
v 0.049725613 0.002736628 0.008492915
v 0.049725613 0.000000000 0.007952631
v 0.049725613 -0.002829803 0.008145182
v 0.049725613 -0.005556759 0.009081560
v 0.049725613 -0.007985723 0.010720426
v 0.049725613 -0.009936358 0.012969390
v 0.049725613 -0.011256434 0.015689996
v 0.049725613 -0.011833518 0.018706149
v 0.049725613 -0.011578053 0.021808479
v 0.049725613 -0.010224714 0.024609390
v 0.049725613 -0.008221164 0.026927313
v 0.049725613 -0.005723241 0.028619093
v 0.049725613 -0.002915980 0.029588735
v 0.050101107 0.000000000 0.030333342
v 0.050101107 0.002962752 0.029763289
v 0.050101107 0.005633597 0.028463825
v 0.050101107 0.007839830 0.026545979
v 0.050101107 0.009445907 0.024159746
v 0.050101107 0.010361673 0.021482551
v 0.050101107 0.010547194 0.018706149
v 0.050101107 0.010013940 0.016022922
v 0.050101107 0.008822369 0.013612552
v 0.050101107 0.007076155 0.011629994
v 0.050101107 0.004926403 0.010173368
v 0.050101107 0.002596681 0.009015202
v 0.050101107 0.000000000 0.008493342
v 0.050101107 -0.002689856 0.008667469
v 0.050101107 -0.005286403 0.009549830
v 0.050101107 -0.007603382 0.011102766
v 0.050101107 -0.009468088 0.013239746
v 0.050101107 -0.010734147 0.015829943
v 0.050101107 -0.011292806 0.018706149
v 0.050101107 -0.011081880 0.021675529
v 0.050101107 -0.010091626 0.024532552
v 0.050101107 -0.008367058 0.027073206
v 0.050101107 -0.005993597 0.029087363
v 0.050101107 -0.003055927 0.030111022
v 0.050476601 0.000000000 0.030538244
v 0.050476601 0.003102698 0.030285576
v 0.050476601 0.005903953 0.028932095
v 0.050476601 0.008222171 0.026928319
v 0.050476601 0.009914177 0.024430101
v 0.050476601 0.010883961 0.021622497
v 0.050476601 0.011087905 0.018706149
v 0.050476601 0.010536227 0.015882975
v 0.050476601 0.009290638 0.013342196
v 0.050476601 0.007458495 0.011247653
v 0.050476601 0.005183953 0.009727279
v 0.050476601 0.002636824 0.008865388
v 0.050476601 0.000000000 0.008698244
v 0.050476601 -0.002549910 0.009189756
v 0.050476601 -0.005016047 0.010018100
v 0.050476601 -0.007221042 0.011485107
v 0.050476601 -0.008999818 0.013510101
v 0.050476601 -0.010211859 0.015969889
v 0.050476601 -0.010752095 0.018706149
v 0.050476601 -0.010559593 0.021535583
v 0.050476601 -0.009623356 0.024262196
v 0.050476601 -0.007984717 0.026690866
v 0.050476601 -0.005736047 0.028641274
v 0.050476601 -0.003015784 0.029961208
v 0.050852095 0.000000000 0.029997532
v 0.050852095 0.002969012 0.029786654
v 0.050852095 0.005825692 0.028796543
v 0.050852095 0.008366051 0.027072200
v 0.050852095 0.010382447 0.024700457
v 0.050852095 0.011406248 0.021762444
v 0.050852095 0.011628617 0.018706149
v 0.050852095 0.011058514 0.015743029
v 0.050852095 0.009758908 0.013071840
v 0.050852095 0.007840836 0.010865313
v 0.050852095 0.005454308 0.009259010
v 0.050852095 0.002776770 0.008343101
v 0.050852095 0.000000000 0.008157532
v 0.050852095 -0.002683595 0.008690834
v 0.050852095 -0.005094308 0.009882548
v 0.050852095 -0.007077161 0.011628988
v 0.050852095 -0.008531548 0.013780457
v 0.050852095 -0.009689572 0.016109836
v 0.050852095 -0.010211383 0.018706149
v 0.050852095 -0.010037306 0.021395637
v 0.050852095 -0.009155087 0.023991840
v 0.050852095 -0.007602376 0.026308525
v 0.050852095 -0.005465692 0.028173004
v 0.050852095 -0.002875838 0.029438921
v 0.051227589 0.000000000 0.029456821
v 0.051227589 0.002829066 0.029264367
v 0.051227589 0.005555336 0.028328273
v 0.051227589 0.007983711 0.026689859
v 0.051227589 0.009933893 0.024441485
v 0.051227589 0.011253685 0.021721565
v 0.051227589 0.011830672 0.018706149
v 0.051227589 0.011580802 0.015603082
v 0.051227589 0.010227178 0.012801485
v 0.051227589 0.008223177 0.010482972
v 0.051227589 0.005724664 0.008790740
v 0.051227589 0.002916717 0.007820814
v 0.051227589 0.000000000 0.007616821
v 0.051227589 -0.002823542 0.008168547
v 0.051227589 -0.005364664 0.009414278
v 0.051227589 -0.007459501 0.011246647
v 0.051227589 -0.008980102 0.013521485
v 0.051227589 -0.009842135 0.016068957
v 0.051227589 -0.010009328 0.018706149
v 0.051227589 -0.009515018 0.021255690
v 0.051227589 -0.008686817 0.023721485
v 0.051227589 -0.007220035 0.025926184
v 0.051227589 -0.005195336 0.027704735
v 0.051227589 -0.002735891 0.028916634
v 0.051603083 0.000000000 0.028916109
v 0.051603083 0.002689120 0.028742080
v 0.051603083 0.005284980 0.027860003
v 0.051603083 0.007601370 0.026307519
v 0.051603083 0.009465623 0.024171129
v 0.051603083 0.010731398 0.021581618
v 0.051603083 0.011289960 0.018706149
v 0.051603083 0.011079131 0.015737505
v 0.051603083 0.010089162 0.012881168
v 0.051603083 0.008365045 0.010341103
v 0.051603083 0.005995020 0.008322470
v 0.051603083 0.003056663 0.007298527
v 0.051603083 0.000000000 0.007076109
v 0.051603083 -0.002963488 0.007646260
v 0.051603083 -0.005635020 0.008946008
v 0.051603083 -0.007841842 0.010864307
v 0.051603083 -0.009448371 0.013251129
v 0.051603083 -0.010364422 0.015929010
v 0.051603083 -0.010550040 0.018706149
v 0.051603083 -0.010016689 0.021390112
v 0.051603083 -0.008824833 0.023801168
v 0.051603083 -0.007078167 0.025784316
v 0.051603083 -0.004924980 0.027236465
v 0.051603083 -0.002595945 0.028394347
v 0.051978577 0.000000000 0.028716900
v 0.051978577 0.002549173 0.028219793
v 0.051978577 0.005014625 0.027391733
v 0.051978577 0.007219029 0.025925178
v 0.051978577 0.008997354 0.023900773
v 0.051978577 0.010209111 0.021441672
v 0.051978577 0.010749249 0.018706149
v 0.051978577 0.010556844 0.015877451
v 0.051978577 0.009620892 0.013151524
v 0.051978577 0.007982705 0.010723444
v 0.051978577 0.005734625 0.008773488
v 0.051978577 0.003015048 0.007453838
v 0.051978577 0.000000000 0.006876900
v 0.051978577 -0.003103435 0.007123973
v 0.051978577 -0.005905375 0.008477738
v 0.051978577 -0.008224183 0.010481966
v 0.051978577 -0.009916641 0.012980773
v 0.051978577 -0.010886709 0.015789064
v 0.051978577 -0.011090751 0.018706149
v 0.051978577 -0.010538976 0.021530059
v 0.051978577 -0.009293103 0.024071524
v 0.051978577 -0.007460508 0.026166656
v 0.051978577 -0.005185375 0.027687483
v 0.051978577 -0.002637560 0.028549658
v 0.052354071 0.000000000 0.029257611
v 0.052354071 0.002684332 0.028724212
v 0.052354071 0.005095731 0.027532214
v 0.052354071 0.007079173 0.025785322
v 0.052354071 0.008529084 0.023630417
v 0.052354071 0.009686823 0.021301725
v 0.052354071 0.010208538 0.018706149
v 0.052354071 0.010034557 0.016017397
v 0.052354071 0.009152622 0.013421880
v 0.052354071 0.007600364 0.011105785
v 0.052354071 0.005464269 0.009241758
v 0.052354071 0.002875101 0.007976125
v 0.052354071 0.000000000 0.007417611
v 0.052354071 -0.002968276 0.007628392
v 0.052354071 -0.005824269 0.008618219
v 0.052354071 -0.008364039 0.010342110
v 0.052354071 -0.010384911 0.012710417
v 0.052354071 -0.011408997 0.015649117
v 0.052354071 -0.011631462 0.018706149
v 0.052354071 -0.011061263 0.021670005
v 0.052354071 -0.009761373 0.024341880
v 0.052354071 -0.007842848 0.026548997
v 0.052354071 -0.005455731 0.028155752
v 0.052354071 -0.002777507 0.029071945
v 0.052729565 0.000000000 0.029798323
v 0.052729565 0.002824278 0.029246499
v 0.052729565 0.005366087 0.028000484
v 0.052729565 0.007461514 0.026167662
v 0.052729565 0.008982566 0.023892236
v 0.052729565 0.009844884 0.021344077
v 0.052729565 0.010012174 0.018706149
v 0.052729565 0.009512270 0.016157344
v 0.052729565 0.008684352 0.013692236
v 0.052729565 0.007218023 0.011488126
v 0.052729565 0.005193913 0.009710027
v 0.052729565 0.002735155 0.008498413
v 0.052729565 0.000000000 0.007958323
v 0.052729565 -0.002828330 0.008150679
v 0.052729565 -0.005553913 0.009086489
v 0.052729565 -0.007981698 0.010724450
v 0.052729565 -0.009931429 0.012972236
v 0.052729565 -0.011250936 0.015691469
v 0.052729565 -0.011827826 0.018706149
v 0.052729565 -0.011583550 0.021809952
v 0.052729565 -0.010229643 0.024612236
v 0.052729565 -0.008225189 0.026931338
v 0.052729565 -0.005726087 0.028624022
v 0.052729565 -0.002917453 0.029594233
v 0.053105059 0.000000000 0.030339034
v 0.053105059 0.002964225 0.029768786
v 0.053105059 0.005636443 0.028468754
v 0.053105059 0.007843854 0.026550003
v 0.053105059 0.009450836 0.024162591
v 0.053105059 0.010367171 0.021484024
v 0.053105059 0.010552885 0.018706149
v 0.053105059 0.010019438 0.016021448
v 0.053105059 0.008827298 0.013609706
v 0.053105059 0.007080179 0.011625970
v 0.053105059 0.004923557 0.010178297
v 0.053105059 0.002595208 0.009020700
v 0.053105059 0.000000000 0.008499034
v 0.053105059 -0.002688383 0.008672966
v 0.053105059 -0.005283557 0.009554759
v 0.053105059 -0.007599358 0.011106791
v 0.053105059 -0.009463159 0.013242591
v 0.053105059 -0.010728649 0.015831416
v 0.053105059 -0.011287115 0.018706149
v 0.053105059 -0.011076382 0.021674056
v 0.053105059 -0.010086697 0.024529706
v 0.053105059 -0.008363033 0.027069182
v 0.053105059 -0.005996443 0.029092292
v 0.053105059 -0.003057400 0.030116520
v 0.053480553 0.000000000 0.030532552
v 0.053480553 0.003104171 0.030291074
v 0.053480553 0.005906798 0.028937024
v 0.053480553 0.008226195 0.026932344
v 0.053480553 0.009919106 0.024432947
v 0.053480553 0.010889458 0.021623970
v 0.053480553 0.011093597 0.018706149
v 0.053480553 0.010541725 0.015881502
v 0.053480553 0.009295568 0.013339350
v 0.053480553 0.007462520 0.011243629
v 0.053480553 0.005186798 0.009722350
v 0.053480553 0.002638297 0.008859890
v 0.053480553 0.000000000 0.008692552
v 0.053480553 -0.002548437 0.009195254
v 0.053480553 -0.005013202 0.010023029
v 0.053480553 -0.007217017 0.011489132
v 0.053480553 -0.008994889 0.013512947
v 0.053480553 -0.010206362 0.015971362
v 0.053480553 -0.010746403 0.018706149
v 0.053480553 -0.010554095 0.021534110
v 0.053480553 -0.009618427 0.024259350
v 0.053480553 -0.007980692 0.026686841
v 0.053480553 -0.005733202 0.028636345
v 0.053480553 -0.003014311 0.029955710
v 0.053856047 0.000000000 0.029991840
v 0.053856047 0.002967539 0.029781156
v 0.053856047 0.005822846 0.028791614
v 0.053856047 0.008362027 0.027068176
v 0.053856047 0.010387376 0.024703303
v 0.053856047 0.011411746 0.021763917
v 0.053856047 0.011634308 0.018706149
v 0.053856047 0.011064012 0.015741556
v 0.053856047 0.009763837 0.013068995
v 0.053856047 0.007844861 0.010861288
v 0.053856047 0.005457154 0.009254080
v 0.053856047 0.002778243 0.008337603
v 0.053856047 0.000000000 0.008151840
v 0.053856047 -0.002685069 0.008685336
v 0.053856047 -0.005097154 0.009877619
v 0.053856047 -0.007081185 0.011624963
v 0.053856047 -0.008526619 0.013783303
v 0.053856047 -0.009684075 0.016111309
v 0.053856047 -0.010205692 0.018706149
v 0.053856047 -0.010031808 0.021394164
v 0.053856047 -0.009150157 0.023988995
v 0.053856047 -0.007598351 0.026304500
v 0.053856047 -0.005462846 0.028168075
v 0.053856047 -0.002874365 0.029433423
v 0.054231542 0.000000000 0.029451129
v 0.054231542 0.002827593 0.029258869
v 0.054231542 0.005552490 0.028323344
v 0.054231542 0.007979686 0.026685835
v 0.054231542 0.009928964 0.024438639
v 0.054231542 0.011248187 0.021720091
v 0.054231542 0.011824980 0.018706149
v 0.054231542 0.011586299 0.015601609
v 0.054231542 0.010232107 0.012798639
v 0.054231542 0.008227201 0.010478947
v 0.054231542 0.005727510 0.008785811
v 0.054231542 0.002918190 0.007815316
v 0.054231542 0.000000000 0.007611129
v 0.054231542 -0.002825015 0.008163049
v 0.054231542 -0.005367510 0.009409349
v 0.054231542 -0.007463526 0.011242623
v 0.054231542 -0.008985031 0.013518639
v 0.054231542 -0.009847633 0.016067483
v 0.054231542 -0.010015020 0.018706149
v 0.054231542 -0.009509521 0.021254217
v 0.054231542 -0.008681888 0.023718639
v 0.054231542 -0.007216011 0.025922159
v 0.054231542 -0.005192490 0.027699805
v 0.054231542 -0.002734418 0.028911136
v 0.054607036 0.000000000 0.028910417
v 0.054607036 0.002687647 0.028736582
v 0.054607036 0.005282134 0.027855074
v 0.054607036 0.007597345 0.026303494
v 0.054607036 0.009460694 0.024168283
v 0.054607036 0.010725900 0.021580145
v 0.054607036 0.011284269 0.018706149
v 0.054607036 0.011073633 0.015738978
v 0.054607036 0.010084233 0.012884014
v 0.054607036 0.008361021 0.010345128
v 0.054607036 0.005997866 0.008317541
v 0.054607036 0.003058136 0.007293029
v 0.054607036 0.000000000 0.007070417
v 0.054607036 -0.002964961 0.007640762
v 0.054607036 -0.005637866 0.008941079
v 0.054607036 -0.007845867 0.010860282
v 0.054607036 -0.009453301 0.013248283
v 0.054607036 -0.010369920 0.015927537
v 0.054607036 -0.010555731 0.018706149
v 0.054607036 -0.010022187 0.021391586
v 0.054607036 -0.008829762 0.023804014
v 0.054607036 -0.007082191 0.025788340
v 0.054607036 -0.004922134 0.027231536
v 0.054607036 -0.002594472 0.028388849
v 0.054982530 0.000000000 0.028722591
v 0.054982530 0.002547700 0.028214295
v 0.054982530 0.005011779 0.027386804
v 0.054982530 0.007215005 0.025921153
v 0.054982530 0.008992424 0.023897927
v 0.054982530 0.010203613 0.021440199
v 0.054982530 0.010743557 0.018706149
v 0.054982530 0.010551346 0.015878924
v 0.054982530 0.009615963 0.013154370
v 0.054982530 0.007978680 0.010727469
v 0.054982530 0.005731779 0.008778417
v 0.054982530 0.003013574 0.007459336
v 0.054982530 0.000000000 0.006882591
v 0.054982530 -0.003104908 0.007118475
v 0.054982530 -0.005908221 0.008472809
v 0.054982530 -0.008228208 0.010477941
v 0.054982530 -0.009921570 0.012977927
v 0.054982530 -0.010892207 0.015787591
v 0.054982530 -0.011096443 0.018706149
v 0.054982530 -0.010544474 0.021531532
v 0.054982530 -0.009298032 0.024074370
v 0.054982530 -0.007464532 0.026170681
v 0.054982530 -0.005188221 0.027692412
v 0.054982530 -0.002639034 0.028555156
v 0.055358024 0.000000000 0.029263303
v 0.055358024 0.002685805 0.028729710
v 0.055358024 0.005098577 0.027537143
v 0.055358024 0.007083198 0.025789346
v 0.055358024 0.008524155 0.023627572
v 0.055358024 0.009681326 0.021300252
v 0.055358024 0.010202846 0.018706149
v 0.055358024 0.010029059 0.016018870
v 0.055358024 0.009147693 0.013424726
v 0.055358024 0.007596339 0.011109810
v 0.055358024 0.005461423 0.009246687
v 0.055358024 0.002873628 0.007981623
v 0.055358024 0.000000000 0.007423303
v 0.055358024 -0.002966803 0.007633890
v 0.055358024 -0.005821423 0.008623148
v 0.055358024 -0.008360014 0.010346134
v 0.055358024 -0.010389840 0.012707572
v 0.055358024 -0.011414494 0.015647644
v 0.055358024 -0.011637154 0.018706149
v 0.055358024 -0.011066761 0.021671478
v 0.055358024 -0.009766302 0.024344726
v 0.055358024 -0.007846873 0.026553022
v 0.055358024 -0.005458577 0.028160682
v 0.055358024 -0.002778980 0.029077443
v 0.055733518 0.000000000 0.029804014
v 0.055733518 0.002825752 0.029251997
v 0.055733518 0.005368933 0.028005413
v 0.055733518 0.007465538 0.026171687
v 0.055733518 0.008987495 0.023895082
v 0.055733518 0.009850382 0.021345551
v 0.055733518 0.010017866 0.018706149
v 0.055733518 0.009506772 0.016158817
v 0.055733518 0.008679423 0.013695082
v 0.055733518 0.007213998 0.011492150
v 0.055733518 0.005191067 0.009714957
v 0.055733518 0.002733682 0.008503910
v 0.055733518 0.000000000 0.007964014
v 0.055733518 -0.002826856 0.008156177
v 0.055733518 -0.005551067 0.009091418
v 0.055733518 -0.007977674 0.010728475
v 0.055733518 -0.009926500 0.012975082
v 0.055733518 -0.011245438 0.015692943
v 0.055733518 -0.011822134 0.018706149
v 0.055733518 -0.011589048 0.021811425
v 0.055733518 -0.010234572 0.024615082
v 0.055733518 -0.008229214 0.026935362
v 0.055733518 -0.005728933 0.028628951
v 0.055733518 -0.002918926 0.029599730
v 0.056109012 0.000000000 0.030344726
v 0.056109012 0.002965698 0.029774284
v 0.056109012 0.005639289 0.028473683
v 0.056109012 0.007847879 0.026554028
v 0.056109012 0.009455765 0.024165437
v 0.056109012 0.010372669 0.021485497
v 0.056109012 0.010558577 0.018706149
v 0.056109012 0.010024936 0.016019975
v 0.056109012 0.008832227 0.013606860
v 0.056109012 0.007084204 0.011621945
v 0.056109012 0.004920711 0.010183226
v 0.056109012 0.002593735 0.009026198
v 0.056109012 0.000000000 0.008504726
v 0.056109012 -0.002686910 0.008678464
v 0.056109012 -0.005280711 0.009559688
v 0.056109012 -0.007595333 0.011110816
v 0.056109012 -0.009458230 0.013245437
v 0.056109012 -0.010723151 0.015832889
v 0.056109012 -0.011281423 0.018706149
v 0.056109012 -0.011070884 0.021672583
v 0.056109012 -0.010081768 0.024526860
v 0.056109012 -0.008359008 0.027065157
v 0.056109012 -0.005999289 0.029097221
v 0.056109012 -0.003058873 0.030122018
v 0.056484506 0.000000000 0.030526860
v 0.056484506 0.003105644 0.030296571
v 0.056484506 0.005909644 0.028941953
v 0.056484506 0.008230220 0.026936369
v 0.056484506 0.009924035 0.024435793
v 0.056484506 0.010894956 0.021625443
v 0.056484506 0.011099289 0.018706149
v 0.056484506 0.010547223 0.015880029
v 0.056484506 0.009300497 0.013336504
v 0.056484506 0.007466545 0.011239604
v 0.056484506 0.005189644 0.009717421
v 0.056484506 0.002639770 0.008854393
v 0.056484506 0.000000000 0.008686860
v 0.056484506 -0.002546964 0.009200751
v 0.056484506 -0.005010356 0.010027958
v 0.056484506 -0.007212992 0.011493156
v 0.056484506 -0.008989960 0.013515793
v 0.056484506 -0.010200864 0.015972835
v 0.056484506 -0.010740711 0.018706149
v 0.056484506 -0.010548597 0.021532637
v 0.056484506 -0.009613498 0.024256504
v 0.056484506 -0.007976668 0.026682816
v 0.056484506 -0.005730356 0.028631416
v 0.056484506 -0.003012838 0.029950213
v 0.056860000 0.000000000 0.029986149
v 0.056860000 0.002966066 0.029775659
v 0.056860000 0.005820000 0.028786684
v 0.056860000 0.008358002 0.027064151
v 0.056860000 0.010392305 0.024706149
v 0.056860000 0.011417243 0.021765390
v 0.056860000 0.011640000 0.018706149
v 0.056860000 0.011069510 0.015740082
v 0.056860000 0.009768767 0.013066149
v 0.056860000 0.007848885 0.010857263
v 0.056860000 0.005460000 0.009249151
v 0.056860000 0.002779717 0.008332105
v 0.056860000 0.000000000 0.008146149
v 0.056860000 -0.002686542 0.008679839
v 0.056860000 -0.005100000 0.009872690
v 0.056860000 -0.007085210 0.011620939
v 0.056860000 -0.008521690 0.013786149
v 0.056860000 -0.009678577 0.016112782
v 0.056860000 -0.010200000 0.018706149
v 0.056860000 -0.010026310 0.021392690
v 0.056860000 -0.009145228 0.023986149
v 0.056860000 -0.007594327 0.026300476
v 0.056860000 -0.005460000 0.028163146
v 0.056860000 -0.002872891 0.029427925
v -0.056860000 0.010800000 0.037412297
v -0.056860000 0.021600000 0.018706149
v -0.056860000 0.010800000 0.000000000
v -0.056860000 -0.010800000 0.000000000
v -0.056860000 -0.021600000 0.018706149
v -0.056860000 -0.010800000 0.037412297
v -0.038140000 0.010800000 0.037412297
v -0.038140000 0.021600000 0.018706149
v -0.038140000 0.010800000 0.000000000
v -0.038140000 -0.010800000 0.000000000
v -0.038140000 -0.021600000 0.018706149
v -0.038140000 -0.010800000 0.037412297
v -0.056860000 0.000000000 0.018706149
s 1
usemtl thread
f 1 2 26 25
f 2 3 27 26
f 3 4 28 27
f 4 5 29 28
f 5 6 30 29
f 6 7 31 30
f 7 8 32 31
f 8 9 33 32
f 9 10 34 33
f 10 11 35 34
f 11 12 36 35
f 12 13 37 36
f 13 14 38 37
f 14 15 39 38
f 15 16 40 39
f 16 17 41 40
f 17 18 42 41
f 18 19 43 42
f 19 20 44 43
f 20 21 45 44
f 21 22 46 45
f 22 23 47 46
f 23 24 48 47
f 24 1 25 48
f 25 26 50 49
f 26 27 51 50
f 27 28 52 51
f 28 29 53 52
f 29 30 54 53
f 30 31 55 54
f 31 32 56 55
f 32 33 57 56
f 33 34 58 57
f 34 35 59 58
f 35 36 60 59
f 36 37 61 60
f 37 38 62 61
f 38 39 63 62
f 39 40 64 63
f 40 41 65 64
f 41 42 66 65
f 42 43 67 66
f 43 44 68 67
f 44 45 69 68
f 45 46 70 69
f 46 47 71 70
f 47 48 72 71
f 48 25 49 72
f 49 50 74 73
f 50 51 75 74
f 51 52 76 75
f 52 53 77 76
f 53 54 78 77
f 54 55 79 78
f 55 56 80 79
f 56 57 81 80
f 57 58 82 81
f 58 59 83 82
f 59 60 84 83
f 60 61 85 84
f 61 62 86 85
f 62 63 87 86
f 63 64 88 87
f 64 65 89 88
f 65 66 90 89
f 66 67 91 90
f 67 68 92 91
f 68 69 93 92
f 69 70 94 93
f 70 71 95 94
f 71 72 96 95
f 72 49 73 96
f 73 74 98 97
f 74 75 99 98
f 75 76 100 99
f 76 77 101 100
f 77 78 102 101
f 78 79 103 102
f 79 80 104 103
f 80 81 105 104
f 81 82 106 105
f 82 83 107 106
f 83 84 108 107
f 84 85 109 108
f 85 86 110 109
f 86 87 111 110
f 87 88 112 111
f 88 89 113 112
f 89 90 114 113
f 90 91 115 114
f 91 92 116 115
f 92 93 117 116
f 93 94 118 117
f 94 95 119 118
f 95 96 120 119
f 96 73 97 120
f 97 98 122 121
f 98 99 123 122
f 99 100 124 123
f 100 101 125 124
f 101 102 126 125
f 102 103 127 126
f 103 104 128 127
f 104 105 129 128
f 105 106 130 129
f 106 107 131 130
f 107 108 132 131
f 108 109 133 132
f 109 110 134 133
f 110 111 135 134
f 111 112 136 135
f 112 113 137 136
f 113 114 138 137
f 114 115 139 138
f 115 116 140 139
f 116 117 141 140
f 117 118 142 141
f 118 119 143 142
f 119 120 144 143
f 120 97 121 144
f 121 122 146 145
f 122 123 147 146
f 123 124 148 147
f 124 125 149 148
f 125 126 150 149
f 126 127 151 150
f 127 128 152 151
f 128 129 153 152
f 129 130 154 153
f 130 131 155 154
f 131 132 156 155
f 132 133 157 156
f 133 134 158 157
f 134 135 159 158
f 135 136 160 159
f 136 137 161 160
f 137 138 162 161
f 138 139 163 162
f 139 140 164 163
f 140 141 165 164
f 141 142 166 165
f 142 143 167 166
f 143 144 168 167
f 144 121 145 168
f 145 146 170 169
f 146 147 171 170
f 147 148 172 171
f 148 149 173 172
f 149 150 174 173
f 150 151 175 174
f 151 152 176 175
f 152 153 177 176
f 153 154 178 177
f 154 155 179 178
f 155 156 180 179
f 156 157 181 180
f 157 158 182 181
f 158 159 183 182
f 159 160 184 183
f 160 161 185 184
f 161 162 186 185
f 162 163 187 186
f 163 164 188 187
f 164 165 189 188
f 165 166 190 189
f 166 167 191 190
f 167 168 192 191
f 168 145 169 192
f 169 170 194 193
f 170 171 195 194
f 171 172 196 195
f 172 173 197 196
f 173 174 198 197
f 174 175 199 198
f 175 176 200 199
f 176 177 201 200
f 177 178 202 201
f 178 179 203 202
f 179 180 204 203
f 180 181 205 204
f 181 182 206 205
f 182 183 207 206
f 183 184 208 207
f 184 185 209 208
f 185 186 210 209
f 186 187 211 210
f 187 188 212 211
f 188 189 213 212
f 189 190 214 213
f 190 191 215 214
f 191 192 216 215
f 192 169 193 216
f 193 194 218 217
f 194 195 219 218
f 195 196 220 219
f 196 197 221 220
f 197 198 222 221
f 198 199 223 222
f 199 200 224 223
f 200 201 225 224
f 201 202 226 225
f 202 203 227 226
f 203 204 228 227
f 204 205 229 228
f 205 206 230 229
f 206 207 231 230
f 207 208 232 231
f 208 209 233 232
f 209 210 234 233
f 210 211 235 234
f 211 212 236 235
f 212 213 237 236
f 213 214 238 237
f 214 215 239 238
f 215 216 240 239
f 216 193 217 240
f 217 218 242 241
f 218 219 243 242
f 219 220 244 243
f 220 221 245 244
f 221 222 246 245
f 222 223 247 246
f 223 224 248 247
f 224 225 249 248
f 225 226 250 249
f 226 227 251 250
f 227 228 252 251
f 228 229 253 252
f 229 230 254 253
f 230 231 255 254
f 231 232 256 255
f 232 233 257 256
f 233 234 258 257
f 234 235 259 258
f 235 236 260 259
f 236 237 261 260
f 237 238 262 261
f 238 239 263 262
f 239 240 264 263
f 240 217 241 264
f 241 242 266 265
f 242 243 267 266
f 243 244 268 267
f 244 245 269 268
f 245 246 270 269
f 246 247 271 270
f 247 248 272 271
f 248 249 273 272
f 249 250 274 273
f 250 251 275 274
f 251 252 276 275
f 252 253 277 276
f 253 254 278 277
f 254 255 279 278
f 255 256 280 279
f 256 257 281 280
f 257 258 282 281
f 258 259 283 282
f 259 260 284 283
f 260 261 285 284
f 261 262 286 285
f 262 263 287 286
f 263 264 288 287
f 264 241 265 288
f 265 266 290 289
f 266 267 291 290
f 267 268 292 291
f 268 269 293 292
f 269 270 294 293
f 270 271 295 294
f 271 272 296 295
f 272 273 297 296
f 273 274 298 297
f 274 275 299 298
f 275 276 300 299
f 276 277 301 300
f 277 278 302 301
f 278 279 303 302
f 279 280 304 303
f 280 281 305 304
f 281 282 306 305
f 282 283 307 306
f 283 284 308 307
f 284 285 309 308
f 285 286 310 309
f 286 287 311 310
f 287 288 312 311
f 288 265 289 312
f 289 290 314 313
f 290 291 315 314
f 291 292 316 315
f 292 293 317 316
f 293 294 318 317
f 294 295 319 318
f 295 296 320 319
f 296 297 321 320
f 297 298 322 321
f 298 299 323 322
f 299 300 324 323
f 300 301 325 324
f 301 302 326 325
f 302 303 327 326
f 303 304 328 327
f 304 305 329 328
f 305 306 330 329
f 306 307 331 330
f 307 308 332 331
f 308 309 333 332
f 309 310 334 333
f 310 311 335 334
f 311 312 336 335
f 312 289 313 336
f 313 314 338 337
f 314 315 339 338
f 315 316 340 339
f 316 317 341 340
f 317 318 342 341
f 318 319 343 342
f 319 320 344 343
f 320 321 345 344
f 321 322 346 345
f 322 323 347 346
f 323 324 348 347
f 324 325 349 348
f 325 326 350 349
f 326 327 351 350
f 327 328 352 351
f 328 329 353 352
f 329 330 354 353
f 330 331 355 354
f 331 332 356 355
f 332 333 357 356
f 333 334 358 357
f 334 335 359 358
f 335 336 360 359
f 336 313 337 360
f 337 338 362 361
f 338 339 363 362
f 339 340 364 363
f 340 341 365 364
f 341 342 366 365
f 342 343 367 366
f 343 344 368 367
f 344 345 369 368
f 345 346 370 369
f 346 347 371 370
f 347 348 372 371
f 348 349 373 372
f 349 350 374 373
f 350 351 375 374
f 351 352 376 375
f 352 353 377 376
f 353 354 378 377
f 354 355 379 378
f 355 356 380 379
f 356 357 381 380
f 357 358 382 381
f 358 359 383 382
f 359 360 384 383
f 360 337 361 384
f 361 362 386 385
f 362 363 387 386
f 363 364 388 387
f 364 365 389 388
f 365 366 390 389
f 366 367 391 390
f 367 368 392 391
f 368 369 393 392
f 369 370 394 393
f 370 371 395 394
f 371 372 396 395
f 372 373 397 396
f 373 374 398 397
f 374 375 399 398
f 375 376 400 399
f 376 377 401 400
f 377 378 402 401
f 378 379 403 402
f 379 380 404 403
f 380 381 405 404
f 381 382 406 405
f 382 383 407 406
f 383 384 408 407
f 384 361 385 408
f 385 386 410 409
f 386 387 411 410
f 387 388 412 411
f 388 389 413 412
f 389 390 414 413
f 390 391 415 414
f 391 392 416 415
f 392 393 417 416
f 393 394 418 417
f 394 395 419 418
f 395 396 420 419
f 396 397 421 420
f 397 398 422 421
f 398 399 423 422
f 399 400 424 423
f 400 401 425 424
f 401 402 426 425
f 402 403 427 426
f 403 404 428 427
f 404 405 429 428
f 405 406 430 429
f 406 407 431 430
f 407 408 432 431
f 408 385 409 432
f 409 410 434 433
f 410 411 435 434
f 411 412 436 435
f 412 413 437 436
f 413 414 438 437
f 414 415 439 438
f 415 416 440 439
f 416 417 441 440
f 417 418 442 441
f 418 419 443 442
f 419 420 444 443
f 420 421 445 444
f 421 422 446 445
f 422 423 447 446
f 423 424 448 447
f 424 425 449 448
f 425 426 450 449
f 426 427 451 450
f 427 428 452 451
f 428 429 453 452
f 429 430 454 453
f 430 431 455 454
f 431 432 456 455
f 432 409 433 456
f 433 434 458 457
f 434 435 459 458
f 435 436 460 459
f 436 437 461 460
f 437 438 462 461
f 438 439 463 462
f 439 440 464 463
f 440 441 465 464
f 441 442 466 465
f 442 443 467 466
f 443 444 468 467
f 444 445 469 468
f 445 446 470 469
f 446 447 471 470
f 447 448 472 471
f 448 449 473 472
f 449 450 474 473
f 450 451 475 474
f 451 452 476 475
f 452 453 477 476
f 453 454 478 477
f 454 455 479 478
f 455 456 480 479
f 456 433 457 480
f 457 458 482 481
f 458 459 483 482
f 459 460 484 483
f 460 461 485 484
f 461 462 486 485
f 462 463 487 486
f 463 464 488 487
f 464 465 489 488
f 465 466 490 489
f 466 467 491 490
f 467 468 492 491
f 468 469 493 492
f 469 470 494 493
f 470 471 495 494
f 471 472 496 495
f 472 473 497 496
f 473 474 498 497
f 474 475 499 498
f 475 476 500 499
f 476 477 501 500
f 477 478 502 501
f 478 479 503 502
f 479 480 504 503
f 480 457 481 504
f 481 482 506 505
f 482 483 507 506
f 483 484 508 507
f 484 485 509 508
f 485 486 510 509
f 486 487 511 510
f 487 488 512 511
f 488 489 513 512
f 489 490 514 513
f 490 491 515 514
f 491 492 516 515
f 492 493 517 516
f 493 494 518 517
f 494 495 519 518
f 495 496 520 519
f 496 497 521 520
f 497 498 522 521
f 498 499 523 522
f 499 500 524 523
f 500 501 525 524
f 501 502 526 525
f 502 503 527 526
f 503 504 528 527
f 504 481 505 528
f 505 506 530 529
f 506 507 531 530
f 507 508 532 531
f 508 509 533 532
f 509 510 534 533
f 510 511 535 534
f 511 512 536 535
f 512 513 537 536
f 513 514 538 537
f 514 515 539 538
f 515 516 540 539
f 516 517 541 540
f 517 518 542 541
f 518 519 543 542
f 519 520 544 543
f 520 521 545 544
f 521 522 546 545
f 522 523 547 546
f 523 524 548 547
f 524 525 549 548
f 525 526 550 549
f 526 527 551 550
f 527 528 552 551
f 528 505 529 552
f 529 530 554 553
f 530 531 555 554
f 531 532 556 555
f 532 533 557 556
f 533 534 558 557
f 534 535 559 558
f 535 536 560 559
f 536 537 561 560
f 537 538 562 561
f 538 539 563 562
f 539 540 564 563
f 540 541 565 564
f 541 542 566 565
f 542 543 567 566
f 543 544 568 567
f 544 545 569 568
f 545 546 570 569
f 546 547 571 570
f 547 548 572 571
f 548 549 573 572
f 549 550 574 573
f 550 551 575 574
f 551 552 576 575
f 552 529 553 576
f 553 554 578 577
f 554 555 579 578
f 555 556 580 579
f 556 557 581 580
f 557 558 582 581
f 558 559 583 582
f 559 560 584 583
f 560 561 585 584
f 561 562 586 585
f 562 563 587 586
f 563 564 588 587
f 564 565 589 588
f 565 566 590 589
f 566 567 591 590
f 567 568 592 591
f 568 569 593 592
f 569 570 594 593
f 570 571 595 594
f 571 572 596 595
f 572 573 597 596
f 573 574 598 597
f 574 575 599 598
f 575 576 600 599
f 576 553 577 600
f 577 578 602 601
f 578 579 603 602
f 579 580 604 603
f 580 581 605 604
f 581 582 606 605
f 582 583 607 606
f 583 584 608 607
f 584 585 609 608
f 585 586 610 609
f 586 587 611 610
f 587 588 612 611
f 588 589 613 612
f 589 590 614 613
f 590 591 615 614
f 591 592 616 615
f 592 593 617 616
f 593 594 618 617
f 594 595 619 618
f 595 596 620 619
f 596 597 621 620
f 597 598 622 621
f 598 599 623 622
f 599 600 624 623
f 600 577 601 624
f 601 602 626 625
f 602 603 627 626
f 603 604 628 627
f 604 605 629 628
f 605 606 630 629
f 606 607 631 630
f 607 608 632 631
f 608 609 633 632
f 609 610 634 633
f 610 611 635 634
f 611 612 636 635
f 612 613 637 636
f 613 614 638 637
f 614 615 639 638
f 615 616 640 639
f 616 617 641 640
f 617 618 642 641
f 618 619 643 642
f 619 620 644 643
f 620 621 645 644
f 621 622 646 645
f 622 623 647 646
f 623 624 648 647
f 624 601 625 648
f 625 626 650 649
f 626 627 651 650
f 627 628 652 651
f 628 629 653 652
f 629 630 654 653
f 630 631 655 654
f 631 632 656 655
f 632 633 657 656
f 633 634 658 657
f 634 635 659 658
f 635 636 660 659
f 636 637 661 660
f 637 638 662 661
f 638 639 663 662
f 639 640 664 663
f 640 641 665 664
f 641 642 666 665
f 642 643 667 666
f 643 644 668 667
f 644 645 669 668
f 645 646 670 669
f 646 647 671 670
f 647 648 672 671
f 648 625 649 672
f 649 650 674 673
f 650 651 675 674
f 651 652 676 675
f 652 653 677 676
f 653 654 678 677
f 654 655 679 678
f 655 656 680 679
f 656 657 681 680
f 657 658 682 681
f 658 659 683 682
f 659 660 684 683
f 660 661 685 684
f 661 662 686 685
f 662 663 687 686
f 663 664 688 687
f 664 665 689 688
f 665 666 690 689
f 666 667 691 690
f 667 668 692 691
f 668 669 693 692
f 669 670 694 693
f 670 671 695 694
f 671 672 696 695
f 672 649 673 696
f 673 674 698 697
f 674 675 699 698
f 675 676 700 699
f 676 677 701 700
f 677 678 702 701
f 678 679 703 702
f 679 680 704 703
f 680 681 705 704
f 681 682 706 705
f 682 683 707 706
f 683 684 708 707
f 684 685 709 708
f 685 686 710 709
f 686 687 711 710
f 687 688 712 711
f 688 689 713 712
f 689 690 714 713
f 690 691 715 714
f 691 692 716 715
f 692 693 717 716
f 693 694 718 717
f 694 695 719 718
f 695 696 720 719
f 696 673 697 720
f 697 698 722 721
f 698 699 723 722
f 699 700 724 723
f 700 701 725 724
f 701 702 726 725
f 702 703 727 726
f 703 704 728 727
f 704 705 729 728
f 705 706 730 729
f 706 707 731 730
f 707 708 732 731
f 708 709 733 732
f 709 710 734 733
f 710 711 735 734
f 711 712 736 735
f 712 713 737 736
f 713 714 738 737
f 714 715 739 738
f 715 716 740 739
f 716 717 741 740
f 717 718 742 741
f 718 719 743 742
f 719 720 744 743
f 720 697 721 744
f 721 722 746 745
f 722 723 747 746
f 723 724 748 747
f 724 725 749 748
f 725 726 750 749
f 726 727 751 750
f 727 728 752 751
f 728 729 753 752
f 729 730 754 753
f 730 731 755 754
f 731 732 756 755
f 732 733 757 756
f 733 734 758 757
f 734 735 759 758
f 735 736 760 759
f 736 737 761 760
f 737 738 762 761
f 738 739 763 762
f 739 740 764 763
f 740 741 765 764
f 741 742 766 765
f 742 743 767 766
f 743 744 768 767
f 744 721 745 768
f 745 746 770 769
f 746 747 771 770
f 747 748 772 771
f 748 749 773 772
f 749 750 774 773
f 750 751 775 774
f 751 752 776 775
f 752 753 777 776
f 753 754 778 777
f 754 755 779 778
f 755 756 780 779
f 756 757 781 780
f 757 758 782 781
f 758 759 783 782
f 759 760 784 783
f 760 761 785 784
f 761 762 786 785
f 762 763 787 786
f 763 764 788 787
f 764 765 789 788
f 765 766 790 789
f 766 767 791 790
f 767 768 792 791
f 768 745 769 792
f 769 770 794 793
f 770 771 795 794
f 771 772 796 795
f 772 773 797 796
f 773 774 798 797
f 774 775 799 798
f 775 776 800 799
f 776 777 801 800
f 777 778 802 801
f 778 779 803 802
f 779 780 804 803
f 780 781 805 804
f 781 782 806 805
f 782 783 807 806
f 783 784 808 807
f 784 785 809 808
f 785 786 810 809
f 786 787 811 810
f 787 788 812 811
f 788 789 813 812
f 789 790 814 813
f 790 791 815 814
f 791 792 816 815
f 792 769 793 816
f 793 794 818 817
f 794 795 819 818
f 795 796 820 819
f 796 797 821 820
f 797 798 822 821
f 798 799 823 822
f 799 800 824 823
f 800 801 825 824
f 801 802 826 825
f 802 803 827 826
f 803 804 828 827
f 804 805 829 828
f 805 806 830 829
f 806 807 831 830
f 807 808 832 831
f 808 809 833 832
f 809 810 834 833
f 810 811 835 834
f 811 812 836 835
f 812 813 837 836
f 813 814 838 837
f 814 815 839 838
f 815 816 840 839
f 816 793 817 840
f 817 818 842 841
f 818 819 843 842
f 819 820 844 843
f 820 821 845 844
f 821 822 846 845
f 822 823 847 846
f 823 824 848 847
f 824 825 849 848
f 825 826 850 849
f 826 827 851 850
f 827 828 852 851
f 828 829 853 852
f 829 830 854 853
f 830 831 855 854
f 831 832 856 855
f 832 833 857 856
f 833 834 858 857
f 834 835 859 858
f 835 836 860 859
f 836 837 861 860
f 837 838 862 861
f 838 839 863 862
f 839 840 864 863
f 840 817 841 864
f 841 842 866 865
f 842 843 867 866
f 843 844 868 867
f 844 845 869 868
f 845 846 870 869
f 846 847 871 870
f 847 848 872 871
f 848 849 873 872
f 849 850 874 873
f 850 851 875 874
f 851 852 876 875
f 852 853 877 876
f 853 854 878 877
f 854 855 879 878
f 855 856 880 879
f 856 857 881 880
f 857 858 882 881
f 858 859 883 882
f 859 860 884 883
f 860 861 885 884
f 861 862 886 885
f 862 863 887 886
f 863 864 888 887
f 864 841 865 888
f 865 866 890 889
f 866 867 891 890
f 867 868 892 891
f 868 869 893 892
f 869 870 894 893
f 870 871 895 894
f 871 872 896 895
f 872 873 897 896
f 873 874 898 897
f 874 875 899 898
f 875 876 900 899
f 876 877 901 900
f 877 878 902 901
f 878 879 903 902
f 879 880 904 903
f 880 881 905 904
f 881 882 906 905
f 882 883 907 906
f 883 884 908 907
f 884 885 909 908
f 885 886 910 909
f 886 887 911 910
f 887 888 912 911
f 888 865 889 912
f 889 890 914 913
f 890 891 915 914
f 891 892 916 915
f 892 893 917 916
f 893 894 918 917
f 894 895 919 918
f 895 896 920 919
f 896 897 921 920
f 897 898 922 921
f 898 899 923 922
f 899 900 924 923
f 900 901 925 924
f 901 902 926 925
f 902 903 927 926
f 903 904 928 927
f 904 905 929 928
f 905 906 930 929
f 906 907 931 930
f 907 908 932 931
f 908 909 933 932
f 909 910 934 933
f 910 911 935 934
f 911 912 936 935
f 912 889 913 936
f 913 914 938 937
f 914 915 939 938
f 915 916 940 939
f 916 917 941 940
f 917 918 942 941
f 918 919 943 942
f 919 920 944 943
f 920 921 945 944
f 921 922 946 945
f 922 923 947 946
f 923 924 948 947
f 924 925 949 948
f 925 926 950 949
f 926 927 951 950
f 927 928 952 951
f 928 929 953 952
f 929 930 954 953
f 930 931 955 954
f 931 932 956 955
f 932 933 957 956
f 933 934 958 957
f 934 935 959 958
f 935 936 960 959
f 936 913 937 960
f 937 938 962 961
f 938 939 963 962
f 939 940 964 963
f 940 941 965 964
f 941 942 966 965
f 942 943 967 966
f 943 944 968 967
f 944 945 969 968
f 945 946 970 969
f 946 947 971 970
f 947 948 972 971
f 948 949 973 972
f 949 950 974 973
f 950 951 975 974
f 951 952 976 975
f 952 953 977 976
f 953 954 978 977
f 954 955 979 978
f 955 956 980 979
f 956 957 981 980
f 957 958 982 981
f 958 959 983 982
f 959 960 984 983
f 960 937 961 984
f 961 962 986 985
f 962 963 987 986
f 963 964 988 987
f 964 965 989 988
f 965 966 990 989
f 966 967 991 990
f 967 968 992 991
f 968 969 993 992
f 969 970 994 993
f 970 971 995 994
f 971 972 996 995
f 972 973 997 996
f 973 974 998 997
f 974 975 999 998
f 975 976 1000 999
f 976 977 1001 1000
f 977 978 1002 1001
f 978 979 1003 1002
f 979 980 1004 1003
f 980 981 1005 1004
f 981 982 1006 1005
f 982 983 1007 1006
f 983 984 1008 1007
f 984 961 985 1008
f 985 986 1010 1009
f 986 987 1011 1010
f 987 988 1012 1011
f 988 989 1013 1012
f 989 990 1014 1013
f 990 991 1015 1014
f 991 992 1016 1015
f 992 993 1017 1016
f 993 994 1018 1017
f 994 995 1019 1018
f 995 996 1020 1019
f 996 997 1021 1020
f 997 998 1022 1021
f 998 999 1023 1022
f 999 1000 1024 1023
f 1000 1001 1025 1024
f 1001 1002 1026 1025
f 1002 1003 1027 1026
f 1003 1004 1028 1027
f 1004 1005 1029 1028
f 1005 1006 1030 1029
f 1006 1007 1031 1030
f 1007 1008 1032 1031
f 1008 985 1009 1032
f 1009 1010 1034 1033
f 1010 1011 1035 1034
f 1011 1012 1036 1035
f 1012 1013 1037 1036
f 1013 1014 1038 1037
f 1014 1015 1039 1038
f 1015 1016 1040 1039
f 1016 1017 1041 1040
f 1017 1018 1042 1041
f 1018 1019 1043 1042
f 1019 1020 1044 1043
f 1020 1021 1045 1044
f 1021 1022 1046 1045
f 1022 1023 1047 1046
f 1023 1024 1048 1047
f 1024 1025 1049 1048
f 1025 1026 1050 1049
f 1026 1027 1051 1050
f 1027 1028 1052 1051
f 1028 1029 1053 1052
f 1029 1030 1054 1053
f 1030 1031 1055 1054
f 1031 1032 1056 1055
f 1032 1009 1033 1056
f 1033 1034 1058 1057
f 1034 1035 1059 1058
f 1035 1036 1060 1059
f 1036 1037 1061 1060
f 1037 1038 1062 1061
f 1038 1039 1063 1062
f 1039 1040 1064 1063
f 1040 1041 1065 1064
f 1041 1042 1066 1065
f 1042 1043 1067 1066
f 1043 1044 1068 1067
f 1044 1045 1069 1068
f 1045 1046 1070 1069
f 1046 1047 1071 1070
f 1047 1048 1072 1071
f 1048 1049 1073 1072
f 1049 1050 1074 1073
f 1050 1051 1075 1074
f 1051 1052 1076 1075
f 1052 1053 1077 1076
f 1053 1054 1078 1077
f 1054 1055 1079 1078
f 1055 1056 1080 1079
f 1056 1033 1057 1080
f 1057 1058 1082 1081
f 1058 1059 1083 1082
f 1059 1060 1084 1083
f 1060 1061 1085 1084
f 1061 1062 1086 1085
f 1062 1063 1087 1086
f 1063 1064 1088 1087
f 1064 1065 1089 1088
f 1065 1066 1090 1089
f 1066 1067 1091 1090
f 1067 1068 1092 1091
f 1068 1069 1093 1092
f 1069 1070 1094 1093
f 1070 1071 1095 1094
f 1071 1072 1096 1095
f 1072 1073 1097 1096
f 1073 1074 1098 1097
f 1074 1075 1099 1098
f 1075 1076 1100 1099
f 1076 1077 1101 1100
f 1077 1078 1102 1101
f 1078 1079 1103 1102
f 1079 1080 1104 1103
f 1080 1057 1081 1104
f 1081 1082 1106 1105
f 1082 1083 1107 1106
f 1083 1084 1108 1107
f 1084 1085 1109 1108
f 1085 1086 1110 1109
f 1086 1087 1111 1110
f 1087 1088 1112 1111
f 1088 1089 1113 1112
f 1089 1090 1114 1113
f 1090 1091 1115 1114
f 1091 1092 1116 1115
f 1092 1093 1117 1116
f 1093 1094 1118 1117
f 1094 1095 1119 1118
f 1095 1096 1120 1119
f 1096 1097 1121 1120
f 1097 1098 1122 1121
f 1098 1099 1123 1122
f 1099 1100 1124 1123
f 1100 1101 1125 1124
f 1101 1102 1126 1125
f 1102 1103 1127 1126
f 1103 1104 1128 1127
f 1104 1081 1105 1128
f 1105 1106 1130 1129
f 1106 1107 1131 1130
f 1107 1108 1132 1131
f 1108 1109 1133 1132
f 1109 1110 1134 1133
f 1110 1111 1135 1134
f 1111 1112 1136 1135
f 1112 1113 1137 1136
f 1113 1114 1138 1137
f 1114 1115 1139 1138
f 1115 1116 1140 1139
f 1116 1117 1141 1140
f 1117 1118 1142 1141
f 1118 1119 1143 1142
f 1119 1120 1144 1143
f 1120 1121 1145 1144
f 1121 1122 1146 1145
f 1122 1123 1147 1146
f 1123 1124 1148 1147
f 1124 1125 1149 1148
f 1125 1126 1150 1149
f 1126 1127 1151 1150
f 1127 1128 1152 1151
f 1128 1105 1129 1152
f 1129 1130 1154 1153
f 1130 1131 1155 1154
f 1131 1132 1156 1155
f 1132 1133 1157 1156
f 1133 1134 1158 1157
f 1134 1135 1159 1158
f 1135 1136 1160 1159
f 1136 1137 1161 1160
f 1137 1138 1162 1161
f 1138 1139 1163 1162
f 1139 1140 1164 1163
f 1140 1141 1165 1164
f 1141 1142 1166 1165
f 1142 1143 1167 1166
f 1143 1144 1168 1167
f 1144 1145 1169 1168
f 1145 1146 1170 1169
f 1146 1147 1171 1170
f 1147 1148 1172 1171
f 1148 1149 1173 1172
f 1149 1150 1174 1173
f 1150 1151 1175 1174
f 1151 1152 1176 1175
f 1152 1129 1153 1176
f 1153 1154 1178 1177
f 1154 1155 1179 1178
f 1155 1156 1180 1179
f 1156 1157 1181 1180
f 1157 1158 1182 1181
f 1158 1159 1183 1182
f 1159 1160 1184 1183
f 1160 1161 1185 1184
f 1161 1162 1186 1185
f 1162 1163 1187 1186
f 1163 1164 1188 1187
f 1164 1165 1189 1188
f 1165 1166 1190 1189
f 1166 1167 1191 1190
f 1167 1168 1192 1191
f 1168 1169 1193 1192
f 1169 1170 1194 1193
f 1170 1171 1195 1194
f 1171 1172 1196 1195
f 1172 1173 1197 1196
f 1173 1174 1198 1197
f 1174 1175 1199 1198
f 1175 1176 1200 1199
f 1176 1153 1177 1200
f 1177 1178 1202 1201
f 1178 1179 1203 1202
f 1179 1180 1204 1203
f 1180 1181 1205 1204
f 1181 1182 1206 1205
f 1182 1183 1207 1206
f 1183 1184 1208 1207
f 1184 1185 1209 1208
f 1185 1186 1210 1209
f 1186 1187 1211 1210
f 1187 1188 1212 1211
f 1188 1189 1213 1212
f 1189 1190 1214 1213
f 1190 1191 1215 1214
f 1191 1192 1216 1215
f 1192 1193 1217 1216
f 1193 1194 1218 1217
f 1194 1195 1219 1218
f 1195 1196 1220 1219
f 1196 1197 1221 1220
f 1197 1198 1222 1221
f 1198 1199 1223 1222
f 1199 1200 1224 1223
f 1200 1177 1201 1224
f 1201 1202 1226 1225
f 1202 1203 1227 1226
f 1203 1204 1228 1227
f 1204 1205 1229 1228
f 1205 1206 1230 1229
f 1206 1207 1231 1230
f 1207 1208 1232 1231
f 1208 1209 1233 1232
f 1209 1210 1234 1233
f 1210 1211 1235 1234
f 1211 1212 1236 1235
f 1212 1213 1237 1236
f 1213 1214 1238 1237
f 1214 1215 1239 1238
f 1215 1216 1240 1239
f 1216 1217 1241 1240
f 1217 1218 1242 1241
f 1218 1219 1243 1242
f 1219 1220 1244 1243
f 1220 1221 1245 1244
f 1221 1222 1246 1245
f 1222 1223 1247 1246
f 1223 1224 1248 1247
f 1224 1201 1225 1248
f 1225 1226 1250 1249
f 1226 1227 1251 1250
f 1227 1228 1252 1251
f 1228 1229 1253 1252
f 1229 1230 1254 1253
f 1230 1231 1255 1254
f 1231 1232 1256 1255
f 1232 1233 1257 1256
f 1233 1234 1258 1257
f 1234 1235 1259 1258
f 1235 1236 1260 1259
f 1236 1237 1261 1260
f 1237 1238 1262 1261
f 1238 1239 1263 1262
f 1239 1240 1264 1263
f 1240 1241 1265 1264
f 1241 1242 1266 1265
f 1242 1243 1267 1266
f 1243 1244 1268 1267
f 1244 1245 1269 1268
f 1245 1246 1270 1269
f 1246 1247 1271 1270
f 1247 1248 1272 1271
f 1248 1225 1249 1272
f 1249 1250 1274 1273
f 1250 1251 1275 1274
f 1251 1252 1276 1275
f 1252 1253 1277 1276
f 1253 1254 1278 1277
f 1254 1255 1279 1278
f 1255 1256 1280 1279
f 1256 1257 1281 1280
f 1257 1258 1282 1281
f 1258 1259 1283 1282
f 1259 1260 1284 1283
f 1260 1261 1285 1284
f 1261 1262 1286 1285
f 1262 1263 1287 1286
f 1263 1264 1288 1287
f 1264 1265 1289 1288
f 1265 1266 1290 1289
f 1266 1267 1291 1290
f 1267 1268 1292 1291
f 1268 1269 1293 1292
f 1269 1270 1294 1293
f 1270 1271 1295 1294
f 1271 1272 1296 1295
f 1272 1249 1273 1296
f 1273 1274 1298 1297
f 1274 1275 1299 1298
f 1275 1276 1300 1299
f 1276 1277 1301 1300
f 1277 1278 1302 1301
f 1278 1279 1303 1302
f 1279 1280 1304 1303
f 1280 1281 1305 1304
f 1281 1282 1306 1305
f 1282 1283 1307 1306
f 1283 1284 1308 1307
f 1284 1285 1309 1308
f 1285 1286 1310 1309
f 1286 1287 1311 1310
f 1287 1288 1312 1311
f 1288 1289 1313 1312
f 1289 1290 1314 1313
f 1290 1291 1315 1314
f 1291 1292 1316 1315
f 1292 1293 1317 1316
f 1293 1294 1318 1317
f 1294 1295 1319 1318
f 1295 1296 1320 1319
f 1296 1273 1297 1320
f 1297 1298 1322 1321
f 1298 1299 1323 1322
f 1299 1300 1324 1323
f 1300 1301 1325 1324
f 1301 1302 1326 1325
f 1302 1303 1327 1326
f 1303 1304 1328 1327
f 1304 1305 1329 1328
f 1305 1306 1330 1329
f 1306 1307 1331 1330
f 1307 1308 1332 1331
f 1308 1309 1333 1332
f 1309 1310 1334 1333
f 1310 1311 1335 1334
f 1311 1312 1336 1335
f 1312 1313 1337 1336
f 1313 1314 1338 1337
f 1314 1315 1339 1338
f 1315 1316 1340 1339
f 1316 1317 1341 1340
f 1317 1318 1342 1341
f 1318 1319 1343 1342
f 1319 1320 1344 1343
f 1320 1297 1321 1344
f 1321 1322 1346 1345
f 1322 1323 1347 1346
f 1323 1324 1348 1347
f 1324 1325 1349 1348
f 1325 1326 1350 1349
f 1326 1327 1351 1350
f 1327 1328 1352 1351
f 1328 1329 1353 1352
f 1329 1330 1354 1353
f 1330 1331 1355 1354
f 1331 1332 1356 1355
f 1332 1333 1357 1356
f 1333 1334 1358 1357
f 1334 1335 1359 1358
f 1335 1336 1360 1359
f 1336 1337 1361 1360
f 1337 1338 1362 1361
f 1338 1339 1363 1362
f 1339 1340 1364 1363
f 1340 1341 1365 1364
f 1341 1342 1366 1365
f 1342 1343 1367 1366
f 1343 1344 1368 1367
f 1344 1321 1345 1368
f 1345 1346 1370 1369
f 1346 1347 1371 1370
f 1347 1348 1372 1371
f 1348 1349 1373 1372
f 1349 1350 1374 1373
f 1350 1351 1375 1374
f 1351 1352 1376 1375
f 1352 1353 1377 1376
f 1353 1354 1378 1377
f 1354 1355 1379 1378
f 1355 1356 1380 1379
f 1356 1357 1381 1380
f 1357 1358 1382 1381
f 1358 1359 1383 1382
f 1359 1360 1384 1383
f 1360 1361 1385 1384
f 1361 1362 1386 1385
f 1362 1363 1387 1386
f 1363 1364 1388 1387
f 1364 1365 1389 1388
f 1365 1366 1390 1389
f 1366 1367 1391 1390
f 1367 1368 1392 1391
f 1368 1345 1369 1392
f 1369 1370 1394 1393
f 1370 1371 1395 1394
f 1371 1372 1396 1395
f 1372 1373 1397 1396
f 1373 1374 1398 1397
f 1374 1375 1399 1398
f 1375 1376 1400 1399
f 1376 1377 1401 1400
f 1377 1378 1402 1401
f 1378 1379 1403 1402
f 1379 1380 1404 1403
f 1380 1381 1405 1404
f 1381 1382 1406 1405
f 1382 1383 1407 1406
f 1383 1384 1408 1407
f 1384 1385 1409 1408
f 1385 1386 1410 1409
f 1386 1387 1411 1410
f 1387 1388 1412 1411
f 1388 1389 1413 1412
f 1389 1390 1414 1413
f 1390 1391 1415 1414
f 1391 1392 1416 1415
f 1392 1369 1393 1416
f 1393 1394 1418 1417
f 1394 1395 1419 1418
f 1395 1396 1420 1419
f 1396 1397 1421 1420
f 1397 1398 1422 1421
f 1398 1399 1423 1422
f 1399 1400 1424 1423
f 1400 1401 1425 1424
f 1401 1402 1426 1425
f 1402 1403 1427 1426
f 1403 1404 1428 1427
f 1404 1405 1429 1428
f 1405 1406 1430 1429
f 1406 1407 1431 1430
f 1407 1408 1432 1431
f 1408 1409 1433 1432
f 1409 1410 1434 1433
f 1410 1411 1435 1434
f 1411 1412 1436 1435
f 1412 1413 1437 1436
f 1413 1414 1438 1437
f 1414 1415 1439 1438
f 1415 1416 1440 1439
f 1416 1393 1417 1440
f 1417 1418 1442 1441
f 1418 1419 1443 1442
f 1419 1420 1444 1443
f 1420 1421 1445 1444
f 1421 1422 1446 1445
f 1422 1423 1447 1446
f 1423 1424 1448 1447
f 1424 1425 1449 1448
f 1425 1426 1450 1449
f 1426 1427 1451 1450
f 1427 1428 1452 1451
f 1428 1429 1453 1452
f 1429 1430 1454 1453
f 1430 1431 1455 1454
f 1431 1432 1456 1455
f 1432 1433 1457 1456
f 1433 1434 1458 1457
f 1434 1435 1459 1458
f 1435 1436 1460 1459
f 1436 1437 1461 1460
f 1437 1438 1462 1461
f 1438 1439 1463 1462
f 1439 1440 1464 1463
f 1440 1417 1441 1464
f 1441 1442 1466 1465
f 1442 1443 1467 1466
f 1443 1444 1468 1467
f 1444 1445 1469 1468
f 1445 1446 1470 1469
f 1446 1447 1471 1470
f 1447 1448 1472 1471
f 1448 1449 1473 1472
f 1449 1450 1474 1473
f 1450 1451 1475 1474
f 1451 1452 1476 1475
f 1452 1453 1477 1476
f 1453 1454 1478 1477
f 1454 1455 1479 1478
f 1455 1456 1480 1479
f 1456 1457 1481 1480
f 1457 1458 1482 1481
f 1458 1459 1483 1482
f 1459 1460 1484 1483
f 1460 1461 1485 1484
f 1461 1462 1486 1485
f 1462 1463 1487 1486
f 1463 1464 1488 1487
f 1464 1441 1465 1488
f 1465 1466 1490 1489
f 1466 1467 1491 1490
f 1467 1468 1492 1491
f 1468 1469 1493 1492
f 1469 1470 1494 1493
f 1470 1471 1495 1494
f 1471 1472 1496 1495
f 1472 1473 1497 1496
f 1473 1474 1498 1497
f 1474 1475 1499 1498
f 1475 1476 1500 1499
f 1476 1477 1501 1500
f 1477 1478 1502 1501
f 1478 1479 1503 1502
f 1479 1480 1504 1503
f 1480 1481 1505 1504
f 1481 1482 1506 1505
f 1482 1483 1507 1506
f 1483 1484 1508 1507
f 1484 1485 1509 1508
f 1485 1486 1510 1509
f 1486 1487 1511 1510
f 1487 1488 1512 1511
f 1488 1465 1489 1512
f 1489 1490 1514 1513
f 1490 1491 1515 1514
f 1491 1492 1516 1515
f 1492 1493 1517 1516
f 1493 1494 1518 1517
f 1494 1495 1519 1518
f 1495 1496 1520 1519
f 1496 1497 1521 1520
f 1497 1498 1522 1521
f 1498 1499 1523 1522
f 1499 1500 1524 1523
f 1500 1501 1525 1524
f 1501 1502 1526 1525
f 1502 1503 1527 1526
f 1503 1504 1528 1527
f 1504 1505 1529 1528
f 1505 1506 1530 1529
f 1506 1507 1531 1530
f 1507 1508 1532 1531
f 1508 1509 1533 1532
f 1509 1510 1534 1533
f 1510 1511 1535 1534
f 1511 1512 1536 1535
f 1512 1489 1513 1536
f 1513 1514 1538 1537
f 1514 1515 1539 1538
f 1515 1516 1540 1539
f 1516 1517 1541 1540
f 1517 1518 1542 1541
f 1518 1519 1543 1542
f 1519 1520 1544 1543
f 1520 1521 1545 1544
f 1521 1522 1546 1545
f 1522 1523 1547 1546
f 1523 1524 1548 1547
f 1524 1525 1549 1548
f 1525 1526 1550 1549
f 1526 1527 1551 1550
f 1527 1528 1552 1551
f 1528 1529 1553 1552
f 1529 1530 1554 1553
f 1530 1531 1555 1554
f 1531 1532 1556 1555
f 1532 1533 1557 1556
f 1533 1534 1558 1557
f 1534 1535 1559 1558
f 1535 1536 1560 1559
f 1536 1513 1537 1560
f 1537 1538 1562 1561
f 1538 1539 1563 1562
f 1539 1540 1564 1563
f 1540 1541 1565 1564
f 1541 1542 1566 1565
f 1542 1543 1567 1566
f 1543 1544 1568 1567
f 1544 1545 1569 1568
f 1545 1546 1570 1569
f 1546 1547 1571 1570
f 1547 1548 1572 1571
f 1548 1549 1573 1572
f 1549 1550 1574 1573
f 1550 1551 1575 1574
f 1551 1552 1576 1575
f 1552 1553 1577 1576
f 1553 1554 1578 1577
f 1554 1555 1579 1578
f 1555 1556 1580 1579
f 1556 1557 1581 1580
f 1557 1558 1582 1581
f 1558 1559 1583 1582
f 1559 1560 1584 1583
f 1560 1537 1561 1584
f 1561 1562 1586 1585
f 1562 1563 1587 1586
f 1563 1564 1588 1587
f 1564 1565 1589 1588
f 1565 1566 1590 1589
f 1566 1567 1591 1590
f 1567 1568 1592 1591
f 1568 1569 1593 1592
f 1569 1570 1594 1593
f 1570 1571 1595 1594
f 1571 1572 1596 1595
f 1572 1573 1597 1596
f 1573 1574 1598 1597
f 1574 1575 1599 1598
f 1575 1576 1600 1599
f 1576 1577 1601 1600
f 1577 1578 1602 1601
f 1578 1579 1603 1602
f 1579 1580 1604 1603
f 1580 1581 1605 1604
f 1581 1582 1606 1605
f 1582 1583 1607 1606
f 1583 1584 1608 1607
f 1584 1561 1585 1608
f 1585 1586 1610 1609
f 1586 1587 1611 1610
f 1587 1588 1612 1611
f 1588 1589 1613 1612
f 1589 1590 1614 1613
f 1590 1591 1615 1614
f 1591 1592 1616 1615
f 1592 1593 1617 1616
f 1593 1594 1618 1617
f 1594 1595 1619 1618
f 1595 1596 1620 1619
f 1596 1597 1621 1620
f 1597 1598 1622 1621
f 1598 1599 1623 1622
f 1599 1600 1624 1623
f 1600 1601 1625 1624
f 1601 1602 1626 1625
f 1602 1603 1627 1626
f 1603 1604 1628 1627
f 1604 1605 1629 1628
f 1605 1606 1630 1629
f 1606 1607 1631 1630
f 1607 1608 1632 1631
f 1608 1585 1609 1632
f 1609 1610 1634 1633
f 1610 1611 1635 1634
f 1611 1612 1636 1635
f 1612 1613 1637 1636
f 1613 1614 1638 1637
f 1614 1615 1639 1638
f 1615 1616 1640 1639
f 1616 1617 1641 1640
f 1617 1618 1642 1641
f 1618 1619 1643 1642
f 1619 1620 1644 1643
f 1620 1621 1645 1644
f 1621 1622 1646 1645
f 1622 1623 1647 1646
f 1623 1624 1648 1647
f 1624 1625 1649 1648
f 1625 1626 1650 1649
f 1626 1627 1651 1650
f 1627 1628 1652 1651
f 1628 1629 1653 1652
f 1629 1630 1654 1653
f 1630 1631 1655 1654
f 1631 1632 1656 1655
f 1632 1609 1633 1656
f 1633 1634 1658 1657
f 1634 1635 1659 1658
f 1635 1636 1660 1659
f 1636 1637 1661 1660
f 1637 1638 1662 1661
f 1638 1639 1663 1662
f 1639 1640 1664 1663
f 1640 1641 1665 1664
f 1641 1642 1666 1665
f 1642 1643 1667 1666
f 1643 1644 1668 1667
f 1644 1645 1669 1668
f 1645 1646 1670 1669
f 1646 1647 1671 1670
f 1647 1648 1672 1671
f 1648 1649 1673 1672
f 1649 1650 1674 1673
f 1650 1651 1675 1674
f 1651 1652 1676 1675
f 1652 1653 1677 1676
f 1653 1654 1678 1677
f 1654 1655 1679 1678
f 1655 1656 1680 1679
f 1656 1633 1657 1680
f 1657 1658 1682 1681
f 1658 1659 1683 1682
f 1659 1660 1684 1683
f 1660 1661 1685 1684
f 1661 1662 1686 1685
f 1662 1663 1687 1686
f 1663 1664 1688 1687
f 1664 1665 1689 1688
f 1665 1666 1690 1689
f 1666 1667 1691 1690
f 1667 1668 1692 1691
f 1668 1669 1693 1692
f 1669 1670 1694 1693
f 1670 1671 1695 1694
f 1671 1672 1696 1695
f 1672 1673 1697 1696
f 1673 1674 1698 1697
f 1674 1675 1699 1698
f 1675 1676 1700 1699
f 1676 1677 1701 1700
f 1677 1678 1702 1701
f 1678 1679 1703 1702
f 1679 1680 1704 1703
f 1680 1657 1681 1704
f 1681 1682 1706 1705
f 1682 1683 1707 1706
f 1683 1684 1708 1707
f 1684 1685 1709 1708
f 1685 1686 1710 1709
f 1686 1687 1711 1710
f 1687 1688 1712 1711
f 1688 1689 1713 1712
f 1689 1690 1714 1713
f 1690 1691 1715 1714
f 1691 1692 1716 1715
f 1692 1693 1717 1716
f 1693 1694 1718 1717
f 1694 1695 1719 1718
f 1695 1696 1720 1719
f 1696 1697 1721 1720
f 1697 1698 1722 1721
f 1698 1699 1723 1722
f 1699 1700 1724 1723
f 1700 1701 1725 1724
f 1701 1702 1726 1725
f 1702 1703 1727 1726
f 1703 1704 1728 1727
f 1704 1681 1705 1728
f 1705 1706 1730 1729
f 1706 1707 1731 1730
f 1707 1708 1732 1731
f 1708 1709 1733 1732
f 1709 1710 1734 1733
f 1710 1711 1735 1734
f 1711 1712 1736 1735
f 1712 1713 1737 1736
f 1713 1714 1738 1737
f 1714 1715 1739 1738
f 1715 1716 1740 1739
f 1716 1717 1741 1740
f 1717 1718 1742 1741
f 1718 1719 1743 1742
f 1719 1720 1744 1743
f 1720 1721 1745 1744
f 1721 1722 1746 1745
f 1722 1723 1747 1746
f 1723 1724 1748 1747
f 1724 1725 1749 1748
f 1725 1726 1750 1749
f 1726 1727 1751 1750
f 1727 1728 1752 1751
f 1728 1705 1729 1752
f 1729 1730 1754 1753
f 1730 1731 1755 1754
f 1731 1732 1756 1755
f 1732 1733 1757 1756
f 1733 1734 1758 1757
f 1734 1735 1759 1758
f 1735 1736 1760 1759
f 1736 1737 1761 1760
f 1737 1738 1762 1761
f 1738 1739 1763 1762
f 1739 1740 1764 1763
f 1740 1741 1765 1764
f 1741 1742 1766 1765
f 1742 1743 1767 1766
f 1743 1744 1768 1767
f 1744 1745 1769 1768
f 1745 1746 1770 1769
f 1746 1747 1771 1770
f 1747 1748 1772 1771
f 1748 1749 1773 1772
f 1749 1750 1774 1773
f 1750 1751 1775 1774
f 1751 1752 1776 1775
f 1752 1729 1753 1776
f 1753 1754 1778 1777
f 1754 1755 1779 1778
f 1755 1756 1780 1779
f 1756 1757 1781 1780
f 1757 1758 1782 1781
f 1758 1759 1783 1782
f 1759 1760 1784 1783
f 1760 1761 1785 1784
f 1761 1762 1786 1785
f 1762 1763 1787 1786
f 1763 1764 1788 1787
f 1764 1765 1789 1788
f 1765 1766 1790 1789
f 1766 1767 1791 1790
f 1767 1768 1792 1791
f 1768 1769 1793 1792
f 1769 1770 1794 1793
f 1770 1771 1795 1794
f 1771 1772 1796 1795
f 1772 1773 1797 1796
f 1773 1774 1798 1797
f 1774 1775 1799 1798
f 1775 1776 1800 1799
f 1776 1753 1777 1800
f 1777 1778 1802 1801
f 1778 1779 1803 1802
f 1779 1780 1804 1803
f 1780 1781 1805 1804
f 1781 1782 1806 1805
f 1782 1783 1807 1806
f 1783 1784 1808 1807
f 1784 1785 1809 1808
f 1785 1786 1810 1809
f 1786 1787 1811 1810
f 1787 1788 1812 1811
f 1788 1789 1813 1812
f 1789 1790 1814 1813
f 1790 1791 1815 1814
f 1791 1792 1816 1815
f 1792 1793 1817 1816
f 1793 1794 1818 1817
f 1794 1795 1819 1818
f 1795 1796 1820 1819
f 1796 1797 1821 1820
f 1797 1798 1822 1821
f 1798 1799 1823 1822
f 1799 1800 1824 1823
f 1800 1777 1801 1824
f 1801 1802 1826 1825
f 1802 1803 1827 1826
f 1803 1804 1828 1827
f 1804 1805 1829 1828
f 1805 1806 1830 1829
f 1806 1807 1831 1830
f 1807 1808 1832 1831
f 1808 1809 1833 1832
f 1809 1810 1834 1833
f 1810 1811 1835 1834
f 1811 1812 1836 1835
f 1812 1813 1837 1836
f 1813 1814 1838 1837
f 1814 1815 1839 1838
f 1815 1816 1840 1839
f 1816 1817 1841 1840
f 1817 1818 1842 1841
f 1818 1819 1843 1842
f 1819 1820 1844 1843
f 1820 1821 1845 1844
f 1821 1822 1846 1845
f 1822 1823 1847 1846
f 1823 1824 1848 1847
f 1824 1801 1825 1848
f 1825 1826 1850 1849
f 1826 1827 1851 1850
f 1827 1828 1852 1851
f 1828 1829 1853 1852
f 1829 1830 1854 1853
f 1830 1831 1855 1854
f 1831 1832 1856 1855
f 1832 1833 1857 1856
f 1833 1834 1858 1857
f 1834 1835 1859 1858
f 1835 1836 1860 1859
f 1836 1837 1861 1860
f 1837 1838 1862 1861
f 1838 1839 1863 1862
f 1839 1840 1864 1863
f 1840 1841 1865 1864
f 1841 1842 1866 1865
f 1842 1843 1867 1866
f 1843 1844 1868 1867
f 1844 1845 1869 1868
f 1845 1846 1870 1869
f 1846 1847 1871 1870
f 1847 1848 1872 1871
f 1848 1825 1849 1872
f 1849 1850 1874 1873
f 1850 1851 1875 1874
f 1851 1852 1876 1875
f 1852 1853 1877 1876
f 1853 1854 1878 1877
f 1854 1855 1879 1878
f 1855 1856 1880 1879
f 1856 1857 1881 1880
f 1857 1858 1882 1881
f 1858 1859 1883 1882
f 1859 1860 1884 1883
f 1860 1861 1885 1884
f 1861 1862 1886 1885
f 1862 1863 1887 1886
f 1863 1864 1888 1887
f 1864 1865 1889 1888
f 1865 1866 1890 1889
f 1866 1867 1891 1890
f 1867 1868 1892 1891
f 1868 1869 1893 1892
f 1869 1870 1894 1893
f 1870 1871 1895 1894
f 1871 1872 1896 1895
f 1872 1849 1873 1896
f 1873 1874 1898 1897
f 1874 1875 1899 1898
f 1875 1876 1900 1899
f 1876 1877 1901 1900
f 1877 1878 1902 1901
f 1878 1879 1903 1902
f 1879 1880 1904 1903
f 1880 1881 1905 1904
f 1881 1882 1906 1905
f 1882 1883 1907 1906
f 1883 1884 1908 1907
f 1884 1885 1909 1908
f 1885 1886 1910 1909
f 1886 1887 1911 1910
f 1887 1888 1912 1911
f 1888 1889 1913 1912
f 1889 1890 1914 1913
f 1890 1891 1915 1914
f 1891 1892 1916 1915
f 1892 1893 1917 1916
f 1893 1894 1918 1917
f 1894 1895 1919 1918
f 1895 1896 1920 1919
f 1896 1873 1897 1920
f 1897 1898 1922 1921
f 1898 1899 1923 1922
f 1899 1900 1924 1923
f 1900 1901 1925 1924
f 1901 1902 1926 1925
f 1902 1903 1927 1926
f 1903 1904 1928 1927
f 1904 1905 1929 1928
f 1905 1906 1930 1929
f 1906 1907 1931 1930
f 1907 1908 1932 1931
f 1908 1909 1933 1932
f 1909 1910 1934 1933
f 1910 1911 1935 1934
f 1911 1912 1936 1935
f 1912 1913 1937 1936
f 1913 1914 1938 1937
f 1914 1915 1939 1938
f 1915 1916 1940 1939
f 1916 1917 1941 1940
f 1917 1918 1942 1941
f 1918 1919 1943 1942
f 1919 1920 1944 1943
f 1920 1897 1921 1944
f 1921 1922 1946 1945
f 1922 1923 1947 1946
f 1923 1924 1948 1947
f 1924 1925 1949 1948
f 1925 1926 1950 1949
f 1926 1927 1951 1950
f 1927 1928 1952 1951
f 1928 1929 1953 1952
f 1929 1930 1954 1953
f 1930 1931 1955 1954
f 1931 1932 1956 1955
f 1932 1933 1957 1956
f 1933 1934 1958 1957
f 1934 1935 1959 1958
f 1935 1936 1960 1959
f 1936 1937 1961 1960
f 1937 1938 1962 1961
f 1938 1939 1963 1962
f 1939 1940 1964 1963
f 1940 1941 1965 1964
f 1941 1942 1966 1965
f 1942 1943 1967 1966
f 1943 1944 1968 1967
f 1944 1921 1945 1968
f 1945 1946 1970 1969
f 1946 1947 1971 1970
f 1947 1948 1972 1971
f 1948 1949 1973 1972
f 1949 1950 1974 1973
f 1950 1951 1975 1974
f 1951 1952 1976 1975
f 1952 1953 1977 1976
f 1953 1954 1978 1977
f 1954 1955 1979 1978
f 1955 1956 1980 1979
f 1956 1957 1981 1980
f 1957 1958 1982 1981
f 1958 1959 1983 1982
f 1959 1960 1984 1983
f 1960 1961 1985 1984
f 1961 1962 1986 1985
f 1962 1963 1987 1986
f 1963 1964 1988 1987
f 1964 1965 1989 1988
f 1965 1966 1990 1989
f 1966 1967 1991 1990
f 1967 1968 1992 1991
f 1968 1945 1969 1992
f 1969 1970 1994 1993
f 1970 1971 1995 1994
f 1971 1972 1996 1995
f 1972 1973 1997 1996
f 1973 1974 1998 1997
f 1974 1975 1999 1998
f 1975 1976 2000 1999
f 1976 1977 2001 2000
f 1977 1978 2002 2001
f 1978 1979 2003 2002
f 1979 1980 2004 2003
f 1980 1981 2005 2004
f 1981 1982 2006 2005
f 1982 1983 2007 2006
f 1983 1984 2008 2007
f 1984 1985 2009 2008
f 1985 1986 2010 2009
f 1986 1987 2011 2010
f 1987 1988 2012 2011
f 1988 1989 2013 2012
f 1989 1990 2014 2013
f 1990 1991 2015 2014
f 1991 1992 2016 2015
f 1992 1969 1993 2016
f 1993 1994 2018 2017
f 1994 1995 2019 2018
f 1995 1996 2020 2019
f 1996 1997 2021 2020
f 1997 1998 2022 2021
f 1998 1999 2023 2022
f 1999 2000 2024 2023
f 2000 2001 2025 2024
f 2001 2002 2026 2025
f 2002 2003 2027 2026
f 2003 2004 2028 2027
f 2004 2005 2029 2028
f 2005 2006 2030 2029
f 2006 2007 2031 2030
f 2007 2008 2032 2031
f 2008 2009 2033 2032
f 2009 2010 2034 2033
f 2010 2011 2035 2034
f 2011 2012 2036 2035
f 2012 2013 2037 2036
f 2013 2014 2038 2037
f 2014 2015 2039 2038
f 2015 2016 2040 2039
f 2016 1993 2017 2040
f 2017 2018 2042 2041
f 2018 2019 2043 2042
f 2019 2020 2044 2043
f 2020 2021 2045 2044
f 2021 2022 2046 2045
f 2022 2023 2047 2046
f 2023 2024 2048 2047
f 2024 2025 2049 2048
f 2025 2026 2050 2049
f 2026 2027 2051 2050
f 2027 2028 2052 2051
f 2028 2029 2053 2052
f 2029 2030 2054 2053
f 2030 2031 2055 2054
f 2031 2032 2056 2055
f 2032 2033 2057 2056
f 2033 2034 2058 2057
f 2034 2035 2059 2058
f 2035 2036 2060 2059
f 2036 2037 2061 2060
f 2037 2038 2062 2061
f 2038 2039 2063 2062
f 2039 2040 2064 2063
f 2040 2017 2041 2064
f 2041 2042 2066 2065
f 2042 2043 2067 2066
f 2043 2044 2068 2067
f 2044 2045 2069 2068
f 2045 2046 2070 2069
f 2046 2047 2071 2070
f 2047 2048 2072 2071
f 2048 2049 2073 2072
f 2049 2050 2074 2073
f 2050 2051 2075 2074
f 2051 2052 2076 2075
f 2052 2053 2077 2076
f 2053 2054 2078 2077
f 2054 2055 2079 2078
f 2055 2056 2080 2079
f 2056 2057 2081 2080
f 2057 2058 2082 2081
f 2058 2059 2083 2082
f 2059 2060 2084 2083
f 2060 2061 2085 2084
f 2061 2062 2086 2085
f 2062 2063 2087 2086
f 2063 2064 2088 2087
f 2064 2041 2065 2088
f 2065 2066 2090 2089
f 2066 2067 2091 2090
f 2067 2068 2092 2091
f 2068 2069 2093 2092
f 2069 2070 2094 2093
f 2070 2071 2095 2094
f 2071 2072 2096 2095
f 2072 2073 2097 2096
f 2073 2074 2098 2097
f 2074 2075 2099 2098
f 2075 2076 2100 2099
f 2076 2077 2101 2100
f 2077 2078 2102 2101
f 2078 2079 2103 2102
f 2079 2080 2104 2103
f 2080 2081 2105 2104
f 2081 2082 2106 2105
f 2082 2083 2107 2106
f 2083 2084 2108 2107
f 2084 2085 2109 2108
f 2085 2086 2110 2109
f 2086 2087 2111 2110
f 2087 2088 2112 2111
f 2088 2065 2089 2112
f 2089 2090 2114 2113
f 2090 2091 2115 2114
f 2091 2092 2116 2115
f 2092 2093 2117 2116
f 2093 2094 2118 2117
f 2094 2095 2119 2118
f 2095 2096 2120 2119
f 2096 2097 2121 2120
f 2097 2098 2122 2121
f 2098 2099 2123 2122
f 2099 2100 2124 2123
f 2100 2101 2125 2124
f 2101 2102 2126 2125
f 2102 2103 2127 2126
f 2103 2104 2128 2127
f 2104 2105 2129 2128
f 2105 2106 2130 2129
f 2106 2107 2131 2130
f 2107 2108 2132 2131
f 2108 2109 2133 2132
f 2109 2110 2134 2133
f 2110 2111 2135 2134
f 2111 2112 2136 2135
f 2112 2089 2113 2136
f 2113 2114 2138 2137
f 2114 2115 2139 2138
f 2115 2116 2140 2139
f 2116 2117 2141 2140
f 2117 2118 2142 2141
f 2118 2119 2143 2142
f 2119 2120 2144 2143
f 2120 2121 2145 2144
f 2121 2122 2146 2145
f 2122 2123 2147 2146
f 2123 2124 2148 2147
f 2124 2125 2149 2148
f 2125 2126 2150 2149
f 2126 2127 2151 2150
f 2127 2128 2152 2151
f 2128 2129 2153 2152
f 2129 2130 2154 2153
f 2130 2131 2155 2154
f 2131 2132 2156 2155
f 2132 2133 2157 2156
f 2133 2134 2158 2157
f 2134 2135 2159 2158
f 2135 2136 2160 2159
f 2136 2113 2137 2160
f 2137 2138 2162 2161
f 2138 2139 2163 2162
f 2139 2140 2164 2163
f 2140 2141 2165 2164
f 2141 2142 2166 2165
f 2142 2143 2167 2166
f 2143 2144 2168 2167
f 2144 2145 2169 2168
f 2145 2146 2170 2169
f 2146 2147 2171 2170
f 2147 2148 2172 2171
f 2148 2149 2173 2172
f 2149 2150 2174 2173
f 2150 2151 2175 2174
f 2151 2152 2176 2175
f 2152 2153 2177 2176
f 2153 2154 2178 2177
f 2154 2155 2179 2178
f 2155 2156 2180 2179
f 2156 2157 2181 2180
f 2157 2158 2182 2181
f 2158 2159 2183 2182
f 2159 2160 2184 2183
f 2160 2137 2161 2184
f 2161 2162 2186 2185
f 2162 2163 2187 2186
f 2163 2164 2188 2187
f 2164 2165 2189 2188
f 2165 2166 2190 2189
f 2166 2167 2191 2190
f 2167 2168 2192 2191
f 2168 2169 2193 2192
f 2169 2170 2194 2193
f 2170 2171 2195 2194
f 2171 2172 2196 2195
f 2172 2173 2197 2196
f 2173 2174 2198 2197
f 2174 2175 2199 2198
f 2175 2176 2200 2199
f 2176 2177 2201 2200
f 2177 2178 2202 2201
f 2178 2179 2203 2202
f 2179 2180 2204 2203
f 2180 2181 2205 2204
f 2181 2182 2206 2205
f 2182 2183 2207 2206
f 2183 2184 2208 2207
f 2184 2161 2185 2208
f 2185 2186 2210 2209
f 2186 2187 2211 2210
f 2187 2188 2212 2211
f 2188 2189 2213 2212
f 2189 2190 2214 2213
f 2190 2191 2215 2214
f 2191 2192 2216 2215
f 2192 2193 2217 2216
f 2193 2194 2218 2217
f 2194 2195 2219 2218
f 2195 2196 2220 2219
f 2196 2197 2221 2220
f 2197 2198 2222 2221
f 2198 2199 2223 2222
f 2199 2200 2224 2223
f 2200 2201 2225 2224
f 2201 2202 2226 2225
f 2202 2203 2227 2226
f 2203 2204 2228 2227
f 2204 2205 2229 2228
f 2205 2206 2230 2229
f 2206 2207 2231 2230
f 2207 2208 2232 2231
f 2208 2185 2209 2232
f 2209 2210 2234 2233
f 2210 2211 2235 2234
f 2211 2212 2236 2235
f 2212 2213 2237 2236
f 2213 2214 2238 2237
f 2214 2215 2239 2238
f 2215 2216 2240 2239
f 2216 2217 2241 2240
f 2217 2218 2242 2241
f 2218 2219 2243 2242
f 2219 2220 2244 2243
f 2220 2221 2245 2244
f 2221 2222 2246 2245
f 2222 2223 2247 2246
f 2223 2224 2248 2247
f 2224 2225 2249 2248
f 2225 2226 2250 2249
f 2226 2227 2251 2250
f 2227 2228 2252 2251
f 2228 2229 2253 2252
f 2229 2230 2254 2253
f 2230 2231 2255 2254
f 2231 2232 2256 2255
f 2232 2209 2233 2256
f 2233 2234 2258 2257
f 2234 2235 2259 2258
f 2235 2236 2260 2259
f 2236 2237 2261 2260
f 2237 2238 2262 2261
f 2238 2239 2263 2262
f 2239 2240 2264 2263
f 2240 2241 2265 2264
f 2241 2242 2266 2265
f 2242 2243 2267 2266
f 2243 2244 2268 2267
f 2244 2245 2269 2268
f 2245 2246 2270 2269
f 2246 2247 2271 2270
f 2247 2248 2272 2271
f 2248 2249 2273 2272
f 2249 2250 2274 2273
f 2250 2251 2275 2274
f 2251 2252 2276 2275
f 2252 2253 2277 2276
f 2253 2254 2278 2277
f 2254 2255 2279 2278
f 2255 2256 2280 2279
f 2256 2233 2257 2280
f 2257 2258 2282 2281
f 2258 2259 2283 2282
f 2259 2260 2284 2283
f 2260 2261 2285 2284
f 2261 2262 2286 2285
f 2262 2263 2287 2286
f 2263 2264 2288 2287
f 2264 2265 2289 2288
f 2265 2266 2290 2289
f 2266 2267 2291 2290
f 2267 2268 2292 2291
f 2268 2269 2293 2292
f 2269 2270 2294 2293
f 2270 2271 2295 2294
f 2271 2272 2296 2295
f 2272 2273 2297 2296
f 2273 2274 2298 2297
f 2274 2275 2299 2298
f 2275 2276 2300 2299
f 2276 2277 2301 2300
f 2277 2278 2302 2301
f 2278 2279 2303 2302
f 2279 2280 2304 2303
f 2280 2257 2281 2304
f 2281 2282 2306 2305
f 2282 2283 2307 2306
f 2283 2284 2308 2307
f 2284 2285 2309 2308
f 2285 2286 2310 2309
f 2286 2287 2311 2310
f 2287 2288 2312 2311
f 2288 2289 2313 2312
f 2289 2290 2314 2313
f 2290 2291 2315 2314
f 2291 2292 2316 2315
f 2292 2293 2317 2316
f 2293 2294 2318 2317
f 2294 2295 2319 2318
f 2295 2296 2320 2319
f 2296 2297 2321 2320
f 2297 2298 2322 2321
f 2298 2299 2323 2322
f 2299 2300 2324 2323
f 2300 2301 2325 2324
f 2301 2302 2326 2325
f 2302 2303 2327 2326
f 2303 2304 2328 2327
f 2304 2281 2305 2328
f 2305 2306 2330 2329
f 2306 2307 2331 2330
f 2307 2308 2332 2331
f 2308 2309 2333 2332
f 2309 2310 2334 2333
f 2310 2311 2335 2334
f 2311 2312 2336 2335
f 2312 2313 2337 2336
f 2313 2314 2338 2337
f 2314 2315 2339 2338
f 2315 2316 2340 2339
f 2316 2317 2341 2340
f 2317 2318 2342 2341
f 2318 2319 2343 2342
f 2319 2320 2344 2343
f 2320 2321 2345 2344
f 2321 2322 2346 2345
f 2322 2323 2347 2346
f 2323 2324 2348 2347
f 2324 2325 2349 2348
f 2325 2326 2350 2349
f 2326 2327 2351 2350
f 2327 2328 2352 2351
f 2328 2305 2329 2352
f 2329 2330 2354 2353
f 2330 2331 2355 2354
f 2331 2332 2356 2355
f 2332 2333 2357 2356
f 2333 2334 2358 2357
f 2334 2335 2359 2358
f 2335 2336 2360 2359
f 2336 2337 2361 2360
f 2337 2338 2362 2361
f 2338 2339 2363 2362
f 2339 2340 2364 2363
f 2340 2341 2365 2364
f 2341 2342 2366 2365
f 2342 2343 2367 2366
f 2343 2344 2368 2367
f 2344 2345 2369 2368
f 2345 2346 2370 2369
f 2346 2347 2371 2370
f 2347 2348 2372 2371
f 2348 2349 2373 2372
f 2349 2350 2374 2373
f 2350 2351 2375 2374
f 2351 2352 2376 2375
f 2352 2329 2353 2376
f 2353 2354 2378 2377
f 2354 2355 2379 2378
f 2355 2356 2380 2379
f 2356 2357 2381 2380
f 2357 2358 2382 2381
f 2358 2359 2383 2382
f 2359 2360 2384 2383
f 2360 2361 2385 2384
f 2361 2362 2386 2385
f 2362 2363 2387 2386
f 2363 2364 2388 2387
f 2364 2365 2389 2388
f 2365 2366 2390 2389
f 2366 2367 2391 2390
f 2367 2368 2392 2391
f 2368 2369 2393 2392
f 2369 2370 2394 2393
f 2370 2371 2395 2394
f 2371 2372 2396 2395
f 2372 2373 2397 2396
f 2373 2374 2398 2397
f 2374 2375 2399 2398
f 2375 2376 2400 2399
f 2376 2353 2377 2400
f 2377 2378 2402 2401
f 2378 2379 2403 2402
f 2379 2380 2404 2403
f 2380 2381 2405 2404
f 2381 2382 2406 2405
f 2382 2383 2407 2406
f 2383 2384 2408 2407
f 2384 2385 2409 2408
f 2385 2386 2410 2409
f 2386 2387 2411 2410
f 2387 2388 2412 2411
f 2388 2389 2413 2412
f 2389 2390 2414 2413
f 2390 2391 2415 2414
f 2391 2392 2416 2415
f 2392 2393 2417 2416
f 2393 2394 2418 2417
f 2394 2395 2419 2418
f 2395 2396 2420 2419
f 2396 2397 2421 2420
f 2397 2398 2422 2421
f 2398 2399 2423 2422
f 2399 2400 2424 2423
f 2400 2377 2401 2424
f 2401 2402 2426 2425
f 2402 2403 2427 2426
f 2403 2404 2428 2427
f 2404 2405 2429 2428
f 2405 2406 2430 2429
f 2406 2407 2431 2430
f 2407 2408 2432 2431
f 2408 2409 2433 2432
f 2409 2410 2434 2433
f 2410 2411 2435 2434
f 2411 2412 2436 2435
f 2412 2413 2437 2436
f 2413 2414 2438 2437
f 2414 2415 2439 2438
f 2415 2416 2440 2439
f 2416 2417 2441 2440
f 2417 2418 2442 2441
f 2418 2419 2443 2442
f 2419 2420 2444 2443
f 2420 2421 2445 2444
f 2421 2422 2446 2445
f 2422 2423 2447 2446
f 2423 2424 2448 2447
f 2424 2401 2425 2448
f 2425 2426 2450 2449
f 2426 2427 2451 2450
f 2427 2428 2452 2451
f 2428 2429 2453 2452
f 2429 2430 2454 2453
f 2430 2431 2455 2454
f 2431 2432 2456 2455
f 2432 2433 2457 2456
f 2433 2434 2458 2457
f 2434 2435 2459 2458
f 2435 2436 2460 2459
f 2436 2437 2461 2460
f 2437 2438 2462 2461
f 2438 2439 2463 2462
f 2439 2440 2464 2463
f 2440 2441 2465 2464
f 2441 2442 2466 2465
f 2442 2443 2467 2466
f 2443 2444 2468 2467
f 2444 2445 2469 2468
f 2445 2446 2470 2469
f 2446 2447 2471 2470
f 2447 2448 2472 2471
f 2448 2425 2449 2472
f 2449 2450 2474 2473
f 2450 2451 2475 2474
f 2451 2452 2476 2475
f 2452 2453 2477 2476
f 2453 2454 2478 2477
f 2454 2455 2479 2478
f 2455 2456 2480 2479
f 2456 2457 2481 2480
f 2457 2458 2482 2481
f 2458 2459 2483 2482
f 2459 2460 2484 2483
f 2460 2461 2485 2484
f 2461 2462 2486 2485
f 2462 2463 2487 2486
f 2463 2464 2488 2487
f 2464 2465 2489 2488
f 2465 2466 2490 2489
f 2466 2467 2491 2490
f 2467 2468 2492 2491
f 2468 2469 2493 2492
f 2469 2470 2494 2493
f 2470 2471 2495 2494
f 2471 2472 2496 2495
f 2472 2449 2473 2496
f 2473 2474 2498 2497
f 2474 2475 2499 2498
f 2475 2476 2500 2499
f 2476 2477 2501 2500
f 2477 2478 2502 2501
f 2478 2479 2503 2502
f 2479 2480 2504 2503
f 2480 2481 2505 2504
f 2481 2482 2506 2505
f 2482 2483 2507 2506
f 2483 2484 2508 2507
f 2484 2485 2509 2508
f 2485 2486 2510 2509
f 2486 2487 2511 2510
f 2487 2488 2512 2511
f 2488 2489 2513 2512
f 2489 2490 2514 2513
f 2490 2491 2515 2514
f 2491 2492 2516 2515
f 2492 2493 2517 2516
f 2493 2494 2518 2517
f 2494 2495 2519 2518
f 2495 2496 2520 2519
f 2496 2473 2497 2520
f 2497 2498 2522 2521
f 2498 2499 2523 2522
f 2499 2500 2524 2523
f 2500 2501 2525 2524
f 2501 2502 2526 2525
f 2502 2503 2527 2526
f 2503 2504 2528 2527
f 2504 2505 2529 2528
f 2505 2506 2530 2529
f 2506 2507 2531 2530
f 2507 2508 2532 2531
f 2508 2509 2533 2532
f 2509 2510 2534 2533
f 2510 2511 2535 2534
f 2511 2512 2536 2535
f 2512 2513 2537 2536
f 2513 2514 2538 2537
f 2514 2515 2539 2538
f 2515 2516 2540 2539
f 2516 2517 2541 2540
f 2517 2518 2542 2541
f 2518 2519 2543 2542
f 2519 2520 2544 2543
f 2520 2497 2521 2544
f 2521 2522 2546 2545
f 2522 2523 2547 2546
f 2523 2524 2548 2547
f 2524 2525 2549 2548
f 2525 2526 2550 2549
f 2526 2527 2551 2550
f 2527 2528 2552 2551
f 2528 2529 2553 2552
f 2529 2530 2554 2553
f 2530 2531 2555 2554
f 2531 2532 2556 2555
f 2532 2533 2557 2556
f 2533 2534 2558 2557
f 2534 2535 2559 2558
f 2535 2536 2560 2559
f 2536 2537 2561 2560
f 2537 2538 2562 2561
f 2538 2539 2563 2562
f 2539 2540 2564 2563
f 2540 2541 2565 2564
f 2541 2542 2566 2565
f 2542 2543 2567 2566
f 2543 2544 2568 2567
f 2544 2521 2545 2568
f 2545 2546 2570 2569
f 2546 2547 2571 2570
f 2547 2548 2572 2571
f 2548 2549 2573 2572
f 2549 2550 2574 2573
f 2550 2551 2575 2574
f 2551 2552 2576 2575
f 2552 2553 2577 2576
f 2553 2554 2578 2577
f 2554 2555 2579 2578
f 2555 2556 2580 2579
f 2556 2557 2581 2580
f 2557 2558 2582 2581
f 2558 2559 2583 2582
f 2559 2560 2584 2583
f 2560 2561 2585 2584
f 2561 2562 2586 2585
f 2562 2563 2587 2586
f 2563 2564 2588 2587
f 2564 2565 2589 2588
f 2565 2566 2590 2589
f 2566 2567 2591 2590
f 2567 2568 2592 2591
f 2568 2545 2569 2592
f 2569 2570 2594 2593
f 2570 2571 2595 2594
f 2571 2572 2596 2595
f 2572 2573 2597 2596
f 2573 2574 2598 2597
f 2574 2575 2599 2598
f 2575 2576 2600 2599
f 2576 2577 2601 2600
f 2577 2578 2602 2601
f 2578 2579 2603 2602
f 2579 2580 2604 2603
f 2580 2581 2605 2604
f 2581 2582 2606 2605
f 2582 2583 2607 2606
f 2583 2584 2608 2607
f 2584 2585 2609 2608
f 2585 2586 2610 2609
f 2586 2587 2611 2610
f 2587 2588 2612 2611
f 2588 2589 2613 2612
f 2589 2590 2614 2613
f 2590 2591 2615 2614
f 2591 2592 2616 2615
f 2592 2569 2593 2616
f 2593 2594 2618 2617
f 2594 2595 2619 2618
f 2595 2596 2620 2619
f 2596 2597 2621 2620
f 2597 2598 2622 2621
f 2598 2599 2623 2622
f 2599 2600 2624 2623
f 2600 2601 2625 2624
f 2601 2602 2626 2625
f 2602 2603 2627 2626
f 2603 2604 2628 2627
f 2604 2605 2629 2628
f 2605 2606 2630 2629
f 2606 2607 2631 2630
f 2607 2608 2632 2631
f 2608 2609 2633 2632
f 2609 2610 2634 2633
f 2610 2611 2635 2634
f 2611 2612 2636 2635
f 2612 2613 2637 2636
f 2613 2614 2638 2637
f 2614 2615 2639 2638
f 2615 2616 2640 2639
f 2616 2593 2617 2640
f 2617 2618 2642 2641
f 2618 2619 2643 2642
f 2619 2620 2644 2643
f 2620 2621 2645 2644
f 2621 2622 2646 2645
f 2622 2623 2647 2646
f 2623 2624 2648 2647
f 2624 2625 2649 2648
f 2625 2626 2650 2649
f 2626 2627 2651 2650
f 2627 2628 2652 2651
f 2628 2629 2653 2652
f 2629 2630 2654 2653
f 2630 2631 2655 2654
f 2631 2632 2656 2655
f 2632 2633 2657 2656
f 2633 2634 2658 2657
f 2634 2635 2659 2658
f 2635 2636 2660 2659
f 2636 2637 2661 2660
f 2637 2638 2662 2661
f 2638 2639 2663 2662
f 2639 2640 2664 2663
f 2640 2617 2641 2664
f 2641 2642 2666 2665
f 2642 2643 2667 2666
f 2643 2644 2668 2667
f 2644 2645 2669 2668
f 2645 2646 2670 2669
f 2646 2647 2671 2670
f 2647 2648 2672 2671
f 2648 2649 2673 2672
f 2649 2650 2674 2673
f 2650 2651 2675 2674
f 2651 2652 2676 2675
f 2652 2653 2677 2676
f 2653 2654 2678 2677
f 2654 2655 2679 2678
f 2655 2656 2680 2679
f 2656 2657 2681 2680
f 2657 2658 2682 2681
f 2658 2659 2683 2682
f 2659 2660 2684 2683
f 2660 2661 2685 2684
f 2661 2662 2686 2685
f 2662 2663 2687 2686
f 2663 2664 2688 2687
f 2664 2641 2665 2688
f 2665 2666 2690 2689
f 2666 2667 2691 2690
f 2667 2668 2692 2691
f 2668 2669 2693 2692
f 2669 2670 2694 2693
f 2670 2671 2695 2694
f 2671 2672 2696 2695
f 2672 2673 2697 2696
f 2673 2674 2698 2697
f 2674 2675 2699 2698
f 2675 2676 2700 2699
f 2676 2677 2701 2700
f 2677 2678 2702 2701
f 2678 2679 2703 2702
f 2679 2680 2704 2703
f 2680 2681 2705 2704
f 2681 2682 2706 2705
f 2682 2683 2707 2706
f 2683 2684 2708 2707
f 2684 2685 2709 2708
f 2685 2686 2710 2709
f 2686 2687 2711 2710
f 2687 2688 2712 2711
f 2688 2665 2689 2712
f 2689 2690 2714 2713
f 2690 2691 2715 2714
f 2691 2692 2716 2715
f 2692 2693 2717 2716
f 2693 2694 2718 2717
f 2694 2695 2719 2718
f 2695 2696 2720 2719
f 2696 2697 2721 2720
f 2697 2698 2722 2721
f 2698 2699 2723 2722
f 2699 2700 2724 2723
f 2700 2701 2725 2724
f 2701 2702 2726 2725
f 2702 2703 2727 2726
f 2703 2704 2728 2727
f 2704 2705 2729 2728
f 2705 2706 2730 2729
f 2706 2707 2731 2730
f 2707 2708 2732 2731
f 2708 2709 2733 2732
f 2709 2710 2734 2733
f 2710 2711 2735 2734
f 2711 2712 2736 2735
f 2712 2689 2713 2736
f 2713 2714 2738 2737
f 2714 2715 2739 2738
f 2715 2716 2740 2739
f 2716 2717 2741 2740
f 2717 2718 2742 2741
f 2718 2719 2743 2742
f 2719 2720 2744 2743
f 2720 2721 2745 2744
f 2721 2722 2746 2745
f 2722 2723 2747 2746
f 2723 2724 2748 2747
f 2724 2725 2749 2748
f 2725 2726 2750 2749
f 2726 2727 2751 2750
f 2727 2728 2752 2751
f 2728 2729 2753 2752
f 2729 2730 2754 2753
f 2730 2731 2755 2754
f 2731 2732 2756 2755
f 2732 2733 2757 2756
f 2733 2734 2758 2757
f 2734 2735 2759 2758
f 2735 2736 2760 2759
f 2736 2713 2737 2760
f 2737 2738 2762 2761
f 2738 2739 2763 2762
f 2739 2740 2764 2763
f 2740 2741 2765 2764
f 2741 2742 2766 2765
f 2742 2743 2767 2766
f 2743 2744 2768 2767
f 2744 2745 2769 2768
f 2745 2746 2770 2769
f 2746 2747 2771 2770
f 2747 2748 2772 2771
f 2748 2749 2773 2772
f 2749 2750 2774 2773
f 2750 2751 2775 2774
f 2751 2752 2776 2775
f 2752 2753 2777 2776
f 2753 2754 2778 2777
f 2754 2755 2779 2778
f 2755 2756 2780 2779
f 2756 2757 2781 2780
f 2757 2758 2782 2781
f 2758 2759 2783 2782
f 2759 2760 2784 2783
f 2760 2737 2761 2784
f 2761 2762 2786 2785
f 2762 2763 2787 2786
f 2763 2764 2788 2787
f 2764 2765 2789 2788
f 2765 2766 2790 2789
f 2766 2767 2791 2790
f 2767 2768 2792 2791
f 2768 2769 2793 2792
f 2769 2770 2794 2793
f 2770 2771 2795 2794
f 2771 2772 2796 2795
f 2772 2773 2797 2796
f 2773 2774 2798 2797
f 2774 2775 2799 2798
f 2775 2776 2800 2799
f 2776 2777 2801 2800
f 2777 2778 2802 2801
f 2778 2779 2803 2802
f 2779 2780 2804 2803
f 2780 2781 2805 2804
f 2781 2782 2806 2805
f 2782 2783 2807 2806
f 2783 2784 2808 2807
f 2784 2761 2785 2808
f 2785 2786 2810 2809
f 2786 2787 2811 2810
f 2787 2788 2812 2811
f 2788 2789 2813 2812
f 2789 2790 2814 2813
f 2790 2791 2815 2814
f 2791 2792 2816 2815
f 2792 2793 2817 2816
f 2793 2794 2818 2817
f 2794 2795 2819 2818
f 2795 2796 2820 2819
f 2796 2797 2821 2820
f 2797 2798 2822 2821
f 2798 2799 2823 2822
f 2799 2800 2824 2823
f 2800 2801 2825 2824
f 2801 2802 2826 2825
f 2802 2803 2827 2826
f 2803 2804 2828 2827
f 2804 2805 2829 2828
f 2805 2806 2830 2829
f 2806 2807 2831 2830
f 2807 2808 2832 2831
f 2808 2785 2809 2832
f 2809 2810 2834 2833
f 2810 2811 2835 2834
f 2811 2812 2836 2835
f 2812 2813 2837 2836
f 2813 2814 2838 2837
f 2814 2815 2839 2838
f 2815 2816 2840 2839
f 2816 2817 2841 2840
f 2817 2818 2842 2841
f 2818 2819 2843 2842
f 2819 2820 2844 2843
f 2820 2821 2845 2844
f 2821 2822 2846 2845
f 2822 2823 2847 2846
f 2823 2824 2848 2847
f 2824 2825 2849 2848
f 2825 2826 2850 2849
f 2826 2827 2851 2850
f 2827 2828 2852 2851
f 2828 2829 2853 2852
f 2829 2830 2854 2853
f 2830 2831 2855 2854
f 2831 2832 2856 2855
f 2832 2809 2833 2856
f 2833 2834 2858 2857
f 2834 2835 2859 2858
f 2835 2836 2860 2859
f 2836 2837 2861 2860
f 2837 2838 2862 2861
f 2838 2839 2863 2862
f 2839 2840 2864 2863
f 2840 2841 2865 2864
f 2841 2842 2866 2865
f 2842 2843 2867 2866
f 2843 2844 2868 2867
f 2844 2845 2869 2868
f 2845 2846 2870 2869
f 2846 2847 2871 2870
f 2847 2848 2872 2871
f 2848 2849 2873 2872
f 2849 2850 2874 2873
f 2850 2851 2875 2874
f 2851 2852 2876 2875
f 2852 2853 2877 2876
f 2853 2854 2878 2877
f 2854 2855 2879 2878
f 2855 2856 2880 2879
f 2856 2833 2857 2880
f 2857 2858 2882 2881
f 2858 2859 2883 2882
f 2859 2860 2884 2883
f 2860 2861 2885 2884
f 2861 2862 2886 2885
f 2862 2863 2887 2886
f 2863 2864 2888 2887
f 2864 2865 2889 2888
f 2865 2866 2890 2889
f 2866 2867 2891 2890
f 2867 2868 2892 2891
f 2868 2869 2893 2892
f 2869 2870 2894 2893
f 2870 2871 2895 2894
f 2871 2872 2896 2895
f 2872 2873 2897 2896
f 2873 2874 2898 2897
f 2874 2875 2899 2898
f 2875 2876 2900 2899
f 2876 2877 2901 2900
f 2877 2878 2902 2901
f 2878 2879 2903 2902
f 2879 2880 2904 2903
f 2880 2857 2881 2904
f 2881 2882 2906 2905
f 2882 2883 2907 2906
f 2883 2884 2908 2907
f 2884 2885 2909 2908
f 2885 2886 2910 2909
f 2886 2887 2911 2910
f 2887 2888 2912 2911
f 2888 2889 2913 2912
f 2889 2890 2914 2913
f 2890 2891 2915 2914
f 2891 2892 2916 2915
f 2892 2893 2917 2916
f 2893 2894 2918 2917
f 2894 2895 2919 2918
f 2895 2896 2920 2919
f 2896 2897 2921 2920
f 2897 2898 2922 2921
f 2898 2899 2923 2922
f 2899 2900 2924 2923
f 2900 2901 2925 2924
f 2901 2902 2926 2925
f 2902 2903 2927 2926
f 2903 2904 2928 2927
f 2904 2881 2905 2928
f 2905 2906 2930 2929
f 2906 2907 2931 2930
f 2907 2908 2932 2931
f 2908 2909 2933 2932
f 2909 2910 2934 2933
f 2910 2911 2935 2934
f 2911 2912 2936 2935
f 2912 2913 2937 2936
f 2913 2914 2938 2937
f 2914 2915 2939 2938
f 2915 2916 2940 2939
f 2916 2917 2941 2940
f 2917 2918 2942 2941
f 2918 2919 2943 2942
f 2919 2920 2944 2943
f 2920 2921 2945 2944
f 2921 2922 2946 2945
f 2922 2923 2947 2946
f 2923 2924 2948 2947
f 2924 2925 2949 2948
f 2925 2926 2950 2949
f 2926 2927 2951 2950
f 2927 2928 2952 2951
f 2928 2905 2929 2952
f 2929 2930 2954 2953
f 2930 2931 2955 2954
f 2931 2932 2956 2955
f 2932 2933 2957 2956
f 2933 2934 2958 2957
f 2934 2935 2959 2958
f 2935 2936 2960 2959
f 2936 2937 2961 2960
f 2937 2938 2962 2961
f 2938 2939 2963 2962
f 2939 2940 2964 2963
f 2940 2941 2965 2964
f 2941 2942 2966 2965
f 2942 2943 2967 2966
f 2943 2944 2968 2967
f 2944 2945 2969 2968
f 2945 2946 2970 2969
f 2946 2947 2971 2970
f 2947 2948 2972 2971
f 2948 2949 2973 2972
f 2949 2950 2974 2973
f 2950 2951 2975 2974
f 2951 2952 2976 2975
f 2952 2929 2953 2976
f 2953 2954 2978 2977
f 2954 2955 2979 2978
f 2955 2956 2980 2979
f 2956 2957 2981 2980
f 2957 2958 2982 2981
f 2958 2959 2983 2982
f 2959 2960 2984 2983
f 2960 2961 2985 2984
f 2961 2962 2986 2985
f 2962 2963 2987 2986
f 2963 2964 2988 2987
f 2964 2965 2989 2988
f 2965 2966 2990 2989
f 2966 2967 2991 2990
f 2967 2968 2992 2991
f 2968 2969 2993 2992
f 2969 2970 2994 2993
f 2970 2971 2995 2994
f 2971 2972 2996 2995
f 2972 2973 2997 2996
f 2973 2974 2998 2997
f 2974 2975 2999 2998
f 2975 2976 3000 2999
f 2976 2953 2977 3000
f 2977 2978 3002 3001
f 2978 2979 3003 3002
f 2979 2980 3004 3003
f 2980 2981 3005 3004
f 2981 2982 3006 3005
f 2982 2983 3007 3006
f 2983 2984 3008 3007
f 2984 2985 3009 3008
f 2985 2986 3010 3009
f 2986 2987 3011 3010
f 2987 2988 3012 3011
f 2988 2989 3013 3012
f 2989 2990 3014 3013
f 2990 2991 3015 3014
f 2991 2992 3016 3015
f 2992 2993 3017 3016
f 2993 2994 3018 3017
f 2994 2995 3019 3018
f 2995 2996 3020 3019
f 2996 2997 3021 3020
f 2997 2998 3022 3021
f 2998 2999 3023 3022
f 2999 3000 3024 3023
f 3000 2977 3001 3024
f 3001 3002 3026 3025
f 3002 3003 3027 3026
f 3003 3004 3028 3027
f 3004 3005 3029 3028
f 3005 3006 3030 3029
f 3006 3007 3031 3030
f 3007 3008 3032 3031
f 3008 3009 3033 3032
f 3009 3010 3034 3033
f 3010 3011 3035 3034
f 3011 3012 3036 3035
f 3012 3013 3037 3036
f 3013 3014 3038 3037
f 3014 3015 3039 3038
f 3015 3016 3040 3039
f 3016 3017 3041 3040
f 3017 3018 3042 3041
f 3018 3019 3043 3042
f 3019 3020 3044 3043
f 3020 3021 3045 3044
f 3021 3022 3046 3045
f 3022 3023 3047 3046
f 3023 3024 3048 3047
f 3024 3001 3025 3048
f 3025 3026 3050 3049
f 3026 3027 3051 3050
f 3027 3028 3052 3051
f 3028 3029 3053 3052
f 3029 3030 3054 3053
f 3030 3031 3055 3054
f 3031 3032 3056 3055
f 3032 3033 3057 3056
f 3033 3034 3058 3057
f 3034 3035 3059 3058
f 3035 3036 3060 3059
f 3036 3037 3061 3060
f 3037 3038 3062 3061
f 3038 3039 3063 3062
f 3039 3040 3064 3063
f 3040 3041 3065 3064
f 3041 3042 3066 3065
f 3042 3043 3067 3066
f 3043 3044 3068 3067
f 3044 3045 3069 3068
f 3045 3046 3070 3069
f 3046 3047 3071 3070
f 3047 3048 3072 3071
f 3048 3025 3049 3072
f 3049 3050 3074 3073
f 3050 3051 3075 3074
f 3051 3052 3076 3075
f 3052 3053 3077 3076
f 3053 3054 3078 3077
f 3054 3055 3079 3078
f 3055 3056 3080 3079
f 3056 3057 3081 3080
f 3057 3058 3082 3081
f 3058 3059 3083 3082
f 3059 3060 3084 3083
f 3060 3061 3085 3084
f 3061 3062 3086 3085
f 3062 3063 3087 3086
f 3063 3064 3088 3087
f 3064 3065 3089 3088
f 3065 3066 3090 3089
f 3066 3067 3091 3090
f 3067 3068 3092 3091
f 3068 3069 3093 3092
f 3069 3070 3094 3093
f 3070 3071 3095 3094
f 3071 3072 3096 3095
f 3072 3049 3073 3096
f 3073 3074 3098 3097
f 3074 3075 3099 3098
f 3075 3076 3100 3099
f 3076 3077 3101 3100
f 3077 3078 3102 3101
f 3078 3079 3103 3102
f 3079 3080 3104 3103
f 3080 3081 3105 3104
f 3081 3082 3106 3105
f 3082 3083 3107 3106
f 3083 3084 3108 3107
f 3084 3085 3109 3108
f 3085 3086 3110 3109
f 3086 3087 3111 3110
f 3087 3088 3112 3111
f 3088 3089 3113 3112
f 3089 3090 3114 3113
f 3090 3091 3115 3114
f 3091 3092 3116 3115
f 3092 3093 3117 3116
f 3093 3094 3118 3117
f 3094 3095 3119 3118
f 3095 3096 3120 3119
f 3096 3073 3097 3120
f 3097 3098 3122 3121
f 3098 3099 3123 3122
f 3099 3100 3124 3123
f 3100 3101 3125 3124
f 3101 3102 3126 3125
f 3102 3103 3127 3126
f 3103 3104 3128 3127
f 3104 3105 3129 3128
f 3105 3106 3130 3129
f 3106 3107 3131 3130
f 3107 3108 3132 3131
f 3108 3109 3133 3132
f 3109 3110 3134 3133
f 3110 3111 3135 3134
f 3111 3112 3136 3135
f 3112 3113 3137 3136
f 3113 3114 3138 3137
f 3114 3115 3139 3138
f 3115 3116 3140 3139
f 3116 3117 3141 3140
f 3117 3118 3142 3141
f 3118 3119 3143 3142
f 3119 3120 3144 3143
f 3120 3097 3121 3144
f 3121 3122 3146 3145
f 3122 3123 3147 3146
f 3123 3124 3148 3147
f 3124 3125 3149 3148
f 3125 3126 3150 3149
f 3126 3127 3151 3150
f 3127 3128 3152 3151
f 3128 3129 3153 3152
f 3129 3130 3154 3153
f 3130 3131 3155 3154
f 3131 3132 3156 3155
f 3132 3133 3157 3156
f 3133 3134 3158 3157
f 3134 3135 3159 3158
f 3135 3136 3160 3159
f 3136 3137 3161 3160
f 3137 3138 3162 3161
f 3138 3139 3163 3162
f 3139 3140 3164 3163
f 3140 3141 3165 3164
f 3141 3142 3166 3165
f 3142 3143 3167 3166
f 3143 3144 3168 3167
f 3144 3121 3145 3168
f 3145 3146 3170 3169
f 3146 3147 3171 3170
f 3147 3148 3172 3171
f 3148 3149 3173 3172
f 3149 3150 3174 3173
f 3150 3151 3175 3174
f 3151 3152 3176 3175
f 3152 3153 3177 3176
f 3153 3154 3178 3177
f 3154 3155 3179 3178
f 3155 3156 3180 3179
f 3156 3157 3181 3180
f 3157 3158 3182 3181
f 3158 3159 3183 3182
f 3159 3160 3184 3183
f 3160 3161 3185 3184
f 3161 3162 3186 3185
f 3162 3163 3187 3186
f 3163 3164 3188 3187
f 3164 3165 3189 3188
f 3165 3166 3190 3189
f 3166 3167 3191 3190
f 3167 3168 3192 3191
f 3168 3145 3169 3192
f 3169 3170 3194 3193
f 3170 3171 3195 3194
f 3171 3172 3196 3195
f 3172 3173 3197 3196
f 3173 3174 3198 3197
f 3174 3175 3199 3198
f 3175 3176 3200 3199
f 3176 3177 3201 3200
f 3177 3178 3202 3201
f 3178 3179 3203 3202
f 3179 3180 3204 3203
f 3180 3181 3205 3204
f 3181 3182 3206 3205
f 3182 3183 3207 3206
f 3183 3184 3208 3207
f 3184 3185 3209 3208
f 3185 3186 3210 3209
f 3186 3187 3211 3210
f 3187 3188 3212 3211
f 3188 3189 3213 3212
f 3189 3190 3214 3213
f 3190 3191 3215 3214
f 3191 3192 3216 3215
f 3192 3169 3193 3216
f 3193 3194 3218 3217
f 3194 3195 3219 3218
f 3195 3196 3220 3219
f 3196 3197 3221 3220
f 3197 3198 3222 3221
f 3198 3199 3223 3222
f 3199 3200 3224 3223
f 3200 3201 3225 3224
f 3201 3202 3226 3225
f 3202 3203 3227 3226
f 3203 3204 3228 3227
f 3204 3205 3229 3228
f 3205 3206 3230 3229
f 3206 3207 3231 3230
f 3207 3208 3232 3231
f 3208 3209 3233 3232
f 3209 3210 3234 3233
f 3210 3211 3235 3234
f 3211 3212 3236 3235
f 3212 3213 3237 3236
f 3213 3214 3238 3237
f 3214 3215 3239 3238
f 3215 3216 3240 3239
f 3216 3193 3217 3240
f 3217 3218 3242 3241
f 3218 3219 3243 3242
f 3219 3220 3244 3243
f 3220 3221 3245 3244
f 3221 3222 3246 3245
f 3222 3223 3247 3246
f 3223 3224 3248 3247
f 3224 3225 3249 3248
f 3225 3226 3250 3249
f 3226 3227 3251 3250
f 3227 3228 3252 3251
f 3228 3229 3253 3252
f 3229 3230 3254 3253
f 3230 3231 3255 3254
f 3231 3232 3256 3255
f 3232 3233 3257 3256
f 3233 3234 3258 3257
f 3234 3235 3259 3258
f 3235 3236 3260 3259
f 3236 3237 3261 3260
f 3237 3238 3262 3261
f 3238 3239 3263 3262
f 3239 3240 3264 3263
f 3240 3217 3241 3264
f 3241 3242 3266 3265
f 3242 3243 3267 3266
f 3243 3244 3268 3267
f 3244 3245 3269 3268
f 3245 3246 3270 3269
f 3246 3247 3271 3270
f 3247 3248 3272 3271
f 3248 3249 3273 3272
f 3249 3250 3274 3273
f 3250 3251 3275 3274
f 3251 3252 3276 3275
f 3252 3253 3277 3276
f 3253 3254 3278 3277
f 3254 3255 3279 3278
f 3255 3256 3280 3279
f 3256 3257 3281 3280
f 3257 3258 3282 3281
f 3258 3259 3283 3282
f 3259 3260 3284 3283
f 3260 3261 3285 3284
f 3261 3262 3286 3285
f 3262 3263 3287 3286
f 3263 3264 3288 3287
f 3264 3241 3265 3288
f 3265 3266 3290 3289
f 3266 3267 3291 3290
f 3267 3268 3292 3291
f 3268 3269 3293 3292
f 3269 3270 3294 3293
f 3270 3271 3295 3294
f 3271 3272 3296 3295
f 3272 3273 3297 3296
f 3273 3274 3298 3297
f 3274 3275 3299 3298
f 3275 3276 3300 3299
f 3276 3277 3301 3300
f 3277 3278 3302 3301
f 3278 3279 3303 3302
f 3279 3280 3304 3303
f 3280 3281 3305 3304
f 3281 3282 3306 3305
f 3282 3283 3307 3306
f 3283 3284 3308 3307
f 3284 3285 3309 3308
f 3285 3286 3310 3309
f 3286 3287 3311 3310
f 3287 3288 3312 3311
f 3288 3265 3289 3312
f 3289 3290 3314 3313
f 3290 3291 3315 3314
f 3291 3292 3316 3315
f 3292 3293 3317 3316
f 3293 3294 3318 3317
f 3294 3295 3319 3318
f 3295 3296 3320 3319
f 3296 3297 3321 3320
f 3297 3298 3322 3321
f 3298 3299 3323 3322
f 3299 3300 3324 3323
f 3300 3301 3325 3324
f 3301 3302 3326 3325
f 3302 3303 3327 3326
f 3303 3304 3328 3327
f 3304 3305 3329 3328
f 3305 3306 3330 3329
f 3306 3307 3331 3330
f 3307 3308 3332 3331
f 3308 3309 3333 3332
f 3309 3310 3334 3333
f 3310 3311 3335 3334
f 3311 3312 3336 3335
f 3312 3289 3313 3336
f 3313 3314 3338 3337
f 3314 3315 3339 3338
f 3315 3316 3340 3339
f 3316 3317 3341 3340
f 3317 3318 3342 3341
f 3318 3319 3343 3342
f 3319 3320 3344 3343
f 3320 3321 3345 3344
f 3321 3322 3346 3345
f 3322 3323 3347 3346
f 3323 3324 3348 3347
f 3324 3325 3349 3348
f 3325 3326 3350 3349
f 3326 3327 3351 3350
f 3327 3328 3352 3351
f 3328 3329 3353 3352
f 3329 3330 3354 3353
f 3330 3331 3355 3354
f 3331 3332 3356 3355
f 3332 3333 3357 3356
f 3333 3334 3358 3357
f 3334 3335 3359 3358
f 3335 3336 3360 3359
f 3336 3313 3337 3360
f 3337 3338 3362 3361
f 3338 3339 3363 3362
f 3339 3340 3364 3363
f 3340 3341 3365 3364
f 3341 3342 3366 3365
f 3342 3343 3367 3366
f 3343 3344 3368 3367
f 3344 3345 3369 3368
f 3345 3346 3370 3369
f 3346 3347 3371 3370
f 3347 3348 3372 3371
f 3348 3349 3373 3372
f 3349 3350 3374 3373
f 3350 3351 3375 3374
f 3351 3352 3376 3375
f 3352 3353 3377 3376
f 3353 3354 3378 3377
f 3354 3355 3379 3378
f 3355 3356 3380 3379
f 3356 3357 3381 3380
f 3357 3358 3382 3381
f 3358 3359 3383 3382
f 3359 3360 3384 3383
f 3360 3337 3361 3384
f 3361 3362 3386 3385
f 3362 3363 3387 3386
f 3363 3364 3388 3387
f 3364 3365 3389 3388
f 3365 3366 3390 3389
f 3366 3367 3391 3390
f 3367 3368 3392 3391
f 3368 3369 3393 3392
f 3369 3370 3394 3393
f 3370 3371 3395 3394
f 3371 3372 3396 3395
f 3372 3373 3397 3396
f 3373 3374 3398 3397
f 3374 3375 3399 3398
f 3375 3376 3400 3399
f 3376 3377 3401 3400
f 3377 3378 3402 3401
f 3378 3379 3403 3402
f 3379 3380 3404 3403
f 3380 3381 3405 3404
f 3381 3382 3406 3405
f 3382 3383 3407 3406
f 3383 3384 3408 3407
f 3384 3361 3385 3408
f 3385 3386 3410 3409
f 3386 3387 3411 3410
f 3387 3388 3412 3411
f 3388 3389 3413 3412
f 3389 3390 3414 3413
f 3390 3391 3415 3414
f 3391 3392 3416 3415
f 3392 3393 3417 3416
f 3393 3394 3418 3417
f 3394 3395 3419 3418
f 3395 3396 3420 3419
f 3396 3397 3421 3420
f 3397 3398 3422 3421
f 3398 3399 3423 3422
f 3399 3400 3424 3423
f 3400 3401 3425 3424
f 3401 3402 3426 3425
f 3402 3403 3427 3426
f 3403 3404 3428 3427
f 3404 3405 3429 3428
f 3405 3406 3430 3429
f 3406 3407 3431 3430
f 3407 3408 3432 3431
f 3408 3385 3409 3432
f 3409 3410 3434 3433
f 3410 3411 3435 3434
f 3411 3412 3436 3435
f 3412 3413 3437 3436
f 3413 3414 3438 3437
f 3414 3415 3439 3438
f 3415 3416 3440 3439
f 3416 3417 3441 3440
f 3417 3418 3442 3441
f 3418 3419 3443 3442
f 3419 3420 3444 3443
f 3420 3421 3445 3444
f 3421 3422 3446 3445
f 3422 3423 3447 3446
f 3423 3424 3448 3447
f 3424 3425 3449 3448
f 3425 3426 3450 3449
f 3426 3427 3451 3450
f 3427 3428 3452 3451
f 3428 3429 3453 3452
f 3429 3430 3454 3453
f 3430 3431 3455 3454
f 3431 3432 3456 3455
f 3432 3409 3433 3456
f 3433 3434 3458 3457
f 3434 3435 3459 3458
f 3435 3436 3460 3459
f 3436 3437 3461 3460
f 3437 3438 3462 3461
f 3438 3439 3463 3462
f 3439 3440 3464 3463
f 3440 3441 3465 3464
f 3441 3442 3466 3465
f 3442 3443 3467 3466
f 3443 3444 3468 3467
f 3444 3445 3469 3468
f 3445 3446 3470 3469
f 3446 3447 3471 3470
f 3447 3448 3472 3471
f 3448 3449 3473 3472
f 3449 3450 3474 3473
f 3450 3451 3475 3474
f 3451 3452 3476 3475
f 3452 3453 3477 3476
f 3453 3454 3478 3477
f 3454 3455 3479 3478
f 3455 3456 3480 3479
f 3456 3433 3457 3480
f 3457 3458 3482 3481
f 3458 3459 3483 3482
f 3459 3460 3484 3483
f 3460 3461 3485 3484
f 3461 3462 3486 3485
f 3462 3463 3487 3486
f 3463 3464 3488 3487
f 3464 3465 3489 3488
f 3465 3466 3490 3489
f 3466 3467 3491 3490
f 3467 3468 3492 3491
f 3468 3469 3493 3492
f 3469 3470 3494 3493
f 3470 3471 3495 3494
f 3471 3472 3496 3495
f 3472 3473 3497 3496
f 3473 3474 3498 3497
f 3474 3475 3499 3498
f 3475 3476 3500 3499
f 3476 3477 3501 3500
f 3477 3478 3502 3501
f 3478 3479 3503 3502
f 3479 3480 3504 3503
f 3480 3457 3481 3504
f 3481 3482 3506 3505
f 3482 3483 3507 3506
f 3483 3484 3508 3507
f 3484 3485 3509 3508
f 3485 3486 3510 3509
f 3486 3487 3511 3510
f 3487 3488 3512 3511
f 3488 3489 3513 3512
f 3489 3490 3514 3513
f 3490 3491 3515 3514
f 3491 3492 3516 3515
f 3492 3493 3517 3516
f 3493 3494 3518 3517
f 3494 3495 3519 3518
f 3495 3496 3520 3519
f 3496 3497 3521 3520
f 3497 3498 3522 3521
f 3498 3499 3523 3522
f 3499 3500 3524 3523
f 3500 3501 3525 3524
f 3501 3502 3526 3525
f 3502 3503 3527 3526
f 3503 3504 3528 3527
f 3504 3481 3505 3528
f 3505 3506 3530 3529
f 3506 3507 3531 3530
f 3507 3508 3532 3531
f 3508 3509 3533 3532
f 3509 3510 3534 3533
f 3510 3511 3535 3534
f 3511 3512 3536 3535
f 3512 3513 3537 3536
f 3513 3514 3538 3537
f 3514 3515 3539 3538
f 3515 3516 3540 3539
f 3516 3517 3541 3540
f 3517 3518 3542 3541
f 3518 3519 3543 3542
f 3519 3520 3544 3543
f 3520 3521 3545 3544
f 3521 3522 3546 3545
f 3522 3523 3547 3546
f 3523 3524 3548 3547
f 3524 3525 3549 3548
f 3525 3526 3550 3549
f 3526 3527 3551 3550
f 3527 3528 3552 3551
f 3528 3505 3529 3552
f 3529 3530 3554 3553
f 3530 3531 3555 3554
f 3531 3532 3556 3555
f 3532 3533 3557 3556
f 3533 3534 3558 3557
f 3534 3535 3559 3558
f 3535 3536 3560 3559
f 3536 3537 3561 3560
f 3537 3538 3562 3561
f 3538 3539 3563 3562
f 3539 3540 3564 3563
f 3540 3541 3565 3564
f 3541 3542 3566 3565
f 3542 3543 3567 3566
f 3543 3544 3568 3567
f 3544 3545 3569 3568
f 3545 3546 3570 3569
f 3546 3547 3571 3570
f 3547 3548 3572 3571
f 3548 3549 3573 3572
f 3549 3550 3574 3573
f 3550 3551 3575 3574
f 3551 3552 3576 3575
f 3552 3529 3553 3576
f 3553 3554 3578 3577
f 3554 3555 3579 3578
f 3555 3556 3580 3579
f 3556 3557 3581 3580
f 3557 3558 3582 3581
f 3558 3559 3583 3582
f 3559 3560 3584 3583
f 3560 3561 3585 3584
f 3561 3562 3586 3585
f 3562 3563 3587 3586
f 3563 3564 3588 3587
f 3564 3565 3589 3588
f 3565 3566 3590 3589
f 3566 3567 3591 3590
f 3567 3568 3592 3591
f 3568 3569 3593 3592
f 3569 3570 3594 3593
f 3570 3571 3595 3594
f 3571 3572 3596 3595
f 3572 3573 3597 3596
f 3573 3574 3598 3597
f 3574 3575 3599 3598
f 3575 3576 3600 3599
f 3576 3553 3577 3600
f 3577 3578 3602 3601
f 3578 3579 3603 3602
f 3579 3580 3604 3603
f 3580 3581 3605 3604
f 3581 3582 3606 3605
f 3582 3583 3607 3606
f 3583 3584 3608 3607
f 3584 3585 3609 3608
f 3585 3586 3610 3609
f 3586 3587 3611 3610
f 3587 3588 3612 3611
f 3588 3589 3613 3612
f 3589 3590 3614 3613
f 3590 3591 3615 3614
f 3591 3592 3616 3615
f 3592 3593 3617 3616
f 3593 3594 3618 3617
f 3594 3595 3619 3618
f 3595 3596 3620 3619
f 3596 3597 3621 3620
f 3597 3598 3622 3621
f 3598 3599 3623 3622
f 3599 3600 3624 3623
f 3600 3577 3601 3624
f 3601 3602 3626 3625
f 3602 3603 3627 3626
f 3603 3604 3628 3627
f 3604 3605 3629 3628
f 3605 3606 3630 3629
f 3606 3607 3631 3630
f 3607 3608 3632 3631
f 3608 3609 3633 3632
f 3609 3610 3634 3633
f 3610 3611 3635 3634
f 3611 3612 3636 3635
f 3612 3613 3637 3636
f 3613 3614 3638 3637
f 3614 3615 3639 3638
f 3615 3616 3640 3639
f 3616 3617 3641 3640
f 3617 3618 3642 3641
f 3618 3619 3643 3642
f 3619 3620 3644 3643
f 3620 3621 3645 3644
f 3621 3622 3646 3645
f 3622 3623 3647 3646
f 3623 3624 3648 3647
f 3624 3601 3625 3648
f 3625 3626 3650 3649
f 3626 3627 3651 3650
f 3627 3628 3652 3651
f 3628 3629 3653 3652
f 3629 3630 3654 3653
f 3630 3631 3655 3654
f 3631 3632 3656 3655
f 3632 3633 3657 3656
f 3633 3634 3658 3657
f 3634 3635 3659 3658
f 3635 3636 3660 3659
f 3636 3637 3661 3660
f 3637 3638 3662 3661
f 3638 3639 3663 3662
f 3639 3640 3664 3663
f 3640 3641 3665 3664
f 3641 3642 3666 3665
f 3642 3643 3667 3666
f 3643 3644 3668 3667
f 3644 3645 3669 3668
f 3645 3646 3670 3669
f 3646 3647 3671 3670
f 3647 3648 3672 3671
f 3648 3625 3649 3672
f 3649 3650 3674 3673
f 3650 3651 3675 3674
f 3651 3652 3676 3675
f 3652 3653 3677 3676
f 3653 3654 3678 3677
f 3654 3655 3679 3678
f 3655 3656 3680 3679
f 3656 3657 3681 3680
f 3657 3658 3682 3681
f 3658 3659 3683 3682
f 3659 3660 3684 3683
f 3660 3661 3685 3684
f 3661 3662 3686 3685
f 3662 3663 3687 3686
f 3663 3664 3688 3687
f 3664 3665 3689 3688
f 3665 3666 3690 3689
f 3666 3667 3691 3690
f 3667 3668 3692 3691
f 3668 3669 3693 3692
f 3669 3670 3694 3693
f 3670 3671 3695 3694
f 3671 3672 3696 3695
f 3672 3649 3673 3696
f 3673 3674 3698 3697
f 3674 3675 3699 3698
f 3675 3676 3700 3699
f 3676 3677 3701 3700
f 3677 3678 3702 3701
f 3678 3679 3703 3702
f 3679 3680 3704 3703
f 3680 3681 3705 3704
f 3681 3682 3706 3705
f 3682 3683 3707 3706
f 3683 3684 3708 3707
f 3684 3685 3709 3708
f 3685 3686 3710 3709
f 3686 3687 3711 3710
f 3687 3688 3712 3711
f 3688 3689 3713 3712
f 3689 3690 3714 3713
f 3690 3691 3715 3714
f 3691 3692 3716 3715
f 3692 3693 3717 3716
f 3693 3694 3718 3717
f 3694 3695 3719 3718
f 3695 3696 3720 3719
f 3696 3673 3697 3720
f 3697 3698 3722 3721
f 3698 3699 3723 3722
f 3699 3700 3724 3723
f 3700 3701 3725 3724
f 3701 3702 3726 3725
f 3702 3703 3727 3726
f 3703 3704 3728 3727
f 3704 3705 3729 3728
f 3705 3706 3730 3729
f 3706 3707 3731 3730
f 3707 3708 3732 3731
f 3708 3709 3733 3732
f 3709 3710 3734 3733
f 3710 3711 3735 3734
f 3711 3712 3736 3735
f 3712 3713 3737 3736
f 3713 3714 3738 3737
f 3714 3715 3739 3738
f 3715 3716 3740 3739
f 3716 3717 3741 3740
f 3717 3718 3742 3741
f 3718 3719 3743 3742
f 3719 3720 3744 3743
f 3720 3697 3721 3744
f 3721 3722 3746 3745
f 3722 3723 3747 3746
f 3723 3724 3748 3747
f 3724 3725 3749 3748
f 3725 3726 3750 3749
f 3726 3727 3751 3750
f 3727 3728 3752 3751
f 3728 3729 3753 3752
f 3729 3730 3754 3753
f 3730 3731 3755 3754
f 3731 3732 3756 3755
f 3732 3733 3757 3756
f 3733 3734 3758 3757
f 3734 3735 3759 3758
f 3735 3736 3760 3759
f 3736 3737 3761 3760
f 3737 3738 3762 3761
f 3738 3739 3763 3762
f 3739 3740 3764 3763
f 3740 3741 3765 3764
f 3741 3742 3766 3765
f 3742 3743 3767 3766
f 3743 3744 3768 3767
f 3744 3721 3745 3768
f 3745 3746 3770 3769
f 3746 3747 3771 3770
f 3747 3748 3772 3771
f 3748 3749 3773 3772
f 3749 3750 3774 3773
f 3750 3751 3775 3774
f 3751 3752 3776 3775
f 3752 3753 3777 3776
f 3753 3754 3778 3777
f 3754 3755 3779 3778
f 3755 3756 3780 3779
f 3756 3757 3781 3780
f 3757 3758 3782 3781
f 3758 3759 3783 3782
f 3759 3760 3784 3783
f 3760 3761 3785 3784
f 3761 3762 3786 3785
f 3762 3763 3787 3786
f 3763 3764 3788 3787
f 3764 3765 3789 3788
f 3765 3766 3790 3789
f 3766 3767 3791 3790
f 3767 3768 3792 3791
f 3768 3745 3769 3792
f 3769 3770 3794 3793
f 3770 3771 3795 3794
f 3771 3772 3796 3795
f 3772 3773 3797 3796
f 3773 3774 3798 3797
f 3774 3775 3799 3798
f 3775 3776 3800 3799
f 3776 3777 3801 3800
f 3777 3778 3802 3801
f 3778 3779 3803 3802
f 3779 3780 3804 3803
f 3780 3781 3805 3804
f 3781 3782 3806 3805
f 3782 3783 3807 3806
f 3783 3784 3808 3807
f 3784 3785 3809 3808
f 3785 3786 3810 3809
f 3786 3787 3811 3810
f 3787 3788 3812 3811
f 3788 3789 3813 3812
f 3789 3790 3814 3813
f 3790 3791 3815 3814
f 3791 3792 3816 3815
f 3792 3769 3793 3816
f 3793 3794 3818 3817
f 3794 3795 3819 3818
f 3795 3796 3820 3819
f 3796 3797 3821 3820
f 3797 3798 3822 3821
f 3798 3799 3823 3822
f 3799 3800 3824 3823
f 3800 3801 3825 3824
f 3801 3802 3826 3825
f 3802 3803 3827 3826
f 3803 3804 3828 3827
f 3804 3805 3829 3828
f 3805 3806 3830 3829
f 3806 3807 3831 3830
f 3807 3808 3832 3831
f 3808 3809 3833 3832
f 3809 3810 3834 3833
f 3810 3811 3835 3834
f 3811 3812 3836 3835
f 3812 3813 3837 3836
f 3813 3814 3838 3837
f 3814 3815 3839 3838
f 3815 3816 3840 3839
f 3816 3793 3817 3840
f 3817 3818 3842 3841
f 3818 3819 3843 3842
f 3819 3820 3844 3843
f 3820 3821 3845 3844
f 3821 3822 3846 3845
f 3822 3823 3847 3846
f 3823 3824 3848 3847
f 3824 3825 3849 3848
f 3825 3826 3850 3849
f 3826 3827 3851 3850
f 3827 3828 3852 3851
f 3828 3829 3853 3852
f 3829 3830 3854 3853
f 3830 3831 3855 3854
f 3831 3832 3856 3855
f 3832 3833 3857 3856
f 3833 3834 3858 3857
f 3834 3835 3859 3858
f 3835 3836 3860 3859
f 3836 3837 3861 3860
f 3837 3838 3862 3861
f 3838 3839 3863 3862
f 3839 3840 3864 3863
f 3840 3817 3841 3864
f 3841 3842 3866 3865
f 3842 3843 3867 3866
f 3843 3844 3868 3867
f 3844 3845 3869 3868
f 3845 3846 3870 3869
f 3846 3847 3871 3870
f 3847 3848 3872 3871
f 3848 3849 3873 3872
f 3849 3850 3874 3873
f 3850 3851 3875 3874
f 3851 3852 3876 3875
f 3852 3853 3877 3876
f 3853 3854 3878 3877
f 3854 3855 3879 3878
f 3855 3856 3880 3879
f 3856 3857 3881 3880
f 3857 3858 3882 3881
f 3858 3859 3883 3882
f 3859 3860 3884 3883
f 3860 3861 3885 3884
f 3861 3862 3886 3885
f 3862 3863 3887 3886
f 3863 3864 3888 3887
f 3864 3841 3865 3888
f 3865 3866 3890 3889
f 3866 3867 3891 3890
f 3867 3868 3892 3891
f 3868 3869 3893 3892
f 3869 3870 3894 3893
f 3870 3871 3895 3894
f 3871 3872 3896 3895
f 3872 3873 3897 3896
f 3873 3874 3898 3897
f 3874 3875 3899 3898
f 3875 3876 3900 3899
f 3876 3877 3901 3900
f 3877 3878 3902 3901
f 3878 3879 3903 3902
f 3879 3880 3904 3903
f 3880 3881 3905 3904
f 3881 3882 3906 3905
f 3882 3883 3907 3906
f 3883 3884 3908 3907
f 3884 3885 3909 3908
f 3885 3886 3910 3909
f 3886 3887 3911 3910
f 3887 3888 3912 3911
f 3888 3865 3889 3912
f 3889 3890 3914 3913
f 3890 3891 3915 3914
f 3891 3892 3916 3915
f 3892 3893 3917 3916
f 3893 3894 3918 3917
f 3894 3895 3919 3918
f 3895 3896 3920 3919
f 3896 3897 3921 3920
f 3897 3898 3922 3921
f 3898 3899 3923 3922
f 3899 3900 3924 3923
f 3900 3901 3925 3924
f 3901 3902 3926 3925
f 3902 3903 3927 3926
f 3903 3904 3928 3927
f 3904 3905 3929 3928
f 3905 3906 3930 3929
f 3906 3907 3931 3930
f 3907 3908 3932 3931
f 3908 3909 3933 3932
f 3909 3910 3934 3933
f 3910 3911 3935 3934
f 3911 3912 3936 3935
f 3912 3889 3913 3936
f 3913 3914 3938 3937
f 3914 3915 3939 3938
f 3915 3916 3940 3939
f 3916 3917 3941 3940
f 3917 3918 3942 3941
f 3918 3919 3943 3942
f 3919 3920 3944 3943
f 3920 3921 3945 3944
f 3921 3922 3946 3945
f 3922 3923 3947 3946
f 3923 3924 3948 3947
f 3924 3925 3949 3948
f 3925 3926 3950 3949
f 3926 3927 3951 3950
f 3927 3928 3952 3951
f 3928 3929 3953 3952
f 3929 3930 3954 3953
f 3930 3931 3955 3954
f 3931 3932 3956 3955
f 3932 3933 3957 3956
f 3933 3934 3958 3957
f 3934 3935 3959 3958
f 3935 3936 3960 3959
f 3936 3913 3937 3960
f 3937 3938 3962 3961
f 3938 3939 3963 3962
f 3939 3940 3964 3963
f 3940 3941 3965 3964
f 3941 3942 3966 3965
f 3942 3943 3967 3966
f 3943 3944 3968 3967
f 3944 3945 3969 3968
f 3945 3946 3970 3969
f 3946 3947 3971 3970
f 3947 3948 3972 3971
f 3948 3949 3973 3972
f 3949 3950 3974 3973
f 3950 3951 3975 3974
f 3951 3952 3976 3975
f 3952 3953 3977 3976
f 3953 3954 3978 3977
f 3954 3955 3979 3978
f 3955 3956 3980 3979
f 3956 3957 3981 3980
f 3957 3958 3982 3981
f 3958 3959 3983 3982
f 3959 3960 3984 3983
f 3960 3937 3961 3984
f 3961 3962 3986 3985
f 3962 3963 3987 3986
f 3963 3964 3988 3987
f 3964 3965 3989 3988
f 3965 3966 3990 3989
f 3966 3967 3991 3990
f 3967 3968 3992 3991
f 3968 3969 3993 3992
f 3969 3970 3994 3993
f 3970 3971 3995 3994
f 3971 3972 3996 3995
f 3972 3973 3997 3996
f 3973 3974 3998 3997
f 3974 3975 3999 3998
f 3975 3976 4000 3999
f 3976 3977 4001 4000
f 3977 3978 4002 4001
f 3978 3979 4003 4002
f 3979 3980 4004 4003
f 3980 3981 4005 4004
f 3981 3982 4006 4005
f 3982 3983 4007 4006
f 3983 3984 4008 4007
f 3984 3961 3985 4008
f 3985 3986 4010 4009
f 3986 3987 4011 4010
f 3987 3988 4012 4011
f 3988 3989 4013 4012
f 3989 3990 4014 4013
f 3990 3991 4015 4014
f 3991 3992 4016 4015
f 3992 3993 4017 4016
f 3993 3994 4018 4017
f 3994 3995 4019 4018
f 3995 3996 4020 4019
f 3996 3997 4021 4020
f 3997 3998 4022 4021
f 3998 3999 4023 4022
f 3999 4000 4024 4023
f 4000 4001 4025 4024
f 4001 4002 4026 4025
f 4002 4003 4027 4026
f 4003 4004 4028 4027
f 4004 4005 4029 4028
f 4005 4006 4030 4029
f 4006 4007 4031 4030
f 4007 4008 4032 4031
f 4008 3985 4009 4032
f 4009 4010 4034 4033
f 4010 4011 4035 4034
f 4011 4012 4036 4035
f 4012 4013 4037 4036
f 4013 4014 4038 4037
f 4014 4015 4039 4038
f 4015 4016 4040 4039
f 4016 4017 4041 4040
f 4017 4018 4042 4041
f 4018 4019 4043 4042
f 4019 4020 4044 4043
f 4020 4021 4045 4044
f 4021 4022 4046 4045
f 4022 4023 4047 4046
f 4023 4024 4048 4047
f 4024 4025 4049 4048
f 4025 4026 4050 4049
f 4026 4027 4051 4050
f 4027 4028 4052 4051
f 4028 4029 4053 4052
f 4029 4030 4054 4053
f 4030 4031 4055 4054
f 4031 4032 4056 4055
f 4032 4009 4033 4056
f 4033 4034 4058 4057
f 4034 4035 4059 4058
f 4035 4036 4060 4059
f 4036 4037 4061 4060
f 4037 4038 4062 4061
f 4038 4039 4063 4062
f 4039 4040 4064 4063
f 4040 4041 4065 4064
f 4041 4042 4066 4065
f 4042 4043 4067 4066
f 4043 4044 4068 4067
f 4044 4045 4069 4068
f 4045 4046 4070 4069
f 4046 4047 4071 4070
f 4047 4048 4072 4071
f 4048 4049 4073 4072
f 4049 4050 4074 4073
f 4050 4051 4075 4074
f 4051 4052 4076 4075
f 4052 4053 4077 4076
f 4053 4054 4078 4077
f 4054 4055 4079 4078
f 4055 4056 4080 4079
f 4056 4033 4057 4080
f 4057 4058 4082 4081
f 4058 4059 4083 4082
f 4059 4060 4084 4083
f 4060 4061 4085 4084
f 4061 4062 4086 4085
f 4062 4063 4087 4086
f 4063 4064 4088 4087
f 4064 4065 4089 4088
f 4065 4066 4090 4089
f 4066 4067 4091 4090
f 4067 4068 4092 4091
f 4068 4069 4093 4092
f 4069 4070 4094 4093
f 4070 4071 4095 4094
f 4071 4072 4096 4095
f 4072 4073 4097 4096
f 4073 4074 4098 4097
f 4074 4075 4099 4098
f 4075 4076 4100 4099
f 4076 4077 4101 4100
f 4077 4078 4102 4101
f 4078 4079 4103 4102
f 4079 4080 4104 4103
f 4080 4057 4081 4104
f 4081 4082 4106 4105
f 4082 4083 4107 4106
f 4083 4084 4108 4107
f 4084 4085 4109 4108
f 4085 4086 4110 4109
f 4086 4087 4111 4110
f 4087 4088 4112 4111
f 4088 4089 4113 4112
f 4089 4090 4114 4113
f 4090 4091 4115 4114
f 4091 4092 4116 4115
f 4092 4093 4117 4116
f 4093 4094 4118 4117
f 4094 4095 4119 4118
f 4095 4096 4120 4119
f 4096 4097 4121 4120
f 4097 4098 4122 4121
f 4098 4099 4123 4122
f 4099 4100 4124 4123
f 4100 4101 4125 4124
f 4101 4102 4126 4125
f 4102 4103 4127 4126
f 4103 4104 4128 4127
f 4104 4081 4105 4128
f 4105 4106 4130 4129
f 4106 4107 4131 4130
f 4107 4108 4132 4131
f 4108 4109 4133 4132
f 4109 4110 4134 4133
f 4110 4111 4135 4134
f 4111 4112 4136 4135
f 4112 4113 4137 4136
f 4113 4114 4138 4137
f 4114 4115 4139 4138
f 4115 4116 4140 4139
f 4116 4117 4141 4140
f 4117 4118 4142 4141
f 4118 4119 4143 4142
f 4119 4120 4144 4143
f 4120 4121 4145 4144
f 4121 4122 4146 4145
f 4122 4123 4147 4146
f 4123 4124 4148 4147
f 4124 4125 4149 4148
f 4125 4126 4150 4149
f 4126 4127 4151 4150
f 4127 4128 4152 4151
f 4128 4105 4129 4152
f 4129 4130 4154 4153
f 4130 4131 4155 4154
f 4131 4132 4156 4155
f 4132 4133 4157 4156
f 4133 4134 4158 4157
f 4134 4135 4159 4158
f 4135 4136 4160 4159
f 4136 4137 4161 4160
f 4137 4138 4162 4161
f 4138 4139 4163 4162
f 4139 4140 4164 4163
f 4140 4141 4165 4164
f 4141 4142 4166 4165
f 4142 4143 4167 4166
f 4143 4144 4168 4167
f 4144 4145 4169 4168
f 4145 4146 4170 4169
f 4146 4147 4171 4170
f 4147 4148 4172 4171
f 4148 4149 4173 4172
f 4149 4150 4174 4173
f 4150 4151 4175 4174
f 4151 4152 4176 4175
f 4152 4129 4153 4176
f 4153 4154 4178 4177
f 4154 4155 4179 4178
f 4155 4156 4180 4179
f 4156 4157 4181 4180
f 4157 4158 4182 4181
f 4158 4159 4183 4182
f 4159 4160 4184 4183
f 4160 4161 4185 4184
f 4161 4162 4186 4185
f 4162 4163 4187 4186
f 4163 4164 4188 4187
f 4164 4165 4189 4188
f 4165 4166 4190 4189
f 4166 4167 4191 4190
f 4167 4168 4192 4191
f 4168 4169 4193 4192
f 4169 4170 4194 4193
f 4170 4171 4195 4194
f 4171 4172 4196 4195
f 4172 4173 4197 4196
f 4173 4174 4198 4197
f 4174 4175 4199 4198
f 4175 4176 4200 4199
f 4176 4153 4177 4200
f 4177 4178 4202 4201
f 4178 4179 4203 4202
f 4179 4180 4204 4203
f 4180 4181 4205 4204
f 4181 4182 4206 4205
f 4182 4183 4207 4206
f 4183 4184 4208 4207
f 4184 4185 4209 4208
f 4185 4186 4210 4209
f 4186 4187 4211 4210
f 4187 4188 4212 4211
f 4188 4189 4213 4212
f 4189 4190 4214 4213
f 4190 4191 4215 4214
f 4191 4192 4216 4215
f 4192 4193 4217 4216
f 4193 4194 4218 4217
f 4194 4195 4219 4218
f 4195 4196 4220 4219
f 4196 4197 4221 4220
f 4197 4198 4222 4221
f 4198 4199 4223 4222
f 4199 4200 4224 4223
f 4200 4177 4201 4224
f 4201 4202 4226 4225
f 4202 4203 4227 4226
f 4203 4204 4228 4227
f 4204 4205 4229 4228
f 4205 4206 4230 4229
f 4206 4207 4231 4230
f 4207 4208 4232 4231
f 4208 4209 4233 4232
f 4209 4210 4234 4233
f 4210 4211 4235 4234
f 4211 4212 4236 4235
f 4212 4213 4237 4236
f 4213 4214 4238 4237
f 4214 4215 4239 4238
f 4215 4216 4240 4239
f 4216 4217 4241 4240
f 4217 4218 4242 4241
f 4218 4219 4243 4242
f 4219 4220 4244 4243
f 4220 4221 4245 4244
f 4221 4222 4246 4245
f 4222 4223 4247 4246
f 4223 4224 4248 4247
f 4224 4201 4225 4248
f 4225 4226 4250 4249
f 4226 4227 4251 4250
f 4227 4228 4252 4251
f 4228 4229 4253 4252
f 4229 4230 4254 4253
f 4230 4231 4255 4254
f 4231 4232 4256 4255
f 4232 4233 4257 4256
f 4233 4234 4258 4257
f 4234 4235 4259 4258
f 4235 4236 4260 4259
f 4236 4237 4261 4260
f 4237 4238 4262 4261
f 4238 4239 4263 4262
f 4239 4240 4264 4263
f 4240 4241 4265 4264
f 4241 4242 4266 4265
f 4242 4243 4267 4266
f 4243 4244 4268 4267
f 4244 4245 4269 4268
f 4245 4246 4270 4269
f 4246 4247 4271 4270
f 4247 4248 4272 4271
f 4248 4225 4249 4272
f 4249 4250 4274 4273
f 4250 4251 4275 4274
f 4251 4252 4276 4275
f 4252 4253 4277 4276
f 4253 4254 4278 4277
f 4254 4255 4279 4278
f 4255 4256 4280 4279
f 4256 4257 4281 4280
f 4257 4258 4282 4281
f 4258 4259 4283 4282
f 4259 4260 4284 4283
f 4260 4261 4285 4284
f 4261 4262 4286 4285
f 4262 4263 4287 4286
f 4263 4264 4288 4287
f 4264 4265 4289 4288
f 4265 4266 4290 4289
f 4266 4267 4291 4290
f 4267 4268 4292 4291
f 4268 4269 4293 4292
f 4269 4270 4294 4293
f 4270 4271 4295 4294
f 4271 4272 4296 4295
f 4272 4249 4273 4296
f 4273 4274 4298 4297
f 4274 4275 4299 4298
f 4275 4276 4300 4299
f 4276 4277 4301 4300
f 4277 4278 4302 4301
f 4278 4279 4303 4302
f 4279 4280 4304 4303
f 4280 4281 4305 4304
f 4281 4282 4306 4305
f 4282 4283 4307 4306
f 4283 4284 4308 4307
f 4284 4285 4309 4308
f 4285 4286 4310 4309
f 4286 4287 4311 4310
f 4287 4288 4312 4311
f 4288 4289 4313 4312
f 4289 4290 4314 4313
f 4290 4291 4315 4314
f 4291 4292 4316 4315
f 4292 4293 4317 4316
f 4293 4294 4318 4317
f 4294 4295 4319 4318
f 4295 4296 4320 4319
f 4296 4273 4297 4320
f 4297 4298 4322 4321
f 4298 4299 4323 4322
f 4299 4300 4324 4323
f 4300 4301 4325 4324
f 4301 4302 4326 4325
f 4302 4303 4327 4326
f 4303 4304 4328 4327
f 4304 4305 4329 4328
f 4305 4306 4330 4329
f 4306 4307 4331 4330
f 4307 4308 4332 4331
f 4308 4309 4333 4332
f 4309 4310 4334 4333
f 4310 4311 4335 4334
f 4311 4312 4336 4335
f 4312 4313 4337 4336
f 4313 4314 4338 4337
f 4314 4315 4339 4338
f 4315 4316 4340 4339
f 4316 4317 4341 4340
f 4317 4318 4342 4341
f 4318 4319 4343 4342
f 4319 4320 4344 4343
f 4320 4297 4321 4344
f 4321 4322 4346 4345
f 4322 4323 4347 4346
f 4323 4324 4348 4347
f 4324 4325 4349 4348
f 4325 4326 4350 4349
f 4326 4327 4351 4350
f 4327 4328 4352 4351
f 4328 4329 4353 4352
f 4329 4330 4354 4353
f 4330 4331 4355 4354
f 4331 4332 4356 4355
f 4332 4333 4357 4356
f 4333 4334 4358 4357
f 4334 4335 4359 4358
f 4335 4336 4360 4359
f 4336 4337 4361 4360
f 4337 4338 4362 4361
f 4338 4339 4363 4362
f 4339 4340 4364 4363
f 4340 4341 4365 4364
f 4341 4342 4366 4365
f 4342 4343 4367 4366
f 4343 4344 4368 4367
f 4344 4321 4345 4368
f 4345 4346 4370 4369
f 4346 4347 4371 4370
f 4347 4348 4372 4371
f 4348 4349 4373 4372
f 4349 4350 4374 4373
f 4350 4351 4375 4374
f 4351 4352 4376 4375
f 4352 4353 4377 4376
f 4353 4354 4378 4377
f 4354 4355 4379 4378
f 4355 4356 4380 4379
f 4356 4357 4381 4380
f 4357 4358 4382 4381
f 4358 4359 4383 4382
f 4359 4360 4384 4383
f 4360 4361 4385 4384
f 4361 4362 4386 4385
f 4362 4363 4387 4386
f 4363 4364 4388 4387
f 4364 4365 4389 4388
f 4365 4366 4390 4389
f 4366 4367 4391 4390
f 4367 4368 4392 4391
f 4368 4345 4369 4392
f 4369 4370 4394 4393
f 4370 4371 4395 4394
f 4371 4372 4396 4395
f 4372 4373 4397 4396
f 4373 4374 4398 4397
f 4374 4375 4399 4398
f 4375 4376 4400 4399
f 4376 4377 4401 4400
f 4377 4378 4402 4401
f 4378 4379 4403 4402
f 4379 4380 4404 4403
f 4380 4381 4405 4404
f 4381 4382 4406 4405
f 4382 4383 4407 4406
f 4383 4384 4408 4407
f 4384 4385 4409 4408
f 4385 4386 4410 4409
f 4386 4387 4411 4410
f 4387 4388 4412 4411
f 4388 4389 4413 4412
f 4389 4390 4414 4413
f 4390 4391 4415 4414
f 4391 4392 4416 4415
f 4392 4369 4393 4416
f 4393 4394 4418 4417
f 4394 4395 4419 4418
f 4395 4396 4420 4419
f 4396 4397 4421 4420
f 4397 4398 4422 4421
f 4398 4399 4423 4422
f 4399 4400 4424 4423
f 4400 4401 4425 4424
f 4401 4402 4426 4425
f 4402 4403 4427 4426
f 4403 4404 4428 4427
f 4404 4405 4429 4428
f 4405 4406 4430 4429
f 4406 4407 4431 4430
f 4407 4408 4432 4431
f 4408 4409 4433 4432
f 4409 4410 4434 4433
f 4410 4411 4435 4434
f 4411 4412 4436 4435
f 4412 4413 4437 4436
f 4413 4414 4438 4437
f 4414 4415 4439 4438
f 4415 4416 4440 4439
f 4416 4393 4417 4440
f 4417 4418 4442 4441
f 4418 4419 4443 4442
f 4419 4420 4444 4443
f 4420 4421 4445 4444
f 4421 4422 4446 4445
f 4422 4423 4447 4446
f 4423 4424 4448 4447
f 4424 4425 4449 4448
f 4425 4426 4450 4449
f 4426 4427 4451 4450
f 4427 4428 4452 4451
f 4428 4429 4453 4452
f 4429 4430 4454 4453
f 4430 4431 4455 4454
f 4431 4432 4456 4455
f 4432 4433 4457 4456
f 4433 4434 4458 4457
f 4434 4435 4459 4458
f 4435 4436 4460 4459
f 4436 4437 4461 4460
f 4437 4438 4462 4461
f 4438 4439 4463 4462
f 4439 4440 4464 4463
f 4440 4417 4441 4464
f 4441 4442 4466 4465
f 4442 4443 4467 4466
f 4443 4444 4468 4467
f 4444 4445 4469 4468
f 4445 4446 4470 4469
f 4446 4447 4471 4470
f 4447 4448 4472 4471
f 4448 4449 4473 4472
f 4449 4450 4474 4473
f 4450 4451 4475 4474
f 4451 4452 4476 4475
f 4452 4453 4477 4476
f 4453 4454 4478 4477
f 4454 4455 4479 4478
f 4455 4456 4480 4479
f 4456 4457 4481 4480
f 4457 4458 4482 4481
f 4458 4459 4483 4482
f 4459 4460 4484 4483
f 4460 4461 4485 4484
f 4461 4462 4486 4485
f 4462 4463 4487 4486
f 4463 4464 4488 4487
f 4464 4441 4465 4488
f 4465 4466 4490 4489
f 4466 4467 4491 4490
f 4467 4468 4492 4491
f 4468 4469 4493 4492
f 4469 4470 4494 4493
f 4470 4471 4495 4494
f 4471 4472 4496 4495
f 4472 4473 4497 4496
f 4473 4474 4498 4497
f 4474 4475 4499 4498
f 4475 4476 4500 4499
f 4476 4477 4501 4500
f 4477 4478 4502 4501
f 4478 4479 4503 4502
f 4479 4480 4504 4503
f 4480 4481 4505 4504
f 4481 4482 4506 4505
f 4482 4483 4507 4506
f 4483 4484 4508 4507
f 4484 4485 4509 4508
f 4485 4486 4510 4509
f 4486 4487 4511 4510
f 4487 4488 4512 4511
f 4488 4465 4489 4512
f 4489 4490 4514 4513
f 4490 4491 4515 4514
f 4491 4492 4516 4515
f 4492 4493 4517 4516
f 4493 4494 4518 4517
f 4494 4495 4519 4518
f 4495 4496 4520 4519
f 4496 4497 4521 4520
f 4497 4498 4522 4521
f 4498 4499 4523 4522
f 4499 4500 4524 4523
f 4500 4501 4525 4524
f 4501 4502 4526 4525
f 4502 4503 4527 4526
f 4503 4504 4528 4527
f 4504 4505 4529 4528
f 4505 4506 4530 4529
f 4506 4507 4531 4530
f 4507 4508 4532 4531
f 4508 4509 4533 4532
f 4509 4510 4534 4533
f 4510 4511 4535 4534
f 4511 4512 4536 4535
f 4512 4489 4513 4536
f 4513 4514 4538 4537
f 4514 4515 4539 4538
f 4515 4516 4540 4539
f 4516 4517 4541 4540
f 4517 4518 4542 4541
f 4518 4519 4543 4542
f 4519 4520 4544 4543
f 4520 4521 4545 4544
f 4521 4522 4546 4545
f 4522 4523 4547 4546
f 4523 4524 4548 4547
f 4524 4525 4549 4548
f 4525 4526 4550 4549
f 4526 4527 4551 4550
f 4527 4528 4552 4551
f 4528 4529 4553 4552
f 4529 4530 4554 4553
f 4530 4531 4555 4554
f 4531 4532 4556 4555
f 4532 4533 4557 4556
f 4533 4534 4558 4557
f 4534 4535 4559 4558
f 4535 4536 4560 4559
f 4536 4513 4537 4560
f 4537 4538 4562 4561
f 4538 4539 4563 4562
f 4539 4540 4564 4563
f 4540 4541 4565 4564
f 4541 4542 4566 4565
f 4542 4543 4567 4566
f 4543 4544 4568 4567
f 4544 4545 4569 4568
f 4545 4546 4570 4569
f 4546 4547 4571 4570
f 4547 4548 4572 4571
f 4548 4549 4573 4572
f 4549 4550 4574 4573
f 4550 4551 4575 4574
f 4551 4552 4576 4575
f 4552 4553 4577 4576
f 4553 4554 4578 4577
f 4554 4555 4579 4578
f 4555 4556 4580 4579
f 4556 4557 4581 4580
f 4557 4558 4582 4581
f 4558 4559 4583 4582
f 4559 4560 4584 4583
f 4560 4537 4561 4584
f 4561 4562 4586 4585
f 4562 4563 4587 4586
f 4563 4564 4588 4587
f 4564 4565 4589 4588
f 4565 4566 4590 4589
f 4566 4567 4591 4590
f 4567 4568 4592 4591
f 4568 4569 4593 4592
f 4569 4570 4594 4593
f 4570 4571 4595 4594
f 4571 4572 4596 4595
f 4572 4573 4597 4596
f 4573 4574 4598 4597
f 4574 4575 4599 4598
f 4575 4576 4600 4599
f 4576 4577 4601 4600
f 4577 4578 4602 4601
f 4578 4579 4603 4602
f 4579 4580 4604 4603
f 4580 4581 4605 4604
f 4581 4582 4606 4605
f 4582 4583 4607 4606
f 4583 4584 4608 4607
f 4584 4561 4585 4608
f 4585 4586 4610 4609
f 4586 4587 4611 4610
f 4587 4588 4612 4611
f 4588 4589 4613 4612
f 4589 4590 4614 4613
f 4590 4591 4615 4614
f 4591 4592 4616 4615
f 4592 4593 4617 4616
f 4593 4594 4618 4617
f 4594 4595 4619 4618
f 4595 4596 4620 4619
f 4596 4597 4621 4620
f 4597 4598 4622 4621
f 4598 4599 4623 4622
f 4599 4600 4624 4623
f 4600 4601 4625 4624
f 4601 4602 4626 4625
f 4602 4603 4627 4626
f 4603 4604 4628 4627
f 4604 4605 4629 4628
f 4605 4606 4630 4629
f 4606 4607 4631 4630
f 4607 4608 4632 4631
f 4608 4585 4609 4632
f 4609 4610 4634 4633
f 4610 4611 4635 4634
f 4611 4612 4636 4635
f 4612 4613 4637 4636
f 4613 4614 4638 4637
f 4614 4615 4639 4638
f 4615 4616 4640 4639
f 4616 4617 4641 4640
f 4617 4618 4642 4641
f 4618 4619 4643 4642
f 4619 4620 4644 4643
f 4620 4621 4645 4644
f 4621 4622 4646 4645
f 4622 4623 4647 4646
f 4623 4624 4648 4647
f 4624 4625 4649 4648
f 4625 4626 4650 4649
f 4626 4627 4651 4650
f 4627 4628 4652 4651
f 4628 4629 4653 4652
f 4629 4630 4654 4653
f 4630 4631 4655 4654
f 4631 4632 4656 4655
f 4632 4609 4633 4656
f 4633 4634 4658 4657
f 4634 4635 4659 4658
f 4635 4636 4660 4659
f 4636 4637 4661 4660
f 4637 4638 4662 4661
f 4638 4639 4663 4662
f 4639 4640 4664 4663
f 4640 4641 4665 4664
f 4641 4642 4666 4665
f 4642 4643 4667 4666
f 4643 4644 4668 4667
f 4644 4645 4669 4668
f 4645 4646 4670 4669
f 4646 4647 4671 4670
f 4647 4648 4672 4671
f 4648 4649 4673 4672
f 4649 4650 4674 4673
f 4650 4651 4675 4674
f 4651 4652 4676 4675
f 4652 4653 4677 4676
f 4653 4654 4678 4677
f 4654 4655 4679 4678
f 4655 4656 4680 4679
f 4656 4633 4657 4680
f 4657 4658 4682 4681
f 4658 4659 4683 4682
f 4659 4660 4684 4683
f 4660 4661 4685 4684
f 4661 4662 4686 4685
f 4662 4663 4687 4686
f 4663 4664 4688 4687
f 4664 4665 4689 4688
f 4665 4666 4690 4689
f 4666 4667 4691 4690
f 4667 4668 4692 4691
f 4668 4669 4693 4692
f 4669 4670 4694 4693
f 4670 4671 4695 4694
f 4671 4672 4696 4695
f 4672 4673 4697 4696
f 4673 4674 4698 4697
f 4674 4675 4699 4698
f 4675 4676 4700 4699
f 4676 4677 4701 4700
f 4677 4678 4702 4701
f 4678 4679 4703 4702
f 4679 4680 4704 4703
f 4680 4657 4681 4704
f 4681 4682 4706 4705
f 4682 4683 4707 4706
f 4683 4684 4708 4707
f 4684 4685 4709 4708
f 4685 4686 4710 4709
f 4686 4687 4711 4710
f 4687 4688 4712 4711
f 4688 4689 4713 4712
f 4689 4690 4714 4713
f 4690 4691 4715 4714
f 4691 4692 4716 4715
f 4692 4693 4717 4716
f 4693 4694 4718 4717
f 4694 4695 4719 4718
f 4695 4696 4720 4719
f 4696 4697 4721 4720
f 4697 4698 4722 4721
f 4698 4699 4723 4722
f 4699 4700 4724 4723
f 4700 4701 4725 4724
f 4701 4702 4726 4725
f 4702 4703 4727 4726
f 4703 4704 4728 4727
f 4704 4681 4705 4728
f 4705 4706 4730 4729
f 4706 4707 4731 4730
f 4707 4708 4732 4731
f 4708 4709 4733 4732
f 4709 4710 4734 4733
f 4710 4711 4735 4734
f 4711 4712 4736 4735
f 4712 4713 4737 4736
f 4713 4714 4738 4737
f 4714 4715 4739 4738
f 4715 4716 4740 4739
f 4716 4717 4741 4740
f 4717 4718 4742 4741
f 4718 4719 4743 4742
f 4719 4720 4744 4743
f 4720 4721 4745 4744
f 4721 4722 4746 4745
f 4722 4723 4747 4746
f 4723 4724 4748 4747
f 4724 4725 4749 4748
f 4725 4726 4750 4749
f 4726 4727 4751 4750
f 4727 4728 4752 4751
f 4728 4705 4729 4752
f 4729 4730 4754 4753
f 4730 4731 4755 4754
f 4731 4732 4756 4755
f 4732 4733 4757 4756
f 4733 4734 4758 4757
f 4734 4735 4759 4758
f 4735 4736 4760 4759
f 4736 4737 4761 4760
f 4737 4738 4762 4761
f 4738 4739 4763 4762
f 4739 4740 4764 4763
f 4740 4741 4765 4764
f 4741 4742 4766 4765
f 4742 4743 4767 4766
f 4743 4744 4768 4767
f 4744 4745 4769 4768
f 4745 4746 4770 4769
f 4746 4747 4771 4770
f 4747 4748 4772 4771
f 4748 4749 4773 4772
f 4749 4750 4774 4773
f 4750 4751 4775 4774
f 4751 4752 4776 4775
f 4752 4729 4753 4776
f 4753 4754 4778 4777
f 4754 4755 4779 4778
f 4755 4756 4780 4779
f 4756 4757 4781 4780
f 4757 4758 4782 4781
f 4758 4759 4783 4782
f 4759 4760 4784 4783
f 4760 4761 4785 4784
f 4761 4762 4786 4785
f 4762 4763 4787 4786
f 4763 4764 4788 4787
f 4764 4765 4789 4788
f 4765 4766 4790 4789
f 4766 4767 4791 4790
f 4767 4768 4792 4791
f 4768 4769 4793 4792
f 4769 4770 4794 4793
f 4770 4771 4795 4794
f 4771 4772 4796 4795
f 4772 4773 4797 4796
f 4773 4774 4798 4797
f 4774 4775 4799 4798
f 4775 4776 4800 4799
f 4776 4753 4777 4800
f 4777 4778 4802 4801
f 4778 4779 4803 4802
f 4779 4780 4804 4803
f 4780 4781 4805 4804
f 4781 4782 4806 4805
f 4782 4783 4807 4806
f 4783 4784 4808 4807
f 4784 4785 4809 4808
f 4785 4786 4810 4809
f 4786 4787 4811 4810
f 4787 4788 4812 4811
f 4788 4789 4813 4812
f 4789 4790 4814 4813
f 4790 4791 4815 4814
f 4791 4792 4816 4815
f 4792 4793 4817 4816
f 4793 4794 4818 4817
f 4794 4795 4819 4818
f 4795 4796 4820 4819
f 4796 4797 4821 4820
f 4797 4798 4822 4821
f 4798 4799 4823 4822
f 4799 4800 4824 4823
f 4800 4777 4801 4824
f 4801 4802 4826 4825
f 4802 4803 4827 4826
f 4803 4804 4828 4827
f 4804 4805 4829 4828
f 4805 4806 4830 4829
f 4806 4807 4831 4830
f 4807 4808 4832 4831
f 4808 4809 4833 4832
f 4809 4810 4834 4833
f 4810 4811 4835 4834
f 4811 4812 4836 4835
f 4812 4813 4837 4836
f 4813 4814 4838 4837
f 4814 4815 4839 4838
f 4815 4816 4840 4839
f 4816 4817 4841 4840
f 4817 4818 4842 4841
f 4818 4819 4843 4842
f 4819 4820 4844 4843
f 4820 4821 4845 4844
f 4821 4822 4846 4845
f 4822 4823 4847 4846
f 4823 4824 4848 4847
f 4824 4801 4825 4848
f 4825 4826 4850 4849
f 4826 4827 4851 4850
f 4827 4828 4852 4851
f 4828 4829 4853 4852
f 4829 4830 4854 4853
f 4830 4831 4855 4854
f 4831 4832 4856 4855
f 4832 4833 4857 4856
f 4833 4834 4858 4857
f 4834 4835 4859 4858
f 4835 4836 4860 4859
f 4836 4837 4861 4860
f 4837 4838 4862 4861
f 4838 4839 4863 4862
f 4839 4840 4864 4863
f 4840 4841 4865 4864
f 4841 4842 4866 4865
f 4842 4843 4867 4866
f 4843 4844 4868 4867
f 4844 4845 4869 4868
f 4845 4846 4870 4869
f 4846 4847 4871 4870
f 4847 4848 4872 4871
f 4848 4825 4849 4872
f 4849 4850 4874 4873
f 4850 4851 4875 4874
f 4851 4852 4876 4875
f 4852 4853 4877 4876
f 4853 4854 4878 4877
f 4854 4855 4879 4878
f 4855 4856 4880 4879
f 4856 4857 4881 4880
f 4857 4858 4882 4881
f 4858 4859 4883 4882
f 4859 4860 4884 4883
f 4860 4861 4885 4884
f 4861 4862 4886 4885
f 4862 4863 4887 4886
f 4863 4864 4888 4887
f 4864 4865 4889 4888
f 4865 4866 4890 4889
f 4866 4867 4891 4890
f 4867 4868 4892 4891
f 4868 4869 4893 4892
f 4869 4870 4894 4893
f 4870 4871 4895 4894
f 4871 4872 4896 4895
f 4872 4849 4873 4896
f 4873 4874 4898 4897
f 4874 4875 4899 4898
f 4875 4876 4900 4899
f 4876 4877 4901 4900
f 4877 4878 4902 4901
f 4878 4879 4903 4902
f 4879 4880 4904 4903
f 4880 4881 4905 4904
f 4881 4882 4906 4905
f 4882 4883 4907 4906
f 4883 4884 4908 4907
f 4884 4885 4909 4908
f 4885 4886 4910 4909
f 4886 4887 4911 4910
f 4887 4888 4912 4911
f 4888 4889 4913 4912
f 4889 4890 4914 4913
f 4890 4891 4915 4914
f 4891 4892 4916 4915
f 4892 4893 4917 4916
f 4893 4894 4918 4917
f 4894 4895 4919 4918
f 4895 4896 4920 4919
f 4896 4873 4897 4920
f 4897 4898 4922 4921
f 4898 4899 4923 4922
f 4899 4900 4924 4923
f 4900 4901 4925 4924
f 4901 4902 4926 4925
f 4902 4903 4927 4926
f 4903 4904 4928 4927
f 4904 4905 4929 4928
f 4905 4906 4930 4929
f 4906 4907 4931 4930
f 4907 4908 4932 4931
f 4908 4909 4933 4932
f 4909 4910 4934 4933
f 4910 4911 4935 4934
f 4911 4912 4936 4935
f 4912 4913 4937 4936
f 4913 4914 4938 4937
f 4914 4915 4939 4938
f 4915 4916 4940 4939
f 4916 4917 4941 4940
f 4917 4918 4942 4941
f 4918 4919 4943 4942
f 4919 4920 4944 4943
f 4920 4897 4921 4944
f 4921 4922 4946 4945
f 4922 4923 4947 4946
f 4923 4924 4948 4947
f 4924 4925 4949 4948
f 4925 4926 4950 4949
f 4926 4927 4951 4950
f 4927 4928 4952 4951
f 4928 4929 4953 4952
f 4929 4930 4954 4953
f 4930 4931 4955 4954
f 4931 4932 4956 4955
f 4932 4933 4957 4956
f 4933 4934 4958 4957
f 4934 4935 4959 4958
f 4935 4936 4960 4959
f 4936 4937 4961 4960
f 4937 4938 4962 4961
f 4938 4939 4963 4962
f 4939 4940 4964 4963
f 4940 4941 4965 4964
f 4941 4942 4966 4965
f 4942 4943 4967 4966
f 4943 4944 4968 4967
f 4944 4921 4945 4968
f 4945 4946 4970 4969
f 4946 4947 4971 4970
f 4947 4948 4972 4971
f 4948 4949 4973 4972
f 4949 4950 4974 4973
f 4950 4951 4975 4974
f 4951 4952 4976 4975
f 4952 4953 4977 4976
f 4953 4954 4978 4977
f 4954 4955 4979 4978
f 4955 4956 4980 4979
f 4956 4957 4981 4980
f 4957 4958 4982 4981
f 4958 4959 4983 4982
f 4959 4960 4984 4983
f 4960 4961 4985 4984
f 4961 4962 4986 4985
f 4962 4963 4987 4986
f 4963 4964 4988 4987
f 4964 4965 4989 4988
f 4965 4966 4990 4989
f 4966 4967 4991 4990
f 4967 4968 4992 4991
f 4968 4945 4969 4992
f 4969 4970 4994 4993
f 4970 4971 4995 4994
f 4971 4972 4996 4995
f 4972 4973 4997 4996
f 4973 4974 4998 4997
f 4974 4975 4999 4998
f 4975 4976 5000 4999
f 4976 4977 5001 5000
f 4977 4978 5002 5001
f 4978 4979 5003 5002
f 4979 4980 5004 5003
f 4980 4981 5005 5004
f 4981 4982 5006 5005
f 4982 4983 5007 5006
f 4983 4984 5008 5007
f 4984 4985 5009 5008
f 4985 4986 5010 5009
f 4986 4987 5011 5010
f 4987 4988 5012 5011
f 4988 4989 5013 5012
f 4989 4990 5014 5013
f 4990 4991 5015 5014
f 4991 4992 5016 5015
f 4992 4969 4993 5016
f 4993 4994 5018 5017
f 4994 4995 5019 5018
f 4995 4996 5020 5019
f 4996 4997 5021 5020
f 4997 4998 5022 5021
f 4998 4999 5023 5022
f 4999 5000 5024 5023
f 5000 5001 5025 5024
f 5001 5002 5026 5025
f 5002 5003 5027 5026
f 5003 5004 5028 5027
f 5004 5005 5029 5028
f 5005 5006 5030 5029
f 5006 5007 5031 5030
f 5007 5008 5032 5031
f 5008 5009 5033 5032
f 5009 5010 5034 5033
f 5010 5011 5035 5034
f 5011 5012 5036 5035
f 5012 5013 5037 5036
f 5013 5014 5038 5037
f 5014 5015 5039 5038
f 5015 5016 5040 5039
f 5016 4993 5017 5040
f 5017 5018 5042 5041
f 5018 5019 5043 5042
f 5019 5020 5044 5043
f 5020 5021 5045 5044
f 5021 5022 5046 5045
f 5022 5023 5047 5046
f 5023 5024 5048 5047
f 5024 5025 5049 5048
f 5025 5026 5050 5049
f 5026 5027 5051 5050
f 5027 5028 5052 5051
f 5028 5029 5053 5052
f 5029 5030 5054 5053
f 5030 5031 5055 5054
f 5031 5032 5056 5055
f 5032 5033 5057 5056
f 5033 5034 5058 5057
f 5034 5035 5059 5058
f 5035 5036 5060 5059
f 5036 5037 5061 5060
f 5037 5038 5062 5061
f 5038 5039 5063 5062
f 5039 5040 5064 5063
f 5040 5017 5041 5064
f 5041 5042 5066 5065
f 5042 5043 5067 5066
f 5043 5044 5068 5067
f 5044 5045 5069 5068
f 5045 5046 5070 5069
f 5046 5047 5071 5070
f 5047 5048 5072 5071
f 5048 5049 5073 5072
f 5049 5050 5074 5073
f 5050 5051 5075 5074
f 5051 5052 5076 5075
f 5052 5053 5077 5076
f 5053 5054 5078 5077
f 5054 5055 5079 5078
f 5055 5056 5080 5079
f 5056 5057 5081 5080
f 5057 5058 5082 5081
f 5058 5059 5083 5082
f 5059 5060 5084 5083
f 5060 5061 5085 5084
f 5061 5062 5086 5085
f 5062 5063 5087 5086
f 5063 5064 5088 5087
f 5064 5041 5065 5088
f 5065 5066 5090 5089
f 5066 5067 5091 5090
f 5067 5068 5092 5091
f 5068 5069 5093 5092
f 5069 5070 5094 5093
f 5070 5071 5095 5094
f 5071 5072 5096 5095
f 5072 5073 5097 5096
f 5073 5074 5098 5097
f 5074 5075 5099 5098
f 5075 5076 5100 5099
f 5076 5077 5101 5100
f 5077 5078 5102 5101
f 5078 5079 5103 5102
f 5079 5080 5104 5103
f 5080 5081 5105 5104
f 5081 5082 5106 5105
f 5082 5083 5107 5106
f 5083 5084 5108 5107
f 5084 5085 5109 5108
f 5085 5086 5110 5109
f 5086 5087 5111 5110
f 5087 5088 5112 5111
f 5088 5065 5089 5112
f 5089 5090 5114 5113
f 5090 5091 5115 5114
f 5091 5092 5116 5115
f 5092 5093 5117 5116
f 5093 5094 5118 5117
f 5094 5095 5119 5118
f 5095 5096 5120 5119
f 5096 5097 5121 5120
f 5097 5098 5122 5121
f 5098 5099 5123 5122
f 5099 5100 5124 5123
f 5100 5101 5125 5124
f 5101 5102 5126 5125
f 5102 5103 5127 5126
f 5103 5104 5128 5127
f 5104 5105 5129 5128
f 5105 5106 5130 5129
f 5106 5107 5131 5130
f 5107 5108 5132 5131
f 5108 5109 5133 5132
f 5109 5110 5134 5133
f 5110 5111 5135 5134
f 5111 5112 5136 5135
f 5112 5089 5113 5136
f 5113 5114 5138 5137
f 5114 5115 5139 5138
f 5115 5116 5140 5139
f 5116 5117 5141 5140
f 5117 5118 5142 5141
f 5118 5119 5143 5142
f 5119 5120 5144 5143
f 5120 5121 5145 5144
f 5121 5122 5146 5145
f 5122 5123 5147 5146
f 5123 5124 5148 5147
f 5124 5125 5149 5148
f 5125 5126 5150 5149
f 5126 5127 5151 5150
f 5127 5128 5152 5151
f 5128 5129 5153 5152
f 5129 5130 5154 5153
f 5130 5131 5155 5154
f 5131 5132 5156 5155
f 5132 5133 5157 5156
f 5133 5134 5158 5157
f 5134 5135 5159 5158
f 5135 5136 5160 5159
f 5136 5113 5137 5160
f 5137 5138 5162 5161
f 5138 5139 5163 5162
f 5139 5140 5164 5163
f 5140 5141 5165 5164
f 5141 5142 5166 5165
f 5142 5143 5167 5166
f 5143 5144 5168 5167
f 5144 5145 5169 5168
f 5145 5146 5170 5169
f 5146 5147 5171 5170
f 5147 5148 5172 5171
f 5148 5149 5173 5172
f 5149 5150 5174 5173
f 5150 5151 5175 5174
f 5151 5152 5176 5175
f 5152 5153 5177 5176
f 5153 5154 5178 5177
f 5154 5155 5179 5178
f 5155 5156 5180 5179
f 5156 5157 5181 5180
f 5157 5158 5182 5181
f 5158 5159 5183 5182
f 5159 5160 5184 5183
f 5160 5137 5161 5184
f 5161 5162 5186 5185
f 5162 5163 5187 5186
f 5163 5164 5188 5187
f 5164 5165 5189 5188
f 5165 5166 5190 5189
f 5166 5167 5191 5190
f 5167 5168 5192 5191
f 5168 5169 5193 5192
f 5169 5170 5194 5193
f 5170 5171 5195 5194
f 5171 5172 5196 5195
f 5172 5173 5197 5196
f 5173 5174 5198 5197
f 5174 5175 5199 5198
f 5175 5176 5200 5199
f 5176 5177 5201 5200
f 5177 5178 5202 5201
f 5178 5179 5203 5202
f 5179 5180 5204 5203
f 5180 5181 5205 5204
f 5181 5182 5206 5205
f 5182 5183 5207 5206
f 5183 5184 5208 5207
f 5184 5161 5185 5208
f 5185 5186 5210 5209
f 5186 5187 5211 5210
f 5187 5188 5212 5211
f 5188 5189 5213 5212
f 5189 5190 5214 5213
f 5190 5191 5215 5214
f 5191 5192 5216 5215
f 5192 5193 5217 5216
f 5193 5194 5218 5217
f 5194 5195 5219 5218
f 5195 5196 5220 5219
f 5196 5197 5221 5220
f 5197 5198 5222 5221
f 5198 5199 5223 5222
f 5199 5200 5224 5223
f 5200 5201 5225 5224
f 5201 5202 5226 5225
f 5202 5203 5227 5226
f 5203 5204 5228 5227
f 5204 5205 5229 5228
f 5205 5206 5230 5229
f 5206 5207 5231 5230
f 5207 5208 5232 5231
f 5208 5185 5209 5232
f 5209 5210 5234 5233
f 5210 5211 5235 5234
f 5211 5212 5236 5235
f 5212 5213 5237 5236
f 5213 5214 5238 5237
f 5214 5215 5239 5238
f 5215 5216 5240 5239
f 5216 5217 5241 5240
f 5217 5218 5242 5241
f 5218 5219 5243 5242
f 5219 5220 5244 5243
f 5220 5221 5245 5244
f 5221 5222 5246 5245
f 5222 5223 5247 5246
f 5223 5224 5248 5247
f 5224 5225 5249 5248
f 5225 5226 5250 5249
f 5226 5227 5251 5250
f 5227 5228 5252 5251
f 5228 5229 5253 5252
f 5229 5230 5254 5253
f 5230 5231 5255 5254
f 5231 5232 5256 5255
f 5232 5209 5233 5256
f 5233 5234 5258 5257
f 5234 5235 5259 5258
f 5235 5236 5260 5259
f 5236 5237 5261 5260
f 5237 5238 5262 5261
f 5238 5239 5263 5262
f 5239 5240 5264 5263
f 5240 5241 5265 5264
f 5241 5242 5266 5265
f 5242 5243 5267 5266
f 5243 5244 5268 5267
f 5244 5245 5269 5268
f 5245 5246 5270 5269
f 5246 5247 5271 5270
f 5247 5248 5272 5271
f 5248 5249 5273 5272
f 5249 5250 5274 5273
f 5250 5251 5275 5274
f 5251 5252 5276 5275
f 5252 5253 5277 5276
f 5253 5254 5278 5277
f 5254 5255 5279 5278
f 5255 5256 5280 5279
f 5256 5233 5257 5280
f 5257 5258 5282 5281
f 5258 5259 5283 5282
f 5259 5260 5284 5283
f 5260 5261 5285 5284
f 5261 5262 5286 5285
f 5262 5263 5287 5286
f 5263 5264 5288 5287
f 5264 5265 5289 5288
f 5265 5266 5290 5289
f 5266 5267 5291 5290
f 5267 5268 5292 5291
f 5268 5269 5293 5292
f 5269 5270 5294 5293
f 5270 5271 5295 5294
f 5271 5272 5296 5295
f 5272 5273 5297 5296
f 5273 5274 5298 5297
f 5274 5275 5299 5298
f 5275 5276 5300 5299
f 5276 5277 5301 5300
f 5277 5278 5302 5301
f 5278 5279 5303 5302
f 5279 5280 5304 5303
f 5280 5257 5281 5304
f 5281 5282 5306 5305
f 5282 5283 5307 5306
f 5283 5284 5308 5307
f 5284 5285 5309 5308
f 5285 5286 5310 5309
f 5286 5287 5311 5310
f 5287 5288 5312 5311
f 5288 5289 5313 5312
f 5289 5290 5314 5313
f 5290 5291 5315 5314
f 5291 5292 5316 5315
f 5292 5293 5317 5316
f 5293 5294 5318 5317
f 5294 5295 5319 5318
f 5295 5296 5320 5319
f 5296 5297 5321 5320
f 5297 5298 5322 5321
f 5298 5299 5323 5322
f 5299 5300 5324 5323
f 5300 5301 5325 5324
f 5301 5302 5326 5325
f 5302 5303 5327 5326
f 5303 5304 5328 5327
f 5304 5281 5305 5328
f 5305 5306 5330 5329
f 5306 5307 5331 5330
f 5307 5308 5332 5331
f 5308 5309 5333 5332
f 5309 5310 5334 5333
f 5310 5311 5335 5334
f 5311 5312 5336 5335
f 5312 5313 5337 5336
f 5313 5314 5338 5337
f 5314 5315 5339 5338
f 5315 5316 5340 5339
f 5316 5317 5341 5340
f 5317 5318 5342 5341
f 5318 5319 5343 5342
f 5319 5320 5344 5343
f 5320 5321 5345 5344
f 5321 5322 5346 5345
f 5322 5323 5347 5346
f 5323 5324 5348 5347
f 5324 5325 5349 5348
f 5325 5326 5350 5349
f 5326 5327 5351 5350
f 5327 5328 5352 5351
f 5328 5305 5329 5352
f 5329 5330 5354 5353
f 5330 5331 5355 5354
f 5331 5332 5356 5355
f 5332 5333 5357 5356
f 5333 5334 5358 5357
f 5334 5335 5359 5358
f 5335 5336 5360 5359
f 5336 5337 5361 5360
f 5337 5338 5362 5361
f 5338 5339 5363 5362
f 5339 5340 5364 5363
f 5340 5341 5365 5364
f 5341 5342 5366 5365
f 5342 5343 5367 5366
f 5343 5344 5368 5367
f 5344 5345 5369 5368
f 5345 5346 5370 5369
f 5346 5347 5371 5370
f 5347 5348 5372 5371
f 5348 5349 5373 5372
f 5349 5350 5374 5373
f 5350 5351 5375 5374
f 5351 5352 5376 5375
f 5352 5329 5353 5376
f 5353 5354 5378 5377
f 5354 5355 5379 5378
f 5355 5356 5380 5379
f 5356 5357 5381 5380
f 5357 5358 5382 5381
f 5358 5359 5383 5382
f 5359 5360 5384 5383
f 5360 5361 5385 5384
f 5361 5362 5386 5385
f 5362 5363 5387 5386
f 5363 5364 5388 5387
f 5364 5365 5389 5388
f 5365 5366 5390 5389
f 5366 5367 5391 5390
f 5367 5368 5392 5391
f 5368 5369 5393 5392
f 5369 5370 5394 5393
f 5370 5371 5395 5394
f 5371 5372 5396 5395
f 5372 5373 5397 5396
f 5373 5374 5398 5397
f 5374 5375 5399 5398
f 5375 5376 5400 5399
f 5376 5353 5377 5400
f 5377 5378 5402 5401
f 5378 5379 5403 5402
f 5379 5380 5404 5403
f 5380 5381 5405 5404
f 5381 5382 5406 5405
f 5382 5383 5407 5406
f 5383 5384 5408 5407
f 5384 5385 5409 5408
f 5385 5386 5410 5409
f 5386 5387 5411 5410
f 5387 5388 5412 5411
f 5388 5389 5413 5412
f 5389 5390 5414 5413
f 5390 5391 5415 5414
f 5391 5392 5416 5415
f 5392 5393 5417 5416
f 5393 5394 5418 5417
f 5394 5395 5419 5418
f 5395 5396 5420 5419
f 5396 5397 5421 5420
f 5397 5398 5422 5421
f 5398 5399 5423 5422
f 5399 5400 5424 5423
f 5400 5377 5401 5424
f 5401 5402 5426 5425
f 5402 5403 5427 5426
f 5403 5404 5428 5427
f 5404 5405 5429 5428
f 5405 5406 5430 5429
f 5406 5407 5431 5430
f 5407 5408 5432 5431
f 5408 5409 5433 5432
f 5409 5410 5434 5433
f 5410 5411 5435 5434
f 5411 5412 5436 5435
f 5412 5413 5437 5436
f 5413 5414 5438 5437
f 5414 5415 5439 5438
f 5415 5416 5440 5439
f 5416 5417 5441 5440
f 5417 5418 5442 5441
f 5418 5419 5443 5442
f 5419 5420 5444 5443
f 5420 5421 5445 5444
f 5421 5422 5446 5445
f 5422 5423 5447 5446
f 5423 5424 5448 5447
f 5424 5401 5425 5448
f 5425 5426 5450 5449
f 5426 5427 5451 5450
f 5427 5428 5452 5451
f 5428 5429 5453 5452
f 5429 5430 5454 5453
f 5430 5431 5455 5454
f 5431 5432 5456 5455
f 5432 5433 5457 5456
f 5433 5434 5458 5457
f 5434 5435 5459 5458
f 5435 5436 5460 5459
f 5436 5437 5461 5460
f 5437 5438 5462 5461
f 5438 5439 5463 5462
f 5439 5440 5464 5463
f 5440 5441 5465 5464
f 5441 5442 5466 5465
f 5442 5443 5467 5466
f 5443 5444 5468 5467
f 5444 5445 5469 5468
f 5445 5446 5470 5469
f 5446 5447 5471 5470
f 5447 5448 5472 5471
f 5448 5425 5449 5472
f 5449 5450 5474 5473
f 5450 5451 5475 5474
f 5451 5452 5476 5475
f 5452 5453 5477 5476
f 5453 5454 5478 5477
f 5454 5455 5479 5478
f 5455 5456 5480 5479
f 5456 5457 5481 5480
f 5457 5458 5482 5481
f 5458 5459 5483 5482
f 5459 5460 5484 5483
f 5460 5461 5485 5484
f 5461 5462 5486 5485
f 5462 5463 5487 5486
f 5463 5464 5488 5487
f 5464 5465 5489 5488
f 5465 5466 5490 5489
f 5466 5467 5491 5490
f 5467 5468 5492 5491
f 5468 5469 5493 5492
f 5469 5470 5494 5493
f 5470 5471 5495 5494
f 5471 5472 5496 5495
f 5472 5449 5473 5496
f 5473 5474 5498 5497
f 5474 5475 5499 5498
f 5475 5476 5500 5499
f 5476 5477 5501 5500
f 5477 5478 5502 5501
f 5478 5479 5503 5502
f 5479 5480 5504 5503
f 5480 5481 5505 5504
f 5481 5482 5506 5505
f 5482 5483 5507 5506
f 5483 5484 5508 5507
f 5484 5485 5509 5508
f 5485 5486 5510 5509
f 5486 5487 5511 5510
f 5487 5488 5512 5511
f 5488 5489 5513 5512
f 5489 5490 5514 5513
f 5490 5491 5515 5514
f 5491 5492 5516 5515
f 5492 5493 5517 5516
f 5493 5494 5518 5517
f 5494 5495 5519 5518
f 5495 5496 5520 5519
f 5496 5473 5497 5520
f 5497 5498 5522 5521
f 5498 5499 5523 5522
f 5499 5500 5524 5523
f 5500 5501 5525 5524
f 5501 5502 5526 5525
f 5502 5503 5527 5526
f 5503 5504 5528 5527
f 5504 5505 5529 5528
f 5505 5506 5530 5529
f 5506 5507 5531 5530
f 5507 5508 5532 5531
f 5508 5509 5533 5532
f 5509 5510 5534 5533
f 5510 5511 5535 5534
f 5511 5512 5536 5535
f 5512 5513 5537 5536
f 5513 5514 5538 5537
f 5514 5515 5539 5538
f 5515 5516 5540 5539
f 5516 5517 5541 5540
f 5517 5518 5542 5541
f 5518 5519 5543 5542
f 5519 5520 5544 5543
f 5520 5497 5521 5544
f 5521 5522 5546 5545
f 5522 5523 5547 5546
f 5523 5524 5548 5547
f 5524 5525 5549 5548
f 5525 5526 5550 5549
f 5526 5527 5551 5550
f 5527 5528 5552 5551
f 5528 5529 5553 5552
f 5529 5530 5554 5553
f 5530 5531 5555 5554
f 5531 5532 5556 5555
f 5532 5533 5557 5556
f 5533 5534 5558 5557
f 5534 5535 5559 5558
f 5535 5536 5560 5559
f 5536 5537 5561 5560
f 5537 5538 5562 5561
f 5538 5539 5563 5562
f 5539 5540 5564 5563
f 5540 5541 5565 5564
f 5541 5542 5566 5565
f 5542 5543 5567 5566
f 5543 5544 5568 5567
f 5544 5521 5545 5568
f 5545 5546 5570 5569
f 5546 5547 5571 5570
f 5547 5548 5572 5571
f 5548 5549 5573 5572
f 5549 5550 5574 5573
f 5550 5551 5575 5574
f 5551 5552 5576 5575
f 5552 5553 5577 5576
f 5553 5554 5578 5577
f 5554 5555 5579 5578
f 5555 5556 5580 5579
f 5556 5557 5581 5580
f 5557 5558 5582 5581
f 5558 5559 5583 5582
f 5559 5560 5584 5583
f 5560 5561 5585 5584
f 5561 5562 5586 5585
f 5562 5563 5587 5586
f 5563 5564 5588 5587
f 5564 5565 5589 5588
f 5565 5566 5590 5589
f 5566 5567 5591 5590
f 5567 5568 5592 5591
f 5568 5545 5569 5592
f 5569 5570 5594 5593
f 5570 5571 5595 5594
f 5571 5572 5596 5595
f 5572 5573 5597 5596
f 5573 5574 5598 5597
f 5574 5575 5599 5598
f 5575 5576 5600 5599
f 5576 5577 5601 5600
f 5577 5578 5602 5601
f 5578 5579 5603 5602
f 5579 5580 5604 5603
f 5580 5581 5605 5604
f 5581 5582 5606 5605
f 5582 5583 5607 5606
f 5583 5584 5608 5607
f 5584 5585 5609 5608
f 5585 5586 5610 5609
f 5586 5587 5611 5610
f 5587 5588 5612 5611
f 5588 5589 5613 5612
f 5589 5590 5614 5613
f 5590 5591 5615 5614
f 5591 5592 5616 5615
f 5592 5569 5593 5616
f 5593 5594 5618 5617
f 5594 5595 5619 5618
f 5595 5596 5620 5619
f 5596 5597 5621 5620
f 5597 5598 5622 5621
f 5598 5599 5623 5622
f 5599 5600 5624 5623
f 5600 5601 5625 5624
f 5601 5602 5626 5625
f 5602 5603 5627 5626
f 5603 5604 5628 5627
f 5604 5605 5629 5628
f 5605 5606 5630 5629
f 5606 5607 5631 5630
f 5607 5608 5632 5631
f 5608 5609 5633 5632
f 5609 5610 5634 5633
f 5610 5611 5635 5634
f 5611 5612 5636 5635
f 5612 5613 5637 5636
f 5613 5614 5638 5637
f 5614 5615 5639 5638
f 5615 5616 5640 5639
f 5616 5593 5617 5640
f 5617 5618 5642 5641
f 5618 5619 5643 5642
f 5619 5620 5644 5643
f 5620 5621 5645 5644
f 5621 5622 5646 5645
f 5622 5623 5647 5646
f 5623 5624 5648 5647
f 5624 5625 5649 5648
f 5625 5626 5650 5649
f 5626 5627 5651 5650
f 5627 5628 5652 5651
f 5628 5629 5653 5652
f 5629 5630 5654 5653
f 5630 5631 5655 5654
f 5631 5632 5656 5655
f 5632 5633 5657 5656
f 5633 5634 5658 5657
f 5634 5635 5659 5658
f 5635 5636 5660 5659
f 5636 5637 5661 5660
f 5637 5638 5662 5661
f 5638 5639 5663 5662
f 5639 5640 5664 5663
f 5640 5617 5641 5664
f 5641 5642 5666 5665
f 5642 5643 5667 5666
f 5643 5644 5668 5667
f 5644 5645 5669 5668
f 5645 5646 5670 5669
f 5646 5647 5671 5670
f 5647 5648 5672 5671
f 5648 5649 5673 5672
f 5649 5650 5674 5673
f 5650 5651 5675 5674
f 5651 5652 5676 5675
f 5652 5653 5677 5676
f 5653 5654 5678 5677
f 5654 5655 5679 5678
f 5655 5656 5680 5679
f 5656 5657 5681 5680
f 5657 5658 5682 5681
f 5658 5659 5683 5682
f 5659 5660 5684 5683
f 5660 5661 5685 5684
f 5661 5662 5686 5685
f 5662 5663 5687 5686
f 5663 5664 5688 5687
f 5664 5641 5665 5688
f 5665 5666 5690 5689
f 5666 5667 5691 5690
f 5667 5668 5692 5691
f 5668 5669 5693 5692
f 5669 5670 5694 5693
f 5670 5671 5695 5694
f 5671 5672 5696 5695
f 5672 5673 5697 5696
f 5673 5674 5698 5697
f 5674 5675 5699 5698
f 5675 5676 5700 5699
f 5676 5677 5701 5700
f 5677 5678 5702 5701
f 5678 5679 5703 5702
f 5679 5680 5704 5703
f 5680 5681 5705 5704
f 5681 5682 5706 5705
f 5682 5683 5707 5706
f 5683 5684 5708 5707
f 5684 5685 5709 5708
f 5685 5686 5710 5709
f 5686 5687 5711 5710
f 5687 5688 5712 5711
f 5688 5665 5689 5712
f 5689 5690 5714 5713
f 5690 5691 5715 5714
f 5691 5692 5716 5715
f 5692 5693 5717 5716
f 5693 5694 5718 5717
f 5694 5695 5719 5718
f 5695 5696 5720 5719
f 5696 5697 5721 5720
f 5697 5698 5722 5721
f 5698 5699 5723 5722
f 5699 5700 5724 5723
f 5700 5701 5725 5724
f 5701 5702 5726 5725
f 5702 5703 5727 5726
f 5703 5704 5728 5727
f 5704 5705 5729 5728
f 5705 5706 5730 5729
f 5706 5707 5731 5730
f 5707 5708 5732 5731
f 5708 5709 5733 5732
f 5709 5710 5734 5733
f 5710 5711 5735 5734
f 5711 5712 5736 5735
f 5712 5689 5713 5736
f 5713 5714 5738 5737
f 5714 5715 5739 5738
f 5715 5716 5740 5739
f 5716 5717 5741 5740
f 5717 5718 5742 5741
f 5718 5719 5743 5742
f 5719 5720 5744 5743
f 5720 5721 5745 5744
f 5721 5722 5746 5745
f 5722 5723 5747 5746
f 5723 5724 5748 5747
f 5724 5725 5749 5748
f 5725 5726 5750 5749
f 5726 5727 5751 5750
f 5727 5728 5752 5751
f 5728 5729 5753 5752
f 5729 5730 5754 5753
f 5730 5731 5755 5754
f 5731 5732 5756 5755
f 5732 5733 5757 5756
f 5733 5734 5758 5757
f 5734 5735 5759 5758
f 5735 5736 5760 5759
f 5736 5713 5737 5760
f 5737 5738 5762 5761
f 5738 5739 5763 5762
f 5739 5740 5764 5763
f 5740 5741 5765 5764
f 5741 5742 5766 5765
f 5742 5743 5767 5766
f 5743 5744 5768 5767
f 5744 5745 5769 5768
f 5745 5746 5770 5769
f 5746 5747 5771 5770
f 5747 5748 5772 5771
f 5748 5749 5773 5772
f 5749 5750 5774 5773
f 5750 5751 5775 5774
f 5751 5752 5776 5775
f 5752 5753 5777 5776
f 5753 5754 5778 5777
f 5754 5755 5779 5778
f 5755 5756 5780 5779
f 5756 5757 5781 5780
f 5757 5758 5782 5781
f 5758 5759 5783 5782
f 5759 5760 5784 5783
f 5760 5737 5761 5784
f 5761 5762 5786 5785
f 5762 5763 5787 5786
f 5763 5764 5788 5787
f 5764 5765 5789 5788
f 5765 5766 5790 5789
f 5766 5767 5791 5790
f 5767 5768 5792 5791
f 5768 5769 5793 5792
f 5769 5770 5794 5793
f 5770 5771 5795 5794
f 5771 5772 5796 5795
f 5772 5773 5797 5796
f 5773 5774 5798 5797
f 5774 5775 5799 5798
f 5775 5776 5800 5799
f 5776 5777 5801 5800
f 5777 5778 5802 5801
f 5778 5779 5803 5802
f 5779 5780 5804 5803
f 5780 5781 5805 5804
f 5781 5782 5806 5805
f 5782 5783 5807 5806
f 5783 5784 5808 5807
f 5784 5761 5785 5808
f 5785 5786 5810 5809
f 5786 5787 5811 5810
f 5787 5788 5812 5811
f 5788 5789 5813 5812
f 5789 5790 5814 5813
f 5790 5791 5815 5814
f 5791 5792 5816 5815
f 5792 5793 5817 5816
f 5793 5794 5818 5817
f 5794 5795 5819 5818
f 5795 5796 5820 5819
f 5796 5797 5821 5820
f 5797 5798 5822 5821
f 5798 5799 5823 5822
f 5799 5800 5824 5823
f 5800 5801 5825 5824
f 5801 5802 5826 5825
f 5802 5803 5827 5826
f 5803 5804 5828 5827
f 5804 5805 5829 5828
f 5805 5806 5830 5829
f 5806 5807 5831 5830
f 5807 5808 5832 5831
f 5808 5785 5809 5832
f 5809 5810 5834 5833
f 5810 5811 5835 5834
f 5811 5812 5836 5835
f 5812 5813 5837 5836
f 5813 5814 5838 5837
f 5814 5815 5839 5838
f 5815 5816 5840 5839
f 5816 5817 5841 5840
f 5817 5818 5842 5841
f 5818 5819 5843 5842
f 5819 5820 5844 5843
f 5820 5821 5845 5844
f 5821 5822 5846 5845
f 5822 5823 5847 5846
f 5823 5824 5848 5847
f 5824 5825 5849 5848
f 5825 5826 5850 5849
f 5826 5827 5851 5850
f 5827 5828 5852 5851
f 5828 5829 5853 5852
f 5829 5830 5854 5853
f 5830 5831 5855 5854
f 5831 5832 5856 5855
f 5832 5809 5833 5856
f 5833 5834 5858 5857
f 5834 5835 5859 5858
f 5835 5836 5860 5859
f 5836 5837 5861 5860
f 5837 5838 5862 5861
f 5838 5839 5863 5862
f 5839 5840 5864 5863
f 5840 5841 5865 5864
f 5841 5842 5866 5865
f 5842 5843 5867 5866
f 5843 5844 5868 5867
f 5844 5845 5869 5868
f 5845 5846 5870 5869
f 5846 5847 5871 5870
f 5847 5848 5872 5871
f 5848 5849 5873 5872
f 5849 5850 5874 5873
f 5850 5851 5875 5874
f 5851 5852 5876 5875
f 5852 5853 5877 5876
f 5853 5854 5878 5877
f 5854 5855 5879 5878
f 5855 5856 5880 5879
f 5856 5833 5857 5880
f 5857 5858 5882 5881
f 5858 5859 5883 5882
f 5859 5860 5884 5883
f 5860 5861 5885 5884
f 5861 5862 5886 5885
f 5862 5863 5887 5886
f 5863 5864 5888 5887
f 5864 5865 5889 5888
f 5865 5866 5890 5889
f 5866 5867 5891 5890
f 5867 5868 5892 5891
f 5868 5869 5893 5892
f 5869 5870 5894 5893
f 5870 5871 5895 5894
f 5871 5872 5896 5895
f 5872 5873 5897 5896
f 5873 5874 5898 5897
f 5874 5875 5899 5898
f 5875 5876 5900 5899
f 5876 5877 5901 5900
f 5877 5878 5902 5901
f 5878 5879 5903 5902
f 5879 5880 5904 5903
f 5880 5857 5881 5904
f 5881 5882 5906 5905
f 5882 5883 5907 5906
f 5883 5884 5908 5907
f 5884 5885 5909 5908
f 5885 5886 5910 5909
f 5886 5887 5911 5910
f 5887 5888 5912 5911
f 5888 5889 5913 5912
f 5889 5890 5914 5913
f 5890 5891 5915 5914
f 5891 5892 5916 5915
f 5892 5893 5917 5916
f 5893 5894 5918 5917
f 5894 5895 5919 5918
f 5895 5896 5920 5919
f 5896 5897 5921 5920
f 5897 5898 5922 5921
f 5898 5899 5923 5922
f 5899 5900 5924 5923
f 5900 5901 5925 5924
f 5901 5902 5926 5925
f 5902 5903 5927 5926
f 5903 5904 5928 5927
f 5904 5881 5905 5928
f 5905 5906 5930 5929
f 5906 5907 5931 5930
f 5907 5908 5932 5931
f 5908 5909 5933 5932
f 5909 5910 5934 5933
f 5910 5911 5935 5934
f 5911 5912 5936 5935
f 5912 5913 5937 5936
f 5913 5914 5938 5937
f 5914 5915 5939 5938
f 5915 5916 5940 5939
f 5916 5917 5941 5940
f 5917 5918 5942 5941
f 5918 5919 5943 5942
f 5919 5920 5944 5943
f 5920 5921 5945 5944
f 5921 5922 5946 5945
f 5922 5923 5947 5946
f 5923 5924 5948 5947
f 5924 5925 5949 5948
f 5925 5926 5950 5949
f 5926 5927 5951 5950
f 5927 5928 5952 5951
f 5928 5905 5929 5952
f 5929 5930 5954 5953
f 5930 5931 5955 5954
f 5931 5932 5956 5955
f 5932 5933 5957 5956
f 5933 5934 5958 5957
f 5934 5935 5959 5958
f 5935 5936 5960 5959
f 5936 5937 5961 5960
f 5937 5938 5962 5961
f 5938 5939 5963 5962
f 5939 5940 5964 5963
f 5940 5941 5965 5964
f 5941 5942 5966 5965
f 5942 5943 5967 5966
f 5943 5944 5968 5967
f 5944 5945 5969 5968
f 5945 5946 5970 5969
f 5946 5947 5971 5970
f 5947 5948 5972 5971
f 5948 5949 5973 5972
f 5949 5950 5974 5973
f 5950 5951 5975 5974
f 5951 5952 5976 5975
f 5952 5929 5953 5976
f 5953 5954 5978 5977
f 5954 5955 5979 5978
f 5955 5956 5980 5979
f 5956 5957 5981 5980
f 5957 5958 5982 5981
f 5958 5959 5983 5982
f 5959 5960 5984 5983
f 5960 5961 5985 5984
f 5961 5962 5986 5985
f 5962 5963 5987 5986
f 5963 5964 5988 5987
f 5964 5965 5989 5988
f 5965 5966 5990 5989
f 5966 5967 5991 5990
f 5967 5968 5992 5991
f 5968 5969 5993 5992
f 5969 5970 5994 5993
f 5970 5971 5995 5994
f 5971 5972 5996 5995
f 5972 5973 5997 5996
f 5973 5974 5998 5997
f 5974 5975 5999 5998
f 5975 5976 6000 5999
f 5976 5953 5977 6000
f 5977 5978 6002 6001
f 5978 5979 6003 6002
f 5979 5980 6004 6003
f 5980 5981 6005 6004
f 5981 5982 6006 6005
f 5982 5983 6007 6006
f 5983 5984 6008 6007
f 5984 5985 6009 6008
f 5985 5986 6010 6009
f 5986 5987 6011 6010
f 5987 5988 6012 6011
f 5988 5989 6013 6012
f 5989 5990 6014 6013
f 5990 5991 6015 6014
f 5991 5992 6016 6015
f 5992 5993 6017 6016
f 5993 5994 6018 6017
f 5994 5995 6019 6018
f 5995 5996 6020 6019
f 5996 5997 6021 6020
f 5997 5998 6022 6021
f 5998 5999 6023 6022
f 5999 6000 6024 6023
f 6000 5977 6001 6024
f 6001 6002 6026 6025
f 6002 6003 6027 6026
f 6003 6004 6028 6027
f 6004 6005 6029 6028
f 6005 6006 6030 6029
f 6006 6007 6031 6030
f 6007 6008 6032 6031
f 6008 6009 6033 6032
f 6009 6010 6034 6033
f 6010 6011 6035 6034
f 6011 6012 6036 6035
f 6012 6013 6037 6036
f 6013 6014 6038 6037
f 6014 6015 6039 6038
f 6015 6016 6040 6039
f 6016 6017 6041 6040
f 6017 6018 6042 6041
f 6018 6019 6043 6042
f 6019 6020 6044 6043
f 6020 6021 6045 6044
f 6021 6022 6046 6045
f 6022 6023 6047 6046
f 6023 6024 6048 6047
f 6024 6001 6025 6048
f 6025 6026 6050 6049
f 6026 6027 6051 6050
f 6027 6028 6052 6051
f 6028 6029 6053 6052
f 6029 6030 6054 6053
f 6030 6031 6055 6054
f 6031 6032 6056 6055
f 6032 6033 6057 6056
f 6033 6034 6058 6057
f 6034 6035 6059 6058
f 6035 6036 6060 6059
f 6036 6037 6061 6060
f 6037 6038 6062 6061
f 6038 6039 6063 6062
f 6039 6040 6064 6063
f 6040 6041 6065 6064
f 6041 6042 6066 6065
f 6042 6043 6067 6066
f 6043 6044 6068 6067
f 6044 6045 6069 6068
f 6045 6046 6070 6069
f 6046 6047 6071 6070
f 6047 6048 6072 6071
f 6048 6025 6049 6072
f 6049 6050 6074 6073
f 6050 6051 6075 6074
f 6051 6052 6076 6075
f 6052 6053 6077 6076
f 6053 6054 6078 6077
f 6054 6055 6079 6078
f 6055 6056 6080 6079
f 6056 6057 6081 6080
f 6057 6058 6082 6081
f 6058 6059 6083 6082
f 6059 6060 6084 6083
f 6060 6061 6085 6084
f 6061 6062 6086 6085
f 6062 6063 6087 6086
f 6063 6064 6088 6087
f 6064 6065 6089 6088
f 6065 6066 6090 6089
f 6066 6067 6091 6090
f 6067 6068 6092 6091
f 6068 6069 6093 6092
f 6069 6070 6094 6093
f 6070 6071 6095 6094
f 6071 6072 6096 6095
f 6072 6049 6073 6096
usemtl head
f 6097 6098 6104 6103
f 6098 6099 6105 6104
f 6099 6100 6106 6105
f 6100 6101 6107 6106
f 6101 6102 6108 6107
f 6102 6097 6103 6108
f 6109 6098 6097
f 6109 6099 6098
f 6109 6100 6099
f 6109 6101 6100
f 6109 6102 6101
f 6109 6097 6102
