# OpenETA offline industrial visual mesh; units: metres.
mtllib pliers.mtl
v 0.044681247 -0.024193562 0.004289505
v 0.044681247 -0.024193562 0.015620265
v 0.038919738 -0.024168752 0.004289505
v 0.038919738 -0.024168752 0.015620265
v 0.044680518 -0.024163682 0.003909682
v 0.044680518 -0.024163682 0.016000100
v 0.038920726 -0.024138872 0.003909682
v 0.038920726 -0.024138872 0.016000100
v 0.044678332 -0.024074766 0.003539208
v 0.044678332 -0.024074766 0.016370574
v 0.038923677 -0.024049980 0.003539208
v 0.038923677 -0.024049980 0.016370574
v 0.036041910 -0.024031820 0.004289505
v 0.036041910 -0.024031820 0.015620265
v 0.044674763 -0.023929004 0.003187209
v 0.044674763 -0.023929004 0.016722573
v 0.038928506 -0.023904256 0.003187209
v 0.038928506 -0.023904256 0.016722573
v 0.050434617 -0.023886355 0.004289505
v 0.050434617 -0.023886355 0.015620265
v 0.050432172 -0.023856568 0.003909682
v 0.050432172 -0.023856568 0.016000100
v 0.033169232 -0.023811998 0.004289505
v 0.033169232 -0.023811998 0.015620265
v 0.033171937 -0.023782230 0.003909682
v 0.033171937 -0.023782230 0.016000100
v 0.050424861 -0.023767917 0.003539208
v 0.050424861 -0.023767917 0.016370574
v 0.044669873 -0.023729997 0.002862354
v 0.044669873 -0.023729997 0.017047416
v 0.038935088 -0.023705298 0.002862354
v 0.038935088 -0.023705298 0.017047416
v 0.033180001 -0.023693652 0.003539208
v 0.033180001 -0.023693652 0.016370574
v 0.050412907 -0.023622612 0.003187209
v 0.050412907 -0.023622612 0.016722573
v 0.053302269 -0.023608521 0.004289505
v 0.053302269 -0.023608521 0.015620265
v 0.033193215 -0.023548453 0.003187209
v 0.033193215 -0.023548453 0.016722573
v 0.044663809 -0.023482630 0.002572646
v 0.044663809 -0.023482630 0.017337136
v 0.038943288 -0.023457992 0.002572646
v 0.038943288 -0.023457992 0.017337136
v 0.050396556 -0.023424210 0.002862354
v 0.050396556 -0.023424210 0.017047416
v 0.033211270 -0.023350199 0.002862354
v 0.033211270 -0.023350199 0.017047416
v 0.056160733 -0.023248149 0.004289505
v 0.056160733 -0.023248149 0.015620265
v 0.056156559 -0.023218547 0.003909682
v 0.056156559 -0.023218547 0.016000100
v 0.044656708 -0.023193002 0.002325198
v 0.044656708 -0.023193002 0.017584572
v 0.050376254 -0.023177608 0.002572646
v 0.050376254 -0.023177608 0.017337136
v 0.038952896 -0.023168432 0.002325198
v 0.038952896 -0.023168432 0.017584572
v 0.056144160 -0.023130470 0.003539208
v 0.056144160 -0.023130470 0.016370574
v 0.027448835 -0.023124493 0.004289505
v 0.027448835 -0.023124493 0.015620265
v 0.033233697 -0.023103782 0.002572646
v 0.033233697 -0.023103782 0.017337136
v 0.027453244 -0.023094928 0.003909682
v 0.027453244 -0.023094928 0.016000100
v 0.027454281 -0.023088012 0.003867879
v 0.027454281 -0.023088012 0.016041891
v 0.027466408 -0.023006968 0.003539208
v 0.027466408 -0.023006968 0.016370574
v 0.056123845 -0.022986091 0.003187209
v 0.056123845 -0.022986091 0.016722573
v 0.027470484 -0.022979676 0.003459084
v 0.027470484 -0.022979676 0.016450698
v 0.050352468 -0.022888869 0.002325198
v 0.050352468 -0.022888869 0.017584572
v 0.044648755 -0.022868240 0.002126123
v 0.044648755 -0.022868240 0.017783659
v 0.027487971 -0.022862763 0.003187209
v 0.027487971 -0.022862763 0.016722573
v 0.038963653 -0.022843757 0.002126123
v 0.038963653 -0.022843757 0.017783659
v 0.033259964 -0.022815254 0.002325198
v 0.033259964 -0.022815254 0.017584572
v 0.027496936 -0.022802781 0.003075495
v 0.027496936 -0.022802781 0.016834287
v 0.056096107 -0.022788955 0.002862354
v 0.056096107 -0.022788955 0.017047416
v 0.023852980 -0.022673154 0.004289505
v 0.023852980 -0.022673154 0.015620265
v 0.027517400 -0.022665886 0.002862354
v 0.027517400 -0.022665886 0.017047416
v 0.023856709 -0.022636457 0.003867879
v 0.023856709 -0.022636457 0.016041891
v 0.050325806 -0.022565101 0.002126123
v 0.050325806 -0.022565101 0.017783659
v 0.027532837 -0.022562693 0.002728806
v 0.027532837 -0.022562693 0.017180976
v 0.056061615 -0.022543934 0.002572646
v 0.056061615 -0.022543934 0.017337136
v 0.023867775 -0.022527478 0.003459084
v 0.023867775 -0.022527478 0.016450698
v 0.044640110 -0.022516352 0.001980324
v 0.044640110 -0.022516352 0.017929445
v 0.038975311 -0.022491955 0.001980324
v 0.038975311 -0.022491955 0.017929445
v 0.033289418 -0.022491739 0.002126123
v 0.033289418 -0.022491739 0.017783659
v 0.027553991 -0.022421167 0.002572646
v 0.027553991 -0.022421167 0.017337136
v 0.020541942 -0.022408762 0.004289505
v 0.020539905 -0.022408571 0.004270844
v 0.020524171 -0.022407731 0.015620265
v 0.020522208 -0.022407540 0.015639604
v 0.020527197 -0.022404051 0.004152894
v 0.020485122 -0.022371998 0.016021773
v 0.020498188 -0.022369824 0.003870978
v 0.020497879 -0.022369268 0.003867891
v 0.020483529 -0.022368947 0.016039013
v 0.020483270 -0.022368422 0.016041891
v 0.020488506 -0.022349892 0.003772466
v 0.023885867 -0.022349528 0.003075495
v 0.023885867 -0.022349528 0.016834287
v 0.020474576 -0.022349027 0.016137612
v 0.020484159 -0.022339315 0.003727242
v 0.018721211 -0.022324538 0.004707833
v 0.018703922 -0.022323952 0.015231402
v 0.018631344 -0.022284890 0.004298223
v 0.018620130 -0.022284501 0.015642469
v 0.061840549 -0.022281049 0.004289505
v 0.016621097 -0.022281049 0.005190355
v 0.016621097 -0.022281049 0.014786436
v 0.061840549 -0.022281049 0.015620265
v 0.016507789 -0.022280457 0.005217499
v 0.016507789 -0.022280457 0.014761193
v 0.016394482 -0.022280259 0.005244643
v 0.000744233 -0.022280259 0.006879402
v 0.009054639 -0.022280259 0.006879402
v 0.000744233 -0.022280259 0.013354123
v 0.009721922 -0.022280259 0.013354123
v 0.016394482 -0.022280259 0.014735963
v 0.009017603 -0.022280222 0.006873932
v 0.009682182 -0.022280222 0.013359593
v 0.000685560 -0.022275980 0.006879402
v 0.000685560 -0.022275980 0.013354123
v 0.009260914 -0.022275276 0.013417426
v 0.008622800 -0.022275251 0.006815951
v 0.000744233 -0.022274109 0.006809121
v 0.000744233 -0.022274109 0.013424379
v 0.009078313 -0.022270565 0.013442150
v 0.000686449 -0.022269898 0.006809121
v 0.000686449 -0.022269898 0.013424379
v 0.027577085 -0.022266712 0.002429539
v 0.027577085 -0.022266712 0.017480243
v 0.000628147 -0.022263248 0.006879402
v 0.000628147 -0.022263248 0.013354123
v 0.000744233 -0.022260450 0.006754351
v 0.000744233 -0.022260450 0.013479162
v 0.008798794 -0.022260419 0.013479273
v 0.008190862 -0.022260382 0.006754116
v 0.020459954 -0.022259543 0.003465049
v 0.020448308 -0.022258734 0.016445128
v 0.000629901 -0.022257357 0.006809121
v 0.000629901 -0.022257357 0.013424379
v 0.020459435 -0.022257351 0.003459096
v 0.056021232 -0.022257048 0.002325198
v 0.056021232 -0.022257048 0.017584572
v 0.020447851 -0.022256690 0.016450685
v 0.000744233 -0.022255850 0.006740989
v 0.000744233 -0.022255850 0.013492524
v 0.000689104 -0.022251837 0.006740989
v 0.000689104 -0.022251837 0.013492524
v 0.061834696 -0.022251738 0.003909682
v 0.061834696 -0.022251738 0.016000100
v 0.008578095 -0.022249953 0.013507763
v 0.007981340 -0.022249725 0.006725194
v 0.016535946 -0.022243636 0.015198923
v 0.016529796 -0.022243593 0.004779214
v 0.016302824 -0.022243371 0.004833107
v 0.016308974 -0.022243371 0.015148821
v 0.016422454 -0.022243303 0.015173866
v 0.016416304 -0.022243284 0.004806160
v 0.000573167 -0.022242321 0.006879402
v 0.000573167 -0.022242321 0.013354123
v 0.000635137 -0.022239864 0.006740989
v 0.000635137 -0.022239864 0.013492524
v 0.000575773 -0.022236752 0.006809121
v 0.000575773 -0.022236752 0.013424379
v 0.000744233 -0.022236153 0.006695678
v 0.000744233 -0.022236153 0.013537834
v 0.008335957 -0.022236066 0.013537995
v 0.007758900 -0.022236048 0.006695481
v 0.020443208 -0.022234461 0.016508630
v 0.000744233 -0.022226038 0.006677055
v 0.000744233 -0.022226038 0.013556458
v 0.000693427 -0.022222340 0.006677055
v 0.000693427 -0.022222340 0.013556458
v 0.000583491 -0.022220203 0.006740989
v 0.000583491 -0.022220203 0.013492524
v 0.020451074 -0.022219561 0.003363128
v 0.050296920 -0.022214294 0.001980324
v 0.050296920 -0.022214294 0.017929445
v 0.000521793 -0.022213639 0.006879402
v 0.000521793 -0.022213639 0.013354123
v 0.000643695 -0.022211305 0.006677055
v 0.000643695 -0.022211305 0.013556458
v 0.000525189 -0.022208502 0.006809121
v 0.000525189 -0.022208502 0.013424379
v 0.000744233 -0.022202969 0.006641538
v 0.000744233 -0.022202969 0.013591975
v 0.007326913 -0.022202951 0.006641513
v 0.007873071 -0.022202920 0.013592049
v 0.007278922 -0.022198771 0.006635857
v 0.000535217 -0.022193256 0.006740989
v 0.000535217 -0.022193256 0.013492524
v 0.000596088 -0.022193189 0.006677055
v 0.000596088 -0.022193189 0.013556458
v 0.007711601 -0.022189453 0.013609548
v 0.000744233 -0.022185581 0.006619272
v 0.000744233 -0.022185581 0.013614229
v 0.000699293 -0.022182309 0.006619272
v 0.000699293 -0.022182309 0.013614229
v 0.000475136 -0.022177826 0.006879402
v 0.000475136 -0.022177826 0.013354123
v 0.018546688 -0.022173405 0.003900938
v 0.000479224 -0.022173225 0.006809121
v 0.000479224 -0.022173225 0.013424379
v 0.018541365 -0.022173164 0.016041162
v 0.000655304 -0.022172552 0.006619272
v 0.000655304 -0.022172552 0.013614229
v 0.000551605 -0.022168347 0.006677055
v 0.000551605 -0.022168347 0.013556458
v 0.061817233 -0.022164525 0.003539208
v 0.061817233 -0.022164525 0.016370574
v 0.000744233 -0.022161728 0.006593251
v 0.000744233 -0.022161728 0.013640262
v 0.007406592 -0.022161549 0.013640435
v 0.006890331 -0.022161506 0.006593016
v 0.016231369 -0.022161419 0.004512278
v 0.016242324 -0.022161419 0.015470675
v 0.000491376 -0.022159592 0.006740989
v 0.000491376 -0.022159592 0.013492524
v 0.000613192 -0.022156517 0.006619272
v 0.000613192 -0.022156517 0.013614229
v 0.044631034 -0.022145982 0.001891383
v 0.044631034 -0.022145982 0.018018387
v 0.033321329 -0.022141191 0.001980324
v 0.033321329 -0.022141191 0.017929445
v 0.000511197 -0.022137332 0.006677055
v 0.000511197 -0.022137332 0.013556458
v 0.000744233 -0.022135701 0.006569392
v 0.000744233 -0.022135701 0.013664109
v 0.027596844 -0.022134633 0.002325198
v 0.027596844 -0.022134633 0.017584572
v 0.000573834 -0.022134553 0.006619272
v 0.000573834 -0.022134553 0.013614229
v 0.016213944 -0.022133830 0.004434068
v 0.016226072 -0.022133830 0.015549144
v 0.016453884 -0.022133707 0.015598900
v 0.016441781 -0.022133639 0.004380545
v 0.016339984 -0.022133571 0.015574028
v 0.016327856 -0.022133534 0.004407307
v 0.000706517 -0.022132954 0.006569392
v 0.000706517 -0.022132954 0.013664109
v 0.000669604 -0.022124772 0.006569392
v 0.000669604 -0.022124772 0.013664109
v 0.038987586 -0.022121685 0.001891383
v 0.038987586 -0.022121685 0.018018387
v 0.000744233 -0.022113447 0.006552016
v 0.000744233 -0.022113447 0.013681509
v 0.006938149 -0.022113077 0.013681768
v 0.006453133 -0.022113071 0.006551744
v 0.000634272 -0.022111317 0.006569392
v 0.000634272 -0.022111317 0.013664109
v 0.023910405 -0.022108020 0.002728806
v 0.023910405 -0.022108020 0.017180976
v 0.000538106 -0.022107112 0.006619272
v 0.000538106 -0.022107112 0.013614229
v 0.000601262 -0.022092885 0.006569392
v 0.000601262 -0.022092885 0.013664109
v 0.020428401 -0.022081246 0.003083855
v 0.000744233 -0.022077924 0.006528947
v 0.000744233 -0.022077924 0.013704578
v 0.020427758 -0.022076411 0.003075519
v 0.000714903 -0.022075781 0.006528947
v 0.000714903 -0.022075781 0.013704578
v 0.000571265 -0.022069860 0.006569392
v 0.000571265 -0.022069860 0.013664109
v 0.000686190 -0.022069415 0.006528947
v 0.000686190 -0.022069415 0.013704578
v 0.020417829 -0.022065519 0.016851935
v 0.000744233 -0.022059301 0.006518833
v 0.000744233 -0.022059301 0.013714680
v 0.006015897 -0.022058980 0.006518672
v 0.000658687 -0.022058955 0.006528947
v 0.000658687 -0.022058955 0.013704578
v 0.006469669 -0.022058949 0.013714865
v 0.000633013 -0.022044611 0.006528947
v 0.000633013 -0.022044611 0.013704578
v 0.020423399 -0.022041382 0.003017266
v 0.020415075 -0.022040684 0.016892886
v 0.000609697 -0.022026704 0.006528947
v 0.000609697 -0.022026704 0.013704578
v 0.061788632 -0.022021561 0.003187209
v 0.061788632 -0.022021561 0.016722573
v 0.020420559 -0.022016818 0.002978501
v 0.016154839 -0.022015621 0.004168701
v 0.016170943 -0.022015621 0.015815363
v 0.000744233 -0.022013990 0.006499135
v 0.000744233 -0.022013990 0.013734378
v 0.000724165 -0.022012527 0.006499135
v 0.000724165 -0.022012527 0.013734378
v 0.000704517 -0.022008174 0.006499135
v 0.000704517 -0.022008174 0.013734378
v 0.000685721 -0.022001017 0.006499135
v 0.000685721 -0.022001017 0.013734378
v 0.000744233 -0.022000634 0.006494529
v 0.000744233 -0.022000634 0.013738984
v 0.005578636 -0.022000573 0.006494516
v 0.006001164 -0.022000523 0.013739021
v 0.018469799 -0.021993428 0.003527945
v 0.018469997 -0.021993274 0.016415465
v 0.000668160 -0.021991212 0.006499135
v 0.000668160 -0.021991212 0.013734378
v 0.005499142 -0.021989594 0.006491108
v 0.005859897 -0.021982277 0.013744467
v 0.000652204 -0.021978961 0.006499135
v 0.000652204 -0.021978961 0.013734378
v 0.016130560 -0.021954966 0.004059667
v 0.016148282 -0.021954966 0.015924743
v 0.016377415 -0.021954614 0.015974240
v 0.016262848 -0.021954583 0.015949491
v 0.016245139 -0.021954546 0.004033041
v 0.016359706 -0.021954533 0.004006428
v 0.000744233 -0.021945858 0.006480870
v 0.000744233 -0.021945858 0.013752630
v 0.000734044 -0.021945111 0.006480870
v 0.000734044 -0.021945111 0.013752630
v 0.000724066 -0.021942906 0.006480870
v 0.000724066 -0.021942906 0.013752630
v 0.000714532 -0.021939269 0.006480870
v 0.000714532 -0.021939269 0.013752630
v 0.005138560 -0.021938862 0.006479709
v 0.005529979 -0.021938862 0.013753803
v 0.055975959 -0.021935361 0.002126123
v 0.055975959 -0.021935361 0.017783659
v 0.000705603 -0.021934286 0.006480870
v 0.000705603 -0.021934286 0.013752630
v 0.000697502 -0.021928068 0.006480870
v 0.000697502 -0.021928068 0.013752630
v 0.027628373 -0.021923839 0.002186772
v 0.027628373 -0.021923839 0.017722985
v 0.000744233 -0.021875583 0.006474720
v 0.004697867 -0.021875583 0.006474720
v 0.000744233 -0.021875583 0.013758780
v 0.005057634 -0.021875583 0.013758780
v 0.050266503 -0.021845073 0.001891383
v 0.050266503 -0.021845073 0.018018387
v 0.020404455 -0.021840300 0.002738796
v 0.020398169 -0.021839368 0.017171677
v 0.020403850 -0.021831933 0.002728830
v 0.020397675 -0.021831575 0.017180964
v 0.061749583 -0.021826358 0.002862354
v 0.061749583 -0.021826358 0.017047416
v 0.004661571 -0.021819954 0.013758780
v 0.004328208 -0.021819923 0.006474720
v 0.016084225 -0.021816546 0.003851614
v 0.016105058 -0.021816546 0.016133475
v 0.027644896 -0.021813347 0.002126123
v 0.027644896 -0.021813347 0.017783659
v 0.020396403 -0.021811198 0.017204823
v 0.023940674 -0.021810278 0.002429539
v 0.023940674 -0.021810278 0.017480243
v 0.020400626 -0.021784875 0.002674690
v 0.033354920 -0.021772242 0.001891383
v 0.033354920 -0.021772242 0.018018387
v 0.044621722 -0.021766271 0.001861497
v 0.044621722 -0.021766271 0.018048285
v 0.018402988 -0.021750389 0.003190456
v 0.018408175 -0.021750260 0.016754089
v 0.039000170 -0.021742060 0.001861497
v 0.039000170 -0.021742060 0.018048285
v 0.016055191 -0.021712204 0.003721265
v 0.016077988 -0.021712204 0.016264232
v 0.016193407 -0.021711791 0.016288894
v 0.016308851 -0.021711785 0.016313556
v 0.016170647 -0.021711748 0.003694738
v 0.016286090 -0.021711692 0.003668211
v 0.055926919 -0.021586801 0.001980324
v 0.055926919 -0.021586801 0.017929445
v 0.061701024 -0.021583726 0.002572646
v 0.061701024 -0.021583726 0.017337136
v 0.016021242 -0.021569110 0.003568834
v 0.002974154 -0.021569110 0.006474720
v 0.003209758 -0.021569110 0.013758780
v 0.016046311 -0.021569110 0.016417156
v 0.027685106 -0.021544473 0.002007913
v 0.027685106 -0.021544473 0.017901869
v 0.020388833 -0.021543917 0.002440147
v 0.020384658 -0.021539941 0.017472808
v 0.020384411 -0.021531098 0.017480230
v 0.020387524 -0.021504244 0.002407223
v 0.020383671 -0.021503244 0.017503200
v 0.050235333 -0.021466529 0.001861497
v 0.050235333 -0.021466529 0.018048285
v 0.020386412 -0.021466387 0.002377103
v 0.023975722 -0.021465368 0.002186772
v 0.023975722 -0.021465368 0.017722985
v 0.027696950 -0.021465220 0.001980324
v 0.027696950 -0.021465220 0.017929445
v 0.018348267 -0.021451598 0.002898637
v 0.018357739 -0.021451450 0.017046872
v 0.015990121 -0.021412938 0.003429149
v 0.016017302 -0.021412938 0.016557287
v 0.016250289 -0.021412580 0.016606549
v 0.016133783 -0.021412555 0.016581924
v 0.016106639 -0.021412512 0.003402646
v 0.016223157 -0.021412493 0.003376169
v 0.033389351 -0.021393975 0.001861497
v 0.033389351 -0.021393975 0.018048285
v 0.066960635 -0.021387844 0.004289505
v 0.066960635 -0.021387844 0.015620265
v 0.066956226 -0.021358279 0.003909682
v 0.066956226 -0.021358279 0.016000100
v 0.061644192 -0.021299643 0.002325198
v 0.061644192 -0.021299643 0.017584572
v 0.015967447 -0.021279396 0.003327314
v 0.001835958 -0.021279396 0.006474720
v 0.001989586 -0.021279396 0.013758780
v 0.015996135 -0.021279396 0.016659455
v 0.066943124 -0.021270307 0.003539208
v 0.066943124 -0.021270307 0.016370574
v 0.055875273 -0.021219939 0.001891383
v 0.055875273 -0.021219939 0.018018387
v 0.020382003 -0.021200983 0.002196812
v 0.020379694 -0.021199655 0.017713674
v 0.020379669 -0.021185484 0.017721923
v 0.020381905 -0.021183749 0.002186784
v 0.020379657 -0.021183613 0.017722985
v 0.020381769 -0.021149139 0.002167210
v 0.027745558 -0.021140161 0.001898373
v 0.027745558 -0.021140161 0.018011397
v 0.066921623 -0.021126095 0.003187209
v 0.066921623 -0.021126095 0.016722573
v 0.018307279 -0.021106045 0.002661266
v 0.018320246 -0.021105823 0.017284984
v 0.027751745 -0.021098821 0.001891383
v 0.027751745 -0.021098821 0.018018387
v 0.024014512 -0.021083754 0.002007913
v 0.024014512 -0.021083754 0.017901869
v 0.015937351 -0.021066249 0.003192198
v 0.015968065 -0.021066249 0.016795003
v 0.016203484 -0.021066076 0.016844340
v 0.016172796 -0.021066002 0.003139132
v 0.016085768 -0.021065953 0.016819665
v 0.016055067 -0.021065916 0.003165659
v 0.069535689 -0.021036592 0.004289505
v 0.069535689 -0.021036592 0.015620265
v -0.001048662 -0.021008058 0.006879402
v -0.001048662 -0.021008058 0.013354123
v -0.001045279 -0.021002921 0.006809121
v -0.001045279 -0.021002921 0.013424379
v -0.001035251 -0.020987669 0.006740989
v -0.001035251 -0.020987669 0.013492524
v 0.061580456 -0.020981099 0.002126123
v 0.061580456 -0.020981099 0.017783659
v -0.001018850 -0.020962766 0.006677055
v -0.001018850 -0.020962766 0.013556458
v 0.015924174 -0.020954535 0.003133006
v 0.000920251 -0.020954535 0.006474720
v 0.001007920 -0.020954535 0.013758780
v 0.015955765 -0.020954535 0.016854392
v 0.066892280 -0.020929206 0.002862354
v 0.066892280 -0.020929206 0.017047416
v -0.000996621 -0.020928971 0.006619272
v -0.000996621 -0.020928971 0.013614229
v -0.000969205 -0.020887304 0.006569392
v -0.000969205 -0.020887304 0.013664109
v 0.055822343 -0.020843821 0.001861497
v 0.055822343 -0.020843821 0.018048285
v 0.020382720 -0.020842969 0.017885641
v -0.000937455 -0.020839030 0.006528947
v -0.000937455 -0.020839030 0.013704578
v 0.020384572 -0.020798153 0.002007345
v 0.020383621 -0.020796535 0.017903005
v -0.000902308 -0.020785630 0.006499135
v -0.000902308 -0.020785630 0.013734378
v 0.020385523 -0.020749607 0.001990303
v 0.072118659 -0.020749199 0.004289505
v 0.072118659 -0.020749199 0.015620265
v 0.000467430 -0.020735096 0.006474720
v -0.000864852 -0.020728705 0.006480870
v -0.000864852 -0.020728705 0.013752630
v 0.018281259 -0.020724136 0.002485507
v 0.018296794 -0.020723802 0.017461224
v 0.027807910 -0.020723179 0.001861497
v 0.027807910 -0.020723179 0.018048285
v 0.072115720 -0.020719455 0.003909682
v 0.072115720 -0.020719455 0.016000100
v 0.000465047 -0.020704648 0.013758780
v 0.066855812 -0.020684463 0.002572646
v 0.066855812 -0.020684463 0.017337136
v 0.016169856 -0.020682783 0.017019716
v 0.016136562 -0.020682734 0.002964287
v 0.015898475 -0.020682666 0.003017612
v 0.015931794 -0.020682666 0.016970157
v 0.016050831 -0.020682518 0.016994930
v 0.016017512 -0.020682493 0.002990962
v 0.024055858 -0.020677041 0.001898373
v 0.024055858 -0.020677041 0.018011397
v -0.000826235 -0.020670001 0.006474720
v -0.000826235 -0.020670001 0.013758780
v 0.061511397 -0.020635941 0.001980324
v 0.061511397 -0.020635941 0.017929445
v 0.072106976 -0.020630940 0.003539208
v 0.072106976 -0.020630940 0.016370574
v 0.015892461 -0.020602536 0.002990678
v 0.000457019 -0.020602536 0.006428520
v 0.000457019 -0.020602536 0.013793594
v 0.015926200 -0.020602536 0.016997165
v 0.072092638 -0.020485845 0.003187209
v 0.072092638 -0.020485845 0.016722573
v 0.020394637 -0.020425820 0.018004975
v 0.020395242 -0.020417521 0.001903214
v 0.020395032 -0.020415632 0.018006914
v 0.066813095 -0.020397916 0.002325198
v 0.066813095 -0.020397916 0.017584572
v 0.020396255 -0.020390945 0.001898373
v 0.020395995 -0.020390926 0.018011397
v 0.020396563 -0.020382689 0.001896940
v 0.077301974 -0.020366684 0.004289505
v 0.077301974 -0.020366684 0.015620265
v 0.077300505 -0.020336829 0.003909682
v 0.077300505 -0.020336829 0.016000100
v 0.077300159 -0.020329839 0.003867879
v 0.077300159 -0.020329839 0.016041891
v 0.018270996 -0.020317354 0.002376609
v 0.018288100 -0.020316897 0.017570320
v 0.072073077 -0.020287733 0.002862354
v 0.072073077 -0.020287733 0.017047416
v 0.016150443 -0.020274328 0.017127367
v 0.016115531 -0.020274297 0.002856969
v 0.016030010 -0.020273883 0.017102396
v 0.015995098 -0.020273865 0.002883830
v 0.015874653 -0.020273859 0.002910702
v 0.015909577 -0.020273859 0.017077413
v 0.061438707 -0.020272673 0.001891383
v 0.061438707 -0.020272673 0.018018387
v 0.024098489 -0.020257582 0.001861497
v 0.024098489 -0.020257582 0.018048285
v 0.077296158 -0.020247993 0.003539208
v 0.077296158 -0.020247993 0.016370574
v 0.000427911 -0.020232062 0.006343889
v 0.000427911 -0.020232062 0.013878398
v 0.077294812 -0.020220435 0.003459084
v 0.077294812 -0.020220435 0.016450698
v 0.077289032 -0.020102361 0.003187209
v 0.077289032 -0.020102361 0.016722573
v 0.066765216 -0.020076612 0.002126123
v 0.066765216 -0.020076612 0.017783659
v -0.002725953 -0.020071573 0.006879402
v -0.002725953 -0.020071573 0.013354123
v -0.002723360 -0.020066003 0.006809121
v -0.002723360 -0.020066003 0.013424379
v 0.020412099 -0.020049826 0.018046963
v -0.002715641 -0.020049455 0.006740989
v -0.002715641 -0.020049455 0.013492524
v 0.077286068 -0.020041786 0.003075495
v 0.077286068 -0.020041786 0.016834287
v 0.072048773 -0.020041490 0.002572646
v 0.072048773 -0.020041490 0.017337136
v -0.002703033 -0.020022440 0.006677055
v -0.002703033 -0.020022440 0.013556458
v 0.020414903 -0.020000372 0.001861682
v 0.020414964 -0.019998204 0.018048124
v -0.002685941 -0.019985775 0.006619272
v -0.002685941 -0.019985775 0.013614229
v 0.020415779 -0.019969757 0.001861497
v 0.020415779 -0.019969757 0.018048285
v -0.002664848 -0.019940569 0.006569392
v -0.002664848 -0.019940569 0.013664109
v 0.077279301 -0.019903527 0.002862354
v 0.077279301 -0.019903527 0.017047416
v 0.061364190 -0.019900223 0.001861497
v 0.061364190 -0.019900223 0.018048285
v 0.018276800 -0.019897957 0.002337893
v 0.018294423 -0.019897340 0.017608974
v -0.002640420 -0.019888207 0.006528947
v -0.002640420 -0.019888207 0.013704578
v 0.091075932 -0.019855555 0.004289505
v 0.091075932 -0.019855555 0.015620265
v 0.016110356 -0.019853091 0.002820402
v 0.016145824 -0.019853091 0.017164008
v 0.015988503 -0.019852455 0.002847547
v 0.016023959 -0.019852455 0.017138778
v 0.015866626 -0.019852239 0.002874691
v 0.000398063 -0.019852239 0.006319906
v 0.000398063 -0.019852239 0.013902739
v 0.015902106 -0.019852239 0.017113535
v -0.002613400 -0.019830269 0.006499135
v -0.002613400 -0.019830269 0.013734378
v 0.091074994 -0.019818679 0.003867879
v 0.091074994 -0.019818679 0.016041891
v 0.077274200 -0.019799315 0.002728806
v 0.077274200 -0.019799315 0.017180976
v -0.002584600 -0.019768521 0.006480870
v -0.002584600 -0.019768521 0.013752630
v 0.072020307 -0.019753183 0.002325198
v 0.072020307 -0.019753183 0.017584572
v 0.066713311 -0.019728453 0.001980324
v 0.066713311 -0.019728453 0.017929445
v 0.093824793 -0.019714146 0.004289505
v 0.093824793 -0.019714146 0.015620265
v 0.091072240 -0.019709176 0.003459084
v 0.091072240 -0.019709176 0.016450698
v -0.002554875 -0.019704847 0.006474720
v -0.002554875 -0.019704847 0.013758780
v 0.093821953 -0.019677369 0.003867879
v 0.093821953 -0.019677369 0.016041891
v 0.077267198 -0.019656387 0.002572646
v 0.077267198 -0.019656387 0.017337136
v 0.093813457 -0.019568162 0.003459084
v 0.093813457 -0.019568162 0.016450698
v 0.091067707 -0.019530367 0.003075495
v 0.091067707 -0.019530367 0.016834287
v 0.077259566 -0.019500406 0.002429539
v 0.077259566 -0.019500406 0.017480243
v 0.071988383 -0.019429897 0.002126123
v 0.071988383 -0.019429897 0.017783659
v 0.096562540 -0.019429415 0.004289505
v 0.096562540 -0.019429415 0.015620265
v 0.096557761 -0.019392842 0.003867879
v 0.096557761 -0.019392842 0.016041891
v 0.093799613 -0.019389829 0.003075495
v 0.093799613 -0.019389829 0.016834287
v -0.004521306 -0.019388149 0.006879402
v -0.004521306 -0.019388149 0.013354123
v -0.004519540 -0.019382258 0.006809121
v -0.004519540 -0.019382258 0.013424379
v 0.077253045 -0.019367019 0.002325198
v 0.077253045 -0.019367019 0.017584572
v -0.004514291 -0.019364771 0.006740989
v -0.004514291 -0.019364771 0.013492524
v 0.066658713 -0.019362030 0.001891383
v 0.066658713 -0.019362030 0.018018387
v -0.004505746 -0.019336213 0.006677055
v -0.004505746 -0.019336213 0.013556458
v -0.004494149 -0.019297460 0.006619272
v -0.004494149 -0.019297460 0.013614229
v 0.091061570 -0.019287692 0.002728806
v 0.091061570 -0.019287692 0.017180976
v 0.097220536 -0.019285852 0.004289505
v 0.097220536 -0.019285852 0.015620265
v 0.096543584 -0.019284221 0.003459084
v 0.096543584 -0.019284221 0.016450698
v 0.097209632 -0.019250612 0.003867879
v 0.097209632 -0.019250612 0.016041891
v -0.004479824 -0.019249680 0.006569392
v -0.004479824 -0.019249680 0.013664109
v -0.004463263 -0.019194323 0.006528947
v -0.004463263 -0.019194323 0.013704578
v 0.077242622 -0.019154125 0.002186772
v 0.077242622 -0.019154125 0.017722985
v 0.093780829 -0.019147808 0.002728806
v 0.093780829 -0.019147808 0.017180976
v 0.097177264 -0.019145962 0.003459084
v 0.097177264 -0.019145962 0.016450698
v -0.004444912 -0.019133082 0.006499135
v -0.004444912 -0.019133082 0.013734378
v 0.096520453 -0.019106863 0.003075495
v 0.096520453 -0.019106863 0.016834287
v 0.071953780 -0.019079602 0.001980324
v 0.071953780 -0.019079602 0.017929445
v -0.004425362 -0.019067814 0.006480870
v -0.004425362 -0.019067814 0.013752630
v 0.077237164 -0.019042553 0.002126123
v 0.077237164 -0.019042553 0.017783659
v 0.097844732 -0.019032933 0.004289505
v 0.097844732 -0.019032933 0.015620265
v -0.004405196 -0.019000491 0.006474720
v -0.004405196 -0.019000491 0.013758780
v 0.097828011 -0.019000052 0.003867879
v 0.097828011 -0.019000052 0.016041891
v 0.091054012 -0.018988518 0.002429539
v 0.091054012 -0.018988518 0.017480243
v 0.066602708 -0.018986350 0.001861497
v 0.066602708 -0.018986350 0.018048285
v 0.097124420 -0.018975075 0.003075495
v 0.097124420 -0.018975075 0.016834287
v -0.006396758 -0.018972235 0.006879402
v -0.006396758 -0.018972235 0.013354123
v -0.006395869 -0.018966153 0.006809121
v -0.006395869 -0.018966153 0.013424379
v -0.006393226 -0.018948091 0.006740989
v -0.006393226 -0.018948091 0.013492524
v -0.006388897 -0.018918595 0.006677055
v -0.006388897 -0.018918595 0.013556458
v 0.097778390 -0.018902392 0.003459084
v 0.097778390 -0.018902392 0.016450698
v -0.006383031 -0.018878564 0.006619272
v -0.006383031 -0.018878564 0.013614229
v 0.096489048 -0.018866140 0.002728806
v 0.096489048 -0.018866140 0.017180976
v 0.093757649 -0.018849431 0.002429539
v 0.093757649 -0.018849431 0.017480243
v -0.032326988 -0.018832617 0.006879402
v -0.008312698 -0.018832617 0.006879402
v -0.032326988 -0.018832617 0.010278628
v -0.026378896 -0.018832617 0.010278628
v -0.026378896 -0.018832617 0.013354123
v -0.008312698 -0.018832617 0.013354123
v -0.006375801 -0.018829209 0.006569392
v -0.006375801 -0.018829209 0.013664109
v -0.026434932 -0.018828715 0.010334658
v -0.026434932 -0.018828715 0.013354123
v -0.026449029 -0.018826492 0.010348761
v -0.032326988 -0.018826467 0.006809121
v -0.008312698 -0.018826467 0.006809121
v -0.032326988 -0.018826467 0.010348897
v -0.026378896 -0.018826467 0.013424379
v -0.008312698 -0.018826467 0.013424379
v -0.026434073 -0.018822632 0.013424379
v -0.026489640 -0.018817168 0.010389379
v -0.026489887 -0.018817094 0.013354123
v -0.026488201 -0.018811184 0.013424379
v -0.032326988 -0.018808214 0.006740989
v -0.008312698 -0.018808214 0.006740989
v -0.032326988 -0.018808214 0.010417029
v -0.026517297 -0.018808214 0.010417029
v -0.026378896 -0.018808214 0.013492524
v -0.008312698 -0.018808214 0.013492524
v -0.026431548 -0.018804546 0.013492524
v -0.026542342 -0.018798143 0.010442062
v -0.026542700 -0.018797977 0.013354123
v -0.026483194 -0.018793623 0.013492524
v -0.026540211 -0.018792357 0.013424379
v -0.032878309 -0.018791765 0.006879402
v -0.032878309 -0.018791765 0.010278628
v -0.032877401 -0.018785683 0.006809121
v -0.032877401 -0.018785683 0.010348897
v -0.026581002 -0.018778532 0.010480728
v -0.032326988 -0.018778396 0.006677055
v -0.008312698 -0.018778396 0.006677055
v -0.032326988 -0.018778396 0.010480963
v -0.026378896 -0.018778396 0.013556458
v -0.008312698 -0.018778396 0.013556458
v -0.026532826 -0.018775661 0.013492524
v -0.026427423 -0.018775025 0.013556458
v -0.006367428 -0.018772036 0.006528947
v -0.006367428 -0.018772036 0.013704578
v -0.026592364 -0.018771728 0.010492090
v -0.026592364 -0.018771728 0.013354123
v 0.077223863 -0.018771005 0.002007913
v 0.077223863 -0.018771005 0.017901869
v -0.032874709 -0.018767628 0.006740989
v -0.032874709 -0.018767628 0.010417029
v -0.026589122 -0.018766510 0.013424379
v -0.026475012 -0.018764960 0.013556458
v -0.026579489 -0.018750999 0.013492524
v -0.026520761 -0.018748405 0.013556458
v 0.097052706 -0.018743157 0.002728806
v 0.097052706 -0.018743157 0.017180976
v 0.097697377 -0.018742922 0.003075495
v 0.097697377 -0.018742922 0.016834287
v -0.032870318 -0.018738143 0.006677055
v -0.032870318 -0.018738143 0.010480963
v -0.032326988 -0.018737939 0.006619272
v -0.008312698 -0.018737939 0.006619272
v -0.032326988 -0.018737939 0.010538734
v -0.026645380 -0.018737939 0.010538734
v -0.026378896 -0.018737939 0.013614229
v -0.008312698 -0.018737939 0.013614229
v -0.026421823 -0.018734951 0.013614229
v -0.026463916 -0.018726053 0.013614229
v -0.026563762 -0.018725670 0.013556458
v -0.026504379 -0.018711406 0.013614229
v 0.071917386 -0.018710925 0.001891383
v 0.071917386 -0.018710925 0.018018387
v -0.006358153 -0.018708782 0.006499135
v -0.006358153 -0.018708782 0.013734378
v -0.032864354 -0.018698124 0.006619272
v -0.032864354 -0.018698124 0.010538734
v -0.026542422 -0.018691301 0.013614229
v 0.077219961 -0.018690968 0.001980324
v 0.077219961 -0.018690968 0.017929445
v -0.032326988 -0.018688066 0.006569392
v -0.008312698 -0.018688066 0.006569392
v -0.032326988 -0.018688066 0.010588614
v -0.026718965 -0.018688066 0.010588614
v -0.026378896 -0.018688066 0.013664109
v -0.008312698 -0.018688066 0.013664109
v -0.026414913 -0.018685552 0.013664109
v -0.026450239 -0.018678087 0.013664109
v 0.098417035 -0.018677982 0.004289505
v 0.098417035 -0.018677982 0.015620265
v -0.033417589 -0.018670109 0.006879402
v -0.033417589 -0.018670109 0.010278628
v -0.026484188 -0.018665799 0.013664109
v -0.033415792 -0.018664231 0.006809121
v -0.033415792 -0.018664231 0.010348897
v -0.026516111 -0.018648930 0.013664109
v -0.032857006 -0.018648788 0.006569392
v -0.032857006 -0.018648788 0.010588614
v 0.098395028 -0.018648399 0.003867879
v 0.098395028 -0.018648399 0.016041891
v -0.033410475 -0.018646769 0.006740989
v -0.033410475 -0.018646769 0.010417029
v 0.091045244 -0.018641934 0.002186772
v 0.091045244 -0.018641934 0.017722985
v -0.006348280 -0.018641372 0.006480870
v -0.006348280 -0.018641372 0.013752630
v -0.032326988 -0.018630276 0.006528947
v -0.008312698 -0.018630276 0.006528947
v -0.032326988 -0.018630276 0.010629084
v -0.026798113 -0.018630276 0.010629084
v -0.026378896 -0.018630276 0.013704578
v -0.008312698 -0.018630276 0.013704578
v -0.026406910 -0.018628331 0.013704578
v -0.026434388 -0.018622520 0.013704578
v -0.033401781 -0.018618254 0.006677055
v -0.033401781 -0.018618254 0.010480963
v -0.026460804 -0.018612956 0.013704578
v -0.026485626 -0.018599834 0.013704578
v -0.032848491 -0.018591640 0.006528947
v -0.032848491 -0.018591640 0.010629084
v -0.033389981 -0.018579550 0.006619272
v -0.033389981 -0.018579550 0.010538734
v -0.006338085 -0.018571838 0.006474720
v -0.006338085 -0.018571838 0.013758780
v 0.096450332 -0.018569393 0.002429539
v 0.096450332 -0.018569393 0.017480243
v -0.032326988 -0.018566355 0.006499135
v -0.008312698 -0.018566355 0.006499135
v -0.032326988 -0.018566355 0.010658895
v -0.026879114 -0.018566355 0.010658895
v -0.026378896 -0.018566355 0.013734378
v -0.008312698 -0.018566355 0.013734378
v -0.026398056 -0.018565015 0.013734378
v -0.026416852 -0.018561038 0.013734378
v 0.098329575 -0.018560544 0.003459084
v 0.098329575 -0.018560544 0.016450698
v -0.026434919 -0.018554505 0.013734378
v -0.026451906 -0.018545527 0.013734378
v -0.033375446 -0.018531838 0.006569392
v -0.033375446 -0.018531838 0.010588614
v -0.032839068 -0.018528411 0.006499135
v -0.032839068 -0.018528411 0.010658895
v 0.097587429 -0.018526496 0.002728806
v 0.097587429 -0.018526496 0.017180976
v 0.093730801 -0.018503786 0.002186772
v 0.093730801 -0.018503786 0.017722985
v -0.032326988 -0.018498210 0.006480870
v -0.008312698 -0.018498210 0.006480870
v -0.032326988 -0.018498210 0.010677148
v -0.026958874 -0.018498210 0.010677148
v -0.026378896 -0.018498210 0.013752630
v -0.008312698 -0.018498210 0.013752630
v -0.026388627 -0.018497537 0.013752630
v -0.026398167 -0.018495518 0.013752630
v -0.026962918 -0.018494610 0.013354123
v -0.026407337 -0.018492202 0.013752630
v -0.026958824 -0.018490022 0.013424379
v -0.026415963 -0.018487645 0.013752630
v -0.033358595 -0.018476567 0.006528947
v -0.033358595 -0.018476567 0.010629084
v -0.026946666 -0.018476400 0.013492524
v -0.033933053 -0.018470312 0.006879402
v -0.033933053 -0.018470312 0.010278628
v -0.033930910 -0.018465811 0.006816099
v -0.033930410 -0.018464761 0.006809121
v -0.033930410 -0.018464761 0.010348897
v -0.032829028 -0.018461019 0.006480870
v -0.032829028 -0.018461019 0.010677148
v 0.096964308 -0.018457246 0.002429539
v 0.096964308 -0.018457246 0.017480243
v -0.026926814 -0.018454159 0.013556458
v -0.033924550 -0.018452418 0.006754351
v -0.033922568 -0.018448274 0.010417029
v -0.033914108 -0.018430479 0.006695678
v -0.032326988 -0.018427947 0.006474720
v -0.008312698 -0.018427947 0.006474720
v -0.032326988 -0.018427947 0.010683286
v -0.027034922 -0.018427947 0.010683286
v -0.026378896 -0.018427947 0.013758780
v -0.008312698 -0.018427947 0.013758780
v -0.026899880 -0.018423970 0.013614229
v -0.033909774 -0.018421346 0.010480963
v 0.098222727 -0.018417104 0.003075495
v 0.098222727 -0.018417104 0.016834287
v -0.033339966 -0.018415412 0.006499135
v -0.033339966 -0.018415412 0.010658895
v -0.033899869 -0.018400506 0.006641538
v -0.032818666 -0.018391516 0.006474720
v -0.032818666 -0.018391516 0.010683286
v -0.026866672 -0.018386761 0.013664109
v -0.033892404 -0.018384804 0.010538734
v -0.033882160 -0.018363266 0.006593251
v 0.077203882 -0.018362686 0.001898373
v 0.077203882 -0.018362686 0.018011397
v -0.033320095 -0.018350244 0.006480870
v -0.033320095 -0.018350244 0.010677148
v -0.026828203 -0.018343643 0.013704578
v -0.033870990 -0.018339753 0.010588614
v 0.071880053 -0.018332936 0.001861497
v 0.071880053 -0.018332936 0.018048285
v -0.033861431 -0.018319654 0.006552016
v -0.026785634 -0.018295949 0.013734378
v -0.033846180 -0.018287570 0.010629084
v -0.033299613 -0.018283019 0.006474720
v -0.033299613 -0.018283019 0.010683286
v -0.033838183 -0.018270756 0.006518833
v 0.097451868 -0.018259684 0.002429539
v 0.097451868 -0.018259684 0.017480243
v 0.091035549 -0.018258474 0.002007913
v 0.091035549 -0.018258474 0.017901869
v -0.026740268 -0.018245106 0.013752630
v 0.098921020 -0.018231231 0.004289505
v 0.098921020 -0.018231231 0.015620265
v -0.033818733 -0.018229836 0.010658895
v 0.096405466 -0.018225612 0.002186772
v 0.096405466 -0.018225612 0.017722985
v 0.098077719 -0.018222420 0.002728806
v 0.098077719 -0.018222420 0.017180976
v -0.033812996 -0.018217770 0.006494529
v 0.098894296 -0.018205803 0.003867879
v 0.098894296 -0.018205803 0.016041891
v -0.026693482 -0.018192682 0.013758780
v -0.033789483 -0.018168298 0.006480870
v -0.033789483 -0.018168298 0.010677148
v -0.033786488 -0.018162006 0.006479709
v -0.027280264 -0.018157869 0.010683286
v -0.027280264 -0.018157869 0.013354123
v -0.027275442 -0.018154053 0.013424379
v -0.027261123 -0.018142728 0.013492524
v 0.098814937 -0.018130304 0.003459084
v 0.098814937 -0.018130304 0.016450698
v 0.096861869 -0.018126025 0.002186772
v 0.096861869 -0.018126025 0.017722985
v -0.027237745 -0.018124235 0.013556458
v 0.093701088 -0.018121351 0.002007913
v 0.093701088 -0.018121351 0.017901869
v -0.033759313 -0.018104827 0.006474720
v -0.033759313 -0.018104827 0.010683286
v -0.027206013 -0.018099134 0.013614229
v -0.027166896 -0.018068186 0.013664109
v -0.027121579 -0.018032329 0.013704578
v 0.098685341 -0.018007031 0.003075495
v 0.098685341 -0.018007031 0.016834287
v -0.027071440 -0.017992669 0.013734378
v 0.097898947 -0.017982412 0.002429539
v 0.097898947 -0.017982412 0.017480243
v 0.097294856 -0.017950594 0.002186772
v 0.097294856 -0.017950594 0.017722985
v -0.027018009 -0.017950396 0.013752630
v 0.077183270 -0.017941572 0.001861497
v 0.077183270 -0.017941572 0.018048285
v -0.026962899 -0.017906796 0.013758780
v 0.091025213 -0.017849803 0.001898373
v 0.091025213 -0.017849803 0.018011397
v 0.096355821 -0.017845258 0.002007913
v 0.096355821 -0.017845258 0.017901869
v 0.098509459 -0.017839713 0.002728806
v 0.098509459 -0.017839713 0.017180976
v -0.027534943 -0.017771550 0.010683286
v -0.027534943 -0.017771550 0.013354123
v -0.027529534 -0.017768617 0.013424379
v -0.027513479 -0.017759929 0.013492524
v 0.096748549 -0.017759565 0.002007913
v 0.096748549 -0.017759565 0.017901869
v -0.027487267 -0.017745727 0.013556458
v -0.027451688 -0.017726462 0.013614229
v 0.093669436 -0.017713773 0.001898373
v 0.093669436 -0.017713773 0.018011397
v 0.099342065 -0.017705591 0.004289505
v 0.099342065 -0.017705591 0.015620265
v 0.097691845 -0.017704375 0.002186772
v 0.097691845 -0.017704375 0.017722985
v -0.027407835 -0.017702701 0.013664109
v 0.099311414 -0.017685060 0.003867879
v 0.099311414 -0.017685060 0.016041891
v -0.027357023 -0.017675186 0.013704578
v -0.027300814 -0.017644739 0.013734378
v 0.098292601 -0.017633445 0.002429539
v 0.098292601 -0.017633445 0.017480243
v 0.099220422 -0.017624090 0.003459084
v 0.099220422 -0.017624090 0.016450698
v -0.027240900 -0.017612290 0.013752630
v 0.097121110 -0.017608616 0.002007913
v 0.097121110 -0.017608616 0.017901869
v -0.027179115 -0.017578823 0.013758780
v 0.099071808 -0.017524540 0.003075495
v 0.099071808 -0.017524540 0.016834287
v 0.096302953 -0.017439884 0.001898373
v 0.096302953 -0.017439884 0.018011397
v 0.091014555 -0.017428313 0.001861497
v 0.091014555 -0.017428313 0.018048285
v 0.097462699 -0.017396760 0.002007913
v 0.097462699 -0.017396760 0.017901869
v 0.098041411 -0.017394487 0.002186772
v 0.098041411 -0.017394487 0.017722985
v 0.098870140 -0.017389418 0.002728806
v 0.098870140 -0.017389418 0.017180976
v 0.096627783 -0.017369004 0.001898373
v 0.096627783 -0.017369004 0.018011397
v -0.027719353 -0.017347170 0.010683286
v -0.027719353 -0.017347170 0.013354123
v -0.027713524 -0.017345219 0.013424379
v -0.027696216 -0.017339415 0.013492524
v -0.027667954 -0.017329936 0.013556458
v -0.027629590 -0.017317074 0.013614229
v -0.027582297 -0.017301224 0.013664109
v 0.093636784 -0.017293419 0.001861497
v 0.093636784 -0.017293419 0.018048285
v -0.027527515 -0.017282854 0.013704578
v -0.027466897 -0.017262532 0.013734378
v 0.096935941 -0.017244144 0.001898373
v 0.096935941 -0.017244144 0.018011397
v -0.027402296 -0.017240878 0.013752630
v 0.098621519 -0.017222853 0.002429539
v 0.098621519 -0.017222853 0.017480243
v -0.027335671 -0.017218543 0.013758780
v -0.036380079 -0.017199630 0.006879402
v -0.036380079 -0.017199630 0.010278628
v -0.036377627 -0.017195295 0.006816099
v -0.036377053 -0.017194283 0.010348897
v -0.036370335 -0.017182384 0.006754351
v -0.036368075 -0.017178376 0.010417029
v -0.036358387 -0.017161229 0.006695678
v -0.036353416 -0.017152424 0.010480963
v -0.036342067 -0.017132337 0.006641538
v 0.097763497 -0.017130114 0.002007913
v 0.097763497 -0.017130114 0.017901869
v -0.036333515 -0.017117197 0.010538734
v 0.099668019 -0.017116252 0.004289505
v 0.099668019 -0.017116252 0.015620265
v 0.099634330 -0.017101204 0.003867879
v 0.099634330 -0.017101204 0.016041891
v -0.036321789 -0.017096431 0.006593251
v -0.036308988 -0.017073770 0.010588614
v 0.097218511 -0.017068904 0.001898373
v 0.097218511 -0.017068904 0.018011397
v 0.099534323 -0.017056530 0.003459084
v 0.099534323 -0.017056530 0.016450698
v -0.036298034 -0.017054387 0.006552016
v 0.098333478 -0.017029885 0.002186772
v 0.098333478 -0.017029885 0.017722985
v -0.036280566 -0.017023458 0.010629084
v 0.096248392 -0.017021809 0.001861497
v 0.096248392 -0.017021809 0.018048285
v -0.036271415 -0.017007249 0.006518833
v 0.099370988 -0.016983575 0.003075495
v 0.099370988 -0.016983575 0.016834287
v -0.036249124 -0.016967792 0.010658895
v 0.096503225 -0.016966205 0.001861497
v 0.096503225 -0.016966205 0.018048285
v -0.036242560 -0.016956165 0.006494529
v -0.036215620 -0.016908465 0.010677148
v -0.036212193 -0.016902401 0.006479709
v -0.027828004 -0.016897400 0.010683286
v -0.027828004 -0.016897400 0.013354123
v -0.027821922 -0.016896473 0.013424379
v -0.027803873 -0.016893738 0.013492524
v -0.027774401 -0.016889261 0.013556458
v 0.099149363 -0.016884556 0.002728806
v 0.099149363 -0.016884556 0.017180976
v -0.027734394 -0.016883198 0.013614229
v -0.027685083 -0.016875714 0.013664109
v 0.096744980 -0.016868248 0.001861497
v 0.096744980 -0.016868248 0.018048285
v -0.027627954 -0.016867044 0.013704578
v -0.027564749 -0.016857455 0.013734378
v 0.097467305 -0.016848347 0.001898373
v 0.097467305 -0.016848347 0.018011397
v -0.036181059 -0.016847279 0.006474720
v -0.036181059 -0.016847279 0.010683286
v -0.027497388 -0.016847236 0.013752630
v -0.027427909 -0.016836695 0.013758780
v 0.098014810 -0.016816386 0.002007913
v 0.098014810 -0.016816386 0.017901869
v 0.098876117 -0.016762493 0.002429539
v 0.098876117 -0.016762493 0.017480243
v 0.096966642 -0.016730773 0.001861497
v 0.096966642 -0.016730773 0.018048285
v 0.098559573 -0.016621085 0.002186772
v 0.098559573 -0.016621085 0.017722985
v 0.097675173 -0.016588846 0.001898373
v 0.097675173 -0.016588846 0.018011397
v 0.097161827 -0.016557756 0.001861497
v 0.097161827 -0.016557756 0.018048285
v -0.037568531 -0.016500485 0.006879402
v -0.037568531 -0.016500485 0.010278628
v 0.099889472 -0.016480226 0.004289505
v 0.099889472 -0.016480226 0.015620265
v 0.099853707 -0.016471099 0.003867879
v 0.099853707 -0.016471099 0.016041891
v 0.098209340 -0.016464640 0.002007913
v 0.098209340 -0.016464640 0.017901869
v -0.027453078 -0.016444671 0.013758780
v 0.099747575 -0.016444004 0.003459084
v 0.099747575 -0.016444004 0.016450698
v -0.027523328 -0.016443103 0.013752630
v -0.027591442 -0.016441578 0.013734378
v -0.027655363 -0.016440157 0.013704578
v -0.027713128 -0.016438861 0.013664109
v -0.027762990 -0.016437749 0.013614229
v -0.027803441 -0.016436848 0.013556458
v -0.027833246 -0.016436175 0.013492524
v -0.027851493 -0.016435767 0.013424379
v -0.027857643 -0.016435631 0.010683286
v -0.027857643 -0.016435631 0.013354123
v 0.099574286 -0.016399756 0.003075495
v 0.099574286 -0.016399756 0.016834287
v 0.097324903 -0.016354174 0.001861497
v 0.097324903 -0.016354174 0.018048285
v 0.099339052 -0.016339700 0.002728806
v 0.099339052 -0.016339700 0.017180976
v 0.097836087 -0.016297897 0.001898373
v 0.097836087 -0.016297897 0.018011397
v 0.099049085 -0.016265671 0.002429539
v 0.099049085 -0.016265671 0.017480243
v 0.098713177 -0.016179909 0.002186772
v 0.098713177 -0.016179909 0.017722985
v 0.097451127 -0.016125923 0.001861497
v 0.097451127 -0.016125923 0.018048285
v 0.098341530 -0.016085022 0.002007913
v 0.098341530 -0.016085022 0.017901869
v -0.027410416 -0.016054172 0.013758780
v -0.027479351 -0.016040538 0.013752630
v -0.027546193 -0.016027312 0.013734378
v -0.027608904 -0.016014913 0.013704578
v -0.027665589 -0.016003700 0.013664109
v -0.027714524 -0.015994024 0.013614229
v -0.027754209 -0.015986170 0.013556458
v 0.097945430 -0.015983891 0.001898373
v 0.097945430 -0.015983891 0.018011397
v -0.027783459 -0.015980390 0.013492524
v -0.027801366 -0.015976846 0.013424379
v -0.027807399 -0.015975654 0.010683286
v -0.027807399 -0.015975654 0.013354123
v 0.097536895 -0.015879587 0.001861497
v 0.097536895 -0.015879587 0.018048285
v 0.100000000 -0.015815888 0.004289505
v 0.100000000 -0.015815888 0.015620265
v 0.099963248 -0.015812949 0.003867879
v 0.099963248 -0.015812949 0.016041891
v 0.099854053 -0.015804205 0.003459084
v 0.099854053 -0.015804205 0.016450698
v 0.099675750 -0.015789948 0.003075495
v 0.099675750 -0.015789948 0.016834287
v 0.099433748 -0.015770596 0.002728806
v 0.099433748 -0.015770596 0.017180976
v -0.038731649 -0.015759951 0.006879402
v -0.038731649 -0.015759951 0.010278628
v -0.038728901 -0.015755801 0.006816099
v -0.038728259 -0.015754819 0.010348897
v 0.099135433 -0.015746737 0.002429539
v 0.099135433 -0.015746737 0.017480243
v -0.038720719 -0.015743433 0.006754351
v -0.038718182 -0.015739598 0.010417029
v -0.038707308 -0.015723167 0.006695678
v 0.098789868 -0.015719086 0.002186772
v 0.098789868 -0.015719086 0.017722985
v -0.038701732 -0.015714739 0.010480963
v -0.038689000 -0.015695498 0.006641538
v 0.098407526 -0.015688508 0.002007913
v 0.098407526 -0.015688508 0.017901869
v -0.038679410 -0.015680994 0.010538734
v -0.027301209 -0.015676832 0.013758780
v -0.038666246 -0.015661111 0.006593251
v 0.098000015 -0.015655912 0.001898373
v 0.098000015 -0.015655912 0.018011397
v -0.027366767 -0.015651534 0.013752630
v -0.038651883 -0.015639400 0.010588614
v -0.027430336 -0.015627014 0.013734378
v 0.097579711 -0.015622296 0.001861497
v 0.097579711 -0.015622296 0.018048285
v -0.038639595 -0.015620839 0.006552016
v -0.027489978 -0.015604007 0.013704578
v -0.038619990 -0.015591212 0.010629084
v -0.027543896 -0.015583204 0.013664109
v -0.038609716 -0.015575689 0.006518833
v -0.027590429 -0.015565254 0.013614229
v -0.027628176 -0.015550694 0.013556458
v -0.027655987 -0.015539968 0.013492524
v -0.038584720 -0.015537899 0.010658895
v -0.027673023 -0.015533392 0.013424379
v -0.027678760 -0.015531181 0.010683286
v -0.027678760 -0.015531181 0.013354123
v -0.038577347 -0.015526760 0.006494529
v -0.038547122 -0.015481073 0.010677148
v -0.038543275 -0.015475269 0.006479709
v -0.038508338 -0.015422474 0.006474720
v -0.038508338 -0.015422474 0.010683286
v 0.097578340 -0.015361461 0.001861497
v 0.097578340 -0.015361461 0.018048285
v -0.027128705 -0.015323900 0.013758780
v 0.097998237 -0.015323425 0.001898373
v 0.097998237 -0.015323425 0.018011397
v -0.027188933 -0.015287704 0.013752630
v 0.098405402 -0.015286549 0.002007913
v 0.098405402 -0.015286549 0.017901869
v -0.027247334 -0.015252613 0.013734378
v 0.098787398 -0.015251939 0.002186772
v 0.098787398 -0.015251939 0.017722985
v 0.099132691 -0.015220670 0.002429539
v 0.099132691 -0.015220670 0.017480243
v -0.027302135 -0.015219682 0.013704578
v 0.099430711 -0.015193668 0.002728806
v 0.099430711 -0.015193668 0.017180976
v -0.027351663 -0.015189920 0.013664109
v 0.099672490 -0.015171766 0.003075495
v 0.099672490 -0.015171766 0.016834287
v -0.027394417 -0.015164233 0.013614229
v 0.099850620 -0.015155625 0.003459084
v 0.099850620 -0.015155625 0.016450698
v 0.099959716 -0.015145752 0.003867879
v 0.099959716 -0.015145752 0.016041891
v -0.027429095 -0.015143393 0.013556458
v 0.099996468 -0.015142424 0.004289505
v 0.099996468 -0.015142424 0.015620265
v -0.027454652 -0.015128043 0.013492524
v -0.027470299 -0.015118632 0.013424379
v -0.027475566 -0.015115465 0.010683286
v -0.027475566 -0.015115465 0.013354123
v 0.097532820 -0.015104634 0.001861497
v 0.097532820 -0.015104634 0.018048285
v -0.026898052 -0.015005918 0.013758780
v 0.097940219 -0.014996044 0.001898373
v 0.097940219 -0.014996044 0.018011397
v -0.026951161 -0.014959897 0.013752630
v 0.033648259 -0.014928721 0.001861497
v 0.033648259 -0.014928721 0.018048285
v -0.027002653 -0.014915285 0.013734378
v 0.098335231 -0.014890752 0.002007913
v 0.098335231 -0.014890752 0.017901869
v -0.027050970 -0.014873413 0.013704578
v 0.097444471 -0.014859218 0.001861497
v 0.097444471 -0.014859218 0.018048285
v -0.027094632 -0.014835574 0.013664109
v 0.029188442 -0.014830462 0.001861497
v 0.029188244 -0.014830449 0.018048285
v -0.027132329 -0.014802910 0.013614229
v 0.098705891 -0.014791956 0.002186772
v 0.098705891 -0.014791956 0.017722985
v -0.027162907 -0.014776414 0.013556458
v -0.027185438 -0.014756895 0.013492524
v -0.027199233 -0.014744941 0.013424379
v -0.027203876 -0.014740915 0.010683286
v -0.027203876 -0.014740915 0.013354123
v -0.026616130 -0.014732363 0.013758780
v 0.099040860 -0.014702662 0.002429539
v 0.099040860 -0.014702662 0.017480243
v 0.097827591 -0.014683212 0.001898373
v 0.097827591 -0.014683212 0.018011397
v -0.026660527 -0.014677889 0.013752630
v 0.097315838 -0.014632307 0.001861497
v 0.097315838 -0.014632307 0.018048285
v 0.099330037 -0.014625589 0.002728806
v 0.099330037 -0.014625589 0.017180976
v -0.026703577 -0.014625083 0.013734378
v -0.026743967 -0.014575524 0.013704578
v 0.099564604 -0.014563063 0.003075495
v 0.099564604 -0.014563063 0.016834287
v 0.033643084 -0.014548929 0.018018387
v -0.026780472 -0.014530732 0.013664109
v 0.099737424 -0.014516993 0.003459084
v 0.099737424 -0.014516993 0.016450698
v 0.098199065 -0.014512547 0.002007913
v 0.098199065 -0.014512547 0.017901869
v -0.026291343 -0.014511386 0.013758780
v 0.033642516 -0.014507138 0.001898373
v 0.033642516 -0.014507138 0.018011397
v -0.026811988 -0.014492072 0.013614229
v 0.099843284 -0.014488781 0.003867879
v 0.099843284 -0.014488781 0.016041891
v 0.099878925 -0.014479278 0.004289505
v 0.099878925 -0.014479278 0.015620265
v -0.026837545 -0.014460710 0.013556458
v 0.029210140 -0.014451257 0.018018387
v -0.026325712 -0.014450096 0.013752630
v -0.026856385 -0.014437604 0.013492524
v 0.097150638 -0.014430460 0.001861497
v 0.097150638 -0.014430460 0.018048285
v -0.026867919 -0.014423452 0.013424379
v -0.026871803 -0.014418691 0.010683286
v -0.026871803 -0.014418691 0.013354123
v 0.024746951 -0.014414869 0.001861497
v 0.024746556 -0.014414819 0.018048285
v 0.029212746 -0.014409540 0.001898373
v 0.097663614 -0.014393967 0.001898373
v 0.097663614 -0.014393967 0.018011397
v -0.026359025 -0.014390663 0.013734378
v 0.098547619 -0.014352417 0.002186772
v 0.098547619 -0.014352417 0.017722985
v -0.026390294 -0.014334893 0.013704578
v -0.026418550 -0.014284494 0.013664109
v 0.096953650 -0.014259493 0.001861497
v 0.096953650 -0.014259493 0.018048285
v -0.026442940 -0.014240987 0.013614229
v 0.098862656 -0.014207693 0.002429539
v 0.098862656 -0.014207693 0.017480243
v -0.026462724 -0.014205698 0.013556458
v -0.026477303 -0.014179696 0.013492524
v 0.033638046 -0.014178492 0.017929445
v -0.026486232 -0.014163771 0.013424379
v 0.089895834 -0.014163265 0.001861497
v 0.089895834 -0.014163265 0.018048285
v 0.098000855 -0.014162864 0.002007913
v 0.098000855 -0.014162864 0.017901869
v -0.040976118 -0.014158405 0.006879402
v -0.040976118 -0.014158405 0.010278628
v -0.026489239 -0.014158405 0.010683286
v -0.026489239 -0.014158405 0.013354123
v -0.040973086 -0.014154454 0.006816099
v -0.040972369 -0.014153527 0.010348897
v -0.040964052 -0.014142697 0.006754351
v -0.040961249 -0.014139054 0.010417029
v 0.097453029 -0.014136664 0.001898373
v 0.097453029 -0.014136664 0.018011397
v 0.096730531 -0.014124364 0.001861497
v 0.096730531 -0.014124364 0.018048285
v -0.040949251 -0.014123425 0.006695678
v -0.040943089 -0.014115404 0.010480963
v 0.033636959 -0.014098368 0.002007913
v 0.033636959 -0.014098368 0.017901869
v -0.040929041 -0.014097115 0.006641538
v -0.040918445 -0.014083320 0.010538734
v 0.099134618 -0.014082752 0.002728806
v 0.099134618 -0.014082752 0.017180976
v 0.029231480 -0.014081400 0.017929445
v -0.040903916 -0.014064407 0.006593251
v -0.040888065 -0.014043765 0.010588614
v 0.024795386 -0.014038146 0.018018387
v 0.096487788 -0.014028958 0.001861497
v 0.096487788 -0.014028958 0.018048285
v -0.040874505 -0.014026117 0.006552016
v 0.029236296 -0.014001418 0.002007913
v -0.040852869 -0.013997942 0.010629084
v 0.024801153 -0.013996744 0.001898373
v -0.040841526 -0.013983172 0.006518833
v 0.099355205 -0.013981412 0.003075495
v 0.099355205 -0.013981412 0.016834287
v 0.096232375 -0.013976040 0.001861497
v 0.096232375 -0.013976040 0.018048285
v 0.095971688 -0.013967136 0.001861497
v 0.095971688 -0.013967136 0.018048285
v -0.040813925 -0.013947241 0.010658895
v 0.098317251 -0.013946024 0.002186772
v 0.098317251 -0.013946024 0.017722985
v -0.040805793 -0.013936645 0.006494529
v 0.097201938 -0.013918738 0.001898373
v 0.097201938 -0.013918738 0.018011397
v 0.099517750 -0.013906746 0.003459084
v 0.099517750 -0.013906746 0.016450698
v -0.040772418 -0.013893205 0.010677148
v -0.040768176 -0.013887679 0.006479709
v 0.099617287 -0.013861016 0.003867879
v 0.099617287 -0.013861016 0.016041891
v 0.097746257 -0.013851797 0.002007913
v 0.097746257 -0.013851797 0.017901869
v 0.099650804 -0.013845616 0.004289505
v 0.099650804 -0.013845616 0.015620265
v -0.040729621 -0.013837478 0.006474720
v -0.040729621 -0.013837478 0.010683286
v 0.033633254 -0.013826524 0.017783659
v 0.020415779 -0.013802220 0.001861497
v 0.020415779 -0.013795372 0.018048285
v 0.020416113 -0.013776749 0.018048285
v 0.098603217 -0.013750043 0.002429539
v 0.098603217 -0.013750043 0.017480243
v 0.096917540 -0.013746480 0.001898373
v 0.096917540 -0.013746480 0.018011397
v 0.089890091 -0.013741688 0.001898373
v 0.089890091 -0.013741688 0.018011397
v 0.029251783 -0.013729987 0.017783659
v 0.020422201 -0.013719595 0.001861497
v 0.033631735 -0.013714822 0.002186772
v 0.033631735 -0.013714822 0.017722985
v 0.019904730 -0.013701472 0.001975310
v 0.020425659 -0.013700083 0.001861497
v 0.020425029 -0.013699953 0.018048285
v 0.019922378 -0.013697878 0.017946117
v 0.024843031 -0.013670747 0.017929445
v 0.020435082 -0.013649308 0.018047729
v 0.096608098 -0.013624868 0.001898373
v 0.096608098 -0.013624868 0.018011397
v 0.029258402 -0.013618471 0.002186772
v 0.019388371 -0.013595180 0.002090309
v 0.019423839 -0.013595180 0.017842875
v 0.024853713 -0.013591320 0.002007913
v 0.097442680 -0.013588332 0.002007913
v 0.097442680 -0.013588332 0.017901869
v 0.098021380 -0.013584510 0.002186772
v 0.098021380 -0.013584510 0.017722985
v 0.098850109 -0.013580860 0.002728806
v 0.098850109 -0.013580860 0.017180976
v 0.096282527 -0.013557409 0.001898373
v 0.096282527 -0.013557409 0.018011397
v 0.095950225 -0.013546059 0.001898373
v 0.095950225 -0.013546059 0.018011397
v 0.033628845 -0.013501700 0.017584572
v 0.099050344 -0.013443632 0.003075495
v 0.099050344 -0.013443632 0.016834287
v 0.020483319 -0.013417377 0.001878687
v 0.020483887 -0.013411326 0.018030353
v 0.029270504 -0.013405670 0.017584572
v 0.097098856 -0.013380081 0.002007913
v 0.097098856 -0.013380081 0.017901869
v 0.033627018 -0.013368164 0.002429539
v 0.033627018 -0.013368164 0.017480243
v 0.098270026 -0.013342934 0.002429539
v 0.098270026 -0.013342934 0.017480243
v 0.099197897 -0.013342514 0.003459084
v 0.099197897 -0.013342514 0.016450698
v 0.089884534 -0.013332912 0.002007913
v 0.089884534 -0.013332912 0.017901869
v 0.020501596 -0.013327917 0.018018387
v 0.020503054 -0.013324780 0.001891914
v 0.024888304 -0.013321674 0.017783659
v 0.019985052 -0.013318679 0.001989735
v 0.020002675 -0.013315820 0.017930631
v 0.020511167 -0.013287213 0.001898373
v 0.099288246 -0.013280593 0.003867879
v 0.099288246 -0.013280593 0.016041891
v 0.020511846 -0.013280291 0.018010162
v 0.097668578 -0.013278315 0.002186772
v 0.097668578 -0.013278315 0.017722985
v 0.029278383 -0.013272356 0.002429539
v 0.099318651 -0.013259741 0.004289505
v 0.099318651 -0.013259741 0.015620265
v 0.096724752 -0.013233054 0.002007913
v 0.096724752 -0.013233054 0.017901869
v 0.019507198 -0.013213362 0.017827957
v 0.019471879 -0.013212603 0.002104104
v 0.033624894 -0.013212010 0.017337136
v 0.024903037 -0.013210936 0.002186772
v 0.096331147 -0.013151504 0.002007913
v 0.096331147 -0.013151504 0.017901869
v 0.095929404 -0.013137777 0.002007913
v 0.095929404 -0.013137777 0.017901869
v 0.098484710 -0.013134387 0.002728806
v 0.098484710 -0.013134387 0.017180976
v 0.029287201 -0.013116431 0.017337136
v 0.033622942 -0.013068928 0.002728806
v 0.033622942 -0.013068928 0.017180976
v 0.020565715 -0.013043050 0.001956255
v 0.020565740 -0.013037727 0.017951995
v 0.097268996 -0.013036295 0.002186772
v 0.097268996 -0.013036295 0.017722985
v 0.024930070 -0.012999512 0.017584572
v 0.097872716 -0.012998122 0.002429539
v 0.097872716 -0.012998122 0.017480243
v 0.029295636 -0.012973584 0.002728806
v 0.020582177 -0.012966236 0.017929445
v 0.020583696 -0.012965501 0.001980658
v 0.098658790 -0.012965235 0.003075495
v 0.098658790 -0.012965235 0.016834287
v 0.033621534 -0.012964593 0.017047416
v 0.089879310 -0.012949379 0.002186772
v 0.089879310 -0.012949379 0.017722985
v 0.020077019 -0.012945840 0.002065376
v 0.020093629 -0.012943661 0.017853989
v 0.020594873 -0.012918054 0.001997083
v 0.020593576 -0.012917307 0.017912526
v 0.015189228 -0.012901580 0.003025565
v 0.020604295 -0.012871805 0.017895669
v 0.029301452 -0.012869403 0.017047416
v 0.024947619 -0.012867112 0.002429539
v 0.096834206 -0.012865426 0.002186772
v 0.096834206 -0.012865426 0.017722985
v 0.019601178 -0.012841437 0.017751760
v 0.098787101 -0.012840591 0.003459084
v 0.098787101 -0.012840591 0.016450698
v 0.019566958 -0.012839992 0.002179263
v 0.033619633 -0.012826192 0.003075495
v 0.033619633 -0.012826192 0.016834287
v 0.096376766 -0.012770643 0.002186772
v 0.096376766 -0.012770643 0.017722985
v 0.033618818 -0.012765543 0.016722573
v 0.098865645 -0.012764265 0.003867879
v 0.098865645 -0.012764265 0.016041891
v 0.098048969 -0.012756244 0.002728806
v 0.098048969 -0.012756244 0.017180976
v 0.095909891 -0.012754700 0.002186772
v 0.095909891 -0.012754700 0.017722985
v 0.098892122 -0.012738566 0.004289505
v 0.098892122 -0.012738566 0.015620265
v 0.013605263 -0.012733329 0.016637868
v 0.029309616 -0.012731230 0.003075495
v 0.097422760 -0.012725561 0.002429539
v 0.097422760 -0.012725561 0.017480243
v 0.024967317 -0.012712199 0.017337136
v 0.020651137 -0.012687080 0.002094360
v 0.020650149 -0.012682462 0.017813372
v 0.029312938 -0.012670668 0.016722573
v 0.033617212 -0.012647346 0.003459084
v 0.033617212 -0.012647346 0.016450698
v 0.020664796 -0.012623789 0.017783646
v 0.033616829 -0.012619751 0.016370574
v 0.089874593 -0.012602708 0.002429539
v 0.089874593 -0.012602708 0.017480243
v 0.020178211 -0.012592625 0.002200257
v 0.020192907 -0.012591019 0.017718169
v 0.020679566 -0.012575465 0.002152502
v 0.024986100 -0.012570328 0.002728806
v 0.098191903 -0.012560053 0.003075495
v 0.098191903 -0.012560053 0.016834287
v 0.029319927 -0.012552662 0.003459084
v 0.009325984 -0.012548858 0.004331444
v -0.000175883 -0.012548858 0.006447736
v -0.000175883 -0.012548858 0.013783887
v 0.009361464 -0.012548858 0.015759000
v 0.033615718 -0.012537811 0.003867879
v 0.033615718 -0.012537811 0.016041891
v 0.020686728 -0.012537453 0.017735952
v 0.096933150 -0.012533143 0.002429539
v 0.096933150 -0.012533143 0.017480243
v 0.033615619 -0.012530815 0.016000100
v 0.029321335 -0.012525104 0.016370574
v 0.015240046 -0.012518157 0.003045893
v 0.020695089 -0.012515934 0.002186784
v 0.033615212 -0.012500923 0.004289505
v 0.033615212 -0.012500923 0.015620265
v 0.019703322 -0.012489080 0.017616224
v 0.019671139 -0.012487042 0.002313824
v 0.024999129 -0.012466814 0.017047416
v 0.097555493 -0.012457348 0.002728806
v 0.097555493 -0.012457348 0.017180976
v 0.029326238 -0.012443313 0.003867879
v 0.029326460 -0.012436317 0.016000100
v 0.096418013 -0.012426412 0.002429539
v 0.096418013 -0.012426412 0.017480243
v 0.098297244 -0.012415489 0.003459084
v 0.098297244 -0.012415489 0.016450698
v 0.095892231 -0.012408456 0.002429539
v 0.095892231 -0.012408456 0.017480243
v 0.029328374 -0.012406480 0.004289505
v 0.029328177 -0.012406468 0.015620265
v 0.020737411 -0.012358681 0.002289396
v 0.020734929 -0.012354717 0.017618027
v 0.013643423 -0.012350666 0.016614564
v 0.025017308 -0.012329598 0.003075495
v 0.098361758 -0.012326955 0.003867879
v 0.098361758 -0.012326955 0.016041891
v 0.020747389 -0.012309030 0.017584572
v 0.089870517 -0.012303472 0.002728806
v 0.089870517 -0.012303472 0.017180976
v 0.098383469 -0.012297143 0.004289505
v 0.098383469 -0.012297143 0.015620265
v 0.025024742 -0.012269394 0.016722573
v 0.020286023 -0.012268233 0.002390873
v 0.020297928 -0.012267054 0.017526689
v 0.020763123 -0.012266788 0.002358344
v 0.097018535 -0.012246319 0.002728806
v 0.097018535 -0.012246319 0.017180976
v -0.000200112 -0.012240496 0.013758780
v 0.097663169 -0.012239773 0.003075495
v 0.097663169 -0.012239773 0.016834287
v -0.000200866 -0.012230869 0.006474720
v 0.020773682 -0.012229881 0.002388119
v 0.020769890 -0.012228196 0.017520947
v 0.026980083 -0.012224744 0.004289505
v 0.026980083 -0.012224744 0.015620265
v 0.020780017 -0.012192462 0.017490913
v 0.020787896 -0.012180953 0.002429564
v 0.009332492 -0.012169029 0.004360626
v 0.009367515 -0.012169029 0.015729731
v 0.019810997 -0.012165423 0.017424892
v 0.019781692 -0.012162947 0.002504266
v 0.025040302 -0.012152215 0.003459084
v 0.015303017 -0.012144497 0.003126004
v 0.096453592 -0.012129276 0.002728806
v 0.096453592 -0.012129276 0.017180976
v 0.009334011 -0.012127238 0.004367455
v -0.000127374 -0.012127238 0.006474720
v -0.000115160 -0.012127238 0.013758780
v 0.009368935 -0.012127238 0.015722877
v 0.025043476 -0.012124805 0.016370574
v 0.095876992 -0.012109572 0.002728806
v 0.095876992 -0.012109572 0.017180976
v 0.097742503 -0.012079458 0.003459084
v 0.097742503 -0.012079458 0.016450698
v 0.020822265 -0.012066386 0.002536375
v 0.020817893 -0.012062959 0.017371011
v 0.089867208 -0.012060742 0.003075495
v 0.089867208 -0.012060742 0.016834287
v 0.025054393 -0.012043576 0.003867879
v 0.025054924 -0.012036592 0.016000100
v 0.020827946 -0.012029708 0.017337111
v -0.000032319 -0.012023341 0.006474720
v -0.000013251 -0.012023341 0.013758780
v 0.097087804 -0.012013659 0.003075495
v 0.097087804 -0.012013659 0.016834287
v 0.025059136 -0.012006997 0.004289505
v 0.025058765 -0.012006954 0.015620265
v 0.097791086 -0.011981285 0.003867879
v 0.097791086 -0.011981285 0.016041891
v 0.020397638 -0.011981081 0.002632282
v 0.020405974 -0.011980130 0.017284502
v 0.013693019 -0.011977648 0.016531983
v 0.020856349 -0.011958074 0.002651991
v 0.097807436 -0.011948231 0.004289505
v 0.097807436 -0.011948231 0.015620265
v 0.020859091 -0.011929645 0.017226114
v 0.000083507 -0.011920433 0.006474720
v 0.000110911 -0.011920433 0.013758780
v 0.020877504 -0.011893696 0.002728830
v 0.096482453 -0.011888244 0.003075495
v 0.096482453 -0.011888244 0.016834287
v 0.089864775 -0.011881890 0.003459084
v 0.089864775 -0.011881890 0.016450698
v 0.019921390 -0.011878858 0.017182693
v 0.019895752 -0.011876160 0.002745663
v 0.095864643 -0.011867138 0.003075495
v 0.095864643 -0.011867138 0.016834287
v 0.097138844 -0.011842235 0.003459084
v 0.097138844 -0.011842235 0.016450698
v 0.020903500 -0.011817752 0.002828899
v 0.020896918 -0.011814727 0.017078660
v 0.009351819 -0.011798555 0.004447443
v 0.009385558 -0.011798555 0.015642630
v 0.020904476 -0.011792677 0.017047391
v 0.015376521 -0.011790096 0.003263862
v 0.089863293 -0.011772355 0.003867879
v 0.089863293 -0.011772355 0.016041891
v 0.020510167 -0.011738635 0.002918186
v 0.020514242 -0.011737684 0.016997882
v 0.097170101 -0.011737239 0.003867879
v 0.097170101 -0.011737239 0.016041891
v 0.089862787 -0.011735480 0.004289505
v 0.089862787 -0.011735480 0.015620265
v 0.020933534 -0.011734634 0.002952814
v 0.009357833 -0.011718425 0.004474377
v 0.000376500 -0.011718425 0.006474720
v 0.000425009 -0.011718425 0.013758780
v 0.009391152 -0.011718425 0.015615621
v 0.020942451 -0.011710997 0.002991406
v 0.096503732 -0.011710645 0.003459084
v 0.096503732 -0.011710645 0.016450698
v 0.020934497 -0.011708465 0.016916918
v 0.097180623 -0.011701889 0.004289505
v 0.097180623 -0.011701889 0.015620265
v 0.095855529 -0.011688502 0.003459084
v 0.095855529 -0.011688502 0.016450698
v 0.020943364 -0.011684606 0.016876239
v 0.020961210 -0.011662877 0.003075519
v 0.020031671 -0.011636825 0.016895961
v 0.020010344 -0.011634139 0.003031715
v 0.013752790 -0.011623654 0.016392198
v 0.020979030 -0.011619277 0.003159385
v 0.020969928 -0.011616467 0.016748532
v 0.020975090 -0.011603796 0.016722536
v 0.096516785 -0.011601876 0.003867879
v 0.096516785 -0.011601876 0.016041891
v 0.095849959 -0.011579110 0.003867879
v 0.095849959 -0.011579110 0.016041891
v 0.096521169 -0.011565247 0.004289505
v 0.096521169 -0.011565247 0.015620265
v 0.020620683 -0.011547198 0.003241188
v 0.020619954 -0.011546001 0.016674249
v 0.095848069 -0.011542265 0.004289505
v 0.095848069 -0.011542265 0.015620265
v 0.021013794 -0.011541024 0.003334959
v 0.021010200 -0.011523364 0.016534971
v 0.021036443 -0.011495485 0.003459109
v -0.099341660 -0.011489897 0.006879402
v -0.099341660 -0.011489897 0.013354123
v -0.099225926 -0.011485895 0.006879402
v -0.099225926 -0.011485895 0.013354123
v -0.099341358 -0.011483759 0.006809121
v -0.099341358 -0.011483759 0.013424379
v -0.099226653 -0.011479795 0.006809121
v -0.099226653 -0.011479795 0.013424379
v 0.021046878 -0.011476127 0.003519300
v -0.099456442 -0.011474558 0.006879402
v -0.099456442 -0.011474558 0.013354123
v 0.021035035 -0.011473317 0.016389148
v -0.099455120 -0.011468550 0.006809121
v -0.099455120 -0.011468550 0.013424379
v 0.021038048 -0.011467673 0.016370549
v -0.099340461 -0.011465525 0.006740989
v -0.099340461 -0.011465525 0.013492524
v 0.015458683 -0.011463981 0.003455972
v -0.099112479 -0.011462666 0.006879402
v -0.099112479 -0.011462666 0.013354123
v -0.099228807 -0.011461665 0.006740989
v -0.099228807 -0.011461665 0.013492524
v -0.099114212 -0.011456769 0.006809121
v -0.099114212 -0.011456769 0.013424379
v -0.099451197 -0.011450730 0.006740989
v -0.099451197 -0.011450730 0.013492524
v 0.009383532 -0.011446556 0.004589759
v 0.009415123 -0.011446556 0.015499869
v 0.020138940 -0.011445611 0.016572094
v 0.020122490 -0.011443191 0.003354977
v -0.099567061 -0.011440307 0.006879402
v -0.099567061 -0.011440307 0.013354123
v -0.099119358 -0.011439257 0.006740989
v -0.099119358 -0.011439257 0.013492524
v -0.099338996 -0.011435750 0.006677055
v -0.099338996 -0.011435750 0.013556458
v -0.099564758 -0.011434601 0.006809121
v -0.099564758 -0.011434601 0.013424379
v -0.099232324 -0.011432057 0.006677055
v -0.099232324 -0.011432057 0.013556458
v 0.021075826 -0.011428742 0.003697492
v -0.099444791 -0.011421616 0.006677055
v -0.099444791 -0.011421616 0.013556458
v -0.099004490 -0.011420856 0.006879402
v -0.099004490 -0.011420856 0.013354123
v 0.021082717 -0.011419010 0.003742592
v -0.099557917 -0.011417683 0.006740989
v -0.099557917 -0.011417683 0.013492524
v 0.021069317 -0.011415923 0.016165362
v -0.099007181 -0.011415330 0.006809121
v -0.099007181 -0.011415330 0.013424379
v 0.020726296 -0.011411724 0.003592879
v -0.099127759 -0.011410649 0.006677055
v -0.099127759 -0.011410649 0.013556458
v 0.020720332 -0.011410038 0.016321966
v 0.001026037 -0.011402548 0.006474720
v 0.001125624 -0.011400918 0.013758780
v -0.099015174 -0.011398917 0.006740989
v -0.099015174 -0.011398917 0.013492524
v 0.021100920 -0.011396602 0.003867891
v -0.099337008 -0.011395348 0.006619272
v -0.099337008 -0.011395348 0.013614229
v 0.021105279 -0.011392045 0.003899284
v -0.099237099 -0.011391884 0.006619272
v -0.099237099 -0.011391884 0.013614229
v 0.021088953 -0.011390767 0.016022107
v -0.099546749 -0.011390038 0.006677055
v -0.099546749 -0.011390038 0.013556458
v -0.099670425 -0.011388087 0.006879402
v -0.099670425 -0.011388087 0.013354123
v 0.021091831 -0.011387679 0.016000100
v -0.099667204 -0.011382851 0.006809121
v -0.099667204 -0.011382851 0.013424379
v -0.099436096 -0.011382091 0.006619272
v -0.099436096 -0.011382091 0.013614229
v -0.099028226 -0.011372107 0.006677055
v -0.099028226 -0.011372107 0.013556458
v -0.099139162 -0.011371829 0.006619272
v -0.099139162 -0.011371829 0.013614229
v 0.021133918 -0.011371384 0.004122613
v 0.021152702 -0.011369235 0.004289505
v 0.021150701 -0.011368920 0.004270746
v -0.002681581 -0.011368105 0.013758780
v -0.099657639 -0.011367309 0.006740989
v -0.099657639 -0.011367309 0.013492524
v 0.021135079 -0.011365765 0.015620265
v 0.021133152 -0.011365462 0.015639691
v -0.002778501 -0.011364715 0.006474720
v -0.098904979 -0.011361628 0.006879402
v -0.098904979 -0.011361628 0.013354123
v -0.098908554 -0.011356620 0.006809121
v -0.098908554 -0.011356620 0.013424379
v -0.099531591 -0.011352520 0.006619272
v -0.099531591 -0.011352520 0.013614229
v -0.099334557 -0.011345524 0.006569392
v -0.099334557 -0.011345524 0.013664109
v -0.099242984 -0.011342356 0.006569392
v -0.099242984 -0.011342356 0.013664109
v -0.099642019 -0.011341906 0.006677055
v -0.099642019 -0.011341906 0.013556458
v -0.098919171 -0.011341776 0.006740989
v -0.098919171 -0.011341776 0.013492524
v 0.020824290 -0.011335768 0.003964119
v -0.099045938 -0.011335731 0.006619272
v -0.099045938 -0.011335731 0.013614229
v 0.009396709 -0.011334842 0.004648951
v 0.001175516 -0.011334842 0.006480018
v 0.001283031 -0.011334842 0.013753816
v 0.009427423 -0.011334842 0.015440468
v -0.099425377 -0.011333385 0.006569392
v -0.099425377 -0.011333385 0.013664109
v 0.020812805 -0.011333323 0.015950195
v 0.001184988 -0.011329933 0.006480808
v -0.099153220 -0.011323974 0.006569392
v -0.099153220 -0.011323974 0.013664109
v 0.020912083 -0.011321276 0.004345263
v -0.099763641 -0.011319380 0.006879402
v -0.099763641 -0.011319380 0.013354123
v 0.020894967 -0.011317824 0.015568533
v -0.098936506 -0.011317522 0.006677055
v -0.098936506 -0.011317522 0.013556458
v -0.099759593 -0.011314761 0.006809121
v -0.099759593 -0.011314761 0.013424379
v 0.020240428 -0.011310167 0.016219502
v 0.020229252 -0.011308284 0.003707013
v -0.099620822 -0.011307450 0.006619272
v -0.099620822 -0.011307450 0.013614229
v -0.099512904 -0.011306283 0.006569392
v -0.099512904 -0.011306283 0.013664109
v -0.002679420 -0.011304839 0.013753803
v -0.099747570 -0.011301023 0.006740989
v -0.099747570 -0.011301023 0.013492524
v 0.013821256 -0.011297589 0.016198755
v -0.002776006 -0.011294490 0.006480870
v 0.001247551 -0.011294465 0.006488391
v -0.099067774 -0.011290896 0.006569392
v -0.099067774 -0.011290896 0.013664109
v -0.099331718 -0.011287808 0.006528947
v -0.099331718 -0.011287808 0.013704578
v -0.098816730 -0.011286648 0.006879402
v -0.098816730 -0.011286648 0.013354123
v -0.099249803 -0.011284974 0.006528947
v -0.099249803 -0.011284974 0.013704578
v -0.098960033 -0.011284598 0.006619272
v -0.098960033 -0.011284598 0.013614229
v -0.098821088 -0.011282307 0.006809121
v -0.098821088 -0.011282307 0.013424379
v -0.099727939 -0.011278583 0.006677055
v -0.099727939 -0.011278583 0.013556458
v -0.099412960 -0.011276953 0.006528947
v -0.099412960 -0.011276953 0.013704578
v -0.098830771 -0.011272674 0.006754351
v 0.001398253 -0.011272236 0.013739478
v 0.001281833 -0.011271816 0.006494924
v -0.098834031 -0.011269439 0.006740989
v -0.098834031 -0.011269439 0.013492524
v -0.099169505 -0.011268537 0.006528947
v -0.099169505 -0.011268537 0.013704578
v -0.099594689 -0.011264968 0.006569392
v -0.099594689 -0.011264968 0.013664109
v -0.098847999 -0.011255533 0.006695678
v -0.099491255 -0.011252711 0.006528947
v -0.099491255 -0.011252711 0.013704578
v -0.098855166 -0.011248407 0.006677055
v -0.098855166 -0.011248407 0.013556458
v -0.099701294 -0.011248142 0.006619272
v -0.099701294 -0.011248142 0.013614229
v 0.001433486 -0.011247487 0.013730944
v 0.001313967 -0.011246901 0.006503779
v -0.098989037 -0.011244029 0.006569392
v -0.098989037 -0.011244029 0.013664109
v -0.002677296 -0.011243122 0.013738984
v -0.099093071 -0.011238941 0.006528947
v -0.099093071 -0.011238941 0.013704578
v -0.099844105 -0.011236107 0.006879402
v -0.099844105 -0.011236107 0.013354123
v 0.020333519 -0.011234008 0.015847361
v 0.001328786 -0.011233328 0.006509373
v 0.020327875 -0.011232933 0.004078673
v -0.099839342 -0.011232223 0.006809121
v -0.099839342 -0.011232223 0.013424379
v -0.098871521 -0.011232137 0.006641538
v -0.002773573 -0.011226394 0.006499135
v -0.099328577 -0.011223961 0.006499135
v -0.099328577 -0.011223961 0.013734378
v -0.099257347 -0.011221498 0.006499135
v -0.099257347 -0.011221498 0.013734378
v -0.099825198 -0.011220670 0.006740989
v -0.099825198 -0.011220670 0.013492524
v -0.098883850 -0.011219874 0.006619272
v -0.098883850 -0.011219874 0.013614229
v 0.001465409 -0.011219231 0.013718953
v 0.020415779 -0.011219114 0.004460262
v 0.020415779 -0.011219114 0.015465290
v 0.001342210 -0.011218966 0.006515931
v -0.099564415 -0.011215749 0.006528947
v -0.099564415 -0.011215749 0.013704578
v -0.099399221 -0.011214520 0.006499135
v -0.099399221 -0.011214520 0.013734378
v 0.001473177 -0.011210636 0.013714779
v -0.099668446 -0.011210599 0.006569392
v -0.099668446 -0.011210599 0.013664109
v -0.099187523 -0.011207197 0.006499135
v -0.099187523 -0.011207197 0.013734378
v 0.001353745 -0.011203739 0.006523661
v 0.001478858 -0.011203504 0.013711136
v -0.098900758 -0.011203060 0.006593251
v -0.099802102 -0.011201831 0.006677055
v -0.099802102 -0.011201831 0.013556458
v -0.099022637 -0.011197021 0.006528947
v -0.099022637 -0.011197021 0.013704578
v 0.001358598 -0.011195693 0.006528095
v 0.001484625 -0.011195125 0.013706603
v 0.001359401 -0.011194217 0.006528922
v -0.099467304 -0.011193439 0.006499135
v -0.099467304 -0.011193439 0.013734378
v 0.001362698 -0.011187320 0.006532961
v 0.001489503 -0.011186443 0.013701627
v -0.098919211 -0.011184696 0.006569392
v -0.098919211 -0.011184696 0.013664109
v -0.002675295 -0.011184486 0.013714680
v -0.099121059 -0.011181460 0.006499135
v -0.099121059 -0.011181460 0.013734378
v 0.001365798 -0.011178818 0.006538197
v 0.001493258 -0.011177527 0.013696205
v -0.099770755 -0.011176236 0.006619272
v -0.099770755 -0.011176236 0.013614229
v 0.015547427 -0.011174440 0.003697442
v 0.001367774 -0.011170210 0.006543816
v -0.098934991 -0.011169006 0.006552016
v 0.001495703 -0.011168376 0.013690290
v -0.099630394 -0.011167123 0.006528947
v -0.099630394 -0.011167123 0.013704578
v -0.002771313 -0.011162516 0.006528947
v 0.001368490 -0.011161571 0.006549781
v -0.099530921 -0.011161294 0.006499135
v -0.099530921 -0.011161294 0.013734378
v 0.001496629 -0.011159256 0.013684016
v -0.099325229 -0.011155903 0.006480870
v -0.099325229 -0.011155903 0.013752630
v -0.099265386 -0.011153828 0.006480870
v -0.099265386 -0.011153828 0.013752630
v 0.001367873 -0.011153180 0.006555931
v 0.001495913 -0.011150309 0.013677458
v -0.099384579 -0.011147968 0.006480870
v -0.099384579 -0.011147968 0.013752630
v 0.001365946 -0.011145054 0.006562241
v -0.099059813 -0.011145017 0.006499135
v -0.099059813 -0.011145017 0.013734378
v -0.099732112 -0.011144714 0.006569392
v -0.099732112 -0.011144714 0.013664109
v -0.098960176 -0.011143942 0.006528947
v -0.098960176 -0.011143942 0.013704578
v -0.099206726 -0.011141818 0.006480870
v -0.099206726 -0.011141818 0.013752630
v 0.001493616 -0.011141689 0.013670753
v -0.099909564 -0.011140577 0.006879402
v -0.099909564 -0.011140577 0.013354123
v -0.099904220 -0.011137539 0.006809121
v -0.099904220 -0.011137539 0.013424379
v 0.001362797 -0.011137298 0.006568601
v 0.001489874 -0.011133618 0.013664096
v -0.098973376 -0.011130821 0.006518833
v -0.002673443 -0.011130389 0.013681509
v -0.099441777 -0.011130265 0.006480870
v -0.099441777 -0.011130265 0.013752630
v 0.001358598 -0.011130062 0.006574850
v -0.099888350 -0.011128518 0.006740989
v -0.099888350 -0.011128518 0.013492524
v 0.001484872 -0.011126091 0.013657514
v 0.001353498 -0.011123319 0.006580988
v 0.009426805 -0.011121701 0.004784067
v 0.009455493 -0.011121701 0.015304931
v -0.099150889 -0.011120207 0.006480870
v -0.099150889 -0.011120207 0.013752630
v 0.001478932 -0.011119231 0.013651203
v -0.099588293 -0.011119015 0.006499135
v -0.099588293 -0.011119015 0.013734378
v -0.099862435 -0.011113779 0.006677055
v -0.099862435 -0.011113779 0.013556458
v 0.001341161 -0.011111198 0.006592794
v -0.099687346 -0.011108172 0.006528947
v -0.099687346 -0.011108172 0.013704578
v 0.001464952 -0.011107184 0.013639286
v -0.002769263 -0.011104770 0.006569392
v -0.099495223 -0.011103263 0.006480870
v -0.099495223 -0.011103263 0.013752630
v 0.001326897 -0.011100830 0.006603810
v -0.099005499 -0.011098860 0.006499135
v -0.099005499 -0.011098860 0.013734378
v -0.006959292 -0.011097897 0.013758780
v 0.001448836 -0.011096860 0.013628122
v -0.099827265 -0.011093785 0.006619272
v -0.099827265 -0.011093785 0.013614229
v -0.007023664 -0.011091926 0.006474720
v -0.099099434 -0.011089574 0.006480870
v -0.099099434 -0.011089574 0.013752630
v -0.099014968 -0.011089444 0.006494529
v 0.001302371 -0.011087394 0.006619580
v -0.099321776 -0.011085714 0.006474720
v -0.099321776 -0.011085714 0.013758780
v -0.099273678 -0.011084053 0.006474720
v -0.099273678 -0.011084053 0.013758780
v 0.001294627 -0.011083868 0.006624026
v -0.002671788 -0.011082121 0.013640262
v 0.001413072 -0.011080231 0.013607931
v -0.099369478 -0.011079348 0.006474720
v -0.099369478 -0.011079348 0.013758780
v -0.099226532 -0.011074402 0.006474720
v -0.099226532 -0.011074402 0.013758780
v -0.099783906 -0.011069123 0.006569392
v -0.099783906 -0.011069123 0.013664109
v 0.001376937 -0.011067962 0.013590863
v -0.099637816 -0.011067758 0.006499135
v -0.099637816 -0.011067758 0.013734378
v -0.099543423 -0.011067733 0.006480870
v -0.099543423 -0.011067733 0.013752630
v -0.099415450 -0.011065103 0.006474720
v -0.099415450 -0.011065103 0.013758780
v 0.001223593 -0.011060015 0.006658593
v -0.099181653 -0.011057026 0.006474720
v -0.099181653 -0.011057026 0.013758780
v 0.001335072 -0.011056940 0.013573488
v -0.002767485 -0.011054915 0.006619272
v -0.099053803 -0.011050814 0.006480870
v -0.099053803 -0.011050814 0.013752630
v 0.001173281 -0.011048437 0.006679043
v -0.099458406 -0.011043411 0.006474720
v -0.099458406 -0.011043411 0.013758780
v -0.002670380 -0.011040910 0.013591975
v -0.099733677 -0.011040564 0.006528947
v -0.099733677 -0.011040564 0.013704578
v 0.001229237 -0.011037502 0.013535945
v -0.099958188 -0.011035476 0.006879402
v -0.099958188 -0.011035476 0.013354123
v -0.006953475 -0.011034859 0.013753803
v -0.099952413 -0.011033377 0.006809121
v -0.099952413 -0.011033377 0.013424379
v -0.099140297 -0.011032407 0.006474720
v -0.099140297 -0.011032407 0.013758780
v 0.001070990 -0.011031870 0.006715302
v 0.001169490 -0.011029783 0.013517273
v -0.099935260 -0.011027116 0.006740989
v -0.099935260 -0.011027116 0.013492524
v -0.099585028 -0.011024677 0.006480870
v -0.099585028 -0.011024677 0.013752630
v -0.007017156 -0.011021966 0.006480870
v 0.000968352 -0.011020916 0.006747188
v -0.099907253 -0.011016915 0.006677055
v -0.099907253 -0.011016915 0.013556458
v 0.001004635 -0.011015513 0.013471357
v -0.099497146 -0.011014853 0.006474720
v -0.099497146 -0.011014853 0.013758780
v -0.002766052 -0.011014488 0.006677055
v -0.099678104 -0.011008968 0.006499135
v -0.099678104 -0.011008968 0.013734378
v -0.002669244 -0.011007745 0.013537834
v 0.013896687 -0.011007690 0.015956481
v 0.000703282 -0.011006893 0.006817939
v -0.000297056 -0.011006819 0.007040811
v -0.000297056 -0.011006819 0.013194517
v 0.000745023 -0.011005479 0.013409202
v 0.000435457 -0.011004769 0.006879402
v 0.000483534 -0.011004368 0.013354123
v -0.099869241 -0.011003046 0.006619272
v -0.099869241 -0.011003046 0.013614229
v -0.099103622 -0.011001250 0.006474720
v -0.099103622 -0.011001250 0.013758780
v 0.009449479 -0.010988147 0.004885914
v -0.000297056 -0.010988147 0.007056693
v -0.000297056 -0.010988147 0.013178685
v 0.009476660 -0.010988147 0.015202751
v -0.099822380 -0.010985967 0.006569392
v -0.099822380 -0.010985967 0.013664109
v -0.002764990 -0.010984689 0.006740989
v -0.002668417 -0.010983460 0.013479162
v -0.099530586 -0.010980249 0.006474720
v -0.099530586 -0.010980249 0.013758780
v -0.099618875 -0.010975285 0.006480870
v -0.099618875 -0.010975285 0.013752630
v -0.006947807 -0.010973370 0.013738984
v -0.002667910 -0.010968653 0.013417426
v -0.002764336 -0.010966455 0.006809121
v -0.099768092 -0.010966171 0.006528947
v -0.099768092 -0.010966171 0.013704578
v -0.002667738 -0.010963664 0.013354123
v -0.002764126 -0.010960305 0.006879402
v -0.007010833 -0.010954118 0.006499135
v -0.099708030 -0.010944275 0.006499135
v -0.099708030 -0.010944275 0.013734378
v -0.099557790 -0.010940545 0.006474720
v -0.099557790 -0.010940545 0.013758780
v 0.015640481 -0.010928850 0.003982087
v -0.099988617 -0.010923750 0.006879402
v -0.099988617 -0.010923750 0.013354123
v -0.099982571 -0.010922626 0.006809121
v -0.099982571 -0.010922626 0.013424379
v -0.099644017 -0.010920934 0.006480870
v -0.099644017 -0.010920934 0.013752630
v -0.099964616 -0.010919316 0.006740989
v -0.099964616 -0.010919316 0.013492524
v -0.006942429 -0.010914957 0.013714680
v -0.099935298 -0.010913920 0.006677055
v -0.099935298 -0.010913920 0.013556458
v -0.099895509 -0.010906596 0.006619272
v -0.099895509 -0.010906596 0.013614229
v -0.099846456 -0.010897557 0.006569392
v -0.099846456 -0.010897557 0.013664109
v -0.099577997 -0.010896865 0.006474720
v -0.099577997 -0.010896865 0.013758780
v -0.007004911 -0.010890468 0.006528947
v -0.099789630 -0.010887084 0.006528947
v -0.099789630 -0.010887084 0.013704578
v -0.099726759 -0.010875513 0.006499135
v -0.099726759 -0.010875513 0.013734378
v -0.099659751 -0.010863163 0.006480870
v -0.099659751 -0.010863163 0.013752630
v -0.006937452 -0.010861039 0.013681509
v -0.099590643 -0.010850431 0.006474720
v -0.099590643 -0.010850431 0.013758780
v -0.006999558 -0.010832931 0.006569392
v 0.009480600 -0.010831980 0.005025587
v 0.009505669 -0.010831980 0.015062633
v -0.006933025 -0.010812950 0.013640262
v -0.100000000 -0.010808504 0.006879402
v -0.100000000 -0.010808504 0.013354123
v -0.099993853 -0.010808418 0.006809121
v -0.099993853 -0.010808418 0.013424379
v -0.099975598 -0.010808146 0.006740989
v -0.099975598 -0.010808146 0.013492524
v -0.099945791 -0.010807701 0.006677055
v -0.099945791 -0.010807701 0.013556458
v -0.099905336 -0.010807108 0.006619272
v -0.099905336 -0.010807108 0.013614229
v -0.099855462 -0.010806380 0.006569392
v -0.099855462 -0.010806380 0.013664109
v -0.099797687 -0.010805528 0.006528947
v -0.099797687 -0.010805528 0.013704578
v -0.099733764 -0.010804577 0.006499135
v -0.099733764 -0.010804577 0.013734378
v -0.099665637 -0.010803577 0.006480870
v -0.099665637 -0.010803577 0.013752630
v -0.099595374 -0.010802539 0.006474720
v -0.099595374 -0.010802539 0.013758780
v -0.006994939 -0.010783274 0.006619272
v -0.006929233 -0.010771888 0.013591975
v 0.013977157 -0.010761218 0.015671528
v -0.099592057 -0.010754536 0.006474720
v -0.099592057 -0.010754536 0.013758780
v -0.099661510 -0.010743842 0.006480870
v -0.099661510 -0.010743842 0.013752630
v -0.006991191 -0.010742977 0.006677055
v -0.006926183 -0.010738853 0.013537834
v -0.099728852 -0.010733480 0.006499135
v -0.099728852 -0.010733480 0.013734378
v 0.015735486 -0.010733456 0.004302731
v -0.099792037 -0.010723761 0.006528947
v -0.099792037 -0.010723761 0.013704578
v -0.099849147 -0.010714969 0.006569392
v -0.099849147 -0.010714969 0.013664109
v -0.006923954 -0.010714647 0.013479162
v -0.006988425 -0.010713301 0.006740989
v -0.099580785 -0.010707744 0.006474720
v -0.099580785 -0.010707744 0.013758780
v -0.099898445 -0.010707374 0.006619272
v -0.099898445 -0.010707374 0.013614229
v -0.099938434 -0.010701223 0.006677055
v -0.099938434 -0.010701223 0.013556458
v -0.006922602 -0.010699890 0.013417426
v -0.099967897 -0.010696691 0.006740989
v -0.099967897 -0.010696691 0.013492524
v -0.006986739 -0.010695123 0.006809121
v -0.006922145 -0.010694938 0.013354123
v -0.099985942 -0.010693913 0.006809121
v -0.099985942 -0.010693913 0.013424379
v -0.099992018 -0.010692974 0.006879402
v -0.099992018 -0.010692974 0.013354123
v -0.006986159 -0.010688997 0.006879402
v 0.009514549 -0.010688874 0.005178018
v -0.000297056 -0.010688874 0.007363295
v -0.000297056 -0.010688874 0.012873071
v 0.009537346 -0.010688874 0.014909709
v -0.099647485 -0.010685638 0.006480870
v -0.099647485 -0.010685638 0.013752630
v -0.099712158 -0.010664187 0.006499135
v -0.099712158 -0.010664187 0.013734378
v -0.099772840 -0.010644070 0.006528947
v -0.099772840 -0.010644070 0.013704578
v -0.099827687 -0.010625891 0.006569392
v -0.099827687 -0.010625891 0.013664109
v -0.099875031 -0.010610183 0.006619272
v -0.099875031 -0.010610183 0.013614229
v -0.099913435 -0.010597463 0.006677055
v -0.099913435 -0.010597463 0.013556458
v 0.015830034 -0.010593227 0.004651161
v -0.099941731 -0.010588077 0.006740989
v -0.099941731 -0.010588077 0.013492524
v 0.009543583 -0.010584545 0.005308379
v 0.009564416 -0.010584545 0.014778939
v -0.099959060 -0.010582322 0.006809121
v -0.099959060 -0.010582322 0.013424379
v -0.011214298 -0.010581507 0.013758780
v -0.099964896 -0.010580395 0.006879402
v -0.099964896 -0.010580395 0.013354123
v -0.011246259 -0.010576678 0.006474720
v 0.014060677 -0.010564403 0.015351032
v -0.011204863 -0.010518907 0.013753803
v 0.015921692 -0.010511757 0.005018535
v -0.011235756 -0.010507200 0.006480870
v 0.016008139 -0.010491071 0.005395518
v -0.011195663 -0.010457851 0.013738984
v 0.009589918 -0.010446131 0.005516420
v -0.000297056 -0.010446131 0.007718480
v -0.000297056 -0.010446131 0.012519021
v 0.009607640 -0.010446131 0.014570232
v -0.011225573 -0.010439821 0.006499135
v 0.014145123 -0.010422210 0.015003084
v -0.011186919 -0.010399845 0.013714680
v 0.009614197 -0.010385470 0.005625466
v 0.009630301 -0.010385470 0.014460827
v -0.011216015 -0.010376616 0.006528947
v -0.011178843 -0.010346297 0.013681509
v 0.014228371 -0.010338184 0.014636426
v -0.010082456 -0.010334862 0.006879402
v -0.010082456 -0.010334862 0.013354123
v -0.011207376 -0.010319487 0.006569392
v 0.014308335 -0.010314460 0.014260308
v -0.011171649 -0.010298554 0.013640262
v -0.011199917 -0.010270162 0.006619272
v 0.009673315 -0.010267260 0.005890821
v -0.000297056 -0.010267260 0.008111455
v -0.000297056 -0.010267260 0.012127294
v 0.009685429 -0.010267260 0.014194621
v -0.011165499 -0.010257776 0.013591975
v 0.009690727 -0.010239671 0.005969043
v 0.009701681 -0.010239671 0.014116139
v -0.011193872 -0.010230162 0.006677055
v -0.011160553 -0.010224975 0.013537834
v -0.099412750 -0.010211848 0.006474720
v -0.099412750 -0.010211848 0.013758780
v -0.011156928 -0.010200943 0.013479162
v -0.011189414 -0.010200684 0.006740989
v -0.099479152 -0.010188865 0.006480870
v -0.099479152 -0.010188865 0.013752630
v -0.011154724 -0.010186284 0.013417426
v -0.011186691 -0.010182629 0.006809121
v -0.011153983 -0.010181357 0.013354123
v -0.011185765 -0.010176553 0.006879402
v -0.099543538 -0.010166562 0.006499135
v -0.099543538 -0.010166562 0.013734378
v 0.009762182 -0.010157732 0.006289860
v -0.000297056 -0.010157732 0.008530290
v -0.000297056 -0.010157732 0.011709805
v 0.009768332 -0.010157732 0.013794285
v 0.009771259 -0.010150730 0.006330650
v 0.009776804 -0.010150730 0.013753371
v -0.099603950 -0.010145654 0.006528947
v -0.099603950 -0.010145654 0.013704578
v -0.099658552 -0.010126760 0.006569392
v -0.099658552 -0.010126760 0.013664109
v 0.009853840 -0.010120832 0.006701396
v -0.000297056 -0.010120832 0.008962240
v -0.000297056 -0.010120832 0.011279238
v 0.009853840 -0.010120832 0.013381440
v -0.099705686 -0.010110421 0.006619272
v -0.099705686 -0.010110421 0.013614229
v -0.099743918 -0.010097195 0.006677055
v -0.099743918 -0.010097195 0.013556458
v -0.099772089 -0.010087439 0.006740989
v -0.099772089 -0.010087439 0.013492524
v -0.099789341 -0.010081474 0.006809121
v -0.099789341 -0.010081474 0.013424379
v -0.099795150 -0.010079461 0.006879402
v -0.099795150 -0.010079461 0.013354123
v -0.015432453 -0.009820664 0.006474720
v -0.015432453 -0.009820664 0.013758780
v -0.037934066 -0.009764029 0.006474720
v -0.037934066 -0.009764029 0.010683286
v -0.015419424 -0.009758706 0.013753803
v -0.015417998 -0.009751889 0.006480870
v -0.015417998 -0.009751889 0.013752630
v -0.037300966 -0.009716977 0.006474720
v -0.037300966 -0.009716977 0.010683286
v -0.038565714 -0.009700404 0.006474720
v -0.038565714 -0.009700404 0.010683286
v -0.015406717 -0.009698280 0.013738984
v -0.015403969 -0.009685214 0.006499135
v -0.015403969 -0.009685214 0.013734378
v -0.015394639 -0.009640867 0.013714680
v -0.015390811 -0.009622651 0.006528947
v -0.015390811 -0.009622651 0.013704578
v -0.015383500 -0.009587887 0.013681509
v -0.015378918 -0.009566102 0.006569392
v -0.015378918 -0.009566102 0.013664109
v -0.036685650 -0.009560730 0.006474720
v -0.036685650 -0.009560730 0.010683286
v -0.015373558 -0.009540638 0.013640262
v -0.039176733 -0.009528066 0.006474720
v -0.039176733 -0.009528066 0.010683286
v -0.015368649 -0.009517297 0.006619272
v -0.015368649 -0.009517297 0.013614229
v -0.015365074 -0.009500279 0.013591975
v -0.015360326 -0.009477704 0.006677055
v -0.015360326 -0.009477704 0.013556458
v -0.015358245 -0.009467800 0.013537834
v -0.015354194 -0.009448535 0.006740989
v -0.015354194 -0.009448535 0.013492524
v -0.015353243 -0.009444039 0.013479162
v -0.015350434 -0.009430665 0.006809121
v -0.015350434 -0.009430665 0.013424379
v -0.015350193 -0.009429529 0.013417426
v -0.015349168 -0.009424651 0.006879402
v -0.015349168 -0.009424651 0.013354123
v -0.017082575 -0.009348627 0.013758780
v -0.017157086 -0.009321149 0.006474720
v -0.036106814 -0.009299982 0.006474720
v -0.036106814 -0.009299982 0.010683286
v -0.017116938 -0.009287336 0.013752630
v -0.017058481 -0.009282618 0.013752630
v -0.017105928 -0.009282359 0.013752630
v -0.017070152 -0.009279457 0.013752630
v -0.017094227 -0.009279333 0.013752630
v -0.017082180 -0.009278370 0.013752630
v -0.017132560 -0.009255301 0.006480870
v -0.039748529 -0.009252251 0.006474720
v -0.039748529 -0.009252251 0.010683286
v -0.017150263 -0.009227910 0.013734378
v -0.017035122 -0.009218611 0.013734378
v -0.017128571 -0.009218092 0.013734378
v -0.017058105 -0.009212411 0.013734378
v -0.017105527 -0.009212140 0.013734378
v -0.017081803 -0.009210225 0.013734378
v -0.017108787 -0.009191454 0.006499135
v -0.017181520 -0.009172139 0.013704578
v -0.017013208 -0.009158555 0.013704578
v -0.017570691 -0.009158370 0.010683286
v -0.017149819 -0.009157802 0.013704578
v -0.017046799 -0.009149478 0.013704578
v -0.017116129 -0.009149095 0.013704578
v -0.017081445 -0.009146292 0.013704578
v -0.017534760 -0.009138215 0.010682001
v -0.017086471 -0.009131546 0.006528947
v -0.017209776 -0.009121741 0.013664109
v -0.017492654 -0.009114615 0.010677160
v -0.016993399 -0.009104279 0.013664109
v -0.017169028 -0.009103303 0.013664109
v -0.017036579 -0.009092608 0.013664109
v -0.017125712 -0.009092114 0.013664109
v -0.017446350 -0.009088644 0.010667565
v -0.017081124 -0.009088508 0.013664109
v -0.017431382 -0.009080259 0.010663465
v -0.017234166 -0.009078221 0.013614229
v -0.017066305 -0.009077394 0.006569392
v -0.017416686 -0.009072022 0.010658932
v -0.016976301 -0.009057424 0.013614229
v -0.017185601 -0.009056251 0.013614229
v -0.017027762 -0.009043519 0.013614229
v -0.017253956 -0.009042938 0.013556458
v -0.017133986 -0.009042926 0.013614229
v -0.017080846 -0.009038628 0.013614229
v -0.017352092 -0.009035800 0.010632665
v -0.017048898 -0.009030651 0.006619272
v -0.016962433 -0.009019413 0.013556458
v -0.017199050 -0.009018091 0.013556458
v -0.017268535 -0.009016943 0.013492524
v -0.017020611 -0.009003692 0.013556458
v -0.017140698 -0.009003037 0.013556458
v -0.017277463 -0.009001012 0.013424379
v -0.017080624 -0.008998184 0.013556458
v -0.017280471 -0.008995652 0.010588935
v -0.017280471 -0.008995652 0.013354123
v -0.017280051 -0.008995405 0.010588614
v -0.017034770 -0.008992750 0.006677055
v -0.016952207 -0.008991404 0.013492524
v -0.017208954 -0.008989984 0.013492524
v -0.017258902 -0.008984402 0.010572584
v -0.017015338 -0.008974349 0.013492524
v -0.016945952 -0.008974263 0.013424379
v -0.017145638 -0.008973633 0.013492524
v -0.017215024 -0.008972756 0.013424379
v -0.016943840 -0.008968483 0.010278628
v -0.016943840 -0.008968483 0.013354123
v -0.017080457 -0.008968372 0.013492524
v -0.016946230 -0.008967619 0.010281209
v -0.017217068 -0.008966964 0.013354123
v -0.017216142 -0.008966631 0.010538438
v -0.017024372 -0.008964803 0.006740989
v -0.017195981 -0.008960172 0.010521643
v -0.017012115 -0.008956380 0.013424379
v -0.017148670 -0.008955627 0.013424379
v -0.017010670 -0.008950403 0.010348774
v -0.017011022 -0.008950342 0.013354123
v -0.017080352 -0.008950107 0.013424379
v -0.017149689 -0.008949563 0.013354123
v -0.017149331 -0.008949514 0.010481136
v -0.017017999 -0.008947699 0.006809121
v -0.017030757 -0.008947291 0.010369027
v -0.017126836 -0.008946390 0.010460870
v -0.017115197 -0.008945278 0.010450176
v -0.017079513 -0.008943969 0.010416684
v -0.017080315 -0.008943957 0.013354123
v -0.035582045 -0.008942709 0.006474720
v -0.035582045 -0.008942709 0.010683286
v -0.017015851 -0.008941931 0.006879402
v -0.040263752 -0.008881332 0.006474720
v -0.040263752 -0.008881332 0.010683286
v -0.018743867 -0.008595292 0.010683286
v -0.018788295 -0.008570815 0.006474720
v -0.018710079 -0.008533680 0.010677148
v -0.018754253 -0.008509339 0.006480870
v -0.035127297 -0.008499731 0.006474720
v -0.035127297 -0.008499731 0.010683286
v -0.018677322 -0.008473933 0.010658895
v -0.018721249 -0.008449728 0.006499135
v -0.040706731 -0.008426585 0.006474720
v -0.040706731 -0.008426585 0.010683286
v -0.018646590 -0.008417878 0.010629084
v -0.018690270 -0.008393809 0.006528947
v -0.018618810 -0.008367208 0.010588614
v -0.018662280 -0.008343262 0.006569392
v -0.018594827 -0.008323478 0.010538734
v -0.018638118 -0.008299631 0.006619272
v -0.018575376 -0.008287998 0.010480963
v -0.018618513 -0.008264225 0.006677055
v -0.018561045 -0.008261854 0.010417029
v -0.018552264 -0.008245849 0.010348897
v -0.018549313 -0.008240465 0.010278628
v -0.018604070 -0.008238143 0.006740989
v -0.018595228 -0.008222175 0.006809121
v -0.018592252 -0.008216803 0.006879402
v -0.034756372 -0.007984508 0.006474720
v -0.034756372 -0.007984508 0.010683286
v -0.041064015 -0.007901815 0.006474720
v -0.041064015 -0.007901815 0.010683286
v -0.020289821 -0.007586297 0.006474720
v -0.020289821 -0.007586297 0.010683286
v -0.020247017 -0.007530563 0.006480870
v -0.020247017 -0.007530563 0.010677148
v -0.020213649 -0.007487130 0.010663489
v -0.020205517 -0.007476522 0.006499135
v -0.020205517 -0.007476522 0.010658895
v -0.020177915 -0.007440597 0.010639186
v -0.020166572 -0.007425827 0.006528947
v -0.020166572 -0.007425827 0.010629084
v -0.034480564 -0.007412699 0.006474720
v -0.034480564 -0.007412699 0.010683286
v -0.020144936 -0.007397645 0.010606015
v -0.020131376 -0.007380010 0.006569392
v -0.020131376 -0.007380010 0.010588614
v -0.020115519 -0.007359362 0.010564767
v -0.020100996 -0.007340454 0.006619272
v -0.020100996 -0.007340454 0.010538734
v -0.020090400 -0.007326648 0.010516493
v -0.041324751 -0.007322980 0.006474720
v -0.041324751 -0.007322980 0.010683286
v -0.020076353 -0.007308358 0.006677055
v -0.020076353 -0.007308358 0.010480963
v -0.020070184 -0.007300343 0.010462340
v -0.020058187 -0.007284721 0.006740989
v -0.020058187 -0.007284721 0.010417029
v -0.020055389 -0.007281065 0.010403680
v -0.020047066 -0.007270235 0.006809121
v -0.020047066 -0.007270235 0.010348897
v -0.020043324 -0.007265369 0.006879402
v -0.020043324 -0.007265369 0.010278628
v -0.041469649 -0.006990271 0.006474720
v -0.041469649 -0.006990271 0.010683286
v -0.034308220 -0.006801705 0.006474720
v -0.034308220 -0.006801705 0.010683286
v -0.041662524 -0.006682878 0.006474720
v -0.041662524 -0.006682878 0.010683286
v -0.041899055 -0.006407656 0.006474720
v -0.041899055 -0.006407656 0.010683286
v -0.042173968 -0.006170779 0.006474720
v -0.042173968 -0.006170779 0.010683286
v -0.034244607 -0.006170038 0.006474720
v -0.034244607 -0.006170038 0.010683286
v -0.042481114 -0.005977509 0.006474720
v -0.042481114 -0.005977509 0.010683286
v -0.042813632 -0.005832179 0.006474720
v -0.042813632 -0.005832179 0.010683286
v -0.043164099 -0.005738026 0.006474720
v -0.043164099 -0.005738026 0.010683286
v -0.043775112 -0.005565701 0.006474720
v -0.043775112 -0.005565701 0.010683286
v -0.034291640 -0.005536951 0.006474720
v -0.034291640 -0.005536951 0.010683286
v -0.044346908 -0.005289874 0.006474720
v -0.044346908 -0.005289874 0.010683286
v -0.034447893 -0.004921622 0.006474720
v -0.034447893 -0.004921622 0.010683286
v -0.044862131 -0.004918955 0.006474720
v -0.044862131 -0.004918955 0.010683286
v -0.097358778 -0.004505900 0.006474720
v -0.097358778 -0.004505900 0.013758780
v -0.097424599 -0.004481287 0.006480870
v -0.097424599 -0.004481287 0.013752630
v -0.045305110 -0.004464195 0.006474720
v -0.045305110 -0.004464195 0.010683286
v -0.097488421 -0.004457428 0.006499135
v -0.097488421 -0.004457428 0.013734378
v -0.097548302 -0.004435050 0.006528947
v -0.097548302 -0.004435050 0.013704578
v -0.097602425 -0.004414809 0.006569392
v -0.097602425 -0.004414809 0.013664109
v -0.097649145 -0.004397347 0.006619272
v -0.097649145 -0.004397347 0.013614229
v -0.097687043 -0.004383182 0.006677055
v -0.097687043 -0.004383182 0.013556458
v -0.097714966 -0.004372734 0.006740989
v -0.097714966 -0.004372734 0.013492524
v -0.097732067 -0.004366337 0.006809121
v -0.097732067 -0.004366337 0.013424379
v -0.097737826 -0.004364201 0.006879402
v -0.097737826 -0.004364201 0.013354123
v -0.034708629 -0.004342787 0.006474720
v -0.034708629 -0.004342787 0.010683286
v -0.045662395 -0.003939438 0.006474720
v -0.045662395 -0.003939438 0.010683286
v -0.035065914 -0.003818030 0.006474720
v -0.035065914 -0.003818030 0.010683286
v -0.091364982 -0.003795825 0.006879402
v -0.091364982 -0.003795825 0.013354123
v -0.091366257 -0.003794924 0.013389381
v -0.091369110 -0.003792911 0.006816099
v -0.091370076 -0.003792219 0.006809121
v -0.091370076 -0.003792219 0.013424379
v -0.091376405 -0.003787761 0.013458847
v -0.091381393 -0.003784241 0.006754351
v -0.091385201 -0.003781549 0.013492524
v -0.091385204 -0.003781549 0.006740989
v -0.091396394 -0.003773633 0.013525139
v -0.091401526 -0.003770015 0.006695678
v -0.091409900 -0.003764112 0.013556458
v -0.091409906 -0.003764099 0.006677043
v -0.091425617 -0.003752997 0.013586232
v -0.091429016 -0.003750601 0.006641538
v -0.091443423 -0.003740437 0.013614229
v -0.091443432 -0.003740425 0.006619259
v -0.091463184 -0.003726482 0.006593251
v -0.091484751 -0.003711255 0.013664109
v -0.091484762 -0.003711255 0.006569392
v -0.091503192 -0.003698239 0.006552016
v -0.091532624 -0.003677442 0.013704578
v -0.091532635 -0.003677442 0.006528935
v -0.091548052 -0.003666550 0.006518833
v -0.091585593 -0.003640048 0.013734378
v -0.091585600 -0.003640048 0.006499135
v -0.091596659 -0.003632231 0.006494529
v -0.091642045 -0.003600184 0.013752630
v -0.091642049 -0.003600184 0.006480870
v -0.091647817 -0.003596108 0.006479709
v -0.091700267 -0.003559072 0.006474720
v -0.091700267 -0.003559072 0.013758780
v -0.035508898 -0.003363270 0.006474720
v -0.035508898 -0.003363270 0.010683286
v -0.045923131 -0.003360602 0.006474720
v -0.045923131 -0.003360602 0.010683286
v -0.036024115 -0.002992364 0.006474720
v -0.036024115 -0.002992364 0.010683286
v -0.046096944 -0.002974716 0.006474720
v -0.046096944 -0.002974716 0.010683286
v -0.036595918 -0.002716536 0.006474720
v -0.036595918 -0.002716536 0.010683286
v -0.046335136 -0.002624866 0.006474720
v -0.046335136 -0.002624866 0.010683286
v -0.037206930 -0.002544211 0.006474720
v -0.037206930 -0.002544211 0.010683286
v -0.037614262 -0.002429311 0.006474720
v -0.037614262 -0.002429311 0.010683286
v -0.046630463 -0.002321697 0.006474720
v -0.046630463 -0.002321697 0.010683286
v -0.037995468 -0.002245426 0.006474720
v -0.037995468 -0.002245426 0.010683286
v -0.046973935 -0.002074422 0.006474720
v -0.046973935 -0.002074422 0.010683286
v -0.038338946 -0.001998151 0.006474720
v -0.038338946 -0.001998151 0.010683286
v -0.047355141 -0.001890537 0.006474720
v -0.047355141 -0.001890537 0.010683286
v -0.047762478 -0.001775649 0.006474720
v -0.047762478 -0.001775649 0.010683286
v -0.038634266 -0.001694982 0.006474720
v -0.038634266 -0.001694982 0.010683286
v -0.048373491 -0.001603311 0.006474720
v -0.048373491 -0.001603311 0.010683286
v -0.038872452 -0.001345144 0.006474720
v -0.038872452 -0.001345144 0.010683286
v -0.048945287 -0.001327496 0.006474720
v -0.048945287 -0.001327496 0.010683286
v -0.039046278 -0.000959257 0.006474720
v -0.039046278 -0.000959257 0.010683286
v -0.049460511 -0.000956578 0.006474720
v -0.049460511 -0.000956578 0.010683286
v -0.095745742 -0.000668314 0.006474720
v -0.095745742 -0.000668314 0.013758780
v -0.095809378 -0.000638503 0.006480870
v -0.095809378 -0.000638503 0.013752630
v -0.095871079 -0.000609605 0.006499135
v -0.095871079 -0.000609605 0.013734378
v -0.095928974 -0.000582485 0.006528947
v -0.095928974 -0.000582485 0.013704578
v -0.095981299 -0.000557983 0.006569392
v -0.095981299 -0.000557983 0.013664109
v -0.096026467 -0.000536829 0.006619272
v -0.096026467 -0.000536829 0.013614229
v -0.096063107 -0.000519663 0.006677055
v -0.096063107 -0.000519663 0.013556458
v -0.096090104 -0.000507017 0.006740989
v -0.096090104 -0.000507017 0.013492524
v -0.049903489 -0.000501830 0.006474720
v -0.049903489 -0.000501830 0.010683286
v -0.096106637 -0.000499274 0.006809121
v -0.096106637 -0.000499274 0.013424379
v -0.096112204 -0.000496668 0.006879402
v -0.096112204 -0.000496668 0.013354123
v -0.039307008 -0.000380422 0.006474720
v -0.039307008 -0.000380422 0.010683286
v -0.050260767 0.000022927 0.006474720
v -0.050260767 0.000022927 0.010683286
v -0.039664293 0.000144348 0.006474720
v -0.039664293 0.000144348 0.010683286
v -0.040107277 0.000599107 0.006474720
v -0.040107277 0.000599107 0.010683286
v -0.050521503 0.000601775 0.006474720
v -0.050521503 0.000601775 0.010683286
v -0.095501991 0.000761973 0.006879402
v -0.095501991 0.000761973 0.013354123
v -0.040622494 0.000970026 0.006474720
v -0.040622494 0.000970026 0.010683286
v -0.050695323 0.000987674 0.006474720
v -0.050695323 0.000987674 0.010683286
v -0.041194297 0.001245841 0.006474720
v -0.041194297 0.001245841 0.010683286
v -0.050933515 0.001337512 0.006474720
v -0.050933515 0.001337512 0.010683286
v -0.041805303 0.001418179 0.006474720
v -0.041805303 0.001418179 0.010683286
v -0.042212647 0.001533067 0.006474720
v -0.042212647 0.001533067 0.010683286
v -0.051228836 0.001640681 0.006474720
v -0.051228836 0.001640681 0.010683286
v -0.042593847 0.001716939 0.006474720
v -0.042593847 0.001716939 0.010683286
v -0.051572320 0.001887956 0.006474720
v -0.051572320 0.001887956 0.010683286
v -0.042937325 0.001964227 0.006474720
v -0.042937325 0.001964227 0.010683286
v -0.051953514 0.002071841 0.006474720
v -0.051953514 0.002071841 0.010683286
v -0.052360858 0.002186716 0.006474720
v -0.052360858 0.002186716 0.010683286
v -0.043232646 0.002267396 0.006474720
v -0.043232646 0.002267396 0.010683286
v -0.052971864 0.002359054 0.006474720
v -0.052971864 0.002359054 0.010683286
v -0.043470831 0.002617234 0.006474720
v -0.043470831 0.002617234 0.010683286
v -0.053543660 0.002634869 0.006474720
v -0.053543660 0.002634869 0.010683286
v -0.043644657 0.003003132 0.006474720
v -0.043644657 0.003003132 0.010683286
v -0.054058883 0.003005800 0.006474720
v -0.054058883 0.003005800 0.010683286
v -0.093830131 0.003027535 0.006474720
v -0.093830131 0.003027535 0.013758780
v -0.093891172 0.003062361 0.006480870
v -0.093891172 0.003062361 0.013752630
v -0.093950357 0.003096112 0.006499135
v -0.093950357 0.003096112 0.013734378
v -0.094005888 0.003127776 0.006528947
v -0.094005888 0.003127776 0.013704578
v -0.094056080 0.003156415 0.006569392
v -0.094056080 0.003156415 0.013664109
v -0.094099407 0.003181126 0.006619272
v -0.094099407 0.003181126 0.013614229
v -0.094134552 0.003201170 0.006677055
v -0.094134552 0.003201170 0.013556458
v -0.094160446 0.003215940 0.006740989
v -0.094160446 0.003215940 0.013492524
v -0.094176306 0.003224992 0.006809121
v -0.094176306 0.003224992 0.013424379
v -0.094181647 0.003228030 0.006879402
v -0.094181647 0.003228030 0.013354123
v -0.054501868 0.003460547 0.006474720
v -0.054501868 0.003460547 0.010683286
v -0.043905387 0.003581956 0.006474720
v -0.043905387 0.003581956 0.010683286
v -0.054859147 0.003985317 0.006474720
v -0.054859147 0.003985317 0.010683286
v -0.087628603 0.004001840 0.006879402
v -0.087628603 0.004001840 0.013354123
v -0.087629694 0.004003112 0.013389381
v -0.087632132 0.004006002 0.006816099
v -0.087632958 0.004006978 0.013424379
v -0.087632959 0.004006978 0.006809097
v -0.087638370 0.004013362 0.013458847
v -0.087642630 0.004018401 0.006754351
v -0.087645887 0.004022242 0.013492524
v -0.087645903 0.004022254 0.006740939
v -0.087655455 0.004033529 0.013525139
v -0.087659841 0.004038704 0.006695678
v -0.087667002 0.004047163 0.013556458
v -0.087667035 0.004047200 0.006676981
v -0.087680435 0.004063020 0.013586232
v -0.087683341 0.004066453 0.006641538
v -0.087695656 0.004080989 0.013614229
v -0.087695707 0.004081050 0.006619197
v -0.087712550 0.004100921 0.006593251
v -0.044262678 0.004106725 0.006474720
v -0.044262678 0.004106725 0.010683286
v -0.087730984 0.004122693 0.013664109
v -0.087731042 0.004122767 0.006569330
v -0.087746748 0.004141304 0.006552016
v -0.087771908 0.004171004 0.013704578
v -0.087771961 0.004171066 0.006528898
v -0.087785096 0.004186565 0.006518833
v -0.087817188 0.004224441 0.013734378
v -0.087817220 0.004224490 0.006499110
v -0.087826646 0.004235617 0.006494529
v -0.087865444 0.004281422 0.013752630
v -0.087865456 0.004281434 0.006480870
v -0.087870379 0.004287238 0.006479709
v -0.087915214 0.004340156 0.006474720
v -0.087915214 0.004340156 0.013758780
v -0.044705656 0.004561472 0.006474720
v -0.044705656 0.004561472 0.010683286
v -0.055119883 0.004564152 0.006474720
v -0.055119883 0.004564152 0.010683286
v -0.045220873 0.004932391 0.006474720
v -0.045220873 0.004932391 0.010683286
v -0.055293703 0.004950039 0.006474720
v -0.055293703 0.004950039 0.010683286
v -0.045792676 0.005208206 0.006474720
v -0.045792676 0.005208206 0.010683286
v -0.055531894 0.005299877 0.006474720
v -0.055531894 0.005299877 0.010683286
v -0.046403682 0.005380544 0.006474720
v -0.046403682 0.005380544 0.010683286
v -0.046811026 0.005495432 0.006474720
v -0.046811026 0.005495432 0.010683286
v -0.055827215 0.005603046 0.006474720
v -0.055827215 0.005603046 0.010683286
v -0.092731262 0.005619915 0.006879402
v -0.092731262 0.005619915 0.013354123
v -0.047192226 0.005679317 0.006474720
v -0.047192226 0.005679317 0.010683286
v -0.081536682 0.005764825 0.006879402
v -0.081536682 0.005764825 0.013354123
v -0.081539306 0.005769246 0.006816099
v -0.081539306 0.005769246 0.013417426
v -0.081539920 0.005770283 0.013424392
v -0.081547108 0.005782423 0.006754351
v -0.081547108 0.005782423 0.013479162
v -0.081549534 0.005786523 0.013492536
v -0.081559905 0.005804022 0.006695678
v -0.081559905 0.005804022 0.013537834
v -0.081565234 0.005813013 0.013556482
v -0.081577373 0.005833501 0.006641538
v -0.081577373 0.005833501 0.013591975
v -0.081586527 0.005848950 0.013614229
v -0.056170700 0.005850333 0.006474720
v -0.056170700 0.005850333 0.010683286
v -0.081599084 0.005870154 0.006593251
v -0.081599102 0.005870179 0.013640299
v -0.081612789 0.005893285 0.013664109
v -0.081624508 0.005913069 0.006552016
v -0.081624527 0.005913106 0.013681534
v -0.047535704 0.005926592 0.006474720
v -0.047535704 0.005926592 0.010683286
v -0.081643212 0.005944634 0.013704578
v -0.081653014 0.005961170 0.006518833
v -0.081653030 0.005961207 0.013714692
v -0.081676871 0.006001442 0.013734378
v -0.081683904 0.006013310 0.006494529
v -0.081683910 0.006013335 0.013738984
v -0.056551893 0.006034206 0.006474720
v -0.056551893 0.006034206 0.010683286
v -0.081712743 0.006061992 0.013752630
v -0.081716411 0.006068179 0.006479709
v -0.081716414 0.006068179 0.013753803
v -0.081749739 0.006124444 0.006474720
v -0.081749739 0.006124444 0.013758780
v -0.056959237 0.006149093 0.006474720
v -0.056959237 0.006149093 0.010683286
v -0.047831025 0.006229761 0.006474720
v -0.047831025 0.006229761 0.010683286
v -0.057484938 0.006290310 0.006474720
v -0.057484938 0.006290310 0.010683286
v -0.057983718 0.006508317 0.006474720
v -0.057983718 0.006508317 0.010683286
v -0.091624285 0.006557863 0.006474720
v -0.091624285 0.006557863 0.013758780
v -0.048069210 0.006579611 0.006474720
v -0.048069210 0.006579611 0.010683286
v -0.091682337 0.006597468 0.006480870
v -0.091682337 0.006597468 0.013752630
v -0.091738625 0.006635863 0.006499135
v -0.091738625 0.006635863 0.013734378
v -0.091791438 0.006671887 0.006528947
v -0.091791438 0.006671887 0.013704578
v -0.091839171 0.006704453 0.006569392
v -0.091839171 0.006704453 0.013664109
v -0.091880378 0.006732548 0.006619272
v -0.091880378 0.006732548 0.013614229
v -0.091913800 0.006755357 0.006677055
v -0.091913800 0.006755357 0.013556458
v -0.091938428 0.006772153 0.006740989
v -0.091938428 0.006772153 0.013492524
v -0.091953510 0.006782440 0.006809121
v -0.091953510 0.006782440 0.013424379
v -0.091958589 0.006785898 0.006879402
v -0.091958589 0.006785898 0.013354123
v -0.058444430 0.006798210 0.006474720
v -0.058444430 0.006798210 0.010683286
v -0.048243036 0.006965497 0.006474720
v -0.048243036 0.006965497 0.010683286
v -0.058856797 0.007153556 0.006474720
v -0.058856797 0.007153556 0.010683286
v -0.048503766 0.007544333 0.006474720
v -0.048503766 0.007544333 0.010683286
v -0.059211600 0.007566377 0.006474720
v -0.059211600 0.007566377 0.010683286
v -0.059500910 0.008027460 0.006474720
v -0.059500910 0.008027460 0.010683286
v -0.048861057 0.008069102 0.006474720
v -0.048861057 0.008069102 0.010683286
v -0.049304036 0.008523850 0.006474720
v -0.049304036 0.008523850 0.010683286
v -0.059718265 0.008526530 0.006474720
v -0.059718265 0.008526530 0.010683286
v -0.049819253 0.008894769 0.006474720
v -0.049819253 0.008894769 0.010683286
v -0.059892085 0.008912416 0.006474720
v -0.059892085 0.008912416 0.010683286
v -0.050391055 0.009170583 0.006474720
v -0.050391055 0.009170583 0.010683286
v -0.060130274 0.009262254 0.006474720
v -0.060130274 0.009262254 0.010683286
v -0.051002061 0.009342921 0.006474720
v -0.051002061 0.009342921 0.010683286
v -0.051409405 0.009457822 0.006474720
v -0.051409405 0.009457822 0.010683286
v -0.060425598 0.009565423 0.006474720
v -0.060425598 0.009565423 0.010683286
v -0.051790599 0.009641682 0.006474720
v -0.051790599 0.009641682 0.010683286
v -0.060769076 0.009812698 0.006474720
v -0.060769076 0.009812698 0.010683286
v -0.052134083 0.009888969 0.006474720
v -0.052134083 0.009888969 0.010683286
v -0.089142417 0.009899923 0.006474720
v -0.089142417 0.009899923 0.013758780
v -0.089197105 0.009944048 0.006480870
v -0.089197105 0.009944048 0.013752630
v -0.077349660 0.009973798 0.006879402
v -0.077349660 0.009973798 0.013354123
v -0.077353192 0.009977305 0.006816099
v -0.077354019 0.009978145 0.013424379
v -0.089250134 0.009986827 0.006499135
v -0.089250134 0.009986827 0.013734378
v -0.077363701 0.009987765 0.006754351
v -0.077363701 0.009987765 0.013479162
v -0.077366961 0.009991013 0.013492524
v -0.061150275 0.009996583 0.006474720
v -0.061150275 0.009996583 0.010683286
v -0.077380929 0.010004907 0.006695678
v -0.077380929 0.010004907 0.013537834
v -0.077388098 0.010012045 0.013556458
v -0.089299887 0.010026975 0.006528947
v -0.089299887 0.010026975 0.013704578
v -0.077404452 0.010028309 0.006641538
v -0.077404452 0.010028309 0.013591975
v -0.077416783 0.010040572 0.013614229
v -0.077433689 0.010057392 0.006593251
v -0.077433689 0.010057392 0.013640262
v -0.089344857 0.010063258 0.006569392
v -0.089344857 0.010063258 0.013664109
v -0.077452142 0.010075744 0.013664109
v -0.077467922 0.010091440 0.006552016
v -0.077467922 0.010091440 0.013681509
v -0.089383674 0.010094577 0.006619272
v -0.089383674 0.010094577 0.013614229
v -0.061557616 0.010111471 0.006474720
v -0.061557616 0.010111471 0.010683286
v -0.077493106 0.010116497 0.013704578
v -0.089415163 0.010119980 0.006677055
v -0.089415163 0.010119980 0.013556458
v -0.077506308 0.010129625 0.006518833
v -0.077506308 0.010129625 0.013714680
v -0.089438363 0.010138702 0.006740989
v -0.089438363 0.010138702 0.013492524
v -0.089452571 0.010150162 0.006809121
v -0.089452571 0.010150162 0.013424379
v -0.089457356 0.010154027 0.006879402
v -0.089457356 0.010154027 0.013354123
v -0.077538429 0.010161585 0.013734378
v -0.077547898 0.010171008 0.006494529
v -0.077547898 0.010171008 0.013738984
v -0.052429398 0.010192138 0.006474720
v -0.052429398 0.010192138 0.010683286
v -0.077586734 0.010209637 0.013752630
v -0.077591674 0.010214552 0.006479709
v -0.077636552 0.010259196 0.006474720
v -0.077636552 0.010259196 0.013758780
v -0.072790657 0.010277523 0.006879402
v -0.072790657 0.010277523 0.010278628
v -0.072787625 0.010281475 0.006816099
v -0.072787625 0.010281475 0.010341932
v -0.072786912 0.010282401 0.010348897
v -0.062168625 0.010283809 0.006474720
v -0.062168625 0.010283809 0.010683286
v -0.072778595 0.010293231 0.006754351
v -0.072778595 0.010293231 0.010403680
v -0.072775794 0.010296875 0.010417029
v -0.072763791 0.010312509 0.006695678
v -0.072763791 0.010312509 0.010462340
v -0.072757634 0.010320512 0.010480963
v -0.076928781 0.010333985 0.006879402
v -0.076931708 0.010338011 0.006816099
v -0.072743581 0.010338826 0.006641538
v -0.072743581 0.010338826 0.010516493
v -0.076940414 0.010350015 0.006754351
v -0.076903551 0.010352126 0.013354123
v -0.072732988 0.010352608 0.010538734
v -0.076907117 0.010357128 0.013424379
v -0.076954684 0.010369687 0.006695678
v -0.072718459 0.010371515 0.006593251
v -0.072718459 0.010371515 0.010564767
v -0.076917707 0.010371997 0.013492524
v -0.072702608 0.010392164 0.010588614
v -0.076934996 0.010396288 0.013556458
v -0.076974169 0.010396535 0.006641538
v -0.072689048 0.010409824 0.006552016
v -0.072689048 0.010409824 0.010606015
v -0.076958460 0.010429249 0.013614229
v -0.076998389 0.010429929 0.006593251
v -0.072667409 0.010437993 0.010629084
v -0.072656066 0.010452751 0.006518833
v -0.072656066 0.010452751 0.010639186
v -0.077026747 0.010469003 0.006552016
v -0.076987389 0.010469879 0.013664109
v -0.072628467 0.010488688 0.010658895
v -0.072620332 0.010499284 0.006494529
v -0.072620332 0.010499284 0.010663489
v -0.077058541 0.010512819 0.006518833
v -0.077020902 0.010516943 0.013704578
v -0.052667590 0.010541988 0.006474720
v -0.052667590 0.010541988 0.010683286
v -0.072586964 0.010542717 0.010677148
v -0.072582719 0.010548250 0.006479709
v -0.072582719 0.010548250 0.010678309
v -0.062740425 0.010559636 0.006474720
v -0.062740425 0.010559636 0.010683286
v -0.077092996 0.010560303 0.006494529
v -0.073224225 0.010561562 0.010278628
v -0.073221814 0.010565922 0.010341932
v -0.077057979 0.010569022 0.013734378
v -0.073255596 0.010578691 0.006879402
v -0.073214642 0.010578901 0.010403680
v -0.073253231 0.010583075 0.006816099
v -0.073246195 0.010596129 0.006754351
v -0.072544160 0.010598451 0.006474720
v -0.072544160 0.010598451 0.010683286
v -0.073202888 0.010600167 0.010462340
v -0.077129257 0.010610281 0.006479709
v -0.073234660 0.010617518 0.006695678
v -0.076455799 0.010622359 0.006879402
v -0.076455799 0.010622359 0.013354123
v -0.077097497 0.010624533 0.013752630
v -0.076458044 0.010626805 0.006816099
v -0.073186834 0.010629201 0.010516493
v -0.076464722 0.010640044 0.006754351
v -0.073218909 0.010646713 0.006641538
v -0.076400072 0.010649849 0.013354123
v -0.076402743 0.010655382 0.013424379
v -0.077166433 0.010661520 0.006474720
v -0.076475670 0.010661730 0.006695678
v -0.073166883 0.010665299 0.010564767
v -0.076410677 0.010671832 0.013492524
v -0.077138251 0.010681773 0.013758780
v -0.073199332 0.010683020 0.006593251
v -0.076490619 0.010691356 0.006641538
v -0.076423626 0.010698679 0.013556458
v -0.073143524 0.010707559 0.010606015
v -0.073176408 0.010725515 0.006552016
v -0.076509199 0.010728170 0.006593251
v -0.076441199 0.010735123 0.013614229
v -0.073117334 0.010754944 0.010639186
v -0.076530953 0.010771282 0.006552016
v -0.073150708 0.010773172 0.006518833
v -0.073695370 0.010777630 0.010278628
v -0.076462870 0.010780051 0.013664109
v -0.073693638 0.010782298 0.010341932
v -0.073688485 0.010796204 0.010403680
v -0.073762653 0.010801773 0.006879402
v -0.073762653 0.010801773 0.010278628
v -0.073088948 0.010806281 0.010663489
v -0.073761020 0.010806491 0.006816099
v -0.073680038 0.010818976 0.010462340
v -0.076555343 0.010819619 0.006518833
v -0.073756154 0.010820495 0.006754351
v -0.073122860 0.010824793 0.006494529
v -0.075942845 0.010831524 0.006879402
v -0.075942845 0.010831524 0.013354123
v -0.076487970 0.010832104 0.013704578
v -0.075944352 0.010836278 0.006816099
v -0.073748183 0.010843441 0.006695678
v -0.073668506 0.010850097 0.010516493
v -0.075948832 0.010850394 0.006754351
v -0.075853623 0.010858495 0.013354123
v -0.073059078 0.010860323 0.010678309
v -0.075855324 0.010864398 0.013424379
v -0.076581777 0.010871993 0.006494529
v -0.075956177 0.010873561 0.006695678
v -0.073737293 0.010874784 0.006641538
v -0.073093548 0.010879143 0.006479709
v -0.075860366 0.010881947 0.013492524
v -0.073654172 0.010888764 0.010564767
v -0.076515741 0.010889678 0.013734378
v -0.075966205 0.010905201 0.006641538
v -0.075868609 0.010910598 0.013556458
v -0.073723764 0.010913734 0.006593251
v -0.073028454 0.010915723 0.010683286
v -0.074193510 0.010920860 0.010278628
v -0.074192498 0.010925738 0.010341932
v -0.076609591 0.010927109 0.006479709
v -0.052841416 0.010927875 0.006474720
v -0.052841416 0.010927875 0.010683286
v -0.063255645 0.010930555 0.006474720
v -0.063255645 0.010930555 0.010683286
v -0.073637392 0.010934037 0.010606015
v -0.073063496 0.010934852 0.006474720
v -0.074189478 0.010940249 0.010403680
v -0.074298818 0.010941052 0.006879402
v -0.074298818 0.010941052 0.010278628
v -0.075978665 0.010944510 0.006593251
v -0.074297957 0.010945967 0.006816099
v -0.075879792 0.010949486 0.013614229
v -0.076545340 0.010951055 0.013752630
v -0.075403078 0.010956118 0.006879402
v -0.075403078 0.010956118 0.013354123
v -0.073707920 0.010959354 0.006552016
v -0.074295391 0.010960552 0.006754351
v -0.075403809 0.010961046 0.006816099
v -0.074184532 0.010964047 0.010462340
v -0.075279829 0.010972074 0.013354123
v -0.075405974 0.010975717 0.006754351
v -0.075280508 0.010978174 0.013424379
v -0.076638113 0.010983645 0.006474720
v -0.074291186 0.010984497 0.006695678
v -0.073618571 0.010984806 0.010639186
v -0.074692620 0.010987202 0.010281259
v -0.074695106 0.010987325 0.010278628
v -0.074695106 0.010987325 0.013354123
v -0.074635133 0.010988264 0.010341796
v -0.074629394 0.010988820 0.010347798
v -0.074629283 0.010988832 0.013354123
v -0.075993259 0.010990536 0.006552016
v -0.074611539 0.010991092 0.010366433
v -0.074850346 0.010992932 0.006879402
v -0.074850346 0.010992932 0.013354123
v -0.074694745 0.010993463 0.013424379
v -0.074629922 0.010994957 0.013424379
v -0.075282524 0.010996328 0.013492524
v -0.074177777 0.010996514 0.010516493
v -0.075893580 0.010997415 0.013664109
v -0.074850275 0.010997921 0.006816099
v -0.074576007 0.010998045 0.010403284
v -0.075409524 0.010999749 0.006695678
v -0.074564972 0.011000898 0.010414634
v -0.074564577 0.011000996 0.013354123
v -0.074566204 0.011006924 0.013424379
v -0.073690155 0.011010493 0.006518833
v -0.074693676 0.011011703 0.013492524
v -0.074530573 0.011011938 0.010449805
v -0.074850074 0.011012741 0.006754351
v -0.074631827 0.011013111 0.013492524
v -0.076575865 0.011014346 0.013758780
v -0.074285440 0.011017162 0.006641538
v -0.074503240 0.011023250 0.010477406
v -0.074502703 0.011023485 0.013354123
v -0.074571021 0.011024535 0.013492524
v -0.075285822 0.011025955 0.013556458
v -0.074505265 0.011029079 0.013424379
v -0.075414374 0.011032562 0.006641538
v -0.074169382 0.011036897 0.010564767
v -0.074849744 0.011037045 0.006695678
v -0.073598182 0.011039811 0.010663489
v -0.074691929 0.011041454 0.013556458
v -0.076009623 0.011042145 0.006518833
v -0.074634929 0.011042763 0.013556458
v -0.074464225 0.011043713 0.010516221
v -0.074512876 0.011045677 0.013492524
v -0.074454543 0.011049666 0.010525730
v -0.075909551 0.011052951 0.013704578
v -0.074578893 0.011053284 0.013556458
v -0.074445509 0.011055569 0.010534535
v -0.074445293 0.011055705 0.013354123
v -0.074278305 0.011057780 0.006593251
v -0.074448726 0.011060818 0.013424379
v -0.073670905 0.011065918 0.006494529
v -0.075290295 0.011066165 0.013614229
v -0.074849290 0.011070216 0.006641538
v -0.074525309 0.011072760 0.013556458
v -0.075420404 0.011073365 0.006593251
v -0.074458930 0.011075958 0.013492524
v -0.074689564 0.011081849 0.013614229
v -0.074639144 0.011082997 0.013614229
v -0.074159555 0.011084171 0.010606015
v -0.074402665 0.011088777 0.010575622
v -0.074589576 0.011092309 0.013614229
v -0.074394095 0.011096619 0.010583650
v -0.074393866 0.011096829 0.013354123
v -0.073576724 0.011097706 0.010678309
v -0.076027350 0.011098064 0.006494529
v -0.074475586 0.011100682 0.013556458
v -0.074398084 0.011101299 0.013424379
v -0.074269945 0.011105338 0.006552016
v -0.074542175 0.011109549 0.013614229
v -0.074848728 0.011111451 0.006593251
v -0.075927226 0.011114378 0.013734378
v -0.074410603 0.011114588 0.013492524
v -0.075295806 0.011115736 0.013664109
v -0.074370152 0.011121133 0.010605731
v -0.075427462 0.011121133 0.006552016
v -0.073650646 0.011124245 0.006479709
v -0.074686643 0.011131642 0.013664109
v -0.074644334 0.011132606 0.013664109
v -0.074498195 0.011134236 0.013614229
v -0.074431051 0.011136286 0.013556458
v -0.074148536 0.011137187 0.010639186
v -0.074356404 0.011137298 0.010618117
v -0.074602743 0.011140423 0.013664109
v -0.074349893 0.011145597 0.010623897
v -0.074349788 0.011145721 0.013354123
v -0.074354675 0.011149463 0.013424379
v -0.074562972 0.011154884 0.013664109
v -0.076046011 0.011156934 0.006479709
v -0.073554721 0.011157058 0.010683286
v -0.074260575 0.011158663 0.006518833
v -0.074848070 0.011159738 0.006552016
v -0.074369183 0.011160540 0.013492524
v -0.074458803 0.011165727 0.013614229
v -0.075302191 0.011173161 0.013704578
v -0.075435375 0.011174693 0.006518833
v -0.074329463 0.011174927 0.010641569
v -0.074526068 0.011175594 0.013664109
v -0.074392878 0.011178632 0.013556458
v -0.075946056 0.011179867 0.013752630
v -0.073629874 0.011184041 0.006474720
v -0.074683263 0.011189327 0.013704578
v -0.074650354 0.011190068 0.013704578
v -0.074136594 0.011194613 0.010663489
v -0.074617998 0.011196156 0.013704578
v -0.074314357 0.011200874 0.010654079
v -0.074314224 0.011201133 0.013354123
v -0.074493012 0.011202022 0.013664109
v -0.074425033 0.011203183 0.013614229
v -0.074319649 0.011204023 0.013424379
v -0.074587063 0.011207407 0.013704578
v -0.074335765 0.011212606 0.013492524
v -0.074847329 0.011213878 0.006518833
v -0.074250420 0.011216447 0.006494529
v -0.076065146 0.011217262 0.006474720
v -0.074303779 0.011222202 0.010662440
v -0.074558356 0.011223511 0.013704578
v -0.074362079 0.011226610 0.013556458
v -0.075443952 0.011232736 0.006494529
v -0.074464679 0.011233452 0.013664109
v -0.074298318 0.011234625 0.010666577
v -0.075309261 0.011236712 0.013734378
v -0.074532644 0.011244060 0.013704578
v -0.074397790 0.011245616 0.013614229
v -0.075965482 0.011247395 0.013758780
v -0.074679521 0.011253149 0.013734378
v -0.074657010 0.011253656 0.013734378
v -0.074124026 0.011255076 0.010678309
v -0.074634880 0.011257818 0.013734378
v -0.074288157 0.011261436 0.010673838
v -0.074288111 0.011261572 0.013354123
v -0.074293934 0.011263548 0.013424379
v -0.074613713 0.011265511 0.013734378
v -0.074510604 0.011268525 0.013704578
v -0.074441820 0.011269068 0.013664109
v -0.074311229 0.011269389 0.013492524
v -0.074846530 0.011272538 0.006494529
v -0.074594080 0.011276527 0.013734378
v -0.074239732 0.011277268 0.006479709
v -0.074339463 0.011278960 0.013556458
v -0.074282649 0.011278997 0.010677407
v -0.074576491 0.011290593 0.013734378
v -0.074377787 0.011291915 0.013614229
v -0.075452973 0.011293817 0.006479709
v -0.074492820 0.011296225 0.013704578
v -0.075316791 0.011304425 0.013752630
v -0.074561416 0.011307315 0.013734378
v -0.074425033 0.011307907 0.013664109
v -0.074111142 0.011317058 0.010683286
v -0.074675532 0.011321171 0.013752630
v -0.074664105 0.011321418 0.013752630
v -0.074652867 0.011323530 0.013752630
v -0.074272149 0.011325444 0.010682730
v -0.074272149 0.011325444 0.013354123
v -0.074549251 0.011326271 0.013734378
v -0.074479767 0.011326432 0.013704578
v -0.074278210 0.011326444 0.013424379
v -0.074642123 0.011327432 0.013752630
v -0.074296225 0.011329420 0.013492524
v -0.074632154 0.011333026 0.013752630
v -0.074325641 0.011334261 0.013556458
v -0.074845687 0.011334274 0.006479709
v -0.074228771 0.011339621 0.006474720
v -0.074623222 0.011340177 0.013752630
v -0.074365558 0.011340856 0.013614229
v -0.074268688 0.011346401 0.010683286
v -0.074540320 0.011346932 0.013734378
v -0.074615568 0.011348661 0.013752630
v -0.074414771 0.011348982 0.013664109
v -0.075462226 0.011356441 0.006474720
v -0.074609394 0.011358281 0.013752630
v -0.074471783 0.011358380 0.013704578
v -0.074534858 0.011368778 0.013734378
v -0.074604858 0.011368778 0.013752630
v -0.075324559 0.011374262 0.013758780
v -0.074602089 0.011379868 0.013752630
v -0.063698626 0.011385302 0.006474720
v -0.063698626 0.011385302 0.010683286
v -0.074671419 0.011391304 0.013758780
v -0.074844822 0.011397577 0.006474720
v -0.053102145 0.011506710 0.006474720
v -0.053102145 0.011506710 0.010683286
v -0.064055911 0.011910059 0.006474720
v -0.064055911 0.011910059 0.010683286
v -0.053459430 0.012031467 0.006474720
v -0.053459430 0.012031467 0.010683286
v -0.053902415 0.012486227 0.006474720
v -0.053902415 0.012486227 0.010683286
v -0.064316641 0.012488895 0.006474720
v -0.064316641 0.012488895 0.010683286
v -0.054417626 0.012857146 0.006474720
v -0.054417626 0.012857146 0.010683286
v -0.086400514 0.013032151 0.006474720
v -0.086400514 0.013032151 0.013758780
v -0.086451487 0.013080525 0.006480870
v -0.086451487 0.013080525 0.013752630
v -0.064472903 0.013104211 0.006474720
v -0.064472903 0.013104211 0.010683286
v -0.086500911 0.013127416 0.006499135
v -0.086500911 0.013127416 0.013734378
v -0.054989434 0.013132973 0.006474720
v -0.054989434 0.013132973 0.010683286
v -0.086547287 0.013171430 0.006528947
v -0.086547287 0.013171430 0.013704578
v -0.086589200 0.013211195 0.006569392
v -0.086589200 0.013211195 0.013664109
v -0.086625383 0.013245539 0.006619272
v -0.086625383 0.013245539 0.013614229
v -0.086654733 0.013273387 0.006677055
v -0.086654733 0.013273387 0.013556458
v -0.086676355 0.013293912 0.006740989
v -0.086676355 0.013293912 0.013492524
v -0.055600441 0.013305299 0.006474720
v -0.055600441 0.013305299 0.010683286
v -0.086689600 0.013306472 0.006809121
v -0.086689600 0.013306472 0.013424379
v -0.086694058 0.013310695 0.006879402
v -0.086694058 0.013310695 0.013354123
v -0.056007778 0.013420187 0.006474720
v -0.056007778 0.013420187 0.010683286
v -0.056388978 0.013604071 0.006474720
v -0.056388978 0.013604071 0.010683286
v -0.064519936 0.013737323 0.006474720
v -0.064519936 0.013737323 0.010683286
v -0.056732456 0.013851346 0.006474720
v -0.056732456 0.013851346 0.010683286
v -0.057027777 0.014154515 0.006474720
v -0.057027777 0.014154515 0.010683286
v -0.085717754 0.014312380 0.006879402
v -0.085717754 0.014312380 0.013354123
v -0.064456320 0.014368965 0.006474720
v -0.064456320 0.014368965 0.010683286
v -0.057265975 0.014504353 0.006474720
v -0.057265975 0.014504353 0.010683286
v -0.057439795 0.014890240 0.006474720
v -0.057439795 0.014890240 0.010683286
v -0.064283982 0.014979984 0.006474720
v -0.064283982 0.014979984 0.010683286
v -0.057700531 0.015469088 0.006474720
v -0.057700531 0.015469088 0.010683286
v -0.064008165 0.015551780 0.006474720
v -0.064008165 0.015551780 0.010683286
v -0.083416240 0.015934406 0.006474720
v -0.083416240 0.015934406 0.013758780
v -0.083463174 0.015986707 0.006480870
v -0.083463174 0.015986707 0.013752630
v -0.058057809 0.015993857 0.006474720
v -0.058057809 0.015993857 0.010683286
v -0.083508676 0.016037414 0.006499135
v -0.083508676 0.016037414 0.013734378
v -0.063637246 0.016067004 0.006474720
v -0.063637246 0.016067004 0.010683286
v -0.083551371 0.016085009 0.006528947
v -0.083551371 0.016085009 0.013704578
v -0.083589961 0.016128010 0.006569392
v -0.083589961 0.016128010 0.013664109
v -0.083623274 0.016165133 0.006619272
v -0.083623274 0.016165133 0.013614229
v -0.083650294 0.016195241 0.006677055
v -0.083650294 0.016195241 0.013556458
v -0.083670202 0.016217433 0.006740989
v -0.083670202 0.016217433 0.013492524
v -0.083682396 0.016231030 0.006809121
v -0.083682396 0.016231030 0.013424379
v -0.083686502 0.016235600 0.006879402
v -0.083686502 0.016235600 0.013354123
v -0.058500794 0.016448605 0.006474720
v -0.058500794 0.016448605 0.010683286
v -0.063182495 0.016509982 0.006474720
v -0.063182495 0.016509982 0.010683286
v -0.059016011 0.016819523 0.006474720
v -0.059016011 0.016819523 0.010683286
v -0.062657729 0.016867267 0.006474720
v -0.062657729 0.016867267 0.010683286
v -0.059587813 0.017095338 0.006474720
v -0.059587813 0.017095338 0.010683286
v -0.062078896 0.017128003 0.006474720
v -0.062078896 0.017128003 0.010683286
v -0.060198820 0.017267676 0.006474720
v -0.060198820 0.017267676 0.010683286
v -0.061463577 0.017284261 0.006474720
v -0.061463577 0.017284261 0.010683286
v -0.060830474 0.017331301 0.006474720
v -0.060830474 0.017331301 0.010683286
v -0.081555271 0.018047389 0.006879402
v -0.081555271 0.018047389 0.013354123
v -0.080208821 0.018587966 0.006474720
v -0.080208821 0.018587966 0.013758780
v -0.080251405 0.018643873 0.006480870
v -0.080251405 0.018643873 0.013752630
v -0.080292696 0.018698063 0.006499135
v -0.080292696 0.018698063 0.013734378
v -0.080331440 0.018748930 0.006528947
v -0.080331440 0.018748930 0.013704578
v -0.080366457 0.018794883 0.006569392
v -0.080366457 0.018794883 0.013664109
v -0.080396682 0.018834562 0.006619272
v -0.080396682 0.018834562 0.013614229
v -0.080421202 0.018866745 0.006677055
v -0.080421202 0.018866745 0.013556458
v -0.080439267 0.018890456 0.006740989
v -0.080439267 0.018890456 0.013492524
v -0.080450332 0.018904979 0.006809121
v -0.080450332 0.018904979 0.013424379
v -0.080454058 0.018909870 0.006879402
v -0.080454058 0.018909870 0.013354123
v -0.056354936 0.020114395 0.006474720
v -0.056354936 0.020114395 0.010683286
v -0.056316369 0.020164596 0.006479709
v -0.056316369 0.020164596 0.010678309
v -0.056312127 0.020170129 0.006480870
v -0.056278764 0.020213562 0.006494529
v -0.056278764 0.020213562 0.010663489
v -0.056270620 0.020224158 0.006499135
v -0.056243025 0.020260095 0.006518833
v -0.056243025 0.020260095 0.010639186
v -0.056231682 0.020274853 0.006528947
v -0.056210045 0.020303022 0.006552016
v -0.056210045 0.020303022 0.010606015
v -0.056196485 0.020320682 0.006569392
v -0.056180629 0.020341318 0.006593251
v -0.056180629 0.020341318 0.010564767
v -0.056166105 0.020360238 0.006619272
v -0.056155510 0.020374020 0.006641538
v -0.056155510 0.020374020 0.010516493
v -0.056141456 0.020392322 0.006677055
v -0.056135300 0.020400337 0.006695678
v -0.056135300 0.020400337 0.010462340
v -0.056123302 0.020415971 0.006740989
v -0.056120499 0.020419614 0.006754351
v -0.056120499 0.020419614 0.010403680
v -0.056112175 0.020430445 0.006809121
v -0.056111471 0.020431371 0.006816099
v -0.056111471 0.020431371 0.010341932
v -0.056108433 0.020435323 0.006879402
v -0.056108433 0.020435323 0.010278628
v -0.072747570 0.020567154 0.010683286
v -0.072747570 0.020567154 0.013354123
v -0.072753636 0.020568155 0.013424379
v -0.072771651 0.020571131 0.013492524
v -0.072801062 0.020575984 0.013556458
v -0.072840982 0.020582567 0.013614229
v -0.072890195 0.020590680 0.013664109
v -0.072947206 0.020600091 0.013704578
v -0.073010285 0.020610501 0.013734378
v -0.073077509 0.020621591 0.013752630
v -0.073146843 0.020633027 0.013758780
v -0.073129705 0.020848514 0.013758780
v -0.073059439 0.020848860 0.013752630
v -0.072991303 0.020849181 0.013734378
v -0.072927373 0.020849477 0.013704578
v -0.072869592 0.020849761 0.013664109
v -0.072819716 0.020849996 0.013614229
v -0.072779259 0.020850194 0.013556458
v -0.072749447 0.020850342 0.013492524
v -0.072731188 0.020850416 0.013424379
v -0.072725041 0.020850441 0.010683286
v -0.072725041 0.020850441 0.013354123
v -0.076798922 0.020975764 0.006474720
v -0.076798922 0.020975764 0.013758780
v -0.076833124 0.021029027 0.006479709
v -0.076836885 0.021034893 0.006480870
v -0.076836885 0.021034893 0.013752630
v -0.073148905 0.021063828 0.013758780
v -0.073079683 0.021075931 0.013752630
v -0.076866481 0.021080982 0.006494529
v -0.073012566 0.021087651 0.013734378
v -0.076873696 0.021092232 0.013734378
v -0.072949593 0.021098667 0.013704578
v -0.072892674 0.021108620 0.013664109
v -0.072843541 0.021117203 0.013614229
v -0.072803686 0.021124168 0.013556458
v -0.072774319 0.021129306 0.013492524
v -0.076898179 0.021130355 0.006518833
v -0.072756335 0.021132455 0.013424379
v -0.072750280 0.021133505 0.010683286
v -0.072750280 0.021133505 0.013354123
v -0.076908237 0.021146027 0.013704578
v -0.076927432 0.021175913 0.006552016
v -0.076939454 0.021194647 0.013664109
v -0.076953517 0.021216555 0.006593251
v -0.076966404 0.021236623 0.013614229
v -0.076975799 0.021251258 0.006641538
v -0.076988263 0.021270671 0.013556458
v -0.073203892 0.021272882 0.013758780
v -0.076993721 0.021279168 0.006695678
v -0.077004369 0.021295753 0.013492524
v -0.073137676 0.021296408 0.013752630
v -0.077006852 0.021299631 0.006754351
v -0.077014231 0.021311116 0.006809121
v -0.077014231 0.021311116 0.013424379
v -0.077014860 0.021312091 0.006816099
v -0.077017553 0.021316290 0.006879402
v -0.077017553 0.021316290 0.013354123
v -0.073073474 0.021319217 0.013734378
v -0.073013230 0.021340619 0.013704578
v -0.072958781 0.021359958 0.013664109
v -0.072911782 0.021376655 0.013614229
v -0.072873655 0.021390190 0.013556458
v -0.072845563 0.021400181 0.013492524
v -0.072828360 0.021406294 0.013424379
v -0.072822568 0.021408344 0.010683286
v -0.072822568 0.021408344 0.013354123
v -0.058370438 0.021454778 0.006474720
v -0.073293117 0.021469783 0.013758780
v -0.058419534 0.021482700 0.010683286
v -0.073231777 0.021504065 0.013752630
v -0.058339052 0.021509746 0.006479709
v -0.073172298 0.021537310 0.013734378
v -0.058388323 0.021537779 0.010678309
v -0.058308437 0.021563368 0.006494529
v -0.073116491 0.021568493 0.013704578
v -0.058357876 0.021591488 0.010663489
v -0.073066052 0.021596674 0.013664109
v -0.058279348 0.021614322 0.006518833
v -0.073022514 0.021621015 0.013614229
v -0.072987194 0.021640750 0.013556458
v -0.058328950 0.021642528 0.010639186
v -0.073414059 0.021648962 0.013758780
v -0.072961174 0.021655285 0.013492524
v -0.058252500 0.021661337 0.006552016
v -0.072945233 0.021664202 0.013424379
v -0.072939868 0.021667190 0.010683286
v -0.072939868 0.021667190 0.013354123
v -0.058302256 0.021689642 0.010606015
v -0.073359323 0.021693026 0.013752630
v -0.058228560 0.021703263 0.006593251
v -0.058278449 0.021731643 0.010564767
v -0.073306254 0.021735755 0.013734378
v -0.058208113 0.021739077 0.006641538
v -0.058258116 0.021767518 0.010516493
v -0.058191663 0.021767889 0.006695678
v -0.073256461 0.021775854 0.013704578
v -0.058179616 0.021788994 0.006754351
v -0.058241756 0.021796391 0.010462340
v -0.058172265 0.021801862 0.006816099
v -0.073563301 0.021805345 0.013758780
v -0.058169792 0.021806197 0.006879402
v -0.073211456 0.021812088 0.013664109
v -0.058229774 0.021817534 0.010403680
v -0.058222466 0.021830427 0.010341932
v -0.058220011 0.021834774 0.010278628
v -0.073172604 0.021843369 0.013614229
v -0.073516721 0.021857941 0.013752630
v -0.073141091 0.021868735 0.013556458
v -0.073117871 0.021887432 0.013492524
v -0.073103650 0.021898893 0.013424379
v -0.073098862 0.021902733 0.010683286
v -0.073098862 0.021902733 0.013354123
v -0.073471556 0.021908970 0.013734378
v -0.073736626 0.021934521 0.013758780
v -0.073429178 0.021956837 0.013704578
v -0.073699516 0.021994194 0.013752630
v -0.074979062 0.021998578 0.013758780
v -0.073390879 0.022000097 0.013664109
v -0.073929137 0.022032848 0.013758780
v -0.073357816 0.022037455 0.013614229
v -0.073663536 0.022052052 0.013734378
v -0.075009837 0.022061746 0.013752630
v -0.073330999 0.022067748 0.013556458
v -0.074777459 0.022076590 0.013758780
v -0.073311237 0.022090051 0.013492524
v -0.074135400 0.022097535 0.013758780
v -0.073902549 0.022097881 0.013752630
v -0.073299137 0.022103735 0.013424379
v -0.073629775 0.022106340 0.013704578
v -0.073295062 0.022108341 0.010683286
v -0.073295062 0.022108341 0.013354123
v -0.074565636 0.022119727 0.013758780
v -0.075039677 0.022123000 0.013734378
v -0.074349584 0.022126766 0.013758780
v -0.074677810 0.022141858 0.006474720
v -0.074797218 0.022144031 0.013752630
v -0.073599259 0.022155405 0.013664109
v -0.073876763 0.022160962 0.013734378
v -0.074120080 0.022166124 0.013752630
v -0.075067676 0.022180487 0.013704578
v -0.074573824 0.022189515 0.013752630
v -0.074345965 0.022196949 0.013752630
v -0.073572921 0.022197764 0.013614229
v -0.074704464 0.022199271 0.006479709
v -0.074816375 0.022209397 0.013734378
v -0.073852573 0.022220141 0.013704578
v -0.073551553 0.022232120 0.013556458
v -0.075092980 0.022232429 0.013664109
v -0.074105223 0.022232614 0.013734378
v -0.074730459 0.022255276 0.006494529
v -0.074581762 0.022257190 0.013734378
v -0.073535813 0.022257437 0.013492524
v -0.074342455 0.022264983 0.013734378
v -0.074834353 0.022270750 0.013704578
v -0.073526172 0.022272936 0.013424379
v -0.073830708 0.022273627 0.013664109
v -0.075114824 0.022277270 0.013614229
v -0.073522924 0.022278160 0.010683286
v -0.073522924 0.022278160 0.013354123
v -0.074091287 0.022295004 0.013704578
v -0.074755159 0.022308502 0.006518833
v -0.075132542 0.022313640 0.013556458
v -0.073811835 0.022319790 0.013614229
v -0.074589208 0.022320679 0.013704578
v -0.074850602 0.022326199 0.013664109
v -0.074339164 0.022328830 0.013704578
v -0.075145599 0.022340438 0.013492524
v -0.074078684 0.022351405 0.013664109
v -0.075153595 0.022356851 0.013424379
v -0.073796525 0.022357234 0.013556458
v -0.074777953 0.022357604 0.006552016
v -0.075156287 0.022362371 0.010278628
v -0.075156287 0.022362371 0.013354123
v -0.075149952 0.022365446 0.010281901
v -0.074864628 0.022374066 0.013614229
v -0.074595939 0.022378067 0.013664109
v -0.073785247 0.022384835 0.013492524
v -0.074336188 0.022386539 0.013664109
v -0.074067810 0.022400074 0.013614229
v -0.074798283 0.022401396 0.006593251
v -0.073778334 0.022401742 0.013424379
v -0.073776009 0.022407422 0.010683286
v -0.073776009 0.022407422 0.013354123
v -0.074876002 0.022412893 0.013556458
v -0.075039507 0.022413906 0.010337943
v -0.075031578 0.022417030 0.010341870
v -0.074601749 0.022427601 0.013614229
v -0.074333619 0.022436357 0.013614229
v -0.074815644 0.022438815 0.006641538
v -0.074058993 0.022439556 0.013556458
v -0.074884384 0.022441507 0.013492524
v -0.074889519 0.022459019 0.013424379
v -0.074904477 0.022460995 0.010403124
v -0.073939153 0.022464576 0.010683286
v -0.074891757 0.022464774 0.010409052
v -0.074891247 0.022464934 0.013354123
v -0.074606464 0.022467787 0.013556458
v -0.074052491 0.022468664 0.013492524
v -0.074829611 0.022468911 0.006695678
v -0.074331535 0.022476765 0.013556458
v -0.074048511 0.022486472 0.013424379
v -0.074839846 0.022490942 0.006754351
v -0.074047168 0.022492474 0.013354123
v -0.074047304 0.022492498 0.010677691
v -0.074763942 0.022496919 0.010466403
v -0.074609937 0.022497401 0.013492524
v -0.074090849 0.022501637 0.010672628
v -0.074846085 0.022504391 0.006816099
v -0.074330001 0.022506527 0.013492524
v -0.074848181 0.022508911 0.006879402
v -0.060549266 0.022509096 0.006474720
v -0.074152152 0.022512455 0.010663156
v -0.074612061 0.022515530 0.013424379
v -0.074644939 0.022517556 0.010515752
v -0.074613472 0.022521557 0.010528077
v -0.074612781 0.022521643 0.013354123
v -0.074329062 0.022524768 0.013424379
v -0.074270954 0.022526929 0.010638099
v -0.074519298 0.022529967 0.010562976
v -0.074328747 0.022530905 0.013354123
v -0.074329448 0.022530942 0.010622921
v -0.074391078 0.022532968 0.010605138
v -0.060654203 0.022550949 0.010683286
v -0.060525635 0.022567831 0.006479709
v -0.060630940 0.022609819 0.010678309
v -0.060502585 0.022625120 0.006494529
v -0.074566183 0.022636902 0.010278628
v -0.060608257 0.022667244 0.010663489
v -0.060480683 0.022679532 0.006518833
v -0.060586701 0.022721817 0.010639186
v -0.060460473 0.022729758 0.006552016
v -0.060566808 0.022772166 0.010606015
v -0.060442445 0.022774562 0.006593251
v -0.060427049 0.022812821 0.006641538
v -0.060549065 0.022817082 0.010564767
v -0.060414662 0.022843596 0.006695678
v -0.060533915 0.022855427 0.010516493
v -0.060405591 0.022866134 0.006754351
v -0.060400056 0.022879891 0.006816099
v -0.060398197 0.022884510 0.006879402
v -0.060521720 0.022886288 0.010462340
v -0.072794609 0.022888746 0.010683286
v -0.060512795 0.022908888 0.010403680
v -0.060507348 0.022922670 0.010341932
v -0.060505515 0.022927301 0.010278628
v -0.072814560 0.022948827 0.010678309
v -0.072834016 0.023007437 0.010663489
v -0.072418019 0.023009166 0.006474720
v -0.072852504 0.023063097 0.010639186
v -0.072436626 0.023069679 0.006479709
v -0.060976616 0.023105913 0.006879402
v -0.060976616 0.023105913 0.010278628
v -0.072869568 0.023114496 0.010606015
v -0.072454777 0.023128698 0.006494529
v -0.072884782 0.023160313 0.010564767
v -0.072472023 0.023184765 0.006518833
v -0.072897780 0.023199448 0.010516493
v -0.072908237 0.023230940 0.010462340
v -0.072487939 0.023236509 0.006552016
v -0.072915897 0.023253996 0.010403680
v -0.062851067 0.023257849 0.006474720
v -0.072920565 0.023268075 0.010341932
v -0.072922137 0.023272805 0.010278628
v -0.072502135 0.023282672 0.006593251
v -0.063015594 0.023298393 0.010683286
v -0.062835627 0.023319239 0.006479709
v -0.072514256 0.023322092 0.006641538
v -0.072524009 0.023353793 0.006695678
v -0.063000741 0.023359931 0.010678309
v -0.072531153 0.023377022 0.006754351
v -0.062820567 0.023379109 0.006494529
v -0.072535509 0.023391200 0.006816099
v -0.072536976 0.023395967 0.006879402
v -0.062986252 0.023419949 0.010663489
v -0.062806257 0.023436016 0.006518833
v -0.062972485 0.023476980 0.010639186
v -0.062793052 0.023488526 0.006552016
v -0.070395305 0.023503729 0.010683286
v -0.062959780 0.023529613 0.010606015
v -0.062781277 0.023535356 0.006593251
v -0.070061391 0.023561648 0.006474720
v -0.070406716 0.023565995 0.010678309
v -0.071941981 0.023567922 0.006879402
v -0.071941981 0.023567922 0.010278628
v -0.062771215 0.023575344 0.006641538
v -0.062948450 0.023576554 0.010564767
v -0.062763123 0.023607514 0.006695678
v -0.062938771 0.023616641 0.010516493
v -0.070071617 0.023624112 0.006479709
v -0.070417843 0.023626730 0.010663489
v -0.062757195 0.023631090 0.006754351
v -0.062753580 0.023645465 0.006816099
v -0.062930988 0.023648885 0.010462340
v -0.062752364 0.023650293 0.006879402
v -0.062925282 0.023672510 0.010403680
v -0.070428420 0.023684440 0.010639186
v -0.070081583 0.023685057 0.006494529
v -0.062921806 0.023686922 0.010341932
v -0.065233209 0.023687144 0.006474720
v -0.062920636 0.023691763 0.010278628
v -0.065457927 0.023710559 0.010683286
v -0.070438176 0.023737691 0.010606015
v -0.070091058 0.023742940 0.006518833
v -0.065226247 0.023750053 0.006479709
v -0.065451762 0.023773566 0.010678309
v -0.067933833 0.023779445 0.010683286
v -0.070446883 0.023785187 0.010564767
v -0.067651581 0.023789040 0.006474720
v -0.070099802 0.023796376 0.006552016
v -0.065219458 0.023811430 0.006494529
v -0.070454314 0.023825756 0.010516493
v -0.065445754 0.023835018 0.010663489
v -0.067936482 0.023842699 0.010678309
v -0.070107597 0.023844033 0.006593251
v -0.067653226 0.023852319 0.006479709
v -0.063658762 0.023853801 0.006879402
v -0.063658762 0.023853801 0.010278628
v -0.070460294 0.023858395 0.010462340
v -0.065213005 0.023869745 0.006518833
v -0.070464672 0.023882292 0.010403680
v -0.070114254 0.023884737 0.006641538
v -0.065440042 0.023893406 0.010639186
v -0.070467346 0.023896877 0.010341932
v -0.070468244 0.023901779 0.010278628
v -0.067939066 0.023904385 0.010663489
v -0.067654832 0.023914043 0.006494529
v -0.070119613 0.023917476 0.006695678
v -0.065207053 0.023923552 0.006552016
v -0.070123538 0.023941446 0.006754351
v -0.065434772 0.023947288 0.010606015
v -0.070125930 0.023956080 0.006816099
v -0.070126733 0.023960996 0.006879402
v -0.067941524 0.023963009 0.010639186
v -0.065201739 0.023971554 0.006593251
v -0.067656357 0.023972691 0.006518833
v -0.065430070 0.023995352 0.010564767
v -0.065197204 0.024012530 0.006641538
v -0.067943790 0.024017100 0.010606015
v -0.067657762 0.024026819 0.006552016
v -0.065426056 0.024036390 0.010516493
v -0.065193558 0.024045516 0.006695678
v -0.067945812 0.024065349 0.010564767
v -0.065422827 0.024069412 0.010462340
v -0.065190881 0.024069659 0.006754351
v -0.067659015 0.024075081 0.006593251
v -0.065189254 0.024084405 0.006816099
v -0.069206432 0.024087541 0.006879402
v -0.069206432 0.024087541 0.010278628
v -0.065188704 0.024089357 0.006879402
v -0.065420462 0.024093605 0.010403680
v -0.067947535 0.024106560 0.010516493
v -0.065419017 0.024108350 0.010341932
v -0.065418532 0.024113303 0.010278628
v -0.067660090 0.024116316 0.006641538
v -0.067948927 0.024139693 0.010462340
v -0.067660951 0.024149474 0.006695678
v -0.067949943 0.024163985 0.010403680
v -0.067661581 0.024173766 0.006754351
v -0.067950563 0.024178792 0.010341932
v -0.066423628 0.024183584 0.006879402
v -0.066423628 0.024183584 0.010278628
v -0.067950770 0.024183757 0.010278628
v -0.067661967 0.024188585 0.006816099
v -0.067662096 0.024193562 0.006879402
v -0.051681453 0.001718125 0.005982850
v -0.051681453 0.001718125 0.006474720
v -0.051601002 0.001718915 0.005982850
v -0.051601095 0.001723744 0.005927722
v -0.051922702 0.001725325 0.005982850
v -0.051922418 0.001730141 0.005927722
v -0.051601385 0.001738057 0.005874273
v -0.051279809 0.001738106 0.005982850
v -0.051280291 0.001742910 0.005927722
v -0.052134540 0.001743577 0.005982850
v -0.051228367 0.001743577 0.005982850
v -0.052134540 0.001743577 0.006474720
v -0.051228367 0.001743577 0.006474720
v -0.051921559 0.001744429 0.005874273
v -0.051281705 0.001757149 0.005874273
v -0.052242876 0.001757260 0.005982850
v -0.051601848 0.001761447 0.005824121
v -0.052242209 0.001762040 0.005927722
v -0.051920170 0.001767782 0.005824121
v -0.052240227 0.001776217 0.005874273
v -0.051284026 0.001780428 0.005824121
v -0.050961154 0.001782738 0.005982850
v -0.050962012 0.001787492 0.005927722
v -0.051602472 0.001793185 0.005778798
v -0.052236979 0.001799372 0.005824121
v -0.051918274 0.001799459 0.005778798
v -0.050964562 0.001801583 0.005874273
v -0.051287182 0.001812018 0.005778798
v -0.052559512 0.001814538 0.005982850
v -0.052558463 0.001819243 0.005927722
v -0.052581933 0.001819589 0.005982850
v -0.050780980 0.001819589 0.005982850
v -0.052581933 0.001819589 0.006474720
v -0.050780980 0.001819589 0.006474720
v -0.050968724 0.001824603 0.005824121
v -0.052232577 0.001830814 0.005778798
v -0.051603256 0.001832309 0.005739663
v -0.052555357 0.001833223 0.005874273
v -0.051915940 0.001838521 0.005739663
v -0.051291066 0.001850957 0.005739663
v -0.050647055 0.001852562 0.005982850
v -0.050974374 0.001855835 0.005778798
v -0.052550275 0.001856057 0.005824121
v -0.050648284 0.001857230 0.005927722
v -0.052227143 0.001869567 0.005739663
v -0.050651946 0.001871074 0.005874273
v -0.051604158 0.001877632 0.005707912
v -0.051913242 0.001883769 0.005707912
v -0.052543390 0.001887042 0.005778798
v -0.050657929 0.001893686 0.005824121
v -0.050981339 0.001894340 0.005739663
v -0.051295561 0.001896057 0.005707912
v -0.052870585 0.001896786 0.005982850
v -0.052869165 0.001901392 0.005927722
v -0.052220857 0.001914458 0.005707912
v -0.052864954 0.001915075 0.005874273
v -0.050666036 0.001924362 0.005778798
v -0.052534900 0.001925239 0.005739663
v -0.051605152 0.001927783 0.005684534
v -0.051910247 0.001933847 0.005684534
v -0.052858081 0.001937440 0.005824121
v -0.050989409 0.001938947 0.005707912
v -0.053018002 0.001945221 0.005982850
v -0.050344917 0.001945221 0.005982850
v -0.053018002 0.001945221 0.006474720
v -0.050344917 0.001945221 0.006474720
v -0.051300538 0.001945962 0.005684534
v -0.050339490 0.001947110 0.005982850
v -0.050341095 0.001951667 0.005927722
v -0.050676040 0.001962201 0.005739663
v -0.052213898 0.001964128 0.005684534
v -0.050345844 0.001965177 0.005874273
v -0.052848757 0.001967771 0.005778798
v -0.052525063 0.001969487 0.005707912
v -0.051606220 0.001981220 0.005670209
v -0.051907067 0.001987197 0.005670209
v -0.050353593 0.001987234 0.005824121
v -0.050998338 0.001988296 0.005684534
v -0.051305842 0.001999151 0.005670209
v -0.053174143 0.002003473 0.005982850
v -0.052837260 0.002005178 0.005739663
v -0.050687630 0.002006030 0.005707912
v -0.053172365 0.002007969 0.005927722
v -0.052206482 0.002017058 0.005670209
v -0.050364127 0.002017181 0.005778798
v -0.052514183 0.002018441 0.005684534
v -0.053167079 0.002021281 0.005874273
v -0.051607313 0.002036336 0.005665380
v -0.051007853 0.002040905 0.005670209
v -0.051903776 0.002042226 0.005665380
v -0.053158453 0.002043017 0.005824121
v -0.052823941 0.002048512 0.005707912
v -0.051311319 0.002054008 0.005665380
v -0.050377100 0.002054094 0.005739663
v -0.050700448 0.002054514 0.005684534
v -0.050040421 0.002065802 0.005982850
v -0.050042372 0.002070210 0.005927722
v -0.052502587 0.002070630 0.005670209
v -0.052198832 0.002071655 0.005665380
v -0.053146746 0.002072520 0.005778798
v -0.050048182 0.002083301 0.005874273
v -0.051017659 0.002095144 0.005665380
v -0.052809202 0.002096453 0.005684534
v -0.050392136 0.002096861 0.005707912
v -0.050057667 0.002104678 0.005824121
v -0.050714113 0.002106197 0.005670209
v -0.053132309 0.002108902 0.005739663
v -0.053437257 0.002118868 0.005982850
v -0.049925662 0.002118868 0.005982850
v -0.053437257 0.002118868 0.006474720
v -0.049925662 0.002118868 0.006474720
v -0.052490620 0.002124437 0.005665380
v -0.050070541 0.002133687 0.005778798
v -0.053468260 0.002133971 0.005982850
v -0.053466136 0.002138293 0.005927722
v -0.050408764 0.002144184 0.005684534
v -0.052793493 0.002147543 0.005670209
v -0.053115588 0.002151026 0.005707912
v -0.053459807 0.002151137 0.005874273
v -0.050728204 0.002159485 0.005665380
v -0.050086404 0.002169464 0.005739663
v -0.053449476 0.002172131 0.005824121
v -0.050426492 0.002194607 0.005670209
v -0.053097088 0.002197645 0.005684534
v -0.052777291 0.002200239 0.005665380
v -0.053435466 0.002200609 0.005778798
v -0.049751719 0.002207871 0.005982850
v -0.050104793 0.002210896 0.005707912
v -0.049754016 0.002212119 0.005927722
v -0.049760845 0.002224703 0.005874273
v -0.053418189 0.002235719 0.005739663
v -0.049772003 0.002245265 0.005824121
v -0.050444776 0.002246624 0.005665380
v -0.053077372 0.002247328 0.005670209
v -0.050125126 0.002256738 0.005684534
v -0.049787138 0.002273151 0.005778798
v -0.053398170 0.002276386 0.005707912
v -0.053751083 0.002287414 0.005982850
v -0.053748620 0.002291551 0.005927722
v -0.053057039 0.002298566 0.005665380
v -0.053741290 0.002303864 0.005874273
v -0.050146806 0.002305605 0.005670209
v -0.049805798 0.002307556 0.005739663
v -0.053376028 0.002321400 0.005684534
v -0.053729336 0.002323957 0.005824121
v -0.053834430 0.002338393 0.005982850
v -0.049528489 0.002338393 0.005982850
v -0.053834430 0.002338393 0.006474720
v -0.049528489 0.002338393 0.006474720
v -0.049827416 0.002347396 0.005707912
v -0.053713102 0.002351237 0.005778798
v -0.050169159 0.002355991 0.005665380
v -0.053352428 0.002369341 0.005670209
v -0.049475219 0.002372429 0.005982850
v -0.049477843 0.002376492 0.005927722
v -0.053693090 0.002384852 0.005739663
v -0.049485654 0.002388483 0.005874273
v -0.049851331 0.002391484 0.005684534
v -0.049498405 0.002408094 0.005824121
v -0.053328080 0.002418813 0.005665380
v -0.053669904 0.002423815 0.005707912
v -0.049515713 0.002434695 0.005778798
v -0.049876820 0.002438462 0.005670209
v -0.054020828 0.002462840 0.005982850
v -0.054018037 0.002466767 0.005927722
v -0.053644247 0.002466915 0.005684534
v -0.049537047 0.002467508 0.005739663
v -0.054009757 0.002478449 0.005874273
v -0.049903106 0.002486921 0.005665380
v -0.053996234 0.002497529 0.005824121
v -0.049561758 0.002505507 0.005707912
v -0.053616918 0.002512843 0.005670209
v -0.053977889 0.002523439 0.005778798
v -0.049589106 0.002547545 0.005684534
v -0.053955271 0.002555362 0.005739663
v -0.049212667 0.002558450 0.005982850
v -0.053588718 0.002560216 0.005665380
v -0.049215613 0.002562278 0.005927722
v -0.049224350 0.002573615 0.005874273
v -0.049238614 0.002592139 0.005824121
v -0.053929059 0.002592349 0.005707912
v -0.049618245 0.002592362 0.005670209
v -0.054204534 0.002600982 0.005982850
v -0.049158379 0.002600982 0.005982850
v -0.054204534 0.002600982 0.006474720
v -0.049158379 0.002600982 0.006474720
v -0.049257978 0.002617308 0.005778798
v -0.053900068 0.002633288 0.005684534
v -0.049648304 0.002638574 0.005665380
v -0.049281850 0.002648293 0.005739663
v -0.054275772 0.002659123 0.005982850
v -0.054272679 0.002662828 0.005927722
v -0.054263503 0.002673832 0.005874273
v -0.053869164 0.002676894 0.005670209
v -0.049309506 0.002684230 0.005707912
v -0.054248505 0.002691776 0.005824121
v -0.054228159 0.002716129 0.005778798
v -0.053837296 0.002721871 0.005665380
v -0.049340109 0.002723958 0.005684534
v -0.054203064 0.002746163 0.005739663
v -0.048965726 0.002764724 0.005982850
v -0.049372718 0.002766317 0.005670209
v -0.048968961 0.002768306 0.005927722
v -0.048978576 0.002778914 0.005874273
v -0.054174006 0.002780964 0.005707912
v -0.048994266 0.002796265 0.005824121
v -0.049406345 0.002809998 0.005665380
v -0.054141854 0.002819445 0.005684534
v -0.049015569 0.002819791 0.005778798
v -0.049041830 0.002848812 0.005739663
v -0.054107590 0.002860470 0.005670209
v -0.054514322 0.002875068 0.005982850
v -0.054510945 0.002878513 0.005927722
v -0.049072253 0.002882403 0.005707912
v -0.054500917 0.002888738 0.005874273
v -0.054072246 0.002902780 0.005665380
v -0.054542912 0.002903385 0.005982850
v -0.048820007 0.002903385 0.005982850
v -0.054542912 0.002903385 0.006474720
v -0.048820007 0.002903385 0.006474720
v -0.054484542 0.002905447 0.005824121
v -0.049105912 0.002919588 0.005684534
v -0.054462325 0.002928109 0.005778798
v -0.054434927 0.002956044 0.005739663
v -0.049141781 0.002959217 0.005670209
v -0.054403201 0.002988424 0.005707912
v -0.048735950 0.002989980 0.005982850
v -0.048739457 0.002993290 0.005927722
v -0.049178780 0.003000094 0.005665380
v -0.048749887 0.003003108 0.005874273
v -0.048766911 0.003019150 0.005824121
v -0.054368085 0.003024238 0.005684534
v -0.048790017 0.003040910 0.005778798
v -0.054330666 0.003062410 0.005670209
v -0.048818495 0.003067733 0.005739663
v -0.048851493 0.003098829 0.005707912
v -0.054292074 0.003101781 0.005665380
v -0.054734953 0.003109264 0.005982850
v -0.054731316 0.003112438 0.005927722
v -0.054720504 0.003121836 0.005874273
v -0.048887998 0.003133210 0.005684534
v -0.054702863 0.003137187 0.005824121
v -0.054678911 0.003158020 0.005778798
v -0.048926905 0.003169876 0.005670209
v -0.054649390 0.003183695 0.005739663
v -0.048967035 0.003207666 0.005665380
v -0.054615181 0.003213445 0.005707912
v -0.048524804 0.003232760 0.005982850
v -0.048528564 0.003235798 0.005927722
v -0.054845297 0.003241750 0.005982850
v -0.048517623 0.003241750 0.005982850
v -0.054845297 0.003241750 0.006474720
v -0.048517623 0.003241750 0.006474720
v -0.048539734 0.003244751 0.005874273
v -0.054577336 0.003246357 0.005684534
v -0.048557981 0.003259385 0.005824121
v -0.048582736 0.003279244 0.005778798
v -0.054537002 0.003281429 0.005670209
v -0.048613264 0.003303733 0.005739663
v -0.054495403 0.003317614 0.005665380
v -0.048648620 0.003332087 0.005707912
v -0.054936288 0.003360269 0.005982850
v -0.054932410 0.003363134 0.005927722
v -0.048687744 0.003363467 0.005684534
v -0.054920882 0.003371655 0.005874273
v -0.054902080 0.003385548 0.005824121
v -0.048729442 0.003396910 0.005670209
v -0.054876547 0.003404406 0.005778798
v -0.054845074 0.003427660 0.005739663
v -0.048772443 0.003431415 0.005665380
v -0.054808612 0.003454582 0.005707912
v -0.054768279 0.003484382 0.005684534
v -0.048333608 0.003491582 0.005982850
v -0.048337597 0.003494274 0.005927722
v -0.051851006 0.003502289 0.006474720
v -0.051511900 0.003502289 0.006474720
v -0.051851006 0.003502289 0.013354123
v -0.051511900 0.003502289 0.013354123
v -0.048349446 0.003502338 0.005874273
v -0.048368792 0.003515466 0.005824121
v -0.054725284 0.003516157 0.005670209
v -0.048395053 0.003533286 0.005778798
v -0.054680936 0.003548908 0.005665380
v -0.052186334 0.003552823 0.006474720
v -0.051176585 0.003552823 0.006474720
v -0.052186334 0.003552823 0.013354123
v -0.051176585 0.003552823 0.013354123
v -0.048427428 0.003555281 0.005739663
v -0.048464927 0.003580745 0.005707912
v -0.048506421 0.003608915 0.005684534
v -0.055107904 0.003611854 0.005982850
v -0.048255016 0.003611854 0.005982850
v -0.055107904 0.003611854 0.006474720
v -0.048255016 0.003611854 0.006474720
v -0.055117042 0.003626463 0.005982850
v -0.055112948 0.003629007 0.005927722
v -0.055100784 0.003636590 0.005874273
v -0.048550645 0.003638949 0.005670209
v -0.055080926 0.003648952 0.005824121
v -0.052510380 0.003652780 0.006474720
v -0.050852539 0.003652780 0.006474720
v -0.052510380 0.003652780 0.013354123
v -0.050852539 0.003652780 0.013354123
v -0.055053979 0.003665710 0.005778798
v -0.048596252 0.003669909 0.005665380
v -0.055020759 0.003686396 0.005739663
v -0.054982278 0.003710342 0.005707912
v -0.054939697 0.003736856 0.005684534
v -0.048163579 0.003764754 0.005982850
v -0.054894318 0.003765099 0.005670209
v -0.048167772 0.003767125 0.005927722
v -0.048180220 0.003774201 0.005874273
v -0.048200554 0.003785773 0.005824121
v -0.054847513 0.003794220 0.005665380
v -0.052815901 0.003799913 0.006474720
v -0.050547018 0.003799913 0.006474720
v -0.052815901 0.003799913 0.013354123
v -0.050547018 0.003799913 0.013354123
v -0.048228149 0.003801457 0.005778798
v -0.048262160 0.003820796 0.005739663
v -0.048301567 0.003843198 0.005707912
v -0.048345173 0.003867984 0.005684534
v -0.048391639 0.003894412 0.005670209
v -0.051820769 0.003905823 0.013758780
v -0.051542144 0.003905823 0.013758780
v -0.055276074 0.003906193 0.005982850
v -0.055271788 0.003908391 0.005927722
v -0.055259068 0.003914986 0.005874273
v -0.048439561 0.003921655 0.005665380
v -0.055238290 0.003925718 0.005824121
v -0.055210096 0.003940290 0.005778798
v -0.052096281 0.003947354 0.013758780
v -0.051266632 0.003947354 0.013758780
v -0.055175332 0.003958283 0.005739663
v -0.055135073 0.003979092 0.005707912
v -0.053096082 0.003990936 0.006474720
v -0.050266837 0.003990936 0.006474720
v -0.053096082 0.003990936 0.013354123
v -0.050266837 0.003990936 0.013354123
v -0.055090522 0.004002124 0.005684534
v -0.055327411 0.004009028 0.005982850
v -0.048035502 0.004009028 0.005982850
v -0.055327411 0.004009028 0.006474720
v -0.048035502 0.004009028 0.006474720
v -0.055043038 0.004026688 0.005670209
v -0.052362531 0.004029479 0.013758780
v -0.051000388 0.004029479 0.013758780
v -0.048015792 0.004050559 0.005982850
v -0.054994072 0.004051992 0.005665380
v -0.048020164 0.004052609 0.005927722
v -0.048033137 0.004058673 0.005874273
v -0.048054317 0.004068577 0.005824121
v -0.048083079 0.004082026 0.005778798
v -0.048118522 0.004098611 0.005739663
v -0.048159584 0.004117803 0.005707912
v -0.048205018 0.004139056 0.005684534
v -0.052613560 0.004150368 0.013758780
v -0.050749353 0.004150368 0.013758780
v -0.048253429 0.004161693 0.005670209
v -0.048303370 0.004185058 0.005665380
v -0.055412375 0.004197655 0.005982850
v -0.055407930 0.004199520 0.005927722
v -0.055394728 0.004205065 0.005874273
v -0.055373166 0.004214117 0.005824121
v -0.053344666 0.004221601 0.006474720
v -0.050018247 0.004221601 0.006474720
v -0.053344666 0.004221601 0.013354123
v -0.050018247 0.004221601 0.013354123
v -0.055343897 0.004226417 0.005778798
v -0.055307824 0.004241570 0.005739663
v -0.055266027 0.004259131 0.005707912
v -0.055219790 0.004278544 0.005684534
v -0.055170503 0.004299255 0.005670209
v -0.052843781 0.004307319 0.013758780
v -0.050519139 0.004307319 0.013758780
v -0.055119685 0.004320595 0.005665380
v -0.047891179 0.004347220 0.005982850
v -0.047895699 0.004348912 0.005927722
v -0.047909117 0.004353938 0.005874273
v -0.047931025 0.004362126 0.005824121
v -0.047960750 0.004373241 0.005778798
v -0.047997404 0.004386936 0.005739663
v -0.048039856 0.004402830 0.005707912
v -0.048086839 0.004420391 0.005684534
v -0.055501070 0.004428283 0.005982850
v -0.047861843 0.004428283 0.005982850
v -0.055501070 0.004428283 0.006474720
v -0.047861843 0.004428283 0.006474720
v -0.048136898 0.004439126 0.005670209
v -0.048188538 0.004458440 0.005665380
v -0.053556096 0.004486721 0.006474720
v -0.049806823 0.004486721 0.006474720
v -0.053556096 0.004486721 0.013354123
v -0.049806823 0.004486721 0.013354123
v -0.053048024 0.004496835 0.013758780
v -0.050314896 0.004496835 0.013758780
v -0.055525096 0.004499033 0.005982850
v -0.055520514 0.004500540 0.005927722
v -0.055506911 0.004505023 0.005874273
v -0.055484694 0.004512334 0.005824121
v -0.055454549 0.004522263 0.005778798
v -0.055417383 0.004534501 0.005739663
v -0.055374327 0.004548678 0.005707912
v -0.055326688 0.004564375 0.005684534
v -0.055275919 0.004581084 0.005670209
v -0.055223557 0.004598336 0.005665380
v -0.047790537 0.004652847 0.005982850
v -0.047795174 0.004654168 0.005927722
v -0.047808944 0.004658095 0.005874273
v -0.047831432 0.004664529 0.005824121
v -0.047861948 0.004673248 0.005778798
v -0.047899577 0.004684005 0.005739663
v -0.047943159 0.004696465 0.005707912
v -0.047991384 0.004710235 0.005684534
v -0.053221745 0.004714681 0.013758780
v -0.050141174 0.004714681 0.013758780
v -0.048042776 0.004724931 0.005670209
v -0.048095787 0.004740072 0.005665380
v -0.053725649 0.004780393 0.006474720
v -0.049637270 0.004780393 0.006474720
v -0.053725649 0.004780393 0.013354123
v -0.049637270 0.004780393 0.013354123
v -0.055613513 0.004808402 0.005982850
v -0.055608832 0.004809550 0.005927722
v -0.055594914 0.004812934 0.005874273
v -0.055572185 0.004818467 0.005824121
v -0.055541342 0.004825963 0.005778798
v -0.055503324 0.004835213 0.005739663
v -0.055459279 0.004845920 0.005707912
v -0.055410542 0.004857775 0.005684534
v -0.055626702 0.004864358 0.005982850
v -0.047736217 0.004864358 0.005982850
v -0.055626702 0.004864358 0.006474720
v -0.047736217 0.004864358 0.006474720
v -0.055358599 0.004870409 0.005670209
v -0.055305033 0.004883450 0.005665380
v -0.053361054 0.004955979 0.013758780
v -0.050001865 0.004955979 0.013758780
v -0.047714488 0.004965488 0.005982850
v -0.047719218 0.004966439 0.005927722
v -0.047733253 0.004969279 0.005874273
v -0.047756180 0.004973898 0.005824121
v -0.047787301 0.004980172 0.005778798
v -0.047825659 0.004987902 0.005739663
v -0.047870092 0.004996843 0.005707912
v -0.047919262 0.005006748 0.005684534
v -0.047971667 0.005017307 0.005670209
v -0.048025703 0.005028199 0.005665380
v -0.053849546 0.005096060 0.006474720
v -0.049513373 0.005096060 0.006474720
v -0.053849546 0.005096060 0.013354123
v -0.049513373 0.005096060 0.013354123
v -0.055677070 0.005123834 0.005982850
v -0.055672309 0.005124600 0.005927722
v -0.055658169 0.005126872 0.005874273
v -0.055635075 0.005130564 0.005824121
v -0.055603732 0.005135603 0.005778798
v -0.055565102 0.005141790 0.005739663
v -0.055520335 0.005148990 0.005707912
v -0.055470820 0.005156918 0.005684534
v -0.055418038 0.005165390 0.005670209
v -0.055363607 0.005174121 0.005665380
v -0.053462851 0.005215344 0.013758780
v -0.049900068 0.005215344 0.013758780
v -0.047663522 0.005283192 0.005982850
v -0.047668313 0.005283773 0.005927722
v -0.047682528 0.005285465 0.005874273
v -0.047705751 0.005288256 0.005824121
v -0.047737267 0.005292035 0.005778798
v -0.047776125 0.005296691 0.005739663
v -0.047821133 0.005302087 0.005707912
v -0.047870926 0.005308052 0.005684534
v -0.055702720 0.005311732 0.005982850
v -0.047660200 0.005311732 0.005982850
v -0.055702720 0.005311732 0.006474720
v -0.047660200 0.005311732 0.006474720
v -0.047923998 0.005314412 0.005670209
v -0.047978738 0.005320970 0.005665380
v -0.053924996 0.005426670 0.006474720
v -0.049437917 0.005426670 0.006474720
v -0.053924996 0.005426670 0.013354123
v -0.049437917 0.005426670 0.013354123
v -0.055715365 0.005443317 0.005982850
v -0.055710555 0.005443700 0.005927722
v -0.055696285 0.005444836 0.005874273
v -0.055672969 0.005446688 0.005824121
v -0.055641324 0.005449220 0.005778798
v -0.055602324 0.005452320 0.005739663
v -0.055557131 0.005455926 0.005707912
v -0.055507140 0.005459902 0.005684534
v -0.055453851 0.005464163 0.005670209
v -0.055398902 0.005468534 0.005665380
v -0.053524852 0.005486985 0.013758780
v -0.049838067 0.005486985 0.013758780
v -0.047637958 0.005603935 0.005982850
v -0.047642774 0.005604133 0.005927722
v -0.047657087 0.005604701 0.005874273
v -0.047680453 0.005605627 0.005824121
v -0.047712173 0.005606899 0.005778798
v -0.047751271 0.005608455 0.005739663
v -0.047796563 0.005610246 0.005707912
v -0.047846678 0.005612246 0.005684534
v -0.047900096 0.005614370 0.005670209
v -0.047955181 0.005616569 0.005665380
v -0.055410690 0.005764825 0.005665380
v -0.051681453 0.005764825 0.005665380
v -0.055465812 0.005764825 0.005670209
v -0.055519273 0.005764825 0.005684534
v -0.055569425 0.005764825 0.005707912
v -0.055614760 0.005764825 0.005739663
v -0.055653883 0.005764825 0.005778798
v -0.055685628 0.005764825 0.005824121
v -0.055709012 0.005764825 0.005874273
v -0.055723331 0.005764825 0.005927722
v -0.055728160 0.005764825 0.005982850
v -0.047634759 0.005764825 0.005982850
v -0.055728160 0.005764825 0.006474720
v -0.053950343 0.005764825 0.006474720
v -0.049412576 0.005764825 0.006474720
v -0.047634759 0.005764825 0.006474720
v -0.053950343 0.005764825 0.013354123
v -0.049412576 0.005764825 0.013354123
v -0.053545673 0.005764825 0.013758780
v -0.051681453 0.005764825 0.013758780
v -0.049817246 0.005764825 0.013758780
v -0.047955181 0.005913094 0.005665380
v -0.047900096 0.005915279 0.005670209
v -0.047846678 0.005917404 0.005684534
v -0.047796563 0.005919392 0.005707912
v -0.047751271 0.005921207 0.005739663
v -0.047712173 0.005922763 0.005778798
v -0.047680453 0.005924011 0.005824121
v -0.047657087 0.005924949 0.005874273
v -0.047642774 0.005925505 0.005927722
v -0.047637958 0.005925702 0.005982850
v -0.053524852 0.006042677 0.013758780
v -0.049838067 0.006042677 0.013758780
v -0.055398902 0.006061115 0.005665380
v -0.055453851 0.006065487 0.005670209
v -0.055507140 0.006069735 0.005684534
v -0.055557131 0.006073724 0.005707912
v -0.055602324 0.006077318 0.005739663
v -0.055641324 0.006080430 0.005778798
v -0.055672969 0.006082949 0.005824121
v -0.055696285 0.006084814 0.005874273
v -0.055710555 0.006085963 0.005927722
v -0.055715365 0.006086333 0.005982850
v -0.053924996 0.006102993 0.006474720
v -0.049437917 0.006102993 0.006474720
v -0.053924996 0.006102993 0.013354123
v -0.049437917 0.006102993 0.013354123
v -0.047978738 0.006208668 0.005665380
v -0.047923998 0.006215225 0.005670209
v -0.055702720 0.006217905 0.005982850
v -0.047660200 0.006217905 0.005982850
v -0.055702720 0.006217905 0.006474720
v -0.047660200 0.006217905 0.006474720
v -0.047870926 0.006221598 0.005684534
v -0.047821133 0.006227562 0.005707912
v -0.047776125 0.006232959 0.005739663
v -0.047737267 0.006237615 0.005778798
v -0.047705751 0.006241394 0.005824121
v -0.047682528 0.006244173 0.005874273
v -0.047668313 0.006245889 0.005927722
v -0.047663522 0.006246457 0.005982850
v -0.053462851 0.006314318 0.013758780
v -0.049900068 0.006314318 0.013758780
v -0.055363607 0.006355528 0.005665380
v -0.055418038 0.006364260 0.005670209
v -0.055470820 0.006372719 0.005684534
v -0.055520335 0.006380672 0.005707912
v -0.055565102 0.006387847 0.005739663
v -0.055603732 0.006394047 0.005778798
v -0.055635075 0.006399073 0.005824121
v -0.055658169 0.006402778 0.005874273
v -0.055672309 0.006405050 0.005927722
v -0.055677070 0.006405816 0.005982850
v -0.053849546 0.006433590 0.006474720
v -0.049513373 0.006433590 0.006474720
v -0.053849546 0.006433590 0.013354123
v -0.049513373 0.006433590 0.013354123
v -0.048025703 0.006501451 0.005665380
v -0.047971667 0.006512343 0.005670209
v -0.047919262 0.006522890 0.005684534
v -0.047870092 0.006532806 0.005707912
v -0.047825659 0.006541760 0.005739663
v -0.047787301 0.006549490 0.005778798
v -0.047756180 0.006555764 0.005824121
v -0.047733253 0.006560383 0.005874273
v -0.047719218 0.006563198 0.005927722
v -0.047714488 0.006564149 0.005982850
v -0.053361054 0.006573683 0.013758780
v -0.050001865 0.006573683 0.013758780
v -0.055305033 0.006646212 0.005665380
v -0.055358599 0.006659241 0.005670209
v -0.055626702 0.006665305 0.005982850
v -0.047736217 0.006665305 0.005982850
v -0.055626702 0.006665305 0.006474720
v -0.047736217 0.006665305 0.006474720
v -0.055410542 0.006671874 0.005684534
v -0.055459279 0.006683730 0.005707912
v -0.055503324 0.006694437 0.005739663
v -0.055541342 0.006703687 0.005778798
v -0.055572185 0.006711195 0.005824121
v -0.055594914 0.006716716 0.005874273
v -0.055608832 0.006720099 0.005927722
v -0.055613513 0.006721236 0.005982850
v -0.053725649 0.006749257 0.006474720
v -0.049637270 0.006749257 0.006474720
v -0.053725649 0.006749257 0.013354123
v -0.049637270 0.006749257 0.013354123
v -0.048095787 0.006789566 0.005665380
v -0.048042776 0.006804719 0.005670209
v -0.053221745 0.006814969 0.013758780
v -0.050141174 0.006814969 0.013758780
v -0.047991384 0.006819402 0.005684534
v -0.047943159 0.006833184 0.005707912
v -0.047899577 0.006845645 0.005739663
v -0.047861948 0.006856389 0.005778798
v -0.047831432 0.006865120 0.005824121
v -0.047808944 0.006871554 0.005874273
v -0.047795174 0.006875482 0.005927722
v -0.047790537 0.006876815 0.005982850
v -0.055223557 0.006931314 0.005665380
v -0.055275919 0.006948554 0.005670209
v -0.055326688 0.006965287 0.005684534
v -0.055374327 0.006980959 0.005707912
v -0.055417383 0.006995149 0.005739663
v -0.055454549 0.007007387 0.005778798
v -0.055484694 0.007017316 0.005824121
v -0.055506911 0.007024627 0.005874273
v -0.055520514 0.007029110 0.005927722
v -0.055525096 0.007030617 0.005982850
v -0.053048024 0.007032815 0.013758780
v -0.050314896 0.007032815 0.013758780
v -0.053556096 0.007042929 0.006474720
v -0.049806823 0.007042929 0.006474720
v -0.053556096 0.007042929 0.013354123
v -0.049806823 0.007042929 0.013354123
v -0.048188538 0.007071222 0.005665380
v -0.048136898 0.007090524 0.005670209
v -0.055501070 0.007101367 0.005982850
v -0.047861843 0.007101367 0.005982850
v -0.055501070 0.007101367 0.006474720
v -0.047861843 0.007101367 0.006474720
v -0.048086839 0.007109246 0.005684534
v -0.048039856 0.007126820 0.005707912
v -0.047997404 0.007142701 0.005739663
v -0.047960750 0.007156409 0.005778798
v -0.047931025 0.007167536 0.005824121
v -0.047909117 0.007175724 0.005874273
v -0.047895699 0.007180738 0.005927722
v -0.047891179 0.007182430 0.005982850
v -0.055119685 0.007209043 0.005665380
v -0.052843781 0.007222319 0.013758780
v -0.050519139 0.007222319 0.013758780
v -0.055170503 0.007230408 0.005670209
v -0.055219790 0.007251093 0.005684534
v -0.055266027 0.007270531 0.005707912
v -0.055307824 0.007288068 0.005739663
v -0.055343897 0.007303233 0.005778798
v -0.053344666 0.007308061 0.006474720
v -0.050018247 0.007308061 0.006474720
v -0.053344666 0.007308061 0.013354123
v -0.050018247 0.007308061 0.013354123
v -0.055373166 0.007315521 0.005824121
v -0.055394728 0.007324573 0.005874273
v -0.055407930 0.007330130 0.005927722
v -0.055412375 0.007331995 0.005982850
v -0.048303370 0.007344604 0.005665380
v -0.048253429 0.007367944 0.005670209
v -0.052613560 0.007379281 0.013758780
v -0.050749353 0.007379281 0.013758780
v -0.048205018 0.007390594 0.005684534
v -0.048159584 0.007411847 0.005707912
v -0.048118522 0.007431051 0.005739663
v -0.048083079 0.007447611 0.005778798
v -0.048054317 0.007461060 0.005824121
v -0.048033137 0.007470977 0.005874273
v -0.048020164 0.007477040 0.005927722
v -0.054994072 0.007477645 0.005665380
v -0.048015792 0.007479078 0.005982850
v -0.052362531 0.007500171 0.013758780
v -0.051000388 0.007500171 0.013758780
v -0.055043038 0.007502974 0.005670209
v -0.055327411 0.007520622 0.005982850
v -0.048035502 0.007520622 0.005982850
v -0.055327411 0.007520622 0.006474720
v -0.048035502 0.007520622 0.006474720
v -0.055090522 0.007527525 0.005684534
v -0.053096082 0.007538702 0.006474720
v -0.050266837 0.007538702 0.006474720
v -0.053096082 0.007538702 0.013354123
v -0.050266837 0.007538702 0.013354123
v -0.055135073 0.007550557 0.005707912
v -0.055175332 0.007571379 0.005739663
v -0.052096281 0.007582296 0.013758780
v -0.051266632 0.007582296 0.013758780
v -0.055210096 0.007589347 0.005778798
v -0.055238290 0.007603932 0.005824121
v -0.048439561 0.007607995 0.005665380
v -0.055259068 0.007614676 0.005874273
v -0.055271788 0.007621246 0.005927722
v -0.055276074 0.007623469 0.005982850
v -0.051820769 0.007623827 0.013758780
v -0.051542144 0.007623827 0.013758780
v -0.048391639 0.007635238 0.005670209
v -0.048345173 0.007661654 0.005684534
v -0.048301567 0.007686439 0.005707912
v -0.048262160 0.007708854 0.005739663
v -0.048228149 0.007728193 0.005778798
v -0.052815901 0.007729737 0.006474720
v -0.050547018 0.007729737 0.006474720
v -0.052815901 0.007729737 0.013354123
v -0.050547018 0.007729737 0.013354123
v -0.054847513 0.007735418 0.005665380
v -0.048200554 0.007743889 0.005824121
v -0.048180220 0.007755436 0.005874273
v -0.048167772 0.007762513 0.005927722
v -0.054894318 0.007764550 0.005670209
v -0.048163579 0.007764908 0.005982850
v -0.054939697 0.007792806 0.005684534
v -0.054982278 0.007819296 0.005707912
v -0.055020759 0.007843254 0.005739663
v -0.048596252 0.007859728 0.005665380
v -0.055053979 0.007863927 0.005778798
v -0.052510380 0.007876869 0.006474720
v -0.050852539 0.007876869 0.006474720
v -0.052510380 0.007876869 0.013354123
v -0.050852539 0.007876869 0.013354123
v -0.055080926 0.007880710 0.005824121
v -0.048550645 0.007890701 0.005670209
v -0.055100784 0.007893072 0.005874273
v -0.055112948 0.007900630 0.005927722
v -0.055117042 0.007903174 0.005982850
v -0.055107904 0.007917808 0.005982850
v -0.048255016 0.007917808 0.005982850
v -0.055107904 0.007917808 0.006474720
v -0.048255016 0.007917808 0.006474720
v -0.048506421 0.007920735 0.005684534
v -0.048464927 0.007948904 0.005707912
v -0.048427428 0.007974369 0.005739663
v -0.052186334 0.007976827 0.006474720
v -0.051176585 0.007976827 0.006474720
v -0.052186334 0.007976827 0.013354123
v -0.051176585 0.007976827 0.013354123
v -0.054680936 0.007980729 0.005665380
v -0.048395053 0.007996351 0.005778798
v -0.054725284 0.008013492 0.005670209
v -0.048368792 0.008014184 0.005824121
v -0.048349446 0.008027324 0.005874273
v -0.051851006 0.008027361 0.006474720
v -0.051511900 0.008027361 0.006474720
v -0.051851006 0.008027361 0.013354123
v -0.051511900 0.008027361 0.013354123
v -0.048337597 0.008035363 0.005927722
v -0.048333608 0.008038080 0.005982850
v -0.054768279 0.008045255 0.005684534
v -0.054808612 0.008075055 0.005707912
v -0.048772443 0.008098235 0.005665380
v -0.054845074 0.008102002 0.005739663
v -0.054876547 0.008125243 0.005778798
v -0.048729442 0.008132727 0.005670209
v -0.054902080 0.008144101 0.005824121
v -0.054920882 0.008158007 0.005874273
v -0.048687744 0.008166170 0.005684534
v -0.054932410 0.008166503 0.005927722
v -0.054936288 0.008169381 0.005982850
v -0.048648620 0.008197550 0.005707912
v -0.054495403 0.008212048 0.005665380
v -0.048613264 0.008225917 0.005739663
v -0.054537002 0.008248220 0.005670209
v -0.048582736 0.008250406 0.005778798
v -0.048557981 0.008270264 0.005824121
v -0.054577336 0.008283293 0.005684534
v -0.048539734 0.008284898 0.005874273
v -0.054845297 0.008287899 0.005982850
v -0.048517623 0.008287899 0.005982850
v -0.054845297 0.008287899 0.006474720
v -0.048517623 0.008287899 0.006474720
v -0.048528564 0.008293864 0.005927722
v -0.048524804 0.008296877 0.005982850
v -0.054615181 0.008316205 0.005707912
v -0.048967035 0.008321972 0.005665380
v -0.054649390 0.008345955 0.005739663
v -0.048926905 0.008359786 0.005670209
v -0.054678911 0.008371642 0.005778798
v -0.054702863 0.008392463 0.005824121
v -0.048887998 0.008396427 0.005684534
v -0.054720504 0.008407801 0.005874273
v -0.054731316 0.008417211 0.005927722
v -0.054734953 0.008420373 0.005982850
v -0.054292074 0.008427869 0.005665380
v -0.048851493 0.008430833 0.005707912
v -0.048818495 0.008461905 0.005739663
v -0.054330666 0.008467240 0.005670209
v -0.048790017 0.008488740 0.005778798
v -0.054368085 0.008505412 0.005684534
v -0.048766911 0.008510512 0.005824121
v -0.048749887 0.008526542 0.005874273
v -0.049178780 0.008529555 0.005665380
v -0.048739457 0.008536372 0.005927722
v -0.048735950 0.008539670 0.005982850
v -0.054403201 0.008541226 0.005707912
v -0.049141781 0.008570420 0.005670209
v -0.054434927 0.008573594 0.005739663
v -0.054462325 0.008601541 0.005778798
v -0.049105912 0.008610050 0.005684534
v -0.054484542 0.008624215 0.005824121
v -0.054542912 0.008626277 0.005982850
v -0.048820007 0.008626277 0.005982850
v -0.054542912 0.008626277 0.006474720
v -0.048820007 0.008626277 0.006474720
v -0.054072246 0.008626870 0.005665380
v -0.054500917 0.008640899 0.005874273
v -0.049072253 0.008647234 0.005707912
v -0.054510945 0.008651124 0.005927722
v -0.054514322 0.008654582 0.005982850
v -0.054107590 0.008669167 0.005670209
v -0.049041830 0.008680850 0.005739663
v -0.049015569 0.008709846 0.005778798
v -0.054141854 0.008710205 0.005684534
v -0.049406345 0.008719652 0.005665380
v -0.048994266 0.008733397 0.005824121
v -0.054174006 0.008748698 0.005707912
v -0.048978576 0.008750723 0.005874273
v -0.048968961 0.008761344 0.005927722
v -0.049372718 0.008763332 0.005670209
v -0.048965726 0.008764913 0.005982850
v -0.054203064 0.008783474 0.005739663
v -0.049340109 0.008805691 0.005684534
v -0.053837296 0.008807766 0.005665380
v -0.054228159 0.008813509 0.005778798
v -0.054248505 0.008837874 0.005824121
v -0.049309506 0.008845432 0.005707912
v -0.053869164 0.008852755 0.005670209
v -0.054263503 0.008855830 0.005874273
v -0.054272679 0.008866809 0.005927722
v -0.054275772 0.008870514 0.005982850
v -0.049281850 0.008881345 0.005739663
v -0.049648304 0.008891076 0.005665380
v -0.053900068 0.008896374 0.005684534
v -0.049257978 0.008912354 0.005778798
v -0.054204534 0.008928656 0.005982850
v -0.049158379 0.008928656 0.005982850
v -0.054204534 0.008928656 0.006474720
v -0.049158379 0.008928656 0.006474720
v -0.049618245 0.008937288 0.005670209
v -0.053929059 0.008937288 0.005707912
v -0.049238614 0.008937498 0.005824121
v -0.049224350 0.008956035 0.005874273
v -0.049215613 0.008967384 0.005927722
v -0.053588718 0.008969434 0.005665380
v -0.049212667 0.008971200 0.005982850
v -0.053955271 0.008974275 0.005739663
v -0.049589106 0.008982092 0.005684534
v -0.053977889 0.009006211 0.005778798
v -0.053616918 0.009016807 0.005670209
v -0.049561758 0.009024142 0.005707912
v -0.053996234 0.009032108 0.005824121
v -0.049903106 0.009042716 0.005665380
v -0.054009757 0.009051200 0.005874273
v -0.049537047 0.009062142 0.005739663
v -0.053644247 0.009062747 0.005684534
v -0.054018037 0.009062883 0.005927722
v -0.054020828 0.009066822 0.005982850
v -0.049876820 0.009091176 0.005670209
v -0.049515713 0.009094942 0.005778798
v -0.053669904 0.009105835 0.005707912
v -0.053328080 0.009110836 0.005665380
v -0.049498405 0.009121556 0.005824121
v -0.049851331 0.009138166 0.005684534
v -0.049485654 0.009141154 0.005874273
v -0.053693090 0.009144785 0.005739663
v -0.049477843 0.009153170 0.005927722
v -0.049475219 0.009157209 0.005982850
v -0.053352428 0.009160296 0.005670209
v -0.050169159 0.009173658 0.005665380
v -0.053713102 0.009178425 0.005778798
v -0.049827416 0.009182241 0.005707912
v -0.053834430 0.009191269 0.005982850
v -0.049528489 0.009191269 0.005982850
v -0.053834430 0.009191269 0.006474720
v -0.049528489 0.009191269 0.006474720
v -0.053729336 0.009205693 0.005824121
v -0.053376028 0.009208262 0.005684534
v -0.049805798 0.009222093 0.005739663
v -0.050146806 0.009224045 0.005670209
v -0.053741290 0.009225798 0.005874273
v -0.053057039 0.009231071 0.005665380
v -0.053748620 0.009238098 0.005927722
v -0.053751083 0.009242248 0.005982850
v -0.053398170 0.009253251 0.005707912
v -0.049787138 0.009256487 0.005778798
v -0.050125126 0.009272899 0.005684534
v -0.053077372 0.009282322 0.005670209
v -0.050444776 0.009283026 0.005665380
v -0.049772003 0.009284384 0.005824121
v -0.053418189 0.009293931 0.005739663
v -0.049760845 0.009304946 0.005874273
v -0.049754016 0.009317531 0.005927722
v -0.050104793 0.009318753 0.005707912
v -0.049751719 0.009321767 0.005982850
v -0.053435466 0.009329040 0.005778798
v -0.052777291 0.009329411 0.005665380
v -0.053097088 0.009332004 0.005684534
v -0.050426492 0.009335030 0.005670209
v -0.053449476 0.009357518 0.005824121
v -0.050086404 0.009360186 0.005739663
v -0.050728204 0.009370164 0.005665380
v -0.053459807 0.009378500 0.005874273
v -0.053115588 0.009378624 0.005707912
v -0.052793493 0.009382106 0.005670209
v -0.050408764 0.009385466 0.005684534
v -0.053466136 0.009391356 0.005927722
v -0.053468260 0.009395691 0.005982850
v -0.050070541 0.009395950 0.005778798
v -0.052490620 0.009405212 0.005665380
v -0.053437257 0.009410770 0.005982850
v -0.049925662 0.009410770 0.005982850
v -0.053437257 0.009410770 0.006474720
v -0.049925662 0.009410770 0.006474720
v -0.053132309 0.009420761 0.005739663
v -0.050714113 0.009423465 0.005670209
v -0.050057667 0.009424972 0.005824121
v -0.050392136 0.009432777 0.005707912
v -0.052809202 0.009433209 0.005684534
v -0.051017659 0.009434506 0.005665380
v -0.050048182 0.009446349 0.005874273
v -0.053146746 0.009457130 0.005778798
v -0.052198832 0.009457982 0.005665380
v -0.052502587 0.009459019 0.005670209
v -0.050042372 0.009459439 0.005927722
v -0.050040421 0.009463848 0.005982850
v -0.050700448 0.009475136 0.005684534
v -0.050377100 0.009475543 0.005739663
v -0.051311319 0.009475642 0.005665380
v -0.052823941 0.009481137 0.005707912
v -0.053158453 0.009486633 0.005824121
v -0.051903776 0.009487423 0.005665380
v -0.051007853 0.009488757 0.005670209
v -0.051607313 0.009493314 0.005665380
v -0.053167079 0.009508381 0.005874273
v -0.052514183 0.009511209 0.005684534
v -0.050364127 0.009512468 0.005778798
v -0.052206482 0.009512579 0.005670209
v -0.053172365 0.009521681 0.005927722
v -0.050687630 0.009523620 0.005707912
v -0.052837260 0.009524472 0.005739663
v -0.053174143 0.009526164 0.005982850
v -0.051305842 0.009530499 0.005670209
v -0.050998338 0.009541342 0.005684534
v -0.050353593 0.009542404 0.005824121
v -0.051907067 0.009542453 0.005670209
v -0.051606220 0.009548442 0.005670209
v -0.052525063 0.009560162 0.005707912
v -0.052848757 0.009561879 0.005778798
v -0.050345844 0.009564472 0.005874273
v -0.052213898 0.009565522 0.005684534
v -0.050676040 0.009567448 0.005739663
v -0.050341095 0.009577983 0.005927722
v -0.050339490 0.009582527 0.005982850
v -0.051300538 0.009583688 0.005684534
v -0.053018002 0.009584441 0.005982850
v -0.050344917 0.009584441 0.005982850
v -0.053018002 0.009584441 0.006474720
v -0.050344917 0.009584441 0.006474720
v -0.050989409 0.009590703 0.005707912
v -0.052858081 0.009592222 0.005824121
v -0.051910247 0.009595815 0.005684534
v -0.051605152 0.009601879 0.005684534
v -0.052534900 0.009604411 0.005739663
v -0.050666036 0.009605275 0.005778798
v -0.052864954 0.009614562 0.005874273
v -0.052220857 0.009615192 0.005707912
v -0.052869165 0.009628270 0.005927722
v -0.052870585 0.009632876 0.005982850
v -0.051295561 0.009633593 0.005707912
v -0.050981339 0.009635309 0.005739663
v -0.050657929 0.009635976 0.005824121
v -0.052543390 0.009642620 0.005778798
v -0.051913242 0.009645868 0.005707912
v -0.051604158 0.009652018 0.005707912
v -0.050651946 0.009658576 0.005874273
v -0.052227143 0.009660082 0.005739663
v -0.050648284 0.009672432 0.005927722
v -0.052550275 0.009673593 0.005824121
v -0.050974374 0.009673815 0.005778798
v -0.050647055 0.009677088 0.005982850
v -0.051291066 0.009678706 0.005739663
v -0.051915940 0.009691117 0.005739663
v -0.052555357 0.009696427 0.005874273
v -0.051603256 0.009697341 0.005739663
v -0.052232577 0.009698835 0.005778798
v -0.050968724 0.009705047 0.005824121
v -0.052581933 0.009710073 0.005982850
v -0.050780980 0.009710073 0.005982850
v -0.052581933 0.009710073 0.006474720
v -0.050780980 0.009710073 0.006474720
v -0.052558463 0.009710407 0.005927722
v -0.052559512 0.009715124 0.005982850
v -0.051287182 0.009717631 0.005778798
v -0.050964562 0.009728067 0.005874273
v -0.051918274 0.009730178 0.005778798
v -0.052236979 0.009730265 0.005824121
v -0.051602472 0.009736464 0.005778798
v -0.050962012 0.009742158 0.005927722
v -0.050961154 0.009746900 0.005982850
v -0.051284026 0.009749209 0.005824121
v -0.052240227 0.009753433 0.005874273
v -0.051920170 0.009761867 0.005824121
v -0.052242209 0.009767622 0.005927722
v -0.051601848 0.009768203 0.005824121
v -0.052242876 0.009772389 0.005982850
v -0.051281705 0.009772488 0.005874273
v -0.051921559 0.009785220 0.005874273
v -0.052134540 0.009786085 0.005982850
v -0.051228367 0.009786085 0.005982850
v -0.052134540 0.009786085 0.006474720
v -0.051228367 0.009786085 0.006474720
v -0.051280291 0.009786752 0.005927722
v -0.051279809 0.009791543 0.005982850
v -0.051601385 0.009791580 0.005874273
v -0.051922418 0.009799521 0.005927722
v -0.051922702 0.009804325 0.005982850
v -0.051601095 0.009805894 0.005927722
v -0.051601002 0.009810722 0.005982850
v -0.051681453 0.009811525 0.005982850
v -0.051681453 0.009811525 0.006474720
v -0.086753830 -0.023029426 0.006879402
v -0.086753830 -0.023029426 0.013354123
v -0.086868669 -0.023024288 0.006879402
v -0.086868669 -0.023024288 0.013354123
v -0.086754065 -0.023023282 0.006809121
v -0.086754065 -0.023023282 0.013424379
v -0.086867884 -0.023018188 0.006809121
v -0.086867884 -0.023018188 0.013424379
v -0.086639725 -0.023015496 0.006879402
v -0.086639725 -0.023015496 0.013354123
v -0.086640974 -0.023009469 0.006809121
v -0.086640974 -0.023009469 0.013424379
v -0.086754766 -0.023005035 0.006740989
v -0.086754766 -0.023005035 0.013492524
v -0.086981073 -0.023000225 0.006879402
v -0.086981073 -0.023000225 0.013354123
v -0.086865558 -0.023000083 0.006740989
v -0.086865558 -0.023000083 0.013492524
v -0.086979293 -0.022994341 0.006809121
v -0.086979293 -0.022994341 0.013424379
v -0.086644683 -0.022991599 0.006740989
v -0.086644683 -0.022991599 0.013492524
v -0.086974001 -0.022976866 0.006740989
v -0.086974001 -0.022976866 0.013492524
v -0.086755913 -0.022975248 0.006677055
v -0.086755913 -0.022975248 0.013556458
v -0.086861758 -0.022970519 0.006677055
v -0.086861758 -0.022970519 0.013556458
v -0.086650741 -0.022962405 0.006677055
v -0.086650741 -0.022962405 0.013556458
v -0.087087949 -0.022957897 0.006879402
v -0.087087949 -0.022957897 0.013354123
v -0.087085218 -0.022952389 0.006809121
v -0.087085218 -0.022952389 0.013424379
v -0.086965363 -0.022948339 0.006677055
v -0.086965363 -0.022948339 0.013556458
v -0.087077111 -0.022936032 0.006740989
v -0.087077111 -0.022936032 0.013492524
v -0.086757464 -0.022934816 0.006619272
v -0.086757464 -0.022934816 0.013614229
v -0.086856602 -0.022930389 0.006619272
v -0.086856602 -0.022930389 0.013614229
v -0.086658961 -0.022922794 0.006619272
v -0.086658961 -0.022922794 0.013614229
v -0.086953637 -0.022909611 0.006619272
v -0.086953637 -0.022909611 0.013614229
v -0.087063870 -0.022909320 0.006677055
v -0.087063870 -0.022909320 0.013556458
v -0.087186348 -0.022898471 0.006879402
v -0.087186348 -0.022898471 0.013354123
v -0.087182745 -0.022893488 0.006809121
v -0.087182745 -0.022893488 0.013424379
v -0.086759381 -0.022884979 0.006569392
v -0.086759381 -0.022884979 0.013664109
v -0.086850245 -0.022880916 0.006569392
v -0.086850245 -0.022880916 0.013664109
v -0.087172041 -0.022878693 0.006740989
v -0.087172041 -0.022878693 0.013492524
v -0.086669095 -0.022873957 0.006569392
v -0.086669095 -0.022873957 0.013664109
v -0.087045900 -0.022873068 0.006619272
v -0.087045900 -0.022873068 0.013614229
v -0.086939183 -0.022861873 0.006569392
v -0.086939183 -0.022861873 0.013664109
v -0.087154565 -0.022854544 0.006677055
v -0.087154565 -0.022854544 0.013556458
v -0.087023748 -0.022828381 0.006569392
v -0.087023748 -0.022828381 0.013664109
v -0.086761598 -0.022827239 0.006528947
v -0.086761598 -0.022827239 0.013704578
v -0.086842880 -0.022823608 0.006528947
v -0.086842880 -0.022823608 0.013704578
v -0.087273562 -0.022823584 0.006879402
v -0.087273562 -0.022823584 0.013354123
v -0.087130846 -0.022821768 0.006619272
v -0.087130846 -0.022821768 0.013614229
v -0.087269183 -0.022819261 0.006809121
v -0.087269183 -0.022819261 0.013424379
v -0.086680837 -0.022817378 0.006528947
v -0.086680837 -0.022817378 0.013704578
v -0.086922440 -0.022806572 0.006528947
v -0.086922440 -0.022806572 0.013704578
v -0.087256180 -0.022806449 0.006740989
v -0.087256180 -0.022806449 0.013492524
v -0.087234950 -0.022785528 0.006677055
v -0.087234950 -0.022785528 0.013556458
v -0.087101606 -0.022781360 0.006569392
v -0.087101606 -0.022781360 0.013664109
v -0.086998084 -0.022776612 0.006528947
v -0.086998084 -0.022776612 0.013704578
v -0.086764053 -0.022763355 0.006499135
v -0.086764053 -0.022763355 0.013734378
v -0.086834732 -0.022760193 0.006499135
v -0.086834732 -0.022760193 0.013734378
v -0.087206135 -0.022757124 0.006619272
v -0.087206135 -0.022757124 0.013614229
v -0.086693825 -0.022754778 0.006499135
v -0.086693825 -0.022754778 0.013734378
v -0.086903914 -0.022745386 0.006499135
v -0.086903914 -0.022745386 0.013734378
v -0.087347183 -0.022735303 0.006879402
v -0.087347183 -0.022735303 0.013354123
v -0.087067733 -0.022734550 0.006528947
v -0.087067733 -0.022734550 0.013704578
v -0.087342150 -0.022731771 0.006809121
v -0.087342150 -0.022731771 0.013424379
v -0.087170612 -0.022722107 0.006569392
v -0.087170612 -0.022722107 0.013664109
v -0.087327207 -0.022721280 0.006740989
v -0.087327207 -0.022721280 0.013492524
v -0.086969693 -0.022719335 0.006499135
v -0.086969693 -0.022719335 0.013734378
v -0.087302808 -0.022704151 0.006677055
v -0.087302808 -0.022704151 0.013556458
v -0.086766669 -0.022695272 0.006480870
v -0.086766669 -0.022695272 0.013752630
v -0.086826047 -0.022692617 0.006480870
v -0.086826047 -0.022692617 0.013752630
v -0.086707669 -0.022688066 0.006480870
v -0.086707669 -0.022688066 0.013752630
v -0.087030255 -0.022682755 0.006499135
v -0.087030255 -0.022682755 0.013734378
v -0.087129462 -0.022681545 0.006528947
v -0.087129462 -0.022681545 0.013704578
v -0.087269691 -0.022680909 0.006619272
v -0.087269691 -0.022680909 0.013614229
v -0.086884169 -0.022680174 0.006480870
v -0.086884169 -0.022680174 0.013752630
v -0.086939432 -0.022658285 0.006480870
v -0.086939432 -0.022658285 0.013752630
v -0.087228865 -0.022652258 0.006569392
v -0.087228865 -0.022652258 0.013664109
v -0.087083932 -0.022636667 0.006499135
v -0.087083932 -0.022636667 0.013734378
v -0.087405184 -0.022636056 0.006879402
v -0.087405184 -0.022636056 0.013354123
v -0.087399637 -0.022633401 0.006809121
v -0.087399637 -0.022633401 0.013424379
v -0.086990310 -0.022627559 0.006480870
v -0.086990310 -0.022627559 0.013752630
v -0.087383166 -0.022625528 0.006740989
v -0.087383166 -0.022625528 0.013492524
v -0.086769366 -0.022625052 0.006474720
v -0.086769366 -0.022625052 0.013758780
v -0.086817092 -0.022622922 0.006474720
v -0.086817092 -0.022622922 0.013758780
v -0.086721947 -0.022619266 0.006474720
v -0.086721947 -0.022619266 0.013758780
v -0.087181571 -0.022619063 0.006528947
v -0.087181571 -0.022619063 0.013704578
v -0.086863806 -0.022612919 0.006474720
v -0.086863806 -0.022612919 0.013758780
v -0.087356267 -0.022612672 0.006677055
v -0.087356267 -0.022612672 0.013556458
v -0.086908223 -0.022595327 0.006474720
v -0.086908223 -0.022595327 0.013758780
v -0.087319762 -0.022595228 0.006619272
v -0.087319762 -0.022595228 0.013614229
v -0.087035406 -0.022588837 0.006480870
v -0.087035406 -0.022588837 0.013752630
v -0.087129243 -0.022582329 0.006499135
v -0.087129243 -0.022582329 0.013734378
v -0.087274759 -0.022573728 0.006569392
v -0.087274759 -0.022573728 0.013664109
v -0.086949117 -0.022570628 0.006474720
v -0.086949117 -0.022570628 0.013758780
v -0.087222624 -0.022548812 0.006528947
v -0.087222624 -0.022548812 0.013704578
v -0.087073474 -0.022543193 0.006480870
v -0.087073474 -0.022543193 0.013752630
v -0.086985361 -0.022539507 0.006474720
v -0.086985361 -0.022539507 0.013758780
v -0.087445968 -0.022528578 0.006879402
v -0.087445968 -0.022528578 0.013354123
v -0.087440059 -0.022526879 0.006809121
v -0.087440059 -0.022526879 0.013424379
v -0.087422510 -0.022521841 0.006740989
v -0.087422510 -0.022521841 0.013492524
v -0.087164940 -0.022521248 0.006499135
v -0.087164940 -0.022521248 0.013734378
v -0.087393856 -0.022513616 0.006677055
v -0.087393856 -0.022513616 0.013556458
v -0.087015957 -0.022502816 0.006474720
v -0.087015957 -0.022502816 0.013758780
v -0.087354969 -0.022502452 0.006619272
v -0.087354969 -0.022502452 0.013614229
v -0.087103464 -0.022491869 0.006480870
v -0.087103464 -0.022491869 0.013752630
v -0.087307027 -0.022488689 0.006569392
v -0.087307027 -0.022488689 0.013664109
v -0.087251489 -0.022472739 0.006528947
v -0.087251489 -0.022472739 0.013704578
v -0.087040062 -0.022461575 0.006474720
v -0.087040062 -0.022461575 0.013758780
v -0.087190042 -0.022455104 0.006499135
v -0.087190042 -0.022455104 0.013734378
v -0.087124553 -0.022436302 0.006480870
v -0.087124553 -0.022436302 0.013752630
v -0.087057010 -0.022416907 0.006474720
v -0.087057010 -0.022416907 0.013758780
v -0.087468409 -0.022415839 0.006879402
v -0.087468409 -0.022415839 0.013354123
v -0.087462301 -0.022415141 0.006809121
v -0.087462301 -0.022415141 0.013424379
v -0.087444161 -0.022413072 0.006740989
v -0.087444161 -0.022413072 0.013492524
v -0.087414542 -0.022409701 0.006677055
v -0.087414542 -0.022409701 0.013556458
v -0.087374343 -0.022405125 0.006619272
v -0.087374343 -0.022405125 0.013614229
v -0.087324784 -0.022399482 0.006569392
v -0.087324784 -0.022399482 0.013664109
v -0.087267374 -0.022392949 0.006528947
v -0.087267374 -0.022392949 0.013704578
v -0.087203854 -0.022385718 0.006499135
v -0.087203854 -0.022385718 0.013734378
v -0.087136157 -0.022378006 0.006480870
v -0.087136157 -0.022378006 0.013752630
v -0.087066337 -0.022370053 0.006474720
v -0.087066337 -0.022370053 0.013758780
v -0.087067784 -0.022322303 0.006474720
v -0.087067784 -0.022322303 0.013758780
v -0.087137955 -0.022318592 0.006480870
v -0.087137955 -0.022318592 0.013752630
v -0.087205995 -0.022314992 0.006499135
v -0.087205995 -0.022314992 0.013734378
v -0.087269836 -0.022311621 0.006528947
v -0.087269836 -0.022311621 0.013704578
v -0.087327536 -0.022308564 0.006569392
v -0.087327536 -0.022308564 0.013664109
v -0.087377347 -0.022305940 0.006619272
v -0.087377347 -0.022305940 0.013614229
v -0.087417750 -0.022303797 0.006677055
v -0.087417750 -0.022303797 0.013556458
v -0.087447518 -0.022302223 0.006740989
v -0.087447518 -0.022302223 0.013492524
v -0.087465751 -0.022301266 0.006809121
v -0.087465751 -0.022301266 0.013424379
v -0.087471889 -0.022300938 0.006879402
v -0.087471889 -0.022300938 0.013354123
v -0.087061309 -0.022274973 0.006474720
v -0.087061309 -0.022274973 0.013758780
v -0.087129902 -0.022259703 0.006480870
v -0.087129902 -0.022259703 0.013752630
v -0.087196409 -0.022244896 0.006499135
v -0.087196409 -0.022244896 0.013734378
v -0.087258811 -0.022231009 0.006528947
v -0.087258811 -0.022231009 0.013704578
v -0.087047095 -0.022229360 0.006474720
v -0.087047095 -0.022229360 0.013758780
v -0.087315213 -0.022218456 0.006569392
v -0.087315213 -0.022218456 0.013664109
v -0.087363899 -0.022207619 0.006619272
v -0.087363899 -0.022207619 0.013614229
v -0.087112216 -0.022202957 0.006480870
v -0.087112216 -0.022202957 0.013752630
v -0.087403392 -0.022198826 0.006677055
v -0.087403392 -0.022198826 0.013556458
v -0.087432492 -0.022192349 0.006740989
v -0.087432492 -0.022192349 0.013492524
v -0.087450312 -0.022188385 0.006809121
v -0.087450312 -0.022188385 0.013424379
v -0.087456311 -0.022187045 0.006879402
v -0.087456311 -0.022187045 0.013354123
v -0.087025531 -0.022186736 0.006474720
v -0.087025531 -0.022186736 0.013758780
v -0.087175356 -0.022177350 0.006499135
v -0.087175356 -0.022177350 0.013734378
v -0.083230827 -0.022176634 0.006879402
v -0.083230827 -0.022176634 0.013354123
v -0.083232512 -0.022170725 0.006809121
v -0.083232512 -0.022170725 0.013424379
v -0.087234601 -0.022153330 0.006528947
v -0.087234601 -0.022153330 0.013704578
v -0.083237523 -0.022153164 0.006740989
v -0.083237523 -0.022153164 0.013492524
v -0.087085385 -0.022149916 0.006480870
v -0.087085385 -0.022149916 0.013752630
v -0.086997210 -0.022148261 0.006474720
v -0.086997210 -0.022148261 0.013758780
v -0.087288149 -0.022131614 0.006569392
v -0.087288149 -0.022131614 0.013664109
v -0.083245702 -0.022124500 0.006677055
v -0.083245702 -0.022124500 0.013556458
v -0.087143421 -0.022114226 0.006499135
v -0.087143421 -0.022114226 0.013734378
v -0.087334372 -0.022112873 0.006619272
v -0.087334372 -0.022112873 0.013614229
v -0.087050150 -0.022102049 0.006480870
v -0.087050150 -0.022102049 0.013752630
v -0.087371865 -0.022097671 0.006677055
v -0.087371865 -0.022097671 0.013556458
v -0.087399492 -0.022086470 0.006740989
v -0.087399492 -0.022086470 0.013492524
v -0.083256804 -0.022085593 0.006619272
v -0.083256804 -0.022085593 0.013614229
v -0.087197875 -0.022080727 0.006528947
v -0.087197875 -0.022080727 0.013704578
v -0.087416411 -0.022079610 0.006809121
v -0.087416411 -0.022079610 0.013424379
v -0.087422107 -0.022077300 0.006879402
v -0.087422107 -0.022077300 0.013354123
v -0.087101481 -0.022057245 0.006499135
v -0.087101481 -0.022057245 0.013734378
v -0.087247091 -0.022050459 0.006569392
v -0.087247091 -0.022050459 0.013664109
v -0.083270487 -0.022037634 0.006569392
v -0.083270487 -0.022037634 0.013664109
v -0.087289578 -0.022024321 0.006619272
v -0.087289578 -0.022024321 0.013614229
v -0.087149642 -0.022015207 0.006528947
v -0.087149642 -0.022015207 0.013704578
v -0.087324040 -0.022003129 0.006677055
v -0.087324040 -0.022003129 0.013556458
v -0.087349432 -0.021987507 0.006740989
v -0.087349432 -0.021987507 0.013492524
v -0.083286344 -0.021982067 0.006528947
v -0.083286344 -0.021982067 0.013704578
v -0.087364982 -0.021977948 0.006809121
v -0.087364982 -0.021977948 0.013424379
v -0.087193173 -0.021977201 0.006569392
v -0.087193173 -0.021977201 0.013664109
v -0.087370219 -0.021974725 0.006879402
v -0.087370219 -0.021974725 0.013354123
v -0.087230750 -0.021944407 0.006619272
v -0.087230750 -0.021944407 0.013614229
v -0.083303887 -0.021920591 0.006499135
v -0.083303887 -0.021920591 0.013734378
v -0.087261231 -0.021917800 0.006677055
v -0.087261231 -0.021917800 0.013556458
v -0.087283689 -0.021898195 0.006740989
v -0.087283689 -0.021898195 0.013492524
v -0.087297443 -0.021886191 0.006809121
v -0.087297443 -0.021886191 0.013424379
v -0.087302075 -0.021882147 0.006879402
v -0.087302075 -0.021882147 0.013354123
v -0.083322581 -0.021855070 0.006480870
v -0.083322581 -0.021855070 0.013752630
v -0.082109330 -0.021841739 0.006879402
v -0.082109330 -0.021841739 0.013354123
v -0.083341868 -0.021787500 0.006474720
v -0.083341868 -0.021787500 0.013758780
v -0.079892571 -0.021090201 0.006879402
v -0.079892571 -0.021090201 0.013354123
v -0.079894686 -0.021084428 0.006809121
v -0.079894686 -0.021084428 0.013424379
v -0.079900972 -0.021067286 0.006740989
v -0.079900972 -0.021067286 0.013492524
v -0.079911228 -0.021039296 0.006677055
v -0.079911228 -0.021039296 0.013556458
v -0.079925152 -0.021001309 0.006619272
v -0.079925152 -0.021001309 0.013614229
v -0.079942315 -0.020954479 0.006569392
v -0.079942315 -0.020954479 0.013664109
v -0.079962204 -0.020900222 0.006528947
v -0.079962204 -0.020900222 0.013704578
v -0.079984204 -0.020840203 0.006499135
v -0.079984204 -0.020840203 0.013734378
v -0.080007647 -0.020776226 0.006480870
v -0.080007647 -0.020776226 0.013752630
v -0.080031830 -0.020710249 0.006474720
v -0.080031830 -0.020710249 0.013758780
v -0.077715200 -0.020231203 0.006879402
v -0.077715200 -0.020231203 0.013354123
v -0.076642917 -0.019762032 0.006879402
v -0.076642917 -0.019762032 0.013354123
v -0.076645451 -0.019756431 0.006809121
v -0.076645451 -0.019756431 0.013424379
v -0.076652972 -0.019739796 0.006740989
v -0.076652972 -0.019739796 0.013492524
v -0.076665257 -0.019712633 0.006677055
v -0.076665257 -0.019712633 0.013556458
v -0.076681926 -0.019675770 0.006619272
v -0.076681926 -0.019675770 0.013614229
v -0.076702475 -0.019630318 0.006569392
v -0.076702475 -0.019630318 0.013664109
v -0.076726285 -0.019577671 0.006528947
v -0.076726285 -0.019577671 0.013704578
v -0.076752624 -0.019519419 0.006499135
v -0.076752624 -0.019519419 0.013734378
v -0.076780698 -0.019457337 0.006480870
v -0.076780698 -0.019457337 0.013752630
v -0.076809651 -0.019393305 0.006474720
v -0.076809651 -0.019393305 0.013758780
v -0.073499345 -0.018199270 0.006879402
v -0.073499345 -0.018199270 0.013354123
v -0.073502281 -0.018193867 0.006809121
v -0.073502281 -0.018193867 0.013424379
v -0.073511000 -0.018177832 0.006740989
v -0.073511000 -0.018177832 0.013492524
v -0.073525242 -0.018151644 0.006677055
v -0.073525242 -0.018151644 0.013556458
v -0.073544569 -0.018116096 0.006619272
v -0.073544569 -0.018116096 0.013614229
v -0.073568395 -0.018072274 0.006569392
v -0.073568395 -0.018072274 0.013664109
v -0.073595999 -0.018021511 0.006528947
v -0.073595999 -0.018021511 0.013704578
v -0.073626536 -0.017965351 0.006499135
v -0.073626536 -0.017965351 0.013734378
v -0.073659084 -0.017905487 0.006480870
v -0.073659084 -0.017905487 0.013752630
v -0.073692650 -0.017843758 0.006474720
v -0.073692650 -0.017843758 0.013758780
v -0.069673965 -0.016093790 0.006879402
v -0.069673965 -0.016093790 0.011087968
v -0.069673742 -0.016093481 0.011076594
v -0.069672609 -0.016091925 0.011060009
v -0.069677302 -0.016090023 0.006816519
v -0.069678139 -0.016089072 0.006809121
v -0.069668648 -0.016086479 0.011032667
v -0.069665311 -0.016081897 0.011017526
v -0.069687040 -0.016079026 0.006756055
v -0.069661806 -0.016077075 0.011004596
v -0.069688901 -0.016076926 0.006747793
v -0.069690538 -0.016075086 0.006740989
v -0.069652554 -0.016064355 0.010977785
v -0.069706141 -0.016057470 0.006689380
v -0.069710788 -0.016052227 0.006677043
v -0.069636839 -0.016042755 0.010943911
v -0.069731797 -0.016028516 0.006631041
v -0.069738262 -0.016021218 0.006619259
v -0.069613424 -0.016010572 0.010905998
v -0.069761406 -0.015995098 0.006583359
v -0.069597515 -0.015988701 0.010885003
v -0.069772140 -0.015982983 0.006569379
v -0.069578055 -0.015961958 0.010862749
v -0.069798257 -0.015953505 0.006540815
v -0.069811375 -0.015938698 0.006528935
v -0.069837306 -0.015909429 0.006509509
v -0.069531692 -0.015898228 0.010819872
v -0.069854784 -0.015889695 0.006499123
v -0.069882338 -0.015858599 0.006486724
v -0.069901045 -0.015837481 0.006480870
v -0.069470009 -0.015813449 0.010777155
v -0.069925991 -0.015809324 0.006476128
v -0.081456740 -0.015800957 0.006474720
v -0.081456740 -0.015800957 0.013758780
v -0.069945049 -0.015787811 0.006474757
v -0.069948751 -0.015783631 0.006474720
v -0.069441352 -0.015774054 0.010761199
v -0.081492199 -0.015745316 0.013753803
v -0.081496098 -0.015739197 0.013752630
v -0.081496101 -0.015739191 0.006480870
v -0.069388032 -0.015700759 0.010736574
v -0.081526787 -0.015691046 0.013738984
v -0.081534258 -0.015679326 0.013734390
v -0.081534270 -0.015679308 0.006499135
v -0.081559652 -0.015639487 0.013714680
v -0.081570062 -0.015623148 0.013704590
v -0.081570084 -0.015623118 0.006528947
v -0.081589982 -0.015591898 0.013681509
v -0.081602427 -0.015572367 0.013664133
v -0.081602449 -0.015572336 0.006569392
v -0.069286602 -0.015561339 0.010704231
v -0.081617031 -0.015549459 0.013640262
v -0.081630375 -0.015528526 0.013614266
v -0.081630393 -0.015528495 0.006619272
v -0.081640134 -0.015513213 0.013591975
v -0.081642431 -0.015509607 0.006647293
v -0.081653045 -0.015492953 0.013556495
v -0.081653058 -0.015492935 0.006677055
v -0.081658720 -0.015484049 0.013537834
v -0.081662187 -0.015478609 0.006708374
v -0.081669751 -0.015466741 0.013492549
v -0.081669757 -0.015466729 0.006740989
v -0.081672332 -0.015462691 0.013479162
v -0.081675704 -0.015457399 0.006774654
v -0.081679980 -0.015450693 0.013424392
v -0.081679983 -0.015450687 0.006809121
v -0.081680634 -0.015449662 0.013417426
v -0.069203802 -0.015447525 0.010689312
v -0.081682564 -0.015446636 0.006844120
v -0.081683428 -0.015445284 0.006879402
v -0.081683428 -0.015445284 0.013354123
v -0.069106034 -0.015313138 0.010683286
v -0.075304893 -0.014020628 0.006474720
v -0.075304893 -0.014020628 0.013758780
v -0.075349731 -0.013967704 0.013753803
v -0.075354664 -0.013961875 0.006480870
v -0.075393463 -0.013916076 0.013738984
v -0.075402920 -0.013904912 0.006499135
v -0.075435014 -0.013867030 0.013714680
v -0.075448200 -0.013851457 0.006528947
v -0.075473362 -0.013821763 0.013681509
v -0.075489123 -0.013803152 0.006569392
v -0.075507558 -0.013781392 0.013640262
v -0.075524452 -0.013761448 0.006619272
v -0.075536768 -0.013746912 0.013591975
v -0.075539670 -0.013743479 0.006647293
v -0.075553106 -0.013727622 0.006677055
v -0.075560266 -0.013719175 0.013537834
v -0.075564653 -0.013713995 0.006708374
v -0.075574221 -0.013702701 0.006740989
v -0.075577478 -0.013698860 0.013479162
v -0.075581739 -0.013693822 0.006774654
v -0.075587151 -0.013687437 0.006809121
v -0.075587978 -0.013686461 0.013417426
v -0.075590414 -0.013683584 0.006844120
v -0.075591504 -0.013682293 0.006879402
v -0.075591504 -0.013682293 0.013354123
v -0.065276815 -0.013609906 0.013354123
v -0.065279872 -0.013604571 0.013424379
v -0.065288945 -0.013588733 0.013492524
v -0.065303762 -0.013562861 0.013556458
v -0.065323870 -0.013527757 0.013614229
v -0.067801409 -0.013519866 0.006879402
v -0.067801409 -0.013519866 0.010683286
v -0.067806382 -0.013516247 0.006809121
v -0.067821146 -0.013505510 0.006740989
v -0.067845250 -0.013487973 0.006677055
v -0.065348659 -0.013484472 0.013664109
v -0.067877967 -0.013464169 0.006619272
v -0.067918303 -0.013434827 0.006569392
v -0.065377374 -0.013434333 0.013704578
v -0.067965025 -0.013400835 0.006528947
v -0.065409147 -0.013378859 0.013734378
v -0.068016726 -0.013363218 0.006499135
v -0.068071821 -0.013323144 0.006480870
v -0.065443006 -0.013319729 0.013752630
v -0.068128647 -0.013281804 0.006474720
v -0.065477934 -0.013258753 0.013758780
v -0.067114660 -0.012395372 0.006879402
v -0.067114660 -0.012395372 0.010683286
v -0.067120146 -0.012392599 0.006809121
v -0.067136441 -0.012384374 0.006740989
v -0.067163057 -0.012370938 0.006677055
v -0.067199171 -0.012352692 0.006619272
v -0.067243697 -0.012330209 0.006569392
v -0.067295278 -0.012304170 0.006528947
v -0.067352342 -0.012275359 0.006499135
v -0.067413164 -0.012244645 0.006480870
v -0.067475893 -0.012212975 0.006474720
v -0.061204085 -0.011247370 0.013354123
v -0.066617510 -0.011175131 0.006879402
v -0.066617510 -0.011175131 0.010683286
v -0.066623376 -0.011173285 0.006809121
v -0.066640783 -0.011167771 0.006740989
v -0.066669208 -0.011158787 0.006677055
v -0.066707785 -0.011146598 0.006619272
v -0.066755343 -0.011131556 0.006569392
v -0.066810438 -0.011114143 0.006528947
v -0.066871392 -0.011094871 0.006499135
v -0.066936360 -0.011074328 0.006480870
v -0.067003359 -0.011053155 0.006474720
v -0.059386074 -0.010173219 0.011087968
v -0.059389214 -0.010167945 0.011017699
v -0.059398541 -0.010152249 0.010949554
v -0.059413768 -0.010126624 0.010885633
v -0.059434435 -0.010091835 0.010827837
v -0.059459912 -0.010048957 0.010777970
v -0.059489431 -0.009999275 0.010737513
v -0.059522086 -0.009944320 0.010707701
v -0.066322893 -0.009890871 0.006879402
v -0.066322893 -0.009890871 0.010683286
v -0.066328972 -0.009889982 0.006809121
v -0.066347039 -0.009887351 0.006740989
v -0.059556890 -0.009885746 0.010689436
v -0.066376539 -0.009883041 0.006677055
v -0.066416574 -0.009877212 0.006619272
v -0.066465932 -0.009870012 0.006569392
v -0.066523107 -0.009861676 0.006528947
v -0.066586367 -0.009852451 0.006499135
v -0.066653790 -0.009842621 0.006480870
v -0.066723324 -0.009832482 0.006474720
v -0.059592787 -0.009825344 0.010683286
v -0.057157706 -0.008839961 0.013354123
v -0.057160880 -0.008834713 0.013424379
v -0.057170297 -0.008819066 0.013492524
v -0.057185684 -0.008793539 0.013556458
v -0.057206567 -0.008758874 0.013614229
v -0.057232298 -0.008716157 0.013664109
v -0.057262122 -0.008666660 0.013704578
v -0.057295107 -0.008611902 0.013734378
v -0.066643064 -0.008582671 0.006474720
v -0.066572805 -0.008581498 0.006480870
v -0.066518031 -0.008580596 0.006494529
v -0.066504678 -0.008580374 0.006499135
v -0.066459374 -0.008579608 0.006518833
v -0.066440757 -0.008579312 0.006528947
v -0.066405240 -0.008578719 0.006552016
v -0.066382986 -0.008578361 0.006569392
v -0.066356959 -0.008577929 0.006593251
v -0.066333112 -0.008577533 0.006619272
v -0.066315724 -0.008577237 0.006641538
v -0.066292658 -0.008576866 0.006677055
v -0.066282550 -0.008576694 0.006695678
v -0.066262849 -0.008576372 0.006740989
v -0.066258252 -0.008576286 0.006754351
v -0.066244597 -0.008576064 0.006809121
v -0.066243430 -0.008576039 0.006816099
v -0.066238450 -0.008575965 0.006879402
v -0.066238450 -0.008575965 0.010683286
v -0.057330273 -0.008553538 0.013752630
v -0.057366537 -0.008493346 0.013758780
v -0.071490188 -0.006059497 0.006474720
v -0.071490188 -0.006059497 0.013758780
v -0.071547280 -0.006032143 0.013753803
v -0.071553560 -0.006029142 0.006480870
v -0.071602961 -0.006005468 0.013738984
v -0.071615005 -0.005999689 0.006499135
v -0.071655866 -0.005980115 0.013714680
v -0.071672659 -0.005972075 0.006528947
v -0.071704693 -0.005956724 0.013681509
v -0.071724768 -0.005947092 0.006569392
v -0.071748238 -0.005935854 0.013640262
v -0.071769748 -0.005925542 0.006619272
v -0.071785429 -0.005918033 0.013591975
v -0.071806238 -0.005908055 0.006677055
v -0.071815352 -0.005903696 0.013537834
v -0.071833119 -0.005895174 0.006740989
v -0.071837266 -0.005893198 0.013479162
v -0.071849585 -0.005887295 0.006809121
v -0.071850634 -0.005886789 0.013417426
v -0.071855126 -0.005884640 0.006879402
v -0.071855126 -0.005884640 0.013354123
v -0.071095129 -0.005362551 0.006474720
v -0.071095129 -0.005362551 0.013758780
v -0.071147923 -0.005327614 0.013753803
v -0.071153734 -0.005323773 0.006480870
v -0.071199418 -0.005293554 0.013738984
v -0.071210554 -0.005286181 0.006499135
v -0.071248344 -0.005261173 0.013714680
v -0.071263873 -0.005250898 0.006528947
v -0.071293497 -0.005231312 0.013681509
v -0.071312061 -0.005219012 0.006569392
v -0.071333765 -0.005204649 0.013640262
v -0.071353658 -0.005191497 0.006619272
v -0.071368162 -0.005181901 0.013591975
v -0.071387400 -0.005169169 0.006677055
v -0.071395831 -0.005163587 0.013537834
v -0.071412262 -0.005152719 0.006740989
v -0.071416097 -0.005150188 0.013479162
v -0.071427489 -0.005142655 0.006809121
v -0.071428459 -0.005142000 0.013417426
v -0.071432614 -0.005139246 0.006879402
v -0.071432614 -0.005139246 0.013354123
v -0.070608155 -0.004726413 0.006474720
v -0.070608155 -0.004726413 0.013758780
v -0.070655658 -0.004684573 0.013753803
v -0.070660882 -0.004679966 0.006480870
v -0.070660882 -0.004679966 0.013752630
v -0.070701984 -0.004643745 0.013738984
v -0.070712009 -0.004634928 0.006499135
v -0.070712009 -0.004634928 0.013734378
v -0.070746007 -0.004604980 0.013714680
v -0.070759981 -0.004592667 0.006528947
v -0.070759981 -0.004592667 0.013704578
v -0.070786631 -0.004569179 0.013681509
v -0.070803337 -0.004554470 0.006569392
v -0.070803337 -0.004554470 0.013664109
v -0.070822865 -0.004537255 0.013640262
v -0.070840762 -0.004521497 0.006619272
v -0.070840762 -0.004521497 0.013614229
v -0.070853810 -0.004510000 0.013591975
v -0.070871121 -0.004494748 0.006677055
v -0.070871121 -0.004494748 0.013556458
v -0.070878706 -0.004488067 0.013537834
v -0.070893489 -0.004475038 0.006740989
v -0.070893489 -0.004475038 0.013492524
v -0.070896940 -0.004472000 0.013479162
v -0.070907187 -0.004462985 0.006809121
v -0.070907187 -0.004462985 0.013424379
v -0.070908064 -0.004462207 0.013417426
v -0.070911800 -0.004458922 0.006879402
v -0.070911800 -0.004458922 0.013354123
v -0.049145986 -0.003891794 0.011087968
v -0.049145986 -0.003891794 0.013354123
v -0.049149271 -0.003886594 0.011017699
v -0.049149271 -0.003886594 0.013424379
v -0.049159033 -0.003871170 0.010949554
v -0.049159033 -0.003871170 0.013492524
v -0.049174983 -0.003845977 0.010885633
v -0.049174983 -0.003845977 0.013556458
v -0.049196619 -0.003811793 0.010827837
v -0.049196619 -0.003811793 0.013614229
v -0.049223300 -0.003769644 0.010777970
v -0.049223300 -0.003769644 0.013664109
v -0.049254205 -0.003720826 0.010737513
v -0.049254205 -0.003720826 0.013704578
v -0.049288395 -0.003666809 0.010707701
v -0.049288395 -0.003666809 0.013734378
v -0.049324838 -0.003609236 0.010689436
v -0.049324838 -0.003609236 0.013752630
v -0.049362418 -0.003549859 0.010683286
v -0.049362418 -0.003549859 0.013758780
v -0.044790726 -0.001316777 0.011087968
v -0.044790726 -0.001316777 0.013354123
v -0.044793696 -0.001311380 0.011017699
v -0.044793696 -0.001311380 0.013424379
v -0.044802502 -0.001295400 0.010949554
v -0.044802502 -0.001295400 0.013492524
v -0.044816889 -0.001269280 0.010885633
v -0.044816889 -0.001269280 0.013556458
v -0.044836413 -0.001233850 0.010827837
v -0.044836413 -0.001233850 0.013614229
v -0.044860483 -0.001190169 0.010777970
v -0.044860483 -0.001190169 0.013664109
v -0.044888368 -0.001139548 0.010737513
v -0.044888368 -0.001139548 0.013704578
v -0.044919217 -0.001083556 0.010707701
v -0.044919217 -0.001083556 0.013734378
v -0.044952098 -0.001023883 0.010689436
v -0.044952098 -0.001023883 0.013752630
v -0.044986010 -0.000962345 0.010683286
v -0.044986010 -0.000962345 0.013758780
v -0.043305218 -0.000517798 0.011087968
v -0.043305218 -0.000517798 0.013354123
v -0.066778909 -0.000379755 0.006474720
v -0.066719168 -0.000217506 0.006479574
v -0.066712540 -0.000199501 0.006480722
v -0.066659625 -0.000055814 0.006494393
v -0.066646442 -0.000020012 0.006499135
v -0.066381652 0.000071189 0.010683286
v -0.066605250 0.000091850 0.006517684
v -0.066587707 0.000139494 0.006527477
v -0.066383378 0.000175530 0.010689436
v -0.066552900 0.000234018 0.006550769
v -0.066385051 0.000276698 0.010707701
v -0.066529952 0.000296346 0.006569392
v -0.066506503 0.000360020 0.006591732
v -0.066386626 0.000371629 0.010737513
v -0.066483520 0.000422435 0.006617654
v -0.066388046 0.000457421 0.010777970
v -0.066465570 0.000471179 0.006641538
v -0.066444070 0.000529580 0.006676018
v -0.066389275 0.000531481 0.010827837
v -0.066433813 0.000557428 0.006695678
v -0.066389803 0.000563393 0.010855858
v -0.066390269 0.000591562 0.010885633
v -0.066414959 0.000608629 0.006740989
v -0.066390670 0.000615767 0.010916939
v -0.066410556 0.000620583 0.006754351
v -0.066391001 0.000635823 0.010949554
v -0.066403106 0.000640824 0.006781495
v -0.066391263 0.000651593 0.010983219
v -0.066397487 0.000656088 0.006809121
v -0.066396385 0.000659065 0.006815975
v -0.066391451 0.000662942 0.011017699
v -0.066394286 0.000664770 0.006831832
v -0.066392794 0.000668821 0.006847652
v -0.066391563 0.000669772 0.011052685
v -0.066391899 0.000671254 0.006863509
v -0.066391603 0.000672069 0.006879402
v -0.066391603 0.000672069 0.011087968
v -0.040287198 0.000989143 0.011087968
v -0.040287198 0.000989143 0.013354123
v -0.040289835 0.000994701 0.011017699
v -0.040289835 0.000994701 0.013424379
v -0.040297658 0.001011187 0.010949554
v -0.040297658 0.001011187 0.013492524
v -0.040310434 0.001038134 0.010885633
v -0.040310434 0.001038134 0.013556458
v -0.040327772 0.001074676 0.010827837
v -0.040327772 0.001074676 0.013614229
v -0.040349149 0.001119752 0.010777970
v -0.040349149 0.001119752 0.013664109
v -0.040373904 0.001171954 0.010737513
v -0.040373904 0.001171954 0.013704578
v -0.040401302 0.001229712 0.010707701
v -0.040401302 0.001229712 0.013734378
v -0.040430496 0.001291287 0.010689436
v -0.040430496 0.001291287 0.013752630
v -0.040460610 0.001354776 0.010683286
v -0.040460610 0.001354776 0.013758780
v -0.037210660 0.002372676 0.011087968
v -0.037210660 0.002372676 0.013354123
v -0.035652011 0.003017445 0.011087968
v -0.035652011 0.003017445 0.013354123
v -0.035654308 0.003023151 0.011017699
v -0.035654308 0.003023151 0.013424379
v -0.035661119 0.003040095 0.010949554
v -0.035661119 0.003040095 0.013492524
v -0.035672233 0.003067745 0.010885633
v -0.035672233 0.003067745 0.013556458
v -0.035687318 0.003105288 0.010827837
v -0.035687318 0.003105288 0.013614229
v -0.035705917 0.003151574 0.010777970
v -0.035705917 0.003151574 0.013664109
v -0.035727461 0.003205183 0.010737513
v -0.035727461 0.003205183 0.013704578
v -0.035751301 0.003264511 0.010707701
v -0.035751301 0.003264511 0.013734378
v -0.035776711 0.003327728 0.010689436
v -0.035776711 0.003327728 0.013752630
v -0.035802910 0.003392934 0.010683286
v -0.035802910 0.003392934 0.013758780
v -0.051681453 0.003495941 0.010683286
v -0.051681453 0.003495941 0.013758780
v -0.052075447 0.003530409 0.010683286
v -0.051287472 0.003530409 0.010683286
v -0.052075447 0.003530409 0.013758780
v -0.051287472 0.003530409 0.013758780
v -0.052457462 0.003632774 0.010683286
v -0.050905457 0.003632774 0.010683286
v -0.052457462 0.003632774 0.013758780
v -0.050905457 0.003632774 0.013758780
v -0.052815901 0.003799913 0.010683286
v -0.050547018 0.003799913 0.010683286
v -0.052815901 0.003799913 0.013758780
v -0.050547018 0.003799913 0.013758780
v -0.053139867 0.004026749 0.010683286
v -0.050223052 0.004026749 0.010683286
v -0.053139867 0.004026749 0.013758780
v -0.050223052 0.004026749 0.013758780
v -0.053419523 0.004306417 0.010683286
v -0.049943396 0.004306417 0.010683286
v -0.053419523 0.004306417 0.013758780
v -0.049943396 0.004306417 0.013758780
v -0.053646365 0.004630383 0.010683286
v -0.049716554 0.004630383 0.010683286
v -0.053646365 0.004630383 0.013758780
v -0.049716554 0.004630383 0.013758780
v -0.030902263 0.004760671 0.011087968
v -0.030902263 0.004760671 0.013354123
v -0.030903832 0.004765401 0.011024664
v -0.030904202 0.004766512 0.011017699
v -0.030904202 0.004766512 0.013424379
v -0.030909976 0.004783826 0.010949554
v -0.030909976 0.004783826 0.013492524
v -0.030919386 0.004812107 0.010885633
v -0.030919386 0.004812107 0.013556458
v -0.030932168 0.004850501 0.010827837
v -0.030932168 0.004850501 0.013614229
v -0.030939701 0.004873138 0.010801817
v -0.030947926 0.004897825 0.010777970
v -0.030947926 0.004897825 0.013664109
v -0.030966172 0.004952644 0.010737513
v -0.030966172 0.004952644 0.013704578
v -0.053813516 0.004988829 0.010683286
v -0.049549403 0.004988829 0.010683286
v -0.053813516 0.004988829 0.013758780
v -0.049549403 0.004988829 0.013758780
v -0.030986370 0.005013305 0.010707701
v -0.030986370 0.005013305 0.013734378
v -0.030990587 0.005025976 0.010703107
v -0.031007895 0.005077955 0.010689436
v -0.031007895 0.005077955 0.013752630
v -0.031030094 0.005144618 0.010683286
v -0.031030094 0.005144618 0.013758780
v -0.053915876 0.005370837 0.010683286
v -0.049447043 0.005370837 0.010683286
v -0.053915876 0.005370837 0.013758780
v -0.049447043 0.005370837 0.013758780
v -0.053950343 0.005764825 0.010683286
v -0.049412576 0.005764825 0.010683286
v -0.053950343 0.005764825 0.013758780
v -0.049412576 0.005764825 0.013758780
v -0.027021399 0.005935471 0.011087968
v -0.027022715 0.005940287 0.011024664
v -0.027026611 0.005954588 0.010962917
v -0.027033014 0.005978015 0.010904244
v -0.027041758 0.006010025 0.010850103
v -0.027052613 0.006049815 0.010801817
v -0.027065333 0.006096398 0.010760582
v -0.026378124 0.006107982 0.013354123
v -0.026379667 0.006113860 0.013423996
v -0.026384335 0.006131582 0.013492524
v -0.027079584 0.006148636 0.010727411
v -0.053915876 0.006158813 0.010683286
v -0.049447043 0.006158813 0.010683286
v -0.053915876 0.006158813 0.013758780
v -0.049447043 0.006158813 0.013758780
v -0.026391924 0.006160418 0.013556458
v -0.026402230 0.006199541 0.013614229
v -0.027095040 0.006205222 0.010703107
v -0.026414938 0.006247766 0.013664109
v -0.027111304 0.006264784 0.010688275
v -0.026429652 0.006303648 0.013704578
v -0.027127970 0.006325852 0.010683286
v -0.026445929 0.006365470 0.013734378
v -0.026463280 0.006431355 0.013752630
v -0.026481174 0.006499314 0.013758780
v -0.053813516 0.006540833 0.010683286
v -0.049549403 0.006540833 0.010683286
v -0.053813516 0.006540833 0.013758780
v -0.049549403 0.006540833 0.013758780
v -0.024127258 0.006663143 0.011087968
v -0.024127258 0.006663143 0.013354123
v -0.023081943 0.006895673 0.011087968
v -0.053646365 0.006899267 0.010683286
v -0.049716554 0.006899267 0.010683286
v -0.053646365 0.006899267 0.013758780
v -0.049716554 0.006899267 0.013758780
v -0.023082986 0.006900551 0.011024664
v -0.023086104 0.006915037 0.010962917
v -0.023091205 0.006938798 0.010904244
v -0.023098176 0.006971240 0.010850103
v -0.023106846 0.007011561 0.010801817
v -0.023116985 0.007058761 0.010760582
v -0.023128358 0.007111704 0.010727411
v -0.021777201 0.007163732 0.013354123
v -0.023140683 0.007169067 0.010703107
v -0.021778368 0.007169697 0.013423996
v -0.021781893 0.007187690 0.013492524
v -0.021787630 0.007216947 0.013556458
v -0.053419523 0.007223232 0.010683286
v -0.049943396 0.007223232 0.010683286
v -0.053419523 0.007223232 0.013758780
v -0.049943396 0.007223232 0.013758780
v -0.023153657 0.007229420 0.010688275
v -0.021795416 0.007256650 0.013614229
v -0.023166951 0.007291316 0.010683286
v -0.021805012 0.007305579 0.013664109
v 0.007742290 0.007345876 0.003349827
v -0.002596246 0.007345876 0.006296380
v -0.002596246 0.007345876 0.012121996
v 0.007742290 0.007345876 0.013672815
v 0.008399866 0.007350099 0.003168326
v -0.021816126 0.007362288 0.013704578
v 0.007672885 0.007365808 0.003106307
v 0.007704722 0.007365808 0.013923227
v 0.008330067 0.007369229 0.002924262
v 0.007665241 0.007370476 0.003079508
v -0.002596246 0.007370476 0.006004116
v -0.002596246 0.007370476 0.012406221
v 0.007700585 0.007370476 0.013950779
v -0.021828433 0.007425024 0.013734378
v 0.007605185 0.007425111 0.002868788
v 0.007668081 0.007425111 0.014167476
v 0.008261477 0.007427902 0.002686237
v 0.007590539 0.007443499 0.002817414
v -0.002596246 0.007443499 0.005720718
v -0.002596246 0.007443499 0.012681801
v 0.007660165 0.007443499 0.014220320
v -0.021841542 0.007491885 0.013752630
v -0.053139867 0.007502888 0.010683286
v -0.050223052 0.007502888 0.010683286
v -0.053139867 0.007502888 0.013758780
v -0.050223052 0.007502888 0.013758780
v 0.007540869 0.007522301 0.002643112
v 0.007633268 0.007522301 0.014399549
v 0.008195802 0.007524697 0.002460129
v -0.021855058 0.007560844 0.013758780
v 0.007520455 0.007562746 0.002571485
v -0.002596246 0.007562746 0.005454808
v -0.002596246 0.007562746 0.012940388
v 0.007622227 0.007562746 0.014473202
v 0.013051472 0.007621160 0.001884381
v -0.019229668 0.007621987 0.011025529
v -0.019217670 0.007622209 0.005017906
v -0.019267815 0.007623667 0.010988023
v -0.019268124 0.007623704 0.005017906
v -0.019169951 0.007626618 0.011085399
v -0.019293422 0.007626840 0.010963176
v -0.019167420 0.007627026 0.005017906
v -0.019167420 0.007627026 0.011087968
v -0.019217874 0.007628359 0.004947649
v -0.019267562 0.007629817 0.004947649
v -0.019318004 0.007631459 0.005017906
v -0.019318004 0.007631459 0.010939564
v -0.019168204 0.007631941 0.004954602
v -0.019168389 0.007633089 0.004947649
v -0.019316683 0.007637461 0.004947649
v -0.019378782 0.007644834 0.010891141
v -0.019170532 0.007646587 0.004892854
v -0.019218473 0.007646612 0.004879504
v -0.019265889 0.007648008 0.004879504
v 0.007481504 0.007655022 0.002434825
v 0.007601147 0.007655022 0.014613727
v -0.019312755 0.007655294 0.004879504
v 0.008134660 0.007657196 0.002251557
v -0.019450329 0.007660579 0.010848967
v -0.019488700 0.007669039 0.010830319
v -0.019174348 0.007670582 0.004834194
v -0.019219455 0.007676399 0.004815583
v -0.019263147 0.007677683 0.004815583
v -0.019306346 0.007684402 0.004815583
v -0.019561537 0.007685081 0.010800125
v 0.013702207 0.007693022 0.014538630
v -0.019179566 0.007703333 0.004780053
v 0.013662379 0.007708878 0.014791808
v -0.019698673 0.007715263 0.010756605
v -0.019220788 0.007716832 0.004757799
v 0.013903801 0.007717116 0.014587250
v 0.013905221 0.007717165 0.014568133
v -0.019259442 0.007717980 0.004757799
v -0.019297646 0.007723908 0.004757799
v 0.007457102 0.007724575 0.002349218
v -0.002596246 0.007724575 0.005214473
v -0.002596246 0.007724575 0.013174103
v 0.007587933 0.007724575 0.014701767
v -0.052815901 0.007729737 0.010683286
v -0.050547018 0.007729737 0.010683286
v -0.052815901 0.007729737 0.013758780
v -0.050547018 0.007729737 0.013758780
v 0.014012156 0.007730268 0.001604700
v 0.014014094 0.007730453 0.001618680
v 0.013882349 0.007737789 0.014841329
v 0.013881608 0.007739085 0.014849208
v -0.019186043 0.007744075 0.004731779
v -0.019830455 0.007744285 0.010726509
v 0.013975984 0.007746668 0.001360377
v 0.013974156 0.007748360 0.001348892
v 0.013972378 0.007750114 0.001337604
v 0.013873952 0.007754078 0.014927467
v 0.013618822 0.007764785 0.015038613
v 0.013958015 0.007766588 0.001249404
v -0.019222431 0.007766687 0.004707920
v -0.019254861 0.007767638 0.004707920
v -0.019286926 0.007772639 0.004707920
v -0.020004837 0.007782667 0.010699995
v -0.019193626 0.007791769 0.004690531
v 0.013858330 0.007793065 0.015073661
v 0.013933761 0.007803674 0.001108668
v 0.013852797 0.007809169 0.015121751
v -0.020139990 0.007812417 0.010688213
v 0.013925906 0.007817999 0.001065074
v 0.007428562 0.007819987 0.002249075
v 0.007572496 0.007819987 0.014804725
v 0.008079556 0.007822149 0.002065647
v -0.019224333 0.007824433 0.004667450
v -0.019249563 0.007825186 0.004667450
v 0.013846585 0.007828484 0.015173693
v -0.019274497 0.007829064 0.004667450
v 0.013914372 0.007840932 0.001002746
v -0.019202134 0.007845230 0.004657348
v -0.020302417 0.007848194 0.010683286
v 0.013572635 0.007859345 0.015272835
v -0.019226438 0.007888330 0.004637638
v -0.019243697 0.007888848 0.004637638
v 0.013828987 0.007889565 0.015310526
v -0.019260758 0.007891504 0.004637638
v -0.052457462 0.007896876 0.010683286
v -0.050905457 0.007896876 0.010683286
v -0.052457462 0.007896876 0.013758780
v -0.050905457 0.007896876 0.013758780
v 0.013888524 0.007900062 0.000869952
v -0.019211353 0.007903162 0.004633044
v -0.017202020 0.007912646 0.005017906
v -0.017118259 0.007923625 0.013354123
v 0.007402418 0.007924094 0.002157343
v -0.002596246 0.007924094 0.005007026
v -0.002596246 0.007924094 0.013375858
v 0.007558343 0.007924094 0.014899063
v -0.017119056 0.007929713 0.013424379
v 0.013816255 0.007938963 0.015401208
v -0.017121421 0.007947818 0.013492524
v 0.013868950 0.007951621 0.000775243
v 0.013812105 0.007955906 0.015429390
v -0.019228680 0.007956437 0.004619398
v -0.019237442 0.007956684 0.004619398
v -0.019219955 0.007957265 0.004619398
v -0.019246105 0.007958031 0.004619398
v -0.019221054 0.007964156 0.004618225
v 0.013863418 0.007967169 0.000749420
v -0.017125280 0.007977382 0.013556458
v 0.013524978 0.007990189 0.015488582
v -0.052075447 0.007999229 0.010683286
v -0.051287472 0.007999229 0.010683286
v -0.052075447 0.007999229 0.013758780
v -0.051287472 0.007999229 0.013758780
v 0.007383350 0.008013122 0.002090445
v 0.007548031 0.008013122 0.014967863
v 0.008031862 0.008015444 0.001907005
v -0.017130510 0.008017506 0.013614229
v 0.016037988 0.008020606 0.014568133
v 0.016038815 0.008020742 0.001618680
v 0.013796681 0.008022224 0.015528705
v -0.019230995 0.008026657 0.004613248
v 0.013841423 0.008033363 0.000650377
v -0.051681453 0.008033696 0.010683286
v -0.051681453 0.008033696 0.013758780
v -0.002596246 0.008036129 0.004917627
v -0.002596246 0.008036129 0.013462774
v 0.016034024 0.008044873 0.014849208
v 0.016034839 0.008044996 0.001337604
v -0.017136963 0.008066966 0.013664109
v 0.013783257 0.008083934 0.015608594
v 0.013824517 0.008088849 0.000578231
v 0.013778440 0.008106978 0.015635924
v 0.016022218 0.008116945 0.015121751
v 0.016023045 0.008117068 0.001065062
v 0.013816144 0.008117797 0.000543800
v -0.017144440 0.008124256 0.013704578
v -0.015161751 0.008152425 0.005017906
v 0.013477050 0.008154006 0.015680419
v 0.007358058 0.008155216 0.002001701
v -0.002596246 0.008155216 0.004838751
v -0.002596246 0.008155216 0.013539502
v 0.007534336 0.008155216 0.015059114
v -0.015162264 0.008157328 0.004954874
v -0.015163795 0.008172110 0.004892854
v -0.017152708 0.008187646 0.013734378
v 0.013762201 0.008187658 0.015722704
v -0.015166290 0.008196290 0.004834194
v 0.013793680 0.008200193 0.000455624
v -0.015169710 0.008229288 0.004780053
v 0.007346968 0.008229696 0.001962813
v 0.007528334 0.008229696 0.015099114
v 0.007992751 0.008232314 0.001779570
v 0.016002952 0.008234611 0.015377473
v 0.016003767 0.008234747 0.000809340
v -0.017161526 0.008255210 0.013752630
v -0.015173946 0.008270326 0.004731779
v -0.002596246 0.008280477 0.004770939
v -0.002596246 0.008280477 0.013605436
v 0.013743590 0.008285936 0.015812918
v 0.013769598 0.008296322 0.000367905
v 0.013738996 0.008311104 0.015833714
v -0.015178917 0.008318341 0.004690531
v 0.013764152 0.008319156 0.000349122
v -0.017170615 0.008324886 0.013758780
v 0.013430072 0.008346671 0.015843532
v -0.015184487 0.008372210 0.004657348
v -0.002596246 0.008378113 0.005017906
v -0.002596246 0.008378113 0.013354123
v -0.002596246 0.008380459 0.013397531
v -0.002596246 0.008381484 0.013406238
v 0.013726436 0.008381731 0.015887645
v -0.002596246 0.008383102 0.013417426
v -0.002596246 0.008383238 0.004953836
v -0.012420318 0.008384547 0.013354123
v -0.012420719 0.008390611 0.013423996
v 0.015976796 0.008394328 0.015608594
v 0.015977611 0.008394451 0.000578218
v -0.002596246 0.008394562 0.013468195
v 0.013746504 0.008396267 0.000290684
v -0.002596246 0.008397959 0.013479174
v -0.002596246 0.008398156 0.004892298
v -0.002596246 0.008400898 0.004884185
v -0.012421930 0.008408888 0.013492524
v 0.007325369 0.008410938 0.001887023
v -0.002596246 0.008410938 0.004714749
v -0.002596246 0.008410938 0.013660070
v 0.007516651 0.008410938 0.015177039
v -0.003152791 0.008413445 0.005017906
v -0.003152791 0.008413445 0.013354123
v -0.002596246 0.008417582 0.013528239
v -0.003152803 0.008417644 0.004959801
v -0.003152803 0.008418446 0.004954602
v -0.003152791 0.008419558 0.013424070
v -0.003152791 0.008419595 0.013424379
v -0.002596246 0.008421460 0.013536130
v -0.002596246 0.008422324 0.004834194
v -0.002596246 0.008426980 0.004825351
v -0.015190526 0.008430549 0.004633044
v -0.003152815 0.008432303 0.004895941
v -0.003152803 0.008435020 0.013484386
v -0.012423887 0.008438638 0.013556458
v 0.018304216 0.008444158 0.001618680
v 0.018304216 0.008444158 0.014568133
v -0.002596246 0.008454384 0.013590332
v -0.002596246 0.008455582 0.004780053
v -0.002596246 0.008455582 0.013591975
v -0.003152815 0.008455631 0.004838170
v -0.003152828 0.008457644 0.013537834
v -0.011133359 0.008458163 0.005017906
v -0.002596246 0.008461497 0.004772125
v -0.003152828 0.008462645 0.013547331
v -0.011133600 0.008463139 0.004954602
v 0.007320330 0.008464362 0.001869326
v 0.007513922 0.008464362 0.015195243
v -0.002596246 0.008466647 0.004765555
v 0.007963223 0.008467400 0.001686479
v -0.003152828 0.008467758 0.013556458
v 0.018299166 0.008468227 0.001337604
v 0.018299166 0.008468227 0.014849208
v -0.011134316 0.008477934 0.004892854
v -0.012426555 0.008479009 0.013614229
v -0.003152803 0.008490086 0.004781128
v -0.003152828 0.008490877 0.013591975
v -0.015196879 0.008491976 0.004618225
v -0.002596246 0.008496076 0.013639422
v -0.002596246 0.008496903 0.004731779
v -0.010189341 0.008497842 0.005017906
v -0.010189341 0.008497842 0.013354123
v -0.003152828 0.008500793 0.013605028
v -0.002596246 0.008502139 0.013645387
v -0.011135496 0.008502213 0.004834194
v 0.013704998 0.008508289 0.015969942
v 0.013722163 0.008510327 0.000216883
v -0.002596246 0.008510809 0.004718540
v 0.013702836 0.008521528 0.015977599
v 0.013718533 0.008528110 0.000206583
v -0.012429833 0.008528777 0.013664109
v -0.003152815 0.008532186 0.013640262
v -0.003152803 0.008534335 0.004729630
v -0.011137095 0.008535347 0.004780053
v 0.018284136 0.008539682 0.001065062
v 0.018284136 0.008539682 0.015121751
v -0.007094279 0.008543313 0.005017906
v -0.007702544 0.008544609 0.013354123
v -0.002596246 0.008545301 0.004690531
v -0.007094254 0.008548290 0.004954602
v -0.003152803 0.008548524 0.013655699
v -0.007702556 0.008550698 0.013424009
v -0.002596246 0.008551253 0.013685733
v -0.015203394 0.008554934 0.004613248
v -0.003152803 0.008558256 0.013664109
v -0.002596246 0.008561096 0.004679639
v -0.007094155 0.008563121 0.004892854
v 0.013385194 0.008563356 0.015973808
v -0.002596246 0.008568012 0.004675206
v -0.007702593 0.008569025 0.013492524
v -0.011139096 0.008576533 0.004731779
v -0.003152840 0.008580547 0.004690544
v -0.003152791 0.008580559 0.013681509
v -0.012433637 0.008586437 0.013704578
v -0.007094001 0.008587413 0.004834194
v 0.015944564 0.008591217 0.015808114
v 0.015945354 0.008591352 0.000378699
v -0.003152791 0.008595774 0.013692019
v -0.007702636 0.008598824 0.013556458
v 0.013690277 0.008599565 0.016019353
v -0.002596246 0.008599577 0.013714680
v -0.002596246 0.008602442 0.004655903
v -0.002596246 0.008606950 0.013718348
v 0.013701120 0.008616570 0.000159853
v -0.002580142 0.008619831 0.004647271
v -0.007093797 0.008620596 0.004780053
v -0.002569015 0.008620917 0.013725560
v -0.011141436 0.008624770 0.004690531
v -0.003152840 0.008633020 0.004658262
v -0.002569485 0.008634144 0.004641059
v -0.003152914 0.008634798 0.013714680
v -0.002543427 0.008637589 0.013732970
v -0.007702723 0.008639281 0.013614229
v -0.003152939 0.008644937 0.013719669
v -0.002531584 0.008647271 0.013736724
v -0.012437842 0.008650223 0.013734378
v 0.018259598 0.008656373 0.000809340
v 0.018259598 0.008656373 0.015377473
v -0.002556345 0.008657768 0.004632390
v -0.002520803 0.008658003 0.013740478
v -0.007093544 0.008661844 0.004731779
v -0.002511343 0.008670069 0.013744208
v -0.002551417 0.008670365 0.004628500
v -0.011144048 0.008678849 0.004657348
v -0.003152988 0.008680195 0.013734378
v 0.007305350 0.008683492 0.001816779
v -0.002547688 0.008683492 0.004624968
v -0.002503871 0.008683492 0.013747777
v 0.007505821 0.008683492 0.015249260
v -0.007702821 0.008689173 0.013664109
v -0.003152815 0.008689890 0.004634255
v -0.003153001 0.008693570 0.013738984
v -0.002500228 0.008693582 0.013750086
v -0.002545452 0.008695583 0.004622164
v -0.003153001 0.008703351 0.013742022
v -0.002498067 0.008704054 0.013752173
v -0.002544279 0.008707895 0.004619719
v -0.007093241 0.008710118 0.004690531
v -0.002497511 0.008711180 0.013753421
v 0.007304078 0.008711341 0.001812309
v 0.007505117 0.008711341 0.015253878
v 0.007943958 0.008714885 0.001630029
v -0.012442325 0.008718219 0.013752630
v -0.002544180 0.008720232 0.004617681
v -0.002497882 0.008720825 0.013754878
v -0.002498944 0.008727976 0.013755804
v -0.002545131 0.008732607 0.004616039
v -0.002500623 0.008735002 0.013756594
v -0.011146888 0.008737448 0.004633044
v -0.007702939 0.008746944 0.013704578
v -0.003152976 0.008748439 0.013752630
v 0.013667393 0.008748612 0.016084534
v -0.002505625 0.008748686 0.013757755
v 0.013676001 0.008753675 0.000100785
v -0.003152791 0.008754441 0.004618385
v -0.003152964 0.008755429 0.013753803
v -0.002549972 0.008757293 0.004613915
v -0.002509923 0.008757343 0.013758262
v 0.013665528 0.008761122 0.016089189
v 0.013674519 0.008762196 0.000097623
v -0.007092902 0.008764271 0.004657348
v -0.003152951 0.008764678 0.013755162
v 0.093736519 0.008767309 0.001618680
v 0.093736519 0.008767309 0.014568133
v -0.002524186 0.008778831 0.013758780
v 0.013662762 0.008779807 0.016095932
v -0.002558209 0.008781140 0.004613248
v 0.013670839 0.008783388 0.000089966
v -0.012446950 0.008788340 0.013758780
v 0.094409594 0.008790304 0.001618680
v 0.094409594 0.008790304 0.014568133
v 0.093737766 0.008791872 0.001337604
v 0.093737766 0.008791872 0.014849208
v 0.013343576 0.008798603 0.016067961
v -0.011149883 0.008799121 0.004618225
v -0.007703062 0.008810878 0.013734378
v 0.094406667 0.008814731 0.001337604
v 0.094406667 0.008814731 0.014849208
v 0.018226316 0.008814743 0.000578218
v 0.018226316 0.008814743 0.015608594
v -0.002571967 0.008817917 0.004613248
v -0.003152754 0.008818831 0.004613248
v -0.003152791 0.008818831 0.004613248
v -0.003152791 0.008818831 0.013758780
v -0.003152865 0.008818844 0.013758780
v 0.015907219 0.008819313 0.015969942
v 0.015908009 0.008819436 0.000216870
v -0.007092531 0.008822931 0.004633044
v 0.013654624 0.008835651 0.016114518
v -0.002562729 0.008837800 0.013758780
v -0.002570053 0.008852471 0.013758780
v 0.013658687 0.008855411 0.000066502
v -0.011152946 0.008862351 0.004613248
v 0.093741483 0.008864796 0.001065062
v 0.093741483 0.008864796 0.015121751
v -0.007703192 0.008879023 0.013752630
v -0.007092142 0.008884679 0.004618225
v 0.094397985 0.008887235 0.001065062
v 0.094397985 0.008887235 0.015121751
v 0.095069060 0.008926927 0.001618680
v 0.095069060 0.008926927 0.014568133
v -0.007091747 0.008947983 0.004613248
v -0.007703340 0.008949279 0.013758780
v 0.095062045 0.008950514 0.001337604
v 0.095062045 0.008950514 0.014849208
v 0.087751248 0.008960518 0.001618680
v 0.087751248 0.008960518 0.014568133
v 0.007298620 0.008964556 0.001793130
v -0.002563865 0.008964556 0.004604023
v -0.002563865 0.008964556 0.013763646
v 0.007502165 0.008964556 0.015273588
v 0.007935474 0.008968631 0.001611628
v 0.093747559 0.008983895 0.000809340
v 0.093747559 0.008983895 0.015377473
v 0.087751570 0.008985105 0.001337604
v 0.087751570 0.008985105 0.014849208
v 0.094383808 0.009005630 0.000809340
v 0.094383808 0.009005630 0.015377473
v 0.018185253 0.009010002 0.000378699
v 0.018185253 0.009010002 0.015808114
v 0.095041199 0.009020499 0.001065062
v 0.095041199 0.009020499 0.015121751
v 0.013628134 0.009025970 0.016161299
v 0.013631777 0.009027526 0.000025317
v 0.013627442 0.009031058 0.016162225
v 0.013631184 0.009031490 0.000024588
v 0.013306243 0.009046483 0.016123632
v 0.087752570 0.009058141 0.001065062
v 0.087752570 0.009058141 0.015121751
v 0.015865885 0.009071663 0.016089189
v 0.015866675 0.009071799 0.000097623
v 0.013620403 0.009084050 0.016170721
v 0.013620317 0.009106674 0.000013066
v 0.095007189 0.009134794 0.000809340
v 0.095007189 0.009134794 0.015377473
v 0.093755784 0.009145526 0.000578218
v 0.093755784 0.009145526 0.015608594
v 0.094364555 0.009166310 0.000578218
v 0.094364555 0.009166310 0.015608594
v 0.095695874 0.009173276 0.001618680
v 0.095695874 0.009173276 0.014568133
v 0.087754188 0.009177363 0.000809340
v 0.087754188 0.009177363 0.015377473
v 0.022668584 0.009195208 0.001618680
v 0.022668584 0.009195208 0.014568133
v 0.095684969 0.009195320 0.001337604
v 0.095684969 0.009195320 0.014849208
v 0.022665299 0.009219586 0.001337604
v 0.022665299 0.009219586 0.014849208
v 0.018137708 0.009236184 0.000216870
v 0.018137708 0.009236184 0.015969942
v 0.095652576 0.009260772 0.001065062
v 0.095652576 0.009260772 0.015121751
v 0.013597791 0.009275456 0.000000370
v 0.013596050 0.009275789 0.016186442
v 0.094961001 0.009289892 0.000578218
v 0.094961001 0.009289892 0.015608594
v 0.022655580 0.009291955 0.001065062
v 0.022655580 0.009291955 0.015121751
v 0.013274171 0.009300760 0.016139403
v 0.013591900 0.009309886 0.016186813
v 0.013593481 0.009310084 0.000000000
v 0.013590172 0.009338722 0.016186813
v 0.087756398 0.009339179 0.000578218
v 0.087756398 0.009339179 0.015608594
v 0.015821846 0.009340624 0.016162225
v 0.015822636 0.009340748 0.000024588
v 0.093765948 0.009344774 0.000378699
v 0.093765948 0.009344774 0.015808114
v 0.013590172 0.009364261 0.000000000
v 0.094340819 0.009364410 0.000378699
v 0.094340819 0.009364410 0.015808114
v 0.095599683 0.009367633 0.000809340
v 0.095599683 0.009367633 0.015377473
v 0.022639686 0.009410128 0.000809340
v 0.022639686 0.009410128 0.015377473
v 0.094904082 0.009481113 0.000378699
v 0.094904082 0.009481113 0.015808114
v 0.018085086 0.009486423 0.000097623
v 0.018085086 0.009486423 0.016089189
v 0.095527895 0.009512678 0.000578218
v 0.095527895 0.009512678 0.015608594
v 0.096271918 0.009522187 0.001618680
v 0.096271918 0.009522187 0.014568133
v 0.087759103 0.009538686 0.000378699
v 0.087759103 0.009538686 0.015808114
v 0.096257445 0.009542058 0.001337604
v 0.096257445 0.009542058 0.014849208
v 0.022618136 0.009570536 0.000578218
v 0.022618136 0.009570536 0.015608594
v 0.093777717 0.009575599 0.000216870
v 0.093777717 0.009575599 0.015969942
v 0.094313329 0.009593889 0.000216870
v 0.094313329 0.009593889 0.015969942
v 0.096214431 0.009601076 0.001065062
v 0.096214431 0.009601076 0.015121751
v 0.015776424 0.009618008 0.016186813
v 0.015777202 0.009618131 0.000000000
v 0.015777202 0.009618131 0.000000000
v 0.027076360 0.009623256 0.001618680
v 0.027076360 0.009623256 0.014568133
v 0.027074866 0.009647807 0.001337604
v 0.027074866 0.009647807 0.014849208
v 0.095439423 0.009691500 0.000378699
v 0.095439423 0.009691500 0.015808114
v 0.096144224 0.009697465 0.000809340
v 0.096144224 0.009697465 0.015377473
v 0.094838111 0.009702627 0.000216870
v 0.094838111 0.009702627 0.015969942
v 0.027070494 0.009720694 0.001065062
v 0.027070494 0.009720694 0.015121751
v 0.031503673 0.009725980 0.001618680
v 0.031503673 0.009725980 0.014568133
v 0.031504007 0.009750568 0.001337604
v 0.031504007 0.009750568 0.014849208
v 0.018029019 0.009753136 0.000024588
v 0.018029019 0.009753136 0.016162225
v 0.022591548 0.009768264 0.000378699
v 0.022591548 0.009768264 0.015808114
v 0.087762252 0.009769783 0.000216870
v 0.087762252 0.009769783 0.015969942
v 0.031504995 0.009823590 0.001065062
v 0.031504995 0.009823590 0.015121751
v 0.096048898 0.009828259 0.000578218
v 0.096048898 0.009828259 0.015608594
v 0.093790733 0.009831000 0.000097623
v 0.093790733 0.009831000 0.016089189
v 0.027063344 0.009839731 0.000809340
v 0.027063344 0.009839731 0.015377473
v 0.094282912 0.009847808 0.000097623
v 0.094282912 0.009847808 0.016089189
v 0.095336922 0.009898651 0.000216870
v 0.095336922 0.009898651 0.015969942
v 0.031506625 0.009942813 0.000809340
v 0.031506625 0.009942813 0.015377473
v 0.094765150 0.009947716 0.000097623
v 0.094765150 0.009947716 0.016089189
v 0.096780559 0.009963610 0.001618680
v 0.096780559 0.009963610 0.014568133
v 0.096762924 0.009980751 0.001337604
v 0.096762924 0.009980751 0.014849208
v 0.095931404 0.009989507 0.000378699
v 0.095931404 0.009989507 0.015808114
v 0.022560760 0.009997336 0.000216870
v 0.022560760 0.009997336 0.015969942
v 0.027053649 0.010001276 0.000578218
v 0.027053649 0.010001276 0.015608594
v 0.087765722 0.010025481 0.000097623
v 0.087765722 0.010025481 0.016089189
v 0.017971186 0.010028198 0.000000000
v 0.017971186 0.010028198 0.016186813
v 0.096710537 0.010031631 0.001065062
v 0.096710537 0.010031631 0.015121751
v 0.093804614 0.010103184 0.000024588
v 0.093804614 0.010103184 0.016162225
v 0.031508823 0.010104641 0.000578218
v 0.031508823 0.010104641 0.015608594
v 0.096625004 0.010114719 0.000809340
v 0.096625004 0.010114719 0.015377473
v 0.094250495 0.010118411 0.000024588
v 0.094250495 0.010118411 0.016162225
v 0.095223479 0.010127846 0.000097623
v 0.095223479 0.010127846 0.016089189
v 0.095795300 0.010176306 0.000216870
v 0.095795300 0.010176306 0.015969942
v 0.027041683 0.010200425 0.000378699
v 0.027041683 0.010200425 0.015808114
v 0.094687385 0.010208921 0.000024588
v 0.094687385 0.010208921 0.016162225
v 0.096508943 0.010227495 0.000578218
v 0.096508943 0.010227495 0.015608594
v 0.022526688 0.010250774 0.000097623
v 0.022526688 0.010250774 0.016089189
v 0.087769439 0.010297998 0.000024588
v 0.087769439 0.010297998 0.016162225
v 0.031511528 0.010304136 0.000378699
v 0.031511528 0.010304136 0.015808114
v 0.096365837 0.010366526 0.000378699
v 0.096365837 0.010366526 0.015808114
v -0.031741638 0.010366662 0.005017906
v -0.031741638 0.010366662 0.010683286
v 0.095102614 0.010372108 0.000024588
v 0.095102614 0.010372108 0.016162225
v -0.031740310 0.010372664 0.004947649
v 0.095644709 0.010382988 0.000097623
v 0.095644709 0.010382988 0.016089189
v 0.093818915 0.010383889 0.000000000
v 0.093818915 0.010383889 0.016186813
v -0.031736389 0.010390484 0.004879504
v 0.094217065 0.010397499 0.000000000
v 0.094217065 0.010397499 0.000000000
v 0.094217065 0.010397499 0.016186813
v -0.031729980 0.010419604 0.004815583
v 0.027027814 0.010431139 0.000216870
v 0.027027814 0.010431139 0.015969942
v -0.031721279 0.010459123 0.004757799
v 0.094607162 0.010478326 0.000000000
v 0.094607162 0.010478326 0.000000000
v 0.094607162 0.010478326 0.016186813
v 0.097207100 0.010484785 0.001618680
v 0.097207100 0.010484785 0.014568133
v 0.097186822 0.010498691 0.001337604
v 0.097186822 0.010498691 0.014849208
v -0.032175156 0.010501494 0.005017906
v -0.032175156 0.010501494 0.010683286
v -0.057189599 0.010505286 0.010683286
v -0.057189599 0.010505286 0.013758780
v -0.032172841 0.010507175 0.004947649
v -0.031710554 0.010507830 0.004707920
v 0.022490392 0.010520883 0.000024588
v 0.022490392 0.010520883 0.016162225
v -0.032165962 0.010524094 0.004879504
v 0.096200056 0.010527576 0.000216870
v 0.096200056 0.010527576 0.015969942
v 0.031514677 0.010535246 0.000216870
v 0.031514677 0.010535246 0.015969942
v 0.097126593 0.010539975 0.001065062
v 0.097126593 0.010539975 0.015121751
v -0.032154730 0.010551707 0.004815583
v -0.057242325 0.010551732 0.010689436
v -0.057242325 0.010551732 0.013752630
v -0.031698130 0.010564267 0.004667450
v 0.087773268 0.010579049 0.000000000
v 0.087773268 0.010579049 0.016186813
v -0.032139484 0.010589176 0.004757799
v -0.057293459 0.010596771 0.010707701
v -0.057293459 0.010596771 0.013734378
v 0.095484215 0.010603254 0.000024588
v 0.095484215 0.010603254 0.016162225
v 0.097028229 0.010607379 0.000809340
v 0.097028229 0.010607379 0.015377473
v 0.094977933 0.010624026 0.000000000
v 0.094977933 0.010624026 0.000000000
v 0.094977933 0.010624026 0.016186813
v -0.031684391 0.010626694 0.004637638
v -0.032120688 0.010635376 0.004707920
v -0.057341424 0.010639031 0.010737513
v -0.057341424 0.010639031 0.013704578
v -0.057384784 0.010677228 0.010777970
v -0.057384784 0.010677228 0.013664109
v 0.027012488 0.010686392 0.000097623
v 0.027012488 0.010686392 0.016089189
v -0.032098916 0.010688899 0.004667450
v -0.031669739 0.010693233 0.004619398
v 0.096894718 0.010698865 0.000578218
v 0.096894718 0.010698865 0.015608594
v 0.096016653 0.010705768 0.000097623
v 0.096016653 0.010705768 0.016089189
v -0.032579696 0.010707571 0.005017906
v -0.032579696 0.010707571 0.010683286
v -0.057422209 0.010710202 0.010827837
v -0.057422209 0.010710202 0.013614229
v -0.032576449 0.010712795 0.004947649
v -0.032566816 0.010728306 0.004879504
v -0.057452564 0.010736951 0.010885633
v -0.057452564 0.010736951 0.013556458
v -0.032074828 0.010748127 0.004637638
v -0.032551076 0.010753623 0.004815583
v -0.057474935 0.010756661 0.010949554
v -0.057474935 0.010756661 0.013492524
v -0.031654623 0.010761860 0.004613248
v -0.057488637 0.010768714 0.011017699
v -0.057488637 0.010768714 0.013424379
v -0.057493250 0.010772777 0.011087968
v -0.057493250 0.010772777 0.013354123
v -0.032529724 0.010787991 0.004757799
v 0.031518159 0.010790931 0.000097623
v 0.031518159 0.010790931 0.016089189
v 0.022452949 0.010799452 0.000000000
v 0.022452949 0.010799452 0.000000000
v 0.022452949 0.010799452 0.016186813
v -0.032049154 0.010811246 0.004619398
v 0.096730148 0.010811653 0.000378699
v 0.096730148 0.010811653 0.015808114
v -0.032503395 0.010830350 0.004707920
v 0.095318681 0.010830424 0.000000000
v 0.095318681 0.010830424 0.000000000
v 0.095318681 0.010830424 0.016186813
v -0.032022676 0.010876328 0.004613248
v -0.032472904 0.010879427 0.004667450
v 0.095821184 0.010895667 0.000024588
v 0.095821184 0.010895667 0.016162225
v -0.032439159 0.010933728 0.004637638
v 0.096539508 0.010942311 0.000216870
v 0.096539508 0.010942311 0.015969942
v 0.026996138 0.010958440 0.000024588
v 0.026996138 0.010958440 0.016162225
v -0.032943625 0.010979002 0.005017906
v -0.032943625 0.010979002 0.010683286
v -0.032939544 0.010983608 0.004947649
v -0.032403197 0.010991611 0.004619398
v -0.032927429 0.010997267 0.004879504
v -0.032907645 0.011019570 0.004815583
v -0.032880791 0.011049827 0.004757799
v -0.032366111 0.011051296 0.004613248
v 0.031521864 0.011063448 0.000024588
v 0.031521864 0.011063448 0.016162225
v 0.097539241 0.011070660 0.001618680
v 0.097539241 0.011070660 0.014568133
v 0.097516901 0.011080923 0.001337604
v 0.097516901 0.011080923 0.014849208
v 0.096328553 0.011086875 0.000097623
v 0.096328553 0.011086875 0.016089189
v -0.032847694 0.011087135 0.004707920
v 0.095619553 0.011091543 0.000000000
v 0.095619553 0.011091543 0.000000000
v 0.095619553 0.011091543 0.016186813
v 0.097450547 0.011111414 0.001065062
v 0.097450547 0.011111414 0.015121751
v -0.032809349 0.011130358 0.004667450
v 0.097342180 0.011161195 0.000809340
v 0.097342180 0.011161195 0.015377473
v -0.032766922 0.011178188 0.004637638
v 0.097195109 0.011228759 0.000578218
v 0.097195109 0.011228759 0.015608594
v -0.032721710 0.011229154 0.004619398
v 0.026979280 0.011239022 0.000000000
v 0.026979280 0.011239022 0.000000000
v 0.026979280 0.011239022 0.016186813
v 0.096103742 0.011240936 0.000024588
v 0.096103742 0.011240936 0.016162225
v -0.032675072 0.011281726 0.004613248
v -0.033256501 0.011307981 0.005017906
v -0.033256501 0.011307981 0.010683286
v -0.033251703 0.011311835 0.004947649
v 0.097013830 0.011312044 0.000378699
v 0.097013830 0.011312044 0.015808114
v -0.033237458 0.011323258 0.004879504
v -0.033214198 0.011341881 0.004815583
v 0.031525693 0.011344499 0.000000000
v 0.031525693 0.011344499 0.016186813
v -0.033182614 0.011367185 0.004757799
v -0.033143694 0.011398380 0.004707920
v 0.095871879 0.011399837 0.000000000
v 0.095871879 0.011399837 0.000000000
v 0.095871879 0.011399837 0.016186813
v 0.096803789 0.011408532 0.000216870
v 0.096803789 0.011408532 0.015969942
v -0.033098600 0.011434503 0.004667450
v -0.033048708 0.011474478 0.004637638
v 0.096571432 0.011515281 0.000097623
v 0.096571432 0.011515281 0.016089189
v -0.032995537 0.011517084 0.004619398
v -0.032940698 0.011561011 0.004613248
v 0.096323774 0.011629057 0.000024588
v 0.096323774 0.011629057 0.016162225
v -0.033509340 0.011685063 0.005017906
v -0.033509340 0.011685063 0.010683286
v -0.033503968 0.011688051 0.004947649
v -0.033487993 0.011696893 0.004879504
v 0.097767375 0.011704328 0.001618680
v 0.097767375 0.011704328 0.014568133
v 0.097743614 0.011710663 0.001337604
v 0.097743614 0.011710663 0.014849208
v -0.033461917 0.011711342 0.004815583
v 0.097673049 0.011729472 0.001065062
v 0.097673049 0.011729472 0.015121751
v -0.033426524 0.011730941 0.004757799
v 0.096068361 0.011746403 0.000000000
v 0.096068361 0.011746403 0.000000000
v 0.096068361 0.011746403 0.016186813
v -0.033382893 0.011755109 0.004707920
v 0.097557840 0.011760173 0.000809340
v 0.097557840 0.011760173 0.015377473
v -0.033332346 0.011783118 0.004667450
v 0.097401433 0.011801865 0.000578218
v 0.097401433 0.011801865 0.015608594
v -0.033276427 0.011814091 0.004637638
v -0.055803300 0.011843693 0.010683286
v -0.055803300 0.011843693 0.013758780
v -0.033216822 0.011847101 0.004619398
v 0.097208669 0.011853251 0.000378699
v 0.097208669 0.011853251 0.015808114
v -0.033155352 0.011881149 0.004613248
v -0.055847864 0.011898018 0.010689436
v -0.055847864 0.011898018 0.013752630
v 0.096985339 0.011912776 0.000216870
v 0.096985339 0.011912776 0.015969942
v -0.055891081 0.011950701 0.010707701
v -0.055891081 0.011950701 0.013734378
v 0.096738250 0.011978648 0.000097623
v 0.096738250 0.011978648 0.016089189
v -0.055931631 0.012000124 0.010737513
v -0.055931631 0.012000124 0.013704578
v -0.055968278 0.012044793 0.010777970
v -0.055968278 0.012044793 0.013664109
v 0.096474883 0.012048831 0.000024588
v 0.096474883 0.012048831 0.016162225
v -0.055999911 0.012083348 0.010827837
v -0.055999911 0.012083348 0.013614229
v -0.033694892 0.012099427 0.005017906
v -0.033694892 0.012099427 0.010683286
v -0.033689087 0.012101452 0.004947649
v -0.033671853 0.012107479 0.004879504
v -0.056025580 0.012114642 0.010885633
v -0.056025580 0.012114642 0.013556458
v -0.033643709 0.012117309 0.004815583
v 0.096203292 0.012121236 0.000000000
v 0.096203292 0.012121236 0.000000000
v 0.096203292 0.012121236 0.016186813
v -0.033605518 0.012130659 0.004757799
v -0.056044481 0.012137686 0.010949554
v -0.056044481 0.012137686 0.013492524
v -0.033558435 0.012147109 0.004707920
v -0.056056065 0.012151801 0.011017699
v -0.056056065 0.012151801 0.013424379
v -0.056059961 0.012156556 0.011087968
v -0.056059961 0.012156556 0.013354123
v -0.033503887 0.012166176 0.004667450
v -0.033443529 0.012187269 0.004637638
v -0.033379212 0.012209746 0.004619398
v -0.033312877 0.012232938 0.004613248
v 0.097884893 0.012367462 0.001618680
v 0.097884893 0.012367462 0.014568133
v 0.097860416 0.012369685 0.001337604
v 0.097860416 0.012369685 0.014849208
v 0.097787677 0.012376279 0.001065062
v 0.097787677 0.012376279 0.015121751
v 0.097668924 0.012387036 0.000809340
v 0.097668924 0.012387036 0.015377473
v 0.097507738 0.012401633 0.000578218
v 0.097507738 0.012401633 0.015608594
v 0.097309058 0.012419638 0.000378699
v 0.097309058 0.012419638 0.015808114
v 0.097078850 0.012440484 0.000216870
v 0.097078850 0.012440484 0.015969942
v 0.096824190 0.012463541 0.000097623
v 0.096824190 0.012463541 0.016089189
v 0.096552772 0.012488141 0.000024588
v 0.096552772 0.012488141 0.016162225
v 0.096272832 0.012513495 0.000000000
v 0.096272832 0.012513495 0.000000000
v 0.096272832 0.012513495 0.016186813
v -0.033807810 0.012539170 0.005017906
v -0.033807810 0.012539170 0.010683286
v -0.033801752 0.012540195 0.004947649
v -0.033783747 0.012543220 0.004879504
v -0.033754348 0.012548160 0.004815583
v -0.033714447 0.012554866 0.004757799
v -0.033665259 0.012563128 0.004707920
v -0.033608278 0.012572711 0.004667450
v -0.033545234 0.012583307 0.004637638
v -0.033478040 0.012594607 0.004619398
v -0.033408740 0.012606252 0.004613248
v 0.096274932 0.012911867 0.000000000
v 0.096274932 0.012911867 0.000000000
v 0.096274932 0.012911867 0.016186813
v 0.096555106 0.012934294 0.000024588
v 0.096555106 0.012934294 0.016162225
v -0.054219761 0.012941679 0.010683286
v -0.054219761 0.012941679 0.013758780
v 0.096826771 0.012956004 0.000097623
v 0.096826771 0.012956004 0.016089189
v 0.097081678 0.012976405 0.000216870
v 0.097081678 0.012976405 0.015969942
v -0.033440201 0.012990410 0.004613248
v -0.033510476 0.012990620 0.004619398
v -0.033578608 0.012990830 0.004637638
v -0.033642542 0.012991027 0.004667450
v -0.033700319 0.012991213 0.004707920
v -0.033750199 0.012991373 0.004757799
v -0.033790656 0.012991484 0.004815583
v -0.033820468 0.012991583 0.004879504
v -0.033838721 0.012991632 0.004947649
v -0.033844871 0.012991657 0.005017906
v -0.033844871 0.012991657 0.010683286
v 0.097312071 0.012994831 0.000378699
v 0.097312071 0.012994831 0.015808114
v -0.054255013 0.013002475 0.010689436
v -0.054255013 0.013002475 0.013752630
v 0.097510948 0.013010737 0.000578218
v 0.097510948 0.013010737 0.015608594
v 0.097672283 0.013023643 0.000809340
v 0.097672283 0.013023643 0.015377473
v 0.097791160 0.013033152 0.001065062
v 0.097791160 0.013033152 0.015121751
v 0.097863948 0.013038968 0.001337604
v 0.097863948 0.013038968 0.014849208
v 0.097888449 0.013040932 0.001618680
v 0.097888449 0.013040932 0.014568133
v -0.054289190 0.013061420 0.010707701
v -0.054289190 0.013061420 0.013734378
v -0.054321262 0.013116721 0.010737513
v -0.054321262 0.013116721 0.013704578
v -0.054350246 0.013166712 0.010777970
v -0.054350246 0.013166712 0.013664109
v -0.054375267 0.013209849 0.010827837
v -0.054375267 0.013209849 0.013614229
v -0.054395563 0.013244860 0.010885633
v -0.054395563 0.013244860 0.013556458
v -0.054410518 0.013270646 0.010949554
v -0.054410518 0.013270646 0.013492524
v -0.054419676 0.013286441 0.011017699
v -0.054419676 0.013286441 0.013424379
v -0.054422763 0.013291764 0.011087968
v -0.054422763 0.013291764 0.013354123
v 0.096209516 0.013304842 0.000000000
v 0.096209516 0.013304842 0.000000000
v 0.096209516 0.013304842 0.016186813
v -0.033406357 0.013374345 0.004613248
v 0.096481885 0.013374382 0.000024588
v 0.096481885 0.013374382 0.016162225
v -0.033475582 0.013386423 0.004619398
v -0.033542702 0.013398143 0.004637638
v -0.033605678 0.013409134 0.004667450
v -0.033662598 0.013419063 0.004707920
v -0.033711736 0.013427633 0.004757799
v -0.033751595 0.013434586 0.004815583
v -0.033780962 0.013439711 0.004879504
v 0.096745943 0.013441798 0.000097623
v 0.096745943 0.013441798 0.016089189
v -0.033798943 0.013442848 0.004947649
v -0.033805000 0.013443910 0.005017906
v -0.033805000 0.013443910 0.010683286
v 0.096993712 0.013505053 0.000216870
v 0.096993712 0.013505053 0.015969942
v 0.097217671 0.013562231 0.000378699
v 0.097217671 0.013562231 0.015808114
v 0.097410967 0.013611592 0.000578218
v 0.097410967 0.013611592 0.015608594
v 0.097567769 0.013651629 0.000809340
v 0.097567769 0.013651629 0.015377473
v 0.096078537 0.013681071 0.000000000
v 0.096078537 0.013681071 0.000000000
v 0.096078537 0.013681071 0.016186813
v 0.097683299 0.013681120 0.001065062
v 0.097683299 0.013681120 0.015121751
v 0.097754086 0.013699188 0.001337604
v 0.097754086 0.013699188 0.014849208
v 0.097777896 0.013705264 0.001618680
v 0.097777896 0.013705264 0.014568133
v -0.033308165 0.013747067 0.004613248
v -0.033374359 0.013770654 0.004619398
v -0.052480228 0.013770667 0.010683286
v -0.052480228 0.013770667 0.013758780
v -0.033438540 0.013793538 0.004637638
v 0.096335185 0.013795736 0.000024588
v 0.096335185 0.013795736 0.016162225
v -0.033498756 0.013815002 0.004667450
v -0.033553181 0.013834403 0.004707920
v -0.052505242 0.013836342 0.010689436
v -0.052505242 0.013836342 0.013752630
v -0.033600164 0.013851149 0.004757799
v -0.033638275 0.013864733 0.004815583
v -0.033666358 0.013874749 0.004879504
v -0.033683549 0.013880874 0.004947649
v -0.033689347 0.013882936 0.005017906
v -0.033689347 0.013882936 0.010683286
v -0.052529497 0.013900016 0.010707701
v -0.052529497 0.013900016 0.013734378
v 0.096584004 0.013906882 0.000097623
v 0.096584004 0.013906882 0.016089189
v -0.052552251 0.013959751 0.010737513
v -0.052552251 0.013959751 0.013704578
v 0.096817484 0.014011187 0.000216870
v 0.096817484 0.014011187 0.015969942
v -0.052572819 0.014013755 0.010777970
v -0.052572819 0.014013755 0.013664109
v 0.095885723 0.014029698 0.000000000
v 0.095885723 0.014029698 0.000000000
v 0.095885723 0.014029698 0.016186813
v -0.052590578 0.014060350 0.010827837
v -0.052590578 0.014060350 0.013614229
v -0.033148455 0.014097856 0.004613248
v -0.052604977 0.014098177 0.010885633
v -0.052604977 0.014098177 0.013556458
v 0.097028513 0.014105463 0.000378699
v 0.097028513 0.014105463 0.015808114
v -0.052615592 0.014126037 0.010949554
v -0.052615592 0.014126037 0.013492524
v -0.033209715 0.014132286 0.004619398
v -0.052622088 0.014143080 0.011017699
v -0.052622088 0.014143080 0.013424379
v -0.052624273 0.014148835 0.011087968
v -0.052624273 0.014148835 0.013354123
v -0.033269110 0.014165679 0.004637638
v 0.096119228 0.014186143 0.000024588
v 0.096119228 0.014186143 0.016162225
v 0.097210669 0.014186834 0.000578218
v 0.097210669 0.014186834 0.015608594
v -0.033324844 0.014196998 0.004667450
v -0.033375211 0.014225315 0.004707920
v -0.033418694 0.014249743 0.004757799
v 0.097358456 0.014252842 0.000809340
v 0.097358456 0.014252842 0.015377473
v -0.033453964 0.014269576 0.004815583
v -0.033479954 0.014284173 0.004879504
v -0.033495866 0.014293127 0.004947649
v -0.033501226 0.014296140 0.005017906
v -0.033501226 0.014296140 0.010683286
v 0.097467305 0.014301487 0.001065062
v 0.097467305 0.014301487 0.015121751
v -0.050630007 0.014309045 0.010683286
v -0.050630007 0.014309045 0.013758780
v 0.097534005 0.014331274 0.001337604
v 0.097534005 0.014331274 0.014849208
v 0.096345670 0.014337832 0.000097623
v 0.096345670 0.014337832 0.016089189
v 0.095636657 0.014340635 0.000000000
v 0.095636657 0.014340635 0.000000000
v 0.095636657 0.014340635 0.016186813
v 0.097556457 0.014341290 0.001618680
v 0.097556457 0.014341290 0.014568133
v -0.050644128 0.014377882 0.010689436
v -0.050644128 0.014377882 0.013752630
v -0.032931813 0.014416647 0.004613248
v -0.050657824 0.014444619 0.010707701
v -0.050657824 0.014444619 0.013734378
v -0.032986379 0.014460932 0.004619398
v 0.096558094 0.014480161 0.000216870
v 0.096558094 0.014480161 0.015969942
v -0.033039285 0.014503859 0.004637638
v -0.050670674 0.014507256 0.010737513
v -0.050670674 0.014507256 0.013704578
v 0.095840302 0.014534350 0.000024588
v 0.095840302 0.014534350 0.016162225
v -0.048717278 0.014542810 0.010683286
v -0.048717278 0.014542810 0.013758780
v -0.033088924 0.014544144 0.004667450
v -0.050682288 0.014563866 0.010777970
v -0.050682288 0.014563866 0.013664109
v -0.033133796 0.014580550 0.004707920
v 0.095338552 0.014604891 0.000000000
v 0.095338552 0.014604891 0.000000000
v 0.095338552 0.014604891 0.016186813
v -0.048719853 0.014606064 0.010688275
v 0.096750117 0.014608806 0.000378699
v 0.096750117 0.014608806 0.015808114
v -0.033172530 0.014611980 0.004757799
v -0.050692316 0.014612721 0.010827837
v -0.050692316 0.014612721 0.013614229
v -0.048720143 0.014613017 0.010689436
v -0.048720143 0.014613017 0.013752630
v -0.033203941 0.014637482 0.004815583
v -0.048721637 0.014649498 0.013744442
v -0.050700448 0.014652350 0.010885633
v -0.050700448 0.014652350 0.013556458
v -0.033227085 0.014656253 0.004879504
v -0.048722378 0.014667750 0.010703107
v -0.033241262 0.014667763 0.004947649
v -0.033246041 0.014671640 0.005017906
v -0.033246041 0.014671640 0.010683286
v -0.048722928 0.014681100 0.010707701
v -0.048722928 0.014681100 0.013734378
v -0.050706438 0.014681557 0.010949554
v -0.050706438 0.014681557 0.013492524
v -0.032664458 0.014694277 0.004613248
v -0.050710112 0.014699439 0.011017699
v -0.050710112 0.014699439 0.013424379
v -0.050711347 0.014705466 0.011087968
v -0.050711347 0.014705466 0.013354123
v -0.048724305 0.014714963 0.013720274
v 0.096915873 0.014719865 0.000578218
v 0.096915873 0.014719865 0.015608594
v 0.096037783 0.014722199 0.000097623
v 0.096037783 0.014722199 0.016089189
v -0.048724774 0.014726374 0.010727411
v -0.048725533 0.014744972 0.010737513
v -0.048725533 0.014744972 0.013704578
v -0.032710762 0.014747146 0.004619398
v -0.048726774 0.014775302 0.013685202
v -0.048726984 0.014780477 0.010760582
v -0.032755665 0.014798384 0.004637638
v -0.048727892 0.014802718 0.010777970
v -0.048727892 0.014802718 0.013664109
v 0.097050323 0.014809943 0.000809340
v 0.097050323 0.014809943 0.015377473
v 0.094999977 0.014814858 0.000000000
v 0.094999977 0.014814858 0.000000000
v 0.094999977 0.014814858 0.016186813
v -0.048728954 0.014828714 0.010801817
v -0.048728954 0.014828714 0.013640262
v 0.095506456 0.014830307 0.000024588
v 0.095506456 0.014830307 0.016162225
v -0.032797789 0.014846473 0.004667450
v -0.048729924 0.014852549 0.010827837
v -0.048729924 0.014852549 0.013614229
v -0.048730640 0.014869925 0.010850103
v -0.048730788 0.014873617 0.013586813
v 0.097149403 0.014876309 0.001065062
v 0.097149403 0.014876309 0.015121751
v -0.032835869 0.014889931 0.004707920
v -0.048731578 0.014892969 0.010885633
v -0.048731578 0.014892969 0.013556458
v 0.096223063 0.014898452 0.000216870
v 0.096223063 0.014898452 0.015969942
v -0.048731992 0.014903071 0.010904244
v -0.048732221 0.014908665 0.013526411
v 0.097210064 0.014916964 0.001337604
v 0.097210064 0.014916964 0.014849208
v -0.048732795 0.014922756 0.010949554
v -0.048732795 0.014922756 0.013492524
v -0.032354070 0.014922793 0.004613248
v -0.048732980 0.014927350 0.010962917
v -0.032868731 0.014927449 0.004757799
v 0.097230503 0.014930647 0.001618680
v 0.097230503 0.014930647 0.014568133
v -0.048733209 0.014932809 0.013460897
v -0.048733542 0.014940996 0.011017699
v -0.048733542 0.014940996 0.013424379
v -0.048733591 0.014942170 0.011024664
v -0.048733789 0.014947146 0.011087968
v -0.048733789 0.014947146 0.013354123
v -0.032895400 0.014957891 0.004815583
v 0.094630774 0.014964461 0.000000000
v 0.094630774 0.014964461 0.000000000
v 0.094630774 0.014964461 0.016186813
v -0.032915036 0.014980305 0.004879504
v -0.032390785 0.014982713 0.004619398
v -0.032927071 0.014994050 0.004947649
v -0.032931121 0.014998669 0.005017906
v -0.032931121 0.014998669 0.010683286
v -0.032426389 0.015040805 0.004637638
v 0.095669273 0.015048882 0.000097623
v 0.095669273 0.015048882 0.016089189
v 0.094241541 0.015049388 0.000000000
v 0.094241541 0.015049388 0.016186813
v 0.096390511 0.015057749 0.000378699
v 0.096390511 0.015057749 0.015808114
v 0.095127313 0.015065455 0.000024588
v 0.095127313 0.015065455 0.016162225
v -0.032459789 0.015095316 0.004667450
v -0.032009549 0.015095613 0.004613248
v -0.032489977 0.015144579 0.004707920
v -0.032035619 0.015160880 0.004619398
v -0.032516041 0.015187111 0.004757799
v 0.096535062 0.015195274 0.000578218
v 0.096535062 0.015195274 0.015608594
v -0.032673115 0.015198299 0.010683286
v -0.031640797 0.015207784 0.004613248
v -0.032537183 0.015221603 0.004815583
v -0.032060904 0.015224147 0.004637638
v 0.094713825 0.015233001 0.000024588
v 0.094713825 0.015233001 0.016162225
v -0.032552756 0.015247018 0.004879504
v 0.095822024 0.015253959 0.000216870
v 0.095822024 0.015253959 0.015969942
v -0.031258400 0.015256095 0.004613248
v -0.032562296 0.015262591 0.004947649
v -0.032565507 0.015267840 0.005017906
v -0.032553404 0.015275200 0.010689745
v -0.031655481 0.015276509 0.004619398
v -0.032084628 0.015283511 0.004667450
v 0.096652334 0.015306815 0.000809340
v 0.096652334 0.015306815 0.015377473
v 0.095250734 0.015308445 0.000097623
v 0.095250734 0.015308445 0.016089189
v -0.032472249 0.015322425 0.010700217
v 0.091587895 0.015325376 0.000000000
v 0.091587895 0.015325376 0.000000000
v 0.091587895 0.015325376 0.016186813
v -0.031261271 0.015326315 0.004619398
v 0.094277923 0.015328105 0.000024588
v 0.094277923 0.015328105 0.016162225
v -0.032106067 0.015337170 0.004707920
v -0.031669720 0.015343135 0.004637638
v -0.032425259 0.015348062 0.010708108
v -0.031262759 0.015362783 0.004627586
v -0.032124572 0.015383481 0.004757799
v 0.096738731 0.015388989 0.001065062
v 0.096738731 0.015388989 0.015121751
v -0.031264050 0.015394385 0.004637638
v -0.031683076 0.015405660 0.004667450
v -0.032283993 0.015418059 0.010738291
v -0.032139583 0.015421060 0.004815583
v -0.031265439 0.015428260 0.004651754
v 0.095960092 0.015439313 0.000378699
v 0.095960092 0.015439313 0.015808114
v 0.096791637 0.015439325 0.001337604
v 0.096791637 0.015439325 0.014849208
v -0.032150642 0.015448736 0.004879504
v -0.032201312 0.015454367 0.010759668
v 0.096809457 0.015456269 0.001618680
v 0.096809457 0.015456269 0.014568133
v -0.031266662 0.015458270 0.004667450
v -0.031695148 0.015462172 0.004707920
v 0.088923455 0.015462431 0.000000000
v 0.088923455 0.015462431 0.016186813
v -0.032157422 0.015465692 0.004947649
v -0.032159701 0.015471397 0.005017906
v -0.032159151 0.015471619 0.010771424
v -0.032133594 0.015481672 0.010778810
v -0.031267897 0.015488600 0.004686839
v 0.094794332 0.015493379 0.000097623
v 0.094794332 0.015493379 0.016089189
v -0.031705565 0.015510940 0.004757799
v -0.031269020 0.015515991 0.004707920
v 0.095366561 0.015536430 0.000216870
v 0.095366561 0.015536430 0.015969942
v -0.031971808 0.015538480 0.010829369
v -0.031270082 0.015542012 0.004731779
v -0.031714018 0.015550508 0.004815583
v -0.031271058 0.015565834 0.004757799
v -0.031720248 0.015579666 0.004879504
v -0.031808461 0.015584383 0.010885645
v -0.031806991 0.015584754 0.010886176
v -0.031271916 0.015586902 0.004785228
v -0.031724058 0.015597523 0.004947649
v 0.094313181 0.015598351 0.000097623
v 0.094313181 0.015598351 0.016089189
v 0.096079265 0.015599314 0.000578218
v 0.096079265 0.015599314 0.015608594
v -0.031725342 0.015603525 0.005017906
v -0.031724873 0.015603636 0.010915939
v 0.091609667 0.015605612 0.000024588
v 0.091609667 0.015605612 0.016162225
v -0.031272713 0.015606254 0.004815583
v -0.031632356 0.015621691 0.010950332
v -0.031273349 0.015621938 0.004845605
v -0.031273923 0.015636041 0.004879504
v -0.031274337 0.015646106 0.004911131
v -0.031455116 0.015646971 0.011018008
v -0.031401154 0.015652281 0.011038891
v -0.031274670 0.015654294 0.004947649
v -0.031283593 0.015660061 0.011084584
v -0.031274923 0.015660432 0.005017906
v -0.031274923 0.015660432 0.011087968
v 0.096175938 0.015729108 0.000809340
v 0.096175938 0.015729108 0.015377473
v 0.094869874 0.015737690 0.000216870
v 0.094869874 0.015737690 0.015969942
v 0.095471272 0.015742482 0.000378699
v 0.095471272 0.015742482 0.015808114
v 0.088930581 0.015743433 0.000024588
v 0.088930581 0.015743433 0.016162225
v 0.096247170 0.015824730 0.001065062
v 0.096247170 0.015824730 0.015121751
v 0.094346253 0.015851936 0.000216870
v 0.094346253 0.015851936 0.015969942
v 0.091630773 0.015877327 0.000097623
v 0.091630773 0.015877327 0.016089189
v 0.096290801 0.015883316 0.001337604
v 0.096290801 0.015883316 0.014849208
v 0.096305484 0.015903026 0.001618680
v 0.096305484 0.015903026 0.014568133
v 0.095561622 0.015920365 0.000578218
v 0.095561622 0.015920365 0.015608594
v 0.094938142 0.015958488 0.000378699
v 0.094938142 0.015958488 0.015808114
v 0.075111288 0.015974987 0.000000000
v 0.075111288 0.015974987 0.016186813
v 0.088937460 0.016015889 0.000097623
v 0.088937460 0.016015889 0.016089189
v 0.095634929 0.016064645 0.000809340
v 0.095634929 0.016064645 0.015377473
v 0.094376164 0.016081107 0.000378699
v 0.094376164 0.016081107 0.015808114
v -0.009886092 0.016129282 0.004613248
v -0.009886092 0.016129282 0.013758780
v 0.091650581 0.016132283 0.000216870
v 0.091650581 0.016132283 0.015969942
v 0.094997087 0.016149103 0.000578218
v 0.094997087 0.016149103 0.015608594
v -0.009887648 0.016167331 0.004615039
v -0.009887648 0.016167331 0.013756990
v 0.095688933 0.016170962 0.001065062
v 0.095688933 0.016170962 0.015121751
v -0.008303170 0.016192685 0.004613248
v -0.008303170 0.016192685 0.013758780
v -0.008306924 0.016230586 0.004615039
v -0.008306924 0.016230586 0.013756990
v -0.009890451 0.016235958 0.004627586
v -0.009890451 0.016235958 0.013744442
v 0.095722018 0.016236056 0.001337604
v 0.095722018 0.016236056 0.014849208
v 0.075125033 0.016255742 0.000024588
v 0.075125033 0.016255742 0.016162225
v 0.095733145 0.016257977 0.001618680
v 0.095733145 0.016257977 0.014568133
v 0.088943931 0.016271524 0.000216870
v 0.088943931 0.016271524 0.015969942
v 0.094401974 0.016278959 0.000578218
v 0.094401974 0.016278959 0.015608594
v -0.008313686 0.016298953 0.004627586
v -0.008313686 0.016298953 0.013744442
v -0.009893106 0.016300904 0.004651507
v -0.009893106 0.016300904 0.013720521
v -0.009893125 0.016301423 0.004651754
v -0.009893125 0.016301423 0.013720274
v 0.095044892 0.016303720 0.000809340
v 0.095044892 0.016303720 0.015377473
v -0.009895589 0.016361763 0.004686839
v -0.009895589 0.016361763 0.013685202
v 0.091668476 0.016362726 0.000378699
v 0.091668476 0.016362726 0.015808114
v 0.069848034 0.016363405 0.000000000
v 0.069848034 0.016363405 0.000000000
v 0.069848034 0.016363405 0.016186813
v -0.008320151 0.016364146 0.004651754
v -0.008320151 0.016364146 0.013720274
v -0.009897756 0.016414903 0.004731495
v -0.009897756 0.016414903 0.013640533
v -0.009897768 0.016415174 0.004731779
v -0.009897768 0.016415174 0.013640262
v 0.095080137 0.016417632 0.001065062
v 0.095080137 0.016417632 0.015121751
v -0.008326097 0.016424239 0.004686839
v -0.008326097 0.016424239 0.013685202
v 0.094422907 0.016439429 0.000809340
v 0.094422907 0.016439429 0.015377473
v -0.009899602 0.016460077 0.004785228
v -0.009899602 0.016460077 0.013586813
v -0.008331370 0.016477441 0.004731779
v -0.008331370 0.016477441 0.013640262
v 0.095101700 0.016487407 0.001337604
v 0.095101700 0.016487407 0.014849208
v -0.009901035 0.016495051 0.004845469
v -0.009901035 0.016495051 0.013526572
v -0.009901041 0.016495125 0.004845605
v -0.009901041 0.016495125 0.013526411
v 0.088949760 0.016502572 0.000378699
v 0.088949760 0.016502572 0.015808114
v 0.095108961 0.016510896 0.001618680
v 0.095108961 0.016510896 0.014568133
v -0.009902023 0.016519281 0.004911131
v -0.009902023 0.016519281 0.013460897
v -0.008335797 0.016522158 0.004785228
v -0.008335797 0.016522158 0.013586813
v 0.075138346 0.016527950 0.000097623
v 0.075138346 0.016527950 0.016089189
v -0.009902535 0.016531803 0.004979807
v -0.009902535 0.016531803 0.004979832
v -0.009902535 0.016531803 0.013392196
v -0.009902535 0.016531803 0.013392221
v -0.009902609 0.016533607 0.005017906
v -0.009902609 0.016533607 0.013354123
v -0.006314664 0.016539868 0.004613248
v -0.006314664 0.016539868 0.013758780
v -0.008339243 0.016557058 0.004845605
v -0.008339243 0.016557058 0.013526411
v 0.094438344 0.016557663 0.001065062
v 0.094438344 0.016557663 0.015121751
v 0.091683925 0.016561628 0.000578218
v 0.091683925 0.016561628 0.015608594
v -0.006323988 0.016576793 0.004615039
v -0.006323988 0.016576793 0.013756990
v -0.008341633 0.016581103 0.004911131
v -0.008341633 0.016581103 0.013460897
v -0.008342861 0.016593601 0.004979832
v -0.008342861 0.016593601 0.013392196
v -0.008343040 0.016595391 0.005017906
v -0.008343040 0.016595391 0.013354123
v 0.094447804 0.016630081 0.001337604
v 0.094447804 0.016630081 0.014849208
v 0.069875660 0.016643122 0.000024588
v 0.069875660 0.016643122 0.016162225
v -0.006340777 0.016643394 0.004627586
v -0.006340777 0.016643394 0.013744442
v 0.094450977 0.016654472 0.001618680
v 0.094450977 0.016654472 0.014568133
v 0.088954811 0.016702017 0.000578218
v 0.088954811 0.016702017 0.015608594
v -0.006356801 0.016706932 0.004651754
v -0.006356801 0.016706932 0.013720274
v 0.091696448 0.016722987 0.000809340
v 0.091696448 0.016722987 0.015377473
v -0.006371565 0.016765482 0.004686839
v -0.006371565 0.016765482 0.013685202
v 0.075150856 0.016783364 0.000216870
v 0.075150856 0.016783364 0.015969942
v -0.006384637 0.016817313 0.004731779
v -0.006384637 0.016817313 0.013640262
v 0.091705697 0.016841876 0.001065062
v 0.091705697 0.016841876 0.015121751
v -0.006395628 0.016860894 0.004785228
v -0.006395628 0.016860894 0.013586813
v 0.088958911 0.016863809 0.000809340
v 0.088958911 0.016863809 0.015377473
v -0.006404198 0.016894905 0.004845605
v -0.006404198 0.016894905 0.013526411
v 0.069902446 0.016914343 0.000097623
v 0.069902446 0.016914343 0.016089189
v 0.091711353 0.016914677 0.001337604
v 0.091711353 0.016914677 0.014849208
v -0.006410108 0.016918344 0.004911131
v -0.006410108 0.016918344 0.013460897
v -0.006413183 0.016930509 0.004979832
v -0.006413183 0.016930509 0.013392196
v -0.006413621 0.016932250 0.005017906
v -0.006413621 0.016932250 0.013354123
v 0.091713243 0.016939203 0.001618680
v 0.091713243 0.016939203 0.014568133
v 0.088961924 0.016983007 0.001065062
v 0.088961924 0.016983007 0.015121751
v 0.064610467 0.017011892 0.000000000
v 0.064610467 0.017011892 0.000000000
v 0.064610467 0.017011892 0.016186813
v 0.075162156 0.017014214 0.000378699
v 0.075162156 0.017014214 0.015808114
v 0.088963764 0.017056017 0.001337604
v 0.088963764 0.017056017 0.014849208
v 0.088964382 0.017080605 0.001618680
v 0.088964382 0.017080605 0.014568133
v 0.069927577 0.017168818 0.000216870
v 0.069927577 0.017168818 0.015969942
v -0.004399317 0.017177129 0.004613248
v -0.004399317 0.017177129 0.013758780
v -0.004413976 0.017212276 0.004615039
v -0.004413976 0.017212276 0.013756990
v 0.075171899 0.017213486 0.000578218
v 0.075171899 0.017213486 0.015608594
v -0.004440441 0.017275679 0.004627586
v -0.004440441 0.017275679 0.013744442
v 0.064651912 0.017289905 0.000024588
v 0.064651912 0.017289905 0.016162225
v -0.004465684 0.017336142 0.004651754
v -0.004465684 0.017336142 0.013720274
v -0.002101239 0.017343589 0.013833038
v -0.002100881 0.017350023 0.004472056
v 0.075179816 0.017375129 0.000809340
v 0.075179816 0.017375129 0.015377473
v -0.004488938 0.017391863 0.004686839
v -0.004488938 0.017391863 0.013685202
v 0.069950288 0.017398828 0.000378699
v 0.069950288 0.017398828 0.015808114
v -0.004509524 0.017441200 0.004731779
v -0.004509524 0.017441200 0.013640262
v -0.004739720 0.017475198 0.013354123
v -0.004526839 0.017482669 0.004785228
v -0.004526826 0.017482669 0.013586813
v -0.002093446 0.017484534 0.013828012
v -0.002093125 0.017490585 0.004476180
v 0.075185644 0.017494241 0.001065062
v 0.075185644 0.017494241 0.015121751
v -0.004540349 0.017515037 0.004845605
v -0.004540349 0.017515037 0.013526411
v -0.004549661 0.017537341 0.004911131
v -0.004549661 0.017537341 0.013460897
v -0.004554477 0.017548925 0.004979832
v -0.004554477 0.017548925 0.013392196
v -0.004555181 0.017550579 0.005017906
v -0.004555181 0.017550579 0.013354123
v 0.064692085 0.017559471 0.000097623
v 0.064692085 0.017559471 0.016089189
v 0.075189214 0.017567177 0.001337604
v 0.075189214 0.017567177 0.014849208
v 0.075190411 0.017591728 0.001618680
v 0.075190411 0.017591728 0.014568133
v 0.069969899 0.017597384 0.000578218
v 0.069969899 0.017597384 0.015608594
v -0.002085728 0.017624343 0.013810648
v -0.002085432 0.017629975 0.004492951
v 0.069985793 0.017758435 0.000809340
v 0.069985793 0.017758435 0.015377473
v -0.002077837 0.017767154 0.004522219
v -0.003152951 0.017773217 0.013758780
v -0.003152791 0.017773304 0.004613248
v -0.003152791 0.017773304 0.013758780
v -0.003152778 0.017773316 0.004613248
v 0.013590172 0.017800806 0.000000000
v 0.013590172 0.017800806 0.016186813
v 0.013593901 0.017800806 0.000000000
v 0.013593901 0.017800806 0.016186813
v 0.064729776 0.017812402 0.000216870
v 0.064729776 0.017812402 0.015969942
v -0.003153038 0.017816552 0.013756990
v 0.013587183 0.017838818 0.016186368
v -0.003152815 0.017838880 0.004617373
v -0.002073872 0.017839164 0.013758780
v 0.013588035 0.017845277 0.000000617
v -0.003152988 0.017845301 0.013753803
v -0.003152815 0.017845339 0.004618225
v -0.003152877 0.017863517 0.013750951
v 0.069997513 0.017877102 0.001065062
v 0.069997513 0.017877102 0.015121751
v -0.003152828 0.017894836 0.004627573
v -0.001942066 0.017900455 0.013758780
v -0.002070452 0.017901097 0.004563788
v 0.017630536 0.017913977 0.000000000
v 0.017630536 0.017913977 0.000000000
v 0.017630536 0.017913977 0.016186813
v -0.003152531 0.017915780 0.013739021
v -0.003152803 0.017918127 0.004633736
v 0.059411430 0.017918892 0.000000000
v 0.059411430 0.017918892 0.016186813
v -0.003152482 0.017941369 0.013730994
v 0.070004688 0.017949779 0.001337604
v 0.070004688 0.017949779 0.014849208
v -0.003152494 0.017969698 0.013720324
v 0.070007096 0.017974255 0.001618680
v 0.070007096 0.017974255 0.014568133
v -0.003152852 0.017982641 0.004657324
v -0.003152531 0.017982715 0.013714742
v 0.013575364 0.017985765 0.000010621
v -0.003152865 0.017989347 0.004660386
v -0.003152618 0.018014416 0.013699194
v -0.002063783 0.018021925 0.004613248
v -0.003152951 0.018038436 0.004686740
v 0.064763848 0.018040992 0.000378699
v 0.064763848 0.018040992 0.015808114
v -0.003152964 0.018044376 0.004690457
v -0.003152704 0.018044500 0.013681596
v 0.013555025 0.018053910 0.016166893
v 0.013569832 0.018053972 0.000019932
v 0.013593321 0.018054034 0.000019932
v 0.013593321 0.018054034 0.016166880
v -0.003152964 0.018061246 0.004701683
v -0.003152766 0.018076806 0.013659070
v 0.013593259 0.018081894 0.000024588
v 0.013593259 0.018081894 0.016162225
v -0.003152791 0.018099702 0.013640385
v -0.003152865 0.018116152 0.004746808
v 0.013545923 0.018117794 0.016155457
v 0.013564509 0.018123994 0.000032615
v -0.003152791 0.018129872 0.013611376
v -0.003152815 0.018146964 0.013592086
v -0.003152791 0.018146964 0.004779930
v -0.003152791 0.018151224 0.004785129
v -0.003152803 0.018160894 0.004797614
v -0.001813532 0.018162895 0.004613248
v 0.059461100 0.018167180 0.000019932
v 0.059461100 0.018167180 0.016166880
v -0.003152877 0.018170119 0.013561422
v -0.001142852 0.018180369 0.013758780
v -0.003152927 0.018184963 0.013537958
v -0.003152852 0.018185013 0.004834095
v -0.003152951 0.018191373 0.013526535
v 0.059466583 0.018194497 0.000024588
v 0.059466583 0.018194497 0.016162225
v 0.017615445 0.018194658 0.000024588
v 0.017615445 0.018194658 0.016162225
v -0.003152877 0.018194905 0.004852113
v -0.003152964 0.018202154 0.013504960
v -0.003152964 0.018212861 0.013479261
v -0.003152902 0.018218517 0.004908995
v -0.003152902 0.018219196 0.004911119
v -0.003152939 0.018223148 0.013447349
v -0.003152877 0.018229941 0.013417476
v -0.003152852 0.018229965 0.004954577
v -0.003152840 0.018232003 0.004967025
v -0.003152828 0.018233633 0.013392209
v -0.003152828 0.018233979 0.013388936
v 0.021656007 0.018234559 0.000000000
v 0.021656007 0.018234559 0.000000000
v 0.021656007 0.018234559 0.016186813
v -0.003152791 0.018235720 0.005017906
v -0.003152791 0.018235720 0.013354123
v 0.064793265 0.018238338 0.000578218
v 0.064793265 0.018238338 0.015608594
v 0.013555173 0.018260209 0.000066589
v 0.067424138 0.018261642 0.001618680
v 0.067424138 0.018261642 0.014568133
v 0.013520545 0.018300889 0.016107590
v 0.013552617 0.018300938 0.000079222
v 0.013592753 0.018301012 0.000079222
v 0.013592753 0.018301012 0.016107590
v -0.002202913 0.018339419 0.004613248
v 0.013592629 0.018354424 0.000097623
v 0.013592629 0.018354424 0.016089189
v 0.013508578 0.018388200 0.016076432
v -0.002237504 0.018392436 0.004618225
v 0.013547109 0.018394091 0.000112677
v 0.064817124 0.018398401 0.000809340
v 0.064817124 0.018398401 0.015377473
v 0.059509560 0.018409355 0.000079222
v 0.059509560 0.018409355 0.016107590
v -0.001229151 0.018410466 0.004613248
v -0.002271243 0.018444156 0.004633044
v -0.000057969 0.018444712 0.013758780
v 0.059520045 0.018461754 0.000097623
v 0.059520045 0.018461754 0.016089189
v 0.017600799 0.018466805 0.000097623
v 0.017600799 0.018466805 0.016089189
v -0.002303290 0.018493282 0.004657348
v 0.021626504 0.018514091 0.000024588
v 0.021626504 0.018514091 0.016162225
v 0.064834685 0.018516351 0.001065062
v 0.064834685 0.018516351 0.015121751
v 0.013540143 0.018523872 0.000170523
v 0.013488115 0.018535604 0.016010387
v 0.013592222 0.018535678 0.000176426
v 0.013592222 0.018535678 0.016010387
v -0.002332880 0.018538630 0.004690531
v -0.001878675 0.018557636 0.013758780
v -0.001880219 0.018562304 0.013758768
v -0.002359258 0.018579075 0.004731779
v 0.064845454 0.018588571 0.001337604
v 0.064845454 0.018588571 0.014849208
v 0.013592036 0.018610146 0.000216870
v 0.013592036 0.018610146 0.015969942
v 0.064849085 0.018612900 0.001618680
v 0.064849085 0.018612900 0.014568133
v -0.002381796 0.018613604 0.004780053
v -0.001899423 0.018620310 0.013753803
v -0.001902078 0.018628362 0.013752433
v -0.000508370 0.018630881 0.004613248
v 0.059555611 0.018639464 0.000176426
v 0.059555611 0.018639464 0.016010387
v -0.002399925 0.018641390 0.004834194
v 0.013472789 0.018641749 0.015951183
v 0.013534043 0.018647380 0.000239087
v 0.001059813 0.018650406 0.013758780
v -0.002413213 0.018661755 0.004892854
v -0.002421302 0.018674166 0.004954602
v -0.002424032 0.018678340 0.005017906
v -0.001919701 0.018681452 0.013738984
v 0.001263383 0.018683663 0.013757891
v -0.001922961 0.018691295 0.013735613
v -0.001928222 0.018707152 0.013729561
v 0.059570208 0.018712487 0.000216870
v 0.059570208 0.018712487 0.015969942
v 0.017587066 0.018722156 0.000216870
v 0.017587066 0.018722156 0.015969942
v 0.001536666 0.018728418 0.013753865
v -0.001938991 0.018739508 0.013714692
v 0.025582435 0.018749523 0.000000000
v 0.025582435 0.018749523 0.016186813
v 0.013591715 0.018752240 0.000309146
v 0.013591715 0.018752240 0.015877666
v 0.013455771 0.018752265 0.015877629
v 0.013528362 0.018765034 0.000318606
v -0.001947499 0.018765084 0.013700330
v 0.001858557 0.018780928 0.013744862
v 0.021597878 0.018785114 0.000097623
v 0.021597878 0.018785114 0.016089189
v -0.001956848 0.018793117 0.013681534
v 0.002007184 0.018804960 0.013739132
v 0.000327127 0.018817507 0.004613248
v -0.001965690 0.018819656 0.013660268
v 0.025569567 0.018833537 0.000002235
v 0.025569567 0.018833537 0.016184565
v -0.001972791 0.018840922 0.013640299
v 0.013591505 0.018841280 0.000378699
v 0.013591505 0.018841280 0.015808114
v 0.059598094 0.018851827 0.000309146
v 0.059598094 0.018851827 0.015877666
v -0.001980497 0.018863979 0.013614957
v 0.013435493 0.018870660 0.015782859
v 0.053789903 0.018875044 0.000000000
v 0.053789903 0.018875044 0.000000000
v 0.053789903 0.018875044 0.016186813
v 0.013522619 0.018876131 0.000408894
v 0.002464723 0.018877415 0.013715260
v 0.002485655 0.018880663 0.013713951
v -0.001986438 0.018881750 0.013592024
v -0.002109439 0.018890073 0.005017906
v -0.002109439 0.018890073 0.013354123
v -0.002107340 0.018891518 0.005015325
v -0.002107340 0.018891518 0.013356691
v -0.001993316 0.018902299 0.013560471
v -0.001997441 0.018914624 0.013537872
v -0.002055583 0.018921602 0.013417266
v -0.002055533 0.018921626 0.004954701
v -0.002002418 0.018929493 0.013504799
v -0.002037318 0.018929925 0.004934731
v -0.002028797 0.018933445 0.013446435
v -0.002005505 0.018938693 0.013479174
v 0.059615556 0.018939126 0.000378699
v 0.059615556 0.018939126 0.015808114
v -0.002006481 0.018941608 0.013469727
v -0.001997515 0.018944461 0.004893188
v 0.013518507 0.018945300 0.000474112
v 0.013591258 0.018945387 0.000474112
v 0.013591258 0.018945387 0.015712701
v 0.013420921 0.018945461 0.015712676
v 0.002922224 0.018946288 0.013682139
v 0.017574642 0.018952945 0.000378699
v 0.017574642 0.018952945 0.015808114
v -0.001958886 0.018954279 0.004855386
v -0.001949278 0.018956106 0.013412104
v -0.001891457 0.018962108 0.004794984
v -0.001891457 0.018962108 0.013354123
v -0.001872884 0.018962701 0.004780004
v -0.001867783 0.018962862 0.004776126
v 0.001252244 0.018964739 0.004613248
v -0.001799033 0.018965035 0.004731544
v -0.001788129 0.018965381 0.004725555
v -0.001688776 0.018968518 0.004680602
v -0.001635735 0.018970185 0.004662412
v -0.001618545 0.018970716 0.004657237
v 0.013414796 0.018974223 0.015683210
v -0.001476500 0.018975211 0.004626252
v -0.001410245 0.018977310 0.004618212
v 0.013516185 0.018979669 0.000509542
v -0.001302100 0.018980719 0.004613248
v 0.003365128 0.019008024 0.013641694
v 0.003379157 0.019009876 0.013640286
v 0.025539879 0.019027363 0.000024588
v 0.025539879 0.019027363 0.016162225
v 0.003590779 0.019037107 0.013618156
v 0.021571043 0.019039429 0.000216870
v 0.021571043 0.019039429 0.015969942
v 0.013591048 0.019040787 0.000578218
v 0.013591048 0.019040787 0.015608594
v 0.059635994 0.019041207 0.000474112
v 0.059635994 0.019041207 0.015712701
v 0.003817653 0.019064523 0.013592642
v 0.013392035 0.019067845 0.015575671
v 0.002239195 0.019068166 0.004613248
v 0.013508282 0.019073341 0.000618391
v 0.025528616 0.019100769 0.000039482
v 0.025528616 0.019100769 0.016147331
v 0.013504169 0.019110278 0.000667271
v 0.013590888 0.019110340 0.000667246
v 0.013590888 0.019110340 0.015519567
v 0.013379624 0.019110599 0.015519492
v 0.004256296 0.019111612 0.013538687
v 0.003258292 0.019124665 0.004613248
v 0.053825100 0.019125801 0.000019932
v 0.053825100 0.019125801 0.016166880
v 0.025523590 0.019133619 0.016139477
v 0.059654704 0.019134767 0.000578218
v 0.059654704 0.019134767 0.015608594
v 0.004587894 0.019141498 0.013494512
v 0.004695137 0.019150031 0.013479730
v 0.017563923 0.019152180 0.000578218
v 0.017563923 0.019152180 0.015608594
v 0.013365583 0.019152736 0.015458696
v 0.013497426 0.019158417 0.000737317
v 0.005065105 0.019175027 0.013427281
v 0.005133287 0.019178880 0.013417426
v 0.005524607 0.019196169 0.013360285
v 0.005566620 0.019197540 0.013354123
v 0.013590678 0.019202628 0.000809340
v 0.013590678 0.019202628 0.015377473
v 0.059668363 0.019202974 0.000667246
v 0.059668363 0.019202974 0.015519567
v 0.013334141 0.019227031 0.015334422
v 0.013481804 0.019232761 0.000864073
v 0.013590579 0.019243060 0.000883820
v 0.013590579 0.019243060 0.015302993
v 0.013325410 0.019243629 0.015302820
v 0.025506683 0.019243950 0.000079222
v 0.025506683 0.019243950 0.016107590
v 0.021546776 0.019269266 0.000378699
v 0.021546776 0.019269266 0.015808114
v 0.013294363 0.019291656 0.015200170
v 0.059686455 0.019293447 0.000809340
v 0.059686455 0.019293447 0.015377473
v 0.025498594 0.019296769 0.000097623
v 0.025498594 0.019296769 0.016089189
v 0.013457266 0.019297794 0.001003018
v 0.017555229 0.019313774 0.000809340
v 0.017555229 0.019313774 0.015377473
v 0.013590394 0.019321863 0.001065062
v 0.013590394 0.019321863 0.015121751
v 0.059694395 0.019333101 0.000883820
v 0.059694395 0.019333101 0.015302993
v 0.013590357 0.019340264 0.001118486
v 0.013590357 0.019340264 0.015068326
v 0.013427886 0.019340400 0.001118795
v 0.013244890 0.019342820 0.015063634
v 0.025491370 0.019343981 0.000115876
v 0.013419550 0.019348834 0.001145482
v 0.053859456 0.019370384 0.000079222
v 0.053859456 0.019370384 0.016107590
v 0.025487121 0.019371656 0.016059427
v 0.013385737 0.019373756 0.001235943
v 0.013173177 0.019384710 0.014910005
v 0.013354357 0.019388489 0.001301791
v 0.013590221 0.019394898 0.001337604
v 0.013590221 0.019394898 0.014849208
v 0.013590209 0.019399554 0.001365477
v 0.013590209 0.019399554 0.014821348
v 0.013316468 0.019400233 0.001366366
v 0.013119975 0.019402135 0.014819816
v 0.013295981 0.019404815 0.001396363
v 0.031035070 0.019409471 0.000000000
v 0.031035070 0.019409471 0.000000000
v 0.031035070 0.019409471 0.016186813
v 0.013082222 0.019410323 0.014764750
v 0.059709857 0.019410384 0.001065062
v 0.059709857 0.019410384 0.015121751
v 0.013224835 0.019414954 0.001482267
v 0.013590172 0.019419486 0.001618680
v 0.013590172 0.019419486 0.014568133
v 0.013147366 0.019420239 0.001554499
v 0.012998356 0.019420832 0.014661903
v 0.013061784 0.019422598 0.001618680
v 0.012918615 0.019424932 0.001732049
v 0.012902981 0.019425229 0.014568133
v 0.012887161 0.019425537 0.001764923
v 0.012876059 0.019425747 0.014541976
v 0.012859091 0.019426093 0.001800947
v 0.012852496 0.019426217 0.014512794
v 0.012847062 0.019426340 0.001820533
v 0.012842715 0.019426427 0.014496900
v 0.012837145 0.019426550 0.001841207
v 0.012834799 0.019426599 0.014479883
v 0.012830205 0.019426686 0.001863139
v 0.012829513 0.019426698 0.014461927
v 0.012828278 0.019426735 0.001874427
v 0.012828093 0.019426735 0.014452701
v 0.012827587 0.019426748 0.001885924
v 0.012827587 0.019426748 0.014443279
v 0.059713463 0.019428415 0.001118486
v 0.059713463 0.019428415 0.015068326
v 0.017548819 0.019432848 0.001065062
v 0.017548819 0.019432848 0.015121751
v 0.021525819 0.019467686 0.000578218
v 0.021525819 0.019467686 0.015608594
v 0.025471141 0.019475924 0.000176426
v 0.025471141 0.019475924 0.016010387
v 0.059724183 0.019481987 0.001337604
v 0.059724183 0.019481987 0.014849208
v 0.059725096 0.019486556 0.001365477
v 0.059725096 0.019486556 0.014821348
v 0.048122411 0.019503747 0.000000000
v 0.048122411 0.019503747 0.000000000
v 0.048122411 0.019503747 0.016186813
v 0.017544904 0.019505772 0.001337604
v 0.017544904 0.019505772 0.014849208
v 0.059729011 0.019506106 0.001618680
v 0.059729011 0.019506106 0.014568133
v 0.017543583 0.019530323 0.001618680
v 0.017543583 0.019530323 0.014568133
v 0.025459866 0.019549539 0.015969942
v 0.025456914 0.019568854 0.000228331
v 0.025452493 0.019597665 0.000246127
v 0.025452493 0.019597665 0.015940674
v 0.053892071 0.019602778 0.000176426
v 0.053892071 0.019602778 0.016010387
v 0.025448146 0.019626094 0.015922285
v 0.021508826 0.019628626 0.000809340
v 0.021508826 0.019628626 0.015377473
v 0.019481561 0.019659166 0.001618680
v 0.019481561 0.019659166 0.014568133
v 0.031011680 0.019661611 0.000019932
v 0.031011680 0.019661611 0.016166880
v 0.025438353 0.019690003 0.000309146
v 0.025438353 0.019690003 0.015877666
v 0.021496315 0.019747206 0.001065062
v 0.021496315 0.019747206 0.015121751
v 0.048143023 0.019756122 0.000019932
v 0.048143023 0.019756122 0.016166880
v 0.036725828 0.019771399 0.000000000
v 0.036725828 0.019771399 0.000000000
v 0.036725828 0.019771399 0.016186813
v 0.025424855 0.019778006 0.015808114
v 0.025424855 0.019778006 0.000378699
v 0.025421150 0.019802186 0.000399656
v 0.042427998 0.019802865 0.000000000
v 0.042427998 0.019802865 0.000000000
v 0.042427998 0.019802865 0.016186813
v 0.053922179 0.019817240 0.000309146
v 0.053922179 0.019817240 0.015877666
v 0.021488646 0.019819834 0.001337604
v 0.021488646 0.019819834 0.014849208
v 0.025417729 0.019824527 0.015767039
v 0.021486065 0.019844298 0.001618680
v 0.021486065 0.019844298 0.014568133
v 0.025409097 0.019880915 0.000474112
v 0.025409097 0.019880915 0.015712701
v 0.030988858 0.019907528 0.000079222
v 0.030988858 0.019907528 0.016107590
v 0.025394290 0.019977587 0.000581083
v 0.025391005 0.019998939 0.000607524
v 0.025391005 0.019998939 0.015579301
v 0.048163128 0.020002286 0.000079222
v 0.048163128 0.020002286 0.016107590
v 0.053949027 0.020008510 0.000474112
v 0.053949027 0.020008510 0.015712701
v 0.025387819 0.020019748 0.015552416
v 0.036717097 0.020024478 0.000019932
v 0.036717097 0.020024478 0.016166880
v 0.025384102 0.020043966 0.000667246
v 0.042433950 0.020056007 0.000019932
v 0.042433950 0.020056007 0.016166880
v 0.025370122 0.020135179 0.000809340
v 0.025370122 0.020135179 0.015377473
v 0.030967184 0.020141194 0.000176426
v 0.030967184 0.020141194 0.016010387
v 0.025369122 0.020141700 0.000820862
v 0.025366911 0.020156198 0.015339473
v 0.053971973 0.020171870 0.000667246
v 0.053971973 0.020171870 0.015519567
v 0.025363996 0.020175155 0.000883820
v 0.025363996 0.020175155 0.015302993
v 0.048182220 0.020236174 0.000176426
v 0.048182220 0.020236174 0.016010387
v 0.025352857 0.020247844 0.001050798
v 0.025351091 0.020259342 0.001082895
v 0.025351091 0.020259342 0.015103905
v 0.025349449 0.020270185 0.015071574
v 0.036708564 0.020271309 0.000079222
v 0.036708564 0.020271309 0.016107590
v 0.042439754 0.020302923 0.000079222
v 0.042439754 0.020302923 0.016107590
v 0.053990411 0.020303294 0.000883820
v 0.053990411 0.020303294 0.015302993
v 0.025341150 0.020324251 0.001332022
v 0.025341002 0.020325239 0.001337604
v 0.025341002 0.020325239 0.014849208
v 0.025340384 0.020329277 0.014824954
v 0.025340285 0.020329845 0.001365477
v 0.025337334 0.020349197 0.001584546
v 0.025337272 0.020349543 0.001618680
v 0.025337272 0.020349543 0.014568133
v 0.030947178 0.020356842 0.000309146
v 0.030947178 0.020356842 0.015877666
v 0.054003933 0.020399559 0.001118486
v 0.054003933 0.020399559 0.015068326
v 0.048199843 0.020452032 0.000309146
v 0.048199843 0.020452032 0.015877666
v 0.054012183 0.020458281 0.001365477
v 0.054012183 0.020458281 0.014821348
v 0.054014937 0.020478003 0.001618680
v 0.054014937 0.020478003 0.014568133
v 0.036700475 0.020505839 0.000176426
v 0.036700475 0.020505839 0.016010387
v 0.042445262 0.020537540 0.000176426
v 0.042445262 0.020537540 0.016010387
v 0.030929333 0.020549149 0.000474112
v 0.030929333 0.020549149 0.015712701
v 0.052907046 0.020627223 0.001618680
v 0.052907046 0.020627223 0.014568133
v 0.048215564 0.020644537 0.000474112
v 0.048215564 0.020644537 0.015712701
v 0.030914081 0.020713410 0.000667246
v 0.030914081 0.020713410 0.015519567
v 0.036693003 0.020722277 0.000309146
v 0.036693003 0.020722277 0.015877666
v 0.042450338 0.020754040 0.000309146
v 0.042450338 0.020754040 0.015877666
v 0.048229000 0.020808934 0.000667246
v 0.048229000 0.020808934 0.015519567
v 0.030901830 0.020845550 0.000883820
v 0.030901830 0.020845550 0.015302993
v 0.036686334 0.020915300 0.000474112
v 0.036686334 0.020915300 0.015712701
v 0.048239794 0.020941210 0.000883820
v 0.048239794 0.020941210 0.015302993
v 0.030892852 0.020942346 0.001118486
v 0.030892852 0.020942346 0.015068326
v 0.042454870 0.020947138 0.000474112
v 0.042454870 0.020947138 0.015712701
v 0.030887369 0.021001377 0.001365477
v 0.030887369 0.021001377 0.014821348
v 0.030885529 0.021021235 0.001618680
v 0.030885529 0.021021235 0.014568133
v 0.048247698 0.021038092 0.001118486
v 0.048247698 0.021038092 0.015068326
v 0.036680641 0.021080167 0.000667246
v 0.036680641 0.021080167 0.015519567
v 0.048252539 0.021097197 0.001365477
v 0.048252539 0.021097197 0.014821348
v 0.042458760 0.021112041 0.000667246
v 0.042458760 0.021112041 0.015519567
v 0.048254156 0.021117055 0.001618680
v 0.048254156 0.021117055 0.014568133
v 0.032205980 0.021134912 0.001618680
v 0.032205980 0.021134912 0.014568133
v 0.036676059 0.021212801 0.000883820
v 0.036676059 0.021212801 0.015302993
v 0.042461872 0.021244725 0.000883820
v 0.042461872 0.021244725 0.015302993
v 0.046023927 0.021274092 0.001618680
v 0.046023927 0.021274092 0.014568133
v 0.036672700 0.021309943 0.001118486
v 0.036672700 0.021309943 0.015068326
v 0.042464145 0.021341891 0.001118486
v 0.042464145 0.021341891 0.015068326
v 0.036670663 0.021369208 0.001365477
v 0.036670663 0.021369208 0.014821348
v 0.036669971 0.021389128 0.001618680
v 0.036669971 0.021389128 0.014568133
v 0.042465540 0.021401181 0.001365477
v 0.042465540 0.021401181 0.014821348
v 0.042465997 0.021421101 0.001618680
v 0.042465997 0.021421101 0.014568133
v 0.039112551 0.021443589 0.001618680
v 0.039112551 0.021443589 0.014568133
s 1
usemtl face_000
f 2 3 1
f 20 2 1
f 19 20 1
f 21 19 1
f 5 21 1
f 3 5 1
f 4 3 2
f 20 6 2
f 6 8 2
f 8 4 2
f 4 13 3
f 7 5 3
f 13 7 3
f 14 13 4
f 8 14 4
f 27 21 5
f 9 27 5
f 7 9 5
f 22 10 6
f 20 22 6
f 10 12 6
f 12 8 6
f 11 9 7
f 13 25 7
f 25 11 7
f 12 34 8
f 34 26 8
f 26 14 8
f 35 27 9
f 15 35 9
f 11 15 9
f 28 16 10
f 22 28 10
f 16 18 10
f 18 12 10
f 17 15 11
f 25 33 11
f 33 17 11
f 18 40 12
f 40 34 12
f 14 23 13
f 23 25 13
f 24 23 14
f 26 24 14
f 45 35 15
f 29 45 15
f 17 29 15
f 36 30 16
f 28 36 16
f 30 32 16
f 32 18 16
f 31 29 17
f 33 39 17
f 39 31 17
f 32 48 18
f 48 40 18
f 38 20 19
f 37 38 19
f 21 37 19
f 38 22 20
f 51 37 21
f 59 51 21
f 27 59 21
f 52 28 22
f 38 52 22
f 24 61 23
f 61 25 23
f 62 61 24
f 26 66 24
f 66 62 24
f 61 65 25
f 65 67 25
f 67 33 25
f 34 68 26
f 68 66 26
f 71 59 27
f 35 71 27
f 60 36 28
f 52 60 28
f 55 45 29
f 41 55 29
f 31 41 29
f 46 42 30
f 36 46 30
f 42 44 30
f 44 32 30
f 43 41 31
f 39 47 31
f 47 43 31
f 44 64 32
f 64 48 32
f 67 69 33
f 69 73 33
f 73 39 33
f 40 74 34
f 74 70 34
f 70 68 34
f 87 71 35
f 45 87 35
f 72 46 36
f 60 72 36
f 50 38 37
f 49 50 37
f 51 49 37
f 50 52 38
f 73 79 39
f 79 85 39
f 85 47 39
f 48 86 40
f 86 80 40
f 80 74 40
f 75 55 41
f 53 75 41
f 43 53 41
f 56 54 42
f 46 56 42
f 54 58 42
f 58 44 42
f 57 53 43
f 47 63 43
f 63 57 43
f 58 84 44
f 84 64 44
f 99 87 45
f 55 99 45
f 88 56 46
f 72 88 46
f 85 91 47
f 91 97 47
f 97 63 47
f 64 98 48
f 98 92 48
f 92 86 48
f 133 50 49
f 130 133 49
f 173 130 49
f 51 173 49
f 133 52 50
f 233 173 51
f 59 233 51
f 174 60 52
f 133 174 52
f 95 75 53
f 77 95 53
f 57 77 53
f 76 78 54
f 56 76 54
f 78 82 54
f 82 58 54
f 166 99 55
f 75 166 55
f 100 76 56
f 88 100 56
f 81 77 57
f 63 83 57
f 83 81 57
f 82 108 58
f 108 84 58
f 304 233 59
f 71 304 59
f 234 72 60
f 174 234 60
f 62 89 61
f 89 65 61
f 90 89 62
f 94 90 62
f 66 94 62
f 97 109 63
f 109 153 63
f 153 83 63
f 84 154 64
f 154 110 64
f 110 98 64
f 89 93 65
f 93 67 65
f 68 94 66
f 93 69 67
f 102 94 68
f 70 102 68
f 101 73 69
f 93 101 69
f 74 102 70
f 363 304 71
f 87 363 71
f 305 88 72
f 234 305 72
f 101 79 73
f 123 102 74
f 80 123 74
f 345 166 75
f 95 345 75
f 167 96 76
f 100 167 76
f 96 78 76
f 201 95 77
f 103 201 77
f 81 103 77
f 96 104 78
f 104 106 78
f 106 82 78
f 101 122 79
f 122 85 79
f 86 123 80
f 105 103 81
f 83 107 81
f 107 105 81
f 106 248 82
f 248 108 82
f 153 253 83
f 253 351 83
f 351 107 83
f 108 352 84
f 352 254 84
f 254 154 84
f 122 91 85
f 276 123 86
f 92 276 86
f 391 363 87
f 99 391 87
f 364 100 88
f 305 364 88
f 90 111 89
f 111 93 89
f 113 111 90
f 94 114 90
f 114 113 90
f 275 97 91
f 122 275 91
f 98 276 92
f 111 112 93
f 112 115 93
f 115 117 93
f 118 101 93
f 117 118 93
f 116 114 94
f 119 116 94
f 102 124 94
f 124 120 94
f 120 119 94
f 389 345 95
f 201 389 95
f 346 202 96
f 167 346 96
f 202 104 96
f 275 109 97
f 373 276 98
f 110 373 98
f 425 391 99
f 166 425 99
f 392 167 100
f 364 392 100
f 200 122 101
f 165 200 101
f 118 121 101
f 121 125 101
f 125 161 101
f 161 165 101
f 193 168 102
f 168 162 102
f 162 124 102
f 123 193 102
f 357 201 103
f 245 357 103
f 105 245 103
f 202 246 104
f 246 268 104
f 268 106 104
f 107 247 105
f 267 245 105
f 247 267 105
f 268 376 106
f 376 248 106
f 351 369 107
f 369 397 107
f 397 247 107
f 248 398 108
f 398 370 108
f 370 352 108
f 275 372 109
f 372 153 109
f 154 373 110
f 127 126 111
f 113 127 111
f 126 112 111
f 126 128 112
f 128 115 112
f 129 127 113
f 114 129 113
f 116 129 114
f 128 117 115
f 119 129 116
f 128 118 117
f 225 121 118
f 128 225 118
f 228 129 119
f 120 228 119
f 124 228 120
f 225 125 121
f 200 281 122
f 284 275 122
f 281 284 122
f 301 291 123
f 276 301 123
f 291 193 123
f 162 228 124
f 225 161 125
f 127 132 126
f 132 131 126
f 131 128 126
f 129 177 127
f 177 132 127
f 178 225 128
f 131 178 128
f 228 259 129
f 259 177 129
f 422 133 130
f 421 422 130
f 173 423 130
f 423 421 130
f 132 135 131
f 135 134 131
f 134 178 131
f 177 181 132
f 181 135 132
f 422 174 133
f 135 141 134
f 141 136 134
f 136 182 134
f 182 178 134
f 180 141 135
f 181 180 135
f 141 138 136
f 179 182 136
f 138 140 137
f 140 139 137
f 145 144 137
f 139 145 137
f 144 148 137
f 141 140 138
f 152 145 139
f 149 152 139
f 156 155 144
f 145 156 144
f 151 148 144
f 155 151 144
f 164 156 145
f 152 164 145
f 151 157 148
f 158 152 149
f 171 157 151
f 155 163 151
f 163 171 151
f 158 172 152
f 186 164 152
f 172 186 152
f 372 253 153
f 408 373 154
f 254 408 154
f 184 183 155
f 156 184 155
f 183 163 155
f 188 184 156
f 164 188 156
f 171 169 157
f 170 172 158
f 225 165 161
f 322 228 162
f 168 322 162
f 185 171 163
f 183 187 163
f 187 185 163
f 199 188 164
f 186 199 164
f 225 321 165
f 321 200 165
f 465 425 166
f 345 465 166
f 426 346 167
f 392 426 167
f 193 322 168
f 171 189 169
f 190 172 170
f 196 189 171
f 185 196 171
f 190 197 172
f 206 186 172
f 197 206 172
f 233 431 173
f 431 423 173
f 422 424 174
f 424 234 174
f 259 261 177
f 261 181 177
f 182 260 178
f 260 225 178
f 262 182 179
f 239 262 179
f 181 240 180
f 261 240 181
f 262 260 182
f 204 203 183
f 184 204 183
f 203 187 183
f 188 208 184
f 208 204 184
f 205 196 185
f 187 198 185
f 198 205 185
f 217 199 186
f 206 217 186
f 203 207 187
f 207 198 187
f 199 215 188
f 215 208 188
f 196 194 189
f 195 197 190
f 291 322 193
f 196 209 194
f 222 197 195
f 210 222 195
f 221 209 196
f 205 221 196
f 230 206 197
f 222 230 197
f 207 214 198
f 214 216 198
f 216 205 198
f 217 232 199
f 232 215 199
f 321 281 200
f 433 389 201
f 357 433 201
f 390 358 202
f 346 390 202
f 358 246 202
f 224 223 203
f 204 224 203
f 223 207 203
f 227 224 204
f 208 227 204
f 229 221 205
f 216 229 205
f 244 217 206
f 230 244 206
f 223 226 207
f 226 214 207
f 242 227 208
f 215 242 208
f 221 219 209
f 220 222 210
f 231 216 214
f 226 241 214
f 241 231 214
f 250 242 215
f 232 250 215
f 231 243 216
f 243 229 216
f 244 256 217
f 256 232 217
f 221 235 219
f 236 222 220
f 263 251 221
f 251 235 221
f 229 263 221
f 236 264 222
f 266 230 222
f 264 266 222
f 260 321 225
f 322 331 228
f 331 259 228
f 265 263 229
f 243 265 229
f 274 244 230
f 266 274 230
f 255 243 231
f 241 249 231
f 249 255 231
f 278 250 232
f 256 278 232
f 304 443 233
f 443 431 233
f 424 432 234
f 432 305 234
f 252 264 236
f 257 262 239
f 261 258 240
f 255 273 243
f 273 265 243
f 274 280 244
f 280 256 244
f 404 357 245
f 377 404 245
f 267 377 245
f 358 378 246
f 378 382 246
f 382 268 246
f 397 409 247
f 409 441 247
f 375 267 247
f 441 375 247
f 376 442 248
f 442 410 248
f 410 398 248
f 277 255 249
f 263 269 251
f 270 264 252
f 407 351 253
f 372 407 253
f 352 408 254
f 279 273 255
f 277 279 255
f 288 278 256
f 280 288 256
f 333 262 257
f 307 333 257
f 261 308 258
f 331 332 259
f 332 261 259
f 262 334 260
f 334 321 260
f 332 308 261
f 333 334 262
f 285 282 263
f 282 269 263
f 265 285 263
f 270 286 264
f 290 266 264
f 286 290 264
f 289 285 265
f 273 289 265
f 296 274 266
f 290 296 266
f 381 377 267
f 375 381 267
f 382 420 268
f 420 376 268
f 283 286 270
f 279 295 273
f 295 289 273
f 296 299 274
f 299 280 274
f 374 372 275
f 361 374 275
f 284 300 275
f 300 306 275
f 306 359 275
f 359 361 275
f 371 362 276
f 360 301 276
f 362 360 276
f 373 371 276
f 287 279 277
f 298 295 279
f 287 298 279
f 303 288 280
f 299 303 280
f 321 284 281
f 285 292 282
f 293 286 283
f 379 300 284
f 321 379 284
f 311 309 285
f 309 292 285
f 289 311 285
f 314 290 286
f 293 312 286
f 312 314 286
f 302 298 287
f 313 311 289
f 295 313 289
f 316 296 290
f 314 316 290
f 301 322 291
f 310 312 293
f 298 315 295
f 315 313 295
f 316 324 296
f 324 299 296
f 323 315 298
f 302 323 298
f 328 303 299
f 324 328 299
f 379 306 300
f 380 322 301
f 360 380 301
f 327 323 302
f 363 473 304
f 473 443 304
f 432 444 305
f 444 364 305
f 379 359 306
f 329 333 307
f 332 330 308
f 311 317 309
f 318 312 310
f 337 335 311
f 335 317 311
f 313 337 311
f 338 340 312
f 318 338 312
f 340 314 312
f 339 337 313
f 315 339 313
f 342 316 314
f 340 342 314
f 323 341 315
f 341 339 315
f 342 348 316
f 348 324 316
f 336 338 318
f 334 379 321
f 380 386 322
f 386 331 322
f 347 341 323
f 327 347 323
f 350 328 324
f 348 350 324
f 349 347 327
f 387 333 329
f 367 387 329
f 332 368 330
f 386 385 331
f 385 332 331
f 385 368 332
f 388 334 333
f 387 388 333
f 388 379 334
f 337 353 335
f 355 338 336
f 339 353 337
f 355 340 338
f 341 353 339
f 355 342 340
f 347 353 341
f 355 348 342
f 513 465 345
f 389 513 345
f 466 390 346
f 426 466 346
f 349 353 347
f 355 350 348
f 407 369 351
f 370 408 352
f 479 433 357
f 404 479 357
f 434 405 358
f 390 434 358
f 405 378 358
f 379 361 359
f 362 380 360
f 379 374 361
f 371 380 362
f 391 501 363
f 501 473 363
f 444 474 364
f 474 392 364
f 383 387 367
f 385 384 368
f 407 397 369
f 398 450 370
f 450 408 370
f 373 400 371
f 400 412 371
f 412 380 371
f 399 402 372
f 374 399 372
f 406 407 372
f 402 406 372
f 408 403 373
f 403 401 373
f 401 400 373
f 379 411 374
f 411 399 374
f 441 447 375
f 419 381 375
f 447 419 375
f 420 497 376
f 497 448 376
f 448 442 376
f 1231 404 377
f 381 1231 377
f 405 1232 378
f 1232 382 378
f 388 411 379
f 412 415 380
f 415 386 380
f 419 1231 381
f 1232 420 382
f 417 387 383
f 393 417 383
f 385 396 384
f 416 396 385
f 386 416 385
f 415 416 386
f 417 418 387
f 418 388 387
f 418 411 388
f 547 513 389
f 433 547 389
f 514 434 390
f 466 514 390
f 425 526 391
f 526 501 391
f 474 502 392
f 502 426 392
f 413 417 393
f 416 414 396
f 449 409 397
f 407 449 397
f 410 450 398
f 411 402 399
f 401 412 400
f 403 412 401
f 445 406 402
f 411 445 402
f 408 436 403
f 446 412 403
f 436 446 403
f 1231 479 404
f 480 1232 405
f 434 480 405
f 435 407 406
f 445 435 406
f 440 449 407
f 435 438 407
f 438 440 407
f 437 436 408
f 450 481 408
f 481 439 408
f 439 437 408
f 449 441 409
f 510 450 410
f 442 510 410
f 418 445 411
f 446 453 412
f 453 415 412
f 427 417 413
f 416 430 414
f 453 455 415
f 455 416 415
f 455 452 416
f 452 430 416
f 454 418 417
f 456 454 417
f 427 456 417
f 454 445 418
f 1240 1231 419
f 496 1240 419
f 447 496 419
f 1241 497 420
f 1232 1241 420
f 458 422 421
f 457 458 421
f 423 457 421
f 458 424 422
f 431 515 423
f 515 498 423
f 498 457 423
f 458 499 424
f 499 432 424
f 465 559 425
f 559 526 425
f 502 527 426
f 527 466 426
f 451 456 427
f 443 521 431
f 521 515 431
f 499 516 432
f 516 444 432
f 584 547 433
f 479 584 433
f 548 480 434
f 514 548 434
f 445 438 435
f 437 446 436
f 439 446 437
f 445 440 438
f 481 495 439
f 495 446 439
f 484 449 440
f 445 494 440
f 494 484 440
f 509 447 441
f 449 509 441
f 448 510 442
f 473 539 443
f 539 521 443
f 516 522 444
f 522 474 444
f 454 494 445
f 495 503 446
f 503 453 446
f 509 496 447
f 497 550 448
f 550 510 448
f 488 509 449
f 484 488 449
f 523 485 450
f 485 481 450
f 510 523 450
f 469 456 451
f 455 472 452
f 503 507 453
f 507 455 453
f 456 504 454
f 504 494 454
f 507 506 455
f 506 472 455
f 469 508 456
f 508 504 456
f 490 458 457
f 489 490 457
f 498 489 457
f 490 499 458
f 513 610 465
f 610 559 465
f 527 560 466
f 560 514 466
f 505 508 469
f 501 570 473
f 570 539 473
f 522 540 474
f 540 502 474
f 1231 584 479
f 585 1232 480
f 548 585 480
f 485 495 481
f 494 488 484
f 523 538 485
f 538 495 485
f 524 509 488
f 537 524 488
f 494 537 488
f 532 490 489
f 531 532 489
f 498 533 489
f 533 531 489
f 532 499 490
f 504 537 494
f 538 541 495
f 541 503 495
f 1287 1240 496
f 549 1287 496
f 509 549 496
f 1241 550 497
f 515 551 498
f 551 535 498
f 535 533 498
f 532 534 499
f 534 536 499
f 536 516 499
f 526 608 501
f 608 570 501
f 540 571 502
f 571 527 502
f 541 543 503
f 543 507 503
f 508 542 504
f 542 537 504
f 517 508 505
f 507 520 506
f 543 546 507
f 546 520 507
f 544 542 508
f 517 544 508
f 524 528 509
f 528 530 509
f 530 549 509
f 550 565 510
f 565 529 510
f 529 525 510
f 525 523 510
f 547 644 513
f 644 610 513
f 560 611 514
f 611 548 514
f 521 557 515
f 557 555 515
f 555 551 515
f 536 552 516
f 552 556 516
f 556 522 516
f 545 544 517
f 539 568 521
f 568 557 521
f 556 558 522
f 558 540 522
f 525 538 523
f 537 528 524
f 529 538 525
f 559 628 526
f 628 608 526
f 571 609 527
f 609 560 527
f 537 530 528
f 565 538 529
f 574 549 530
f 537 586 530
f 586 574 530
f 591 532 531
f 590 591 531
f 602 590 531
f 533 602 531
f 591 534 532
f 535 602 533
f 591 536 534
f 614 602 535
f 551 614 535
f 603 552 536
f 591 603 536
f 542 586 537
f 565 587 538
f 587 593 538
f 593 541 538
f 570 604 539
f 604 582 539
f 582 568 539
f 558 569 540
f 569 583 540
f 583 571 540
f 593 595 541
f 595 543 541
f 544 592 542
f 592 586 542
f 595 599 543
f 599 546 543
f 594 592 544
f 545 594 544
f 596 594 545
f 584 686 547
f 686 644 547
f 611 645 548
f 645 585 548
f 578 1287 549
f 574 578 549
f 1241 1288 550
f 1367 579 550
f 1288 1367 550
f 579 575 550
f 575 565 550
f 555 614 551
f 603 615 552
f 615 556 552
f 624 614 555
f 557 624 555
f 615 558 556
f 568 624 557
f 615 625 558
f 625 569 558
f 610 672 559
f 672 628 559
f 609 629 560
f 629 611 560
f 575 587 565
f 650 624 568
f 582 650 568
f 625 583 569
f 608 626 570
f 626 620 570
f 620 604 570
f 583 605 571
f 605 621 571
f 621 609 571
f 586 578 574
f 579 587 575
f 1366 1287 578
f 586 1379 578
f 1379 1366 578
f 1382 587 579
f 1367 1382 579
f 604 650 582
f 625 651 583
f 651 605 583
f 1231 686 584
f 687 1232 585
f 645 687 585
f 592 1465 586
f 1465 1388 586
f 1388 1379 586
f 1389 593 587
f 1382 1389 587
f 613 591 590
f 612 613 590
f 618 612 590
f 602 618 590
f 613 603 591
f 594 1465 592
f 1389 1488 593
f 1488 595 593
f 596 1465 594
f 1488 599 595
f 597 1510 596
f 1509 1465 596
f 1510 1509 596
f 1512 1511 598
f 599 1512 598
f 1488 1512 599
f 622 618 602
f 614 622 602
f 619 615 603
f 613 619 603
f 684 650 604
f 620 684 604
f 651 621 605
f 628 662 608
f 662 640 608
f 640 626 608
f 621 627 609
f 627 641 609
f 641 629 609
f 644 777 610
f 777 672 610
f 629 673 611
f 673 645 611
f 631 613 612
f 630 631 612
f 632 630 612
f 618 632 612
f 631 619 613
f 634 622 614
f 624 634 614
f 623 625 615
f 619 623 615
f 654 632 618
f 622 654 618
f 633 623 619
f 631 633 619
f 626 684 620
f 651 685 621
f 685 627 621
f 670 654 622
f 634 670 622
f 655 635 623
f 633 655 623
f 635 625 623
f 664 634 624
f 650 664 624
f 635 651 625
f 808 684 626
f 640 808 626
f 685 641 627
f 672 753 628
f 753 676 628
f 676 662 628
f 641 663 629
f 663 677 629
f 677 673 629
f 652 631 630
f 656 652 630
f 632 656 630
f 652 653 631
f 653 633 631
f 666 656 632
f 654 666 632
f 657 655 633
f 653 657 633
f 702 670 634
f 664 702 634
f 671 665 635
f 655 671 635
f 665 651 635
f 662 808 640
f 685 809 641
f 809 663 641
f 686 904 644
f 904 777 644
f 673 778 645
f 778 687 645
f 704 664 650
f 684 704 650
f 665 685 651
f 678 653 652
f 682 678 652
f 656 682 652
f 678 679 653
f 679 657 653
f 688 666 654
f 670 688 654
f 667 671 655
f 657 667 655
f 698 682 656
f 666 698 656
f 683 667 657
f 679 683 657
f 914 808 662
f 676 914 662
f 809 677 663
f 830 702 664
f 704 830 664
f 703 705 665
f 671 703 665
f 705 685 665
f 763 698 666
f 688 763 666
f 699 689 667
f 689 671 667
f 683 699 667
f 761 688 670
f 702 761 670
f 689 703 671
f 777 784 672
f 784 753 672
f 677 754 673
f 754 785 673
f 785 899 673
f 899 778 673
f 753 914 676
f 809 915 677
f 915 754 677
f 794 679 678
f 804 794 678
f 682 804 678
f 794 795 679
f 795 683 679
f 840 804 682
f 698 840 682
f 805 699 683
f 795 805 683
f 850 704 684
f 808 850 684
f 705 809 685
f 1231 904 686
f 905 1232 687
f 778 905 687
f 848 763 688
f 761 848 688
f 764 762 689
f 762 703 689
f 699 764 689
f 888 840 698
f 763 888 698
f 841 764 699
f 805 841 699
f 874 761 702
f 830 874 702
f 762 831 703
f 831 705 703
f 920 830 704
f 850 920 704
f 831 851 705
f 851 809 705
f 958 914 753
f 784 958 753
f 915 785 754
f 912 848 761
f 874 912 761
f 849 875 762
f 875 831 762
f 764 849 762
f 922 888 763
f 848 922 763
f 889 849 764
f 841 889 764
f 904 898 777
f 898 784 777
f 899 956 778
f 956 905 778
f 898 958 784
f 915 959 785
f 959 899 785
f 917 795 794
f 925 917 794
f 804 925 794
f 917 918 795
f 918 805 795
f 935 925 804
f 840 935 804
f 926 841 805
f 918 926 805
f 940 850 808
f 914 940 808
f 851 915 809
f 937 874 830
f 920 937 830
f 875 921 831
f 921 851 831
f 947 935 840
f 888 947 840
f 936 889 841
f 926 936 841
f 950 922 848
f 912 950 848
f 923 913 849
f 913 875 849
f 889 923 849
f 960 920 850
f 940 960 850
f 921 941 851
f 941 915 851
f 952 912 874
f 937 952 874
f 913 938 875
f 938 921 875
f 962 947 888
f 922 962 888
f 948 923 889
f 936 948 889
f 955 995 898
f 995 958 898
f 904 955 898
f 959 956 899
f 1231 1306 904
f 1306 955 904
f 1307 1232 905
f 956 1307 905
f 976 950 912
f 952 976 912
f 951 953 913
f 953 938 913
f 923 951 913
f 972 940 914
f 958 972 914
f 941 959 915
f 974 918 917
f 979 974 917
f 925 979 917
f 974 975 918
f 975 926 918
f 968 937 920
f 960 968 920
f 938 961 921
f 961 941 921
f 983 962 922
f 950 983 922
f 963 951 923
f 948 963 923
f 985 979 925
f 935 985 925
f 980 936 926
f 975 980 926
f 991 985 935
f 947 991 935
f 986 948 936
f 980 986 936
f 988 952 937
f 968 988 937
f 953 969 938
f 969 961 938
f 993 960 940
f 972 993 940
f 961 973 941
f 973 959 941
f 1001 991 947
f 962 1001 947
f 992 963 948
f 986 992 948
f 999 983 950
f 976 999 950
f 984 977 951
f 977 953 951
f 963 984 951
f 997 976 952
f 988 997 952
f 977 989 953
f 989 969 953
f 1306 995 955
f 996 1307 956
f 959 996 956
f 1012 972 958
f 995 1012 958
f 973 996 959
f 1003 968 960
f 993 1003 960
f 969 994 961
f 994 973 961
f 1019 1001 962
f 983 1019 962
f 1002 984 963
f 992 1002 963
f 1016 988 968
f 1003 1016 968
f 989 1004 969
f 1004 994 969
f 1048 993 972
f 1012 1048 972
f 994 1013 973
f 1013 996 973
f 1034 975 974
f 1036 1034 974
f 979 1036 974
f 1034 1035 975
f 1035 980 975
f 1031 999 976
f 997 1031 976
f 1000 998 977
f 998 989 977
f 984 1000 977
f 1042 1036 979
f 985 1042 979
f 1037 986 980
f 1035 1037 980
f 1045 1019 983
f 999 1045 983
f 1020 1000 984
f 1002 1020 984
f 1051 1042 985
f 991 1051 985
f 1043 992 986
f 1037 1043 986
f 1040 997 988
f 1016 1040 988
f 998 1017 989
f 1017 1004 989
f 1064 1051 991
f 1001 1064 991
f 1052 1002 992
f 1043 1052 992
f 1054 1003 993
f 1048 1054 993
f 1004 1049 994
f 1049 1013 994
f 1306 1012 995
f 1346 1307 996
f 1013 1346 996
f 1072 1031 997
f 1040 1072 997
f 1032 1041 998
f 1041 1017 998
f 1000 1032 998
f 1078 1045 999
f 1031 1078 999
f 1046 1032 1000
f 1020 1046 1000
f 1080 1064 1001
f 1019 1080 1001
f 1065 1020 1002
f 1052 1065 1002
f 1068 1016 1003
f 1054 1068 1003
f 1017 1055 1004
f 1055 1049 1004
f 1306 1345 1012
f 1345 1048 1012
f 1049 1346 1013
f 1082 1040 1016
f 1068 1082 1016
f 1041 1069 1017
f 1069 1055 1017
f 1084 1080 1019
f 1045 1084 1019
f 1081 1046 1020
f 1065 1081 1020
f 1086 1078 1031
f 1072 1086 1031
f 1079 1073 1032
f 1073 1041 1032
f 1046 1079 1032
f 1092 1035 1034
f 1094 1092 1034
f 1036 1094 1034
f 1092 1093 1035
f 1093 1037 1035
f 1099 1094 1036
f 1042 1099 1036
f 1095 1043 1037
f 1093 1095 1037
f 1088 1072 1040
f 1082 1088 1040
f 1073 1083 1041
f 1083 1069 1041
f 1111 1099 1042
f 1051 1111 1042
f 1100 1052 1043
f 1095 1100 1043
f 1096 1084 1045
f 1078 1096 1045
f 1085 1079 1046
f 1081 1085 1046
f 1345 1054 1048
f 1055 1346 1049
f 1115 1111 1051
f 1064 1115 1051
f 1112 1065 1052
f 1100 1112 1052
f 1345 1068 1054
f 1069 1346 1055
f 1119 1115 1064
f 1080 1119 1064
f 1116 1081 1065
f 1112 1116 1065
f 1345 1082 1068
f 1083 1346 1069
f 1113 1086 1072
f 1088 1113 1072
f 1087 1089 1073
f 1089 1083 1073
f 1079 1087 1073
f 1117 1096 1078
f 1086 1117 1078
f 1097 1087 1079
f 1085 1097 1079
f 1121 1119 1080
f 1084 1121 1080
f 1120 1085 1081
f 1116 1120 1081
f 1345 1088 1082
f 1089 1346 1083
f 1125 1121 1084
f 1096 1125 1084
f 1122 1097 1085
f 1120 1122 1085
f 1123 1117 1086
f 1113 1123 1086
f 1118 1114 1087
f 1114 1089 1087
f 1097 1118 1087
f 1345 1343 1088
f 1343 1334 1088
f 1334 1320 1088
f 1320 1297 1088
f 1297 1282 1088
f 1237 1113 1088
f 1256 1237 1088
f 1282 1256 1088
f 1114 1346 1089
f 1142 1093 1092
f 1144 1142 1092
f 1094 1144 1092
f 1142 1143 1093
f 1143 1095 1093
f 1146 1144 1094
f 1099 1146 1094
f 1145 1100 1095
f 1143 1145 1095
f 1134 1125 1096
f 1117 1134 1096
f 1126 1118 1097
f 1122 1126 1097
f 1148 1146 1099
f 1111 1148 1099
f 1147 1112 1100
f 1145 1147 1100
f 1150 1148 1111
f 1115 1150 1111
f 1149 1116 1112
f 1147 1149 1112
f 1237 1123 1113
f 1124 1346 1114
f 1118 1124 1114
f 1156 1150 1115
f 1119 1156 1115
f 1151 1120 1116
f 1149 1151 1116
f 1140 1134 1117
f 1123 1140 1117
f 1135 1124 1118
f 1126 1135 1118
f 1161 1156 1119
f 1121 1161 1119
f 1157 1122 1120
f 1151 1157 1120
f 1165 1161 1121
f 1125 1165 1121
f 1162 1126 1122
f 1157 1162 1122
f 1237 1140 1123
f 1141 1346 1124
f 1135 1141 1124
f 1170 1165 1125
f 1134 1170 1125
f 1166 1135 1126
f 1162 1166 1126
f 1175 1170 1134
f 1140 1175 1134
f 1171 1141 1135
f 1166 1171 1135
f 1237 1175 1140
f 1176 1346 1141
f 1171 1176 1141
f 1219 1143 1142
f 1216 1219 1142
f 1144 1216 1142
f 1219 1220 1143
f 1220 1145 1143
f 1214 1216 1144
f 1146 1214 1144
f 1217 1147 1145
f 1220 1217 1145
f 1211 1214 1146
f 1148 1211 1146
f 1215 1149 1147
f 1217 1215 1147
f 1208 1211 1148
f 1150 1208 1148
f 1212 1151 1149
f 1215 1212 1149
f 1205 1208 1150
f 1156 1205 1150
f 1209 1157 1151
f 1212 1209 1151
f 1203 1205 1156
f 1161 1203 1156
f 1206 1162 1157
f 1209 1206 1157
f 1200 1203 1161
f 1165 1200 1161
f 1204 1166 1162
f 1206 1204 1162
f 1197 1200 1165
f 1170 1197 1165
f 1201 1171 1166
f 1204 1201 1166
f 1194 1197 1170
f 1175 1194 1170
f 1198 1176 1171
f 1201 1198 1171
f 1237 1194 1175
f 1195 1346 1176
f 1198 1195 1176
f 1237 1225 1194
f 1225 1197 1194
f 1226 1346 1195
f 1229 1226 1195
f 1198 1229 1195
f 1228 1200 1197
f 1225 1228 1197
f 1235 1229 1198
f 1201 1235 1198
f 1234 1203 1200
f 1228 1234 1200
f 1244 1235 1201
f 1204 1244 1201
f 1243 1205 1203
f 1234 1243 1203
f 1252 1244 1204
f 1206 1252 1204
f 1251 1208 1205
f 1243 1251 1205
f 1259 1252 1206
f 1209 1259 1206
f 1258 1211 1208
f 1251 1258 1208
f 1263 1259 1209
f 1212 1263 1209
f 1262 1214 1211
f 1258 1262 1211
f 1267 1263 1212
f 1215 1267 1212
f 1266 1216 1214
f 1262 1266 1214
f 1275 1267 1215
f 1217 1275 1215
f 1274 1219 1216
f 1266 1274 1216
f 1277 1275 1217
f 1220 1277 1217
f 1276 1220 1219
f 1274 1276 1219
f 1276 1277 1220
f 1237 1228 1225
f 1238 1346 1226
f 1254 1238 1226
f 1229 1254 1226
f 1253 1234 1228
f 1237 1253 1228
f 1269 1254 1229
f 1235 1269 1229
f 1240 1271 1231
f 1271 1306 1231
f 1279 1241 1232
f 1264 1279 1232
f 1307 1264 1232
f 1268 1243 1234
f 1253 1268 1234
f 1294 1269 1235
f 1244 1294 1235
f 1256 1253 1237
f 1257 1283 1238
f 1283 1298 1238
f 1298 1321 1238
f 1321 1335 1238
f 1335 1344 1238
f 1344 1346 1238
f 1291 1257 1238
f 1254 1291 1238
f 1289 1271 1240
f 1287 1289 1240
f 1279 1333 1241
f 1333 1288 1241
f 1293 1251 1243
f 1268 1293 1243
f 1301 1294 1244
f 1252 1301 1244
f 1300 1258 1251
f 1293 1300 1251
f 1329 1301 1252
f 1259 1329 1252
f 1290 1268 1253
f 1256 1290 1253
f 1309 1291 1254
f 1269 1309 1254
f 1282 1290 1256
f 1319 1283 1257
f 1291 1319 1257
f 1328 1262 1258
f 1300 1328 1258
f 1342 1329 1259
f 1263 1342 1259
f 1341 1266 1262
f 1328 1341 1262
f 1354 1342 1263
f 1267 1354 1263
f 1272 1279 1264
f 1307 1272 1264
f 1353 1274 1266
f 1341 1353 1266
f 1358 1354 1267
f 1275 1358 1267
f 1308 1293 1268
f 1290 1308 1268
f 1349 1309 1269
f 1294 1349 1269
f 1289 1324 1271
f 1373 1306 1271
f 1324 1373 1271
f 1330 1279 1272
f 1304 1330 1272
f 1307 1374 1272
f 1374 1304 1272
f 1357 1276 1274
f 1353 1357 1274
f 1362 1358 1275
f 1277 1362 1275
f 1361 1277 1276
f 1357 1361 1276
f 1361 1362 1277
f 1330 1383 1279
f 1383 1333 1279
f 1297 1318 1282
f 1318 1290 1282
f 1352 1298 1283
f 1319 1352 1283
f 1366 1376 1287
f 1376 1380 1287
f 1380 1404 1287
f 1404 1418 1287
f 1418 1339 1287
f 1339 1289 1287
f 1368 1367 1288
f 1381 1368 1288
f 1384 1381 1288
f 1405 1384 1288
f 1333 1405 1288
f 1337 1324 1289
f 1339 1337 1289
f 1318 1308 1290
f 1360 1319 1291
f 1309 1360 1291
f 1348 1300 1293
f 1308 1348 1293
f 1370 1349 1294
f 1301 1370 1294
f 1320 1351 1297
f 1351 1318 1297
f 1372 1321 1298
f 1352 1372 1298
f 1369 1328 1300
f 1348 1369 1300
f 1396 1370 1301
f 1329 1396 1301
f 1325 1330 1304
f 1374 1325 1304
f 1399 1345 1306
f 1373 1399 1306
f 1346 1374 1307
f 1359 1348 1308
f 1318 1359 1308
f 1394 1360 1309
f 1349 1394 1309
f 1351 1359 1318
f 1392 1352 1319
f 1360 1392 1319
f 1334 1371 1320
f 1371 1351 1320
f 1386 1335 1321
f 1372 1386 1321
f 1337 1377 1324
f 1415 1373 1324
f 1377 1415 1324
f 1375 1330 1325
f 1365 1375 1325
f 1374 1416 1325
f 1416 1365 1325
f 1395 1341 1328
f 1369 1395 1328
f 1403 1396 1329
f 1342 1403 1329
f 1375 1419 1330
f 1419 1383 1330
f 1417 1405 1333
f 1383 1447 1333
f 1447 1425 1333
f 1425 1417 1333
f 1343 1385 1334
f 1385 1371 1334
f 1398 1344 1335
f 1386 1398 1335
f 1387 1377 1337
f 1390 1387 1337
f 1339 1390 1337
f 1455 1390 1339
f 1446 1455 1339
f 1418 1422 1339
f 1422 1446 1339
f 1402 1353 1341
f 1395 1402 1341
f 1414 1403 1342
f 1354 1414 1342
f 1345 1397 1343
f 1397 1385 1343
f 1400 1346 1344
f 1398 1400 1344
f 1399 1397 1345
f 1400 1374 1346
f 1393 1369 1348
f 1359 1393 1348
f 1412 1394 1349
f 1370 1412 1349
f 1371 1391 1351
f 1391 1359 1351
f 1408 1372 1352
f 1392 1408 1352
f 1413 1357 1353
f 1402 1413 1353
f 1424 1414 1354
f 1358 1424 1354
f 1423 1361 1357
f 1413 1423 1357
f 1430 1424 1358
f 1362 1430 1358
f 1391 1393 1359
f 1427 1392 1360
f 1394 1427 1360
f 1429 1362 1361
f 1423 1429 1361
f 1429 1430 1362
f 1378 1375 1365
f 1416 1378 1365
f 1379 1376 1366
f 1368 1382 1367
f 1381 1382 1368
f 1411 1395 1369
f 1393 1411 1369
f 1442 1412 1370
f 1396 1442 1370
f 1385 1407 1371
f 1407 1391 1371
f 1432 1386 1372
f 1408 1432 1372
f 1439 1399 1373
f 1415 1439 1373
f 1400 1416 1374
f 1378 1406 1375
f 1406 1450 1375
f 1450 1419 1375
f 1379 1380 1376
f 1387 1409 1377
f 1459 1415 1377
f 1409 1459 1377
f 1401 1406 1378
f 1416 1460 1378
f 1460 1401 1378
f 1420 1404 1379
f 1404 1380 1379
f 1388 1420 1379
f 1384 1382 1381
f 1384 1421 1382
f 1433 1389 1382
f 1421 1433 1382
f 1464 1454 1383
f 1454 1447 1383
f 1419 1494 1383
f 1494 1466 1383
f 1466 1464 1383
f 1405 1421 1384
f 1397 1431 1385
f 1431 1407 1385
f 1438 1398 1386
f 1432 1438 1386
f 1428 1409 1387
f 1436 1428 1387
f 1390 1436 1387
f 1465 1434 1388
f 1434 1420 1388
f 1433 1541 1389
f 1541 1488 1389
f 1463 1493 1390
f 1493 1504 1390
f 1504 1436 1390
f 1455 1463 1390
f 1407 1426 1391
f 1426 1393 1391
f 1449 1408 1392
f 1427 1449 1392
f 1426 1411 1393
f 1452 1427 1394
f 1412 1452 1394
f 1441 1402 1395
f 1411 1441 1395
f 1457 1442 1396
f 1403 1457 1396
f 1399 1437 1397
f 1437 1431 1397
f 1440 1400 1398
f 1438 1440 1398
f 1439 1437 1399
f 1440 1416 1400
f 1410 1406 1401
f 1460 1410 1401
f 1456 1413 1402
f 1441 1456 1402
f 1473 1457 1403
f 1414 1473 1403
f 1420 1418 1404
f 1417 1421 1405
f 1410 1443 1406
f 1443 1492 1406
f 1492 1450 1406
f 1431 1448 1407
f 1448 1426 1407
f 1470 1432 1408
f 1449 1470 1408
f 1428 1444 1409
f 1500 1459 1409
f 1444 1500 1409
f 1435 1443 1410
f 1460 1501 1410
f 1501 1435 1410
f 1451 1441 1411
f 1426 1451 1411
f 1483 1452 1412
f 1442 1483 1412
f 1472 1423 1413
f 1456 1472 1413
f 1481 1473 1414
f 1424 1481 1414
f 1484 1439 1415
f 1459 1484 1415
f 1440 1460 1416
f 1425 1421 1417
f 1420 1422 1418
f 1515 1498 1419
f 1498 1494 1419
f 1450 1545 1419
f 1545 1540 1419
f 1540 1515 1419
f 1461 1422 1420
f 1434 1461 1420
f 1425 1462 1421
f 1471 1433 1421
f 1462 1471 1421
f 1461 1446 1422
f 1480 1429 1423
f 1472 1480 1423
f 1487 1481 1424
f 1430 1487 1424
f 1447 1462 1425
f 1448 1451 1426
f 1491 1449 1427
f 1452 1491 1427
f 1453 1444 1428
f 1468 1453 1428
f 1436 1468 1428
f 1486 1430 1429
f 1480 1486 1429
f 1486 1487 1430
f 1437 1469 1431
f 1469 1448 1431
f 1478 1438 1432
f 1470 1478 1432
f 1471 1600 1433
f 1600 1541 1433
f 1520 1474 1434
f 1465 1520 1434
f 1474 1461 1434
f 1445 1443 1435
f 1501 1445 1435
f 1539 1553 1436
f 1553 1560 1436
f 1560 1468 1436
f 1504 1521 1436
f 1521 1539 1436
f 1439 1477 1437
f 1477 1469 1437
f 1485 1440 1438
f 1478 1485 1438
f 1484 1477 1439
f 1485 1460 1440
f 1482 1456 1441
f 1451 1482 1441
f 1507 1483 1442
f 1457 1507 1442
f 1445 1467 1443
f 1467 1526 1443
f 1526 1492 1443
f 1453 1475 1444
f 1546 1500 1444
f 1475 1546 1444
f 1458 1467 1445
f 1501 1547 1445
f 1547 1458 1445
f 1461 1455 1446
f 1454 1462 1447
f 1469 1490 1448
f 1490 1451 1448
f 1517 1470 1449
f 1491 1517 1449
f 1561 1545 1450
f 1492 1584 1450
f 1584 1564 1450
f 1564 1561 1450
f 1490 1482 1451
f 1528 1491 1452
f 1483 1528 1452
f 1489 1475 1453
f 1505 1489 1453
f 1468 1505 1453
f 1464 1462 1454
f 1461 1463 1455
f 1506 1472 1456
f 1482 1506 1456
f 1534 1507 1457
f 1473 1534 1457
f 1476 1467 1458
f 1547 1586 1458
f 1586 1476 1458
f 1535 1484 1459
f 1500 1535 1459
f 1485 1501 1460
f 1502 1463 1461
f 1474 1502 1461
f 1464 1466 1462
f 1466 1503 1462
f 1524 1471 1462
f 1503 1524 1462
f 1502 1493 1463
f 1509 1520 1465
f 1494 1503 1466
f 1476 1495 1467
f 1495 1550 1467
f 1550 1526 1467
f 1601 1505 1468
f 1583 1601 1468
f 1560 1565 1468
f 1565 1583 1468
f 1477 1516 1469
f 1516 1490 1469
f 1532 1478 1470
f 1517 1532 1470
f 1524 1649 1471
f 1649 1600 1471
f 1533 1480 1472
f 1506 1533 1472
f 1544 1534 1473
f 1481 1544 1473
f 1520 1571 1474
f 1571 1525 1474
f 1525 1502 1474
f 1489 1496 1475
f 1585 1546 1475
f 1496 1585 1475
f 1479 1495 1476
f 1586 1479 1476
f 1484 1531 1477
f 1531 1516 1477
f 1536 1485 1478
f 1532 1536 1478
f 1519 1495 1479
f 1497 1519 1479
f 1586 1611 1479
f 1611 1497 1479
f 1543 1486 1480
f 1533 1543 1480
f 1549 1544 1481
f 1487 1549 1481
f 1527 1506 1482
f 1490 1527 1482
f 1558 1528 1483
f 1507 1558 1483
f 1535 1531 1484
f 1536 1501 1485
f 1548 1487 1486
f 1543 1548 1486
f 1548 1549 1487
f 1567 1512 1488
f 1541 1567 1488
f 1508 1496 1489
f 1542 1508 1489
f 1505 1542 1489
f 1516 1527 1490
f 1555 1517 1491
f 1528 1555 1491
f 1604 1589 1492
f 1589 1584 1492
f 1526 1622 1492
f 1622 1619 1492
f 1619 1604 1492
f 1502 1504 1493
f 1498 1503 1494
f 1519 1578 1495
f 1578 1550 1495
f 1508 1513 1496
f 1610 1585 1496
f 1513 1610 1496
f 1499 1519 1497
f 1611 1499 1497
f 1515 1503 1498
f 1530 1519 1499
f 1514 1530 1499
f 1611 1625 1499
f 1625 1514 1499
f 1579 1535 1500
f 1546 1579 1500
f 1536 1547 1501
f 1551 1521 1502
f 1521 1504 1502
f 1525 1551 1502
f 1515 1552 1503
f 1568 1524 1503
f 1552 1568 1503
f 1607 1618 1505
f 1618 1632 1505
f 1632 1637 1505
f 1637 1542 1505
f 1601 1607 1505
f 1557 1533 1506
f 1527 1557 1506
f 1582 1558 1507
f 1534 1582 1507
f 1529 1513 1508
f 1570 1529 1508
f 1542 1570 1508
f 1566 1520 1509
f 1512 1556 1511
f 1567 1576 1512
f 1576 1556 1512
f 1529 1522 1513
f 1624 1610 1513
f 1522 1624 1513
f 1518 1530 1514
f 1625 1518 1514
f 1540 1552 1515
f 1531 1554 1516
f 1554 1527 1516
f 1573 1532 1517
f 1555 1573 1517
f 1523 1538 1518
f 1538 1530 1518
f 1625 1631 1518
f 1631 1523 1518
f 1530 1588 1519
f 1588 1578 1519
f 1566 1574 1520
f 1574 1571 1520
f 1551 1539 1521
f 1523 1630 1522
f 1538 1523 1522
f 1537 1538 1522
f 1529 1537 1522
f 1630 1624 1522
f 1631 1630 1523
f 1568 1798 1524
f 1798 1649 1524
f 1571 1623 1525
f 1623 1569 1525
f 1569 1551 1525
f 1645 1640 1526
f 1640 1622 1526
f 1550 1652 1526
f 1652 1651 1526
f 1651 1645 1526
f 1554 1557 1527
f 1593 1555 1528
f 1558 1593 1528
f 1562 1537 1529
f 1587 1562 1529
f 1570 1587 1529
f 1538 1563 1530
f 1563 1588 1530
f 1535 1572 1531
f 1572 1554 1531
f 1580 1536 1532
f 1573 1580 1532
f 1581 1543 1533
f 1557 1581 1533
f 1597 1582 1534
f 1544 1597 1534
f 1579 1572 1535
f 1580 1547 1536
f 1563 1538 1537
f 1562 1563 1537
f 1551 1553 1539
f 1545 1552 1540
f 1577 1567 1541
f 1600 1577 1541
f 1663 1570 1542
f 1650 1663 1542
f 1637 1646 1542
f 1646 1650 1542
f 1596 1548 1543
f 1581 1596 1543
f 1603 1597 1544
f 1549 1603 1544
f 1561 1552 1545
f 1614 1579 1546
f 1585 1614 1546
f 1580 1586 1547
f 1602 1549 1548
f 1596 1602 1548
f 1602 1603 1549
f 1680 1677 1550
f 1578 1680 1550
f 1677 1664 1550
f 1664 1652 1550
f 1598 1565 1551
f 1565 1560 1551
f 1560 1553 1551
f 1569 1598 1551
f 1561 1564 1552
f 1564 1599 1552
f 1612 1568 1552
f 1599 1612 1552
f 1572 1592 1554
f 1592 1557 1554
f 1609 1573 1555
f 1593 1609 1555
f 1592 1581 1557
f 1617 1593 1558
f 1582 1617 1558
f 1595 1563 1562
f 1594 1595 1562
f 1587 1594 1562
f 1595 1588 1563
f 1584 1599 1564
f 1598 1583 1565
f 1577 1576 1567
f 1612 2023 1568
f 2023 1798 1568
f 1623 1683 1569
f 1683 1613 1569
f 1613 1598 1569
f 1665 1674 1570
f 1674 1706 1570
f 1706 1711 1570
f 1711 1587 1570
f 1663 1665 1570
f 1574 1620 1571
f 1620 1633 1571
f 1633 1623 1571
f 1579 1608 1572
f 1608 1592 1572
f 1615 1580 1573
f 1609 1615 1573
f 1577 1591 1576
f 1635 1606 1577
f 1606 1591 1577
f 1621 1635 1577
f 1600 1621 1577
f 1714 1680 1578
f 1588 1736 1578
f 1736 1731 1578
f 1731 1714 1578
f 1614 1608 1579
f 1615 1586 1580
f 1616 1596 1581
f 1592 1616 1581
f 1629 1617 1582
f 1597 1629 1582
f 1598 1601 1583
f 1589 1599 1584
f 1643 1614 1585
f 1610 1643 1585
f 1615 1611 1586
f 1747 1594 1587
f 1745 1747 1587
f 1728 1745 1587
f 1711 1725 1587
f 1725 1728 1587
f 1595 1751 1588
f 1751 1752 1588
f 1752 1736 1588
f 1604 1599 1589
f 1608 1616 1592
f 1639 1609 1593
f 1617 1639 1593
f 1746 1595 1594
f 1747 1746 1594
f 1781 1751 1595
f 1746 1781 1595
f 1628 1602 1596
f 1616 1628 1596
f 1642 1629 1597
f 1603 1642 1597
f 1626 1601 1598
f 1613 1626 1598
f 1604 1627 1599
f 1647 1612 1599
f 1627 1647 1599
f 1649 1636 1600
f 1636 1621 1600
f 1626 1607 1601
f 1641 1603 1602
f 1628 1641 1602
f 1641 1642 1603
f 1619 1627 1604
f 1626 1618 1607
f 1614 1638 1608
f 1638 1616 1608
f 1644 1615 1609
f 1639 1644 1609
f 1655 1643 1610
f 1624 1655 1610
f 1644 1625 1611
f 1615 1644 1611
f 1647 2112 1612
f 2112 2023 1612
f 1683 1893 1613
f 1893 1648 1613
f 1648 1626 1613
f 1643 1638 1614
f 1638 1628 1616
f 1654 1639 1617
f 1629 1654 1617
f 1626 1632 1618
f 1622 1627 1619
f 1636 1635 1621
f 1640 1627 1622
f 1633 1692 1623
f 1692 1771 1623
f 1771 1683 1623
f 1661 1655 1624
f 1630 1661 1624
f 1656 1631 1625
f 1644 1656 1625
f 1646 1637 1626
f 1659 1646 1626
f 1637 1632 1626
f 1648 1659 1626
f 1640 1660 1627
f 1694 1647 1627
f 1660 1694 1627
f 1653 1641 1628
f 1638 1653 1628
f 1658 1654 1629
f 1642 1658 1629
f 1631 1661 1630
f 1662 1661 1631
f 1656 1662 1631
f 1636 1722 1635
f 1693 1722 1636
f 1649 1693 1636
f 1643 1653 1638
f 1656 1644 1639
f 1654 1656 1639
f 1645 1660 1640
f 1657 1642 1641
f 1653 1657 1641
f 1657 1658 1642
f 1655 1653 1643
f 1651 1660 1645
f 1659 1650 1646
f 1694 2171 1647
f 2171 2112 1647
f 1893 2058 1648
f 2058 1695 1648
f 1695 1659 1648
f 1798 1774 1649
f 1774 1693 1649
f 1659 1663 1650
f 1652 1660 1651
f 1664 1660 1652
f 1655 1657 1653
f 1662 1656 1654
f 1658 1662 1654
f 1661 1657 1655
f 1661 1658 1657
f 1661 1662 1658
f 1717 1663 1659
f 1695 1717 1659
f 1664 1720 1660
f 1789 1694 1660
f 1720 1789 1660
f 1717 1665 1663
f 1677 1720 1664
f 1717 1674 1665
f 1717 1706 1674
f 1680 1720 1677
f 1714 1720 1680
f 1771 1937 1683
f 1937 2034 1683
f 2034 1893 1683
f 1773 1722 1693
f 1774 1773 1693
f 1789 2182 1694
f 2182 2171 1694
f 2058 2121 1695
f 2121 1790 1695
f 1790 1717 1695
f 1717 1711 1706
f 1717 1725 1711
f 1731 1777 1714
f 1777 1720 1714
f 1768 1725 1717
f 1790 1768 1717
f 1842 1789 1720
f 1777 1842 1720
f 1768 1728 1725
f 1768 1745 1728
f 1736 1777 1731
f 1752 1784 1736
f 1784 1777 1736
f 1768 1747 1745
f 1747 1781 1746
f 1768 1781 1747
f 1781 1784 1751
f 1784 1752 1751
f 1790 1844 1768
f 1844 1781 1768
f 1774 1818 1773
f 1833 1818 1774
f 1938 1896 1774
f 1896 1890 1774
f 1890 1883 1774
f 1883 1878 1774
f 1878 1871 1774
f 1871 1865 1774
f 1865 1857 1774
f 1857 1833 1774
f 1798 1938 1774
f 1859 1842 1777
f 1784 1859 1777
f 1858 1859 1781
f 1859 1784 1781
f 1844 1858 1781
f 1842 2188 1789
f 2188 2182 1789
f 2121 2160 1790
f 2160 1844 1790
f 2023 2037 1798
f 2037 1938 1798
f 1859 2192 1842
f 2192 2188 1842
f 2173 1858 1844
f 2160 2173 1844
f 2175 1859 1858
f 2173 2175 1858
f 2175 2192 1859
f 2034 2087 1893
f 2087 2144 1893
f 2144 2058 1893
f 1938 1903 1896
f 2037 1909 1903
f 1938 2037 1903
f 2037 1921 1909
f 2037 1927 1921
f 2037 1935 1927
f 2037 1941 1935
f 2037 1949 1941
f 2037 1957 1949
f 2037 1971 1957
f 2037 1978 1971
f 2037 1988 1978
f 2037 1998 1988
f 2037 2007 1998
f 2037 2016 2007
f 2037 2027 2016
f 2112 2147 2023
f 2147 2088 2023
f 2088 2037 2023
f 2227 2035 2025
f 2228 2227 2025
f 2026 2228 2025
f 2036 2228 2026
f 2029 2036 2026
f 2036 2029 2027
f 2037 2036 2027
f 2227 2217 2035
f 2217 2196 2035
f 2196 2178 2035
f 2178 2145 2035
f 2218 2228 2036
f 2146 2179 2036
f 2179 2197 2036
f 2197 2218 2036
f 2037 2088 2036
f 2088 2146 2036
f 2144 2163 2058
f 2163 2177 2058
f 2177 2121 2058
f 2147 2146 2088
f 2171 2180 2112
f 2180 2164 2112
f 2164 2147 2112
f 2177 2184 2121
f 2184 2195 2121
f 2195 2160 2121
f 2147 2164 2146
f 2164 2179 2146
f 2216 2173 2160
f 2200 2216 2160
f 2195 2200 2160
f 2180 2179 2164
f 2182 2198 2171
f 2198 2185 2171
f 2185 2180 2171
f 2220 2175 2173
f 2216 2220 2173
f 2226 2192 2175
f 2220 2226 2175
f 2180 2185 2179
f 2185 2197 2179
f 2188 2219 2182
f 2219 2201 2182
f 2201 2198 2182
f 2198 2197 2185
f 2192 2229 2188
f 2229 2221 2188
f 2221 2219 2188
f 2226 2229 2192
f 2198 2201 2197
f 2201 2218 2197
f 2219 2218 2201
f 2219 2228 2218
f 2221 2228 2219
f 2229 2228 2221
f 2227 2228 2226
f 2228 2229 2226
f 5653 5651 5650
f 5654 5653 5650
f 5651 5656 5650
f 5658 5654 5650
f 5656 5658 5650
f 5652 5852 5651
f 5852 5851 5651
f 5851 5660 5651
f 5653 5652 5651
f 5660 5659 5651
f 5659 5656 5651
f 5661 5852 5652
f 5653 5661 5652
f 5654 5715 5653
f 5657 5661 5653
f 5715 5657 5653
f 5684 5715 5654
f 5658 5684 5654
f 5659 5658 5656
f 5662 5661 5657
f 5715 5717 5657
f 5717 5662 5657
f 5666 5739 5658
f 5739 5738 5658
f 5738 5684 5658
f 5659 5666 5658
f 5660 5664 5659
f 5664 5666 5659
f 5851 5668 5660
f 5668 5664 5660
f 5669 5852 5661
f 5662 5665 5661
f 5665 5669 5661
f 5717 5742 5662
f 5742 5665 5662
f 5668 5667 5664
f 5667 5666 5664
f 5670 5669 5665
f 5742 5670 5665
f 5753 5750 5666
f 5750 5743 5666
f 5743 5740 5666
f 5740 5739 5666
f 5678 5753 5666
f 5667 5678 5666
f 5668 5676 5667
f 5676 5678 5667
f 5851 5681 5668
f 5681 5676 5668
f 5682 5852 5669
f 5670 5677 5669
f 5677 5682 5669
f 5764 5677 5670
f 5742 5764 5670
f 5681 5680 5676
f 5680 5678 5676
f 5683 5682 5677
f 5764 5683 5677
f 5761 5753 5678
f 5773 5761 5678
f 5784 5773 5678
f 5707 5784 5678
f 5680 5707 5678
f 5681 5704 5680
f 5704 5707 5680
f 5851 5725 5681
f 5725 5704 5681
f 5726 5852 5682
f 5683 5705 5682
f 5705 5726 5682
f 5793 5705 5683
f 5764 5793 5683
f 5733 5721 5684
f 5721 5715 5684
f 5738 5732 5684
f 5732 5733 5684
f 5725 5724 5704
f 5724 5707 5704
f 5727 5726 5705
f 5793 5727 5705
f 5791 5784 5707
f 5756 5815 5707
f 5815 5806 5707
f 5806 5791 5707
f 5724 5756 5707
f 5720 5717 5715
f 5721 5720 5715
f 5734 5735 5717
f 5735 5741 5717
f 5741 5742 5717
f 5720 5734 5717
f 5721 5802 5720
f 5802 5811 5720
f 5811 5734 5720
f 5733 5802 5721
f 5725 5754 5724
f 5754 5756 5724
f 5851 5778 5725
f 5778 5754 5725
f 5779 5852 5726
f 5755 5779 5726
f 5727 5755 5726
f 5822 5755 5727
f 5793 5822 5727
f 5738 5812 5732
f 5812 5803 5732
f 5803 5733 5732
f 5803 5802 5733
f 5811 5735 5734
f 5811 5741 5735
f 5739 5812 5738
f 5740 5812 5739
f 5743 5812 5740
f 5817 5749 5741
f 5811 5817 5741
f 5749 5742 5741
f 5749 5751 5742
f 5759 5764 5742
f 5751 5759 5742
f 5818 5812 5743
f 5750 5818 5743
f 5817 5751 5749
f 5753 5818 5750
f 5817 5759 5751
f 5838 5818 5753
f 5761 5838 5753
f 5778 5777 5754
f 5777 5756 5754
f 5780 5779 5755
f 5822 5780 5755
f 5844 5832 5756
f 5832 5819 5756
f 5819 5815 5756
f 5777 5800 5756
f 5800 5844 5756
f 5817 5837 5759
f 5837 5767 5759
f 5767 5764 5759
f 5773 5838 5761
f 5767 5782 5764
f 5785 5793 5764
f 5782 5785 5764
f 5837 5782 5767
f 5784 5838 5773
f 5809 5798 5777
f 5778 5809 5777
f 5798 5800 5777
f 5851 5809 5778
f 5810 5853 5779
f 5853 5852 5779
f 5780 5810 5779
f 5799 5810 5780
f 5849 5799 5780
f 5822 5849 5780
f 5837 5785 5782
f 5861 5838 5784
f 5791 5861 5784
f 5860 5804 5785
f 5837 5860 5785
f 5804 5793 5785
f 5806 5861 5791
f 5804 5814 5793
f 5816 5822 5793
f 5814 5816 5793
f 5824 5823 5798
f 5809 5824 5798
f 5823 5800 5798
f 5826 5825 5799
f 5825 5810 5799
f 5849 5826 5799
f 5836 5917 5800
f 5917 5863 5800
f 5863 5847 5800
f 5823 5836 5800
f 5847 5844 5800
f 5803 5887 5802
f 5887 5811 5802
f 5886 5887 5803
f 5902 5886 5803
f 5812 5902 5803
f 5860 5814 5804
f 5815 5861 5806
f 5857 5824 5809
f 5851 5857 5809
f 5825 5862 5810
f 5862 5856 5810
f 5856 5854 5810
f 5854 5853 5810
f 5903 5817 5811
f 5887 5903 5811
f 5925 5902 5812
f 5818 5925 5812
f 5860 5816 5814
f 5819 5947 5815
f 5947 5861 5815
f 5860 5830 5816
f 5830 5822 5816
f 5926 5837 5817
f 5903 5926 5817
f 5967 5925 5818
f 5838 5967 5818
f 5832 5947 5819
f 5843 5849 5822
f 5830 5843 5822
f 5841 5834 5823
f 5824 5841 5823
f 5834 5836 5823
f 5865 5866 5824
f 5866 5841 5824
f 5857 5865 5824
f 5842 5874 5825
f 5874 5864 5825
f 5864 5862 5825
f 5826 5842 5825
f 5835 5842 5826
f 5938 5835 5826
f 5849 5938 5826
f 5946 5843 5830
f 5860 5946 5830
f 5844 5947 5832
f 5869 5868 5834
f 5841 5869 5834
f 5868 5836 5834
f 5871 5870 5835
f 5870 5842 5835
f 5938 5871 5835
f 6004 5954 5836
f 5954 5920 5836
f 5920 5917 5836
f 5900 6004 5836
f 5868 5900 5836
f 5968 5860 5837
f 5926 5968 5837
f 6029 5967 5838
f 5861 6029 5838
f 5866 5880 5841
f 5880 5881 5841
f 5881 5869 5841
f 5870 5888 5842
f 5888 5879 5842
f 5879 5874 5842
f 5946 5845 5843
f 5845 5849 5843
f 6037 5947 5844
f 5847 6037 5844
f 5946 5855 5845
f 5855 5849 5845
f 5863 6037 5847
f 5916 5938 5849
f 5855 5916 5849
f 5852 5872 5851
f 5872 5857 5851
f 5873 5872 5852
f 5946 6036 5855
f 6036 5916 5855
f 5872 5875 5857
f 5875 5876 5857
f 5876 5883 5857
f 5883 5865 5857
f 6030 5946 5860
f 5968 6030 5860
f 6069 6029 5861
f 5947 6069 5861
f 5917 6037 5863
f 5883 5866 5865
f 5883 5891 5866
f 5891 5880 5866
f 5952 5955 5868
f 5955 5960 5868
f 5960 5969 5868
f 5969 5897 5868
f 5869 5952 5868
f 5897 5900 5868
f 5918 5929 5869
f 5894 5899 5869
f 5899 5910 5869
f 5910 5918 5869
f 5929 5936 5869
f 5936 5939 5869
f 5939 5952 5869
f 5881 5889 5869
f 5889 5894 5869
f 5953 5951 5870
f 5951 5933 5870
f 5933 5914 5870
f 5914 5909 5870
f 5909 5890 5870
f 5890 5888 5870
f 5972 5970 5870
f 5970 5965 5870
f 5965 5962 5870
f 5962 5957 5870
f 5957 5953 5870
f 5871 5972 5870
f 5898 5972 5871
f 6024 5898 5871
f 5938 6024 5871
f 5891 5881 5880
f 5891 5906 5881
f 5906 5889 5881
f 6095 5887 5886
f 6094 6095 5886
f 5902 6098 5886
f 6098 6094 5886
f 6095 5903 5887
f 5906 5894 5889
f 5906 5899 5894
f 5969 5973 5897
f 5973 5976 5897
f 5976 5900 5897
f 5979 5978 5898
f 5978 5972 5898
f 6024 5979 5898
f 5906 5923 5899
f 5923 5910 5899
f 6074 6042 5900
f 6042 6018 5900
f 6018 6010 5900
f 6010 6004 5900
f 5992 6083 5900
f 6083 6076 5900
f 6076 6074 5900
f 5976 5992 5900
f 5925 6108 5902
f 6108 6098 5902
f 6095 6099 5903
f 6099 5926 5903
f 5923 5918 5910
f 6036 5919 5916
f 5919 5938 5916
f 5920 6037 5917
f 5942 5929 5918
f 5923 5942 5918
f 6036 5950 5919
f 5950 5938 5919
f 5954 6037 5920
f 5967 6125 5925
f 6125 6108 5925
f 6099 6109 5926
f 6109 5968 5926
f 5942 5936 5929
f 5942 5939 5936
f 6002 6024 5938
f 5950 6002 5938
f 5942 5959 5939
f 5959 5952 5939
f 6070 6036 5946
f 6030 6070 5946
f 6100 6069 5947
f 6037 6100 5947
f 6080 6002 5950
f 6036 6080 5950
f 5959 5955 5952
f 6081 6037 5954
f 6004 6081 5954
f 5959 5981 5955
f 5981 5960 5955
f 5981 5969 5960
f 6029 6139 5967
f 6139 6125 5967
f 6109 6126 5968
f 6126 6030 5968
f 5981 5973 5969
f 5977 5976 5973
f 6005 5977 5973
f 5981 6005 5973
f 5977 5990 5976
f 5990 5992 5976
f 5984 5990 5977
f 6005 5984 5977
f 5979 5983 5978
f 5996 5995 5979
f 5995 5989 5979
f 5989 5986 5979
f 5991 6003 5979
f 6003 5998 5979
f 5998 5996 5979
f 5986 5983 5979
f 6077 5991 5979
f 6024 6077 5979
f 6058 5990 5984
f 5987 6058 5984
f 6005 5987 5984
f 5994 6058 5987
f 6005 5994 5987
f 6058 6062 5990
f 6062 5992 5990
f 6061 6008 5991
f 6008 6003 5991
f 6077 6061 5991
f 6062 6120 5992
f 6120 6112 5992
f 6112 6104 5992
f 6104 6083 5992
f 5997 6058 5994
f 6005 5997 5994
f 6007 6058 5997
f 6005 6007 5997
f 6080 6009 6002
f 6009 6024 6002
f 6010 6081 6004
f 6033 6007 6005
f 6017 6058 6007
f 6033 6017 6007
f 6061 6015 6008
f 6080 6016 6009
f 6016 6024 6009
f 6018 6081 6010
f 6014 6056 6013
f 6020 6014 6013
f 6027 6020 6013
f 6022 6027 6013
f 6056 6022 6013
f 6057 6056 6014
f 6020 6021 6014
f 6021 6023 6014
f 6066 6057 6014
f 6023 6066 6014
f 6040 6035 6015
f 6061 6040 6015
f 6080 6039 6016
f 6039 6024 6016
f 6033 6031 6017
f 6059 6058 6017
f 6031 6059 6017
f 6042 6081 6018
f 6050 6021 6020
f 6054 6050 6020
f 6027 6054 6020
f 6050 6051 6021
f 6051 6028 6021
f 6028 6023 6021
f 6048 6027 6022
f 6044 6048 6022
f 6065 6044 6022
f 6056 6065 6022
f 6028 6045 6023
f 6079 6066 6023
f 6045 6079 6023
f 6073 6077 6024
f 6039 6073 6024
f 6071 6054 6027
f 6048 6071 6027
f 6055 6049 6028
f 6049 6045 6028
f 6051 6055 6028
f 6069 6168 6029
f 6168 6139 6029
f 6126 6140 6030
f 6140 6070 6030
f 6033 7097 6031
f 7097 7137 6031
f 6040 6041 6035
f 6041 7096 6035
f 6101 6080 6036
f 6070 6101 6036
f 6129 6100 6037
f 6081 6129 6037
f 6080 6116 6039
f 6116 6073 6039
f 6061 6041 6040
f 7109 7096 6041
f 6061 6060 6041
f 6117 6081 6042
f 6074 6117 6042
f 6067 6048 6044
f 6063 6067 6044
f 6078 6063 6044
f 6065 6078 6044
f 6049 6064 6045
f 6093 6079 6045
f 6064 6093 6045
f 6084 6071 6048
f 6067 6084 6048
f 6072 6068 6049
f 6068 6064 6049
f 6055 6072 6049
f 6090 6051 6050
f 6096 6090 6050
f 6054 6096 6050
f 6090 6091 6051
f 6091 6055 6051
f 6102 6096 6054
f 6071 6102 6054
f 6097 6072 6055
f 6091 6097 6055
f 6057 6162 6056
f 6164 6065 6056
f 6162 6164 6056
f 6163 6162 6057
f 6066 6163 6057
f 6059 7059 6058
f 7059 7110 6058
f 7110 7100 6058
f 7100 6062 6058
f 7107 7058 6060
f 6061 7107 6060
f 6110 7107 6061
f 6077 6110 6061
f 7100 6120 6062
f 6088 6067 6063
f 6086 6088 6063
f 6092 6086 6063
f 6078 6092 6063
f 6068 6087 6064
f 6115 6093 6064
f 6087 6115 6064
f 6172 6078 6065
f 6164 6172 6065
f 6079 6165 6066
f 6165 6163 6066
f 6106 6084 6067
f 6088 6106 6067
f 6085 6089 6068
f 6089 6087 6068
f 6072 6085 6068
f 6100 6194 6069
f 6194 6168 6069
f 6140 6169 6070
f 6169 6101 6070
f 6123 6102 6071
f 6084 6123 6071
f 6103 6085 6072
f 6097 6103 6072
f 6116 6075 6073
f 6075 6077 6073
f 6076 6117 6074
f 6116 6082 6075
f 6082 6077 6075
f 6083 6117 6076
f 6082 6105 6077
f 6105 6110 6077
f 6184 6092 6078
f 6172 6184 6078
f 6093 6173 6079
f 6173 6165 6079
f 6130 6116 6080
f 6101 6130 6080
f 6166 6129 6081
f 6117 6166 6081
f 6147 6105 6082
f 6116 6147 6082
f 6104 6148 6083
f 6148 6117 6083
f 6131 6123 6084
f 6106 6131 6084
f 6124 6107 6085
f 6107 6089 6085
f 6103 6124 6085
f 6121 6088 6086
f 6118 6121 6086
f 6114 6118 6086
f 6092 6114 6086
f 6089 6119 6087
f 6136 6115 6087
f 6119 6136 6087
f 6127 6106 6088
f 6121 6127 6088
f 6107 6122 6089
f 6122 6119 6089
f 6133 6091 6090
f 6137 6133 6090
f 6096 6137 6090
f 6133 6134 6091
f 6134 6097 6091
f 6206 6114 6092
f 6184 6206 6092
f 6115 6185 6093
f 6185 6173 6093
f 6151 6095 6094
f 6150 6151 6094
f 6098 6152 6094
f 6152 6150 6094
f 6151 6099 6095
f 6145 6137 6096
f 6102 6145 6096
f 6138 6103 6097
f 6134 6138 6097
f 6108 6160 6098
f 6160 6152 6098
f 6151 6153 6099
f 6153 6109 6099
f 6129 6222 6100
f 6222 6194 6100
f 6169 6195 6101
f 6195 6130 6101
f 6156 6145 6102
f 6123 6156 6102
f 6146 6124 6103
f 6138 6146 6103
f 6112 6148 6104
f 6147 6111 6105
f 6111 6110 6105
f 6154 6131 6106
f 6127 6154 6106
f 6132 6128 6107
f 6128 6122 6107
f 6124 6132 6107
f 6125 6178 6108
f 6178 6160 6108
f 6153 6161 6109
f 6161 6126 6109
f 7101 7107 6110
f 6113 7101 6110
f 6111 6113 6110
f 7103 6113 6111
f 6147 7103 6111
f 6120 7102 6112
f 7102 6148 6112
f 7103 7101 6113
f 6226 6135 6114
f 6206 6226 6114
f 6135 6118 6114
f 6136 6207 6115
f 6207 6185 6115
f 6167 6147 6116
f 6130 6167 6116
f 6200 6166 6117
f 6148 6200 6117
f 6143 6121 6118
f 6141 6143 6118
f 6135 6141 6118
f 6122 6142 6119
f 6171 6136 6119
f 6142 6171 6119
f 7100 7102 6120
f 6158 6127 6121
f 6143 6158 6121
f 6128 6144 6122
f 6144 6142 6122
f 6174 6156 6123
f 6131 6174 6123
f 6157 6132 6124
f 6146 6157 6124
f 6139 6196 6125
f 6196 6178 6125
f 6161 6179 6126
f 6179 6140 6126
f 6182 6154 6127
f 6158 6182 6127
f 6155 6159 6128
f 6159 6144 6128
f 6132 6155 6128
f 6166 6260 6129
f 6260 6222 6129
f 6195 6223 6130
f 6223 6167 6130
f 6192 6174 6131
f 6154 6192 6131
f 6175 6155 6132
f 6157 6175 6132
f 6188 6134 6133
f 6190 6188 6133
f 6137 6190 6133
f 6188 6189 6134
f 6189 6138 6134
f 6265 6170 6135
f 6226 6265 6135
f 6170 6141 6135
f 6171 6227 6136
f 6227 6207 6136
f 6202 6190 6137
f 6145 6202 6137
f 6191 6146 6138
f 6189 6191 6138
f 6168 6216 6139
f 6216 6196 6139
f 6179 6197 6140
f 6197 6169 6140
f 6180 6143 6141
f 6176 6180 6141
f 6170 6176 6141
f 6144 6177 6142
f 6199 6171 6142
f 6177 6199 6142
f 6186 6158 6143
f 6180 6186 6143
f 6159 6181 6144
f 6181 6177 6144
f 6208 6202 6145
f 6156 6208 6145
f 6203 6157 6146
f 6191 6203 6146
f 7121 7103 6147
f 6201 7121 6147
f 6167 6201 6147
f 7102 7120 6148
f 7120 6200 6148
f 6163 6151 6150
f 6162 6163 6150
f 6152 6164 6150
f 6164 6162 6150
f 6163 6153 6151
f 6160 6172 6152
f 6172 6164 6152
f 6163 6165 6153
f 6165 6161 6153
f 6214 6192 6154
f 6182 6214 6154
f 6193 6183 6155
f 6183 6159 6155
f 6175 6193 6155
f 6220 6208 6156
f 6174 6220 6156
f 6209 6175 6157
f 6203 6209 6157
f 6212 6182 6158
f 6186 6212 6158
f 6183 6187 6159
f 6187 6181 6159
f 6178 6184 6160
f 6184 6172 6160
f 6165 6173 6161
f 6173 6179 6161
f 6200 6320 6166
f 6320 6260 6166
f 6223 6261 6167
f 6261 6201 6167
f 6194 6244 6168
f 6244 6216 6168
f 6197 6217 6169
f 6217 6195 6169
f 6317 6198 6170
f 6265 6317 6170
f 6198 6176 6170
f 6199 6266 6171
f 6266 6227 6171
f 6185 6179 6173
f 6228 6220 6174
f 6192 6228 6174
f 6221 6193 6175
f 6209 6221 6175
f 6210 6180 6176
f 6204 6210 6176
f 6198 6204 6176
f 6181 6205 6177
f 6225 6199 6177
f 6205 6225 6177
f 6196 6206 6178
f 6206 6184 6178
f 6185 6197 6179
f 6218 6186 6180
f 6210 6218 6180
f 6187 6211 6181
f 6211 6205 6181
f 6235 6214 6182
f 6212 6235 6182
f 6215 6213 6183
f 6213 6187 6183
f 6193 6215 6183
f 6207 6197 6185
f 6232 6212 6186
f 6218 6232 6186
f 6213 6219 6187
f 6219 6211 6187
f 6250 6189 6188
f 6252 6250 6188
f 6190 6252 6188
f 6250 6251 6189
f 6251 6191 6189
f 6267 6252 6190
f 6202 6267 6190
f 6253 6203 6191
f 6251 6253 6191
f 6263 6228 6192
f 6214 6263 6192
f 6229 6215 6193
f 6221 6229 6193
f 6222 6291 6194
f 6291 6244 6194
f 6217 6245 6195
f 6245 6223 6195
f 6216 6226 6196
f 6226 6206 6196
f 6207 6217 6197
f 6346 6224 6198
f 6317 6346 6198
f 6224 6204 6198
f 6225 6318 6199
f 6318 6266 6199
f 7120 6320 6200
f 7185 7121 6201
f 6321 7185 6201
f 6261 6321 6201
f 6280 6267 6202
f 6208 6280 6202
f 6268 6209 6203
f 6253 6268 6203
f 6240 6210 6204
f 6237 6240 6204
f 6224 6237 6204
f 6211 6238 6205
f 6274 6225 6205
f 6238 6274 6205
f 6227 6217 6207
f 6295 6280 6208
f 6220 6295 6208
f 6281 6221 6209
f 6268 6281 6209
f 6248 6218 6210
f 6240 6248 6210
f 6219 6242 6211
f 6242 6238 6211
f 6278 6235 6212
f 6232 6278 6212
f 6236 6233 6213
f 6233 6219 6213
f 6215 6236 6213
f 6297 6263 6214
f 6235 6297 6214
f 6264 6236 6215
f 6229 6264 6215
f 6244 6265 6216
f 6265 6226 6216
f 6227 6245 6217
f 6283 6232 6218
f 6248 6283 6218
f 6233 6249 6219
f 6249 6242 6219
f 6323 6295 6220
f 6228 6323 6220
f 6296 6229 6221
f 6281 6296 6221
f 6260 6336 6222
f 6336 6291 6222
f 6245 6292 6223
f 6292 6261 6223
f 6380 6273 6224
f 6346 6380 6224
f 6273 6237 6224
f 6274 6347 6225
f 6347 6318 6225
f 6266 6245 6227
f 6334 6323 6228
f 6263 6334 6228
f 6324 6264 6229
f 6296 6324 6229
f 6326 6278 6232
f 6283 6326 6232
f 6279 6284 6233
f 6284 6249 6233
f 6236 6279 6233
f 6331 6297 6235
f 6278 6331 6235
f 6298 6279 6236
f 6264 6298 6236
f 6273 6827 6237
f 6827 6800 6237
f 6800 6766 6237
f 6766 6756 6237
f 6609 6574 6237
f 6649 6609 6237
f 6756 6718 6237
f 6718 6674 6237
f 6674 6649 6237
f 6385 6356 6237
f 6574 6548 6237
f 6548 6495 6237
f 6495 6481 6237
f 6481 6449 6237
f 6449 6410 6237
f 6410 6385 6237
f 6356 6326 6237
f 6326 6283 6237
f 6283 6240 6237
f 6801 6274 6238
f 6767 6801 6238
f 6611 6651 6238
f 6651 6675 6238
f 6675 6720 6238
f 6720 6757 6238
f 6757 6767 6238
f 6386 6411 6238
f 6357 6386 6238
f 6497 6549 6238
f 6549 6575 6238
f 6575 6611 6238
f 6242 6284 6238
f 6284 6328 6238
f 6328 6357 6238
f 6411 6450 6238
f 6450 6483 6238
f 6483 6497 6238
f 6283 6248 6240
f 6249 6284 6242
f 6291 6317 6244
f 6317 6265 6244
f 6266 6292 6245
f 6348 6251 6250
f 6350 6348 6250
f 6252 6350 6250
f 6348 6349 6251
f 6349 6253 6251
f 6358 6350 6252
f 6267 6358 6252
f 6351 6268 6253
f 6349 6351 6253
f 6320 6367 6260
f 6367 6336 6260
f 6292 6337 6261
f 6337 6321 6261
f 6352 6334 6263
f 6297 6352 6263
f 6335 6298 6264
f 6324 6335 6264
f 6318 6292 6266
f 6361 6358 6267
f 6280 6361 6267
f 6359 6281 6268
f 6351 6359 6268
f 6380 6937 6273
f 6937 6890 6273
f 6890 6827 6273
f 6828 6891 6274
f 6891 6938 6274
f 6938 6381 6274
f 6801 6828 6274
f 6381 6347 6274
f 6356 6331 6278
f 6326 6356 6278
f 6332 6328 6279
f 6328 6284 6279
f 6298 6332 6279
f 6364 6361 6280
f 6295 6364 6280
f 6362 6296 6281
f 6359 6362 6281
f 6336 6346 6291
f 6346 6317 6291
f 6318 6337 6292
f 6376 6364 6295
f 6323 6376 6295
f 6365 6324 6296
f 6362 6365 6296
f 6370 6352 6297
f 6331 6370 6297
f 6353 6332 6298
f 6335 6353 6298
f 6347 6337 6318
f 7120 7183 6320
f 7183 6367 6320
f 7257 7185 6321
f 6369 7257 6321
f 6337 6369 6321
f 6387 6376 6323
f 6334 6387 6323
f 6377 6335 6324
f 6365 6377 6324
f 6332 6357 6328
f 6385 6370 6331
f 6356 6385 6331
f 6371 6357 6332
f 6353 6371 6332
f 6391 6387 6334
f 6352 6391 6334
f 6388 6353 6335
f 6377 6388 6335
f 6367 6380 6336
f 6380 6346 6336
f 6347 6369 6337
f 6381 6369 6347
f 6401 6349 6348
f 6403 6401 6348
f 6350 6403 6348
f 6401 6402 6349
f 6402 6351 6349
f 6406 6403 6350
f 6358 6406 6350
f 6404 6359 6351
f 6402 6404 6351
f 6395 6391 6352
f 6370 6395 6352
f 6392 6371 6353
f 6388 6392 6353
f 6371 6386 6357
f 6413 6406 6358
f 6361 6413 6358
f 6407 6362 6359
f 6404 6407 6359
f 6416 6413 6361
f 6364 6416 6361
f 6414 6365 6362
f 6407 6414 6362
f 6422 6416 6364
f 6376 6422 6364
f 6417 6377 6365
f 6414 6417 6365
f 7183 7256 6367
f 7256 6380 6367
f 7410 7257 6369
f 6381 7410 6369
f 6410 6395 6370
f 6385 6410 6370
f 6396 6386 6371
f 6392 6396 6371
f 6427 6422 6376
f 6387 6427 6376
f 6423 6388 6377
f 6417 6423 6377
f 7280 7124 6380
f 7124 7036 6380
f 7036 6937 6380
f 7256 7409 6380
f 7409 7477 6380
f 7477 7482 6380
f 7482 7448 6380
f 7448 7280 6380
f 6938 7037 6381
f 7037 7125 6381
f 7125 7281 6381
f 7281 7450 6381
f 7450 7484 6381
f 7484 7478 6381
f 7478 7410 6381
f 6396 6411 6386
f 6431 6427 6387
f 6391 6431 6387
f 6428 6392 6388
f 6423 6428 6388
f 6437 6431 6391
f 6395 6437 6391
f 6432 6396 6392
f 6428 6432 6392
f 6449 6437 6395
f 6410 6449 6395
f 6438 6411 6396
f 6432 6438 6396
f 6463 6402 6401
f 6465 6463 6401
f 6403 6465 6401
f 6463 6464 6402
f 6464 6404 6402
f 6467 6465 6403
f 6406 6467 6403
f 6466 6407 6404
f 6464 6466 6404
f 6469 6467 6406
f 6413 6469 6406
f 6468 6414 6407
f 6466 6468 6407
f 6438 6450 6411
f 6471 6469 6413
f 6416 6471 6413
f 6470 6417 6414
f 6468 6470 6414
f 6473 6471 6416
f 6422 6473 6416
f 6472 6423 6417
f 6470 6472 6417
f 6475 6473 6422
f 6427 6475 6422
f 6474 6428 6423
f 6472 6474 6423
f 6477 6475 6427
f 6431 6477 6427
f 6476 6432 6428
f 6474 6476 6428
f 6479 6477 6431
f 6437 6479 6431
f 6478 6438 6432
f 6476 6478 6432
f 6481 6479 6437
f 6449 6481 6437
f 6480 6450 6438
f 6478 6480 6438
f 6480 6483 6450
f 6529 6464 6463
f 6527 6529 6463
f 6465 6527 6463
f 6529 6530 6464
f 6530 6466 6464
f 6525 6527 6465
f 6467 6525 6465
f 6528 6468 6466
f 6530 6528 6466
f 6523 6525 6467
f 6469 6523 6467
f 6526 6470 6468
f 6528 6526 6468
f 6521 6523 6469
f 6471 6521 6469
f 6524 6472 6470
f 6526 6524 6470
f 6517 6521 6471
f 6473 6517 6471
f 6522 6474 6472
f 6524 6522 6472
f 6504 6517 6473
f 6475 6504 6473
f 6518 6476 6474
f 6522 6518 6474
f 6502 6504 6475
f 6477 6502 6475
f 6505 6478 6476
f 6518 6505 6476
f 6498 6502 6477
f 6479 6498 6477
f 6503 6480 6478
f 6505 6503 6478
f 6495 6498 6479
f 6481 6495 6479
f 6499 6483 6480
f 6503 6499 6480
f 6499 6497 6483
f 6548 6498 6495
f 6552 6549 6497
f 6499 6552 6497
f 6551 6502 6498
f 6548 6551 6498
f 6561 6552 6499
f 6503 6561 6499
f 6560 6504 6502
f 6551 6560 6502
f 6566 6561 6503
f 6505 6566 6503
f 6565 6517 6504
f 6560 6565 6504
f 6568 6566 6505
f 6518 6568 6505
f 6567 6521 6517
f 6565 6567 6517
f 6570 6568 6518
f 6522 6570 6518
f 6569 6523 6521
f 6567 6569 6521
f 6572 6570 6522
f 6524 6572 6522
f 6571 6525 6523
f 6569 6571 6523
f 6577 6572 6524
f 6526 6577 6524
f 6576 6527 6525
f 6571 6576 6525
f 6579 6577 6526
f 6528 6579 6526
f 6578 6529 6527
f 6576 6578 6527
f 6581 6579 6528
f 6530 6581 6528
f 6580 6530 6529
f 6578 6580 6529
f 6580 6581 6530
f 6574 6551 6548
f 6588 6575 6549
f 6552 6588 6549
f 6587 6560 6551
f 6574 6587 6551
f 6602 6588 6552
f 6561 6602 6552
f 6601 6565 6560
f 6587 6601 6560
f 6606 6602 6561
f 6566 6606 6561
f 6605 6567 6565
f 6601 6605 6565
f 6618 6606 6566
f 6568 6618 6566
f 6617 6569 6567
f 6605 6617 6567
f 6630 6618 6568
f 6570 6630 6568
f 6629 6571 6569
f 6617 6629 6569
f 6635 6630 6570
f 6572 6635 6570
f 6634 6576 6571
f 6629 6634 6571
f 6642 6635 6572
f 6577 6642 6572
f 6609 6587 6574
f 6628 6611 6575
f 6588 6628 6575
f 6641 6578 6576
f 6634 6641 6576
f 6646 6642 6577
f 6579 6646 6577
f 6645 6580 6578
f 6641 6645 6578
f 6653 6646 6579
f 6581 6653 6579
f 6652 6581 6580
f 6645 6652 6580
f 6652 6653 6581
f 6627 6601 6587
f 6609 6627 6587
f 6648 6628 6588
f 6602 6648 6588
f 6647 6605 6601
f 6627 6647 6601
f 6661 6648 6602
f 6606 6661 6602
f 6660 6617 6605
f 6647 6660 6605
f 6678 6661 6606
f 6618 6678 6606
f 6649 6627 6609
f 6666 6651 6611
f 6628 6666 6611
f 6677 6629 6617
f 6660 6677 6617
f 6704 6678 6618
f 6630 6704 6618
f 6665 6647 6627
f 6649 6665 6627
f 6706 6666 6628
f 6648 6706 6628
f 6703 6634 6629
f 6677 6703 6629
f 6717 6704 6630
f 6635 6717 6630
f 6716 6641 6634
f 6703 6716 6634
f 6731 6717 6635
f 6642 6731 6635
f 6730 6645 6641
f 6716 6730 6641
f 6740 6731 6642
f 6646 6740 6642
f 6739 6652 6645
f 6730 6739 6645
f 6747 6740 6646
f 6653 6747 6646
f 6705 6660 6647
f 6665 6705 6647
f 6736 6706 6648
f 6661 6736 6648
f 6674 6665 6649
f 6724 6675 6651
f 6666 6724 6651
f 6746 6653 6652
f 6739 6746 6652
f 6746 6747 6653
f 6735 6677 6660
f 6705 6735 6660
f 6769 6736 6661
f 6678 6769 6661
f 6723 6705 6665
f 6674 6723 6665
f 6765 6724 6666
f 6706 6765 6666
f 6718 6723 6674
f 6771 6720 6675
f 6724 6771 6675
f 6768 6703 6677
f 6735 6768 6677
f 6778 6769 6678
f 6704 6778 6678
f 6777 6716 6703
f 6768 6777 6703
f 6795 6778 6704
f 6717 6795 6704
f 6764 6735 6705
f 6723 6764 6705
f 6787 6765 6706
f 6736 6787 6706
f 6794 6730 6716
f 6777 6794 6716
f 6811 6795 6717
f 6731 6811 6717
f 6756 6770 6718
f 6770 6723 6718
f 6784 6757 6720
f 6771 6784 6720
f 6770 6764 6723
f 6797 6771 6724
f 6765 6797 6724
f 6810 6739 6730
f 6794 6810 6730
f 6820 6811 6731
f 6740 6820 6731
f 6786 6768 6735
f 6764 6786 6735
f 6818 6787 6736
f 6769 6818 6736
f 6819 6746 6739
f 6810 6819 6739
f 6824 6820 6740
f 6747 6824 6740
f 6823 6747 6746
f 6819 6823 6746
f 6823 6824 6747
f 6766 6783 6756
f 6783 6770 6756
f 6804 6767 6757
f 6784 6804 6757
f 6796 6786 6764
f 6770 6796 6764
f 6839 6797 6765
f 6787 6839 6765
f 6800 6803 6766
f 6803 6783 6766
f 6856 6801 6767
f 6804 6856 6767
f 6817 6777 6768
f 6786 6817 6768
f 6852 6818 6769
f 6778 6852 6769
f 6783 6796 6770
f 6835 6784 6771
f 6797 6835 6771
f 6851 6794 6777
f 6817 6851 6777
f 6869 6852 6778
f 6795 6869 6778
f 6803 6834 6783
f 6834 6796 6783
f 6850 6804 6784
f 6835 6850 6784
f 6838 6817 6786
f 6796 6838 6786
f 6873 6839 6787
f 6818 6873 6787
f 6868 6810 6794
f 6851 6868 6794
f 6877 6869 6795
f 6811 6877 6795
f 6834 6838 6796
f 6871 6835 6797
f 6839 6871 6797
f 6827 6855 6800
f 6855 6803 6800
f 6875 6828 6801
f 6856 6875 6801
f 6855 6849 6803
f 6849 6834 6803
f 6881 6856 6804
f 6850 6881 6804
f 6876 6819 6810
f 6868 6876 6810
f 6883 6877 6811
f 6820 6883 6811
f 6872 6851 6817
f 6838 6872 6817
f 6887 6873 6818
f 6852 6887 6818
f 6882 6823 6819
f 6876 6882 6819
f 6885 6883 6820
f 6824 6885 6820
f 6884 6824 6823
f 6882 6884 6823
f 6884 6885 6824
f 6890 6874 6827
f 6874 6855 6827
f 6875 6917 6828
f 6917 6891 6828
f 6849 6870 6834
f 6870 6838 6834
f 6879 6850 6835
f 6871 6879 6835
f 6870 6872 6838
f 6889 6871 6839
f 6873 6889 6839
f 6880 6878 6849
f 6855 6880 6849
f 6878 6870 6849
f 6901 6881 6850
f 6879 6901 6850
f 6886 6868 6851
f 6872 6886 6851
f 6895 6887 6852
f 6869 6895 6852
f 6874 6880 6855
f 6893 6875 6856
f 6881 6893 6856
f 6894 6876 6868
f 6886 6894 6868
f 6907 6895 6869
f 6877 6907 6869
f 6878 6888 6870
f 6888 6872 6870
f 6897 6879 6871
f 6889 6897 6871
f 6888 6886 6872
f 6903 6889 6873
f 6887 6903 6873
f 6890 6916 6874
f 6916 6892 6874
f 6892 6880 6874
f 6893 6970 6875
f 6970 6917 6875
f 6906 6882 6876
f 6894 6906 6876
f 6915 6907 6877
f 6883 6915 6877
f 6900 6896 6878
f 6880 6900 6878
f 6896 6888 6878
f 6935 6901 6879
f 6897 6935 6879
f 6892 6900 6880
f 6921 6893 6881
f 6901 6921 6881
f 6914 6884 6882
f 6906 6914 6882
f 6919 6915 6883
f 6885 6919 6883
f 6918 6885 6884
f 6914 6918 6884
f 6918 6919 6885
f 6902 6894 6886
f 6888 6902 6886
f 6931 6903 6887
f 6895 6931 6887
f 6896 6902 6888
f 6923 6897 6889
f 6903 6923 6889
f 6937 6916 6890
f 6917 6996 6891
f 6996 6938 6891
f 6916 6969 6892
f 6969 6920 6892
f 6920 6900 6892
f 6921 7010 6893
f 7010 6970 6893
f 6930 6906 6894
f 6902 6930 6894
f 6946 6931 6895
f 6907 6946 6895
f 6934 6922 6896
f 6900 6934 6896
f 6922 6902 6896
f 6984 6935 6897
f 6923 6984 6897
f 6920 6934 6900
f 6962 6921 6901
f 6935 6962 6901
f 6922 6930 6902
f 6950 6923 6903
f 6931 6950 6903
f 6945 6914 6906
f 6930 6945 6906
f 6956 6946 6907
f 6915 6956 6907
f 6955 6918 6914
f 6945 6955 6914
f 6964 6956 6915
f 6919 6964 6915
f 6937 6995 6916
f 6995 6969 6916
f 6970 7022 6917
f 7022 6996 6917
f 6963 6919 6918
f 6955 6963 6918
f 6963 6964 6919
f 6969 7009 6920
f 7009 6961 6920
f 6961 6934 6920
f 6962 7039 6921
f 7039 7010 6921
f 6983 6949 6922
f 6934 6983 6922
f 6949 6930 6922
f 7006 6984 6923
f 6950 7006 6923
f 6949 6945 6930
f 6982 6950 6931
f 6946 6982 6931
f 6961 6983 6934
f 7002 6962 6935
f 6984 7002 6935
f 7036 6995 6937
f 6996 7055 6938
f 7055 7037 6938
f 6949 6981 6945
f 6981 6955 6945
f 6994 6982 6946
f 6956 6994 6946
f 7005 6981 6949
f 6983 7005 6949
f 7014 7006 6950
f 6982 7014 6950
f 6981 6993 6955
f 6993 6963 6955
f 7000 6994 6956
f 6964 7000 6956
f 7009 7038 6961
f 7038 7001 6961
f 7001 6983 6961
f 7002 7051 6962
f 7051 7039 6962
f 6999 6964 6963
f 6993 6999 6963
f 6999 7000 6964
f 6995 7021 6969
f 7021 7009 6969
f 7010 7045 6970
f 7045 7022 6970
f 7013 6993 6981
f 7005 7013 6981
f 7024 7014 6982
f 6994 7024 6982
f 7001 7005 6983
f 7018 7002 6984
f 7006 7018 6984
f 7023 6999 6993
f 7013 7023 6993
f 7032 7024 6994
f 7000 7032 6994
f 7036 7054 6995
f 7054 7021 6995
f 7022 7084 6996
f 7084 7055 6996
f 7032 7000 6999
f 7031 7032 6999
f 7023 7031 6999
f 7038 7050 7001
f 7050 7017 7001
f 7017 7005 7001
f 7018 7061 7002
f 7061 7051 7002
f 7017 7013 7005
f 7034 7018 7006
f 7014 7034 7006
f 7021 7044 7009
f 7044 7038 7009
f 7039 7065 7010
f 7065 7045 7010
f 7033 7023 7013
f 7017 7033 7013
f 7041 7034 7014
f 7024 7041 7014
f 7050 7060 7017
f 7060 7033 7017
f 7034 7074 7018
f 7074 7061 7018
f 7054 7083 7021
f 7083 7044 7021
f 7045 7105 7022
f 7105 7084 7022
f 7040 7031 7023
f 7033 7040 7023
f 7043 7041 7024
f 7032 7043 7024
f 7043 7032 7031
f 7042 7043 7031
f 7040 7042 7031
f 7060 7073 7033
f 7073 7040 7033
f 7041 7086 7034
f 7086 7074 7034
f 7124 7161 7036
f 7161 7054 7036
f 7162 7125 7037
f 7055 7169 7037
f 7169 7162 7037
f 7044 7064 7038
f 7064 7050 7038
f 7051 7090 7039
f 7090 7065 7039
f 7073 7085 7040
f 7085 7042 7040
f 7043 7088 7041
f 7088 7086 7041
f 7088 7043 7042
f 7087 7088 7042
f 7085 7087 7042
f 7083 7104 7044
f 7104 7064 7044
f 7065 7140 7045
f 7140 7105 7045
f 7064 7089 7050
f 7089 7060 7050
f 7061 7094 7051
f 7094 7090 7051
f 7161 7168 7054
f 7168 7205 7054
f 7205 7083 7054
f 7206 7169 7055
f 7084 7211 7055
f 7211 7206 7055
f 7107 7071 7058
f 7072 7110 7059
f 7089 7093 7060
f 7093 7073 7060
f 7074 7115 7061
f 7115 7094 7061
f 7104 7139 7064
f 7139 7089 7064
f 7090 7189 7065
f 7189 7140 7065
f 7107 7143 7071
f 7143 7091 7071
f 7134 7110 7072
f 7092 7154 7072
f 7154 7144 7072
f 7144 7134 7072
f 7093 7114 7073
f 7114 7085 7073
f 7086 7128 7074
f 7128 7115 7074
f 7205 7210 7083
f 7210 7237 7083
f 7237 7104 7083
f 7238 7211 7084
f 7105 7251 7084
f 7251 7238 7084
f 7114 7127 7085
f 7127 7087 7085
f 7131 7128 7086
f 7088 7131 7086
f 7131 7088 7087
f 7130 7131 7087
f 7127 7130 7087
f 7139 7188 7089
f 7188 7093 7089
f 7094 7204 7090
f 7204 7189 7090
f 7117 7109 7091
f 7193 7117 7091
f 7143 7153 7091
f 7153 7193 7091
f 7095 7154 7092
f 7188 7203 7093
f 7203 7114 7093
f 7115 7218 7094
f 7218 7204 7094
f 7190 7154 7095
f 7118 7202 7095
f 7202 7194 7095
f 7194 7190 7095
f 7109 7224 7096
f 7224 7106 7096
f 7197 7137 7097
f 7108 7197 7097
f 7237 7250 7104
f 7250 7275 7104
f 7275 7139 7104
f 7276 7251 7105
f 7140 7299 7105
f 7299 7276 7105
f 7224 7111 7106
f 7112 7201 7108
f 7201 7197 7108
f 7117 7224 7109
f 7234 7113 7111
f 7224 7225 7111
f 7225 7234 7111
f 7116 7201 7112
f 7235 7122 7113
f 7234 7235 7113
f 7203 7217 7114
f 7217 7127 7114
f 7128 7228 7115
f 7228 7218 7115
f 7123 7208 7116
f 7208 7201 7116
f 7164 7224 7117
f 7193 7200 7117
f 7200 7220 7117
f 7220 7164 7117
f 7137 7160 7118
f 7160 7219 7118
f 7219 7202 7118
f 7246 7126 7122
f 7235 7246 7122
f 7132 7208 7123
f 7280 7161 7124
f 7350 7281 7125
f 7162 7350 7125
f 7246 7129 7126
f 7217 7227 7127
f 7191 7130 7127
f 7227 7191 7127
f 7192 7228 7128
f 7131 7192 7128
f 7246 7133 7129
f 7192 7131 7130
f 7191 7192 7130
f 7135 7214 7132
f 7214 7208 7132
f 7246 7248 7133
f 7255 7136 7133
f 7249 7255 7133
f 7248 7249 7133
f 7138 7214 7135
f 7262 7142 7136
f 7255 7262 7136
f 7197 7160 7137
f 7223 7214 7138
f 7141 7223 7138
f 7275 7298 7139
f 7298 7335 7139
f 7335 7188 7139
f 7336 7299 7140
f 7189 7353 7140
f 7353 7336 7140
f 7147 7223 7141
f 7266 7148 7142
f 7262 7266 7142
f 7226 7223 7147
f 7152 7226 7147
f 7269 7151 7148
f 7266 7269 7148
f 7272 7155 7151
f 7269 7272 7151
f 7157 7226 7152
f 7277 7156 7155
f 7272 7277 7155
f 7285 7163 7156
f 7277 7285 7156
f 7158 7233 7157
f 7233 7226 7157
f 7159 7233 7158
f 7166 7239 7159
f 7239 7233 7159
f 7197 7207 7160
f 7207 7282 7160
f 7282 7261 7160
f 7261 7241 7160
f 7241 7219 7160
f 7349 7168 7161
f 7280 7349 7161
f 7169 7350 7162
f 7290 7165 7163
f 7285 7290 7163
f 7209 7224 7164
f 7220 7240 7164
f 7240 7260 7164
f 7260 7209 7164
f 7291 7167 7165
f 7290 7291 7165
f 7172 7239 7166
f 7291 7173 7167
f 7395 7205 7168
f 7349 7395 7168
f 7396 7350 7169
f 7206 7396 7169
f 7243 7239 7172
f 7175 7243 7172
f 7294 7174 7173
f 7291 7294 7173
f 7297 7177 7174
f 7294 7297 7174
f 7244 7243 7175
f 7176 7244 7175
f 7179 7244 7176
f 7296 7178 7177
f 7300 7296 7177
f 7297 7300 7177
f 7292 7181 7178
f 7296 7292 7178
f 7180 7244 7179
f 7245 7244 7180
f 7186 7245 7180
f 7292 7182 7181
f 7289 7187 7182
f 7292 7289 7182
f 7187 7245 7186
f 7287 7245 7187
f 7289 7287 7187
f 7335 7352 7188
f 7352 7366 7188
f 7366 7203 7188
f 7367 7353 7189
f 7204 7379 7189
f 7379 7367 7189
f 7232 7192 7191
f 7231 7232 7191
f 7227 7231 7191
f 7232 7228 7192
f 7325 7207 7197
f 7201 7325 7197
f 7323 7325 7201
f 7208 7323 7201
f 7366 7378 7203
f 7378 7387 7203
f 7387 7217 7203
f 7388 7379 7204
f 7218 7413 7204
f 7413 7388 7204
f 7395 7210 7205
f 7211 7396 7206
f 7325 7236 7207
f 7236 7340 7207
f 7340 7324 7207
f 7324 7302 7207
f 7302 7282 7207
f 7322 7323 7208
f 7214 7322 7208
f 7242 7224 7209
f 7260 7278 7209
f 7278 7242 7209
f 7461 7237 7210
f 7395 7461 7210
f 7462 7396 7211
f 7238 7462 7211
f 7223 7318 7214
f 7318 7319 7214
f 7319 7320 7214
f 7320 7322 7214
f 7387 7412 7217
f 7412 7436 7217
f 7436 7227 7217
f 7437 7413 7218
f 7228 7445 7218
f 7445 7437 7218
f 7316 7317 7223
f 7317 7318 7223
f 7226 7316 7223
f 7314 7316 7226
f 7313 7314 7226
f 7233 7313 7226
f 7436 7444 7227
f 7444 7446 7227
f 7446 7231 7227
f 7232 7454 7228
f 7454 7447 7228
f 7447 7445 7228
f 7454 7232 7231
f 7453 7454 7231
f 7446 7453 7231
f 7309 7311 7233
f 7239 7309 7233
f 7311 7313 7233
f 7325 7268 7236
f 7268 7369 7236
f 7369 7359 7236
f 7359 7343 7236
f 7343 7340 7236
f 7461 7250 7237
f 7251 7462 7238
f 7243 7309 7239
f 7278 7305 7242
f 7305 7321 7242
f 7321 7247 7242
f 7293 7295 7243
f 7244 7293 7243
f 7301 7309 7243
f 7295 7301 7243
f 7288 7293 7244
f 7286 7288 7244
f 7245 7286 7244
f 7287 7286 7245
f 7321 7338 7247
f 7338 7254 7247
f 7485 7275 7250
f 7461 7485 7250
f 7486 7462 7251
f 7276 7486 7251
f 7338 7263 7254
f 7270 7409 7256
f 7410 7271 7257
f 7338 7267 7263
f 7338 7283 7267
f 7325 7315 7268
f 7315 7391 7268
f 7391 7382 7268
f 7382 7369 7268
f 7328 7468 7270
f 7468 7409 7270
f 7410 7469 7271
f 7469 7329 7271
f 7485 7298 7275
f 7299 7486 7276
f 7448 7349 7280
f 7350 7475 7281
f 7475 7450 7281
f 7358 7284 7283
f 7346 7358 7283
f 7338 7346 7283
f 7358 7368 7284
f 7368 7306 7284
f 7501 7335 7298
f 7485 7501 7298
f 7502 7486 7299
f 7336 7502 7299
f 7368 7326 7306
f 7312 7313 7311
f 7363 7313 7312
f 7363 7314 7313
f 7363 7316 7314
f 7325 7339 7315
f 7339 7407 7315
f 7407 7405 7315
f 7405 7400 7315
f 7400 7398 7315
f 7398 7394 7315
f 7394 7391 7315
f 7363 7317 7316
f 7363 7318 7317
f 7363 7319 7318
f 7363 7320 7319
f 7363 7322 7320
f 7363 7323 7322
f 7363 7325 7323
f 7363 7348 7325
f 7348 7339 7325
f 7368 7327 7326
f 7368 7372 7327
f 7372 7377 7327
f 7377 7330 7327
f 7341 7468 7328
f 7469 7342 7329
f 7377 7392 7330
f 7392 7337 7330
f 7501 7352 7335
f 7353 7502 7336
f 7392 7347 7337
f 7430 7428 7339
f 7432 7430 7339
f 7348 7432 7339
f 7428 7426 7339
f 7426 7424 7339
f 7424 7422 7339
f 7422 7420 7339
f 7420 7419 7339
f 7419 7417 7339
f 7417 7414 7339
f 7414 7407 7339
f 7373 7494 7341
f 7494 7468 7341
f 7495 7351 7342
f 7469 7495 7342
f 7392 7399 7347
f 7399 7406 7347
f 7406 7354 7347
f 7363 7434 7348
f 7434 7432 7348
f 7474 7395 7349
f 7448 7474 7349
f 7396 7500 7350
f 7500 7475 7350
f 7495 7374 7351
f 7515 7366 7352
f 7501 7515 7352
f 7516 7502 7353
f 7367 7516 7353
f 7418 7421 7354
f 7421 7423 7354
f 7423 7425 7354
f 7406 7411 7354
f 7411 7418 7354
f 7425 7427 7354
f 7427 7429 7354
f 7429 7355 7354
f 7429 7360 7355
f 7429 7361 7360
f 7429 7362 7361
f 7429 7363 7362
f 7435 7434 7363
f 7433 7435 7363
f 7429 7431 7363
f 7431 7433 7363
f 7515 7378 7366
f 7379 7516 7367
f 7380 7511 7373
f 7511 7494 7373
f 7495 7381 7374
f 7529 7387 7378
f 7515 7529 7378
f 7530 7516 7379
f 7388 7530 7379
f 7393 7511 7380
f 7495 7512 7381
f 7512 7397 7381
f 7529 7412 7387
f 7413 7530 7388
f 7442 7511 7393
f 7499 7461 7395
f 7474 7499 7395
f 7462 7520 7396
f 7520 7500 7396
f 7512 7443 7397
f 7468 7504 7409
f 7504 7477 7409
f 7478 7469 7410
f 7541 7436 7412
f 7529 7541 7412
f 7542 7530 7413
f 7437 7542 7413
f 7419 7420 7415
f 7420 7422 7415
f 7422 7424 7415
f 7424 7426 7415
f 7426 7428 7415
f 7428 7430 7415
f 7430 7432 7415
f 7432 7434 7415
f 7434 7416 7415
f 7416 7455 7415
f 7434 7435 7416
f 7435 7433 7416
f 7433 7431 7416
f 7431 7429 7416
f 7429 7427 7416
f 7427 7425 7416
f 7425 7423 7416
f 7423 7421 7416
f 7456 7455 7416
f 7541 7444 7436
f 7445 7542 7437
f 7539 7511 7442
f 7458 7539 7442
f 7512 7457 7443
f 7545 7446 7444
f 7541 7545 7444
f 7546 7542 7445
f 7447 7546 7445
f 7545 7453 7446
f 7548 7546 7447
f 7454 7548 7447
f 7482 7474 7448
f 7475 7508 7450
f 7508 7484 7450
f 7548 7454 7453
f 7547 7548 7453
f 7545 7547 7453
f 7456 7466 7455
f 7467 7466 7456
f 7540 7460 7457
f 7512 7540 7457
f 7459 7539 7458
f 7470 7539 7459
f 7540 7463 7460
f 7519 7485 7461
f 7499 7519 7461
f 7486 7544 7462
f 7544 7520 7462
f 7540 7471 7463
f 7467 7490 7466
f 7491 7490 7467
f 7494 7525 7468
f 7525 7504 7468
f 7478 7505 7469
f 7505 7495 7469
f 7480 7539 7470
f 7540 7479 7471
f 7507 7499 7474
f 7482 7507 7474
f 7500 7528 7475
f 7528 7508 7475
f 7504 7507 7477
f 7507 7482 7477
f 7484 7505 7478
f 7540 7554 7479
f 7554 7489 7479
f 7553 7539 7480
f 7481 7553 7480
f 7492 7553 7481
f 7508 7505 7484
f 7543 7501 7485
f 7519 7543 7485
f 7502 7558 7486
f 7558 7544 7486
f 7554 7493 7489
f 7491 7537 7490
f 7538 7537 7491
f 7496 7553 7492
f 7554 7498 7493
f 7511 7549 7494
f 7549 7525 7494
f 7505 7526 7495
f 7526 7512 7495
f 7497 7559 7496
f 7559 7553 7496
f 7506 7559 7497
f 7554 7560 7498
f 7560 7503 7498
f 7527 7519 7499
f 7507 7527 7499
f 7520 7552 7500
f 7552 7528 7500
f 7557 7515 7501
f 7543 7557 7501
f 7516 7566 7502
f 7566 7558 7502
f 7560 7510 7503
f 7525 7527 7504
f 7527 7507 7504
f 7508 7526 7505
f 7509 7559 7506
f 7528 7526 7508
f 7567 7559 7509
f 7513 7567 7509
f 7568 7514 7510
f 7560 7568 7510
f 7539 7561 7511
f 7561 7549 7511
f 7526 7550 7512
f 7550 7540 7512
f 7517 7567 7513
f 7568 7518 7514
f 7565 7529 7515
f 7557 7565 7515
f 7530 7572 7516
f 7572 7566 7516
f 7521 7567 7517
f 7568 7523 7518
f 7551 7543 7519
f 7527 7551 7519
f 7544 7564 7520
f 7564 7552 7520
f 7522 7573 7521
f 7573 7567 7521
f 7531 7573 7522
f 7568 7574 7523
f 7574 7524 7523
f 7574 7533 7524
f 7549 7551 7525
f 7551 7527 7525
f 7528 7550 7526
f 7552 7550 7528
f 7571 7541 7529
f 7565 7571 7529
f 7542 7582 7530
f 7582 7572 7530
f 7532 7577 7531
f 7577 7573 7531
f 7535 7577 7532
f 7574 7578 7533
f 7578 7534 7533
f 7578 7580 7534
f 7580 7538 7534
f 7536 7577 7535
f 7537 7579 7536
f 7579 7577 7536
f 7538 7579 7537
f 7580 7579 7538
f 7553 7569 7539
f 7569 7561 7539
f 7550 7562 7540
f 7562 7554 7540
f 7581 7545 7541
f 7571 7581 7541
f 7546 7586 7542
f 7586 7582 7542
f 7563 7557 7543
f 7551 7563 7543
f 7558 7576 7544
f 7576 7564 7544
f 7555 7547 7545
f 7585 7555 7545
f 7581 7585 7545
f 7548 7556 7546
f 7556 7586 7546
f 7556 7548 7547
f 7555 7556 7547
f 7561 7563 7549
f 7563 7551 7549
f 7552 7562 7550
f 7564 7562 7552
f 7559 7583 7553
f 7583 7569 7553
f 7562 7570 7554
f 7570 7560 7554
f 7590 7556 7555
f 7589 7590 7555
f 7585 7589 7555
f 7590 7586 7556
f 7575 7565 7557
f 7563 7575 7557
f 7566 7588 7558
f 7588 7576 7558
f 7567 7593 7559
f 7593 7583 7559
f 7570 7584 7560
f 7584 7568 7560
f 7569 7575 7561
f 7575 7563 7561
f 7564 7570 7562
f 7576 7570 7564
f 7587 7571 7565
f 7575 7587 7565
f 7572 7596 7566
f 7596 7588 7566
f 7573 7599 7567
f 7599 7593 7567
f 7584 7594 7568
f 7594 7574 7568
f 7583 7587 7569
f 7587 7575 7569
f 7576 7584 7570
f 7595 7581 7571
f 7587 7595 7571
f 7582 7602 7572
f 7602 7596 7572
f 7577 7603 7573
f 7603 7599 7573
f 7594 7600 7574
f 7600 7578 7574
f 7588 7584 7576
f 7579 7591 7577
f 7591 7603 7577
f 7592 7580 7578
f 7600 7604 7578
f 7604 7592 7578
f 7580 7591 7579
f 7592 7591 7580
f 7601 7585 7581
f 7595 7601 7581
f 7586 7608 7582
f 7608 7602 7582
f 7593 7595 7583
f 7595 7587 7583
f 7588 7594 7584
f 7597 7589 7585
f 7607 7597 7585
f 7601 7607 7585
f 7590 7598 7586
f 7598 7608 7586
f 7596 7594 7588
f 7598 7590 7589
f 7597 7598 7589
f 7592 7605 7591
f 7605 7603 7591
f 7606 7605 7592
f 7604 7606 7592
f 7599 7601 7593
f 7601 7595 7593
f 7596 7600 7594
f 7602 7600 7596
f 7610 7598 7597
f 7609 7610 7597
f 7607 7609 7597
f 7610 7608 7598
f 7603 7607 7599
f 7607 7601 7599
f 7602 7604 7600
f 7608 7604 7602
f 7605 7611 7603
f 7611 7607 7603
f 7612 7606 7604
f 7608 7612 7604
f 7606 7611 7605
f 7612 7611 7606
f 7611 7609 7607
f 7610 7612 7608
f 7612 7610 7609
f 7611 7612 7609
usemtl face_001
f 138 179 136
f 148 147 137
f 147 142 137
f 142 138 137
f 142 179 138
f 143 149 139
f 140 143 139
f 141 143 140
f 180 143 141
f 147 179 142
f 180 146 143
f 146 149 143
f 180 150 146
f 150 149 146
f 160 179 147
f 148 160 147
f 157 160 148
f 150 159 149
f 159 158 149
f 180 159 150
f 192 176 157
f 176 160 157
f 169 192 157
f 159 170 158
f 180 175 159
f 175 170 159
f 176 179 160
f 189 192 169
f 175 191 170
f 191 190 170
f 180 191 175
f 239 179 176
f 192 239 176
f 240 191 180
f 211 192 189
f 194 211 189
f 191 195 190
f 240 212 191
f 212 195 191
f 211 239 192
f 209 211 194
f 212 210 195
f 213 211 209
f 219 213 209
f 218 220 210
f 212 218 210
f 213 239 211
f 240 218 212
f 238 239 213
f 219 238 213
f 240 237 218
f 237 220 218
f 235 238 219
f 237 236 220
f 224 459 223
f 459 226 223
f 460 459 224
f 462 460 224
f 227 462 224
f 459 461 226
f 461 241 226
f 464 462 227
f 242 464 227
f 272 238 235
f 251 272 235
f 237 252 236
f 258 271 237
f 240 258 237
f 271 252 237
f 257 239 238
f 272 257 238
f 461 463 241
f 463 249 241
f 468 464 242
f 250 468 242
f 463 467 249
f 467 277 249
f 476 468 250
f 278 476 250
f 269 272 251
f 271 270 252
f 272 307 257
f 308 271 258
f 294 272 269
f 282 294 269
f 271 283 270
f 308 297 271
f 297 283 271
f 294 307 272
f 467 475 277
f 475 287 277
f 478 476 278
f 288 478 278
f 292 294 282
f 297 293 283
f 475 477 287
f 477 302 287
f 483 478 288
f 303 483 288
f 319 294 292
f 309 319 292
f 297 310 293
f 319 307 294
f 308 320 297
f 320 310 297
f 477 482 302
f 482 327 302
f 487 483 303
f 328 487 303
f 319 329 307
f 330 320 308
f 317 319 309
f 320 318 310
f 335 343 317
f 343 325 317
f 325 319 317
f 344 336 318
f 326 344 318
f 320 326 318
f 325 329 319
f 330 326 320
f 367 329 325
f 343 367 325
f 368 344 326
f 330 368 326
f 482 486 327
f 486 349 327
f 493 487 328
f 350 493 328
f 353 354 335
f 354 343 335
f 356 355 336
f 344 356 336
f 354 367 343
f 368 356 344
f 486 492 349
f 492 353 349
f 512 493 350
f 355 512 350
f 470 428 353
f 428 394 353
f 394 366 353
f 366 354 353
f 491 470 353
f 511 491 353
f 492 511 353
f 366 367 354
f 365 395 355
f 356 365 355
f 471 512 355
f 429 471 355
f 395 429 355
f 368 365 356
f 368 384 365
f 384 396 365
f 396 395 365
f 394 393 366
f 393 383 366
f 383 367 366
f 394 413 393
f 428 413 394
f 396 414 395
f 414 429 395
f 428 427 413
f 430 429 414
f 428 451 427
f 470 451 428
f 430 471 429
f 452 471 430
f 470 469 451
f 472 471 452
f 460 561 459
f 561 461 459
f 562 561 460
f 564 562 460
f 462 564 460
f 561 563 461
f 563 463 461
f 567 564 462
f 464 567 462
f 563 566 463
f 566 467 463
f 573 567 464
f 468 573 464
f 566 572 467
f 572 475 467
f 577 573 468
f 476 577 468
f 470 505 469
f 491 505 470
f 500 512 471
f 472 500 471
f 506 500 472
f 572 576 475
f 576 477 475
f 581 577 476
f 478 581 476
f 576 580 477
f 580 482 477
f 589 581 478
f 483 589 478
f 580 588 482
f 588 486 482
f 601 589 483
f 487 601 483
f 588 600 486
f 600 492 486
f 607 601 487
f 493 607 487
f 1559 1510 491
f 1510 597 491
f 597 518 491
f 511 1559 491
f 517 505 491
f 518 517 491
f 600 606 492
f 606 511 492
f 617 607 493
f 512 617 493
f 1511 1556 500
f 598 1511 500
f 519 598 500
f 1556 617 500
f 617 512 500
f 506 519 500
f 520 519 506
f 616 1559 511
f 606 616 511
f 553 545 517
f 518 553 517
f 597 553 518
f 554 598 519
f 520 546 519
f 546 554 519
f 553 597 545
f 597 596 545
f 599 554 546
f 599 598 554
f 562 636 561
f 636 563 561
f 637 636 562
f 639 637 562
f 564 639 562
f 636 638 563
f 638 566 563
f 643 639 564
f 567 643 564
f 638 642 566
f 642 572 566
f 647 643 567
f 573 647 567
f 642 646 572
f 646 576 572
f 649 647 573
f 577 649 573
f 646 648 576
f 648 580 576
f 659 649 577
f 581 659 577
f 648 658 580
f 658 588 580
f 661 659 581
f 589 661 581
f 658 660 588
f 660 600 588
f 669 661 589
f 601 669 589
f 660 668 600
f 668 606 600
f 675 669 601
f 607 675 601
f 668 674 606
f 674 616 606
f 681 675 607
f 617 681 607
f 680 1559 616
f 674 680 616
f 1556 681 617
f 637 690 636
f 690 638 636
f 691 690 637
f 693 691 637
f 639 693 637
f 690 692 638
f 692 642 638
f 695 693 639
f 643 695 639
f 692 694 642
f 694 646 642
f 697 695 643
f 647 697 643
f 694 696 646
f 696 648 646
f 701 697 647
f 649 701 647
f 696 700 648
f 700 658 648
f 713 701 649
f 659 713 649
f 700 712 658
f 712 660 658
f 750 713 659
f 661 750 659
f 712 749 660
f 749 668 660
f 780 750 661
f 669 780 661
f 749 779 668
f 779 674 668
f 811 780 669
f 675 811 669
f 779 810 674
f 810 680 674
f 829 811 675
f 681 829 675
f 828 1559 680
f 810 828 680
f 1748 829 681
f 1556 1748 681
f 691 707 690
f 707 692 690
f 711 707 691
f 721 711 691
f 693 721 691
f 707 718 692
f 718 694 692
f 731 721 693
f 695 731 693
f 718 727 694
f 727 696 694
f 746 731 695
f 697 746 695
f 727 743 696
f 743 700 696
f 772 746 697
f 701 772 697
f 743 768 700
f 768 712 700
f 791 772 701
f 713 791 701
f 738 737 706
f 708 738 706
f 709 708 706
f 707 709 706
f 737 717 706
f 717 707 706
f 710 709 707
f 711 710 707
f 717 718 707
f 719 740 708
f 740 738 708
f 714 719 708
f 709 714 708
f 710 715 709
f 715 714 709
f 722 715 710
f 720 722 710
f 721 720 710
f 711 721 710
f 768 787 712
f 787 749 712
f 817 791 713
f 750 817 713
f 716 719 714
f 715 716 714
f 724 723 715
f 723 716 715
f 725 724 715
f 722 725 715
f 723 719 716
f 739 726 717
f 737 739 717
f 726 718 717
f 726 727 718
f 728 756 719
f 756 740 719
f 723 728 719
f 732 722 720
f 730 732 720
f 731 730 720
f 721 731 720
f 735 725 722
f 732 735 722
f 729 728 723
f 724 729 723
f 734 733 724
f 733 729 724
f 725 736 724
f 736 734 724
f 735 747 725
f 747 736 725
f 755 742 726
f 739 755 726
f 742 727 726
f 742 743 727
f 744 766 728
f 766 756 728
f 729 744 728
f 733 744 729
f 748 732 730
f 745 748 730
f 746 745 730
f 731 746 730
f 758 735 732
f 748 758 732
f 741 744 733
f 734 741 733
f 752 751 734
f 751 741 734
f 757 752 734
f 736 757 734
f 758 760 735
f 760 747 735
f 759 757 736
f 747 759 736
f 797 796 737
f 738 797 737
f 796 739 737
f 740 800 738
f 800 797 738
f 799 755 739
f 796 799 739
f 756 807 740
f 807 800 740
f 751 744 741
f 765 767 742
f 755 765 742
f 767 743 742
f 767 768 743
f 769 782 744
f 782 766 744
f 751 769 744
f 773 748 745
f 771 773 745
f 772 771 745
f 746 772 745
f 775 759 747
f 760 775 747
f 774 758 748
f 773 774 748
f 787 813 749
f 813 779 749
f 837 817 750
f 780 837 750
f 752 770 751
f 770 769 751
f 815 789 752
f 789 770 752
f 860 855 752
f 855 835 752
f 835 815 752
f 757 862 752
f 862 860 752
f 806 765 755
f 799 806 755
f 766 821 756
f 821 807 756
f 759 866 757
f 866 862 757
f 774 776 758
f 776 760 758
f 775 876 759
f 876 866 759
f 783 775 760
f 776 783 760
f 820 781 765
f 806 820 765
f 781 767 765
f 782 827 766
f 827 821 766
f 781 786 767
f 786 768 767
f 786 787 768
f 788 803 769
f 803 782 769
f 789 788 769
f 770 789 769
f 792 773 771
f 790 792 771
f 791 790 771
f 772 791 771
f 793 774 773
f 792 793 773
f 793 798 774
f 798 776 774
f 783 886 775
f 886 876 775
f 801 783 776
f 798 801 776
f 813 833 779
f 833 810 779
f 857 837 780
f 811 857 780
f 826 802 781
f 820 826 781
f 802 786 781
f 803 845 782
f 845 827 782
f 801 895 783
f 895 886 783
f 802 812 786
f 812 787 786
f 812 813 787
f 814 825 788
f 825 803 788
f 789 815 788
f 815 814 788
f 818 792 790
f 816 818 790
f 817 816 790
f 791 817 790
f 819 793 792
f 818 819 792
f 819 822 793
f 822 798 793
f 868 867 796
f 797 868 796
f 869 799 796
f 867 869 796
f 800 871 797
f 871 868 797
f 823 801 798
f 822 823 798
f 877 806 799
f 870 877 799
f 869 870 799
f 807 878 800
f 878 871 800
f 823 902 801
f 902 895 801
f 844 824 802
f 826 844 802
f 824 812 802
f 825 865 803
f 865 845 803
f 879 820 806
f 877 879 806
f 821 887 807
f 887 878 807
f 833 853 810
f 853 828 810
f 885 857 811
f 829 885 811
f 824 832 812
f 832 813 812
f 832 833 813
f 834 847 814
f 847 825 814
f 815 835 814
f 835 834 814
f 838 818 816
f 836 838 816
f 837 836 816
f 817 837 816
f 839 819 818
f 838 839 818
f 839 842 819
f 842 822 819
f 892 826 820
f 879 892 820
f 827 896 821
f 896 887 821
f 843 823 822
f 842 843 822
f 843 907 823
f 907 902 823
f 864 846 824
f 844 864 824
f 846 832 824
f 847 891 825
f 891 865 825
f 897 844 826
f 892 897 826
f 845 903 827
f 903 896 827
f 881 1559 828
f 853 881 828
f 1956 885 829
f 1748 1956 829
f 846 852 832
f 852 833 832
f 852 853 833
f 854 873 834
f 873 847 834
f 835 855 834
f 855 854 834
f 856 858 836
f 858 838 836
f 857 856 836
f 837 857 836
f 859 839 838
f 858 859 838
f 859 861 839
f 861 842 839
f 863 843 842
f 861 863 842
f 863 916 843
f 916 907 843
f 911 864 844
f 906 911 844
f 897 906 844
f 865 908 845
f 908 903 845
f 890 872 846
f 864 890 846
f 872 852 846
f 873 901 847
f 901 891 847
f 872 880 852
f 880 853 852
f 880 881 853
f 882 894 854
f 894 873 854
f 855 883 854
f 883 882 854
f 860 883 855
f 884 858 856
f 885 884 856
f 857 885 856
f 884 859 858
f 884 861 859
f 931 883 860
f 932 931 860
f 862 933 860
f 933 932 860
f 884 863 861
f 866 934 862
f 934 933 862
f 884 927 863
f 927 916 863
f 924 890 864
f 911 924 864
f 891 919 865
f 919 908 865
f 876 939 866
f 939 934 866
f 868 1022 867
f 1022 869 867
f 1023 1022 868
f 871 1025 868
f 1025 1023 868
f 1024 870 869
f 1022 1024 869
f 1026 877 870
f 1024 1026 870
f 878 1027 871
f 1027 1025 871
f 900 893 872
f 890 900 872
f 893 880 872
f 894 910 873
f 910 901 873
f 886 944 876
f 944 939 876
f 1026 879 877
f 887 1029 878
f 1029 1027 878
f 1028 892 879
f 1026 1028 879
f 2242 881 880
f 893 2242 880
f 2242 1559 881
f 883 931 882
f 2282 894 882
f 931 2282 882
f 2167 2241 884
f 885 2167 884
f 2241 2279 884
f 2279 1270 884
f 1270 927 884
f 1956 2167 885
f 895 945 886
f 945 944 886
f 896 1033 887
f 1033 1029 887
f 928 900 890
f 924 928 890
f 901 929 891
f 929 919 891
f 1030 897 892
f 1028 1030 892
f 909 2242 893
f 900 909 893
f 2282 910 894
f 902 946 895
f 946 945 895
f 903 1039 896
f 1039 1033 896
f 1038 906 897
f 1030 1038 897
f 930 909 900
f 928 930 900
f 910 943 901
f 943 929 901
f 907 949 902
f 949 946 902
f 908 1047 903
f 1047 1039 903
f 1044 911 906
f 1038 1044 906
f 916 954 907
f 954 949 907
f 919 1053 908
f 1053 1047 908
f 942 2242 909
f 930 942 909
f 2282 943 910
f 1050 924 911
f 1044 1050 911
f 927 957 916
f 957 954 916
f 929 1057 919
f 1057 1053 919
f 1056 928 924
f 1050 1056 924
f 1270 957 927
f 1058 930 928
f 1056 1058 928
f 943 1075 929
f 1075 1057 929
f 1058 942 930
f 932 965 931
f 965 964 931
f 2368 2282 931
f 964 2368 931
f 933 966 932
f 966 965 932
f 934 967 933
f 967 966 933
f 939 970 934
f 970 967 934
f 944 971 939
f 971 970 939
f 1074 2242 942
f 1058 1074 942
f 2261 1075 943
f 2282 2261 943
f 945 978 944
f 978 971 944
f 946 981 945
f 981 978 945
f 949 982 946
f 982 981 946
f 954 987 949
f 987 982 949
f 957 990 954
f 990 987 954
f 1270 990 957
f 965 1006 964
f 1006 1005 964
f 1005 2368 964
f 966 1007 965
f 1007 1006 965
f 967 1008 966
f 1008 1007 966
f 970 1009 967
f 1009 1008 967
f 971 1010 970
f 1010 1009 970
f 978 1011 971
f 1011 1010 971
f 981 1014 978
f 1014 1011 978
f 982 1015 981
f 1015 1014 981
f 987 1018 982
f 1018 1015 982
f 990 1021 987
f 1021 1018 987
f 1270 1021 990
f 1006 1060 1005
f 1060 1059 1005
f 1059 2368 1005
f 1007 1061 1006
f 1061 1060 1006
f 1008 1062 1007
f 1062 1061 1007
f 1009 1063 1008
f 1063 1062 1008
f 1010 1066 1009
f 1066 1063 1009
f 1011 1067 1010
f 1067 1066 1010
f 1014 1070 1011
f 1070 1067 1011
f 1015 1071 1014
f 1071 1070 1014
f 1018 1076 1015
f 1076 1071 1015
f 1021 1077 1018
f 1077 1076 1018
f 1270 1077 1021
f 1023 1090 1022
f 1090 1024 1022
f 1091 1090 1023
f 1025 1091 1023
f 1090 1154 1024
f 1154 1026 1024
f 1027 1159 1025
f 1159 1155 1025
f 1155 1091 1025
f 1154 1158 1026
f 1158 1028 1026
f 1029 1163 1027
f 1163 1159 1027
f 1158 1160 1028
f 1160 1030 1028
f 1033 1167 1029
f 1167 1163 1029
f 1160 1164 1030
f 1164 1038 1030
f 1039 1173 1033
f 1173 1167 1033
f 1164 1169 1038
f 1169 1044 1038
f 1047 1179 1039
f 1179 1173 1039
f 1169 1177 1044
f 1177 1050 1044
f 1053 1185 1047
f 1185 1179 1047
f 1177 1181 1050
f 1181 1056 1050
f 1057 1190 1053
f 1190 1185 1053
f 1181 1189 1056
f 1189 1058 1056
f 1075 1193 1057
f 1193 1190 1057
f 1189 1191 1058
f 1191 1074 1058
f 1060 1110 1059
f 1110 1109 1059
f 1109 2368 1059
f 1061 1108 1060
f 1108 1110 1060
f 1062 1107 1061
f 1107 1108 1061
f 1063 1106 1062
f 1106 1107 1062
f 1066 1105 1063
f 1105 1106 1063
f 1067 1104 1066
f 1104 1105 1066
f 1070 1103 1067
f 1103 1104 1067
f 1071 1102 1070
f 1102 1103 1070
f 1076 1101 1071
f 1101 1102 1071
f 1192 2242 1074
f 1191 1192 1074
f 2248 1193 1075
f 2261 2248 1075
f 1077 1098 1076
f 1098 1101 1076
f 1270 1098 1077
f 1091 1152 1090
f 1152 1154 1090
f 1153 1152 1091
f 1155 1153 1091
f 1270 1127 1098
f 1127 1101 1098
f 1127 1128 1101
f 1128 1102 1101
f 1128 1129 1102
f 1129 1103 1102
f 1129 1130 1103
f 1130 1104 1103
f 1130 1131 1104
f 1131 1105 1104
f 1131 1132 1105
f 1132 1106 1105
f 1132 1133 1106
f 1133 1107 1106
f 1133 1136 1107
f 1136 1108 1107
f 1136 1137 1108
f 1137 1110 1108
f 1110 1139 1109
f 1139 1138 1109
f 1138 2368 1109
f 1137 1139 1110
f 1270 1168 1127
f 1168 1128 1127
f 1168 1172 1128
f 1172 1129 1128
f 1172 1174 1129
f 1174 1130 1129
f 1174 1178 1130
f 1178 1131 1130
f 1178 1180 1131
f 1180 1132 1131
f 1180 1182 1132
f 1182 1133 1132
f 1182 1183 1133
f 1183 1136 1133
f 1183 1184 1136
f 1184 1137 1136
f 1184 1186 1137
f 1186 1139 1137
f 1139 1188 1138
f 1188 1187 1138
f 1187 2368 1138
f 1186 1188 1139
f 1153 1310 1152
f 1310 1154 1152
f 1311 1310 1153
f 1155 1315 1153
f 1315 1311 1153
f 1314 1158 1154
f 1310 1314 1154
f 1159 1317 1155
f 1317 1315 1155
f 1316 1160 1158
f 1314 1316 1158
f 1163 1323 1159
f 1323 1317 1159
f 1322 1164 1160
f 1316 1322 1160
f 1167 1327 1163
f 1327 1323 1163
f 1326 1169 1164
f 1322 1326 1164
f 1173 1332 1167
f 1332 1327 1167
f 1250 1196 1168
f 1270 1250 1168
f 1196 1172 1168
f 1331 1177 1169
f 1326 1331 1169
f 1196 1199 1172
f 1199 1174 1172
f 1179 1338 1173
f 1338 1332 1173
f 1199 1202 1174
f 1202 1178 1174
f 1336 1181 1177
f 1331 1336 1177
f 1202 1207 1178
f 1207 1180 1178
f 1185 1347 1179
f 1347 1338 1179
f 1207 1210 1180
f 1210 1182 1180
f 1340 1189 1181
f 1336 1340 1181
f 1210 1213 1182
f 1213 1183 1182
f 1213 1218 1183
f 1218 1184 1183
f 1218 1221 1184
f 1221 1186 1184
f 1190 1355 1185
f 1355 1347 1185
f 1221 1222 1186
f 1222 1188 1186
f 1188 1224 1187
f 1224 1223 1187
f 2377 2368 1187
f 1223 2377 1187
f 1222 1224 1188
f 1350 1191 1189
f 1340 1350 1189
f 1193 1364 1190
f 1364 1355 1190
f 1356 1192 1191
f 1350 1356 1191
f 1363 2263 1192
f 2263 2249 1192
f 2249 2242 1192
f 1356 1363 1192
f 2243 2250 1193
f 2250 1364 1193
f 2248 2243 1193
f 1250 1227 1196
f 1227 1199 1196
f 1227 1230 1199
f 1230 1202 1199
f 1230 1233 1202
f 1233 1207 1202
f 1233 1236 1207
f 1236 1210 1207
f 1236 1239 1210
f 1239 1213 1210
f 1239 1242 1213
f 1242 1218 1213
f 1242 1245 1218
f 1245 1221 1218
f 1245 1246 1221
f 1246 1222 1221
f 1246 1247 1222
f 1247 1224 1222
f 1224 1249 1223
f 1249 1248 1223
f 2397 2377 1223
f 1248 2397 1223
f 1247 1249 1224
f 1250 1230 1227
f 1250 1255 1230
f 1255 1233 1230
f 1255 1260 1233
f 1260 1236 1233
f 1260 1261 1236
f 1261 1239 1236
f 1261 1265 1239
f 1265 1242 1239
f 1265 1273 1242
f 1273 1245 1242
f 1273 1278 1245
f 1278 1246 1245
f 1278 1281 1246
f 1281 1247 1246
f 1281 1284 1247
f 1284 1249 1247
f 1249 1286 1248
f 1286 1285 1248
f 1285 2397 1248
f 1284 1286 1249
f 1270 1255 1250
f 1270 1280 1255
f 1280 1260 1255
f 1280 1292 1260
f 1292 1261 1260
f 1292 1295 1261
f 1295 1265 1261
f 1295 1296 1265
f 1296 1273 1265
f 2283 1280 1270
f 2279 2283 1270
f 1296 1299 1273
f 1299 1278 1273
f 1299 1302 1278
f 1302 1281 1278
f 2292 1292 1280
f 2283 2292 1280
f 1302 1303 1281
f 1303 1284 1281
f 1303 1305 1284
f 1305 1286 1284
f 1286 1313 1285
f 1313 1312 1285
f 1312 2397 1285
f 1305 1313 1286
f 2299 1295 1292
f 2292 2299 1292
f 2308 1296 1295
f 2299 2308 1295
f 2317 1299 1296
f 2308 2317 1296
f 2323 1302 1299
f 2317 2323 1299
f 2330 1303 1302
f 2323 2330 1302
f 2333 1305 1303
f 2330 2333 1303
f 2336 1313 1305
f 2333 2336 1305
f 1311 2871 1310
f 2873 1314 1310
f 2871 2873 1310
f 2872 2871 1311
f 1315 2875 1311
f 2875 2874 1311
f 2874 2872 1311
f 1313 2301 1312
f 2301 2411 1312
f 2411 2397 1312
f 2336 2301 1313
f 2878 1316 1314
f 2873 2878 1314
f 1317 2880 1315
f 2880 2879 1315
f 2879 2875 1315
f 2881 1322 1316
f 2878 2881 1316
f 1323 2883 1317
f 2883 2882 1317
f 2882 2880 1317
f 2886 1326 1322
f 2881 2886 1322
f 1327 2890 1323
f 2890 2887 1323
f 2887 2883 1323
f 2893 1331 1326
f 2886 2893 1326
f 1332 2896 1327
f 2896 2894 1327
f 2894 2890 1327
f 2899 1336 1331
f 2893 2899 1331
f 1338 2900 1332
f 2900 2896 1332
f 2904 1340 1336
f 2899 2904 1336
f 1347 2905 1338
f 2905 2903 1338
f 2903 2900 1338
f 2909 1350 1340
f 2904 2909 1340
f 1355 2910 1347
f 2910 2908 1347
f 2908 2905 1347
f 2916 1356 1350
f 2909 2916 1350
f 1364 2917 1355
f 2917 2915 1355
f 2915 2910 1355
f 2928 1363 1356
f 2916 2928 1356
f 2550 2463 1363
f 2463 2457 1363
f 2928 2558 1363
f 2558 2554 1363
f 2554 2550 1363
f 2419 2398 1363
f 2398 2380 1363
f 2380 2370 1363
f 2370 2290 1363
f 2290 2263 1363
f 2457 2453 1363
f 2453 2449 1363
f 2449 2419 1363
f 2448 2450 1364
f 2291 2371 1364
f 2450 2454 1364
f 2454 2458 1364
f 2458 2929 1364
f 2250 2264 1364
f 2264 2291 1364
f 2371 2381 1364
f 2381 2399 1364
f 2399 2448 1364
f 2929 2917 1364
f 1510 1566 1509
f 1559 1566 1510
f 1576 1748 1556
f 2242 2247 1559
f 2247 2260 1559
f 2260 2281 1559
f 2281 2367 1559
f 2367 2376 1559
f 2376 2396 1559
f 2396 2410 1559
f 2410 2170 1559
f 2170 1575 1559
f 1574 1566 1559
f 1575 1574 1559
f 1605 1620 1574
f 1590 1605 1574
f 1575 1590 1574
f 2170 1960 1575
f 1960 1590 1575
f 1591 1748 1576
f 1960 1605 1590
f 1606 1748 1591
f 1960 1634 1605
f 1634 1620 1605
f 1635 1748 1606
f 1634 1633 1620
f 1634 1692 1633
f 1960 1753 1634
f 1753 1721 1634
f 1721 1692 1634
f 1722 1748 1635
f 1676 1675 1666
f 1667 1676 1666
f 1668 1667 1666
f 1675 1670 1666
f 1670 1672 1666
f 1672 1668 1666
f 1668 1669 1667
f 1669 1671 1667
f 1671 1679 1667
f 1679 1676 1667
f 1684 1669 1668
f 1672 1688 1668
f 1688 1684 1668
f 1684 1685 1669
f 1685 1673 1669
f 1673 1671 1669
f 1678 1681 1670
f 1681 1686 1670
f 1686 1672 1670
f 1675 1678 1670
f 1673 1682 1671
f 1682 1691 1671
f 1691 1679 1671
f 1686 1698 1672
f 1698 1688 1672
f 1689 1687 1673
f 1687 1682 1673
f 1685 1689 1673
f 1697 1696 1675
f 1676 1697 1675
f 1696 1678 1675
f 1679 1703 1676
f 1703 1697 1676
f 1702 1690 1678
f 1690 1681 1678
f 1696 1702 1678
f 1691 1713 1679
f 1713 1703 1679
f 1690 1700 1681
f 1700 1704 1681
f 1704 1686 1681
f 1687 1701 1682
f 1701 1708 1682
f 1708 1691 1682
f 1709 1685 1684
f 1688 1715 1684
f 1715 1709 1684
f 1709 1710 1685
f 1710 1689 1685
f 1704 1718 1686
f 1718 1698 1686
f 1699 1705 1687
f 1705 1701 1687
f 1689 1699 1687
f 1698 1723 1688
f 1723 1715 1688
f 1716 1699 1689
f 1710 1716 1689
f 1712 1707 1690
f 1707 1700 1690
f 1702 1712 1690
f 1708 1733 1691
f 1733 1713 1691
f 1721 1771 1692
f 1735 1734 1696
f 1697 1735 1696
f 1734 1702 1696
f 1703 1738 1697
f 1738 1735 1697
f 1718 1741 1698
f 1741 1723 1698
f 1724 1719 1699
f 1719 1705 1699
f 1716 1724 1699
f 1729 1704 1700
f 1726 1729 1700
f 1707 1726 1700
f 1705 1727 1701
f 1727 1740 1701
f 1740 1708 1701
f 1737 1712 1702
f 1734 1737 1702
f 1713 1750 1703
f 1750 1738 1703
f 1743 1718 1704
f 1729 1743 1704
f 1719 1730 1705
f 1730 1727 1705
f 1739 1726 1707
f 1732 1739 1707
f 1712 1732 1707
f 1740 1759 1708
f 1759 1733 1708
f 1754 1710 1709
f 1715 1756 1709
f 1756 1754 1709
f 1754 1755 1710
f 1755 1716 1710
f 1749 1732 1712
f 1737 1749 1712
f 1733 1765 1713
f 1765 1750 1713
f 1723 1766 1715
f 1766 1756 1715
f 1757 1724 1716
f 1755 1757 1716
f 1769 1741 1718
f 1743 1769 1718
f 1742 1744 1719
f 1744 1730 1719
f 1724 1742 1719
f 1772 1771 1721
f 1753 1772 1721
f 1773 1748 1722
f 1741 1785 1723
f 1785 1766 1723
f 1767 1742 1724
f 1757 1767 1724
f 1739 1760 1726
f 1760 1762 1726
f 1762 1729 1726
f 1730 1761 1727
f 1761 1776 1727
f 1776 1740 1727
f 1762 1779 1729
f 1779 1743 1729
f 1744 1763 1730
f 1763 1761 1730
f 1758 1739 1732
f 1764 1758 1732
f 1749 1764 1732
f 1759 1792 1733
f 1792 1765 1733
f 1783 1782 1734
f 1735 1783 1734
f 1782 1737 1734
f 1738 1788 1735
f 1788 1783 1735
f 1787 1749 1737
f 1782 1787 1737
f 1750 1797 1738
f 1797 1788 1738
f 1758 1775 1739
f 1775 1760 1739
f 1776 1794 1740
f 1794 1759 1740
f 1809 1785 1741
f 1769 1809 1741
f 1786 1770 1742
f 1770 1744 1742
f 1767 1786 1742
f 1779 1801 1743
f 1801 1769 1743
f 1770 1780 1744
f 1780 1763 1744
f 1773 1795 1748
f 1795 2001 1748
f 2001 1956 1748
f 1796 1764 1749
f 1787 1796 1749
f 1765 1814 1750
f 1814 1797 1750
f 1799 1772 1753
f 1960 1799 1753
f 1805 1755 1754
f 1756 1811 1754
f 1811 1805 1754
f 1805 1806 1755
f 1806 1757 1755
f 1766 1817 1756
f 1817 1811 1756
f 1806 1812 1757
f 1812 1767 1757
f 1791 1793 1758
f 1793 1775 1758
f 1764 1791 1758
f 1794 1825 1759
f 1825 1792 1759
f 1807 1762 1760
f 1803 1807 1760
f 1775 1803 1760
f 1763 1804 1761
f 1804 1816 1761
f 1816 1776 1761
f 1822 1779 1762
f 1807 1822 1762
f 1780 1808 1763
f 1808 1804 1763
f 1813 1791 1764
f 1796 1813 1764
f 1792 1832 1765
f 1832 1814 1765
f 1785 1826 1766
f 1826 1820 1766
f 1820 1817 1766
f 1812 1821 1767
f 1821 1786 1767
f 1801 1835 1769
f 1835 1809 1769
f 1810 1802 1770
f 1802 1780 1770
f 1786 1810 1770
f 1772 1778 1771
f 1778 1800 1771
f 1800 1819 1771
f 1819 1834 1771
f 1834 1843 1771
f 1843 1860 1771
f 1860 1870 1771
f 1870 1877 1771
f 1877 1879 1771
f 1879 1882 1771
f 1882 1889 1771
f 1889 1937 1771
f 1799 1778 1772
f 1818 1795 1773
f 1815 1803 1775
f 1793 1815 1775
f 1816 1828 1776
f 1828 1794 1776
f 1799 1800 1778
f 1838 1801 1779
f 1822 1838 1779
f 1802 1823 1780
f 1823 1808 1780
f 1841 1840 1782
f 1783 1841 1782
f 1840 1787 1782
f 1788 1846 1783
f 1846 1841 1783
f 1809 1847 1785
f 1847 1829 1785
f 1829 1826 1785
f 1821 1830 1786
f 1830 1810 1786
f 1845 1796 1787
f 1840 1845 1787
f 1797 1854 1788
f 1854 1846 1788
f 1831 1824 1791
f 1824 1793 1791
f 1813 1831 1791
f 1825 1867 1792
f 1867 1832 1792
f 1827 1815 1793
f 1824 1827 1793
f 1828 1862 1794
f 1862 1825 1794
f 1818 1837 1795
f 1837 2046 1795
f 2046 2001 1795
f 1853 1813 1796
f 1845 1853 1796
f 1814 1874 1797
f 1874 1854 1797
f 1848 1800 1799
f 2012 1848 1799
f 1960 2012 1799
f 1848 1819 1800
f 1875 1835 1801
f 1838 1875 1801
f 1836 1839 1802
f 1839 1823 1802
f 1810 1836 1802
f 1815 1849 1803
f 1849 1851 1803
f 1851 1807 1803
f 1808 1850 1804
f 1850 1864 1804
f 1864 1816 1804
f 2487 2488 1805
f 2488 1806 1805
f 1811 2487 1805
f 2489 1812 1806
f 2488 2489 1806
f 1851 1868 1807
f 1868 1822 1807
f 1823 1852 1808
f 1852 1850 1808
f 1835 1872 1809
f 1872 1855 1809
f 1855 1847 1809
f 1830 1856 1810
f 1856 1836 1810
f 2490 2487 1811
f 2491 2490 1811
f 1817 2491 1811
f 2493 1821 1812
f 2492 2493 1812
f 2489 2492 1812
f 1873 1831 1813
f 1853 1873 1813
f 1832 1892 1814
f 1892 1874 1814
f 1827 1863 1815
f 1863 1849 1815
f 1864 1881 1816
f 1881 1828 1816
f 2494 2491 1817
f 2496 2494 1817
f 1820 2496 1817
f 1833 1886 1818
f 1886 1837 1818
f 1848 1834 1819
f 2498 2496 1820
f 1826 2498 1820
f 2497 1830 1821
f 2495 2497 1821
f 2493 2495 1821
f 1868 1887 1822
f 1887 1838 1822
f 1839 1869 1823
f 1869 1852 1823
f 1861 1827 1824
f 1866 1861 1824
f 1831 1866 1824
f 1862 1898 1825
f 1898 1867 1825
f 2500 2498 1826
f 1829 2500 1826
f 1861 1880 1827
f 1880 1863 1827
f 1881 1902 1828
f 1902 1862 1828
f 2502 2500 1829
f 1847 2502 1829
f 2501 1856 1830
f 2499 2501 1830
f 2497 2499 1830
f 1891 1866 1831
f 1873 1891 1831
f 1867 1916 1832
f 1916 1892 1832
f 1857 1886 1833
f 1899 1843 1834
f 1848 1899 1834
f 1875 1895 1835
f 1895 1884 1835
f 1884 1872 1835
f 1856 1885 1836
f 1885 1876 1836
f 1876 1839 1836
f 1886 2067 1837
f 2067 2046 1837
f 1887 1913 1838
f 1913 1875 1838
f 1876 1888 1839
f 1888 1869 1839
f 1923 1922 1840
f 1841 1923 1840
f 1922 1845 1840
f 1846 1925 1841
f 1925 1923 1841
f 1899 1860 1843
f 1924 1853 1845
f 1922 1924 1845
f 1854 1934 1846
f 1934 1925 1846
f 2504 2502 1847
f 1855 2504 1847
f 2053 1899 1848
f 2012 2053 1848
f 1906 1851 1849
f 1904 1906 1849
f 1863 1904 1849
f 1852 1905 1850
f 1905 1911 1850
f 1911 1864 1850
f 1919 1868 1851
f 1906 1919 1851
f 1869 1907 1852
f 1907 1905 1852
f 1933 1873 1853
f 1924 1933 1853
f 1874 1945 1854
f 1945 1934 1854
f 2505 2504 1855
f 1872 2505 1855
f 2506 1885 1856
f 2503 2506 1856
f 2501 2503 1856
f 1865 1886 1857
f 1899 1870 1860
f 1897 1901 1861
f 1901 1880 1861
f 1866 1897 1861
f 1902 1943 1862
f 1943 1898 1862
f 1910 1904 1863
f 1880 1910 1863
f 1911 1931 1864
f 1931 1881 1864
f 1871 1929 1865
f 1929 1886 1865
f 1915 1897 1866
f 1891 1915 1866
f 1898 1948 1867
f 1948 1916 1867
f 1939 1887 1868
f 1919 1939 1868
f 1888 1920 1869
f 1920 1907 1869
f 1899 1877 1870
f 1878 1929 1871
f 2507 2505 1872
f 1884 2507 1872
f 1944 1891 1873
f 1933 1944 1873
f 1892 1959 1874
f 1959 1945 1874
f 1913 1928 1875
f 1928 1917 1875
f 1917 1895 1875
f 1885 1918 1876
f 1918 1914 1876
f 1914 1888 1876
f 1899 1879 1877
f 1883 1929 1878
f 1899 1882 1879
f 1930 1910 1880
f 1901 1930 1880
f 1931 1952 1881
f 1952 1902 1881
f 1950 1889 1882
f 1899 1950 1882
f 1890 1929 1883
f 2508 2507 1884
f 1895 2508 1884
f 2509 1918 1885
f 2506 2509 1885
f 1929 2083 1886
f 2083 2067 1886
f 1961 1913 1887
f 1939 1961 1887
f 1914 1940 1888
f 1940 1920 1888
f 1894 1937 1889
f 1950 1894 1889
f 1896 1929 1890
f 1958 1915 1891
f 1944 1958 1891
f 1916 1977 1892
f 1977 1959 1892
f 2034 1937 1894
f 1900 2034 1894
f 1950 1900 1894
f 2510 2508 1895
f 1917 2510 1895
f 1903 1929 1896
f 1947 1942 1897
f 1942 1901 1897
f 1915 1947 1897
f 1943 1980 1898
f 1980 1948 1898
f 2076 1950 1899
f 2053 2076 1899
f 1908 2034 1900
f 1950 1908 1900
f 1951 1930 1901
f 1942 1951 1901
f 1952 1982 1902
f 1982 1943 1902
f 1909 1929 1903
f 1910 1965 1904
f 1965 1967 1904
f 1967 1906 1904
f 1907 1966 1905
f 1966 1973 1905
f 1973 1911 1905
f 1967 1974 1906
f 1974 1919 1906
f 1920 1968 1907
f 1968 1966 1907
f 1912 2034 1908
f 1950 1912 1908
f 1921 1929 1909
f 1930 1972 1910
f 1972 1965 1910
f 1973 1984 1911
f 1984 1931 1911
f 1926 2034 1912
f 1950 1926 1912
f 1961 1963 1913
f 1963 1954 1913
f 1954 1928 1913
f 1918 1955 1914
f 1955 1962 1914
f 1962 1940 1914
f 1976 1947 1915
f 1958 1976 1915
f 1948 1997 1916
f 1997 1977 1916
f 2511 2510 1917
f 1928 2511 1917
f 2512 1955 1918
f 2509 2512 1918
f 1974 1986 1919
f 1986 1939 1919
f 1940 1975 1920
f 1975 1968 1920
f 1927 1929 1921
f 2000 1999 1922
f 1923 2000 1922
f 1999 1924 1922
f 1925 2003 1923
f 2003 2000 1923
f 2002 1933 1924
f 1999 2002 1924
f 1934 2009 1925
f 2009 2003 1925
f 1932 2034 1926
f 1950 1932 1926
f 1935 1929 1927
f 2513 2511 1928
f 1954 2513 1928
f 1935 1941 1929
f 1941 1970 1929
f 1970 2089 1929
f 2089 2083 1929
f 1951 1983 1930
f 1983 1972 1930
f 1984 1994 1931
f 1994 1952 1931
f 1936 2034 1932
f 1950 1936 1932
f 2008 1944 1933
f 2002 2008 1933
f 1945 2015 1934
f 2015 2009 1934
f 1946 2034 1936
f 1950 1946 1936
f 1986 2004 1939
f 2004 1961 1939
f 1962 1987 1940
f 1987 1975 1940
f 1949 1970 1941
f 1981 1951 1942
f 1979 1981 1942
f 1947 1979 1942
f 1982 2011 1943
f 2011 1980 1943
f 2014 1958 1944
f 2008 2014 1944
f 1959 2031 1945
f 2031 2015 1945
f 1953 2034 1946
f 1950 1953 1946
f 1996 1979 1947
f 1976 1996 1947
f 1980 2021 1948
f 2021 1997 1948
f 1957 1970 1949
f 1989 1964 1950
f 1964 1953 1950
f 2086 1989 1950
f 2076 2086 1950
f 1981 1993 1951
f 1993 1983 1951
f 1994 2018 1952
f 2018 1982 1952
f 1964 2034 1953
f 2514 2513 1954
f 1963 2514 1954
f 1991 1962 1955
f 2515 1991 1955
f 2512 2515 1955
f 2001 2172 1956
f 2172 2167 1956
f 1971 1970 1957
f 2030 1976 1958
f 2014 2030 1958
f 1977 2039 1959
f 2039 2031 1959
f 2170 2012 1960
f 2004 2032 1961
f 2032 1990 1961
f 1990 1963 1961
f 1991 2005 1962
f 2005 1987 1962
f 2516 2514 1963
f 1990 2516 1963
f 1969 2034 1964
f 1989 1969 1964
f 2056 2074 1965
f 2113 1967 1965
f 2074 2084 1965
f 2084 2108 1965
f 2108 2113 1965
f 1983 1993 1965
f 1972 1983 1965
f 1993 2017 1965
f 2017 2042 1965
f 2042 2056 1965
f 1984 1973 1966
f 1994 1984 1966
f 1968 1994 1966
f 2113 1974 1967
f 1975 1994 1968
f 1985 2034 1969
f 1989 1985 1969
f 1971 1995 1970
f 1995 2111 1970
f 2111 2089 1970
f 1978 1995 1971
f 2113 1986 1974
f 1987 2043 1975
f 2043 2018 1975
f 2018 1994 1975
f 2038 1996 1976
f 2030 2038 1976
f 1997 2050 1977
f 2050 2039 1977
f 1988 1995 1978
f 2010 1981 1979
f 2020 2010 1979
f 1996 2020 1979
f 2011 2045 1980
f 2045 2021 1980
f 2010 2017 1981
f 2017 1993 1981
f 2018 2043 1982
f 2043 2011 1982
f 1992 2034 1985
f 1989 1992 1985
f 2113 2004 1986
f 2005 2043 1987
f 1998 2022 1988
f 2022 1995 1988
f 2019 1992 1989
f 2110 2019 1989
f 2086 2110 1989
f 2517 2516 1990
f 2032 2517 1990
f 2033 2005 1991
f 2519 2033 1991
f 2515 2519 1991
f 2006 2034 1992
f 2019 2006 1992
f 2022 2118 1995
f 2118 2111 1995
f 2049 2020 1996
f 2038 2049 1996
f 2021 2055 1997
f 2055 2050 1997
f 2007 2022 1998
f 2060 2059 1999
f 2000 2060 1999
f 2059 2002 1999
f 2003 2062 2000
f 2062 2060 2000
f 2046 2176 2001
f 2176 2172 2001
f 2061 2008 2002
f 2059 2061 2002
f 2009 2066 2003
f 2066 2062 2003
f 2113 2032 2004
f 2033 2043 2005
f 2013 2034 2006
f 2019 2013 2006
f 2016 2022 2007
f 2065 2014 2008
f 2061 2065 2008
f 2015 2069 2009
f 2069 2066 2009
f 2044 2042 2010
f 2042 2017 2010
f 2020 2044 2010
f 2043 2057 2011
f 2057 2045 2011
f 2174 2053 2012
f 2170 2174 2012
f 2024 2034 2013
f 2040 2024 2013
f 2019 2040 2013
f 2068 2030 2014
f 2065 2068 2014
f 2031 2071 2015
f 2071 2069 2015
f 2027 2041 2016
f 2041 2022 2016
f 2117 2040 2019
f 2110 2117 2019
f 2054 2044 2020
f 2049 2054 2020
f 2045 2064 2021
f 2064 2055 2021
f 2041 2126 2022
f 2126 2118 2022
f 2028 2035 2024
f 2035 2034 2024
f 2048 2028 2024
f 2040 2048 2024
f 2028 2052 2025
f 2052 2051 2025
f 2051 2026 2025
f 2035 2028 2025
f 2051 2029 2026
f 2029 2047 2027
f 2047 2041 2027
f 2048 2052 2028
f 2051 2047 2029
f 2070 2038 2030
f 2068 2070 2030
f 2039 2073 2031
f 2073 2071 2031
f 2128 2204 2032
f 2204 2518 2032
f 2113 2128 2032
f 2518 2517 2032
f 2519 2460 2033
f 2460 2205 2033
f 2205 2129 2033
f 2129 2114 2033
f 2114 2109 2033
f 2109 2085 2033
f 2085 2075 2033
f 2075 2057 2033
f 2057 2043 2033
f 2035 2087 2034
f 2145 2087 2035
f 2072 2049 2038
f 2070 2072 2038
f 2050 2078 2039
f 2078 2073 2039
f 2127 2048 2040
f 2117 2127 2040
f 2047 2134 2041
f 2134 2126 2041
f 2044 2056 2042
f 2063 2056 2044
f 2054 2063 2044
f 2057 2075 2045
f 2075 2064 2045
f 2067 2183 2046
f 2183 2176 2046
f 2051 2138 2047
f 2138 2134 2047
f 2137 2052 2048
f 2127 2137 2048
f 2077 2054 2049
f 2072 2077 2049
f 2055 2080 2050
f 2080 2078 2050
f 2052 2138 2051
f 2143 2138 2052
f 2137 2143 2052
f 2181 2076 2053
f 2174 2181 2053
f 2079 2063 2054
f 2077 2079 2054
f 2064 2082 2055
f 2082 2080 2055
f 2063 2074 2056
f 2091 2090 2059
f 2060 2091 2059
f 2090 2061 2059
f 2062 2093 2060
f 2093 2091 2060
f 2092 2065 2061
f 2090 2092 2061
f 2066 2095 2062
f 2095 2093 2062
f 2081 2074 2063
f 2079 2081 2063
f 2075 2085 2064
f 2085 2082 2064
f 2094 2068 2065
f 2092 2094 2065
f 2069 2097 2066
f 2097 2095 2066
f 2083 2187 2067
f 2187 2183 2067
f 2096 2070 2068
f 2094 2096 2068
f 2071 2099 2069
f 2099 2097 2069
f 2098 2072 2070
f 2096 2098 2070
f 2073 2101 2071
f 2101 2099 2071
f 2100 2077 2072
f 2098 2100 2072
f 2078 2103 2073
f 2103 2101 2073
f 2081 2084 2074
f 2186 2086 2076
f 2181 2186 2076
f 2102 2079 2077
f 2100 2102 2077
f 2080 2105 2078
f 2105 2103 2078
f 2104 2081 2079
f 2102 2104 2079
f 2082 2107 2080
f 2107 2105 2080
f 2106 2084 2081
f 2104 2106 2081
f 2085 2109 2082
f 2109 2107 2082
f 2089 2193 2083
f 2193 2187 2083
f 2106 2108 2084
f 2191 2110 2086
f 2186 2191 2086
f 2145 2144 2087
f 2111 2199 2089
f 2199 2193 2089
f 2142 2141 2090
f 2091 2142 2090
f 2141 2092 2090
f 2093 2140 2091
f 2140 2142 2091
f 2139 2094 2092
f 2141 2139 2092
f 2095 2136 2093
f 2136 2140 2093
f 2135 2096 2094
f 2139 2135 2094
f 2097 2133 2095
f 2133 2136 2095
f 2132 2098 2096
f 2135 2132 2096
f 2099 2131 2097
f 2131 2133 2097
f 2130 2100 2098
f 2132 2130 2098
f 2101 2125 2099
f 2125 2131 2099
f 2124 2102 2100
f 2130 2124 2100
f 2103 2123 2101
f 2123 2125 2101
f 2122 2104 2102
f 2124 2122 2102
f 2105 2120 2103
f 2120 2123 2103
f 2119 2106 2104
f 2122 2119 2104
f 2107 2116 2105
f 2116 2120 2105
f 2115 2108 2106
f 2119 2115 2106
f 2109 2114 2107
f 2114 2116 2107
f 2115 2113 2108
f 2194 2117 2110
f 2191 2194 2110
f 2118 2203 2111
f 2203 2199 2111
f 2148 2128 2113
f 2115 2148 2113
f 2129 2116 2114
f 2119 2150 2115
f 2150 2148 2115
f 2129 2149 2116
f 2149 2120 2116
f 2202 2127 2117
f 2194 2202 2117
f 2126 2206 2118
f 2206 2203 2118
f 2152 2150 2119
f 2122 2152 2119
f 2149 2151 2120
f 2151 2123 2120
f 2124 2154 2122
f 2154 2152 2122
f 2151 2153 2123
f 2153 2125 2123
f 2156 2154 2124
f 2130 2156 2124
f 2153 2155 2125
f 2155 2131 2125
f 2134 2210 2126
f 2210 2206 2126
f 2207 2137 2127
f 2202 2207 2127
f 2208 2204 2128
f 2148 2208 2128
f 2205 2149 2129
f 2132 2158 2130
f 2158 2156 2130
f 2155 2157 2131
f 2157 2133 2131
f 2161 2158 2132
f 2135 2161 2132
f 2157 2159 2133
f 2159 2136 2133
f 2138 2190 2134
f 2190 2210 2134
f 2165 2161 2135
f 2139 2165 2135
f 2159 2162 2136
f 2162 2140 2136
f 2189 2143 2137
f 2211 2189 2137
f 2207 2211 2137
f 2143 2190 2138
f 2168 2165 2139
f 2141 2168 2139
f 2162 2166 2140
f 2166 2142 2140
f 2169 2168 2141
f 2142 2169 2141
f 2166 2169 2142
f 2189 2190 2143
f 2145 2163 2144
f 2178 2163 2145
f 2214 2208 2148
f 2150 2214 2148
f 2205 2209 2149
f 2209 2151 2149
f 2222 2214 2150
f 2152 2222 2150
f 2209 2215 2151
f 2215 2153 2151
f 2224 2222 2152
f 2154 2224 2152
f 2215 2223 2153
f 2223 2155 2153
f 2230 2224 2154
f 2156 2230 2154
f 2223 2225 2155
f 2225 2157 2155
f 2232 2230 2156
f 2158 2232 2156
f 2225 2231 2157
f 2231 2159 2157
f 2234 2232 2158
f 2161 2234 2158
f 2231 2233 2159
f 2233 2162 2159
f 2236 2234 2161
f 2165 2236 2161
f 2233 2235 2162
f 2235 2166 2162
f 2178 2177 2163
f 2238 2236 2165
f 2168 2238 2165
f 2235 2237 2166
f 2237 2169 2166
f 2172 2244 2167
f 2244 2241 2167
f 2239 2238 2168
f 2169 2239 2168
f 2237 2239 2169
f 2433 2240 2170
f 2410 2433 2170
f 2240 2174 2170
f 2246 2244 2172
f 2176 2251 2172
f 2251 2246 2172
f 2245 2181 2174
f 2240 2245 2174
f 2253 2251 2176
f 2183 2254 2176
f 2254 2253 2176
f 2178 2184 2177
f 2196 2184 2178
f 2252 2186 2181
f 2245 2252 2181
f 2256 2254 2183
f 2187 2257 2183
f 2257 2256 2183
f 2196 2195 2184
f 2255 2191 2186
f 2252 2255 2186
f 2259 2257 2187
f 2193 2262 2187
f 2262 2259 2187
f 2213 2212 2189
f 2212 2190 2189
f 2211 2213 2189
f 2212 2210 2190
f 2258 2194 2191
f 2255 2258 2191
f 2266 2262 2193
f 2199 2267 2193
f 2267 2266 2193
f 2265 2202 2194
f 2258 2265 2194
f 2196 2200 2195
f 2217 2200 2196
f 2269 2267 2199
f 2203 2270 2199
f 2270 2269 2199
f 2217 2216 2200
f 2268 2207 2202
f 2265 2268 2202
f 2272 2270 2203
f 2206 2273 2203
f 2273 2272 2203
f 2459 2518 2204
f 2461 2459 2204
f 2208 2461 2204
f 2460 2209 2205
f 2275 2273 2206
f 2210 2276 2206
f 2276 2275 2206
f 2271 2211 2207
f 2268 2271 2207
f 2465 2461 2208
f 2214 2465 2208
f 2460 2462 2209
f 2462 2215 2209
f 2212 2278 2210
f 2278 2276 2210
f 2274 2213 2211
f 2271 2274 2211
f 2213 2278 2212
f 2277 2278 2213
f 2274 2277 2213
f 2467 2465 2214
f 2222 2467 2214
f 2462 2466 2215
f 2466 2223 2215
f 2217 2220 2216
f 2227 2220 2217
f 2227 2226 2220
f 2469 2467 2222
f 2224 2469 2222
f 2466 2468 2223
f 2468 2225 2223
f 2471 2469 2224
f 2230 2471 2224
f 2468 2470 2225
f 2470 2231 2225
f 2473 2471 2230
f 2232 2473 2230
f 2470 2472 2231
f 2472 2233 2231
f 2475 2473 2232
f 2234 2475 2232
f 2472 2474 2233
f 2474 2235 2233
f 2477 2475 2234
f 2236 2477 2234
f 2474 2476 2235
f 2476 2237 2235
f 2479 2477 2236
f 2238 2479 2236
f 2476 2478 2237
f 2478 2239 2237
f 2480 2479 2238
f 2239 2480 2238
f 2478 2480 2239
f 2433 2280 2240
f 2280 2245 2240
f 2244 2279 2241
f 2243 2247 2242
f 2250 2243 2242
f 2249 2250 2242
f 2248 2247 2243
f 2246 2284 2244
f 2284 2279 2244
f 2289 2252 2245
f 2280 2289 2245
f 2251 2284 2246
f 2248 2260 2247
f 2261 2260 2248
f 2264 2250 2249
f 2263 2264 2249
f 2253 2293 2251
f 2293 2284 2251
f 2298 2255 2252
f 2289 2298 2252
f 2254 2293 2253
f 2256 2300 2254
f 2300 2293 2254
f 2307 2258 2255
f 2298 2307 2255
f 2257 2300 2256
f 2259 2310 2257
f 2310 2300 2257
f 2318 2265 2258
f 2307 2318 2258
f 2262 2310 2259
f 2261 2281 2260
f 2282 2281 2261
f 2266 2320 2262
f 2320 2310 2262
f 2291 2264 2263
f 2290 2291 2263
f 2327 2268 2265
f 2318 2327 2265
f 2267 2320 2266
f 2269 2328 2267
f 2328 2320 2267
f 2338 2271 2268
f 2327 2338 2268
f 2270 2328 2269
f 2272 2339 2270
f 2339 2328 2270
f 2352 2274 2271
f 2338 2352 2271
f 2273 2339 2272
f 2275 2343 2273
f 2343 2339 2273
f 2361 2277 2274
f 2352 2361 2274
f 2276 2347 2275
f 2347 2343 2275
f 2278 2347 2276
f 2369 2278 2277
f 2361 2369 2277
f 2346 2347 2278
f 2369 2346 2278
f 2287 2285 2279
f 2285 2283 2279
f 2284 2286 2279
f 2286 2288 2279
f 2288 2287 2279
f 2433 2373 2280
f 2373 2289 2280
f 2282 2367 2281
f 2368 2367 2282
f 2285 2292 2283
f 2293 2295 2284
f 2295 2286 2284
f 2287 2294 2285
f 2294 2292 2285
f 2297 2288 2286
f 2295 2297 2286
f 2296 2294 2287
f 2288 2296 2287
f 2297 2296 2288
f 2375 2298 2289
f 2373 2375 2289
f 2371 2291 2290
f 2370 2371 2290
f 2294 2299 2292
f 2300 2303 2293
f 2303 2295 2293
f 2302 2299 2294
f 2296 2302 2294
f 2305 2297 2295
f 2303 2305 2295
f 2304 2302 2296
f 2297 2304 2296
f 2305 2304 2297
f 2379 2307 2298
f 2375 2379 2298
f 2302 2308 2299
f 2310 2312 2300
f 2312 2303 2300
f 2336 2306 2301
f 2372 2434 2301
f 2434 2411 2301
f 2374 2372 2301
f 2306 2374 2301
f 2311 2308 2302
f 2304 2311 2302
f 2315 2305 2303
f 2312 2315 2303
f 2313 2311 2304
f 2305 2313 2304
f 2315 2313 2305
f 2336 2309 2306
f 2309 2374 2306
f 2383 2318 2307
f 2379 2383 2307
f 2311 2317 2308
f 2336 2314 2309
f 2314 2378 2309
f 2378 2374 2309
f 2320 2322 2310
f 2322 2312 2310
f 2321 2317 2311
f 2313 2321 2311
f 2325 2315 2312
f 2322 2325 2312
f 2324 2321 2313
f 2315 2324 2313
f 2336 2316 2314
f 2316 2378 2314
f 2325 2324 2315
f 2336 2319 2316
f 2319 2378 2316
f 2321 2323 2317
f 2385 2327 2318
f 2383 2385 2318
f 2336 2326 2319
f 2326 2378 2319
f 2328 2331 2320
f 2331 2322 2320
f 2329 2323 2321
f 2324 2329 2321
f 2334 2325 2322
f 2331 2334 2322
f 2329 2330 2323
f 2332 2329 2324
f 2325 2332 2324
f 2334 2332 2325
f 2336 2335 2326
f 2335 2384 2326
f 2384 2382 2326
f 2382 2378 2326
f 2387 2338 2327
f 2385 2387 2327
f 2339 2342 2328
f 2342 2331 2328
f 2340 2330 2329
f 2332 2340 2329
f 2340 2333 2330
f 2348 2334 2331
f 2342 2348 2331
f 2344 2340 2332
f 2334 2344 2332
f 2345 2336 2333
f 2340 2345 2333
f 2348 2344 2334
f 2350 2335 2336
f 2345 2350 2336
f 2341 2386 2335
f 2386 2384 2335
f 2350 2341 2335
f 2389 2352 2338
f 2387 2389 2338
f 2343 2354 2339
f 2354 2342 2339
f 2344 2345 2340
f 2351 2386 2341
f 2350 2351 2341
f 2358 2348 2342
f 2354 2358 2342
f 2347 2357 2343
f 2357 2354 2343
f 2355 2345 2344
f 2348 2355 2344
f 2355 2350 2345
f 2369 2395 2346
f 2395 2392 2346
f 2392 2349 2346
f 2357 2347 2346
f 2349 2357 2346
f 2358 2355 2348
f 2392 2356 2349
f 2356 2357 2349
f 2353 2351 2350
f 2359 2353 2350
f 2355 2359 2350
f 2388 2386 2351
f 2353 2388 2351
f 2393 2361 2352
f 2389 2393 2352
f 2360 2388 2353
f 2359 2360 2353
f 2366 2358 2354
f 2357 2366 2354
f 2358 2359 2355
f 2392 2391 2356
f 2391 2362 2356
f 2362 2357 2356
f 2362 2366 2357
f 2366 2359 2358
f 2366 2364 2359
f 2364 2363 2359
f 2363 2360 2359
f 2363 2388 2360
f 2394 2369 2361
f 2393 2394 2361
f 2391 2365 2362
f 2365 2366 2362
f 2364 2390 2363
f 2390 2388 2363
f 2365 2390 2364
f 2366 2365 2364
f 2391 2390 2365
f 2368 2376 2367
f 2377 2376 2368
f 2394 2395 2369
f 2381 2371 2370
f 2380 2381 2370
f 2401 2442 2372
f 2442 2434 2372
f 2374 2403 2372
f 2403 2401 2372
f 2433 2400 2373
f 2400 2375 2373
f 2378 2406 2374
f 2406 2404 2374
f 2404 2403 2374
f 2402 2379 2375
f 2400 2402 2375
f 2377 2396 2376
f 2397 2396 2377
f 2382 2409 2378
f 2409 2407 2378
f 2407 2406 2378
f 2405 2383 2379
f 2402 2405 2379
f 2399 2381 2380
f 2398 2399 2380
f 2384 2414 2382
f 2414 2412 2382
f 2412 2409 2382
f 2408 2385 2383
f 2405 2408 2383
f 2386 2417 2384
f 2417 2415 2384
f 2415 2414 2384
f 2413 2387 2385
f 2408 2413 2385
f 2388 2422 2386
f 2422 2418 2386
f 2418 2417 2386
f 2416 2389 2387
f 2413 2416 2387
f 2390 2425 2388
f 2425 2423 2388
f 2423 2422 2388
f 2421 2393 2389
f 2416 2421 2389
f 2391 2428 2390
f 2428 2426 2390
f 2426 2425 2390
f 2392 2430 2391
f 2430 2428 2391
f 2395 2429 2392
f 2429 2430 2392
f 2424 2394 2393
f 2421 2424 2393
f 2427 2395 2394
f 2424 2427 2394
f 2427 2429 2395
f 2397 2410 2396
f 2411 2410 2397
f 2420 2399 2398
f 2419 2420 2398
f 2420 2448 2399
f 2441 2451 2400
f 2433 2441 2400
f 2793 3322 2400
f 2451 2455 2400
f 2455 2481 2400
f 2481 2485 2400
f 2485 2520 2400
f 2520 2524 2400
f 2524 2586 2400
f 2652 2675 2400
f 2675 2691 2400
f 2691 2695 2400
f 2586 2588 2400
f 2588 2594 2400
f 2594 2652 2400
f 2695 2785 2400
f 2785 2791 2400
f 2791 2793 2400
f 3322 3324 2400
f 3324 2402 2400
f 2653 2595 2401
f 2521 2486 2401
f 2486 2482 2401
f 2482 2456 2401
f 2595 2589 2401
f 2589 2587 2401
f 2587 2583 2401
f 2456 2452 2401
f 2452 2442 2401
f 3323 2692 2401
f 2692 2676 2401
f 2676 2653 2401
f 2525 2521 2401
f 2583 2525 2401
f 2403 3323 2401
f 3324 3326 2402
f 3326 3327 2402
f 3327 2405 2402
f 2404 3325 2403
f 3325 3323 2403
f 3331 3328 2404
f 3328 3325 2404
f 2406 3331 2404
f 3327 3329 2405
f 3329 3330 2405
f 3330 2408 2405
f 2407 3331 2406
f 3334 3331 2407
f 2409 3334 2407
f 3330 3332 2408
f 3332 3333 2408
f 3333 2413 2408
f 2412 3334 2409
f 2411 2433 2410
f 2434 2433 2411
f 3337 3334 2412
f 2414 3337 2412
f 3333 3335 2413
f 3335 3336 2413
f 3336 2416 2413
f 2415 3337 2414
f 2417 3337 2415
f 3336 3338 2416
f 3338 2421 2416
f 3340 3337 2417
f 2418 3340 2417
f 2422 3340 2418
f 2431 2420 2419
f 2449 2447 2419
f 2447 2445 2419
f 2445 2443 2419
f 2443 2439 2419
f 2439 2431 2419
f 2431 2432 2420
f 2432 2448 2420
f 3338 3339 2421
f 3339 3341 2421
f 3341 2424 2421
f 3343 3340 2422
f 2423 3343 2422
f 2425 3343 2423
f 3341 3342 2424
f 3342 3344 2424
f 3344 2427 2424
f 3346 3343 2425
f 2426 3346 2425
f 2428 3346 2426
f 3344 3345 2427
f 3345 3347 2427
f 3347 2429 2427
f 3349 3346 2428
f 2430 3349 2428
f 3350 3351 2429
f 3351 2430 2429
f 3347 3348 2429
f 3348 3350 2429
f 3351 3349 2430
f 2435 2432 2431
f 2439 2435 2431
f 2435 2436 2432
f 2446 2448 2432
f 2444 2446 2432
f 2436 2444 2432
f 2434 2441 2433
f 2442 2441 2434
f 2437 2436 2435
f 2439 2437 2435
f 2437 2438 2436
f 2438 2444 2436
f 2439 2438 2437
f 2439 2440 2438
f 2440 2444 2438
f 2443 2440 2439
f 2443 2444 2440
f 2442 2451 2441
f 2452 2451 2442
f 2445 2444 2443
f 2445 2446 2444
f 2447 2446 2445
f 2447 2448 2446
f 2450 2448 2447
f 2449 2450 2447
f 2454 2450 2449
f 2453 2454 2449
f 2452 2455 2451
f 2456 2455 2452
f 2458 2454 2453
f 2457 2458 2453
f 2456 2481 2455
f 2482 2481 2456
f 2464 2458 2457
f 2463 2464 2457
f 2464 2929 2458
f 2560 2518 2459
f 2562 2560 2459
f 2461 2562 2459
f 2519 2561 2460
f 2561 2462 2460
f 2564 2562 2461
f 2465 2564 2461
f 2561 2563 2462
f 2563 2466 2462
f 2484 2464 2463
f 2483 2484 2463
f 2550 2483 2463
f 2989 2929 2464
f 2555 2989 2464
f 2484 2555 2464
f 2566 2564 2465
f 2467 2566 2465
f 2563 2565 2466
f 2565 2468 2466
f 2568 2566 2467
f 2469 2568 2467
f 2565 2567 2468
f 2567 2470 2468
f 2570 2568 2469
f 2471 2570 2469
f 2567 2569 2470
f 2569 2472 2470
f 2572 2570 2471
f 2473 2572 2471
f 2569 2571 2472
f 2571 2474 2472
f 2574 2572 2473
f 2475 2574 2473
f 2571 2573 2474
f 2573 2476 2474
f 2578 2574 2475
f 2477 2578 2475
f 2573 2575 2476
f 2575 2478 2476
f 2580 2578 2477
f 2479 2580 2477
f 2575 2579 2478
f 2579 2480 2478
f 2480 2580 2479
f 2581 2580 2480
f 2579 2581 2480
f 2482 2485 2481
f 2486 2485 2482
f 2523 2484 2483
f 2522 2523 2483
f 2550 2522 2483
f 2551 2555 2484
f 2523 2551 2484
f 2486 2520 2485
f 2521 2520 2486
f 2656 2657 2487
f 2657 2488 2487
f 2659 2656 2487
f 2490 2659 2487
f 2657 2489 2488
f 2657 2658 2489
f 2658 2492 2489
f 2661 2659 2490
f 2491 2661 2490
f 2663 2661 2491
f 2494 2663 2491
f 2658 2660 2492
f 2660 2493 2492
f 2660 2662 2493
f 2662 2495 2493
f 2665 2663 2494
f 2496 2665 2494
f 2662 2664 2495
f 2664 2497 2495
f 2667 2665 2496
f 2498 2667 2496
f 2664 2666 2497
f 2666 2499 2497
f 2669 2667 2498
f 2500 2669 2498
f 2666 2668 2499
f 2668 2501 2499
f 2671 2669 2500
f 2502 2671 2500
f 2668 2670 2501
f 2670 2503 2501
f 2673 2671 2502
f 2504 2673 2502
f 2677 2506 2503
f 2670 2672 2503
f 2672 2677 2503
f 2674 2673 2504
f 2505 2674 2504
f 2678 2674 2505
f 2507 2678 2505
f 2677 2680 2506
f 2680 2509 2506
f 2679 2678 2507
f 2508 2679 2507
f 2681 2679 2508
f 2510 2681 2508
f 2680 2683 2509
f 2683 2512 2509
f 2511 2681 2510
f 2682 2681 2511
f 2513 2682 2511
f 2683 2686 2512
f 2686 2515 2512
f 2684 2682 2513
f 2514 2684 2513
f 2685 2684 2514
f 2516 2685 2514
f 2686 2690 2515
f 2690 2519 2515
f 2687 2685 2516
f 2517 2687 2516
f 2688 2687 2517
f 2518 2688 2517
f 2560 2689 2518
f 2689 2688 2518
f 2690 2631 2519
f 2631 2561 2519
f 2521 2524 2520
f 2525 2524 2521
f 2526 2523 2522
f 2546 2526 2522
f 2550 2546 2522
f 2526 2527 2523
f 2547 2551 2523
f 2527 2547 2523
f 2525 2528 2524
f 2528 2586 2524
f 2529 2528 2525
f 2583 2529 2525
f 2530 2527 2526
f 2546 2530 2526
f 2530 2531 2527
f 2531 2547 2527
f 2529 2532 2528
f 2582 2586 2528
f 2556 2582 2528
f 2532 2556 2528
f 2533 2532 2529
f 2583 2557 2529
f 2557 2533 2529
f 2536 2531 2530
f 2546 2536 2530
f 2536 2537 2531
f 2537 2541 2531
f 2545 2547 2531
f 2541 2545 2531
f 2535 2534 2532
f 2533 2535 2532
f 2534 2556 2532
f 2543 2535 2533
f 2549 2543 2533
f 2557 2553 2533
f 2553 2549 2533
f 2539 2538 2534
f 2535 2539 2534
f 2538 2556 2534
f 2543 2539 2535
f 2540 2537 2536
f 2546 2544 2536
f 2544 2540 2536
f 2540 2541 2537
f 2543 2542 2538
f 2539 2543 2538
f 2542 2548 2538
f 2548 2552 2538
f 2552 2556 2538
f 2544 2541 2540
f 2544 2545 2541
f 2549 2548 2542
f 2543 2549 2542
f 2546 2545 2544
f 2546 2547 2545
f 2551 2547 2546
f 2550 2551 2546
f 2553 2552 2548
f 2549 2553 2548
f 2555 2551 2550
f 2554 2555 2550
f 2557 2556 2552
f 2553 2557 2552
f 2559 2555 2554
f 2558 2559 2554
f 2559 2989 2555
f 2557 2582 2556
f 2583 2582 2557
f 2577 2559 2558
f 2576 2577 2558
f 2928 2576 2558
f 2577 2625 2559
f 2625 2989 2559
f 2630 2689 2560
f 2562 2632 2560
f 2632 2630 2560
f 2631 2563 2561
f 2564 2634 2562
f 2634 2632 2562
f 2631 2633 2563
f 2633 2565 2563
f 2566 2636 2564
f 2636 2634 2564
f 2633 2635 2565
f 2635 2567 2565
f 2568 2638 2566
f 2638 2636 2566
f 2635 2637 2567
f 2637 2569 2567
f 2570 2640 2568
f 2640 2638 2568
f 2637 2639 2569
f 2639 2571 2569
f 2572 2642 2570
f 2642 2640 2570
f 2639 2641 2571
f 2641 2573 2571
f 2574 2644 2572
f 2644 2642 2572
f 2641 2643 2573
f 2643 2575 2573
f 2578 2646 2574
f 2646 2644 2574
f 2643 2645 2575
f 2645 2579 2575
f 2585 2577 2576
f 2584 2585 2576
f 2928 2584 2576
f 2585 2625 2577
f 2580 2592 2578
f 2592 2646 2578
f 2645 2647 2579
f 2647 2593 2579
f 2593 2581 2579
f 2581 2592 2580
f 2593 2592 2581
f 2583 2586 2582
f 2587 2586 2583
f 2591 2585 2584
f 2590 2591 2584
f 2928 2624 2584
f 2624 2620 2584
f 2620 2616 2584
f 2616 2590 2584
f 2591 2621 2585
f 2621 2625 2585
f 2587 2588 2586
f 2589 2588 2587
f 2589 2594 2588
f 2595 2594 2589
f 2596 2591 2590
f 2616 2596 2590
f 2596 2597 2591
f 2615 2617 2591
f 2617 2621 2591
f 2611 2615 2591
f 2597 2611 2591
f 2593 2648 2592
f 2648 2646 2592
f 2649 2648 2593
f 2647 2649 2593
f 2595 2598 2594
f 2598 2652 2594
f 2599 2598 2595
f 2653 2599 2595
f 2600 2597 2596
f 2616 2600 2596
f 2600 2601 2597
f 2601 2611 2597
f 2599 2602 2598
f 2602 2652 2598
f 2603 2602 2599
f 2653 2603 2599
f 2606 2601 2600
f 2616 2606 2600
f 2606 2607 2601
f 2607 2611 2601
f 2605 2604 2602
f 2603 2605 2602
f 2626 2652 2602
f 2622 2626 2602
f 2604 2612 2602
f 2612 2618 2602
f 2618 2622 2602
f 2653 2627 2603
f 2627 2623 2603
f 2623 2605 2603
f 2609 2608 2604
f 2605 2609 2604
f 2608 2612 2604
f 2623 2609 2605
f 2610 2607 2606
f 2614 2610 2606
f 2616 2614 2606
f 2610 2611 2607
f 2613 2612 2608
f 2609 2613 2608
f 2623 2613 2609
f 2614 2611 2610
f 2614 2615 2611
f 2619 2618 2612
f 2613 2619 2612
f 2623 2619 2613
f 2616 2615 2614
f 2616 2617 2615
f 2621 2617 2616
f 2620 2621 2616
f 2623 2622 2618
f 2619 2623 2618
f 2625 2621 2620
f 2624 2625 2620
f 2627 2626 2622
f 2623 2627 2622
f 2629 2625 2624
f 2628 2629 2624
f 2928 2628 2624
f 2629 2989 2625
f 2627 2652 2626
f 2653 2652 2627
f 2651 2629 2628
f 2650 2651 2628
f 2928 2650 2628
f 2651 2989 2629
f 2757 2689 2630
f 2761 2757 2630
f 2632 2761 2630
f 2690 2758 2631
f 2758 2633 2631
f 2763 2761 2632
f 2634 2763 2632
f 2762 2635 2633
f 2758 2762 2633
f 2765 2763 2634
f 2636 2765 2634
f 2764 2637 2635
f 2762 2764 2635
f 2767 2765 2636
f 2638 2767 2636
f 2766 2639 2637
f 2764 2766 2637
f 2769 2767 2638
f 2640 2769 2638
f 2768 2641 2639
f 2766 2768 2639
f 2771 2769 2640
f 2642 2771 2640
f 2770 2643 2641
f 2768 2770 2641
f 2773 2771 2642
f 2644 2773 2642
f 2772 2645 2643
f 2770 2772 2643
f 2775 2773 2644
f 2646 2775 2644
f 2774 2647 2645
f 2772 2774 2645
f 2648 2709 2646
f 2709 2775 2646
f 2710 2649 2647
f 2776 2710 2647
f 2774 2776 2647
f 2649 2709 2648
f 2710 2709 2649
f 2655 2651 2650
f 2654 2655 2650
f 2928 2654 2650
f 2655 2989 2651
f 2653 2675 2652
f 2676 2675 2653
f 2694 2655 2654
f 2693 2694 2654
f 2928 2755 2654
f 2755 2753 2654
f 2753 2693 2654
f 2694 2754 2655
f 2756 2989 2655
f 2754 2756 2655
f 2713 2714 2656
f 2714 2657 2656
f 2659 2713 2656
f 2716 2658 2657
f 2714 2716 2657
f 2717 2660 2658
f 2716 2717 2658
f 2718 2715 2659
f 2715 2713 2659
f 2661 2718 2659
f 2719 2662 2660
f 2717 2719 2660
f 2663 2718 2661
f 2720 2664 2662
f 2719 2720 2662
f 2721 2718 2663
f 2665 2721 2663
f 2722 2666 2664
f 2720 2722 2664
f 2667 2721 2665
f 2723 2668 2666
f 2722 2723 2666
f 2724 2721 2667
f 2669 2724 2667
f 2725 2670 2668
f 2723 2725 2668
f 2671 2724 2669
f 2726 2672 2670
f 2725 2726 2670
f 2729 2724 2671
f 2673 2729 2671
f 2730 2677 2672
f 2726 2730 2672
f 2674 2729 2673
f 2732 2729 2674
f 2678 2732 2674
f 2676 2691 2675
f 2692 2691 2676
f 2733 2680 2677
f 2731 2733 2677
f 2730 2731 2677
f 2679 2732 2678
f 2737 2732 2679
f 2681 2737 2679
f 2738 2683 2680
f 2736 2738 2680
f 2733 2736 2680
f 2682 2737 2681
f 2740 2737 2682
f 2684 2740 2682
f 2741 2686 2683
f 2739 2741 2683
f 2738 2739 2683
f 2685 2740 2684
f 2745 2740 2685
f 2687 2745 2685
f 2746 2690 2686
f 2744 2746 2686
f 2741 2744 2686
f 2688 2745 2687
f 2689 2745 2688
f 2757 2747 2689
f 2747 2745 2689
f 2748 2818 2690
f 2818 2758 2690
f 2746 2748 2690
f 2692 2695 2691
f 2696 2695 2692
f 3323 2696 2692
f 2697 2694 2693
f 2742 2727 2693
f 2753 2749 2693
f 2749 2742 2693
f 2727 2697 2693
f 2697 2698 2694
f 2750 2754 2694
f 2698 2750 2694
f 2696 2699 2695
f 2699 2785 2695
f 2700 2699 2696
f 2792 2700 2696
f 3323 2792 2696
f 2701 2698 2697
f 2727 2701 2697
f 2701 2702 2698
f 2702 2750 2698
f 2700 2703 2699
f 2703 2785 2699
f 2704 2703 2700
f 2792 2786 2700
f 2786 2704 2700
f 2707 2702 2701
f 2727 2707 2701
f 2707 2708 2702
f 2708 2728 2702
f 2743 2750 2702
f 2728 2743 2702
f 2706 2705 2703
f 2704 2706 2703
f 2781 2785 2703
f 2705 2751 2703
f 2751 2759 2703
f 2759 2781 2703
f 2786 2706 2704
f 2712 2711 2705
f 2706 2712 2705
f 2711 2734 2705
f 2734 2751 2705
f 2786 2712 2706
f 2727 2708 2707
f 2727 2728 2708
f 2710 2777 2709
f 2777 2775 2709
f 2778 2777 2710
f 2776 2778 2710
f 2735 2734 2711
f 2712 2735 2711
f 2786 2735 2712
f 2822 2714 2713
f 2821 2822 2713
f 2715 2821 2713
f 2822 2824 2714
f 2824 2716 2714
f 2718 2823 2715
f 2823 2821 2715
f 2824 2717 2716
f 2824 2828 2717
f 2828 2719 2717
f 2721 2827 2718
f 2827 2823 2718
f 2828 2720 2719
f 2828 2829 2720
f 2829 2722 2720
f 2724 2832 2721
f 2832 2827 2721
f 2829 2833 2722
f 2833 2723 2722
f 2833 2834 2723
f 2834 2725 2723
f 2729 2837 2724
f 2837 2832 2724
f 2834 2838 2725
f 2838 2726 2725
f 2838 2839 2726
f 2839 2730 2726
f 2742 2728 2727
f 2742 2743 2728
f 2732 2840 2729
f 2840 2837 2729
f 2839 2841 2730
f 2841 2731 2730
f 2841 2844 2731
f 2844 2733 2731
f 2737 2845 2732
f 2845 2840 2732
f 2844 2846 2733
f 2846 2736 2733
f 2752 2751 2734
f 2735 2752 2734
f 2786 2752 2735
f 2846 2851 2736
f 2851 2738 2736
f 2740 2854 2737
f 2854 2845 2737
f 2851 2855 2738
f 2855 2739 2738
f 2855 2862 2739
f 2862 2741 2739
f 2745 2863 2740
f 2863 2854 2740
f 2862 2864 2741
f 2864 2744 2741
f 2749 2743 2742
f 2749 2750 2743
f 2864 2867 2744
f 2867 2746 2744
f 2747 2868 2745
f 2868 2863 2745
f 2867 2870 2746
f 2870 2748 2746
f 2817 2869 2747
f 2757 2817 2747
f 2869 2868 2747
f 2870 3259 2748
f 3259 3209 2748
f 3209 2818 2748
f 2754 2750 2749
f 2753 2754 2749
f 2760 2759 2751
f 2752 2760 2751
f 2782 2760 2752
f 2786 2782 2752
f 2756 2754 2753
f 2755 2756 2753
f 2780 2756 2755
f 2779 2780 2755
f 2928 2779 2755
f 2780 2989 2756
f 2819 2817 2757
f 2761 2819 2757
f 2818 2762 2758
f 2782 2781 2759
f 2760 2782 2759
f 2825 2819 2761
f 2763 2825 2761
f 2818 2820 2762
f 2820 2764 2762
f 2835 2825 2763
f 2765 2835 2763
f 2820 2826 2764
f 2826 2766 2764
f 2842 2835 2765
f 2767 2842 2765
f 2826 2836 2766
f 2836 2768 2766
f 2847 2842 2767
f 2769 2847 2767
f 2836 2843 2768
f 2843 2770 2768
f 2852 2847 2769
f 2771 2852 2769
f 2843 2848 2770
f 2848 2772 2770
f 2856 2852 2771
f 2773 2856 2771
f 2848 2853 2772
f 2853 2774 2772
f 2858 2856 2773
f 2775 2858 2773
f 2853 2857 2774
f 2857 2776 2774
f 2860 2858 2775
f 2777 2860 2775
f 2857 2859 2776
f 2859 2778 2776
f 2778 2860 2777
f 2861 2860 2778
f 2859 2861 2778
f 2784 2780 2779
f 2783 2784 2779
f 2928 2783 2779
f 2784 2989 2780
f 2782 2785 2781
f 2786 2785 2782
f 2788 2784 2783
f 2787 2788 2783
f 2928 2876 2783
f 2876 2787 2783
f 2877 2989 2784
f 2788 2877 2784
f 2786 2791 2785
f 2792 2791 2786
f 2790 2788 2787
f 2789 2790 2787
f 2876 2789 2787
f 2790 2877 2788
f 2796 2790 2789
f 2795 2796 2789
f 2876 2849 2789
f 2849 2795 2789
f 2850 2877 2790
f 2796 2850 2790
f 2792 2793 2791
f 2794 2793 2792
f 3323 2794 2792
f 2794 2797 2793
f 2797 3196 2793
f 3196 3200 2793
f 3200 3322 2793
f 2798 2797 2794
f 3323 2798 2794
f 2799 2796 2795
f 2809 2799 2795
f 2813 2809 2795
f 2849 2830 2795
f 2830 2813 2795
f 2799 2800 2796
f 2831 2850 2796
f 2800 2810 2796
f 2810 2814 2796
f 2814 2831 2796
f 2798 2801 2797
f 2801 3196 2797
f 2802 2801 2798
f 3197 2802 2798
f 3201 3197 2798
f 3323 3201 2798
f 2803 2800 2799
f 2809 2803 2799
f 2803 2804 2800
f 2804 2810 2800
f 2802 2805 2801
f 2805 3196 2801
f 2806 2805 2802
f 3197 2806 2802
f 2809 2804 2803
f 2809 2810 2804
f 2808 2807 2805
f 2806 2808 2805
f 2993 3196 2805
f 2807 2993 2805
f 3197 2994 2806
f 2994 2808 2806
f 2812 2811 2807
f 2808 2812 2807
f 2811 2815 2807
f 2815 2865 2807
f 2865 2913 2807
f 2913 2993 2807
f 2994 2812 2808
f 2813 2810 2809
f 2813 2814 2810
f 2816 2815 2811
f 2812 2816 2811
f 2994 2816 2812
f 2830 2814 2813
f 2830 2831 2814
f 2866 2865 2815
f 2816 2866 2815
f 2914 2866 2816
f 2994 2914 2816
f 3208 2869 2817
f 3210 3208 2817
f 2819 3210 2817
f 3209 2820 2818
f 3214 3210 2819
f 2825 3214 2819
f 3209 3211 2820
f 3211 2826 2820
f 2884 2822 2821
f 2885 2884 2821
f 2823 2885 2821
f 2884 2889 2822
f 2889 2824 2822
f 2888 2885 2823
f 2827 2888 2823
f 2891 2828 2824
f 2889 2891 2824
f 3218 3214 2825
f 2835 3218 2825
f 3211 3215 2826
f 3215 2836 2826
f 2892 2888 2827
f 2832 2892 2827
f 2891 2895 2828
f 2895 2829 2828
f 2895 2833 2829
f 2849 2831 2830
f 2849 2850 2831
f 2898 2892 2832
f 2837 2898 2832
f 2895 2897 2833
f 2897 2834 2833
f 2897 2838 2834
f 3220 3218 2835
f 2842 3220 2835
f 3215 3219 2836
f 3219 2843 2836
f 2902 2898 2837
f 2840 2902 2837
f 2897 2901 2838
f 2901 2839 2838
f 2901 2841 2839
f 2906 2902 2840
f 2845 2906 2840
f 2901 2907 2841
f 2907 2844 2841
f 3222 3220 2842
f 2847 3222 2842
f 3219 3221 2843
f 3221 2848 2843
f 2907 2846 2844
f 2911 2906 2845
f 2854 2911 2845
f 2907 2912 2846
f 2912 2851 2846
f 3224 3222 2847
f 2852 3224 2847
f 3221 3223 2848
f 3223 2853 2848
f 2877 2850 2849
f 2876 2877 2849
f 2912 2855 2851
f 3226 3224 2852
f 2856 3226 2852
f 3223 3225 2853
f 3225 2857 2853
f 2920 2911 2854
f 2863 2920 2854
f 2912 2923 2855
f 2923 2862 2855
f 3230 3226 2856
f 2858 3230 2856
f 3225 3227 2857
f 3227 2859 2857
f 3232 3230 2858
f 2860 3232 2858
f 3227 3231 2859
f 3231 2861 2859
f 2861 3232 2860
f 3233 3232 2861
f 3231 3233 2861
f 2923 2864 2862
f 2931 2920 2863
f 2868 2931 2863
f 2923 2935 2864
f 2935 2867 2864
f 2914 2913 2865
f 2866 2914 2865
f 2935 2870 2867
f 2942 2931 2868
f 2869 2942 2868
f 3208 2942 2869
f 3303 3259 2870
f 2946 3303 2870
f 2935 2946 2870
f 2921 2924 2871
f 2872 2921 2871
f 2924 2873 2871
f 2922 2921 2872
f 2874 2922 2872
f 2924 2926 2873
f 2926 2878 2873
f 2875 2922 2874
f 2925 2922 2875
f 2879 2925 2875
f 2919 2877 2876
f 2918 2919 2876
f 2928 2918 2876
f 2919 2989 2877
f 2926 2927 2878
f 2927 2881 2878
f 2880 2925 2879
f 2930 2925 2880
f 2882 2930 2880
f 2927 2932 2881
f 2932 2886 2881
f 2937 2930 2882
f 2883 2937 2882
f 2887 2937 2883
f 2933 2889 2884
f 2936 2933 2884
f 2885 2936 2884
f 2938 2936 2885
f 2888 2938 2885
f 2932 2939 2886
f 2939 2893 2886
f 2944 2937 2887
f 2890 2944 2887
f 2943 2938 2888
f 2892 2943 2888
f 2933 2934 2889
f 2934 2941 2889
f 2941 2891 2889
f 2894 2944 2890
f 2941 2895 2891
f 2948 2943 2892
f 2898 2948 2892
f 2939 2947 2893
f 2947 2899 2893
f 2950 2944 2894
f 2896 2950 2894
f 2945 2897 2895
f 2941 2945 2895
f 2900 2950 2896
f 2949 2901 2897
f 2945 2949 2897
f 2952 2948 2898
f 2902 2952 2898
f 2947 2951 2899
f 2951 2904 2899
f 2954 2950 2900
f 2903 2954 2900
f 2953 2907 2901
f 2949 2953 2901
f 2955 2952 2902
f 2906 2955 2902
f 2905 2954 2903
f 2951 2956 2904
f 2956 2909 2904
f 2963 2954 2905
f 2908 2963 2905
f 2966 2955 2906
f 2911 2966 2906
f 2958 2912 2907
f 2953 2958 2907
f 2910 2963 2908
f 2956 2968 2909
f 2968 2916 2909
f 2977 2963 2910
f 2915 2977 2910
f 2979 2966 2911
f 2920 2979 2911
f 2971 2923 2912
f 2958 2971 2912
f 2994 2993 2913
f 2914 2994 2913
f 2917 2977 2915
f 2968 2982 2916
f 2982 2928 2916
f 2989 2977 2917
f 2929 2989 2917
f 2996 2919 2918
f 2995 2996 2918
f 2928 2995 2918
f 2996 2989 2919
f 2992 2979 2920
f 2931 2992 2920
f 2957 2924 2921
f 2922 2959 2921
f 2959 2957 2921
f 2960 2959 2922
f 2925 2960 2922
f 2985 2935 2923
f 2971 2985 2923
f 2957 2961 2924
f 2961 2926 2924
f 2965 2960 2925
f 2930 2965 2925
f 2961 2964 2926
f 2964 2927 2926
f 2964 2967 2927
f 2967 2932 2927
f 3212 3204 2928
f 3204 3198 2928
f 3198 3192 2928
f 3192 2995 2928
f 3238 3212 2928
f 2998 3238 2928
f 2982 2998 2928
f 2974 2965 2930
f 2937 2974 2930
f 3015 2992 2931
f 2942 3015 2931
f 2967 2973 2932
f 2973 2939 2932
f 2940 2934 2933
f 2969 2940 2933
f 2972 2969 2933
f 2936 2972 2933
f 2940 2941 2934
f 3005 2946 2935
f 2985 3005 2935
f 2975 2972 2936
f 2938 2975 2936
f 2984 2974 2937
f 2944 2984 2937
f 2980 2975 2938
f 2943 2980 2938
f 2973 2981 2939
f 2981 2947 2939
f 2969 2970 2940
f 2970 2978 2940
f 2978 2941 2940
f 2978 2945 2941
f 3208 3015 2942
f 2986 2980 2943
f 2948 2986 2943
f 2997 2984 2944
f 2950 2997 2944
f 2978 2983 2945
f 2983 2949 2945
f 3044 3303 2946
f 3005 3044 2946
f 2981 2988 2947
f 2988 2951 2947
f 3002 2986 2948
f 2952 3002 2948
f 2983 2987 2949
f 2987 2953 2949
f 3017 2997 2950
f 2954 3017 2950
f 2988 3008 2951
f 3008 2956 2951
f 3024 3002 2952
f 2955 3024 2952
f 2987 3004 2953
f 3004 2958 2953
f 3054 3017 2954
f 2963 3054 2954
f 3056 3024 2955
f 2966 3056 2955
f 3008 3039 2956
f 3039 2968 2956
f 2962 2961 2957
f 2959 2962 2957
f 3004 3032 2958
f 3032 2971 2958
f 2990 2962 2959
f 2991 2990 2959
f 2999 2991 2959
f 2960 2999 2959
f 3011 2999 2960
f 2965 3011 2960
f 2990 3000 2961
f 2962 2990 2961
f 3000 2964 2961
f 3080 3054 2963
f 2977 3080 2963
f 3000 3003 2964
f 3003 2967 2964
f 3031 3011 2965
f 2974 3031 2965
f 3081 3056 2966
f 2979 3081 2966
f 3003 3009 2967
f 3009 2973 2967
f 3039 3067 2968
f 3067 2982 2968
f 2976 2970 2969
f 3006 2976 2969
f 3010 3006 2969
f 2972 3010 2969
f 2976 2978 2970
f 3032 3061 2971
f 3061 2985 2971
f 3013 3010 2972
f 2975 3013 2972
f 3009 3016 2973
f 3016 2981 2973
f 3052 3031 2974
f 2984 3052 2974
f 3035 3013 2975
f 2980 3035 2975
f 3006 3007 2976
f 3007 3014 2976
f 3014 2978 2976
f 3105 3080 2977
f 2989 3105 2977
f 3014 2983 2978
f 3104 3081 2979
f 2992 3104 2979
f 3051 3035 2980
f 2986 3051 2980
f 3016 3045 2981
f 3045 2988 2981
f 3067 3092 2982
f 3092 2998 2982
f 3014 3030 2983
f 3030 2987 2983
f 3075 3052 2984
f 2997 3075 2984
f 3061 3087 2985
f 3087 3005 2985
f 3071 3051 2986
f 3002 3071 2986
f 3030 3049 2987
f 3049 3004 2987
f 3045 3065 2988
f 3065 3008 2988
f 2996 3193 2989
f 3193 3199 2989
f 3199 3205 2989
f 3205 3105 2989
f 3001 3000 2990
f 2991 3001 2990
f 3034 3025 2991
f 3025 3022 2991
f 3022 3021 2991
f 3021 3018 2991
f 3018 3001 2991
f 2999 3034 2991
f 3130 3104 2992
f 3015 3130 2992
f 2994 3196 2993
f 3197 3196 2994
f 3193 2996 2995
f 3192 3193 2995
f 3097 3075 2997
f 3017 3097 2997
f 3116 3238 2998
f 3092 3116 2998
f 3036 3034 2999
f 3041 3036 2999
f 3011 3041 2999
f 3001 3026 3000
f 3026 3003 3000
f 3019 3026 3001
f 3018 3019 3001
f 3091 3071 3002
f 3024 3091 3002
f 3026 3033 3003
f 3033 3009 3003
f 3049 3068 3004
f 3068 3032 3004
f 3087 3115 3005
f 3115 3044 3005
f 3012 3007 3006
f 3026 3012 3006
f 3033 3026 3006
f 3010 3033 3006
f 3012 3014 3007
f 3065 3084 3008
f 3084 3039 3008
f 3033 3042 3009
f 3042 3016 3009
f 3042 3033 3010
f 3013 3042 3010
f 3046 3041 3011
f 3058 3046 3011
f 3031 3058 3011
f 3026 3027 3012
f 3027 3028 3012
f 3028 3014 3012
f 3053 3042 3013
f 3035 3053 3013
f 3028 3030 3014
f 3208 3130 3015
f 3042 3053 3016
f 3053 3045 3016
f 3119 3097 3017
f 3054 3119 3017
f 3020 3019 3018
f 3021 3020 3018
f 3027 3026 3019
f 3020 3027 3019
f 3028 3027 3020
f 3023 3028 3020
f 3021 3023 3020
f 3022 3023 3021
f 3025 3023 3022
f 3037 3029 3023
f 3029 3028 3023
f 3034 3037 3023
f 3025 3034 3023
f 3111 3091 3024
f 3056 3111 3024
f 3040 3030 3028
f 3029 3040 3028
f 3038 3043 3029
f 3043 3040 3029
f 3037 3038 3029
f 3040 3049 3030
f 3076 3063 3031
f 3063 3060 3031
f 3060 3058 3031
f 3052 3076 3031
f 3068 3089 3032
f 3089 3061 3032
f 3036 3037 3034
f 3069 3053 3035
f 3051 3069 3035
f 3041 3037 3036
f 3047 3038 3037
f 3041 3047 3037
f 3050 3048 3038
f 3048 3043 3038
f 3047 3050 3038
f 3084 3106 3039
f 3106 3067 3039
f 3055 3049 3040
f 3043 3055 3040
f 3046 3047 3041
f 3048 3057 3043
f 3057 3055 3043
f 3375 3303 3044
f 3140 3375 3044
f 3115 3140 3044
f 3053 3069 3045
f 3069 3065 3045
f 3058 3047 3046
f 3064 3050 3047
f 3058 3064 3047
f 3059 3062 3048
f 3062 3057 3048
f 3050 3059 3048
f 3055 3068 3049
f 3066 3059 3050
f 3064 3066 3050
f 3086 3069 3051
f 3071 3086 3051
f 3078 3076 3052
f 3090 3078 3052
f 3075 3090 3052
f 3143 3119 3054
f 3080 3143 3054
f 3073 3068 3055
f 3057 3073 3055
f 3134 3111 3056
f 3081 3134 3056
f 3062 3074 3057
f 3074 3073 3057
f 3060 3064 3058
f 3072 3070 3059
f 3070 3062 3059
f 3066 3072 3059
f 3063 3064 3060
f 3089 3110 3061
f 3110 3087 3061
f 3070 3077 3062
f 3077 3074 3062
f 3076 3064 3063
f 3079 3066 3064
f 3076 3079 3064
f 3069 3086 3065
f 3086 3084 3065
f 3083 3072 3066
f 3079 3083 3066
f 3106 3129 3067
f 3129 3092 3067
f 3073 3089 3068
f 3082 3085 3070
f 3085 3077 3070
f 3072 3082 3070
f 3107 3086 3071
f 3091 3107 3071
f 3088 3082 3072
f 3083 3088 3072
f 3093 3089 3073
f 3074 3093 3073
f 3077 3094 3074
f 3094 3093 3074
f 3112 3100 3075
f 3100 3098 3075
f 3098 3090 3075
f 3097 3112 3075
f 3078 3079 3076
f 3085 3099 3077
f 3099 3094 3077
f 3090 3079 3078
f 3101 3083 3079
f 3090 3098 3079
f 3098 3101 3079
f 3164 3143 3080
f 3105 3164 3080
f 3159 3134 3081
f 3104 3159 3081
f 3096 3095 3082
f 3095 3085 3082
f 3088 3096 3082
f 3102 3088 3083
f 3101 3102 3083
f 3086 3107 3084
f 3107 3106 3084
f 3095 3103 3085
f 3103 3099 3085
f 3110 3137 3087
f 3137 3115 3087
f 3108 3096 3088
f 3102 3108 3088
f 3093 3110 3089
f 3128 3107 3091
f 3111 3128 3091
f 3129 3154 3092
f 3154 3116 3092
f 3117 3110 3093
f 3094 3117 3093
f 3099 3118 3094
f 3118 3117 3094
f 3109 3113 3095
f 3113 3103 3095
f 3096 3109 3095
f 3114 3109 3096
f 3108 3114 3096
f 3121 3112 3097
f 3131 3121 3097
f 3119 3131 3097
f 3100 3101 3098
f 3103 3120 3099
f 3120 3118 3099
f 3112 3101 3100
f 3122 3102 3101
f 3112 3122 3101
f 3125 3108 3102
f 3122 3125 3102
f 3113 3126 3103
f 3126 3120 3103
f 3185 3159 3104
f 3130 3185 3104
f 3205 3213 3105
f 3213 3164 3105
f 3107 3128 3106
f 3128 3129 3106
f 3127 3114 3108
f 3125 3127 3108
f 3124 3123 3109
f 3123 3113 3109
f 3114 3124 3109
f 3117 3137 3110
f 3152 3128 3111
f 3134 3152 3111
f 3121 3122 3112
f 3123 3132 3113
f 3132 3126 3113
f 3133 3124 3114
f 3127 3133 3114
f 3137 3161 3115
f 3161 3140 3115
f 3178 3238 3116
f 3154 3178 3116
f 3141 3137 3117
f 3118 3141 3117
f 3120 3142 3118
f 3142 3141 3118
f 3156 3145 3119
f 3145 3136 3119
f 3136 3131 3119
f 3143 3156 3119
f 3126 3144 3120
f 3144 3142 3120
f 3131 3122 3121
f 3146 3125 3122
f 3136 3146 3122
f 3131 3136 3122
f 3124 3135 3123
f 3135 3138 3123
f 3138 3132 3123
f 3133 3139 3124
f 3139 3135 3124
f 3147 3127 3125
f 3146 3147 3125
f 3132 3148 3126
f 3148 3144 3126
f 3151 3133 3127
f 3147 3151 3127
f 3152 3129 3128
f 3152 3154 3129
f 3208 3185 3130
f 3138 3153 3132
f 3153 3148 3132
f 3151 3155 3133
f 3155 3139 3133
f 3177 3152 3134
f 3159 3177 3134
f 3149 3138 3135
f 3150 3149 3135
f 3139 3150 3135
f 3145 3146 3136
f 3141 3161 3137
f 3157 3153 3138
f 3149 3157 3138
f 3158 3150 3139
f 3155 3158 3139
f 3190 3375 3140
f 3161 3190 3140
f 3165 3161 3141
f 3142 3165 3141
f 3144 3166 3142
f 3166 3165 3142
f 3168 3156 3143
f 3164 3168 3143
f 3148 3167 3144
f 3167 3166 3144
f 3156 3146 3145
f 3169 3147 3146
f 3156 3169 3146
f 3169 3172 3147
f 3172 3151 3147
f 3153 3173 3148
f 3173 3167 3148
f 3162 3157 3149
f 3160 3162 3149
f 3150 3160 3149
f 3163 3160 3150
f 3158 3163 3150
f 3172 3174 3151
f 3174 3155 3151
f 3177 3154 3152
f 3175 3173 3153
f 3157 3175 3153
f 3177 3178 3154
f 3176 3158 3155
f 3174 3176 3155
f 3168 3169 3156
f 3179 3175 3157
f 3162 3179 3157
f 3180 3163 3158
f 3176 3180 3158
f 3195 3177 3159
f 3185 3195 3159
f 3170 3162 3160
f 3171 3170 3160
f 3163 3171 3160
f 3165 3190 3161
f 3183 3179 3162
f 3170 3183 3162
f 3184 3171 3163
f 3180 3184 3163
f 3213 3181 3164
f 3181 3168 3164
f 3194 3190 3165
f 3166 3194 3165
f 3167 3194 3166
f 3173 3194 3167
f 3181 3169 3168
f 3181 3353 3169
f 3353 3354 3169
f 3354 3172 3169
f 3186 3183 3170
f 3182 3186 3170
f 3171 3182 3170
f 3187 3182 3171
f 3184 3187 3171
f 3354 3355 3172
f 3355 3174 3172
f 3175 3194 3173
f 3355 3356 3174
f 3356 3176 3174
f 3179 3194 3175
f 3356 3357 3176
f 3357 3180 3176
f 3195 3178 3177
f 3195 3238 3178
f 3183 3194 3179
f 3357 3358 3180
f 3358 3184 3180
f 3352 3353 3181
f 3213 3239 3181
f 3239 3352 3181
f 3189 3186 3182
f 3188 3189 3182
f 3187 3188 3182
f 3186 3194 3183
f 3358 3359 3184
f 3359 3187 3184
f 3208 3195 3185
f 3189 3194 3186
f 3359 3360 3187
f 3360 3188 3187
f 3360 3361 3188
f 3361 3191 3188
f 3191 3189 3188
f 3191 3194 3189
f 3194 3375 3190
f 3361 3362 3191
f 3362 3194 3191
f 3199 3193 3192
f 3198 3199 3192
f 3362 3375 3194
f 3208 3238 3195
f 3197 3200 3196
f 3201 3200 3197
f 3205 3199 3198
f 3204 3205 3198
f 3201 3202 3200
f 3202 3322 3200
f 3203 3202 3201
f 3323 3203 3201
f 3203 3206 3202
f 3206 3322 3202
f 3207 3206 3203
f 3323 3207 3203
f 3213 3205 3204
f 3212 3213 3204
f 3207 3216 3206
f 3216 3322 3206
f 3217 3216 3207
f 3323 3217 3207
f 3258 3238 3208
f 3210 3260 3208
f 3260 3258 3208
f 3259 3211 3209
f 3214 3264 3210
f 3264 3260 3210
f 3259 3261 3211
f 3261 3215 3211
f 3239 3213 3212
f 3238 3239 3212
f 3218 3268 3214
f 3268 3264 3214
f 3261 3265 3215
f 3265 3219 3215
f 3217 3228 3216
f 3228 3322 3216
f 3229 3228 3217
f 3323 3229 3217
f 3220 3270 3218
f 3270 3268 3218
f 3265 3269 3219
f 3269 3221 3219
f 3222 3272 3220
f 3272 3270 3220
f 3269 3271 3221
f 3271 3223 3221
f 3224 3274 3222
f 3274 3272 3222
f 3271 3273 3223
f 3273 3225 3223
f 3226 3276 3224
f 3276 3274 3224
f 3273 3275 3225
f 3275 3227 3225
f 3230 3278 3226
f 3278 3276 3226
f 3275 3277 3227
f 3277 3231 3227
f 3235 3234 3228
f 3229 3235 3228
f 3234 3322 3228
f 3323 3235 3229
f 3232 3244 3230
f 3244 3278 3230
f 3277 3279 3231
f 3279 3245 3231
f 3245 3233 3231
f 3233 3244 3232
f 3245 3244 3233
f 3237 3236 3234
f 3235 3237 3234
f 3236 3322 3234
f 3323 3237 3235
f 3241 3240 3236
f 3237 3241 3236
f 3240 3322 3236
f 3323 3241 3237
f 3247 3239 3238
f 3246 3247 3238
f 3258 3246 3238
f 3247 3352 3239
f 3243 3242 3240
f 3241 3243 3240
f 3242 3322 3240
f 3323 3243 3241
f 3249 3248 3242
f 3243 3249 3242
f 3248 3322 3242
f 3323 3249 3243
f 3245 3280 3244
f 3280 3278 3244
f 3281 3280 3245
f 3279 3281 3245
f 3253 3247 3246
f 3252 3253 3246
f 3302 3252 3246
f 3258 3302 3246
f 3253 3352 3247
f 3251 3250 3248
f 3249 3251 3248
f 3250 3322 3248
f 3323 3251 3249
f 3251 3254 3250
f 3254 3322 3250
f 3255 3254 3251
f 3323 3255 3251
f 3257 3253 3252
f 3256 3257 3252
f 3374 3256 3252
f 3302 3374 3252
f 3372 3352 3253
f 3257 3372 3253
f 3255 3262 3254
f 3262 3322 3254
f 3263 3262 3255
f 3323 3263 3255
f 3267 3257 3256
f 3266 3267 3256
f 3487 3266 3256
f 3374 3487 3256
f 3391 3372 3257
f 3267 3391 3257
f 3304 3302 3258
f 3260 3304 3258
f 3303 3261 3259
f 3306 3304 3260
f 3264 3306 3260
f 3305 3265 3261
f 3303 3305 3261
f 3263 3282 3262
f 3282 3322 3262
f 3283 3282 3263
f 3323 3283 3263
f 3308 3306 3264
f 3268 3308 3264
f 3307 3269 3265
f 3305 3307 3265
f 3285 3267 3266
f 3284 3285 3266
f 3600 3284 3266
f 3487 3600 3266
f 3285 3630 3267
f 3630 3594 3267
f 3594 3438 3267
f 3417 3391 3267
f 3438 3417 3267
f 3310 3308 3268
f 3270 3310 3268
f 3309 3271 3269
f 3307 3309 3269
f 3312 3310 3270
f 3272 3312 3270
f 3311 3273 3271
f 3309 3311 3271
f 3314 3312 3272
f 3274 3314 3272
f 3313 3275 3273
f 3311 3313 3273
f 3316 3314 3274
f 3276 3316 3274
f 3315 3277 3275
f 3313 3315 3275
f 3318 3316 3276
f 3278 3318 3276
f 3317 3279 3277
f 3315 3317 3277
f 3300 3318 3278
f 3280 3300 3278
f 3301 3281 3279
f 3319 3301 3279
f 3317 3319 3279
f 3281 3300 3280
f 3301 3300 3281
f 3283 3286 3282
f 3286 3322 3282
f 3287 3286 3283
f 3323 3287 3283
f 3289 3285 3284
f 3288 3289 3284
f 3633 3288 3284
f 3600 3633 3284
f 3289 3653 3285
f 3653 3658 3285
f 3658 3630 3285
f 3287 3290 3286
f 3419 3322 3286
f 3290 3419 3286
f 3291 3290 3287
f 3323 3291 3287
f 3293 3289 3288
f 3292 3293 3288
f 3660 3292 3288
f 3633 3660 3288
f 3293 3653 3289
f 3291 3294 3290
f 3294 3419 3290
f 3295 3294 3291
f 3323 3421 3291
f 3421 3295 3291
f 3297 3293 3292
f 3296 3297 3292
f 3651 3296 3292
f 3660 3651 3292
f 3617 3653 3293
f 3297 3617 3293
f 3295 3298 3294
f 3563 3419 3294
f 3298 3563 3294
f 3299 3298 3295
f 3421 3299 3295
f 3299 3297 3296
f 3298 3299 3296
f 3613 3298 3296
f 3651 3613 3296
f 3575 3617 3297
f 3299 3575 3297
f 3613 3563 3298
f 3421 3575 3299
f 3301 3320 3300
f 3320 3318 3300
f 3321 3320 3301
f 3319 3321 3301
f 3304 3376 3302
f 3376 3374 3302
f 3375 3305 3303
f 3306 3377 3304
f 3377 3376 3304
f 3375 3378 3305
f 3378 3307 3305
f 3308 3381 3306
f 3381 3377 3306
f 3378 3383 3307
f 3383 3309 3307
f 3310 3389 3308
f 3389 3381 3308
f 3383 3393 3309
f 3393 3311 3309
f 3312 3396 3310
f 3396 3394 3310
f 3394 3389 3310
f 3393 3395 3311
f 3395 3313 3311
f 3314 3398 3312
f 3398 3396 3312
f 3395 3397 3313
f 3397 3315 3313
f 3316 3401 3314
f 3401 3398 3314
f 3397 3399 3315
f 3399 3317 3315
f 3318 3404 3316
f 3404 3401 3316
f 3399 3402 3317
f 3402 3319 3317
f 3407 3405 3318
f 3405 3404 3318
f 3320 3407 3318
f 3402 3406 3319
f 3406 3321 3319
f 3321 3408 3320
f 3408 3407 3320
f 3409 3408 3321
f 3406 3409 3321
f 3419 3324 3322
f 3425 3421 3323
f 3325 3425 3323
f 3419 3423 3324
f 3423 3326 3324
f 3428 3425 3325
f 3328 3428 3325
f 3423 3426 3326
f 3426 3327 3326
f 3426 3329 3327
f 3433 3428 3328
f 3331 3433 3328
f 3430 3330 3329
f 3426 3430 3329
f 3430 3332 3330
f 3440 3433 3331
f 3334 3440 3331
f 3436 3333 3332
f 3430 3436 3332
f 3436 3335 3333
f 3443 3440 3334
f 3337 3443 3334
f 3442 3336 3335
f 3436 3442 3335
f 3442 3338 3336
f 3446 3443 3337
f 3340 3446 3337
f 3445 3339 3338
f 3442 3445 3338
f 3445 3341 3339
f 3450 3446 3340
f 3343 3450 3340
f 3447 3342 3341
f 3445 3447 3341
f 3447 3344 3342
f 3455 3450 3343
f 3346 3455 3343
f 3449 3345 3344
f 3447 3449 3344
f 3449 3347 3345
f 3456 3455 3346
f 3349 3456 3346
f 3451 3348 3347
f 3449 3451 3347
f 3451 3350 3348
f 3457 3456 3349
f 3351 3457 3349
f 3453 3351 3350
f 3451 3453 3350
f 3453 3457 3351
f 3372 3353 3352
f 3372 3373 3353
f 3373 3354 3353
f 3371 3355 3354
f 3373 3371 3354
f 3370 3356 3355
f 3371 3370 3355
f 3369 3357 3356
f 3370 3369 3356
f 3368 3358 3357
f 3369 3368 3357
f 3367 3359 3358
f 3368 3367 3358
f 3366 3360 3359
f 3367 3366 3359
f 3365 3361 3360
f 3366 3365 3360
f 3364 3362 3361
f 3365 3364 3361
f 3469 3375 3362
f 3363 3469 3362
f 3364 3363 3362
f 3379 3469 3363
f 3380 3379 3363
f 3364 3380 3363
f 3382 3380 3364
f 3365 3382 3364
f 3384 3382 3365
f 3366 3384 3365
f 3385 3384 3366
f 3367 3385 3366
f 3386 3385 3367
f 3368 3386 3367
f 3387 3386 3368
f 3369 3387 3368
f 3388 3387 3369
f 3370 3388 3369
f 3390 3388 3370
f 3371 3390 3370
f 3392 3390 3371
f 3373 3392 3371
f 3391 3373 3372
f 3391 3392 3373
f 3496 3487 3374
f 3376 3496 3374
f 3469 3378 3375
f 3377 3496 3376
f 3502 3496 3377
f 3381 3502 3377
f 3469 3474 3378
f 3474 3383 3378
f 3476 3469 3379
f 3484 3476 3379
f 3400 3484 3379
f 3403 3400 3379
f 3380 3403 3379
f 3410 3403 3380
f 3382 3410 3380
f 3513 3502 3381
f 3389 3513 3381
f 3411 3410 3382
f 3384 3411 3382
f 3474 3485 3383
f 3485 3393 3383
f 3412 3411 3384
f 3385 3412 3384
f 3413 3412 3385
f 3386 3413 3385
f 3414 3413 3386
f 3387 3414 3386
f 3415 3414 3387
f 3388 3415 3387
f 3416 3415 3388
f 3390 3416 3388
f 3523 3513 3389
f 3394 3523 3389
f 3418 3416 3390
f 3392 3418 3390
f 3417 3392 3391
f 3417 3418 3392
f 3485 3492 3393
f 3492 3395 3393
f 3532 3523 3394
f 3396 3532 3394
f 3492 3500 3395
f 3500 3397 3395
f 3541 3532 3396
f 3398 3541 3396
f 3500 3509 3397
f 3509 3399 3397
f 3551 3541 3398
f 3401 3551 3398
f 3509 3514 3399
f 3514 3402 3399
f 3420 3484 3400
f 3422 3420 3400
f 3403 3422 3400
f 3554 3551 3401
f 3404 3554 3401
f 3514 3519 3402
f 3519 3406 3402
f 3424 3422 3403
f 3410 3424 3403
f 3405 3554 3404
f 3560 3554 3405
f 3407 3560 3405
f 3519 3521 3406
f 3521 3409 3406
f 3562 3560 3407
f 3408 3562 3407
f 3409 3525 3408
f 3525 3524 3408
f 3524 3562 3408
f 3521 3525 3409
f 3427 3424 3410
f 3411 3427 3410
f 3429 3427 3411
f 3412 3429 3411
f 3431 3429 3412
f 3413 3431 3412
f 3432 3431 3413
f 3414 3432 3413
f 3435 3432 3414
f 3415 3435 3414
f 3437 3435 3415
f 3416 3437 3415
f 3439 3437 3416
f 3418 3439 3416
f 3438 3418 3417
f 3438 3439 3418
f 3563 3423 3419
f 3434 3484 3420
f 3441 3434 3420
f 3422 3441 3420
f 3577 3575 3421
f 3425 3577 3421
f 3444 3441 3422
f 3424 3444 3422
f 3563 3576 3423
f 3576 3426 3423
f 3448 3444 3424
f 3427 3448 3424
f 3580 3577 3425
f 3428 3580 3425
f 3578 3430 3426
f 3576 3578 3426
f 3454 3448 3427
f 3429 3454 3427
f 3582 3580 3428
f 3433 3582 3428
f 3458 3454 3429
f 3431 3458 3429
f 3581 3436 3430
f 3578 3581 3430
f 3460 3458 3431
f 3432 3460 3431
f 3461 3460 3432
f 3435 3461 3432
f 3584 3582 3433
f 3440 3584 3433
f 3452 3484 3434
f 3459 3452 3434
f 3441 3459 3434
f 3462 3461 3435
f 3437 3462 3435
f 3583 3442 3436
f 3581 3583 3436
f 3464 3462 3437
f 3439 3464 3437
f 3463 3439 3438
f 3594 3463 3438
f 3463 3464 3439
f 3587 3584 3440
f 3443 3587 3440
f 3465 3459 3441
f 3444 3465 3441
f 3585 3445 3442
f 3583 3585 3442
f 3589 3587 3443
f 3446 3589 3443
f 3467 3465 3444
f 3448 3467 3444
f 3586 3447 3445
f 3585 3586 3445
f 3593 3589 3446
f 3450 3593 3446
f 3588 3449 3447
f 3586 3588 3447
f 3470 3467 3448
f 3454 3470 3448
f 3590 3451 3449
f 3588 3590 3449
f 3595 3593 3450
f 3455 3595 3450
f 3590 3591 3451
f 3591 3453 3451
f 3466 3484 3452
f 3468 3466 3452
f 3459 3468 3452
f 3592 3597 3453
f 3597 3457 3453
f 3591 3592 3453
f 3472 3470 3454
f 3458 3472 3454
f 3596 3595 3455
f 3456 3596 3455
f 3597 3596 3456
f 3457 3597 3456
f 3475 3472 3458
f 3460 3475 3458
f 3473 3468 3459
f 3465 3473 3459
f 3477 3475 3460
f 3461 3477 3460
f 3480 3477 3461
f 3462 3480 3461
f 3483 3480 3462
f 3464 3483 3462
f 3482 3464 3463
f 3594 3482 3463
f 3482 3483 3464
f 3481 3473 3465
f 3467 3481 3465
f 3471 3478 3466
f 3486 3484 3466
f 3478 3486 3466
f 3479 3471 3466
f 3468 3479 3466
f 3489 3481 3467
f 3470 3489 3467
f 3490 3479 3468
f 3473 3490 3468
f 3476 3474 3469
f 3495 3489 3470
f 3472 3495 3470
f 3491 3478 3471
f 3479 3491 3471
f 3499 3495 3472
f 3475 3499 3472
f 3498 3490 3473
f 3481 3498 3473
f 3488 3485 3474
f 3476 3488 3474
f 3504 3499 3475
f 3477 3504 3475
f 3484 3488 3476
f 3507 3504 3477
f 3480 3507 3477
f 3494 3486 3478
f 3491 3494 3478
f 3501 3491 3479
f 3490 3501 3479
f 3511 3507 3480
f 3483 3511 3480
f 3508 3498 3481
f 3489 3508 3481
f 3510 3483 3482
f 3594 3510 3482
f 3510 3511 3483
f 3493 3488 3484
f 3486 3493 3484
f 3497 3492 3485
f 3488 3497 3485
f 3494 3493 3486
f 3602 3600 3487
f 3496 3602 3487
f 3493 3497 3488
f 3515 3508 3489
f 3495 3515 3489
f 3512 3501 3490
f 3498 3512 3490
f 3505 3494 3491
f 3501 3505 3491
f 3506 3500 3492
f 3497 3506 3492
f 3503 3497 3493
f 3494 3503 3493
f 3505 3503 3494
f 3522 3515 3495
f 3499 3522 3495
f 3606 3602 3496
f 3502 3606 3496
f 3503 3506 3497
f 3520 3512 3498
f 3508 3520 3498
f 3529 3522 3499
f 3504 3529 3499
f 3517 3509 3500
f 3506 3517 3500
f 3518 3505 3501
f 3512 3518 3501
f 3608 3606 3502
f 3513 3608 3502
f 3516 3506 3503
f 3505 3516 3503
f 3533 3529 3504
f 3507 3533 3504
f 3518 3516 3505
f 3516 3517 3506
f 3535 3533 3507
f 3511 3535 3507
f 3531 3520 3508
f 3515 3531 3508
f 3527 3514 3509
f 3517 3527 3509
f 3534 3511 3510
f 3594 3534 3510
f 3534 3535 3511
f 3530 3518 3512
f 3520 3530 3512
f 3611 3608 3513
f 3523 3611 3513
f 3536 3519 3514
f 3527 3536 3514
f 3542 3531 3515
f 3522 3542 3515
f 3528 3517 3516
f 3518 3528 3516
f 3528 3527 3517
f 3530 3528 3518
f 3543 3521 3519
f 3536 3543 3519
f 3540 3530 3520
f 3531 3540 3520
f 3544 3525 3521
f 3543 3544 3521
f 3550 3542 3522
f 3529 3550 3522
f 3616 3611 3523
f 3532 3616 3523
f 3579 3562 3524
f 3525 3526 3524
f 3526 3579 3524
f 3548 3547 3525
f 3547 3545 3525
f 3545 3538 3525
f 3538 3537 3525
f 3537 3526 3525
f 3544 3548 3525
f 3537 3579 3526
f 3528 3539 3527
f 3539 3536 3527
f 3530 3539 3528
f 3553 3550 3529
f 3533 3553 3529
f 3540 3539 3530
f 3552 3540 3531
f 3542 3552 3531
f 3619 3616 3532
f 3541 3619 3532
f 3555 3553 3533
f 3535 3555 3533
f 3546 3555 3534
f 3555 3535 3534
f 3594 3546 3534
f 3539 3549 3536
f 3549 3543 3536
f 3538 3579 3537
f 3545 3614 3538
f 3614 3579 3538
f 3540 3549 3539
f 3552 3549 3540
f 3620 3619 3541
f 3551 3620 3541
f 3561 3552 3542
f 3550 3561 3542
f 3549 3558 3543
f 3558 3544 3543
f 3558 3565 3544
f 3565 3548 3544
f 3547 3610 3545
f 3610 3612 3545
f 3612 3614 3545
f 3556 3555 3546
f 3594 3598 3546
f 3598 3556 3546
f 3548 3557 3547
f 3557 3610 3547
f 3568 3567 3548
f 3567 3566 3548
f 3566 3557 3548
f 3565 3568 3548
f 3552 3558 3549
f 3569 3561 3550
f 3553 3569 3550
f 3622 3620 3551
f 3554 3622 3551
f 3561 3558 3552
f 3572 3569 3553
f 3555 3572 3553
f 3624 3622 3554
f 3560 3624 3554
f 3556 3572 3555
f 3559 3572 3556
f 3598 3559 3556
f 3566 3610 3557
f 3561 3565 3558
f 3564 3572 3559
f 3599 3564 3559
f 3598 3599 3559
f 3625 3624 3560
f 3562 3625 3560
f 3569 3565 3561
f 3579 3625 3562
f 3613 3576 3563
f 3570 3572 3564
f 3599 3601 3564
f 3601 3570 3564
f 3569 3568 3565
f 3609 3610 3566
f 3567 3609 3566
f 3568 3571 3567
f 3607 3609 3567
f 3571 3607 3567
f 3572 3573 3568
f 3573 3574 3568
f 3574 3571 3568
f 3569 3572 3568
f 3573 3572 3570
f 3601 3573 3570
f 3574 3607 3571
f 3605 3574 3573
f 3601 3605 3573
f 3605 3607 3574
f 3577 3621 3575
f 3621 3617 3575
f 3618 3578 3576
f 3613 3618 3576
f 3580 3626 3577
f 3626 3621 3577
f 3623 3581 3578
f 3618 3623 3578
f 3615 3625 3579
f 3614 3615 3579
f 3582 3628 3580
f 3628 3626 3580
f 3627 3583 3581
f 3623 3627 3581
f 3584 3631 3582
f 3631 3628 3582
f 3629 3585 3583
f 3627 3629 3583
f 3587 3638 3584
f 3638 3631 3584
f 3632 3586 3585
f 3629 3632 3585
f 3637 3588 3586
f 3632 3637 3586
f 3589 3640 3587
f 3640 3638 3587
f 3639 3590 3588
f 3637 3639 3588
f 3593 3645 3589
f 3645 3640 3589
f 3639 3643 3590
f 3643 3591 3590
f 3643 3644 3591
f 3644 3603 3591
f 3603 3592 3591
f 3603 3604 3592
f 3604 3597 3592
f 3595 3647 3593
f 3647 3645 3593
f 3630 3598 3594
f 3596 3650 3595
f 3650 3647 3595
f 3597 3604 3596
f 3604 3650 3596
f 3630 3634 3598
f 3634 3599 3598
f 3634 3642 3599
f 3642 3601 3599
f 3641 3633 3600
f 3602 3641 3600
f 3642 3648 3601
f 3648 3605 3601
f 3649 3641 3602
f 3606 3649 3602
f 3646 3652 3603
f 3652 3604 3603
f 3644 3646 3603
f 3652 3650 3604
f 3648 3654 3605
f 3654 3607 3605
f 3655 3649 3606
f 3608 3655 3606
f 3654 3659 3607
f 3659 3609 3607
f 3661 3655 3608
f 3611 3661 3608
f 3659 3663 3609
f 3663 3610 3609
f 3663 3670 3610
f 3670 3612 3610
f 3666 3661 3611
f 3616 3666 3611
f 3670 3672 3612
f 3672 3614 3612
f 3651 3618 3613
f 3636 3615 3614
f 3672 3675 3614
f 3675 3636 3614
f 3635 3625 3615
f 3636 3635 3615
f 3673 3666 3616
f 3619 3673 3616
f 3657 3653 3617
f 3621 3657 3617
f 3651 3656 3618
f 3656 3623 3618
f 3679 3673 3619
f 3620 3679 3619
f 3681 3679 3620
f 3622 3681 3620
f 3664 3657 3621
f 3626 3664 3621
f 3683 3681 3622
f 3624 3683 3622
f 3656 3662 3623
f 3662 3627 3623
f 3635 3683 3624
f 3625 3635 3624
f 3674 3664 3626
f 3628 3674 3626
f 3662 3671 3627
f 3671 3629 3627
f 3682 3674 3628
f 3631 3682 3628
f 3671 3680 3629
f 3680 3632 3629
f 3658 3634 3630
f 3688 3682 3631
f 3638 3688 3631
f 3680 3686 3632
f 3686 3637 3632
f 3641 3667 3633
f 3667 3660 3633
f 3658 3665 3634
f 3665 3642 3634
f 3636 3684 3635
f 3684 3683 3635
f 3676 3684 3636
f 3675 3676 3636
f 3686 3689 3637
f 3689 3639 3637
f 3692 3688 3638
f 3640 3692 3638
f 3689 3693 3639
f 3693 3643 3639
f 3695 3692 3640
f 3645 3695 3640
f 3649 3678 3641
f 3678 3667 3641
f 3665 3677 3642
f 3677 3648 3642
f 3693 3696 3643
f 3696 3644 3643
f 3668 3646 3644
f 3696 3698 3644
f 3698 3668 3644
f 3702 3695 3645
f 3647 3702 3645
f 3668 3669 3646
f 3669 3652 3646
f 3704 3702 3647
f 3650 3704 3647
f 3677 3685 3648
f 3685 3654 3648
f 3655 3687 3649
f 3687 3678 3649
f 3652 3669 3650
f 3669 3704 3650
f 3660 3656 3651
f 3665 3658 3653
f 3657 3665 3653
f 3685 3690 3654
f 3690 3659 3654
f 3661 3691 3655
f 3691 3687 3655
f 3660 3667 3656
f 3667 3662 3656
f 3677 3665 3657
f 3664 3677 3657
f 3690 3694 3659
f 3694 3663 3659
f 3666 3697 3661
f 3697 3691 3661
f 3667 3678 3662
f 3678 3671 3662
f 3694 3703 3663
f 3703 3670 3663
f 3685 3677 3664
f 3674 3685 3664
f 3673 3706 3666
f 3706 3697 3666
f 3701 3705 3668
f 3705 3669 3668
f 3698 3701 3668
f 3705 3704 3669
f 3703 3707 3670
f 3707 3672 3670
f 3678 3687 3671
f 3687 3680 3671
f 3707 3709 3672
f 3709 3675 3672
f 3679 3708 3673
f 3708 3706 3673
f 3690 3685 3674
f 3682 3690 3674
f 3709 3711 3675
f 3711 3700 3675
f 3700 3676 3675
f 3699 3684 3676
f 3700 3699 3676
f 3681 3710 3679
f 3710 3708 3679
f 3687 3691 3680
f 3691 3686 3680
f 3683 3715 3681
f 3715 3710 3681
f 3694 3690 3682
f 3688 3694 3682
f 3684 3699 3683
f 3699 3715 3683
f 3691 3697 3686
f 3697 3689 3686
f 3703 3694 3688
f 3692 3703 3688
f 3697 3706 3689
f 3706 3693 3689
f 3707 3703 3692
f 3695 3707 3692
f 3706 3708 3693
f 3708 3696 3693
f 3709 3707 3695
f 3702 3709 3695
f 3708 3710 3696
f 3710 3698 3696
f 3710 3715 3698
f 3715 3712 3698
f 3712 3701 3698
f 3700 3716 3699
f 3716 3715 3699
f 3714 3716 3700
f 3711 3714 3700
f 3712 3713 3701
f 3713 3705 3701
f 3711 3709 3702
f 3704 3711 3702
f 3713 3711 3704
f 3705 3713 3704
f 3713 3714 3711
f 3716 3714 3712
f 3714 3713 3712
f 3715 3716 3712
f 3718 3721 3717
f 3719 3718 3717
f 3721 3722 3717
f 3720 3719 3717
f 3722 3720 3717
f 3992 3991 3718
f 3729 3992 3718
f 3991 3728 3718
f 3728 3721 3718
f 3719 3724 3718
f 3724 3729 3718
f 3720 3725 3719
f 3725 3724 3719
f 3722 3723 3720
f 3723 3731 3720
f 3731 3725 3720
f 3728 3726 3721
f 3734 3722 3721
f 3726 3734 3721
f 3734 3730 3722
f 3730 3723 3722
f 3730 3733 3723
f 3733 3737 3723
f 3737 3731 3723
f 3727 3729 3724
f 3725 3727 3724
f 3731 3743 3725
f 3743 3739 3725
f 3739 3738 3725
f 3738 3727 3725
f 3728 3732 3726
f 3732 3734 3726
f 3738 3729 3727
f 3991 3749 3728
f 3749 3732 3728
f 4001 3992 3729
f 3750 4001 3729
f 3738 3750 3729
f 3736 3735 3730
f 3734 3736 3730
f 3735 3733 3730
f 3737 3751 3731
f 3751 3743 3731
f 3749 3745 3732
f 3745 3734 3732
f 3735 3740 3733
f 3740 3744 3733
f 3744 3737 3733
f 3746 3736 3734
f 3745 3746 3734
f 3741 3742 3735
f 3736 3741 3735
f 3742 3740 3735
f 3754 3741 3736
f 3746 3754 3736
f 3744 3758 3737
f 3758 3751 3737
f 3748 3750 3738
f 3739 3748 3738
f 3760 3748 3739
f 3762 3760 3739
f 3743 3762 3739
f 3742 3753 3740
f 3753 3756 3740
f 3756 3744 3740
f 3752 3742 3741
f 3759 3752 3741
f 3754 3759 3741
f 3752 3755 3742
f 3755 3753 3742
f 3766 3762 3743
f 3751 3766 3743
f 3756 3767 3744
f 3767 3758 3744
f 3749 3747 3745
f 3747 3746 3745
f 3747 3770 3746
f 3770 3754 3746
f 3749 3769 3747
f 3769 3770 3747
f 3757 3750 3748
f 3760 3757 3748
f 4000 3781 3749
f 3991 4000 3749
f 3781 3769 3749
f 4017 4001 3750
f 3782 4017 3750
f 3757 3782 3750
f 3773 3766 3751
f 3758 3773 3751
f 3761 3755 3752
f 3765 3761 3752
f 3759 3765 3752
f 3755 3763 3753
f 3763 3768 3753
f 3768 3756 3753
f 3770 3772 3754
f 3772 3759 3754
f 3761 3764 3755
f 3764 3763 3755
f 3768 3778 3756
f 3778 3767 3756
f 3780 3782 3757
f 3760 3780 3757
f 3786 3773 3758
f 3767 3786 3758
f 3772 3777 3759
f 3777 3765 3759
f 3785 3780 3760
f 3788 3785 3760
f 3762 3788 3760
f 3771 3764 3761
f 3774 3771 3761
f 3765 3774 3761
f 3793 3788 3762
f 3766 3793 3762
f 3764 3775 3763
f 3775 3783 3763
f 3783 3768 3763
f 3771 3776 3764
f 3776 3775 3764
f 3777 3789 3765
f 3789 3774 3765
f 3801 3793 3766
f 3773 3801 3766
f 3798 3786 3767
f 3778 3798 3767
f 3783 3794 3768
f 3794 3778 3768
f 3781 3779 3769
f 3779 3770 3769
f 3779 3799 3770
f 3799 3772 3770
f 3787 3776 3771
f 3790 3787 3771
f 3774 3790 3771
f 3799 3803 3772
f 3803 3777 3772
f 3810 3801 3773
f 3786 3810 3773
f 3789 3797 3774
f 3797 3790 3774
f 3776 3791 3775
f 3791 3795 3775
f 3795 3783 3775
f 3787 3792 3776
f 3792 3791 3776
f 3803 3807 3777
f 3807 3789 3777
f 3811 3798 3778
f 3794 3811 3778
f 3781 3796 3779
f 3796 3799 3779
f 3784 3782 3780
f 3785 3784 3780
f 4016 3826 3781
f 4000 4016 3781
f 3826 3796 3781
f 3827 4017 3782
f 3784 3812 3782
f 3812 3827 3782
f 3795 3805 3783
f 3805 3794 3783
f 3785 3813 3784
f 3813 3812 3784
f 3788 3817 3785
f 3817 3813 3785
f 3820 3810 3786
f 3798 3820 3786
f 3800 3792 3787
f 3802 3800 3787
f 3790 3802 3787
f 3793 3821 3788
f 3821 3817 3788
f 3807 3816 3789
f 3816 3797 3789
f 3797 3808 3790
f 3808 3802 3790
f 3792 3804 3791
f 3804 3809 3791
f 3809 3795 3791
f 3800 3806 3792
f 3806 3804 3792
f 3801 3829 3793
f 3829 3821 3793
f 3822 3811 3794
f 3805 3822 3794
f 3809 3818 3795
f 3818 3805 3795
f 3826 3824 3796
f 3831 3799 3796
f 3824 3831 3796
f 3816 3823 3797
f 3823 3808 3797
f 3832 3820 3798
f 3811 3832 3798
f 3831 3803 3799
f 3815 3806 3800
f 3814 3815 3800
f 3802 3814 3800
f 3810 3837 3801
f 3837 3829 3801
f 3808 3819 3802
f 3819 3814 3802
f 3835 3807 3803
f 3831 3835 3803
f 4222 3809 3804
f 3806 4222 3804
f 3836 3822 3805
f 3818 3836 3805
f 3815 4222 3806
f 3838 3816 3807
f 3835 3838 3807
f 3823 3834 3808
f 3834 3819 3808
f 4222 3818 3809
f 3820 3844 3810
f 3844 3837 3810
f 3839 3832 3811
f 3822 3839 3811
f 3825 3827 3812
f 3813 3825 3812
f 3817 3846 3813
f 3846 3845 3813
f 3845 3843 3813
f 3843 3825 3813
f 3819 3833 3814
f 3833 3828 3814
f 3828 3815 3814
f 3828 4222 3815
f 3842 3823 3816
f 3838 3842 3816
f 3821 3848 3817
f 3848 3846 3817
f 4222 3836 3818
f 3834 3840 3819
f 3840 3833 3819
f 3832 3851 3820
f 3851 3844 3820
f 3829 3852 3821
f 3852 3848 3821
f 3849 3839 3822
f 3836 3849 3822
f 3847 3834 3823
f 3842 3847 3823
f 3826 3830 3824
f 3830 3831 3824
f 3843 3827 3825
f 4016 4031 3826
f 4031 3864 3826
f 3864 3830 3826
f 4032 4017 3827
f 3865 4032 3827
f 3843 3865 3827
f 3833 3841 3828
f 3841 4222 3828
f 3837 3859 3829
f 3859 3852 3829
f 3864 3854 3830
f 3854 3831 3830
f 3855 3835 3831
f 3854 3855 3831
f 3839 3858 3832
f 3858 3851 3832
f 3840 3850 3833
f 3850 3841 3833
f 3853 3840 3834
f 3847 3853 3834
f 3857 3838 3835
f 3855 3857 3835
f 4222 3849 3836
f 3844 3866 3837
f 3866 3859 3837
f 3861 3842 3838
f 3857 3861 3838
f 3849 3868 3839
f 3868 3858 3839
f 3860 3850 3840
f 3853 3860 3840
f 3850 3856 3841
f 3856 4222 3841
f 3867 3847 3842
f 3861 3867 3842
f 3863 3865 3843
f 3845 3863 3843
f 3851 3874 3844
f 3874 3866 3844
f 3871 3863 3845
f 3873 3871 3845
f 3846 3873 3845
f 3875 3873 3846
f 3848 3875 3846
f 3872 3853 3847
f 3867 3872 3847
f 3878 3875 3848
f 3852 3878 3848
f 4222 3868 3849
f 3869 3856 3850
f 3860 3869 3850
f 3858 3879 3851
f 3879 3874 3851
f 3883 3878 3852
f 3859 3883 3852
f 3877 3860 3853
f 3872 3877 3853
f 3864 3862 3854
f 3862 3855 3854
f 3862 3881 3855
f 3881 3857 3855
f 3869 3876 3856
f 3876 4222 3856
f 3881 3884 3857
f 3884 3861 3857
f 3868 3885 3858
f 3885 3879 3858
f 3887 3883 3859
f 3866 3887 3859
f 3882 3869 3860
f 3877 3882 3860
f 3884 3886 3861
f 3886 3867 3861
f 3864 3880 3862
f 3880 3881 3862
f 3870 3865 3863
f 3871 3870 3863
f 4031 3901 3864
f 3901 3880 3864
f 4053 4032 3865
f 3902 4053 3865
f 3870 3892 3865
f 3892 3902 3865
f 3890 3887 3866
f 3874 3890 3866
f 3886 3889 3867
f 3889 3872 3867
f 4222 3885 3868
f 3888 3876 3869
f 3882 3888 3869
f 3871 3894 3870
f 3894 3892 3870
f 3873 3895 3871
f 3895 3894 3871
f 3889 3891 3872
f 3891 3877 3872
f 3875 3896 3873
f 3896 3895 3873
f 3898 3890 3874
f 3879 3898 3874
f 3878 3903 3875
f 3903 3896 3875
f 3888 3893 3876
f 3893 4222 3876
f 3891 3897 3877
f 3897 3882 3877
f 3883 3906 3878
f 3906 3903 3878
f 3905 3898 3879
f 3885 3905 3879
f 3901 3899 3880
f 3908 3881 3880
f 3899 3908 3880
f 3908 3884 3881
f 3897 3904 3882
f 3904 3888 3882
f 3887 3911 3883
f 3911 3906 3883
f 3909 3886 3884
f 3908 3909 3884
f 4222 3905 3885
f 3912 3889 3886
f 3909 3912 3886
f 3890 3915 3887
f 3915 3911 3887
f 3904 3910 3888
f 3910 3893 3888
f 3913 3891 3889
f 3912 3913 3889
f 3898 3918 3890
f 3918 3915 3890
f 3916 3897 3891
f 3913 3916 3891
f 3900 3902 3892
f 3894 3900 3892
f 3910 3914 3893
f 3914 4222 3893
f 3895 3920 3894
f 3920 3919 3894
f 3919 3917 3894
f 3917 3900 3894
f 3896 3922 3895
f 3922 3920 3895
f 3903 3925 3896
f 3925 3922 3896
f 3921 3904 3897
f 3916 3921 3897
f 3905 3923 3898
f 3923 3918 3898
f 3901 3907 3899
f 3907 3908 3899
f 3917 3902 3900
f 4052 3935 3901
f 4031 4052 3901
f 3935 3907 3901
f 4082 4053 3902
f 3936 4082 3902
f 3917 3936 3902
f 3906 3926 3903
f 3926 3925 3903
f 3924 3910 3904
f 3921 3924 3904
f 4222 3923 3905
f 3911 3930 3906
f 3930 3926 3906
f 3935 3928 3907
f 3928 3908 3907
f 3929 3909 3908
f 3928 3929 3908
f 3931 3912 3909
f 3929 3931 3909
f 3927 3914 3910
f 3924 3927 3910
f 3915 3938 3911
f 3938 3930 3911
f 3937 3913 3912
f 3931 3937 3912
f 3939 3916 3913
f 3937 3939 3913
f 3927 3932 3914
f 3932 4222 3914
f 3918 3941 3915
f 3941 3938 3915
f 3940 3921 3916
f 3939 3940 3916
f 3934 3936 3917
f 3919 3934 3917
f 3923 3945 3918
f 3945 3941 3918
f 3944 3934 3919
f 3946 3944 3919
f 3920 3946 3919
f 3947 3946 3920
f 3922 3947 3920
f 3942 3924 3921
f 3940 3942 3921
f 3949 3947 3922
f 3925 3949 3922
f 4222 3945 3923
f 3948 3927 3924
f 3942 3948 3924
f 3951 3949 3925
f 3926 3951 3925
f 3952 3951 3926
f 3930 3952 3926
f 3950 3932 3927
f 3948 3950 3927
f 3935 3933 3928
f 3933 3929 3928
f 3933 3955 3929
f 3955 3931 3929
f 3957 3952 3930
f 3938 3957 3930
f 3955 3956 3931
f 3956 3937 3931
f 3950 3953 3932
f 3953 4222 3932
f 3935 3954 3933
f 3954 3955 3933
f 3943 3936 3934
f 3944 3943 3934
f 4081 3968 3935
f 4052 4081 3935
f 3968 3954 3935
f 3969 4082 3936
f 3943 3964 3936
f 3964 3969 3936
f 3956 3958 3937
f 3958 3939 3937
f 3960 3957 3938
f 3941 3960 3938
f 3958 3959 3939
f 3959 3940 3939
f 3959 3961 3940
f 3961 3942 3940
f 3962 3960 3941
f 3945 3962 3941
f 3961 3963 3942
f 3963 3948 3942
f 3944 3965 3943
f 3965 3964 3943
f 3946 3970 3944
f 3970 3965 3944
f 4222 3962 3945
f 3947 3972 3946
f 3972 3970 3946
f 3949 3973 3947
f 3973 3972 3947
f 3963 3971 3948
f 3971 3950 3948
f 3951 3975 3949
f 3975 3973 3949
f 3971 3974 3950
f 3974 3953 3950
f 3952 3977 3951
f 3977 3975 3951
f 3957 3980 3952
f 3980 3977 3952
f 3974 3976 3953
f 3976 4222 3953
f 3968 3966 3954
f 3979 3955 3954
f 3966 3979 3954
f 3979 3956 3955
f 3981 3958 3956
f 3979 3981 3956
f 3960 3983 3957
f 3983 3980 3957
f 3982 3959 3958
f 3981 3982 3958
f 3984 3961 3959
f 3982 3984 3959
f 3962 3986 3960
f 3986 3983 3960
f 3985 3963 3961
f 3984 3985 3961
f 4222 3986 3962
f 3987 3971 3963
f 3985 3987 3963
f 3967 3969 3964
f 3965 3967 3964
f 3990 3967 3965
f 3995 3990 3965
f 3970 3995 3965
f 3968 3978 3966
f 3978 3979 3966
f 3989 3969 3967
f 3990 3989 3967
f 4107 4009 3968
f 4081 4107 3968
f 4009 3978 3968
f 4108 4082 3969
f 4010 4108 3969
f 3989 4010 3969
f 3996 3995 3970
f 3972 3996 3970
f 3988 3974 3971
f 3987 3988 3971
f 3998 3996 3972
f 3973 3998 3972
f 4004 3998 3973
f 3975 4004 3973
f 3997 3976 3974
f 3988 3997 3974
f 4005 4004 3975
f 3977 4005 3975
f 3997 3999 3976
f 3999 4222 3976
f 4006 4005 3977
f 3980 4006 3977
f 4009 4007 3978
f 4007 3979 3978
f 4007 4012 3979
f 4012 3981 3979
f 4014 4006 3980
f 3983 4014 3980
f 4012 4013 3981
f 4013 3982 3981
f 4013 4015 3982
f 4015 3984 3982
f 4021 4014 3983
f 3986 4021 3983
f 4015 4020 3984
f 4020 3985 3984
f 4020 4022 3985
f 4022 3987 3985
f 4222 4021 3986
f 4022 4023 3987
f 4023 3988 3987
f 4023 4024 3988
f 4024 3997 3988
f 4008 4010 3989
f 3990 4008 3989
f 3995 4028 3990
f 4028 4027 3990
f 4027 4025 3990
f 4025 4008 3990
f 3992 3993 3991
f 3993 4002 3991
f 4002 4000 3991
f 4001 3994 3992
f 3994 3993 3992
f 3994 4040 3993
f 4040 4048 3993
f 4048 4002 3993
f 4003 4041 3994
f 4041 4040 3994
f 4001 4003 3994
f 3996 4029 3995
f 4029 4028 3995
f 3998 4035 3996
f 4035 4029 3996
f 4024 4026 3997
f 4026 3999 3997
f 4004 4036 3998
f 4036 4035 3998
f 4026 4030 3999
f 4030 4222 3999
f 4002 4018 4000
f 4018 4016 4000
f 4017 4003 4001
f 4048 4062 4002
f 4062 4018 4002
f 4019 4049 4003
f 4049 4041 4003
f 4017 4019 4003
f 4005 4037 4004
f 4037 4036 4004
f 4006 4038 4005
f 4038 4037 4005
f 4014 4039 4006
f 4039 4038 4006
f 4009 4011 4007
f 4011 4012 4007
f 4025 4010 4008
f 4107 4059 4009
f 4059 4011 4009
f 4136 4108 4010
f 4060 4136 4010
f 4025 4060 4010
f 4059 4042 4011
f 4042 4012 4011
f 4043 4013 4012
f 4042 4043 4012
f 4044 4015 4013
f 4043 4044 4013
f 4021 4045 4014
f 4045 4039 4014
f 4046 4020 4015
f 4044 4046 4015
f 4018 4033 4016
f 4033 4031 4016
f 4032 4019 4017
f 4062 4073 4018
f 4073 4033 4018
f 4034 4063 4019
f 4063 4049 4019
f 4032 4034 4019
f 4047 4022 4020
f 4046 4047 4020
f 4222 4045 4021
f 4050 4023 4022
f 4047 4050 4022
f 4051 4024 4023
f 4050 4051 4023
f 4056 4026 4024
f 4051 4056 4024
f 4058 4060 4025
f 4027 4058 4025
f 4061 4030 4026
f 4056 4061 4026
f 4066 4058 4027
f 4067 4066 4027
f 4028 4067 4027
f 4068 4067 4028
f 4029 4068 4028
f 4069 4068 4029
f 4035 4069 4029
f 4061 4065 4030
f 4065 4222 4030
f 4033 4054 4031
f 4054 4052 4031
f 4053 4034 4032
f 4073 4090 4033
f 4090 4054 4033
f 4055 4074 4034
f 4074 4063 4034
f 4053 4055 4034
f 4070 4069 4035
f 4036 4070 4035
f 4071 4070 4036
f 4037 4071 4036
f 4072 4071 4037
f 4038 4072 4037
f 4075 4072 4038
f 4039 4075 4038
f 4076 4075 4039
f 4045 4076 4039
f 4041 4240 4040
f 4240 4048 4040
f 4049 4240 4041
f 4059 4057 4042
f 4057 4043 4042
f 4057 4078 4043
f 4078 4044 4043
f 4078 4079 4044
f 4079 4046 4044
f 4222 4076 4045
f 4079 4080 4046
f 4080 4047 4046
f 4080 4085 4047
f 4085 4050 4047
f 4240 4062 4048
f 4063 4240 4049
f 4085 4086 4050
f 4086 4051 4050
f 4086 4087 4051
f 4087 4056 4051
f 4054 4083 4052
f 4083 4081 4052
f 4082 4055 4053
f 4090 4111 4054
f 4111 4083 4054
f 4084 4091 4055
f 4091 4074 4055
f 4082 4084 4055
f 4087 4088 4056
f 4088 4061 4056
f 4059 4077 4057
f 4077 4078 4057
f 4064 4060 4058
f 4066 4064 4058
f 4135 4103 4059
f 4107 4135 4059
f 4103 4077 4059
f 4166 4136 4060
f 4104 4166 4060
f 4064 4093 4060
f 4093 4104 4060
f 4088 4089 4061
f 4089 4065 4061
f 4240 4073 4062
f 4074 4240 4063
f 4066 4094 4064
f 4094 4093 4064
f 4089 4092 4065
f 4092 4222 4065
f 4067 4095 4066
f 4095 4094 4066
f 4068 4096 4067
f 4096 4095 4067
f 4069 4097 4068
f 4097 4096 4068
f 4070 4098 4069
f 4098 4097 4069
f 4071 4099 4070
f 4099 4098 4070
f 4072 4100 4071
f 4100 4099 4071
f 4075 4105 4072
f 4105 4100 4072
f 4240 4090 4073
f 4091 4240 4074
f 4076 4106 4075
f 4106 4105 4075
f 4222 4106 4076
f 4103 4101 4077
f 4114 4078 4077
f 4101 4114 4077
f 4114 4079 4078
f 4115 4080 4079
f 4114 4115 4079
f 4116 4085 4080
f 4115 4116 4080
f 4083 4109 4081
f 4109 4107 4081
f 4108 4084 4082
f 4111 4131 4083
f 4131 4109 4083
f 4110 4112 4084
f 4112 4091 4084
f 4108 4110 4084
f 4117 4086 4085
f 4116 4117 4085
f 4118 4087 4086
f 4117 4118 4086
f 4119 4088 4087
f 4118 4119 4087
f 4120 4089 4088
f 4119 4120 4088
f 4121 4092 4089
f 4120 4121 4089
f 4240 4111 4090
f 4112 4240 4091
f 4121 4122 4092
f 4122 4222 4092
f 4102 4104 4093
f 4094 4102 4093
f 4095 4125 4094
f 4125 4124 4094
f 4124 4123 4094
f 4123 4102 4094
f 4096 4126 4095
f 4126 4125 4095
f 4097 4127 4096
f 4127 4126 4096
f 4098 4128 4097
f 4128 4127 4097
f 4099 4129 4098
f 4129 4128 4098
f 4100 4130 4099
f 4130 4129 4099
f 4105 4133 4100
f 4133 4130 4100
f 4103 4113 4101
f 4113 4114 4101
f 4123 4104 4102
f 4165 4149 4103
f 4135 4165 4103
f 4149 4113 4103
f 4150 4166 4104
f 4123 4150 4104
f 4106 4134 4105
f 4134 4133 4105
f 4222 4134 4106
f 4109 4137 4107
f 4137 4135 4107
f 4136 4110 4108
f 4131 4153 4109
f 4153 4137 4109
f 4138 4132 4110
f 4132 4112 4110
f 4136 4138 4110
f 4240 4131 4111
f 4132 4240 4112
f 4149 4139 4113
f 4139 4114 4113
f 4140 4115 4114
f 4139 4140 4114
f 4141 4116 4115
f 4140 4141 4115
f 4142 4117 4116
f 4141 4142 4116
f 4143 4118 4117
f 4142 4143 4117
f 4144 4119 4118
f 4143 4144 4118
f 4145 4120 4119
f 4144 4145 4119
f 4146 4121 4120
f 4145 4146 4120
f 4151 4122 4121
f 4146 4151 4121
f 4151 4152 4122
f 4152 4222 4122
f 4148 4150 4123
f 4124 4148 4123
f 4156 4148 4124
f 4157 4156 4124
f 4125 4157 4124
f 4158 4157 4125
f 4126 4158 4125
f 4159 4158 4126
f 4127 4159 4126
f 4160 4159 4127
f 4128 4160 4127
f 4161 4160 4128
f 4129 4161 4128
f 4162 4161 4129
f 4130 4162 4129
f 4163 4162 4130
f 4133 4163 4130
f 4240 4153 4131
f 4154 4240 4132
f 4138 4154 4132
f 4164 4163 4133
f 4134 4164 4133
f 4222 4164 4134
f 4137 4167 4135
f 4167 4165 4135
f 4166 4138 4136
f 4153 4179 4137
f 4179 4167 4137
f 4168 4154 4138
f 4166 4168 4138
f 4149 4147 4139
f 4147 4140 4139
f 4147 4170 4140
f 4170 4141 4140
f 4170 4171 4141
f 4171 4142 4141
f 4171 4172 4142
f 4172 4143 4142
f 4172 4173 4143
f 4173 4144 4143
f 4173 4174 4144
f 4174 4145 4144
f 4174 4175 4145
f 4175 4146 4145
f 4175 4176 4146
f 4176 4151 4146
f 4149 4169 4147
f 4169 4170 4147
f 4155 4150 4148
f 4156 4155 4148
f 4195 4191 4149
f 4165 4195 4149
f 4191 4169 4149
f 4196 4166 4150
f 4192 4196 4150
f 4155 4181 4150
f 4181 4192 4150
f 4176 4177 4151
f 4177 4152 4151
f 4177 4178 4152
f 4178 4222 4152
f 4240 4179 4153
f 4180 4240 4154
f 4168 4180 4154
f 4156 4182 4155
f 4182 4181 4155
f 4157 4183 4156
f 4183 4182 4156
f 4158 4184 4157
f 4184 4183 4157
f 4159 4185 4158
f 4185 4184 4158
f 4160 4186 4159
f 4186 4185 4159
f 4161 4187 4160
f 4187 4186 4160
f 4162 4188 4161
f 4188 4187 4161
f 4163 4193 4162
f 4193 4188 4162
f 4164 4194 4163
f 4194 4193 4163
f 4222 4194 4164
f 4167 4197 4165
f 4197 4195 4165
f 4196 4168 4166
f 4179 4209 4167
f 4209 4197 4167
f 4198 4180 4168
f 4196 4198 4168
f 4191 4189 4169
f 4200 4170 4169
f 4189 4200 4169
f 4200 4171 4170
f 4201 4172 4171
f 4200 4201 4171
f 4202 4173 4172
f 4201 4202 4172
f 4203 4174 4173
f 4202 4203 4173
f 4204 4175 4174
f 4203 4204 4174
f 4205 4176 4175
f 4204 4205 4175
f 4206 4177 4176
f 4205 4206 4176
f 4207 4178 4177
f 4206 4207 4177
f 4207 4208 4178
f 4208 4222 4178
f 4240 4209 4179
f 4210 4240 4180
f 4198 4210 4180
f 4190 4192 4181
f 4182 4190 4181
f 4212 4190 4182
f 4213 4212 4182
f 4183 4213 4182
f 4214 4213 4183
f 4184 4214 4183
f 4215 4214 4184
f 4185 4215 4184
f 4216 4215 4185
f 4186 4216 4185
f 4217 4216 4186
f 4187 4217 4186
f 4218 4217 4187
f 4188 4218 4187
f 4219 4218 4188
f 4193 4219 4188
f 4191 4199 4189
f 4199 4200 4189
f 4211 4192 4190
f 4212 4211 4190
f 4195 4233 4191
f 4233 4199 4191
f 4235 4196 4192
f 4236 4235 4192
f 4211 4236 4192
f 4220 4219 4193
f 4194 4220 4193
f 4222 4220 4194
f 4234 4233 4195
f 4197 4237 4195
f 4237 4234 4195
f 4235 4198 4196
f 4209 4239 4197
f 4239 4237 4197
f 4238 4210 4198
f 4235 4238 4198
f 4233 4231 4199
f 4231 4200 4199
f 4230 4201 4200
f 4231 4230 4200
f 4229 4202 4201
f 4230 4229 4201
f 4228 4203 4202
f 4229 4228 4202
f 4227 4204 4203
f 4228 4227 4203
f 4226 4205 4204
f 4227 4226 4204
f 4225 4206 4205
f 4226 4225 4205
f 4224 4207 4206
f 4225 4224 4206
f 4223 4208 4207
f 4224 4223 4207
f 4223 4221 4208
f 4221 4222 4208
f 4240 4239 4209
f 4241 4240 4210
f 4238 4241 4210
f 4232 4236 4211
f 4212 4232 4211
f 4250 4232 4212
f 4249 4250 4212
f 4213 4249 4212
f 4248 4249 4213
f 4214 4248 4213
f 4247 4248 4214
f 4215 4247 4214
f 4246 4247 4215
f 4216 4246 4215
f 4245 4246 4216
f 4217 4245 4216
f 4244 4245 4217
f 4218 4244 4217
f 4243 4244 4218
f 4219 4243 4218
f 4242 4243 4219
f 4220 4242 4219
f 4222 4242 4220
f 4255 4254 4221
f 4223 4255 4221
f 4254 4222 4221
f 4298 4268 4222
f 4268 4242 4222
f 4386 4356 4222
f 4356 4328 4222
f 4328 4298 4222
f 4476 4441 4222
f 4441 4417 4222
f 4417 4386 4222
f 4539 4517 4222
f 4517 4500 4222
f 4500 4476 4222
f 4594 4577 4222
f 4577 4557 4222
f 4557 4539 4222
f 4644 4626 4222
f 4626 4613 4222
f 4613 4594 4222
f 4656 4658 4222
f 4658 4653 4222
f 4653 4644 4222
f 4621 4634 4222
f 4634 4647 4222
f 4647 4656 4222
f 4569 4586 4222
f 4586 4606 4222
f 4606 4621 4222
f 4509 4530 4222
f 4530 4548 4222
f 4548 4569 4222
f 4432 4463 4222
f 4463 4486 4222
f 4486 4509 4222
f 4340 4370 4222
f 4370 4397 4222
f 4397 4432 4222
f 4254 4284 4222
f 4284 4310 4222
f 4310 4340 4222
f 4256 4255 4223
f 4224 4256 4223
f 4257 4256 4224
f 4225 4257 4224
f 4258 4257 4225
f 4226 4258 4225
f 4259 4258 4226
f 4227 4259 4226
f 4260 4259 4227
f 4228 4260 4227
f 4261 4260 4228
f 4229 4261 4228
f 4262 4261 4229
f 4230 4262 4229
f 4263 4262 4230
f 4231 4263 4230
f 4233 4263 4231
f 4251 4236 4232
f 4250 4251 4232
f 4234 4272 4233
f 4272 4263 4233
f 4264 4272 4234
f 4266 4264 4234
f 4237 4266 4234
f 4236 4265 4235
f 4265 4238 4235
f 4273 4265 4236
f 4251 4273 4236
f 4252 4266 4237
f 4239 4252 4237
f 4267 4241 4238
f 4265 4267 4238
f 4240 4252 4239
f 4282 4252 4240
f 4350 4330 4240
f 4330 4308 4240
f 4308 4282 4240
f 4399 4388 4240
f 4388 4371 4240
f 4371 4350 4240
f 4422 4421 4240
f 4421 4413 4240
f 4413 4399 4240
f 4389 4400 4240
f 4400 4414 4240
f 4414 4422 4240
f 4331 4351 4240
f 4351 4372 4240
f 4372 4389 4240
f 4253 4283 4240
f 4283 4309 4240
f 4309 4331 4240
f 4241 4253 4240
f 4267 4253 4241
f 4268 4243 4242
f 4269 4244 4243
f 4268 4269 4243
f 4274 4245 4244
f 4269 4274 4244
f 4275 4246 4245
f 4274 4275 4245
f 4276 4247 4246
f 4275 4276 4246
f 4277 4248 4247
f 4276 4277 4247
f 4278 4249 4248
f 4277 4278 4248
f 4279 4250 4249
f 4278 4279 4249
f 4271 4251 4250
f 4280 4271 4250
f 4279 4280 4250
f 4271 4273 4251
f 4282 4266 4252
f 4297 4283 4253
f 4267 4297 4253
f 4255 4285 4254
f 4285 4284 4254
f 4256 4286 4255
f 4286 4285 4255
f 4257 4287 4256
f 4287 4286 4256
f 4258 4288 4257
f 4288 4287 4257
f 4259 4289 4258
f 4289 4288 4258
f 4260 4290 4259
f 4290 4289 4259
f 4261 4291 4260
f 4291 4290 4260
f 4262 4292 4261
f 4292 4291 4261
f 4263 4270 4262
f 4270 4292 4262
f 4272 4270 4263
f 4294 4314 4264
f 4314 4272 4264
f 4266 4296 4264
f 4296 4294 4264
f 4273 4315 4265
f 4315 4295 4265
f 4295 4267 4265
f 4282 4296 4266
f 4295 4297 4267
f 4298 4269 4268
f 4298 4299 4269
f 4299 4274 4269
f 4272 4293 4270
f 4293 4292 4270
f 4281 4273 4271
f 4280 4281 4271
f 4314 4293 4272
f 4281 4307 4273
f 4307 4315 4273
f 4299 4300 4274
f 4300 4275 4274
f 4300 4301 4275
f 4301 4276 4275
f 4301 4302 4276
f 4302 4277 4276
f 4302 4303 4277
f 4303 4278 4277
f 4303 4304 4278
f 4304 4279 4278
f 4304 4305 4279
f 4305 4280 4279
f 4305 4306 4280
f 4306 4281 4280
f 4306 4307 4281
f 4308 4296 4282
f 4327 4309 4283
f 4297 4327 4283
f 4311 4310 4284
f 4285 4311 4284
f 4316 4311 4285
f 4286 4316 4285
f 4317 4316 4286
f 4287 4317 4286
f 4318 4317 4287
f 4288 4318 4287
f 4319 4318 4288
f 4289 4319 4288
f 4320 4319 4289
f 4290 4320 4289
f 4321 4320 4290
f 4291 4321 4290
f 4322 4321 4291
f 4292 4322 4291
f 4293 4322 4292
f 4314 4312 4293
f 4312 4322 4293
f 4324 4404 4294
f 4404 4360 4294
f 4360 4314 4294
f 4296 4326 4294
f 4326 4324 4294
f 4315 4361 4295
f 4361 4325 4295
f 4325 4297 4295
f 4308 4326 4296
f 4325 4327 4297
f 4328 4299 4298
f 4328 4329 4299
f 4329 4300 4299
f 4329 4332 4300
f 4332 4301 4300
f 4332 4333 4301
f 4333 4302 4301
f 4333 4334 4302
f 4334 4303 4302
f 4334 4335 4303
f 4335 4304 4303
f 4335 4336 4304
f 4336 4305 4304
f 4336 4337 4305
f 4337 4306 4305
f 4337 4338 4306
f 4338 4339 4306
f 4339 4313 4306
f 4313 4307 4306
f 4313 4315 4307
f 4330 4326 4308
f 4355 4331 4309
f 4327 4355 4309
f 4341 4340 4310
f 4311 4341 4310
f 4342 4341 4311
f 4316 4342 4311
f 4314 4323 4312
f 4323 4322 4312
f 4339 4315 4313
f 4360 4323 4314
f 4339 4361 4315
f 4343 4342 4316
f 4317 4343 4316
f 4344 4343 4317
f 4318 4344 4317
f 4345 4344 4318
f 4319 4345 4318
f 4346 4345 4319
f 4320 4346 4319
f 4347 4346 4320
f 4321 4347 4320
f 4348 4347 4321
f 4322 4348 4321
f 4349 4348 4322
f 4323 4349 4322
f 4360 4349 4323
f 4352 4454 4324
f 4454 4404 4324
f 4326 4354 4324
f 4354 4352 4324
f 4361 4405 4325
f 4405 4353 4325
f 4353 4327 4325
f 4330 4354 4326
f 4353 4355 4327
f 4356 4329 4328
f 4357 4332 4329
f 4356 4357 4329
f 4350 4354 4330
f 4381 4351 4331
f 4355 4381 4331
f 4362 4333 4332
f 4357 4362 4332
f 4363 4334 4333
f 4362 4363 4333
f 4364 4335 4334
f 4363 4364 4334
f 4365 4336 4335
f 4364 4365 4335
f 4366 4337 4336
f 4365 4366 4336
f 4367 4338 4337
f 4366 4367 4337
f 4359 4339 4338
f 4368 4359 4338
f 4367 4368 4338
f 4359 4361 4339
f 4341 4373 4340
f 4373 4370 4340
f 4342 4374 4341
f 4374 4373 4341
f 4343 4375 4342
f 4375 4374 4342
f 4344 4376 4343
f 4376 4375 4343
f 4345 4377 4344
f 4377 4376 4344
f 4346 4382 4345
f 4382 4377 4345
f 4347 4383 4346
f 4383 4382 4346
f 4348 4384 4347
f 4384 4383 4347
f 4349 4358 4348
f 4358 4384 4348
f 4360 4358 4349
f 4380 4354 4350
f 4371 4380 4350
f 4410 4372 4351
f 4381 4410 4351
f 4378 4495 4352
f 4495 4454 4352
f 4354 4380 4352
f 4380 4378 4352
f 4496 4379 4353
f 4405 4455 4353
f 4455 4496 4353
f 4379 4355 4353
f 4379 4381 4355
f 4386 4357 4356
f 4386 4387 4357
f 4387 4362 4357
f 4360 4385 4358
f 4385 4384 4358
f 4369 4361 4359
f 4368 4369 4359
f 4404 4385 4360
f 4369 4398 4361
f 4398 4405 4361
f 4387 4390 4362
f 4390 4363 4362
f 4390 4391 4363
f 4391 4364 4363
f 4391 4392 4364
f 4392 4365 4364
f 4392 4393 4365
f 4393 4366 4365
f 4393 4394 4366
f 4394 4367 4366
f 4394 4395 4367
f 4395 4368 4367
f 4395 4396 4368
f 4396 4369 4368
f 4396 4398 4369
f 4401 4397 4370
f 4373 4401 4370
f 4409 4380 4371
f 4388 4409 4371
f 4431 4389 4372
f 4410 4431 4372
f 4406 4401 4373
f 4374 4406 4373
f 4411 4406 4374
f 4375 4411 4374
f 4412 4411 4375
f 4376 4412 4375
f 4415 4412 4376
f 4377 4415 4376
f 4416 4415 4377
f 4382 4416 4377
f 4407 4562 4378
f 4562 4528 4378
f 4528 4495 4378
f 4380 4409 4378
f 4409 4407 4378
f 4496 4529 4379
f 4529 4408 4379
f 4408 4381 4379
f 4408 4410 4381
f 4418 4416 4382
f 4383 4418 4382
f 4419 4418 4383
f 4384 4419 4383
f 4385 4419 4384
f 4404 4402 4385
f 4402 4419 4385
f 4417 4387 4386
f 4417 4423 4387
f 4423 4390 4387
f 4430 4409 4388
f 4399 4430 4388
f 4446 4400 4389
f 4431 4446 4389
f 4423 4424 4390
f 4424 4391 4390
f 4424 4425 4391
f 4425 4392 4391
f 4425 4426 4392
f 4426 4393 4392
f 4426 4427 4393
f 4427 4394 4393
f 4427 4433 4394
f 4433 4395 4394
f 4433 4434 4395
f 4434 4396 4395
f 4434 4435 4396
f 4435 4437 4396
f 4437 4403 4396
f 4403 4398 4396
f 4436 4432 4397
f 4401 4436 4397
f 4403 4405 4398
f 4445 4430 4399
f 4413 4445 4399
f 4462 4414 4400
f 4446 4462 4400
f 4438 4436 4401
f 4406 4438 4401
f 4404 4420 4402
f 4420 4419 4402
f 4437 4405 4403
f 4454 4420 4404
f 4437 4455 4405
f 4439 4438 4406
f 4411 4439 4406
f 4428 4599 4407
f 4599 4562 4407
f 4409 4430 4407
f 4430 4428 4407
f 4529 4563 4408
f 4563 4429 4408
f 4429 4410 4408
f 4429 4431 4410
f 4440 4439 4411
f 4412 4440 4411
f 4442 4440 4412
f 4415 4442 4412
f 4461 4445 4413
f 4421 4461 4413
f 4471 4422 4414
f 4462 4471 4414
f 4447 4442 4415
f 4416 4447 4415
f 4449 4447 4416
f 4418 4449 4416
f 4441 4423 4417
f 4450 4449 4418
f 4419 4450 4418
f 4451 4450 4419
f 4420 4451 4419
f 4454 4451 4420
f 4470 4461 4421
f 4422 4470 4421
f 4471 4470 4422
f 4448 4424 4423
f 4441 4448 4423
f 4456 4425 4424
f 4448 4456 4424
f 4457 4426 4425
f 4456 4457 4425
f 4458 4427 4426
f 4457 4458 4426
f 4464 4433 4427
f 4458 4464 4427
f 4443 4637 4428
f 4637 4599 4428
f 4430 4445 4428
f 4445 4443 4428
f 4638 4444 4429
f 4563 4600 4429
f 4600 4638 4429
f 4444 4431 4429
f 4444 4446 4431
f 4436 4465 4432
f 4465 4463 4432
f 4466 4434 4433
f 4464 4466 4433
f 4467 4435 4434
f 4466 4467 4434
f 4453 4437 4435
f 4472 4453 4435
f 4467 4472 4435
f 4438 4474 4436
f 4474 4465 4436
f 4453 4455 4437
f 4439 4475 4438
f 4475 4474 4438
f 4440 4477 4439
f 4477 4475 4439
f 4442 4478 4440
f 4478 4477 4440
f 4476 4448 4441
f 4447 4480 4442
f 4480 4478 4442
f 4459 4714 4443
f 4714 4682 4443
f 4682 4637 4443
f 4445 4461 4443
f 4461 4459 4443
f 4638 4683 4444
f 4683 4460 4444
f 4460 4446 4444
f 4460 4462 4446
f 4449 4481 4447
f 4481 4480 4447
f 4479 4456 4448
f 4476 4479 4448
f 4450 4483 4449
f 4483 4481 4449
f 4451 4452 4450
f 4452 4483 4450
f 4454 4452 4451
f 4454 4484 4452
f 4484 4483 4452
f 4473 4455 4453
f 4472 4473 4453
f 4495 4484 4454
f 4473 4496 4455
f 4482 4457 4456
f 4479 4482 4456
f 4485 4458 4457
f 4482 4485 4457
f 4487 4464 4458
f 4485 4487 4458
f 4468 4735 4459
f 4735 4714 4459
f 4461 4470 4459
f 4470 4468 4459
f 4683 4715 4460
f 4715 4469 4460
f 4469 4462 4460
f 4469 4471 4462
f 4465 4488 4463
f 4488 4486 4463
f 4489 4466 4464
f 4487 4489 4464
f 4474 4491 4465
f 4491 4488 4465
f 4490 4467 4466
f 4489 4490 4466
f 4492 4472 4467
f 4490 4492 4467
f 4469 4745 4468
f 4745 4735 4468
f 4470 4471 4468
f 4471 4469 4468
f 4715 4736 4469
f 4736 4745 4469
f 4494 4473 4472
f 4497 4494 4472
f 4492 4497 4472
f 4494 4496 4473
f 4475 4499 4474
f 4499 4491 4474
f 4477 4501 4475
f 4501 4499 4475
f 4500 4479 4476
f 4478 4503 4477
f 4503 4501 4477
f 4480 4504 4478
f 4504 4503 4478
f 4500 4502 4479
f 4502 4482 4479
f 4481 4506 4480
f 4506 4504 4480
f 4483 4507 4481
f 4507 4506 4481
f 4502 4505 4482
f 4505 4485 4482
f 4484 4493 4483
f 4493 4507 4483
f 4495 4493 4484
f 4505 4510 4485
f 4510 4487 4485
f 4512 4509 4486
f 4488 4512 4486
f 4510 4511 4487
f 4511 4489 4487
f 4514 4512 4488
f 4491 4514 4488
f 4511 4513 4489
f 4513 4490 4489
f 4513 4515 4490
f 4515 4492 4490
f 4520 4514 4491
f 4499 4520 4491
f 4515 4516 4492
f 4516 4497 4492
f 4495 4508 4493
f 4508 4507 4493
f 4498 4496 4494
f 4497 4498 4494
f 4528 4508 4495
f 4498 4519 4496
f 4519 4529 4496
f 4516 4518 4497
f 4518 4498 4497
f 4518 4519 4498
f 4522 4520 4499
f 4501 4522 4499
f 4517 4502 4500
f 4523 4522 4501
f 4503 4523 4501
f 4517 4521 4502
f 4521 4505 4502
f 4525 4523 4503
f 4504 4525 4503
f 4531 4525 4504
f 4506 4531 4504
f 4521 4524 4505
f 4524 4510 4505
f 4533 4531 4506
f 4507 4533 4506
f 4508 4533 4507
f 4528 4526 4508
f 4526 4533 4508
f 4535 4530 4509
f 4512 4535 4509
f 4524 4532 4510
f 4532 4511 4510
f 4532 4536 4511
f 4536 4513 4511
f 4538 4535 4512
f 4514 4538 4512
f 4536 4537 4513
f 4537 4515 4513
f 4541 4538 4514
f 4520 4541 4514
f 4537 4540 4515
f 4540 4516 4515
f 4540 4542 4516
f 4542 4518 4516
f 4539 4521 4517
f 4542 4543 4518
f 4543 4545 4518
f 4545 4527 4518
f 4527 4519 4518
f 4527 4529 4519
f 4546 4541 4520
f 4522 4546 4520
f 4544 4524 4521
f 4539 4544 4521
f 4549 4546 4522
f 4523 4549 4522
f 4550 4549 4523
f 4525 4550 4523
f 4547 4532 4524
f 4544 4547 4524
f 4553 4550 4525
f 4531 4553 4525
f 4528 4534 4526
f 4534 4533 4526
f 4545 4529 4527
f 4562 4534 4528
f 4545 4563 4529
f 4535 4552 4530
f 4552 4548 4530
f 4554 4553 4531
f 4533 4554 4531
f 4551 4536 4532
f 4547 4551 4532
f 4555 4554 4533
f 4534 4555 4533
f 4562 4555 4534
f 4538 4558 4535
f 4558 4552 4535
f 4556 4537 4536
f 4551 4556 4536
f 4559 4540 4537
f 4556 4559 4537
f 4541 4565 4538
f 4565 4558 4538
f 4557 4544 4539
f 4566 4542 4540
f 4559 4566 4540
f 4546 4571 4541
f 4571 4565 4541
f 4567 4543 4542
f 4566 4567 4542
f 4561 4545 4543
f 4568 4561 4543
f 4567 4568 4543
f 4557 4564 4544
f 4564 4547 4544
f 4561 4563 4545
f 4549 4573 4546
f 4573 4571 4546
f 4564 4572 4547
f 4572 4551 4547
f 4574 4569 4548
f 4552 4574 4548
f 4550 4576 4549
f 4576 4573 4549
f 4553 4578 4550
f 4578 4576 4550
f 4572 4575 4551
f 4575 4556 4551
f 4580 4574 4552
f 4558 4580 4552
f 4554 4581 4553
f 4581 4578 4553
f 4555 4560 4554
f 4560 4581 4554
f 4562 4560 4555
f 4575 4579 4556
f 4579 4559 4556
f 4577 4564 4557
f 4585 4580 4558
f 4565 4585 4558
f 4579 4584 4559
f 4584 4566 4559
f 4562 4582 4560
f 4582 4581 4560
f 4570 4563 4561
f 4568 4570 4561
f 4599 4582 4562
f 4570 4592 4563
f 4592 4600 4563
f 4577 4583 4564
f 4583 4572 4564
f 4590 4585 4565
f 4571 4590 4565
f 4584 4587 4566
f 4587 4567 4566
f 4587 4589 4567
f 4589 4568 4567
f 4589 4591 4568
f 4591 4570 4568
f 4593 4586 4569
f 4574 4593 4569
f 4591 4592 4570
f 4595 4590 4571
f 4573 4595 4571
f 4583 4588 4572
f 4588 4575 4572
f 4601 4595 4573
f 4576 4601 4573
f 4602 4593 4574
f 4580 4602 4574
f 4588 4596 4575
f 4596 4579 4575
f 4605 4601 4576
f 4578 4605 4576
f 4594 4583 4577
f 4607 4605 4578
f 4581 4607 4578
f 4596 4603 4579
f 4603 4584 4579
f 4609 4602 4580
f 4585 4609 4580
f 4582 4607 4581
f 4599 4597 4582
f 4597 4607 4582
f 4604 4588 4583
f 4594 4604 4583
f 4603 4610 4584
f 4610 4587 4584
f 4615 4609 4585
f 4590 4615 4585
f 4593 4612 4586
f 4612 4606 4586
f 4610 4614 4587
f 4614 4589 4587
f 4611 4596 4588
f 4604 4611 4588
f 4614 4616 4589
f 4616 4591 4589
f 4620 4615 4590
f 4595 4620 4590
f 4616 4617 4591
f 4617 4619 4591
f 4619 4598 4591
f 4598 4592 4591
f 4598 4600 4592
f 4602 4622 4593
f 4622 4612 4593
f 4613 4604 4594
f 4624 4620 4595
f 4601 4624 4595
f 4618 4603 4596
f 4611 4618 4596
f 4599 4608 4597
f 4608 4607 4597
f 4619 4600 4598
f 4637 4608 4599
f 4619 4638 4600
f 4627 4624 4601
f 4605 4627 4601
f 4609 4628 4602
f 4628 4622 4602
f 4625 4610 4603
f 4618 4625 4603
f 4613 4623 4604
f 4623 4611 4604
f 4631 4627 4605
f 4607 4631 4605
f 4629 4621 4606
f 4612 4629 4606
f 4632 4631 4607
f 4608 4632 4607
f 4637 4632 4608
f 4615 4639 4609
f 4639 4628 4609
f 4633 4614 4610
f 4625 4633 4610
f 4623 4630 4611
f 4630 4618 4611
f 4643 4629 4612
f 4622 4643 4612
f 4626 4623 4613
f 4641 4616 4614
f 4633 4641 4614
f 4620 4646 4615
f 4646 4639 4615
f 4645 4617 4616
f 4641 4645 4616
f 4636 4619 4617
f 4649 4636 4617
f 4645 4649 4617
f 4630 4642 4618
f 4642 4625 4618
f 4636 4638 4619
f 4624 4655 4620
f 4655 4646 4620
f 4629 4648 4621
f 4648 4634 4621
f 4654 4643 4622
f 4628 4654 4622
f 4640 4630 4623
f 4626 4640 4623
f 4627 4659 4624
f 4659 4655 4624
f 4642 4652 4625
f 4652 4633 4625
f 4644 4640 4626
f 4631 4663 4627
f 4663 4659 4627
f 4665 4654 4628
f 4639 4665 4628
f 4643 4660 4629
f 4660 4648 4629
f 4651 4642 4630
f 4640 4651 4630
f 4632 4635 4631
f 4635 4663 4631
f 4637 4635 4632
f 4652 4661 4633
f 4661 4641 4633
f 4662 4647 4634
f 4648 4662 4634
f 4637 4666 4635
f 4666 4663 4635
f 4650 4638 4636
f 4649 4650 4636
f 4682 4666 4637
f 4650 4678 4638
f 4678 4683 4638
f 4673 4665 4639
f 4646 4673 4639
f 4644 4657 4640
f 4657 4651 4640
f 4661 4669 4641
f 4669 4645 4641
f 4664 4652 4642
f 4651 4664 4642
f 4654 4672 4643
f 4672 4660 4643
f 4653 4657 4644
f 4669 4674 4645
f 4674 4649 4645
f 4685 4673 4646
f 4655 4685 4646
f 4662 4670 4647
f 4670 4656 4647
f 4675 4662 4648
f 4660 4675 4648
f 4674 4677 4649
f 4677 4650 4649
f 4677 4678 4650
f 4657 4668 4651
f 4668 4664 4651
f 4676 4661 4652
f 4664 4676 4652
f 4667 4657 4653
f 4658 4667 4653
f 4665 4688 4654
f 4688 4672 4654
f 4690 4685 4655
f 4659 4690 4655
f 4671 4658 4656
f 4670 4671 4656
f 4667 4668 4657
f 4671 4667 4658
f 4692 4690 4659
f 4663 4692 4659
f 4691 4675 4660
f 4672 4691 4660
f 4689 4669 4661
f 4676 4689 4661
f 4675 4686 4662
f 4686 4670 4662
f 4666 4692 4663
f 4668 4684 4664
f 4684 4676 4664
f 4673 4697 4665
f 4697 4688 4665
f 4682 4680 4666
f 4680 4692 4666
f 4679 4668 4667
f 4671 4679 4667
f 4679 4684 4668
f 4696 4674 4669
f 4689 4696 4669
f 4687 4671 4670
f 4686 4687 4670
f 4687 4679 4671
f 4701 4691 4672
f 4688 4701 4672
f 4685 4703 4673
f 4703 4697 4673
f 4700 4677 4674
f 4696 4700 4674
f 4691 4698 4675
f 4698 4686 4675
f 4684 4695 4676
f 4695 4689 4676
f 4681 4678 4677
f 4702 4681 4677
f 4700 4702 4677
f 4681 4683 4678
f 4694 4684 4679
f 4687 4694 4679
f 4682 4693 4680
f 4693 4692 4680
f 4705 4683 4681
f 4702 4705 4681
f 4714 4693 4682
f 4705 4715 4683
f 4694 4695 4684
f 4690 4708 4685
f 4708 4703 4685
f 4699 4687 4686
f 4698 4699 4686
f 4699 4694 4687
f 4710 4701 4688
f 4697 4710 4688
f 4695 4704 4689
f 4704 4696 4689
f 4692 4716 4690
f 4716 4708 4690
f 4701 4707 4691
f 4707 4698 4691
f 4693 4712 4692
f 4712 4716 4692
f 4714 4712 4693
f 4706 4695 4694
f 4699 4706 4694
f 4706 4704 4695
f 4704 4711 4696
f 4711 4700 4696
f 4721 4710 4697
f 4703 4721 4697
f 4709 4699 4698
f 4707 4709 4698
f 4709 4706 4699
f 4711 4719 4700
f 4719 4702 4700
f 4710 4720 4701
f 4720 4707 4701
f 4719 4723 4702
f 4723 4724 4702
f 4724 4713 4702
f 4713 4705 4702
f 4726 4721 4703
f 4708 4726 4703
f 4718 4711 4704
f 4706 4718 4704
f 4713 4715 4705
f 4709 4718 4706
f 4722 4709 4707
f 4720 4722 4707
f 4728 4726 4708
f 4716 4728 4708
f 4722 4718 4709
f 4721 4727 4710
f 4727 4720 4710
f 4725 4719 4711
f 4718 4725 4711
f 4714 4717 4712
f 4717 4716 4712
f 4724 4715 4713
f 4735 4717 4714
f 4724 4736 4715
f 4730 4728 4716
f 4717 4730 4716
f 4735 4730 4717
f 4722 4725 4718
f 4731 4723 4719
f 4725 4731 4719
f 4729 4722 4720
f 4727 4729 4720
f 4726 4732 4721
f 4732 4727 4721
f 4729 4725 4722
f 4734 4724 4723
f 4737 4734 4723
f 4731 4737 4723
f 4734 4736 4724
f 4729 4731 4725
f 4728 4740 4726
f 4740 4732 4726
f 4739 4729 4727
f 4732 4739 4727
f 4730 4733 4728
f 4733 4740 4728
f 4739 4731 4729
f 4735 4733 4730
f 4739 4737 4731
f 4742 4739 4732
f 4740 4742 4732
f 4735 4741 4733
f 4741 4740 4733
f 4738 4736 4734
f 4737 4738 4734
f 4745 4741 4735
f 4738 4743 4736
f 4743 4745 4736
f 4739 4742 4737
f 4742 4738 4737
f 4742 4743 4738
f 4741 4742 4740
f 4745 4744 4741
f 4744 4742 4741
f 4744 4743 4742
f 4744 4745 4743
f 4749 4748 4746
f 4747 4749 4746
f 4754 4747 4746
f 4748 4750 4746
f 4750 4756 4746
f 4756 4754 4746
f 4754 4755 4747
f 4755 4751 4747
f 4751 4753 4747
f 4753 4749 4747
f 4761 4760 4748
f 4749 4761 4748
f 4760 4752 4748
f 4752 4750 4748
f 4753 4765 4749
f 4765 4761 4749
f 4752 4758 4750
f 4758 4766 4750
f 4766 4756 4750
f 4755 4757 4751
f 4757 4759 4751
f 4759 4763 4751
f 4763 4753 4751
f 4764 4762 4752
f 4762 4758 4752
f 4760 4764 4752
f 4763 4769 4753
f 4769 4765 4753
f 5015 4755 4754
f 5014 5015 4754
f 4756 5016 4754
f 5016 5014 4754
f 5015 4757 4755
f 4766 5020 4756
f 5020 5016 4756
f 5017 4767 4757
f 5015 5017 4757
f 4767 4759 4757
f 4762 4770 4758
f 4770 4774 4758
f 4774 4766 4758
f 4767 4771 4759
f 4771 4773 4759
f 4773 4763 4759
f 4777 4776 4760
f 4761 4777 4760
f 4776 4764 4760
f 4765 4779 4761
f 4779 4777 4761
f 4768 4772 4762
f 4772 4770 4762
f 4764 4768 4762
f 4773 4781 4763
f 4781 4769 4763
f 4778 4768 4764
f 4776 4778 4764
f 4769 4783 4765
f 4783 4779 4765
f 4774 5028 4766
f 5028 5020 4766
f 5021 4775 4767
f 5017 5021 4767
f 4775 4771 4767
f 4782 4780 4768
f 4780 4772 4768
f 4778 4782 4768
f 4781 4793 4769
f 4793 4783 4769
f 4772 4784 4770
f 4784 4788 4770
f 4788 4774 4770
f 4775 4785 4771
f 4785 4787 4771
f 4787 4773 4771
f 4780 4786 4772
f 4786 4784 4772
f 4787 4791 4773
f 4791 4781 4773
f 4788 5040 4774
f 5040 5028 4774
f 5029 4789 4775
f 5021 5029 4775
f 4789 4785 4775
f 4795 4794 4776
f 4777 4795 4776
f 4794 4778 4776
f 4779 4797 4777
f 4797 4795 4777
f 4796 4782 4778
f 4794 4796 4778
f 4783 4803 4779
f 4803 4797 4779
f 4792 4790 4780
f 4790 4786 4780
f 4782 4792 4780
f 4791 4807 4781
f 4807 4793 4781
f 4802 4792 4782
f 4796 4802 4782
f 4793 4811 4783
f 4811 4803 4783
f 4786 4798 4784
f 4798 4804 4784
f 4804 4788 4784
f 4789 4799 4785
f 4799 4801 4785
f 4801 4787 4785
f 4790 4800 4786
f 4800 4798 4786
f 4801 4809 4787
f 4809 4791 4787
f 4804 5052 4788
f 5052 5040 4788
f 5041 4805 4789
f 5029 5041 4789
f 4805 4799 4789
f 4806 4808 4790
f 4808 4800 4790
f 4792 4806 4790
f 4809 4813 4791
f 4813 4807 4791
f 4810 4806 4792
f 4802 4810 4792
f 4807 4821 4793
f 4821 4811 4793
f 4819 4818 4794
f 4795 4819 4794
f 4818 4796 4794
f 4797 4823 4795
f 4823 4819 4795
f 4822 4802 4796
f 4818 4822 4796
f 4803 4829 4797
f 4829 4823 4797
f 4800 4814 4798
f 4814 4824 4798
f 4824 4804 4798
f 4805 4815 4799
f 4815 4817 4799
f 4817 4801 4799
f 4808 4816 4800
f 4816 4814 4800
f 4817 4827 4801
f 4827 4809 4801
f 4828 4810 4802
f 4822 4828 4802
f 4811 4831 4803
f 4831 4829 4803
f 4824 5062 4804
f 5062 5052 4804
f 5053 4825 4805
f 5041 5053 4805
f 4825 4815 4805
f 4820 4812 4806
f 4812 4808 4806
f 4810 4820 4806
f 4813 4833 4807
f 4833 4821 4807
f 4812 4826 4808
f 4826 4816 4808
f 4827 4835 4809
f 4835 4813 4809
f 4830 4820 4810
f 4828 4830 4810
f 4821 4841 4811
f 4841 4831 4811
f 4832 4834 4812
f 4834 4826 4812
f 4820 4832 4812
f 4835 4849 4813
f 4849 4833 4813
f 4816 4836 4814
f 4836 4842 4814
f 4842 4824 4814
f 4825 4837 4815
f 4837 4839 4815
f 4839 4817 4815
f 4826 4838 4816
f 4838 4836 4816
f 4839 4845 4817
f 4845 4827 4817
f 4847 4846 4818
f 4819 4847 4818
f 4846 4822 4818
f 4823 4851 4819
f 4851 4847 4819
f 4840 4832 4820
f 4830 4840 4820
f 4833 4853 4821
f 4853 4841 4821
f 4850 4828 4822
f 4846 4850 4822
f 4829 4855 4823
f 4855 4851 4823
f 4842 5072 4824
f 5072 5062 4824
f 5063 4843 4825
f 5053 5063 4825
f 4843 4837 4825
f 4834 4844 4826
f 4844 4838 4826
f 4845 4857 4827
f 4857 4835 4827
f 4854 4830 4828
f 4850 4854 4828
f 4831 4859 4829
f 4859 4855 4829
f 4858 4840 4830
f 4854 4858 4830
f 4841 4871 4831
f 4871 4859 4831
f 4852 4848 4832
f 4848 4834 4832
f 4840 4852 4832
f 4849 4869 4833
f 4869 4853 4833
f 4848 4856 4834
f 4856 4844 4834
f 4857 4867 4835
f 4867 4849 4835
f 4838 4860 4836
f 4860 4864 4836
f 4864 4842 4836
f 4843 4861 4837
f 4861 4863 4837
f 4863 4839 4837
f 4844 4862 4838
f 4862 4860 4838
f 4863 4873 4839
f 4873 4845 4839
f 4870 4852 4840
f 4858 4870 4840
f 4853 4877 4841
f 4877 4871 4841
f 4864 5082 4842
f 5082 5072 4842
f 5073 4865 4843
f 5063 5073 4843
f 4865 4861 4843
f 4856 4872 4844
f 4872 4862 4844
f 4873 4875 4845
f 4875 4857 4845
f 4881 4880 4846
f 4847 4881 4846
f 4880 4850 4846
f 4851 4883 4847
f 4883 4881 4847
f 4868 4866 4848
f 4866 4856 4848
f 4852 4868 4848
f 4867 4879 4849
f 4879 4869 4849
f 4882 4854 4850
f 4880 4882 4850
f 4855 4887 4851
f 4887 4883 4851
f 4876 4868 4852
f 4870 4876 4852
f 4869 4895 4853
f 4895 4877 4853
f 4886 4858 4854
f 4882 4886 4854
f 4859 4899 4855
f 4899 4887 4855
f 4866 4874 4856
f 4874 4872 4856
f 4875 4885 4857
f 4885 4867 4857
f 4898 4870 4858
f 4886 4898 4858
f 4871 4903 4859
f 4903 4899 4859
f 4862 4888 4860
f 4888 4892 4860
f 4892 4864 4860
f 4865 4889 4861
f 4889 4891 4861
f 4891 4863 4861
f 4872 4890 4862
f 4890 4888 4862
f 4891 4897 4863
f 4897 4873 4863
f 4892 5086 4864
f 5086 5082 4864
f 5083 4893 4865
f 5073 5083 4865
f 4893 4889 4865
f 4878 4884 4866
f 4884 4874 4866
f 4868 4878 4866
f 4885 4905 4867
f 4905 4879 4867
f 4894 4878 4868
f 4876 4894 4868
f 4879 4907 4869
f 4907 4895 4869
f 4902 4876 4870
f 4898 4902 4870
f 4877 4909 4871
f 4909 4903 4871
f 4874 4896 4872
f 4896 4890 4872
f 4897 4901 4873
f 4901 4875 4873
f 4884 4900 4874
f 4900 4896 4874
f 4901 4911 4875
f 4911 4885 4875
f 4908 4894 4876
f 4902 4908 4876
f 4895 4913 4877
f 4913 4909 4877
f 4906 4904 4878
f 4904 4884 4878
f 4894 4906 4878
f 4905 4915 4879
f 4915 4907 4879
f 4919 4918 4880
f 4881 4919 4880
f 4918 4882 4880
f 4883 4921 4881
f 4921 4919 4881
f 4920 4886 4882
f 4918 4920 4882
f 4887 4923 4883
f 4923 4921 4883
f 4904 4910 4884
f 4910 4900 4884
f 4911 4917 4885
f 4917 4905 4885
f 4922 4898 4886
f 4920 4922 4886
f 4899 4927 4887
f 4927 4923 4887
f 5010 4892 4888
f 4890 5010 4888
f 4893 5011 4889
f 5011 4891 4889
f 4896 5010 4890
f 5011 4897 4891
f 5024 5086 4892
f 5010 5024 4892
f 5087 5183 4893
f 5183 5025 4893
f 5025 5011 4893
f 5083 5087 4893
f 4912 4906 4894
f 4908 4912 4894
f 4907 4925 4895
f 4925 4913 4895
f 4900 5010 4896
f 5011 4901 4897
f 4926 4902 4898
f 4922 4926 4898
f 4903 4931 4899
f 4931 4927 4899
f 4910 4916 4900
f 4916 4928 4900
f 4928 4938 4900
f 4966 4986 4900
f 4938 4944 4900
f 4944 4964 4900
f 4964 4966 4900
f 4994 5010 4900
f 4986 4994 4900
f 5011 4911 4901
f 4930 4908 4902
f 4926 4930 4902
f 4909 4935 4903
f 4935 4931 4903
f 4914 4916 4904
f 4916 4910 4904
f 4906 4914 4904
f 4917 4929 4905
f 4929 4915 4905
f 4924 4914 4906
f 4912 4924 4906
f 4915 4933 4907
f 4933 4925 4907
f 4934 4912 4908
f 4930 4934 4908
f 4913 4937 4909
f 4937 4935 4909
f 5011 4917 4911
f 4936 4924 4912
f 4934 4936 4912
f 4925 4941 4913
f 4941 4937 4913
f 4932 4928 4914
f 4928 4916 4914
f 4924 4932 4914
f 4929 4939 4915
f 4939 4933 4915
f 5011 4929 4917
f 4947 4946 4918
f 4919 4947 4918
f 4946 4920 4918
f 4921 4949 4919
f 4949 4947 4919
f 4948 4922 4920
f 4946 4948 4920
f 4923 4951 4921
f 4951 4949 4921
f 4950 4926 4922
f 4948 4950 4922
f 4927 4953 4923
f 4953 4951 4923
f 4940 4932 4924
f 4936 4940 4924
f 4933 4943 4925
f 4943 4941 4925
f 4952 4930 4926
f 4950 4952 4926
f 4931 4955 4927
f 4955 4953 4927
f 4932 4938 4928
f 4987 4967 4929
f 4995 4987 4929
f 4967 4965 4929
f 4965 4945 4929
f 4945 4939 4929
f 5011 4995 4929
f 4954 4934 4930
f 4952 4954 4930
f 4935 4957 4931
f 4957 4955 4931
f 4942 4938 4932
f 4940 4942 4932
f 4939 4945 4933
f 4945 4943 4933
f 4956 4936 4934
f 4954 4956 4934
f 4937 4959 4935
f 4959 4957 4935
f 4958 4940 4936
f 4956 4958 4936
f 4941 4961 4937
f 4961 4959 4937
f 4942 4944 4938
f 4960 4942 4940
f 4958 4960 4940
f 4943 4963 4941
f 4963 4961 4941
f 4962 4944 4942
f 4960 4962 4942
f 4945 4965 4943
f 4965 4963 4943
f 4962 4964 4944
f 4985 4984 4946
f 4947 4985 4946
f 4984 4948 4946
f 4949 4983 4947
f 4983 4985 4947
f 4982 4950 4948
f 4984 4982 4948
f 4951 4981 4949
f 4981 4983 4949
f 4980 4952 4950
f 4982 4980 4950
f 4953 4979 4951
f 4979 4981 4951
f 4978 4954 4952
f 4980 4978 4952
f 4955 4977 4953
f 4977 4979 4953
f 4976 4956 4954
f 4978 4976 4954
f 4957 4975 4955
f 4975 4977 4955
f 4974 4958 4956
f 4976 4974 4956
f 4959 4973 4957
f 4973 4975 4957
f 4972 4960 4958
f 4974 4972 4958
f 4961 4971 4959
f 4971 4973 4959
f 4970 4962 4960
f 4972 4970 4960
f 4963 4969 4961
f 4969 4971 4961
f 4968 4964 4962
f 4970 4968 4962
f 4965 4967 4963
f 4967 4969 4963
f 4968 4966 4964
f 4988 4986 4966
f 4968 4988 4966
f 4987 4969 4967
f 4990 4988 4968
f 4970 4990 4968
f 4987 4989 4969
f 4989 4971 4969
f 4992 4990 4970
f 4972 4992 4970
f 4989 4991 4971
f 4991 4973 4971
f 4996 4992 4972
f 4974 4996 4972
f 4991 4993 4973
f 4993 4975 4973
f 4998 4996 4974
f 4976 4998 4974
f 4993 4997 4975
f 4997 4977 4975
f 5002 4998 4976
f 4978 5002 4976
f 4997 4999 4977
f 4999 4979 4977
f 5004 5002 4978
f 4980 5004 4978
f 4999 5003 4979
f 5003 4981 4979
f 5006 5004 4980
f 4982 5006 4980
f 5003 5005 4981
f 5005 4983 4981
f 5008 5006 4982
f 4984 5008 4982
f 5005 5007 4983
f 5007 4985 4983
f 5009 5008 4984
f 4985 5009 4984
f 5007 5009 4985
f 5000 4994 4986
f 4988 5000 4986
f 4995 4989 4987
f 5012 5000 4988
f 4990 5012 4988
f 4995 5001 4989
f 5001 4991 4989
f 5018 5012 4990
f 4992 5018 4990
f 5001 5013 4991
f 5013 4993 4991
f 5026 5018 4992
f 4996 5026 4992
f 5013 5019 4993
f 5019 4997 4993
f 5022 5010 4994
f 5000 5022 4994
f 5011 5001 4995
f 5032 5026 4996
f 4998 5032 4996
f 5019 5027 4997
f 5027 4999 4997
f 5036 5032 4998
f 5002 5036 4998
f 5027 5033 4999
f 5033 5003 4999
f 5030 5022 5000
f 5012 5030 5000
f 5011 5023 5001
f 5023 5013 5001
f 5038 5036 5002
f 5004 5038 5002
f 5033 5037 5003
f 5037 5005 5003
f 5044 5038 5004
f 5006 5044 5004
f 5037 5039 5005
f 5039 5007 5005
f 5046 5044 5006
f 5008 5046 5006
f 5039 5045 5007
f 5045 5009 5007
f 5047 5046 5008
f 5009 5047 5008
f 5045 5047 5009
f 5034 5024 5010
f 5022 5034 5010
f 5025 5023 5011
f 5042 5030 5012
f 5018 5042 5012
f 5023 5031 5013
f 5031 5019 5013
f 5085 5015 5014
f 5084 5085 5014
f 5016 5084 5014
f 5085 5017 5015
f 5020 5092 5016
f 5092 5090 5016
f 5090 5084 5016
f 5085 5091 5017
f 5091 5021 5017
f 5050 5042 5018
f 5026 5050 5018
f 5031 5043 5019
f 5043 5027 5019
f 5028 5094 5020
f 5094 5092 5020
f 5091 5093 5021
f 5093 5029 5021
f 5048 5034 5022
f 5030 5048 5022
f 5025 5035 5023
f 5035 5031 5023
f 5182 5086 5024
f 5034 5182 5024
f 5187 5035 5025
f 5183 5187 5025
f 5054 5050 5026
f 5032 5054 5026
f 5043 5051 5027
f 5051 5033 5027
f 5040 5096 5028
f 5096 5094 5028
f 5093 5095 5029
f 5095 5041 5029
f 5056 5048 5030
f 5042 5056 5030
f 5035 5049 5031
f 5049 5043 5031
f 5058 5054 5032
f 5036 5058 5032
f 5051 5055 5033
f 5055 5037 5033
f 5189 5182 5034
f 5048 5189 5034
f 5191 5049 5035
f 5188 5191 5035
f 5187 5188 5035
f 5060 5058 5036
f 5038 5060 5036
f 5055 5059 5037
f 5059 5039 5037
f 5064 5060 5038
f 5044 5064 5038
f 5059 5061 5039
f 5061 5045 5039
f 5052 5098 5040
f 5098 5096 5040
f 5095 5097 5041
f 5097 5053 5041
f 5066 5056 5042
f 5050 5066 5042
f 5049 5057 5043
f 5057 5051 5043
f 5068 5064 5044
f 5046 5068 5044
f 5061 5065 5045
f 5065 5047 5045
f 5069 5068 5046
f 5047 5069 5046
f 5065 5069 5047
f 5193 5189 5048
f 5056 5193 5048
f 5194 5057 5049
f 5192 5194 5049
f 5191 5192 5049
f 5070 5066 5050
f 5054 5070 5050
f 5057 5067 5051
f 5067 5055 5051
f 5062 5100 5052
f 5100 5098 5052
f 5097 5099 5053
f 5099 5063 5053
f 5074 5070 5054
f 5058 5074 5054
f 5067 5071 5055
f 5071 5059 5055
f 5196 5193 5056
f 5066 5196 5056
f 5197 5067 5057
f 5195 5197 5057
f 5194 5195 5057
f 5076 5074 5058
f 5060 5076 5058
f 5071 5075 5059
f 5075 5061 5059
f 5078 5076 5060
f 5064 5078 5060
f 5075 5077 5061
f 5077 5065 5061
f 5072 5102 5062
f 5102 5100 5062
f 5099 5101 5063
f 5101 5073 5063
f 5080 5078 5064
f 5068 5080 5064
f 5077 5079 5065
f 5079 5069 5065
f 5199 5196 5066
f 5070 5199 5066
f 5201 5071 5067
f 5198 5201 5067
f 5197 5198 5067
f 5081 5080 5068
f 5069 5081 5068
f 5079 5081 5069
f 5203 5199 5070
f 5205 5203 5070
f 5074 5205 5070
f 5204 5075 5071
f 5202 5204 5071
f 5201 5202 5071
f 5082 5104 5072
f 5104 5102 5072
f 5101 5103 5073
f 5103 5083 5073
f 5207 5205 5074
f 5209 5207 5074
f 5076 5209 5074
f 5208 5077 5075
f 5206 5208 5075
f 5204 5206 5075
f 5211 5209 5076
f 5213 5211 5076
f 5078 5213 5076
f 5212 5079 5077
f 5210 5212 5077
f 5208 5210 5077
f 5215 5213 5078
f 5218 5215 5078
f 5080 5218 5078
f 5216 5081 5079
f 5214 5216 5079
f 5212 5214 5079
f 5081 5219 5080
f 5219 5218 5080
f 5220 5219 5081
f 5216 5220 5081
f 5086 5106 5082
f 5106 5104 5082
f 5103 5105 5083
f 5105 5087 5083
f 5089 5085 5084
f 5088 5089 5084
f 5090 5088 5084
f 5089 5091 5085
f 5182 5106 5086
f 5107 5183 5087
f 5105 5107 5087
f 5109 5089 5088
f 5108 5109 5088
f 5090 5108 5088
f 5109 5091 5089
f 5112 5108 5090
f 5114 5112 5090
f 5092 5114 5090
f 5113 5093 5091
f 5109 5113 5091
f 5116 5114 5092
f 5094 5116 5092
f 5115 5095 5093
f 5113 5115 5093
f 5118 5116 5094
f 5096 5118 5094
f 5117 5097 5095
f 5115 5117 5095
f 5120 5118 5096
f 5098 5120 5096
f 5119 5099 5097
f 5117 5119 5097
f 5122 5120 5098
f 5100 5122 5098
f 5121 5101 5099
f 5119 5121 5099
f 5124 5122 5100
f 5102 5124 5100
f 5123 5103 5101
f 5121 5123 5101
f 5126 5124 5102
f 5104 5126 5102
f 5125 5105 5103
f 5123 5125 5103
f 5128 5126 5104
f 5106 5128 5104
f 5127 5107 5105
f 5125 5127 5105
f 5182 5128 5106
f 5129 5183 5107
f 5127 5129 5107
f 5111 5109 5108
f 5110 5111 5108
f 5112 5110 5108
f 5111 5113 5109
f 5131 5111 5110
f 5130 5131 5110
f 5112 5132 5110
f 5132 5130 5110
f 5131 5113 5111
f 5114 5134 5112
f 5134 5132 5112
f 5133 5115 5113
f 5131 5133 5113
f 5116 5136 5114
f 5136 5134 5114
f 5135 5117 5115
f 5133 5135 5115
f 5118 5138 5116
f 5138 5136 5116
f 5137 5119 5117
f 5135 5137 5117
f 5120 5140 5118
f 5140 5138 5118
f 5139 5121 5119
f 5137 5139 5119
f 5122 5142 5120
f 5142 5140 5120
f 5141 5123 5121
f 5139 5141 5121
f 5124 5144 5122
f 5144 5142 5122
f 5143 5125 5123
f 5141 5143 5123
f 5126 5146 5124
f 5146 5144 5124
f 5145 5127 5125
f 5143 5145 5125
f 5128 5148 5126
f 5148 5146 5126
f 5147 5129 5127
f 5145 5147 5127
f 5182 5148 5128
f 5149 5223 5129
f 5223 5183 5129
f 5147 5149 5129
f 5150 5131 5130
f 5154 5150 5130
f 5132 5154 5130
f 5150 5151 5131
f 5151 5247 5131
f 5247 5133 5131
f 5155 5154 5132
f 5158 5155 5132
f 5134 5161 5132
f 5161 5160 5132
f 5160 5158 5132
f 5248 5135 5133
f 5247 5248 5133
f 5136 5163 5134
f 5163 5161 5134
f 5249 5137 5135
f 5248 5249 5135
f 5138 5166 5136
f 5166 5164 5136
f 5164 5163 5136
f 5250 5139 5137
f 5249 5250 5137
f 5140 5169 5138
f 5169 5167 5138
f 5167 5166 5138
f 5251 5141 5139
f 5250 5251 5139
f 5142 5173 5140
f 5173 5171 5140
f 5171 5169 5140
f 5257 5143 5141
f 5251 5257 5141
f 5144 5175 5142
f 5175 5174 5142
f 5174 5173 5142
f 5260 5145 5143
f 5257 5260 5143
f 5146 5178 5144
f 5178 5177 5144
f 5177 5175 5144
f 5262 5147 5145
f 5260 5262 5145
f 5148 5185 5146
f 5185 5184 5146
f 5184 5181 5146
f 5181 5179 5146
f 5179 5178 5146
f 5265 5149 5147
f 5262 5265 5147
f 5182 5222 5148
f 5222 5185 5148
f 5549 5223 5149
f 5545 5549 5149
f 5267 5545 5149
f 5265 5267 5149
f 5165 5162 5150
f 5217 5200 5150
f 5200 5190 5150
f 5176 5172 5150
f 5156 5153 5150
f 5153 5152 5150
f 5152 5151 5150
f 5172 5170 5150
f 5170 5168 5150
f 5168 5165 5150
f 5252 5253 5150
f 5253 5221 5150
f 5221 5217 5150
f 5190 5186 5150
f 5186 5180 5150
f 5180 5176 5150
f 5162 5159 5150
f 5159 5157 5150
f 5157 5156 5150
f 5154 5252 5150
f 5291 5279 5151
f 5279 5247 5151
f 5152 5291 5151
f 5153 5291 5152
f 5156 5291 5153
f 5155 5254 5154
f 5254 5252 5154
f 5158 5254 5155
f 5292 5291 5156
f 5157 5292 5156
f 5159 5292 5157
f 5160 5254 5158
f 5162 5292 5159
f 5255 5254 5160
f 5161 5255 5160
f 5163 5255 5161
f 5165 5293 5162
f 5293 5292 5162
f 5256 5255 5163
f 5164 5256 5163
f 5166 5256 5164
f 5168 5293 5165
f 5258 5256 5166
f 5167 5258 5166
f 5169 5258 5167
f 5170 5294 5168
f 5294 5293 5168
f 5259 5258 5169
f 5171 5259 5169
f 5172 5294 5170
f 5173 5259 5171
f 5176 5295 5172
f 5295 5294 5172
f 5261 5259 5173
f 5174 5261 5173
f 5175 5261 5174
f 5263 5261 5175
f 5177 5263 5175
f 5180 5295 5176
f 5178 5263 5177
f 5264 5263 5178
f 5179 5264 5178
f 5181 5264 5179
f 5186 5296 5180
f 5296 5295 5180
f 5184 5264 5181
f 5189 5222 5182
f 5224 5187 5183
f 5223 5224 5183
f 5185 5266 5184
f 5266 5264 5184
f 5222 5341 5185
f 5341 5266 5185
f 5190 5297 5186
f 5297 5296 5186
f 5224 5188 5187
f 5226 5191 5188
f 5224 5226 5188
f 5193 5225 5189
f 5225 5222 5189
f 5200 5297 5190
f 5226 5192 5191
f 5228 5194 5192
f 5226 5228 5192
f 5196 5227 5193
f 5227 5225 5193
f 5228 5195 5194
f 5230 5197 5195
f 5228 5230 5195
f 5199 5229 5196
f 5229 5227 5196
f 5230 5198 5197
f 5232 5201 5198
f 5230 5232 5198
f 5203 5231 5199
f 5231 5229 5199
f 5217 5298 5200
f 5298 5297 5200
f 5232 5202 5201
f 5234 5204 5202
f 5232 5234 5202
f 5205 5235 5203
f 5235 5233 5203
f 5233 5231 5203
f 5234 5206 5204
f 5207 5236 5205
f 5236 5235 5205
f 5237 5208 5206
f 5234 5237 5206
f 5209 5238 5207
f 5238 5236 5207
f 5237 5210 5208
f 5211 5239 5209
f 5239 5238 5209
f 5240 5212 5210
f 5237 5240 5210
f 5213 5241 5211
f 5241 5239 5211
f 5240 5214 5212
f 5215 5242 5213
f 5242 5241 5213
f 5243 5216 5214
f 5240 5243 5214
f 5218 5244 5215
f 5244 5242 5215
f 5246 5220 5216
f 5243 5246 5216
f 5221 5303 5217
f 5303 5298 5217
f 5219 5245 5218
f 5245 5244 5218
f 5220 5245 5219
f 5246 5245 5220
f 5253 5311 5221
f 5311 5303 5221
f 5225 5341 5222
f 5549 5553 5223
f 5553 5342 5223
f 5342 5343 5223
f 5343 5224 5223
f 5343 5345 5224
f 5345 5226 5224
f 5227 5344 5225
f 5344 5341 5225
f 5345 5347 5226
f 5347 5228 5226
f 5229 5346 5227
f 5346 5344 5227
f 5347 5349 5228
f 5349 5230 5228
f 5231 5348 5229
f 5348 5346 5229
f 5349 5351 5230
f 5351 5232 5230
f 5233 5350 5231
f 5350 5348 5231
f 5351 5353 5232
f 5353 5234 5232
f 5235 5354 5233
f 5354 5352 5233
f 5352 5350 5233
f 5353 5355 5234
f 5355 5237 5234
f 5236 5354 5235
f 5356 5354 5236
f 5238 5356 5236
f 5355 5357 5237
f 5357 5240 5237
f 5239 5356 5238
f 5358 5356 5239
f 5241 5358 5239
f 5357 5359 5240
f 5359 5243 5240
f 5242 5358 5241
f 5360 5358 5242
f 5244 5360 5242
f 5359 5361 5243
f 5361 5246 5243
f 5245 5360 5244
f 5246 5360 5245
f 5361 5360 5246
f 5279 5248 5247
f 5313 5249 5248
f 5279 5313 5248
f 5314 5250 5249
f 5313 5314 5249
f 5315 5251 5250
f 5314 5315 5250
f 5316 5257 5251
f 5315 5316 5251
f 5268 5253 5252
f 5254 5270 5252
f 5270 5268 5252
f 5268 5269 5253
f 5269 5547 5253
f 5547 5543 5253
f 5543 5311 5253
f 5255 5271 5254
f 5271 5270 5254
f 5256 5272 5255
f 5272 5271 5255
f 5258 5273 5256
f 5273 5272 5256
f 5317 5260 5257
f 5316 5317 5257
f 5259 5274 5258
f 5274 5273 5258
f 5261 5275 5259
f 5275 5274 5259
f 5318 5262 5260
f 5317 5318 5260
f 5263 5276 5261
f 5276 5275 5261
f 5319 5265 5262
f 5318 5319 5262
f 5264 5277 5263
f 5277 5276 5263
f 5266 5278 5264
f 5278 5277 5264
f 5339 5267 5265
f 5319 5339 5265
f 5341 5278 5266
f 5541 5545 5267
f 5340 5541 5267
f 5339 5340 5267
f 5280 5269 5268
f 5270 5282 5268
f 5282 5280 5268
f 5280 5281 5269
f 5281 5547 5269
f 5271 5283 5270
f 5283 5282 5270
f 5272 5284 5271
f 5284 5283 5271
f 5273 5285 5272
f 5285 5284 5272
f 5274 5286 5273
f 5286 5285 5273
f 5275 5287 5274
f 5287 5286 5274
f 5276 5288 5275
f 5288 5287 5275
f 5277 5289 5276
f 5289 5288 5276
f 5278 5290 5277
f 5290 5289 5277
f 5341 5290 5278
f 5291 5312 5279
f 5312 5313 5279
f 5299 5281 5280
f 5282 5301 5280
f 5301 5299 5280
f 5299 5300 5281
f 5300 5547 5281
f 5283 5302 5282
f 5302 5301 5282
f 5284 5304 5283
f 5304 5302 5283
f 5285 5305 5284
f 5305 5304 5284
f 5286 5306 5285
f 5306 5305 5285
f 5287 5307 5286
f 5307 5306 5286
f 5288 5308 5287
f 5308 5307 5287
f 5289 5309 5288
f 5309 5308 5288
f 5290 5310 5289
f 5310 5309 5289
f 5341 5310 5290
f 5412 5413 5291
f 5413 5312 5291
f 5414 5412 5291
f 5292 5414 5291
f 5416 5414 5292
f 5293 5416 5292
f 5418 5416 5293
f 5294 5418 5293
f 5420 5418 5294
f 5295 5420 5294
f 5422 5420 5295
f 5296 5422 5295
f 5424 5422 5296
f 5297 5424 5296
f 5426 5424 5297
f 5298 5426 5297
f 5428 5426 5298
f 5303 5428 5298
f 5337 5300 5299
f 5301 5336 5299
f 5336 5337 5299
f 5337 5338 5300
f 5338 5551 5300
f 5551 5547 5300
f 5302 5334 5301
f 5334 5335 5301
f 5335 5336 5301
f 5304 5332 5302
f 5332 5333 5302
f 5333 5334 5302
f 5430 5428 5303
f 5311 5430 5303
f 5305 5330 5304
f 5330 5331 5304
f 5331 5332 5304
f 5306 5328 5305
f 5328 5329 5305
f 5329 5330 5305
f 5307 5326 5306
f 5326 5327 5306
f 5327 5328 5306
f 5308 5324 5307
f 5324 5325 5307
f 5325 5326 5307
f 5309 5322 5308
f 5322 5323 5308
f 5323 5324 5308
f 5310 5320 5309
f 5320 5321 5309
f 5321 5322 5309
f 5341 5320 5310
f 5535 5430 5311
f 5543 5539 5311
f 5539 5535 5311
f 5413 5313 5312
f 5415 5314 5313
f 5413 5415 5313
f 5417 5315 5314
f 5415 5417 5314
f 5419 5316 5315
f 5417 5419 5315
f 5421 5317 5316
f 5419 5421 5316
f 5423 5318 5317
f 5421 5423 5317
f 5425 5319 5318
f 5423 5425 5318
f 5427 5339 5319
f 5425 5427 5319
f 5383 5454 5320
f 5362 5383 5320
f 5341 5362 5320
f 5455 5321 5320
f 5454 5455 5320
f 5455 5322 5321
f 5455 5456 5322
f 5456 5457 5322
f 5457 5323 5322
f 5457 5458 5323
f 5458 5324 5323
f 5458 5460 5324
f 5460 5325 5324
f 5460 5461 5325
f 5461 5326 5325
f 5461 5463 5326
f 5463 5327 5326
f 5463 5465 5327
f 5465 5328 5327
f 5465 5466 5328
f 5466 5329 5328
f 5466 5468 5329
f 5468 5330 5329
f 5468 5470 5330
f 5470 5331 5330
f 5470 5471 5331
f 5471 5332 5331
f 5471 5473 5332
f 5473 5333 5332
f 5473 5476 5333
f 5476 5334 5333
f 5476 5478 5334
f 5478 5335 5334
f 5482 5336 5335
f 5478 5480 5335
f 5480 5482 5335
f 5482 5483 5336
f 5483 5337 5336
f 5459 5338 5337
f 5489 5459 5337
f 5488 5489 5337
f 5486 5488 5337
f 5483 5485 5337
f 5485 5486 5337
f 5459 5555 5338
f 5555 5551 5338
f 5429 5340 5339
f 5427 5429 5339
f 5431 5534 5340
f 5537 5541 5340
f 5534 5537 5340
f 5429 5431 5340
f 5365 5362 5341
f 5344 5365 5341
f 5553 5363 5342
f 5363 5343 5342
f 5363 5364 5343
f 5364 5345 5343
f 5367 5365 5344
f 5346 5367 5344
f 5364 5366 5345
f 5366 5347 5345
f 5369 5367 5346
f 5348 5369 5346
f 5366 5368 5347
f 5368 5349 5347
f 5371 5369 5348
f 5350 5371 5348
f 5368 5370 5349
f 5370 5351 5349
f 5373 5371 5350
f 5352 5373 5350
f 5370 5372 5351
f 5372 5353 5351
f 5375 5373 5352
f 5354 5375 5352
f 5372 5374 5353
f 5374 5355 5353
f 5377 5375 5354
f 5356 5377 5354
f 5374 5376 5355
f 5376 5357 5355
f 5379 5377 5356
f 5358 5379 5356
f 5376 5378 5357
f 5378 5359 5357
f 5381 5379 5358
f 5360 5381 5358
f 5378 5380 5359
f 5380 5361 5359
f 5382 5381 5360
f 5361 5382 5360
f 5380 5382 5361
f 5386 5383 5362
f 5365 5386 5362
f 5557 5384 5363
f 5553 5557 5363
f 5384 5364 5363
f 5384 5385 5364
f 5385 5387 5364
f 5387 5366 5364
f 5389 5386 5365
f 5367 5389 5365
f 5387 5388 5366
f 5388 5390 5366
f 5390 5368 5366
f 5392 5389 5367
f 5369 5392 5367
f 5390 5391 5368
f 5391 5393 5368
f 5393 5370 5368
f 5395 5392 5369
f 5371 5395 5369
f 5393 5394 5370
f 5394 5396 5370
f 5396 5372 5370
f 5398 5395 5371
f 5373 5398 5371
f 5396 5397 5372
f 5397 5399 5372
f 5399 5374 5372
f 5401 5398 5373
f 5375 5401 5373
f 5399 5400 5374
f 5400 5402 5374
f 5402 5376 5374
f 5404 5401 5375
f 5377 5404 5375
f 5402 5403 5376
f 5403 5405 5376
f 5405 5378 5376
f 5407 5404 5377
f 5379 5407 5377
f 5405 5406 5378
f 5406 5408 5378
f 5408 5380 5378
f 5410 5407 5379
f 5381 5410 5379
f 5408 5409 5380
f 5409 5382 5380
f 5411 5410 5381
f 5382 5411 5381
f 5409 5411 5382
f 5455 5454 5383
f 5386 5455 5383
f 5557 5577 5384
f 5577 5588 5384
f 5588 5592 5384
f 5592 6257 5384
f 6257 5385 5384
f 6257 5387 5385
f 5456 5455 5386
f 5457 5456 5386
f 5389 5457 5386
f 6271 5388 5387
f 6257 6271 5387
f 6271 5390 5388
f 5458 5457 5389
f 5460 5458 5389
f 5392 5460 5389
f 6277 5391 5390
f 6271 6277 5390
f 6277 5393 5391
f 5461 5460 5392
f 5463 5461 5392
f 5395 5463 5392
f 6288 5394 5393
f 6277 6288 5393
f 6288 5396 5394
f 5465 5463 5395
f 5466 5465 5395
f 5398 5466 5395
f 6290 5397 5396
f 6288 6290 5396
f 6302 5399 5397
f 6290 6302 5397
f 5468 5466 5398
f 5470 5468 5398
f 5401 5470 5398
f 6302 5400 5399
f 6306 5402 5400
f 6302 6306 5400
f 5471 5470 5401
f 5473 5471 5401
f 5404 5473 5401
f 6306 5403 5402
f 6310 5405 5403
f 6306 6310 5403
f 5476 5473 5404
f 5478 5476 5404
f 5407 5478 5404
f 6310 5406 5405
f 6313 5408 5406
f 6310 6313 5406
f 5480 5478 5407
f 5410 5483 5407
f 5483 5482 5407
f 5482 5480 5407
f 6313 5409 5408
f 6315 5411 5409
f 6313 6315 5409
f 5490 5489 5410
f 5411 5490 5410
f 5488 5486 5410
f 5489 5488 5410
f 5486 5485 5410
f 5485 5483 5410
f 6314 5490 5411
f 6315 6314 5411
f 5433 5413 5412
f 5432 5433 5412
f 5414 5434 5412
f 5434 5432 5412
f 5433 5415 5413
f 5416 5436 5414
f 5436 5434 5414
f 5433 5435 5415
f 5435 5417 5415
f 5418 5438 5416
f 5438 5436 5416
f 5435 5437 5417
f 5437 5419 5417
f 5420 5440 5418
f 5440 5438 5418
f 5437 5439 5419
f 5439 5421 5419
f 5422 5442 5420
f 5442 5440 5420
f 5439 5441 5421
f 5441 5423 5421
f 5424 5444 5422
f 5444 5442 5422
f 5441 5443 5423
f 5443 5425 5423
f 5426 5446 5424
f 5446 5444 5424
f 5443 5445 5425
f 5445 5427 5425
f 5428 5448 5426
f 5448 5446 5426
f 5445 5447 5427
f 5447 5429 5427
f 5430 5450 5428
f 5450 5448 5428
f 5447 5449 5429
f 5449 5431 5429
f 5535 5533 5430
f 5533 5536 5430
f 5536 5540 5430
f 5540 5450 5430
f 5546 5542 5431
f 5451 5546 5431
f 5542 5538 5431
f 5538 5534 5431
f 5449 5451 5431
f 5453 5433 5432
f 5452 5453 5432
f 5434 5452 5432
f 5453 5435 5433
f 5436 5495 5434
f 5495 5493 5434
f 5493 5452 5434
f 5453 5494 5435
f 5494 5437 5435
f 5438 5497 5436
f 5497 5495 5436
f 5494 5496 5437
f 5496 5439 5437
f 5440 5499 5438
f 5499 5497 5438
f 5496 5498 5439
f 5498 5441 5439
f 5442 5501 5440
f 5501 5499 5440
f 5498 5500 5441
f 5500 5443 5441
f 5444 5503 5442
f 5503 5501 5442
f 5500 5502 5443
f 5502 5445 5443
f 5446 5505 5444
f 5505 5503 5444
f 5502 5504 5445
f 5504 5447 5445
f 5448 5507 5446
f 5507 5505 5446
f 5504 5506 5447
f 5506 5449 5447
f 5450 5509 5448
f 5509 5507 5448
f 5506 5508 5449
f 5508 5451 5449
f 5548 5552 5450
f 5552 5509 5450
f 5540 5544 5450
f 5544 5548 5450
f 5550 5546 5451
f 5510 5558 5451
f 5558 5554 5451
f 5554 5550 5451
f 5508 5510 5451
f 5492 5453 5452
f 5491 5492 5452
f 5493 5491 5452
f 5492 5494 5453
f 5489 5462 5459
f 5590 5586 5459
f 6256 5619 5459
f 5619 5605 5459
f 5605 5590 5459
f 5586 5575 5459
f 5575 5555 5459
f 5462 6256 5459
f 5489 5464 5462
f 5464 6270 5462
f 6270 6256 5462
f 5489 5467 5464
f 5467 6276 5464
f 6276 6270 5464
f 5489 5469 5467
f 5469 6287 5467
f 6287 6276 5467
f 5489 5472 5469
f 5472 6289 5469
f 6289 6287 5469
f 5489 5474 5472
f 5474 6305 5472
f 6305 6301 5472
f 6301 6289 5472
f 5489 5475 5474
f 5475 6305 5474
f 5489 5477 5475
f 6309 6305 5475
f 5477 6309 5475
f 5489 5479 5477
f 5479 6309 5477
f 5489 5481 5479
f 6312 6309 5479
f 5481 6312 5479
f 5489 5484 5481
f 5484 6312 5481
f 5489 5487 5484
f 6314 6312 5484
f 5487 6314 5484
f 5489 5490 5487
f 5490 6314 5487
f 5512 5492 5491
f 5511 5512 5491
f 5493 5511 5491
f 5512 5494 5492
f 5515 5511 5493
f 5517 5515 5493
f 5495 5517 5493
f 5512 5516 5494
f 5516 5496 5494
f 5519 5517 5495
f 5497 5519 5495
f 5516 5518 5496
f 5518 5498 5496
f 5521 5519 5497
f 5499 5521 5497
f 5518 5520 5498
f 5520 5500 5498
f 5523 5521 5499
f 5501 5523 5499
f 5520 5522 5500
f 5522 5502 5500
f 5525 5523 5501
f 5503 5525 5501
f 5522 5524 5502
f 5524 5504 5502
f 5527 5525 5503
f 5505 5527 5503
f 5524 5526 5504
f 5526 5506 5504
f 5529 5527 5505
f 5507 5529 5505
f 5526 5528 5506
f 5528 5508 5506
f 5531 5529 5507
f 5509 5531 5507
f 5528 5530 5508
f 5530 5510 5508
f 5552 5556 5509
f 5556 5576 5509
f 5576 5531 5509
f 5532 5589 5510
f 5589 5578 5510
f 5578 5558 5510
f 5530 5532 5510
f 5514 5512 5511
f 5513 5514 5511
f 5515 5513 5511
f 5514 5516 5512
f 5560 5514 5513
f 5559 5560 5513
f 5515 5562 5513
f 5562 5561 5513
f 5561 5559 5513
f 5560 5516 5514
f 5517 5564 5515
f 5564 5562 5515
f 5560 5563 5516
f 5563 5518 5516
f 5519 5566 5517
f 5566 5564 5517
f 5563 5565 5518
f 5565 5520 5518
f 5521 5568 5519
f 5568 5566 5519
f 5565 5567 5520
f 5567 5522 5520
f 5523 5570 5521
f 5570 5568 5521
f 5567 5569 5522
f 5569 5524 5522
f 5525 5573 5523
f 5573 5571 5523
f 5571 5570 5523
f 5569 5572 5524
f 5572 5526 5524
f 5527 5579 5525
f 5579 5573 5525
f 5572 5574 5526
f 5574 5528 5526
f 5529 5581 5527
f 5581 5579 5527
f 5574 5580 5528
f 5580 5530 5528
f 5531 5584 5529
f 5584 5582 5529
f 5582 5581 5529
f 5580 5583 5530
f 5583 5532 5530
f 5576 5587 5531
f 5587 5584 5531
f 5585 5593 5532
f 5593 5589 5532
f 5583 5585 5532
f 5534 5536 5533
f 5537 5534 5533
f 5535 5537 5533
f 5538 5536 5534
f 5541 5537 5535
f 5539 5541 5535
f 5538 5540 5536
f 5542 5540 5538
f 5545 5541 5539
f 5543 5545 5539
f 5542 5544 5540
f 5546 5544 5542
f 5549 5545 5543
f 5547 5549 5543
f 5546 5548 5544
f 5550 5548 5546
f 5553 5549 5547
f 5551 5553 5547
f 5550 5552 5548
f 5554 5552 5550
f 5557 5553 5551
f 5555 5557 5551
f 5554 5556 5552
f 5558 5556 5554
f 5577 5557 5555
f 5575 5577 5555
f 5558 5576 5556
f 5578 5576 5558
f 5601 5560 5559
f 5594 5601 5559
f 5595 5594 5559
f 5561 5595 5559
f 5601 5602 5560
f 5602 5563 5560
f 5596 5595 5561
f 5562 5596 5561
f 5564 5596 5562
f 5603 5565 5563
f 5602 5603 5563
f 5566 5596 5564
f 5603 5567 5565
f 5568 5597 5566
f 5597 5596 5566
f 5609 5569 5567
f 5603 5609 5567
f 5570 5598 5568
f 5598 5597 5568
f 5610 5572 5569
f 5609 5610 5569
f 5571 5599 5570
f 5599 5598 5570
f 5573 5600 5571
f 5600 5599 5571
f 5612 5574 5572
f 5610 5612 5572
f 5579 5611 5573
f 5611 5604 5573
f 5604 5600 5573
f 5614 5580 5574
f 5612 5614 5574
f 5588 5577 5575
f 5586 5588 5575
f 5578 5587 5576
f 5589 5587 5578
f 5581 5611 5579
f 5616 5583 5580
f 5614 5616 5580
f 5582 5611 5581
f 5613 5611 5582
f 5584 5613 5582
f 5617 5585 5583
f 5616 5617 5583
f 5587 5591 5584
f 5591 5615 5584
f 5615 5613 5584
f 5618 5593 5585
f 5617 5618 5585
f 5592 5588 5586
f 5590 5592 5586
f 5589 5591 5587
f 5593 5591 5589
f 5607 5592 5590
f 5605 5607 5590
f 5593 5606 5591
f 5606 5615 5591
f 5607 6257 5592
f 5618 6978 5593
f 6978 5608 5593
f 5608 5606 5593
f 5624 5601 5594
f 5623 5624 5594
f 5595 5623 5594
f 5630 5623 5595
f 5631 5630 5595
f 5596 5631 5595
f 5632 5631 5596
f 5597 5632 5596
f 5633 5632 5597
f 5598 5633 5597
f 5634 5633 5598
f 5599 5634 5598
f 5635 5634 5599
f 5600 5635 5599
f 5636 5635 5600
f 5604 5636 5600
f 5624 5602 5601
f 5640 5603 5602
f 5624 5639 5602
f 5639 5640 5602
f 5640 5609 5603
f 5638 5636 5604
f 5611 5638 5604
f 5621 5607 5605
f 5619 5621 5605
f 5608 5620 5606
f 6231 5615 5606
f 6374 6339 5606
f 6339 6300 5606
f 6300 6255 5606
f 6255 6231 5606
f 5620 6442 5606
f 6442 6398 5606
f 6398 6374 5606
f 5621 6257 5607
f 6978 6909 5608
f 6909 5622 5608
f 5622 5620 5608
f 5641 5610 5609
f 5640 5641 5609
f 5647 5612 5610
f 5641 5647 5610
f 5646 5638 5611
f 5613 5646 5611
f 5649 5614 5612
f 5647 5649 5612
f 5648 5646 5613
f 5615 5648 5613
f 5655 5616 5614
f 5649 5655 5614
f 6231 5648 5615
f 5663 5617 5616
f 5655 5663 5616
f 5671 5618 5617
f 5663 5671 5617
f 5679 6978 5618
f 5671 5679 5618
f 5628 5621 5619
f 5626 5628 5619
f 6256 5626 5619
f 5622 5627 5620
f 5627 6485 5620
f 6485 6442 5620
f 5628 6257 5621
f 6909 6899 5622
f 6899 5629 5622
f 5629 5627 5622
f 5637 5624 5623
f 5625 5637 5623
f 5630 5625 5623
f 5637 5639 5624
f 5776 5637 5625
f 5692 5776 5625
f 5630 5685 5625
f 5685 5689 5625
f 5689 5692 5625
f 5644 5628 5626
f 5642 5644 5626
f 6256 5642 5626
f 5629 5643 5627
f 6692 6640 5627
f 6640 6598 5627
f 6598 6564 5627
f 6564 6516 5627
f 6516 6485 5627
f 5643 6779 5627
f 6779 6762 5627
f 6762 6692 5627
f 5644 6257 5628
f 6899 5645 5629
f 5645 5643 5629
f 5631 5690 5630
f 5690 5687 5630
f 5687 5685 5630
f 5632 5700 5631
f 5700 5696 5631
f 5696 5690 5631
f 5633 5700 5632
f 5714 5709 5633
f 5709 5708 5633
f 5708 5700 5633
f 5634 5714 5633
f 5635 5714 5634
f 5718 5714 5635
f 5636 5718 5635
f 5737 5718 5636
f 5638 5737 5636
f 5781 5639 5637
f 5776 5781 5637
f 5747 5737 5638
f 5646 5747 5638
f 5783 5640 5639
f 5781 5783 5639
f 5783 5641 5640
f 5783 5792 5641
f 5792 5647 5641
f 5674 5644 5642
f 5672 5674 5642
f 6256 5672 5642
f 5645 5673 5643
f 5673 6779 5643
f 6420 6257 5644
f 5674 6420 5644
f 6899 5675 5645
f 5675 5673 5645
f 5752 5747 5646
f 5648 5752 5646
f 5792 5801 5647
f 5801 5649 5647
f 6231 5763 5648
f 5763 5752 5648
f 5801 5813 5649
f 5813 5655 5649
f 5813 5820 5655
f 5820 5663 5655
f 5820 5829 5663
f 5829 5671 5663
f 5829 5839 5671
f 5839 5679 5671
f 5730 5674 5672
f 5728 5730 5672
f 6419 5728 5672
f 6256 6419 5672
f 5675 5729 5673
f 6667 6779 5673
f 5729 6667 5673
f 5730 6420 5674
f 6668 5731 5675
f 6899 6668 5675
f 5731 5729 5675
f 5848 6978 5679
f 5839 5848 5679
f 5687 5686 5685
f 5686 5689 5685
f 5693 5697 5686
f 5697 5691 5686
f 5688 5693 5686
f 5687 5688 5686
f 5691 5692 5686
f 5692 5689 5686
f 5690 5695 5687
f 5695 5688 5687
f 5695 5694 5688
f 5694 5693 5688
f 5696 5695 5690
f 5775 5692 5691
f 5697 5775 5691
f 5775 5776 5692
f 5702 5698 5693
f 5698 5697 5693
f 5694 5702 5693
f 5695 5699 5694
f 5699 5703 5694
f 5703 5702 5694
f 5696 5700 5695
f 5700 5708 5695
f 5708 5709 5695
f 5709 5714 5695
f 5714 5718 5695
f 5718 5737 5695
f 5737 5747 5695
f 5763 6230 5695
f 5752 5763 5695
f 5747 5752 5695
f 6234 5699 5695
f 6230 6234 5695
f 5827 5775 5697
f 5828 5827 5697
f 5698 5828 5697
f 5701 5828 5698
f 5702 5701 5698
f 6239 5706 5699
f 6234 6239 5699
f 5706 5703 5699
f 5831 5828 5701
f 5710 5831 5701
f 5711 5710 5701
f 5702 5711 5701
f 5703 5711 5702
f 5706 5712 5703
f 5712 5711 5703
f 6243 5713 5706
f 6239 6243 5706
f 5713 5712 5706
f 5833 5831 5710
f 5716 5833 5710
f 5711 5719 5710
f 5719 5716 5710
f 5712 5719 5711
f 5713 5722 5712
f 5722 5719 5712
f 6246 5723 5713
f 6243 6246 5713
f 5723 5722 5713
f 5840 5833 5716
f 5736 5840 5716
f 5719 5736 5716
f 5748 5736 5719
f 5744 5748 5719
f 5722 5744 5719
f 5723 5745 5722
f 5745 5744 5722
f 6259 5746 5723
f 6246 6259 5723
f 5746 5745 5723
f 5771 5730 5728
f 5769 5771 5728
f 6419 5769 5728
f 5731 5770 5729
f 5770 6667 5729
f 6501 6420 5730
f 5771 6501 5730
f 6668 5772 5731
f 5772 5770 5731
f 5846 5840 5736
f 5748 5846 5736
f 5757 5748 5744
f 5745 5757 5744
f 5746 5758 5745
f 5758 5757 5745
f 6272 5760 5746
f 6259 6272 5746
f 5760 5758 5746
f 5850 5846 5748
f 5762 5850 5748
f 5757 5762 5748
f 5765 5762 5757
f 5758 5765 5757
f 5760 5766 5758
f 5766 5765 5758
f 6285 5768 5760
f 6272 6285 5760
f 5768 5766 5760
f 5882 5850 5762
f 5774 5882 5762
f 5765 5774 5762
f 6231 6230 5763
f 5786 5774 5765
f 5766 5786 5765
f 5768 5787 5766
f 5787 5786 5766
f 6294 5789 5768
f 6285 6294 5768
f 5789 5787 5768
f 5796 5771 5769
f 5794 5796 5769
f 6500 5794 5769
f 6419 6500 5769
f 5772 5795 5770
f 6643 6667 5770
f 5795 6643 5770
f 6585 6501 5771
f 5796 6585 5771
f 6668 5797 5772
f 5797 5795 5772
f 5908 5882 5774
f 5788 5908 5774
f 5786 5788 5774
f 5821 5776 5775
f 5827 5821 5775
f 5858 5859 5776
f 5859 5781 5776
f 5821 5858 5776
f 5867 5783 5781
f 5859 5867 5781
f 5867 5792 5783
f 5805 5790 5786
f 5790 5788 5786
f 5787 5805 5786
f 5789 5805 5787
f 5790 5908 5788
f 6311 5805 5789
f 6294 6311 5789
f 5934 5908 5790
f 5805 5934 5790
f 5867 5885 5792
f 5885 5801 5792
f 5808 5796 5794
f 5807 5808 5794
f 6500 6584 5794
f 6584 5807 5794
f 5797 5807 5795
f 6584 6643 5795
f 5807 6584 5795
f 5808 6585 5796
f 6644 5808 5797
f 6668 6644 5797
f 5808 5807 5797
f 5885 5905 5801
f 5905 5813 5801
f 6898 5934 5805
f 6788 6898 5805
f 6311 6788 5805
f 6644 6585 5808
f 5905 5921 5813
f 5921 5820 5813
f 5921 5944 5820
f 5944 5829 5820
f 5893 5858 5821
f 5827 5893 5821
f 5896 5893 5827
f 5828 5896 5827
f 5831 5915 5828
f 5915 5904 5828
f 5904 5896 5828
f 5944 5966 5829
f 5966 5839 5829
f 5833 5924 5831
f 5924 5915 5831
f 5840 5941 5833
f 5941 5924 5833
f 5966 5993 5839
f 5993 5848 5839
f 5846 5958 5840
f 5958 5941 5840
f 5850 5974 5846
f 5974 5958 5846
f 6019 6978 5848
f 5993 6019 5848
f 5882 5999 5850
f 5999 5974 5850
f 5853 5873 5852
f 5854 5877 5853
f 5877 5873 5853
f 5856 5877 5854
f 5862 5877 5856
f 5912 5859 5858
f 5893 5912 5858
f 5932 5940 5859
f 5912 5932 5859
f 5940 5867 5859
f 5864 5884 5862
f 5884 5877 5862
f 5874 5884 5864
f 5940 5885 5867
f 5873 5927 5872
f 5927 5875 5872
f 5877 5928 5873
f 5928 5927 5873
f 5879 5892 5874
f 5892 5884 5874
f 5927 5930 5875
f 5930 5876 5875
f 5937 5883 5876
f 5930 5937 5876
f 5932 5928 5877
f 5884 5932 5877
f 5888 5901 5879
f 5901 5895 5879
f 5895 5892 5879
f 5908 6025 5882
f 6025 5999 5882
f 5937 5945 5883
f 5945 5891 5883
f 5940 5932 5884
f 5892 5940 5884
f 5940 5949 5885
f 5949 5905 5885
f 5890 5907 5888
f 5907 5901 5888
f 5909 5913 5890
f 5913 5907 5890
f 5945 5956 5891
f 5956 5906 5891
f 5895 5940 5892
f 5911 5912 5893
f 5896 5911 5893
f 5949 5940 5895
f 5901 5949 5895
f 5930 5911 5896
f 5904 5937 5896
f 5937 5930 5896
f 5907 5949 5901
f 5945 5937 5904
f 5915 5945 5904
f 5949 5963 5905
f 5963 5921 5905
f 5956 5971 5906
f 5971 5923 5906
f 5963 5949 5907
f 5913 5963 5907
f 6043 6025 5908
f 5934 6043 5908
f 5914 5922 5909
f 5922 5913 5909
f 5927 5928 5911
f 5928 5912 5911
f 5930 5927 5911
f 5928 5932 5912
f 5922 5963 5913
f 5933 5931 5914
f 5931 5922 5914
f 5956 5945 5915
f 5924 5956 5915
f 5963 5980 5921
f 5980 5944 5921
f 5931 5963 5922
f 5971 5988 5923
f 5988 5942 5923
f 5971 5956 5924
f 5941 5971 5924
f 5935 5980 5931
f 5980 5963 5931
f 5933 5935 5931
f 5948 5943 5933
f 5951 5948 5933
f 5943 5935 5933
f 6898 6043 5934
f 5943 5980 5935
f 5988 5971 5941
f 5958 5988 5941
f 5988 6011 5942
f 6011 5959 5942
f 5948 6000 5943
f 6000 5980 5943
f 5980 6000 5944
f 6000 5966 5944
f 5961 6000 5948
f 5951 5961 5948
f 5953 5964 5951
f 5964 5961 5951
f 5975 5964 5953
f 5982 5975 5953
f 5957 5982 5953
f 5962 5982 5957
f 6011 5988 5958
f 5974 6011 5958
f 6011 6038 5959
f 6038 5981 5959
f 5964 6000 5961
f 5965 5982 5962
f 6026 6000 5964
f 5975 6026 5964
f 5970 5982 5965
f 6000 6026 5966
f 6026 5993 5966
f 5985 5982 5970
f 5972 5985 5970
f 5978 5985 5972
f 6038 6011 5974
f 5999 6038 5974
f 6046 6026 5975
f 5982 6046 5975
f 5983 5985 5978
f 6038 6047 5981
f 6047 6005 5981
f 5985 6046 5982
f 5986 5985 5983
f 6001 6046 5985
f 5986 6001 5985
f 5989 6001 5986
f 6006 6001 5989
f 5995 6006 5989
f 6026 6046 5993
f 6046 6019 5993
f 5996 6006 5995
f 5998 6006 5996
f 6003 6006 5998
f 6047 6038 5999
f 6025 6047 5999
f 6006 6053 6001
f 6053 6046 6001
f 6012 6006 6003
f 6008 6012 6003
f 6047 6033 6005
f 6012 6053 6006
f 6015 6012 6008
f 6035 6053 6012
f 6015 6035 6012
f 6053 6978 6019
f 6046 6053 6019
f 6052 6047 6025
f 6043 6052 6025
f 7137 6059 6031
f 7046 7097 6033
f 6052 6908 6033
f 6908 6977 6033
f 6977 7046 6033
f 6047 6052 6033
f 7096 7047 6035
f 7047 6978 6035
f 6978 6053 6035
f 6060 7109 6041
f 6898 6052 6043
f 6898 6908 6052
f 7137 7059 6059
f 7058 7109 6060
f 6255 6254 6230
f 6231 6255 6230
f 6254 6234 6230
f 6258 6239 6234
f 6254 6258 6234
f 6262 6243 6239
f 6258 6262 6239
f 6269 6246 6243
f 6262 6269 6243
f 6275 6259 6246
f 6269 6275 6246
f 6300 6299 6254
f 6255 6300 6254
f 6299 6258 6254
f 6270 6425 6256
f 6425 6419 6256
f 6420 6271 6257
f 6303 6262 6258
f 6299 6303 6258
f 6286 6272 6259
f 6275 6286 6259
f 6304 6269 6262
f 6303 6304 6262
f 6308 6275 6269
f 6304 6308 6269
f 6276 6429 6270
f 6429 6425 6270
f 6420 6426 6271
f 6426 6277 6271
f 6293 6285 6272
f 6286 6293 6272
f 6316 6286 6275
f 6308 6316 6275
f 6287 6433 6276
f 6433 6429 6276
f 6426 6430 6277
f 6430 6288 6277
f 6307 6294 6285
f 6293 6307 6285
f 6325 6293 6286
f 6316 6325 6286
f 6289 6435 6287
f 6435 6433 6287
f 6430 6434 6288
f 6434 6290 6288
f 6301 6439 6289
f 6439 6435 6289
f 6434 6436 6290
f 6436 6302 6290
f 6330 6307 6293
f 6325 6330 6293
f 6322 6311 6294
f 6307 6322 6294
f 6339 6338 6299
f 6300 6339 6299
f 6338 6303 6299
f 6305 6445 6301
f 6445 6439 6301
f 6436 6440 6302
f 6440 6306 6302
f 6340 6304 6303
f 6338 6340 6303
f 6342 6308 6304
f 6340 6342 6304
f 6309 6452 6305
f 6452 6445 6305
f 6440 6446 6306
f 6446 6310 6306
f 6333 6322 6307
f 6330 6333 6307
f 6343 6316 6308
f 6342 6343 6308
f 6312 6455 6309
f 6455 6452 6309
f 6446 6453 6310
f 6453 6313 6310
f 6780 6788 6311
f 6329 6780 6311
f 6322 6329 6311
f 6314 6457 6312
f 6457 6455 6312
f 6456 6315 6313
f 6453 6456 6313
f 6458 6457 6314
f 6315 6458 6314
f 6456 6458 6315
f 6344 6325 6316
f 6343 6344 6316
f 6341 6329 6322
f 6333 6341 6322
f 6354 6330 6325
f 6344 6354 6325
f 6345 6780 6329
f 6341 6345 6329
f 6360 6333 6330
f 6354 6360 6330
f 6363 6341 6333
f 6360 6363 6333
f 6374 6373 6338
f 6339 6374 6338
f 6373 6340 6338
f 6375 6342 6340
f 6373 6375 6340
f 6366 6345 6341
f 6363 6366 6341
f 6378 6343 6342
f 6375 6378 6342
f 6379 6344 6343
f 6378 6379 6343
f 6382 6354 6344
f 6379 6382 6344
f 6372 6780 6345
f 6366 6372 6345
f 6383 6360 6354
f 6382 6383 6354
f 6389 6363 6360
f 6383 6389 6360
f 6390 6366 6363
f 6389 6390 6363
f 6393 6372 6366
f 6390 6393 6366
f 6394 6780 6372
f 6393 6394 6372
f 6398 6397 6373
f 6374 6398 6373
f 6397 6375 6373
f 6399 6378 6375
f 6397 6399 6375
f 6400 6379 6378
f 6399 6400 6378
f 6405 6382 6379
f 6400 6405 6379
f 6408 6383 6382
f 6405 6408 6382
f 6412 6389 6383
f 6408 6412 6383
f 6415 6390 6389
f 6412 6415 6389
f 6418 6393 6390
f 6415 6418 6390
f 6421 6394 6393
f 6418 6421 6393
f 6424 6780 6394
f 6421 6424 6394
f 6442 6441 6397
f 6398 6442 6397
f 6441 6399 6397
f 6443 6400 6399
f 6441 6443 6399
f 6444 6405 6400
f 6443 6444 6400
f 6447 6408 6405
f 6444 6447 6405
f 6451 6412 6408
f 6447 6451 6408
f 6454 6415 6412
f 6451 6454 6412
f 6459 6418 6415
f 6454 6459 6415
f 6460 6421 6418
f 6459 6460 6418
f 6425 6519 6419
f 6519 6500 6419
f 6501 6426 6420
f 6461 6424 6421
f 6460 6461 6421
f 6697 6743 6424
f 6656 6697 6424
f 6773 6780 6424
f 6743 6773 6424
f 6462 6494 6424
f 6494 6506 6424
f 6506 6550 6424
f 6550 6582 6424
f 6582 6614 6424
f 6614 6656 6424
f 6461 6462 6424
f 6429 6531 6425
f 6531 6519 6425
f 6501 6520 6426
f 6520 6430 6426
f 6433 6533 6429
f 6533 6531 6429
f 6520 6532 6430
f 6532 6434 6430
f 6435 6535 6433
f 6535 6533 6433
f 6532 6534 6434
f 6534 6436 6434
f 6439 6537 6435
f 6537 6535 6435
f 6534 6536 6436
f 6536 6440 6436
f 6445 6539 6439
f 6539 6537 6439
f 6536 6538 6440
f 6538 6446 6440
f 6485 6484 6441
f 6442 6485 6441
f 6484 6443 6441
f 6486 6444 6443
f 6484 6486 6443
f 6487 6447 6444
f 6486 6487 6444
f 6452 6541 6445
f 6541 6539 6445
f 6538 6540 6446
f 6540 6453 6446
f 6488 6451 6447
f 6487 6488 6447
f 6489 6454 6451
f 6488 6489 6451
f 6455 6543 6452
f 6543 6541 6452
f 6540 6542 6453
f 6542 6456 6453
f 6490 6459 6454
f 6489 6490 6454
f 6457 6545 6455
f 6545 6543 6455
f 6542 6544 6456
f 6544 6458 6456
f 6546 6545 6457
f 6458 6546 6457
f 6544 6546 6458
f 6491 6460 6459
f 6490 6491 6459
f 6492 6461 6460
f 6491 6492 6460
f 6493 6462 6461
f 6492 6493 6461
f 6493 6494 6462
f 6516 6515 6484
f 6485 6516 6484
f 6515 6486 6484
f 6514 6487 6486
f 6515 6514 6486
f 6513 6488 6487
f 6514 6513 6487
f 6512 6489 6488
f 6513 6512 6488
f 6511 6490 6489
f 6512 6511 6489
f 6510 6491 6490
f 6511 6510 6490
f 6509 6492 6491
f 6510 6509 6491
f 6508 6493 6492
f 6509 6508 6492
f 6507 6494 6493
f 6508 6507 6493
f 6507 6506 6494
f 6519 6591 6500
f 6591 6584 6500
f 6585 6520 6501
f 6553 6550 6506
f 6507 6553 6506
f 6554 6553 6507
f 6508 6554 6507
f 6555 6554 6508
f 6509 6555 6508
f 6556 6555 6509
f 6510 6556 6509
f 6557 6556 6510
f 6511 6557 6510
f 6558 6557 6511
f 6512 6558 6511
f 6559 6558 6512
f 6513 6559 6512
f 6562 6559 6513
f 6514 6562 6513
f 6563 6562 6514
f 6515 6563 6514
f 6564 6563 6515
f 6516 6564 6515
f 6531 6599 6519
f 6599 6591 6519
f 6585 6592 6520
f 6592 6532 6520
f 6533 6603 6531
f 6603 6599 6531
f 6592 6600 6532
f 6600 6534 6532
f 6535 6607 6533
f 6607 6603 6533
f 6600 6604 6534
f 6604 6536 6534
f 6537 6612 6535
f 6612 6607 6535
f 6604 6608 6536
f 6608 6538 6536
f 6539 6615 6537
f 6615 6612 6537
f 6608 6613 6538
f 6613 6540 6538
f 6541 6619 6539
f 6619 6615 6539
f 6613 6616 6540
f 6616 6542 6540
f 6543 6622 6541
f 6622 6619 6541
f 6616 6620 6542
f 6620 6544 6542
f 6545 6624 6543
f 6624 6622 6543
f 6620 6623 6544
f 6623 6546 6544
f 6625 6624 6545
f 6546 6625 6545
f 6623 6625 6546
f 6583 6582 6550
f 6553 6583 6550
f 6586 6583 6553
f 6554 6586 6553
f 6589 6586 6554
f 6555 6589 6554
f 6590 6589 6555
f 6556 6590 6555
f 6593 6590 6556
f 6557 6593 6556
f 6594 6593 6557
f 6558 6594 6557
f 6595 6594 6558
f 6559 6595 6558
f 6596 6595 6559
f 6562 6596 6559
f 6597 6596 6562
f 6563 6597 6562
f 6598 6597 6563
f 6564 6598 6563
f 6621 6614 6582
f 6583 6621 6582
f 6626 6621 6583
f 6586 6626 6583
f 6591 6654 6584
f 6654 6643 6584
f 6644 6592 6585
f 6631 6626 6586
f 6589 6631 6586
f 6632 6631 6589
f 6590 6632 6589
f 6633 6632 6590
f 6593 6633 6590
f 6599 6657 6591
f 6657 6654 6591
f 6644 6655 6592
f 6655 6600 6592
f 6636 6633 6593
f 6594 6636 6593
f 6637 6636 6594
f 6595 6637 6594
f 6638 6637 6595
f 6596 6638 6595
f 6639 6638 6596
f 6597 6639 6596
f 6640 6639 6597
f 6598 6640 6597
f 6603 6663 6599
f 6663 6657 6599
f 6655 6658 6600
f 6658 6604 6600
f 6607 6670 6603
f 6670 6663 6603
f 6658 6664 6604
f 6664 6608 6604
f 6612 6680 6607
f 6680 6670 6607
f 6664 6671 6608
f 6671 6613 6608
f 6615 6686 6612
f 6686 6680 6612
f 6671 6681 6613
f 6681 6616 6613
f 6659 6656 6614
f 6621 6659 6614
f 6619 6695 6615
f 6695 6686 6615
f 6681 6687 6616
f 6687 6620 6616
f 6622 6698 6619
f 6698 6695 6619
f 6687 6696 6620
f 6696 6623 6620
f 6662 6659 6621
f 6626 6662 6621
f 6624 6700 6622
f 6700 6698 6622
f 6696 6699 6623
f 6699 6625 6623
f 6701 6700 6624
f 6625 6701 6624
f 6699 6701 6625
f 6669 6662 6626
f 6631 6669 6626
f 6672 6669 6631
f 6632 6672 6631
f 6679 6672 6632
f 6633 6679 6632
f 6684 6679 6633
f 6636 6684 6633
f 6688 6684 6636
f 6637 6688 6636
f 6690 6688 6637
f 6638 6690 6637
f 6691 6690 6638
f 6639 6691 6638
f 6692 6691 6639
f 6640 6692 6639
f 6654 6676 6643
f 6676 6667 6643
f 6668 6655 6644
f 6657 6682 6654
f 6682 6676 6654
f 6668 6683 6655
f 6683 6685 6655
f 6685 6658 6655
f 6710 6697 6656
f 6659 6710 6656
f 6689 6682 6657
f 6663 6693 6657
f 6693 6689 6657
f 6685 6694 6658
f 6694 6702 6658
f 6702 6664 6658
f 6713 6710 6659
f 6662 6713 6659
f 6725 6713 6662
f 6669 6725 6662
f 6670 6708 6663
f 6708 6707 6663
f 6707 6693 6663
f 6702 6709 6664
f 6709 6711 6664
f 6711 6671 6664
f 6791 6779 6667
f 6676 6791 6667
f 6899 6683 6668
f 6732 6725 6669
f 6672 6732 6669
f 6680 6714 6670
f 6714 6712 6670
f 6712 6708 6670
f 6711 6715 6671
f 6715 6722 6671
f 6722 6681 6671
f 6745 6732 6672
f 6679 6745 6672
f 6682 6791 6676
f 6754 6745 6679
f 6684 6754 6679
f 6686 6733 6680
f 6733 6728 6680
f 6728 6726 6680
f 6726 6721 6680
f 6721 6714 6680
f 6722 6727 6681
f 6727 6729 6681
f 6729 6687 6681
f 6798 6791 6682
f 6807 6798 6682
f 6689 6807 6682
f 6899 6905 6683
f 6905 6913 6683
f 6913 6685 6683
f 6758 6754 6684
f 6688 6758 6684
f 6913 6694 6685
f 6695 6741 6686
f 6741 6737 6686
f 6737 6733 6686
f 6729 6734 6687
f 6734 6738 6687
f 6738 6696 6687
f 6760 6758 6688
f 6690 6760 6688
f 6693 6807 6689
f 6761 6760 6690
f 6691 6761 6690
f 6762 6761 6691
f 6692 6762 6691
f 6814 6807 6693
f 6707 6814 6693
f 6927 6702 6694
f 6913 6927 6694
f 6698 6744 6695
f 6744 6741 6695
f 6738 6742 6696
f 6742 6748 6696
f 6748 6699 6696
f 6759 6743 6697
f 6710 6759 6697
f 6700 6751 6698
f 6751 6749 6698
f 6749 6744 6698
f 6748 6750 6699
f 6750 6701 6699
f 6753 6752 6700
f 6701 6753 6700
f 6752 6751 6700
f 6750 6753 6701
f 6927 6709 6702
f 6708 6814 6707
f 6832 6831 6708
f 6831 6822 6708
f 6822 6814 6708
f 6712 6832 6708
f 6933 6711 6709
f 6927 6933 6709
f 6763 6759 6710
f 6713 6763 6710
f 6933 6715 6711
f 6714 6832 6712
f 6772 6763 6713
f 6725 6772 6713
f 6840 6832 6714
f 6721 6840 6714
f 6942 6722 6715
f 6933 6942 6715
f 6726 6840 6721
f 6942 6727 6722
f 6774 6772 6725
f 6732 6774 6725
f 6845 6840 6726
f 6728 6845 6726
f 6942 6729 6727
f 6733 6845 6728
f 6952 6734 6729
f 6942 6952 6729
f 6776 6774 6732
f 6745 6776 6732
f 6858 6854 6733
f 6854 6845 6733
f 6737 6858 6733
f 6952 6738 6734
f 6741 6858 6737
f 6960 6742 6738
f 6952 6960 6738
f 6862 6858 6741
f 6744 6862 6741
f 6960 6748 6742
f 6775 6773 6743
f 6759 6775 6743
f 6749 6862 6744
f 6781 6776 6745
f 6754 6781 6745
f 6966 6750 6748
f 6960 6966 6748
f 6867 6865 6749
f 6751 6867 6749
f 6863 6862 6749
f 6865 6863 6749
f 6973 6753 6750
f 6966 6973 6750
f 6752 6867 6751
f 6753 6867 6752
f 6976 6867 6753
f 6973 6976 6753
f 6785 6781 6754
f 6758 6785 6754
f 6789 6785 6758
f 6760 6789 6758
f 6782 6775 6759
f 6763 6782 6759
f 6790 6789 6760
f 6761 6790 6760
f 6762 6790 6761
f 6779 6790 6762
f 6793 6782 6763
f 6772 6793 6763
f 6805 6793 6772
f 6774 6805 6772
f 6792 6780 6773
f 6775 6792 6773
f 6809 6805 6774
f 6776 6809 6774
f 6806 6792 6775
f 6782 6806 6775
f 6815 6809 6776
f 6781 6815 6776
f 6791 6790 6779
f 6802 6788 6780
f 6792 6802 6780
f 6821 6815 6781
f 6785 6821 6781
f 6813 6806 6782
f 6793 6813 6782
f 6829 6821 6785
f 6789 6829 6785
f 6904 6898 6788
f 6802 6904 6788
f 6830 6829 6789
f 6790 6830 6789
f 6791 6830 6790
f 6798 6830 6791
f 6808 6802 6792
f 6806 6808 6792
f 6826 6813 6793
f 6805 6826 6793
f 6807 6830 6798
f 6808 6904 6802
f 6836 6826 6805
f 6809 6836 6805
f 6816 6812 6806
f 6812 6808 6806
f 6813 6816 6806
f 6814 6830 6807
f 6812 6926 6808
f 6926 6912 6808
f 6912 6904 6808
f 6842 6836 6809
f 6815 6842 6809
f 6816 6926 6812
f 6833 6825 6813
f 6825 6816 6813
f 6826 6833 6813
f 6822 6830 6814
f 6844 6842 6815
f 6821 6844 6815
f 6932 6926 6816
f 6825 6932 6816
f 6848 6844 6821
f 6829 6848 6821
f 6831 6830 6822
f 6833 6932 6825
f 6841 6837 6826
f 6837 6833 6826
f 6836 6841 6826
f 6853 6848 6829
f 6830 6853 6829
f 6831 6853 6830
f 6832 6853 6831
f 6840 6853 6832
f 6941 6932 6833
f 6837 6941 6833
f 6847 6843 6836
f 6843 6841 6836
f 6842 6847 6836
f 6841 6941 6837
f 6845 6853 6840
f 6843 6941 6841
f 6859 6857 6842
f 6857 6847 6842
f 6844 6859 6842
f 6847 6951 6843
f 6951 6941 6843
f 6861 6860 6844
f 6860 6859 6844
f 6848 6861 6844
f 6854 6853 6845
f 6857 6957 6847
f 6957 6951 6847
f 6866 6864 6848
f 6864 6861 6848
f 6853 6866 6848
f 6854 6866 6853
f 6858 6866 6854
f 6859 6957 6857
f 6862 6866 6858
f 6860 6957 6859
f 6861 6965 6860
f 6965 6957 6860
f 6864 6971 6861
f 6971 6965 6861
f 6863 6866 6862
f 6865 6866 6863
f 6866 6975 6864
f 6975 6971 6864
f 6867 6866 6865
f 6867 6976 6866
f 6976 6975 6866
f 6904 6908 6898
f 6909 6911 6899
f 6911 6905 6899
f 6912 6910 6904
f 6910 6908 6904
f 6911 6925 6905
f 6925 6913 6905
f 6910 6985 6908
f 6985 6977 6908
f 6978 6911 6909
f 6912 6924 6910
f 6924 6997 6910
f 6997 6985 6910
f 6986 6925 6911
f 6978 6986 6911
f 6926 6924 6912
f 6925 6940 6913
f 6940 6927 6913
f 6926 6939 6924
f 6939 7003 6924
f 7003 6997 6924
f 6998 6940 6925
f 6986 6998 6925
f 6932 6947 6926
f 6947 6939 6926
f 6940 6948 6927
f 6948 6933 6927
f 6941 6947 6932
f 6948 6954 6933
f 6954 6942 6933
f 6947 7007 6939
f 7007 7003 6939
f 7004 6948 6940
f 6998 7004 6940
f 6953 6947 6941
f 6951 6967 6941
f 6967 6953 6941
f 6954 6968 6942
f 6968 6952 6942
f 6953 7011 6947
f 7011 7007 6947
f 7008 6954 6948
f 7004 7008 6948
f 6957 6967 6951
f 6968 6980 6952
f 6980 6960 6952
f 6967 7015 6953
f 7015 7011 6953
f 7012 6968 6954
f 7008 7012 6954
f 6979 6967 6957
f 6965 6987 6957
f 6987 6979 6957
f 6980 6988 6960
f 6988 6966 6960
f 6971 6987 6965
f 6988 6990 6966
f 6990 6973 6966
f 6979 7019 6967
f 7019 7015 6967
f 7016 6980 6968
f 7012 7016 6968
f 6989 6987 6971
f 6975 6991 6971
f 6991 6989 6971
f 6990 6992 6973
f 6992 6976 6973
f 6992 6991 6975
f 6976 6992 6975
f 6985 7048 6977
f 7048 7046 6977
f 7047 6986 6978
f 6987 7025 6979
f 7025 7019 6979
f 7020 6988 6980
f 7016 7020 6980
f 6997 7052 6985
f 7052 7048 6985
f 7049 6998 6986
f 7047 7049 6986
f 6989 7027 6987
f 7027 7025 6987
f 7026 6990 6988
f 7020 7026 6988
f 6991 7029 6989
f 7029 7027 6989
f 7028 6992 6990
f 7026 7028 6990
f 7030 7029 6991
f 6992 7030 6991
f 7028 7030 6992
f 7003 7056 6997
f 7056 7052 6997
f 7053 7004 6998
f 7049 7053 6998
f 7007 7062 7003
f 7062 7056 7003
f 7057 7008 7004
f 7053 7057 7004
f 7011 7066 7007
f 7066 7062 7007
f 7063 7012 7008
f 7057 7063 7008
f 7015 7069 7011
f 7069 7066 7011
f 7067 7016 7012
f 7063 7067 7012
f 7019 7075 7015
f 7075 7069 7015
f 7070 7020 7016
f 7067 7070 7016
f 7025 7077 7019
f 7077 7075 7019
f 7076 7026 7020
f 7070 7076 7020
f 7027 7079 7025
f 7079 7077 7025
f 7078 7028 7026
f 7076 7078 7026
f 7029 7081 7027
f 7081 7079 7027
f 7068 7030 7028
f 7080 7068 7028
f 7078 7080 7028
f 7068 7081 7029
f 7030 7068 7029
f 7048 7097 7046
f 7106 7049 7047
f 7096 7106 7047
f 7108 7097 7048
f 7112 7108 7048
f 7052 7112 7048
f 7106 7053 7049
f 7116 7112 7052
f 7123 7116 7052
f 7056 7123 7052
f 7122 7057 7053
f 7106 7111 7053
f 7111 7113 7053
f 7113 7122 7053
f 7132 7123 7056
f 7135 7132 7056
f 7062 7135 7056
f 7133 7063 7057
f 7129 7133 7057
f 7122 7126 7057
f 7126 7129 7057
f 7071 7109 7058
f 7137 7118 7059
f 7118 7072 7059
f 7138 7135 7062
f 7141 7138 7062
f 7066 7141 7062
f 7142 7067 7063
f 7136 7142 7063
f 7133 7136 7063
f 7147 7141 7066
f 7069 7157 7066
f 7157 7152 7066
f 7152 7147 7066
f 7148 7151 7067
f 7151 7155 7067
f 7155 7070 7067
f 7142 7148 7067
f 7082 7081 7068
f 7080 7082 7068
f 7075 7159 7069
f 7159 7158 7069
f 7158 7157 7069
f 7165 7076 7070
f 7163 7165 7070
f 7155 7156 7070
f 7156 7163 7070
f 7091 7109 7071
f 7118 7092 7072
f 7172 7166 7075
f 7166 7159 7075
f 7175 7172 7075
f 7077 7175 7075
f 7167 7078 7076
f 7165 7167 7076
f 7176 7175 7077
f 7179 7176 7077
f 7079 7179 7077
f 7178 7080 7078
f 7173 7174 7078
f 7174 7177 7078
f 7177 7178 7078
f 7167 7173 7078
f 7180 7179 7079
f 7081 7180 7079
f 7182 7082 7080
f 7178 7181 7080
f 7181 7182 7080
f 7186 7180 7081
f 7082 7186 7081
f 7187 7186 7082
f 7182 7187 7082
f 7118 7095 7092
f 7110 7102 7100
f 7103 7107 7101
f 7110 7145 7102
f 7170 7120 7102
f 7145 7170 7102
f 7146 7107 7103
f 7121 7146 7103
f 7146 7143 7107
f 7134 7145 7110
f 7215 7183 7120
f 7170 7215 7120
f 7185 7171 7121
f 7171 7146 7121
f 7144 7145 7134
f 7146 7150 7143
f 7150 7153 7143
f 7149 7145 7144
f 7154 7149 7144
f 7149 7170 7145
f 7171 7150 7146
f 7154 7195 7149
f 7195 7170 7149
f 7193 7153 7150
f 7196 7193 7150
f 7171 7196 7150
f 7190 7195 7154
f 7195 7212 7170
f 7264 7215 7170
f 7212 7264 7170
f 7213 7199 7171
f 7216 7213 7171
f 7199 7196 7171
f 7185 7216 7171
f 7215 7328 7183
f 7328 7270 7183
f 7270 7256 7183
f 7257 7271 7185
f 7271 7216 7185
f 7194 7195 7190
f 7196 7200 7193
f 7198 7195 7194
f 7202 7198 7194
f 7198 7212 7195
f 7199 7200 7196
f 7202 7221 7198
f 7221 7212 7198
f 7220 7200 7199
f 7222 7220 7199
f 7213 7222 7199
f 7219 7221 7202
f 7221 7252 7212
f 7331 7264 7212
f 7252 7331 7212
f 7265 7253 7213
f 7253 7230 7213
f 7230 7222 7213
f 7216 7265 7213
f 7264 7373 7215
f 7373 7341 7215
f 7341 7328 7215
f 7271 7329 7216
f 7329 7342 7216
f 7342 7351 7216
f 7351 7265 7216
f 7229 7221 7219
f 7241 7229 7219
f 7222 7240 7220
f 7229 7252 7221
f 7230 7240 7222
f 7242 7225 7224
f 7247 7234 7225
f 7242 7247 7225
f 7241 7258 7229
f 7258 7252 7229
f 7260 7240 7230
f 7259 7260 7230
f 7253 7259 7230
f 7254 7235 7234
f 7247 7254 7234
f 7263 7246 7235
f 7254 7263 7235
f 7261 7258 7241
f 7267 7248 7246
f 7263 7267 7246
f 7283 7249 7248
f 7267 7283 7248
f 7283 7255 7249
f 7258 7307 7252
f 7375 7331 7252
f 7307 7375 7252
f 7332 7308 7253
f 7308 7274 7253
f 7274 7259 7253
f 7265 7332 7253
f 7283 7262 7255
f 7261 7273 7258
f 7273 7307 7258
f 7278 7260 7259
f 7274 7278 7259
f 7282 7273 7261
f 7284 7266 7262
f 7283 7284 7262
f 7393 7380 7264
f 7380 7373 7264
f 7331 7458 7264
f 7458 7442 7264
f 7442 7393 7264
f 7374 7381 7265
f 7381 7397 7265
f 7397 7443 7265
f 7443 7332 7265
f 7351 7374 7265
f 7306 7269 7266
f 7284 7306 7266
f 7326 7272 7269
f 7306 7326 7269
f 7327 7277 7272
f 7326 7327 7272
f 7282 7303 7273
f 7303 7307 7273
f 7305 7278 7274
f 7304 7305 7274
f 7308 7304 7274
f 7330 7285 7277
f 7327 7330 7277
f 7302 7303 7282
f 7337 7290 7285
f 7330 7337 7285
f 7287 7288 7286
f 7289 7288 7287
f 7289 7293 7288
f 7292 7293 7289
f 7347 7291 7290
f 7337 7347 7290
f 7347 7294 7291
f 7295 7293 7292
f 7296 7295 7292
f 7354 7297 7294
f 7347 7354 7294
f 7296 7301 7295
f 7300 7301 7296
f 7310 7300 7297
f 7355 7310 7297
f 7354 7355 7297
f 7310 7301 7300
f 7310 7309 7301
f 7324 7303 7302
f 7324 7333 7303
f 7356 7307 7303
f 7333 7356 7303
f 7321 7305 7304
f 7334 7321 7304
f 7308 7334 7304
f 7440 7375 7307
f 7356 7440 7307
f 7376 7357 7308
f 7357 7334 7308
f 7332 7376 7308
f 7310 7312 7309
f 7312 7311 7309
f 7361 7312 7310
f 7360 7361 7310
f 7355 7360 7310
f 7362 7363 7312
f 7361 7362 7312
f 7334 7338 7321
f 7340 7333 7324
f 7459 7458 7331
f 7375 7480 7331
f 7480 7470 7331
f 7470 7459 7331
f 7443 7457 7332
f 7457 7460 7332
f 7460 7463 7332
f 7463 7471 7332
f 7471 7376 7332
f 7340 7344 7333
f 7344 7356 7333
f 7345 7338 7334
f 7357 7345 7334
f 7345 7346 7338
f 7343 7344 7340
f 7364 7344 7343
f 7359 7364 7343
f 7383 7356 7344
f 7364 7383 7344
f 7358 7346 7345
f 7365 7358 7345
f 7357 7365 7345
f 7464 7440 7356
f 7383 7464 7356
f 7441 7384 7357
f 7384 7365 7357
f 7376 7441 7357
f 7365 7368 7358
f 7370 7364 7359
f 7369 7370 7359
f 7370 7383 7364
f 7371 7368 7365
f 7384 7371 7365
f 7371 7372 7368
f 7385 7370 7369
f 7382 7385 7369
f 7438 7383 7370
f 7385 7438 7370
f 7377 7372 7371
f 7386 7377 7371
f 7384 7386 7371
f 7496 7492 7375
f 7440 7496 7375
f 7492 7481 7375
f 7481 7480 7375
f 7471 7479 7376
f 7479 7489 7376
f 7489 7493 7376
f 7493 7441 7376
f 7386 7392 7377
f 7389 7385 7382
f 7391 7389 7382
f 7472 7464 7383
f 7438 7472 7383
f 7465 7439 7384
f 7439 7386 7384
f 7441 7465 7384
f 7389 7438 7385
f 7390 7392 7386
f 7439 7390 7386
f 7394 7401 7389
f 7391 7394 7389
f 7451 7438 7389
f 7401 7451 7389
f 7399 7392 7390
f 7402 7399 7390
f 7439 7402 7390
f 7398 7401 7394
f 7403 7401 7398
f 7400 7403 7398
f 7402 7404 7399
f 7404 7406 7399
f 7405 7403 7400
f 7403 7451 7401
f 7452 7404 7402
f 7439 7452 7402
f 7405 7415 7403
f 7455 7451 7403
f 7415 7455 7403
f 7416 7411 7404
f 7411 7406 7404
f 7452 7416 7404
f 7407 7415 7405
f 7414 7415 7407
f 7416 7418 7411
f 7417 7415 7414
f 7417 7419 7415
f 7421 7418 7416
f 7452 7456 7416
f 7487 7472 7438
f 7451 7487 7438
f 7473 7452 7439
f 7465 7473 7439
f 7497 7496 7440
f 7464 7509 7440
f 7509 7506 7440
f 7506 7497 7440
f 7493 7498 7441
f 7498 7503 7441
f 7503 7465 7441
f 7466 7487 7451
f 7455 7466 7451
f 7467 7456 7452
f 7488 7467 7452
f 7473 7488 7452
f 7521 7517 7464
f 7472 7521 7464
f 7517 7513 7464
f 7513 7509 7464
f 7503 7510 7465
f 7510 7514 7465
f 7514 7518 7465
f 7518 7473 7465
f 7490 7487 7466
f 7488 7491 7467
f 7522 7521 7472
f 7487 7532 7472
f 7532 7531 7472
f 7531 7522 7472
f 7518 7523 7473
f 7523 7524 7473
f 7524 7488 7473
f 7536 7535 7487
f 7535 7532 7487
f 7490 7536 7487
f 7524 7533 7488
f 7533 7534 7488
f 7534 7491 7488
f 7537 7536 7490
f 7534 7538 7491
