# OpenETA offline industrial visual mesh; units: metres.
mtllib screwdriver.mtl
v -0.035157154 -0.003614199 0.000000000
v -0.035157144 0.003614191 0.000000000
v -0.035146928 0.003602228 0.000000193
v -0.035146508 -0.003601736 0.000000209
v -0.088552048 -0.003636553 0.000000679
v -0.088552048 0.003636553 0.000000679
v -0.035177872 0.003637859 0.000000760
v -0.035177875 -0.003637864 0.000000760
v -0.035131128 0.003583320 0.000001289
v -0.035131121 -0.003583311 0.000001290
v -0.088552048 -0.003581645 0.000001433
v -0.088552048 0.003581645 0.000001433
v -0.088601464 -0.003636352 0.000003990
v -0.088601464 0.003636352 0.000003990
v -0.088598172 -0.003581817 0.000004319
v -0.088598172 0.003581817 0.000004319
v -0.088601574 -0.003585834 0.000004430
v -0.088601574 0.003585834 0.000004430
v -0.088587679 -0.003569539 0.000004439
v -0.088587679 0.003569539 0.000004439
v -0.035209119 -0.003672154 0.000004576
v -0.035209119 0.003672154 0.000004576
v -0.035106251 0.003552425 0.000005193
v -0.035106248 -0.003552421 0.000005194
v -0.035212866 0.003676159 0.000005235
v -0.035212883 -0.003676178 0.000005238
v -0.088622544 -0.003610989 0.000006798
v -0.088622544 0.003610989 0.000006798
v -0.088552048 -0.003690968 0.000008066
v -0.088552048 0.003690968 0.000008066
v -0.035227594 0.003691701 0.000008223
v -0.035227685 -0.003691795 0.000008243
v -0.088552048 -0.003529048 0.000009934
v -0.088552048 0.003529048 0.000009934
v -0.035088217 -0.003529048 0.000009934
v -0.035088217 0.003529048 0.000009934
v -0.088601464 -0.003690279 0.000011312
v -0.088601464 0.003690279 0.000011312
v -0.088642589 -0.003635710 0.000011908
v -0.088642589 0.003635710 0.000011908
v -0.088650113 -0.003645170 0.000014597
v -0.088650113 0.003645170 0.000014597
v -0.035252989 0.003717734 0.000014805
v -0.088655892 -0.003652509 0.000016964
v -0.088655892 0.003652509 0.000016964
v -0.035060795 -0.003488653 0.000019436
v -0.035060795 0.003488653 0.000019436
v -0.035272046 0.003736658 0.000020885
v -0.035272071 -0.003736680 0.000020893
v -0.088649993 -0.003688223 0.000020990
v -0.088649993 0.003688223 0.000020990
v -0.035052370 -0.003474314 0.000022781
v -0.035052370 0.003474314 0.000022781
v -0.088552048 -0.003743688 0.000023434
v -0.088552048 0.003743688 0.000023434
v -0.035285367 -0.003749585 0.000025698
v -0.088601464 -0.003742525 0.000026542
v -0.088601464 0.003742525 0.000026542
v -0.088687006 -0.003693203 0.000034717
v -0.088687006 0.003693203 0.000034717
v -0.088649993 -0.003739058 0.000035809
v -0.088649993 0.003739058 0.000035809
v -0.035023506 -0.003415747 0.000036293
v -0.035023506 0.003415747 0.000036293
v -0.035330080 -0.003791174 0.000045136
v -0.035330080 0.003791174 0.000045136
v -0.088552048 -0.003793549 0.000046442
v -0.088552048 0.003793549 0.000046442
v -0.035332724 -0.003793549 0.000046442
v -0.035332724 0.003793549 0.000046442
v -0.088601171 -0.003791958 0.000049309
v -0.088601171 0.003791958 0.000049309
v -0.088601464 -0.003791939 0.000049344
v -0.088601464 0.003791939 0.000049344
v -0.088696763 -0.003733349 0.000051069
v -0.088696763 0.003733349 0.000051069
v -0.088649422 -0.003787212 0.000057858
v -0.088649422 0.003787212 0.000057858
v -0.088715217 -0.003732197 0.000059674
v -0.088715217 0.003732197 0.000059674
v -0.034976181 0.003303351 0.000061547
v -0.088695947 -0.003779398 0.000071938
v -0.088695947 0.003779398 0.000071938
v -0.088696763 -0.003779230 0.000072241
v -0.088696763 0.003779230 0.000072241
v -0.088739918 -0.003768652 0.000091300
v -0.088739918 0.003768652 0.000091300
v -0.089119658 -0.003098858 0.000108789
v -0.089119658 0.003098858 0.000108789
v -0.089154013 -0.003135725 0.000111758
v -0.089154013 0.003135725 0.000111758
v -0.089084650 -0.003062695 0.000112648
v -0.089084650 0.003062695 0.000112648
v -0.089187074 -0.003172607 0.000121498
v -0.089187074 0.003172607 0.000121498
v -0.089218226 -0.003208817 0.000137827
v -0.089218226 0.003208817 0.000137827
v -0.089246886 -0.003243679 0.000160442
v -0.089246886 0.003243679 0.000160442
v -0.088552048 -0.004022506 0.000178631
v -0.088552048 0.004022506 0.000178631
v -0.035332724 -0.004022506 0.000178631
v -0.035332724 0.004022506 0.000178631
v -0.034748100 -0.002712171 0.000179901
v -0.035330080 -0.004024825 0.000180034
v -0.035330080 0.004024825 0.000180034
v -0.034747610 0.002710790 0.000180149
v -0.088601171 -0.004020820 0.000181443
v -0.088601171 0.004020820 0.000181443
v -0.088601464 -0.004020799 0.000181476
v -0.088601464 0.004020799 0.000181476
v -0.089272520 -0.003276544 0.000188920
v -0.089272520 0.003276544 0.000188920
v -0.088649422 -0.004015788 0.000189826
v -0.088649422 0.004015788 0.000189826
v -0.089598020 -0.002622166 0.000198831
v -0.089598020 0.002622166 0.000198831
v -0.089563587 -0.002590754 0.000201230
v -0.089563587 0.002590754 0.000201230
v -0.089631903 -0.002654073 0.000202278
v -0.089631903 0.002654073 0.000202278
v -0.088695947 -0.004007502 0.000203634
v -0.088695947 0.004007502 0.000203634
v -0.088696763 -0.004007324 0.000203931
v -0.088696763 0.004007324 0.000203931
v -0.035285367 0.004062454 0.000206332
v -0.088552048 -0.004067363 0.000210308
v -0.088552048 0.004067363 0.000210308
v -0.089664698 -0.002685967 0.000211517
v -0.089664698 0.002685967 0.000211517
v -0.088601464 -0.004065253 0.000212868
v -0.088601464 0.004065253 0.000212868
v -0.035272071 0.004073067 0.000215106
v -0.035272046 -0.004073086 0.000215122
v -0.088649993 -0.004058961 0.000220505
v -0.088649993 0.004058961 0.000220505
v -0.088739918 -0.003996107 0.000222621
v -0.088739918 0.003996107 0.000222621
v -0.089695881 -0.002717340 0.000226399
v -0.089695881 0.002717340 0.000226399
v -0.035252989 -0.004087813 0.000228470
v -0.088696763 -0.004048599 0.000233079
v -0.088696763 0.004048599 0.000233079
v -0.088715217 -0.004041723 0.000238379
v -0.088715217 0.004041723 0.000238379
v -0.089724955 -0.002747690 0.000246687
v -0.089724955 0.002747690 0.000246687
v -0.035227685 0.004106465 0.000247653
v -0.035227594 -0.004106529 0.000247724
v -0.088552048 -0.004107032 0.000248281
v -0.088552048 0.004107032 0.000248281
v -0.088601464 -0.004104566 0.000250501
v -0.088601464 0.004104566 0.000250501
v -0.088649993 -0.004097212 0.000257120
v -0.088649993 0.004097212 0.000257120
v -0.089917214 -0.002397335 0.000257643
v -0.089917074 0.002397855 0.000257649
v -0.089928188 -0.002355341 0.000257658
v -0.089914961 -0.002405661 0.000257742
v -0.089914850 0.002406070 0.000257748
v -0.089905577 0.002439383 0.000258487
v -0.089941277 0.002301631 0.000258940
v -0.089941426 -0.002300996 0.000258964
v -0.088687006 -0.004082834 0.000259670
v -0.088687006 0.004082834 0.000259670
v -0.035212883 0.004116876 0.000259675
v -0.035212866 -0.004116888 0.000259690
v -0.089950862 -0.002259164 0.000260981
v -0.089951031 0.002258388 0.000261027
v -0.089888380 0.002497640 0.000261069
v -0.089888129 -0.002498459 0.000261117
v -0.035209119 -0.004119461 0.000262829
v -0.035209119 0.004119461 0.000262829
v -0.089961402 -0.002208431 0.000264650
v -0.089961950 0.002205656 0.000264890
v -0.089870390 0.002554450 0.000265180
v -0.089870220 -0.002554967 0.000265225
v -0.089964661 0.002191669 0.000266168
v -0.089855387 -0.002599091 0.000269535
v -0.089855192 0.002599657 0.000269597
v -0.089850958 -0.002611842 0.000270964
v -0.089751457 -0.002776535 0.000272058
v -0.089751457 0.002776535 0.000272058
v -0.089977843 -0.002116427 0.000274961
v -0.089977843 0.002116427 0.000274961
v -0.089978139 0.002114556 0.000275222
v -0.034553474 -0.002105404 0.000276494
v -0.034553474 0.002105404 0.000276494
v -0.089819767 -0.002696778 0.000282652
v -0.089819767 0.002696778 0.000282652
v -0.089818232 -0.002700756 0.000283295
v -0.089818232 0.002700756 0.000283295
v -0.088655892 -0.004118556 0.000286036
v -0.088655892 0.004118556 0.000286036
v -0.016368905 -0.002021883 0.000287844
v -0.016368905 0.002021883 0.000287844
v -0.012220572 -0.002021883 0.000287844
v -0.012220572 0.002021883 0.000287844
v -0.035177875 0.004139911 0.000290617
v -0.035177872 -0.004139913 0.000290621
v -0.088650113 -0.004124275 0.000291208
v -0.088650113 0.004124275 0.000291208
v -0.088552048 -0.004140637 0.000291711
v -0.088552048 0.004140637 0.000291711
v -0.088601464 -0.004137869 0.000293541
v -0.088601464 0.004137869 0.000293541
v -0.089995033 -0.001961402 0.000295771
v -0.089995033 0.001961402 0.000295771
v -0.088642589 -0.004131333 0.000298057
v -0.088642589 0.004131333 0.000298057
v -0.089818232 -0.002741067 0.000299939
v -0.089818232 0.002741067 0.000299939
v -0.035157154 0.004152401 0.000310731
v -0.035157144 -0.004152406 0.000310738
v -0.090000000 -0.001808377 0.000314737
v -0.090000000 -0.001808377 0.000314737
v -0.090000000 0.001808377 0.000314737
v -0.090000000 -0.001808377 0.000314737
v -0.090000000 0.001808377 0.000314737
v -0.088622544 -0.004148119 0.000316910
v -0.088622544 0.004148119 0.000316910
v -0.090000000 -0.001776501 0.000318491
v -0.090000000 0.001776501 0.000318491
v -0.090000000 -0.001776501 0.000318491
v -0.090000000 0.001776501 0.000318491
v -0.034457477 0.001776501 0.000318491
v -0.034553474 0.002238333 0.000320349
v -0.035146928 -0.004158220 0.000321194
v -0.035146508 0.004158452 0.000321629
v -0.034442079 -0.001724396 0.000324482
v -0.089870208 -0.002726813 0.000334166
v -0.089870208 0.002726813 0.000334166
v -0.088601574 -0.004162747 0.000337512
v -0.088601574 0.004162747 0.000337512
v -0.035131128 -0.004166724 0.000338119
v -0.035131121 0.004166728 0.000338126
v -0.012064578 -0.001592265 0.000338865
v -0.012063513 0.001588965 0.000339209
v -0.088552048 -0.004167437 0.000339641
v -0.088552048 0.004167437 0.000339641
v -0.088598172 -0.004164853 0.000340934
v -0.088598172 0.004164853 0.000340934
v -0.088587679 -0.004170888 0.000351628
v -0.088587679 0.004170888 0.000351628
v -0.034363211 0.001454963 0.000352584
v -0.035106251 -0.004178791 0.000366826
v -0.035106248 0.004178792 0.000366830
v -0.034294665 0.001209354 0.000374016
v -0.089915029 -0.002709331 0.000376139
v -0.089915029 0.002709331 0.000376139
v -0.016560701 -0.001146581 0.000378855
v -0.016560701 0.001146581 0.000378855
v -0.011939619 -0.001146581 0.000378855
v -0.011939619 0.001146581 0.000378855
v -0.034271356 -0.001120903 0.000380760
v -0.088552048 -0.004186374 0.000389442
v -0.088552048 0.004186374 0.000389442
v -0.035088217 -0.004186374 0.000389442
v -0.035088217 0.004186374 0.000389442
v -0.034218476 0.000903536 0.000395149
v -0.034375264 -0.001695197 0.000397221
v -0.016368905 -0.002358786 0.000400727
v -0.016368905 0.002358786 0.000400727
v -0.012220572 -0.002358786 0.000400727
v -0.012220572 0.002358786 0.000400727
v -0.011837714 0.000578470 0.000410886
v -0.011837396 -0.000575880 0.000410984
v -0.016630485 -0.000575729 0.000410990
v -0.016630506 0.000575531 0.000410997
v -0.034137436 0.000456717 0.000415001
v -0.034137211 -0.000454965 0.000415053
v -0.034163110 -0.000711213 0.000417701
v -0.034115432 0.000236929 0.000419976
v -0.090000000 0.000000000 0.000421808
v -0.090000000 0.000000000 0.000421808
v -0.034107145 0.000000000 0.000421808
v -0.034107145 0.000000000 0.000421808
v -0.016654251 0.000000000 0.000421808
v -0.016654251 0.000000000 0.000421808
v -0.011802575 0.000000000 0.000421808
v -0.011802575 0.000000000 0.000421808
v -0.089951357 -0.002689146 0.000424607
v -0.089951357 0.002689146 0.000424607
v -0.035060795 -0.004198343 0.000429176
v -0.035060795 0.004198343 0.000429176
v -0.035052370 -0.004202616 0.000443266
v -0.035052370 0.004202616 0.000443266
v -0.089978109 -0.002666858 0.000478121
v -0.089978109 0.002666858 0.000478121
v -0.034163110 0.001181139 0.000486859
v -0.035023506 -0.004220197 0.000500742
v -0.035023506 0.004220197 0.000500742
v -0.034553474 -0.002711290 0.000501241
v -0.011708207 -0.000243643 0.000525130
v -0.089994486 -0.002643132 0.000535088
v -0.089994486 0.002643132 0.000535088
v -0.034375264 0.002163992 0.000538261
v -0.033922268 0.000231518 0.000546527
v -0.011708207 0.000729499 0.000562431
v -0.033922268 -0.000693320 0.000580326
v -0.034163110 -0.001644762 0.000590136
v -0.090000000 -0.002618677 0.000593806
v -0.090000000 0.002618677 0.000593806
v -0.090000000 -0.002618677 0.000593806
v -0.090000000 0.002618677 0.000593806
v -0.016773739 -0.000240412 0.000609417
v -0.034976181 0.004254525 0.000610707
v -0.011708207 0.001104572 0.000617100
v -0.011618859 -0.000239469 0.000634010
v -0.011708207 -0.001211073 0.000636815
v -0.016773739 0.000719825 0.000646224
v -0.033922268 0.001151422 0.000647745
v -0.016368905 -0.002988900 0.000666137
v -0.016368905 0.002988900 0.000666137
v -0.012220572 -0.002988900 0.000666137
v -0.012220572 0.002988900 0.000666137
v -0.033658725 0.000226999 0.000670198
v -0.011618859 0.000717003 0.000670672
v -0.089272520 -0.004157620 0.000697609
v -0.089272520 0.004157620 0.000697609
v -0.016773739 0.001089925 0.000700167
v -0.033658725 -0.000679785 0.000703338
v -0.089818232 -0.003564744 0.000707122
v -0.089818232 0.003564744 0.000707122
v -0.089246886 -0.004198715 0.000711832
v -0.089246886 0.004198715 0.000711832
v -0.034375264 -0.002621242 0.000713144
v -0.034553474 0.003169782 0.000716173
v -0.016773739 -0.001195014 0.000719621
v -0.034163110 0.002099610 0.000726979
v -0.089218226 -0.004235730 0.000730716
v -0.089218226 0.004235730 0.000730716
v -0.089870208 -0.003546205 0.000739231
v -0.089870208 0.003546205 0.000739231
v -0.011618859 -0.001190329 0.000743781
v -0.011708207 0.001685541 0.000747845
v -0.033922268 -0.001603381 0.000748423
v -0.033379016 0.000224046 0.000750974
v -0.089187074 -0.004267978 0.000753910
v -0.089187074 0.004267978 0.000753910
v -0.011547108 -0.000234824 0.000755199
v -0.033658725 0.001128943 0.000769440
v -0.089915029 -0.003523471 0.000778608
v -0.089915029 0.003523471 0.000778608
v -0.089154013 -0.004294853 0.000780981
v -0.089154013 0.004294853 0.000780981
v -0.033090084 0.000000000 0.000782781
v -0.033379016 -0.000670944 0.000783683
v -0.033090084 0.000222735 0.000786849
v -0.011547108 0.000703094 0.000791151
v -0.089119658 -0.004315857 0.000811424
v -0.089119658 0.004315857 0.000811424
v -0.033090084 -0.000667018 0.000819367
v -0.089951357 -0.003497220 0.000824077
v -0.089951357 0.003497220 0.000824077
v -0.016773739 0.001663190 0.000829179
v -0.089084650 -0.004330597 0.000844672
v -0.089084650 0.004330597 0.000844672
v -0.033379016 0.001114262 0.000848925
v -0.011618859 0.001656669 0.000852909
v -0.016970590 -0.000230794 0.000860336
v -0.011547108 -0.001167238 0.000862842
v -0.033658725 -0.001572079 0.000868152
v -0.089978109 -0.003468235 0.000874281
v -0.089978109 0.003468235 0.000874281
v -0.033090084 -0.001059021 0.000875433
v -0.033090084 0.001059021 0.000875433
v -0.033922268 0.002046785 0.000881823
v -0.033090084 0.001107741 0.000884228
v -0.011494633 -0.000229815 0.000885881
v -0.011708207 -0.002150118 0.000894869
v -0.016970590 0.000691028 0.000895670
v -0.034163110 -0.002543256 0.000896659
v -0.011708207 0.002175582 0.000904076
v -0.016368905 -0.003448315 0.000908782
v -0.016368905 0.003448315 0.000908782
v -0.012220572 -0.003448315 0.000908782
v -0.012220572 0.003448315 0.000908782
v -0.034375264 0.003064505 0.000920937
v -0.011494633 0.000688096 0.000921066
v -0.089994486 -0.003437380 0.000927723
v -0.089994486 0.003437380 0.000927723
v -0.033379016 -0.001551635 0.000946354
v -0.034553474 -0.003611361 0.000963999
v -0.016970590 -0.001147206 0.000966131
v -0.011547108 0.001624532 0.000969853
v -0.016773739 -0.002121606 0.000974253
v -0.033090084 -0.001542554 0.000981087
v -0.090000000 -0.003405576 0.000982808
v -0.090000000 0.003405576 0.000982808
v -0.090000000 -0.003405576 0.000982808
v -0.090000000 0.003405576 0.000982808
v -0.016773739 0.002146733 0.000983338
v -0.011494633 -0.001142339 0.000991228
v -0.011618859 -0.002113287 0.000997415
v -0.033658725 0.002006827 0.000998949
v -0.011462653 -0.000224558 0.001023016
v -0.033922268 -0.002479268 0.001047234
v -0.011462653 0.000672357 0.001057396
v -0.016970590 0.001596653 0.001071306
v -0.017207699 -0.000222616 0.001073683
v -0.033379016 0.001980729 0.001075449
v -0.011708207 0.002602076 0.001077024
v -0.011494633 0.001589879 0.001095956
v -0.034163110 0.002973332 0.001098271
v -0.017207699 0.000666542 0.001107765
v -0.033090084 0.001969137 0.001109427
v -0.011547108 -0.002072293 0.001111556
v -0.011462653 -0.001116211 0.001125954
v -0.033090084 -0.002085864 0.001150575
v -0.033090084 0.002085864 0.001150575
v -0.016773739 0.002567571 0.001153994
v -0.034375264 -0.003491419 0.001160533
v -0.033658725 -0.002430868 0.001161131
v -0.011451908 -0.000219177 0.001163417
v -0.089751457 -0.004335624 0.001172198
v -0.089751457 0.004335624 0.001172198
v -0.017207699 -0.001106557 0.001175730
v -0.011618859 0.002557504 0.001176451
v -0.034748100 -0.004447617 0.001181861
v -0.034747610 0.004448093 0.001183181
v -0.089724955 -0.004372019 0.001184493
v -0.089724955 0.004372019 0.001184493
v -0.016368905 -0.003888160 0.001185325
v -0.016368905 0.003888160 0.001185325
v -0.012220572 -0.003888160 0.001185325
v -0.012220572 0.003888160 0.001185325
v -0.011451908 0.000656244 0.001196972
v -0.089695881 -0.004404765 0.001200633
v -0.089695881 0.004404765 0.001200633
v -0.016970590 -0.002036729 0.001210576
v -0.089818232 -0.004329213 0.001216855
v -0.089818232 0.004329213 0.001216855
v -0.089664698 -0.004433338 0.001220362
v -0.089664698 0.004433338 0.001220362
v -0.011462653 0.001553514 0.001228286
v -0.011494633 -0.002028088 0.001234636
v -0.033379016 -0.002399255 0.001235522
v -0.017477985 -0.000216122 0.001243101
v -0.089631903 -0.004457286 0.001243364
v -0.089631903 0.004457286 0.001243364
v -0.034553474 0.004033673 0.001243397
v -0.089818232 -0.004363783 0.001243444
v -0.089818232 0.004363783 0.001243444
v -0.033922268 0.002898524 0.001243773
v -0.089870208 -0.004306699 0.001246314
v -0.089870208 0.004306699 0.001246314
v -0.089819767 -0.004366328 0.001246567
v -0.089819767 0.004366328 0.001246567
v -0.011451908 -0.001089460 0.001263886
v -0.033090084 -0.002385214 0.001268562
v -0.089598020 -0.004476225 0.001269273
v -0.089598020 0.004476225 0.001269273
v -0.017477985 0.000647099 0.001276189
v -0.017207699 0.001540078 0.001277178
v -0.089915029 -0.004279089 0.001282439
v -0.089915029 0.004279089 0.001282439
v -0.011547108 0.002507893 0.001287118
v -0.011708207 -0.003038765 0.001293243
v -0.089563587 -0.004489854 0.001297676
v -0.089563587 0.004489854 0.001297676
v -0.089850958 0.004418919 0.001314280
v -0.089855192 -0.004426195 0.001324149
v -0.089951357 -0.004247208 0.001324154
v -0.089951357 0.004247208 0.001324154
v -0.089855387 0.004426531 0.001324609
v -0.034163110 -0.003387544 0.001330738
v -0.017477985 -0.001074278 0.001342171
v -0.033658725 0.002841939 0.001353833
v -0.089870220 0.004452325 0.001360666
v -0.089870390 -0.004452623 0.001361092
v -0.017773421 -0.000211506 0.001363539
v -0.011451908 0.001516283 0.001363767
v -0.011462653 -0.001981700 0.001363794
v -0.016773739 -0.002998470 0.001367345
v -0.089978109 -0.004212007 0.001370214
v -0.089978109 0.004212007 0.001370214
v -0.011708207 0.003180489 0.001372671
v -0.016970590 0.002464853 0.001383126
v -0.011618859 -0.002986713 0.001388965
v -0.017773421 0.000633276 0.001395920
v -0.011494633 0.002454396 0.001406453
v -0.089888129 0.004484138 0.001407549
v -0.089888380 -0.004484589 0.001408234
v -0.017207699 -0.001964561 0.001411514
v -0.089994486 -0.004174535 0.001419243
v -0.089994486 0.004174535 0.001419243
v -0.033379016 0.002804980 0.001425718
v -0.034375264 0.003899704 0.001430652
v -0.018085170 -0.000208904 0.001431409
v -0.017477985 0.001495153 0.001440659
v -0.018403956 0.000000000 0.001440694
v -0.018403956 -0.000208395 0.001444686
v -0.016773739 0.003138314 0.001445720
v -0.089905577 -0.004515954 0.001457395
v -0.033090084 0.002788565 0.001457645
v -0.017773421 -0.001051331 0.001460493
v -0.018085170 0.000625487 0.001463391
v -0.090000000 -0.004135911 0.001469782
v -0.090000000 0.004135911 0.001469782
v -0.090000000 -0.004135911 0.001469782
v -0.090000000 0.004135911 0.001469782
v -0.033922268 -0.003302315 0.001470391
v -0.018403956 0.000623963 0.001476591
v -0.089914850 -0.004533250 0.001485876
v -0.089914961 0.004533459 0.001486227
v -0.089917074 -0.004537443 0.001492941
v -0.089917214 0.004537708 0.001493388
v -0.011547108 -0.002928775 0.001495510
v -0.011451908 -0.001934207 0.001496027
v -0.018403956 -0.000944775 0.001523351
v -0.018403956 0.000944775 0.001523351
v -0.018085170 -0.001038399 0.001527170
v -0.089928188 0.004558692 0.001529764
v -0.011462653 0.002398257 0.001531681
v -0.018403956 -0.001035870 0.001540214
v -0.011708207 0.003457621 0.001542255
v -0.034553474 -0.004434463 0.001552878
v -0.017773421 0.001463215 0.001556877
v -0.017477985 -0.001907253 0.001571076
v -0.033658725 -0.003237846 0.001576027
v -0.089941277 -0.004584437 0.001576919
v -0.089941426 0.004584734 0.001577480
v -0.017207699 0.002377515 0.001577949
v -0.016970590 -0.002878513 0.001587942
v -0.034163110 0.003783682 0.001592821
v -0.016368905 -0.004433068 0.001598314
v -0.016368905 0.004433068 0.001598314
v -0.012220572 -0.004433068 0.001598314
v -0.012220572 0.004433068 0.001598314
v -0.033090084 -0.003049329 0.001599846
v -0.033090084 0.003049329 0.001599846
v -0.011494633 -0.002866300 0.001610400
v -0.016773739 0.003411771 0.001613055
v -0.089950862 0.004603903 0.001614716
v -0.089951031 -0.004604251 0.001615412
v -0.018085170 0.001445218 0.001622369
v -0.011618859 0.003398394 0.001633712
v -0.018403956 0.001441697 0.001635181
v -0.033379016 -0.003195739 0.001645023
v -0.011451908 0.002340781 0.001659891
v -0.089961402 0.004626092 0.001660487
v -0.089961950 -0.004627272 0.001663011
v -0.033090084 -0.003177037 0.001675667
v -0.089964661 -0.004633159 0.001675762
v -0.017773421 -0.001866513 0.001684508
v -0.033922268 0.003688486 0.001725880
v -0.034375264 -0.004287183 0.001729853
v -0.011462653 -0.002800740 0.001730964
v -0.017477985 0.002308161 0.001732657
v -0.011547108 0.003332471 0.001735509
v -0.089977843 -0.004663165 0.001745321
v -0.089977843 0.004663165 0.001745321
v -0.089978139 -0.004663874 0.001747071
v -0.018085170 -0.001843555 0.001748430
v -0.034553474 -0.004667349 0.001755633
v -0.034553474 0.004667349 0.001755633
v -0.018403956 -0.001839064 0.001760936
v -0.018403956 -0.001860845 0.001768811
v -0.018403956 0.001860845 0.001768811
v -0.017207699 -0.002776518 0.001775508
v -0.011708207 -0.003856186 0.001822599
v -0.016970590 0.003275280 0.001823822
v -0.033658725 0.003616479 0.001826528
v -0.016368905 -0.004699279 0.001833639
v -0.016368905 0.004699279 0.001833639
v -0.012220572 -0.004699279 0.001833639
v -0.012220572 0.004699279 0.001833639
v -0.017773421 0.002258857 0.001842638
v -0.011494633 0.003261384 0.001845280
v -0.011451908 -0.002733619 0.001854397
v -0.034163110 -0.004159633 0.001883120
v -0.016773739 -0.003805051 0.001889682
v -0.089995033 -0.004722654 0.001889981
v -0.089995033 0.004722654 0.001889981
v -0.033379016 0.003569447 0.001892266
v -0.018085170 0.002231074 0.001904614
v -0.011618859 -0.003790132 0.001909254
v -0.018403956 0.002225638 0.001916739
v -0.033090084 0.003548559 0.001921463
v -0.017477985 -0.002695524 0.001924452
v -0.011462653 0.003186787 0.001960471
v -0.017207699 0.003159226 0.002003030
v -0.011547108 -0.003716610 0.002005707
v -0.011708207 -0.004088757 0.002008648
v -0.033922268 -0.004054978 0.002008876
v -0.017773421 -0.002637946 0.002030337
v -0.090000000 0.004782742 0.002031988
v -0.090000000 -0.004782742 0.002031988
v -0.090000000 0.004782742 0.002031988
v -0.090000000 -0.004782742 0.002031988
v -0.090000000 0.004782742 0.002031988
v -0.034375264 0.004651787 0.002056540
v -0.090000000 -0.004795429 0.002061470
v -0.090000000 0.004795429 0.002061470
v -0.090000000 -0.004795429 0.002061470
v -0.090000000 0.004795429 0.002061470
v -0.034457477 -0.004795429 0.002061470
v -0.016773739 -0.004034539 0.002073263
v -0.011451908 0.003110414 0.002078404
v -0.016970590 -0.003652826 0.002089382
v -0.018085170 -0.002605500 0.002090005
v -0.018403956 -0.002599152 0.002101678
v -0.033658725 -0.003975816 0.002103999
v -0.011494633 -0.003637329 0.002109713
v -0.011708207 0.004232122 0.002132631
v -0.017477985 0.003067068 0.002145338
v -0.033379016 -0.003924112 0.002166128
v -0.018403956 -0.002720373 0.002169616
v -0.018403956 0.002720373 0.002169616
v -0.033090084 -0.003901147 0.002193723
v -0.016773739 0.004176002 0.002195603
v -0.034163110 0.004513390 0.002200088
v -0.033090084 -0.003920142 0.002209596
v -0.033090084 0.003920142 0.002209596
v -0.011618859 0.004159628 0.002213975
v -0.011462653 -0.003554133 0.002218856
v -0.012064578 -0.004869903 0.002231210
v -0.012063513 0.004871255 0.002234240
v -0.017773421 0.003001554 0.002246503
v -0.017207699 -0.003523395 0.002259180
v -0.018085170 0.002964635 0.002303512
v -0.011547108 0.004078938 0.002304516
v -0.018403956 0.002957412 0.002314666
v -0.033922268 0.004399835 0.002317869
v -0.011451908 -0.003468956 0.002330597
v -0.034363211 -0.004926673 0.002356977
v -0.034361748 0.004928798 0.002361625
v -0.016970590 0.004008937 0.002383064
v -0.017477985 -0.003420614 0.002394016
v -0.011494633 0.003991928 0.002402149
v -0.033658725 0.004313940 0.002406960
v -0.034341200 -0.004959032 0.002427338
v -0.033379016 0.004257839 0.002465149
v -0.011708207 -0.004583221 0.002470531
v -0.017773421 -0.003347548 0.002489870
v -0.033090084 0.004232921 0.002490994
v -0.011462653 0.003900621 0.002504603
v -0.016773739 -0.004522446 0.002529021
v -0.034163110 -0.004843066 0.002542033
v -0.017207699 0.003866887 0.002542456
v -0.018085170 -0.003306373 0.002543886
v -0.011618859 -0.004504713 0.002546087
v -0.018403956 -0.003298318 0.002554453
v -0.011451908 0.003807141 0.002609496
v -0.011547108 -0.004417329 0.002630186
v -0.016560701 -0.005058112 0.002637179
v -0.016560701 0.005058112 0.002637179
v -0.011939619 -0.005058112 0.002637179
v -0.011939619 0.005058112 0.002637179
v -0.033922268 -0.004721217 0.002651211
v -0.034271356 0.005069302 0.002660369
v -0.017477985 0.003754086 0.002669028
v -0.016970590 -0.004341520 0.002703144
v -0.018403956 -0.003497243 0.002713587
v -0.018403956 0.003497243 0.002713587
v -0.011494633 -0.004323102 0.002720871
v -0.033658725 -0.004629048 0.002733794
v -0.017773421 0.003673897 0.002759008
v -0.033379016 -0.004568849 0.002787733
v -0.011708207 -0.004872791 0.002792682
v -0.018085170 0.003628708 0.002809713
v -0.033090084 -0.004542111 0.002811690
v -0.011462653 -0.004224219 0.002816035
v -0.018403956 0.003619868 0.002819633
v -0.011708207 0.004907425 0.002834315
v -0.016773739 -0.004808176 0.002846901
v -0.017207699 -0.004187686 0.002851195
v -0.034218476 -0.005165524 0.002855809
v -0.016773739 0.004842350 0.002887982
v -0.011618859 0.004823363 0.002903640
v -0.034163110 0.005146902 0.002907130
v -0.011451908 -0.004122984 0.002913465
v -0.033090084 -0.004671843 0.002961297
v -0.033090084 0.004671843 0.002961297
v -0.017477985 -0.004065528 0.002968761
v -0.011547108 0.004729798 0.002980803
v -0.033922268 0.005017408 0.003007122
v -0.016970590 0.004648627 0.003047745
v -0.017773421 -0.003978686 0.003052338
v -0.011494633 0.004628905 0.003064010
v -0.033658725 0.004919458 0.003082757
v -0.018085170 -0.003929749 0.003099435
v -0.018403956 -0.003920174 0.003108650
v -0.034158005 -0.005306027 0.003129261
v -0.033379016 0.004855481 0.003132158
v -0.011837714 0.005314428 0.003145192
v -0.011837396 -0.005315639 0.003147485
v -0.016630485 -0.005315709 0.003147619
v -0.016630506 0.005315802 0.003147794
v -0.011462653 0.004523029 0.003151325
v -0.033090084 0.004827067 0.003154100
v -0.017207699 0.004483911 0.003183585
v -0.011708207 -0.005202830 0.003221850
v -0.011451908 0.004414632 0.003240719
v -0.034137436 -0.005371741 0.003252691
v -0.034137211 0.005372572 0.003254235
v -0.016773739 -0.005133838 0.003270378
v -0.011618859 -0.005113708 0.003284537
v -0.017477985 0.004353112 0.003291454
v -0.034129878 -0.005401347 0.003307426
v -0.011547108 -0.005014511 0.003354311
v -0.017773421 0.004260127 0.003368139
v -0.033922268 -0.005286830 0.003383705
v -0.018403956 -0.004167852 0.003384196
v -0.018403956 0.004167852 0.003384196
v -0.018085170 0.004207727 0.003411352
v -0.016970590 -0.004928454 0.003414842
v -0.018403956 0.004197476 0.003419806
v -0.011494633 -0.004907544 0.003429550
v -0.033658725 -0.005183620 0.003451988
v -0.033379016 -0.005116208 0.003496588
v -0.011462653 -0.004795294 0.003508504
v -0.033090084 -0.005086268 0.003516396
v -0.017207699 -0.004753822 0.003537675
v -0.011451908 -0.004680373 0.003589338
v -0.011708207 0.005467703 0.003630861
v -0.017477985 -0.004615149 0.003635216
v -0.090000000 -0.005594205 0.003651623
v -0.090000000 0.005594205 0.003651623
v -0.090000000 -0.005594205 0.003651623
v -0.090000000 0.005594205 0.003651623
v -0.034107145 -0.005594205 0.003651623
v -0.034107145 0.005594205 0.003651623
v -0.016654251 -0.005594205 0.003651623
v -0.016654251 0.005594205 0.003651623
v -0.011802575 -0.005594205 0.003651623
v -0.011802575 0.005594205 0.003651623
v -0.016773739 0.005395199 0.003673965
v -0.011618859 0.005374044 0.003686541
v -0.011708207 -0.005508768 0.003700950
v -0.017773421 -0.004516567 0.003704557
v -0.034108068 0.005633901 0.003719971
v -0.016773739 -0.005435719 0.003743125
v -0.018085170 -0.004461013 0.003743632
v -0.011547108 0.005269796 0.003748517
v -0.018403956 -0.004450145 0.003751277
v -0.033922268 0.005528045 0.003778950
v -0.016970590 0.005179358 0.003802283
v -0.011494633 0.005157384 0.003815347
v -0.033090084 -0.005281593 0.003832110
v -0.033090084 0.005281593 0.003832110
v -0.033658725 0.005420125 0.003839517
v -0.033379016 0.005349638 0.003879077
v -0.011462653 0.005039420 0.003885477
v -0.033090084 0.005318331 0.003896647
v -0.017207699 0.004995836 0.003911388
v -0.011451908 0.004918648 0.003957277
v -0.017477985 0.004850103 0.003998027
v -0.034137211 -0.005827537 0.004042257
v -0.034137436 0.005828459 0.004043749
v -0.011708207 -0.005700489 0.004058947
v -0.017773421 0.004746503 0.004059618
v -0.018085170 0.004688121 0.004094326
v -0.016773739 -0.005624898 0.004096375
v -0.018403956 0.004676699 0.004101117
v -0.011618859 -0.005602843 0.004107295
v -0.034151375 -0.005880326 0.004127105
v -0.016630506 -0.005891333 0.004144643
v -0.016630485 0.005891438 0.004144810
v -0.011837396 0.005891518 0.004144938
v -0.011837714 -0.005892898 0.004147133
v -0.034155347 -0.005893759 0.004148502
v -0.018403956 -0.004711823 0.004161067
v -0.018403956 0.004711823 0.004161067
v -0.011547108 -0.005494157 0.004161109
v -0.033922268 -0.005739765 0.004190748
v -0.016970590 -0.005399868 0.004207794
v -0.011494633 -0.005376958 0.004219138
v -0.033658725 -0.005627712 0.004243276
v -0.033379016 -0.005554525 0.004277585
v -0.011462653 -0.005253972 0.004280032
v -0.033090084 -0.005522019 0.004292823
v -0.017207699 -0.005208533 0.004302530
v -0.011451908 -0.005128058 0.004342376
v -0.017477985 -0.005056595 0.004377759
v -0.034218476 0.006069060 0.004420779
v -0.017773421 -0.004948584 0.004431239
v -0.018085170 -0.004887716 0.004461377
v -0.018403956 -0.004875809 0.004467272
v -0.011708207 0.005899822 0.004503597
v -0.016773739 0.005821588 0.004535129
v -0.034251129 0.006145379 0.004535485
v -0.011618859 0.005798761 0.004544328
v -0.034163110 0.006073671 0.004558457
v -0.011547108 0.005686275 0.004589664
v -0.034271356 -0.006190204 0.004601830
v -0.033922268 0.005920860 0.004616902
v -0.016560701 -0.006204694 0.004623115
v -0.016560701 0.006204694 0.004623115
v -0.011939619 -0.006204694 0.004623115
v -0.011939619 0.006204694 0.004623115
v -0.016970590 0.005588689 0.004628995
v -0.011494633 0.005564978 0.004638551
v -0.033658725 0.005805273 0.004661110
v -0.011462653 0.005437692 0.004689852
v -0.033379016 0.005729777 0.004689985
v -0.033090084 0.005696245 0.004702810
v -0.011708207 -0.005977363 0.004705857
v -0.017207699 0.005390663 0.004708807
v -0.016773739 -0.005898101 0.004734706
v -0.011451908 0.005307374 0.004742375
v -0.017477985 0.005233413 0.004772184
v -0.033090084 -0.005730864 0.004795575
v -0.033090084 0.005730864 0.004795575
v -0.017773421 0.005121624 0.004817239
v -0.018085170 0.005058629 0.004842628
v -0.018403956 0.005046305 0.004847596
v -0.034363211 0.006381636 0.004877046
v -0.034375264 -0.006417980 0.004950557
v -0.034390936 -0.006437595 0.004955130
v -0.011708207 -0.006064533 0.004962201
v -0.012063513 -0.006460220 0.004986409
v -0.025313336 -0.000000000 0.004987044
v -0.011451908 -0.000000000 0.004987044
v -0.011451908 0.000000000 0.004987044
v -0.016773739 -0.005984114 0.004987651
v -0.012064578 0.006462168 0.004989094
v -0.011618859 -0.005960651 0.004995077
v -0.034163110 -0.006227035 0.005008003
v -0.025313336 -0.000328958 0.005015824
v -0.025313336 0.000328958 0.005015824
v -0.011451908 -0.000328958 0.005015824
v -0.011451908 0.000328958 0.005015824
v -0.018403956 -0.005112628 0.005020595
v -0.018403956 0.005112628 0.005020595
v -0.011547108 -0.005845024 0.005031669
v -0.033922268 -0.006070366 0.005055138
v -0.016970590 -0.005744713 0.005063414
v -0.011494633 -0.005720341 0.005071127
v -0.033658725 -0.005951860 0.005090791
v -0.025313336 -0.000647921 0.005101290
v -0.025313336 0.000647921 0.005101290
v -0.011451908 -0.000647921 0.005101290
v -0.011451908 0.000647921 0.005101290
v -0.011462653 -0.005589500 0.005112534
v -0.033379016 -0.005874457 0.005114078
v -0.033090084 -0.005840079 0.005124421
v -0.017207699 -0.005541160 0.005127833
v -0.090000000 -0.006571930 0.005138460
v -0.090000000 0.006571930 0.005138460
v -0.090000000 -0.006571930 0.005138460
v -0.090000000 0.006571930 0.005138460
v -0.034457477 0.006571930 0.005138460
v -0.011451908 -0.005455545 0.005154927
v -0.090000000 -0.006591119 0.005164189
v -0.090000000 -0.006591119 0.005164189
v -0.090000000 0.006591119 0.005164189
v -0.090000000 -0.006591119 0.005164189
v -0.090000000 0.006591119 0.005164189
v -0.017477985 -0.005379519 0.005178987
v -0.017773421 -0.005264609 0.005215352
v -0.018085170 -0.005199855 0.005235845
v -0.018403956 -0.005187187 0.005239854
v -0.025313336 -0.000947198 0.005240845
v -0.025313336 0.000947198 0.005240845
v -0.011451908 -0.000947198 0.005240845
v -0.011451908 0.000947198 0.005240845
v -0.089995033 -0.006684056 0.005287229
v -0.089995033 0.006684056 0.005287229
v -0.016368905 -0.006721162 0.005335644
v -0.016368905 0.006721162 0.005335644
v -0.012220572 -0.006721162 0.005335644
v -0.012220572 0.006721162 0.005335644
v -0.034553474 -0.006772752 0.005402300
v -0.034553474 0.006772752 0.005402300
v -0.089978139 0.006778430 0.005409590
v -0.089977843 -0.006779592 0.005411079
v -0.089977843 0.006779592 0.005411079
v -0.034375264 0.006541804 0.005424190
v -0.025313336 -0.001217694 0.005430248
v -0.025313336 0.001217694 0.005430248
v -0.011451908 -0.001217694 0.005430248
v -0.011451908 0.001217694 0.005430248
v -0.011708207 0.006193654 0.005432068
v -0.016773739 0.006111524 0.005451287
v -0.011618859 0.006087561 0.005456895
v -0.034163110 0.006347176 0.005467545
v -0.089964661 0.006824828 0.005471844
v -0.089961950 0.006832927 0.005483319
v -0.011547108 0.005969472 0.005484529
v -0.089961402 -0.006834523 0.005485602
v -0.033922268 0.006187483 0.005503118
v -0.016970590 0.005867026 0.005508502
v -0.011494633 0.005842134 0.005514327
v -0.089951031 0.006862639 0.005527054
v -0.089950862 -0.006863067 0.005527704
v -0.033658725 0.006066690 0.005530026
v -0.011462653 0.005708508 0.005545597
v -0.033379016 0.005987795 0.005547601
v -0.033090084 0.005952753 0.005555407
v -0.017207699 0.005659138 0.005557150
v -0.089941426 -0.006885730 0.005562923
v -0.089941277 0.006886068 0.005563461
v -0.011451908 0.005571701 0.005577611
v -0.017477985 0.005494056 0.005595781
v -0.089928188 -0.006914033 0.005609333
v -0.017773421 0.005376699 0.005623243
v -0.018085170 0.005310567 0.005638719
v -0.018403956 0.005297629 0.005641746
v -0.089917214 -0.006935043 0.005645694
v -0.089917074 0.006935298 0.005646147
v -0.089914961 -0.006939120 0.005652954
v -0.089914850 0.006939319 0.005653311
v -0.025313336 -0.001451191 0.005663745
v -0.025313336 0.001451191 0.005663745
v -0.011451908 -0.001451191 0.005663745
v -0.011451908 0.001451191 0.005663745
v -0.089905577 0.006955337 0.005682531
v -0.016368905 -0.006791855 0.005683852
v -0.016368905 0.006791855 0.005683852
v -0.012220572 -0.006791855 0.005683852
v -0.012220572 0.006791855 0.005683852
v -0.089888380 0.006982229 0.005734274
v -0.089888129 -0.006982597 0.005735007
v -0.011708207 0.006264339 0.005776867
v -0.089563587 -0.007080608 0.005784993
v -0.089563587 0.007080608 0.005784993
v -0.089870390 0.007007073 0.005785528
v -0.089870220 -0.007007293 0.005785999
v -0.016773739 0.006181272 0.005791514
v -0.089598020 -0.007098391 0.005810997
v -0.089598020 0.007098391 0.005810997
v -0.033090084 -0.006006006 0.005822418
v -0.033090084 0.006006006 0.005822418
v -0.089855387 -0.007025622 0.005826366
v -0.089855192 0.007025852 0.005826887
v -0.089850958 -0.007030761 0.005838123
v -0.089631903 -0.007111360 0.005840354
v -0.089631903 0.007111360 0.005840354
v -0.034553474 -0.006858514 0.005872075
v -0.089664698 -0.007119306 0.005872594
v -0.089664698 0.007119306 0.005872594
v -0.034747610 -0.007158882 0.005878407
v -0.034748100 0.007159788 0.005879479
v -0.034375264 -0.006630725 0.005905599
v -0.089695881 -0.007122104 0.005907204
v -0.089695881 0.007122104 0.005907204
v -0.011708207 -0.006286429 0.005910440
v -0.089819767 -0.007063107 0.005917524
v -0.089819767 0.007063107 0.005917524
v -0.089818232 -0.007064539 0.005921290
v -0.089818232 0.007064539 0.005921290
v -0.016773739 -0.006203068 0.005923316
v -0.011618859 -0.006178746 0.005927073
v -0.025313336 -0.001640594 0.005934242
v -0.025313336 0.001640594 0.005934242
v -0.011451908 -0.001640594 0.005934242
v -0.011451908 0.001640594 0.005934242
v -0.034163110 -0.006433451 0.005934631
v -0.018403956 -0.005358088 0.005936664
v -0.018403956 0.005358088 0.005936664
v -0.089724955 -0.007119709 0.005943633
v -0.089724955 0.007119709 0.005943633
v -0.011547108 -0.006058889 0.005945586
v -0.033922268 -0.006271588 0.005958453
v -0.016970590 -0.005954908 0.005961647
v -0.089818232 -0.007070280 0.005964523
v -0.089818232 0.007070280 0.005964523
v -0.011494633 -0.005929644 0.005965549
v -0.089870208 -0.007033511 0.005969291
v -0.089870208 0.007033511 0.005969291
v -0.089915029 -0.006988421 0.005975139
v -0.089915029 0.006988421 0.005975139
v -0.033658725 -0.006149153 0.005976471
v -0.089751457 -0.007112160 0.005981299
v -0.089751457 0.007112160 0.005981299
v -0.089951357 -0.006936354 0.005981891
v -0.089951357 0.006936354 0.005981891
v -0.011462653 -0.005794016 0.005986498
v -0.033379016 -0.006069185 0.005988240
v -0.089978109 -0.006878864 0.005989347
v -0.089978109 0.006878864 0.005989347
v -0.033090084 -0.006033667 0.005993467
v -0.017207699 -0.005743906 0.005994238
v -0.089994486 -0.006817668 0.005997283
v -0.089994486 0.006817668 0.005997283
v -0.090000000 -0.006754589 0.006005464
v -0.090000000 0.006754589 0.006005464
v -0.090000000 -0.006754589 0.006005464
v -0.090000000 0.006754589 0.006005464
v -0.011451908 -0.005655160 0.006007946
v -0.017477985 -0.005576351 0.006020119
v -0.017773421 -0.005457238 0.006038517
v -0.018085170 -0.005390114 0.006048885
v -0.018403956 -0.005376982 0.006050913
v -0.089084650 -0.007393293 0.006149415
v -0.089084650 0.007393293 0.006149415
v -0.089119658 -0.007414716 0.006178805
v -0.089119658 0.007414716 0.006178805
v -0.089154013 -0.007430578 0.006212216
v -0.089154013 0.007430578 0.006212216
v -0.025313336 -0.001780149 0.006233518
v -0.025313336 0.001780149 0.006233518
v -0.011451908 -0.001780149 0.006233518
v -0.011451908 0.001780149 0.006233518
v -0.089187074 -0.007440585 0.006249027
v -0.089187074 0.007440585 0.006249027
v -0.089218226 -0.007444548 0.006288550
v -0.089218226 0.007444548 0.006288550
v -0.089246886 -0.007442394 0.006330049
v -0.089246886 0.007442394 0.006330049
v -0.034976181 -0.007557876 0.006332279
v -0.016368905 -0.006877060 0.006362251
v -0.016368905 0.006877060 0.006362251
v -0.012220572 -0.006877060 0.006362251
v -0.012220572 0.006877060 0.006362251
v -0.089272520 -0.007434164 0.006372750
v -0.089272520 0.007434164 0.006372750
v -0.034553474 0.006913896 0.006375407
v -0.034553474 -0.006914162 0.006379051
v -0.034375264 0.006684268 0.006392214
v -0.011708207 0.006342312 0.006394511
v -0.016773739 0.006258211 0.006400968
v -0.011618859 0.006233673 0.006402852
v -0.034163110 0.006485401 0.006406769
v -0.011547108 0.006112750 0.006412136
v -0.035023506 -0.007635945 0.006416989
v -0.035023506 0.007635945 0.006416989
v -0.033922268 0.006322231 0.006418711
v -0.016970590 0.006007845 0.006420190
v -0.011494633 0.005982356 0.006422147
v -0.033658725 0.006198807 0.006427745
v -0.011462653 0.005845522 0.006432652
v -0.033379016 0.006118193 0.006433645
v -0.033090084 0.006082389 0.006436266
v -0.017207699 0.005794967 0.006436533
v -0.011451908 0.005705431 0.006443407
v -0.017477985 0.005625923 0.006449512
v -0.017773421 0.005505750 0.006458738
v -0.035052370 -0.007676930 0.006460954
v -0.035052370 0.007676930 0.006460954
v -0.018085170 0.005438030 0.006463937
v -0.018403956 0.005424781 0.006464954
v -0.035060795 -0.007686996 0.006471699
v -0.035060795 0.007686996 0.006471699
v -0.088552048 -0.007715422 0.006501932
v -0.088552048 0.007715422 0.006501932
v -0.035088217 -0.007715422 0.006501932
v -0.035088217 0.007715422 0.006501932
v -0.035106248 -0.007731213 0.006519803
v -0.035106251 0.007731216 0.006519807
v -0.088587679 -0.007740426 0.006534250
v -0.088587679 0.007740426 0.006534250
v -0.088552048 -0.007749082 0.006543232
v -0.088552048 0.007749082 0.006543232
v -0.035131121 -0.007750039 0.006544603
v -0.035131128 0.007750045 0.006544610
v -0.088598172 -0.007746669 0.006544824
v -0.088598172 0.007746669 0.006544824
v -0.088601574 -0.007748581 0.006548358
v -0.088601574 0.007748581 0.006548358
v -0.025313336 -0.001865615 0.006552481
v -0.025313336 0.001865615 0.006552481
v -0.011451908 -0.001865615 0.006552481
v -0.011451908 0.001865615 0.006552481
v -0.035146508 -0.007760188 0.006560019
v -0.035146928 0.007760448 0.006560437
v -0.035157144 0.007766597 0.006570701
v -0.035157154 -0.007766601 0.006570708
v -0.088622544 -0.007759109 0.006571327
v -0.088622544 0.007759109 0.006571327
v -0.088552048 -0.007777190 0.006590406
v -0.088552048 0.007777190 0.006590406
v -0.035177872 0.007777772 0.006591578
v -0.035177875 -0.007777774 0.006591582
v -0.088601464 -0.007774222 0.006591888
v -0.088601464 0.007774222 0.006591888
v -0.088642589 -0.007767044 0.006595291
v -0.088642589 0.007767044 0.006595291
v -0.088650113 -0.007769445 0.006604828
v -0.088650113 0.007769445 0.006604828
v -0.088655892 -0.007771064 0.006612367
v -0.088655892 0.007771064 0.006612367
v -0.035209119 -0.007791614 0.006623186
v -0.035209119 0.007791614 0.006623186
v -0.035212866 0.007793046 0.006626984
v -0.035212883 -0.007793053 0.006627002
v -0.088552048 -0.007798000 0.006641225
v -0.088552048 0.007798000 0.006641225
v -0.035227594 0.007798231 0.006641937
v -0.035227685 -0.007798260 0.006642029
v -0.088601464 -0.007794845 0.006642250
v -0.088601464 0.007794845 0.006642250
v -0.088649993 -0.007785434 0.006645309
v -0.088649993 0.007785434 0.006645309
v -0.088687006 -0.007776037 0.006656485
v -0.088687006 0.007776037 0.006656485
v -0.035252989 0.007805547 0.006667774
v -0.035272046 0.007809744 0.006687202
v -0.035272071 -0.007809748 0.006687226
v -0.088552048 -0.007811051 0.006694565
v -0.088552048 0.007811051 0.006694565
v -0.088601464 -0.007807778 0.006695112
v -0.088601464 0.007807778 0.006695112
v -0.088649993 -0.007798018 0.006696743
v -0.088649993 0.007798018 0.006696743
v -0.088696763 -0.007781949 0.006699429
v -0.088696763 0.007781949 0.006699429
v -0.035285367 -0.007812039 0.006700804
v -0.088715217 -0.007773920 0.006702734
v -0.088715217 0.007773920 0.006702734
v -0.035330080 -0.007815999 0.006746541
v -0.035330080 0.007815999 0.006746541
v -0.088552048 -0.007816055 0.006749250
v -0.088552048 0.007816055 0.006749250
v -0.035332724 -0.007816055 0.006749250
v -0.035332724 0.007816055 0.006749250
v -0.088601171 -0.007812776 0.006749306
v -0.088601171 0.007812776 0.006749306
v -0.088601464 -0.007812738 0.006749306
v -0.088601464 0.007812738 0.006749306
v -0.088649422 -0.007803000 0.006749471
v -0.088649422 0.007803000 0.006749471
v -0.088695947 -0.007786900 0.006749743
v -0.088695947 0.007786900 0.006749743
v -0.088696763 -0.007786553 0.006749749
v -0.088696763 0.007786553 0.006749749
v -0.088739918 -0.007764759 0.006750118
v -0.088739918 0.007764759 0.006750118
v -0.089870208 0.007092411 0.006881439
v -0.089951357 0.006994440 0.006881439
v -0.089915029 0.007046942 0.006881439
v -0.089818232 0.007129488 0.006881439
v -0.090000000 0.006811153 0.006881439
v -0.089994486 0.006874760 0.006881439
v -0.089978109 0.006936469 0.006881439
v -0.090000000 0.006811153 0.006881439
v -0.089818232 0.007129488 0.006881439
v -0.025313336 0.001894395 0.006881439
v -0.011451908 0.001894395 0.006881439
v -0.034553474 -0.006932390 0.006881439
v -0.034375264 -0.006702147 0.006881439
v -0.034163110 -0.006502748 0.006881439
v -0.033922268 -0.006339142 0.006881439
v -0.033658725 -0.006215388 0.006881439
v -0.033379016 -0.006134558 0.006881439
v -0.033090084 -0.006098658 0.006881439
v -0.025313336 0.000000000 0.006881439
v -0.018403956 -0.005440745 0.006881439
v -0.018085170 -0.005454033 0.006881439
v -0.017773421 -0.005521952 0.006881439
v -0.017477985 -0.005642479 0.006881439
v -0.017207699 -0.005812021 0.006881439
v -0.016970590 -0.006025525 0.006881439
v -0.016773739 -0.006276628 0.006881439
v -0.016368905 0.006896630 0.006881439
v -0.012220572 -0.006896630 0.006881439
v -0.011708207 -0.006360977 0.006881439
v -0.011618859 -0.006252017 0.006881439
v -0.011547108 -0.006130739 0.006881439
v -0.011494633 -0.005999961 0.006881439
v -0.011462653 -0.005862725 0.006881439
v -0.011451908 -0.005722222 0.006881439
v -0.011451908 -0.001894395 0.006881439
v -0.011451908 0.001894395 0.006881439
v -0.016773739 0.006276628 0.006881439
v -0.025313336 -0.001894395 0.006881439
v -0.011451908 -0.001894395 0.006881439
v -0.018403956 0.005440745 0.006881439
v -0.011708207 0.006360977 0.006881439
v -0.016368905 0.006896630 0.006881439
v -0.018403956 0.005440745 0.006881439
v -0.033090084 0.006098658 0.006881439
v -0.016773739 -0.006276628 0.006881439
v -0.011708207 0.006360977 0.006881439
v -0.016368905 -0.006896630 0.006881439
v -0.012220572 0.006896630 0.006881439
v -0.033090084 0.006098658 0.006881439
v -0.016368905 -0.006896630 0.006881439
v -0.012220572 0.006896630 0.006881439
v -0.089818232 -0.007129488 0.006881439
v -0.090000000 -0.006811153 0.006881439
v -0.090000000 -0.006811153 0.006881439
v -0.089994486 -0.006874760 0.006881439
v -0.089978109 -0.006936469 0.006881439
v -0.089951357 -0.006994440 0.006881439
v -0.089915029 -0.007046942 0.006881439
v -0.089870208 -0.007092411 0.006881439
v -0.089818232 -0.007129488 0.006881439
v -0.088739918 -0.007764759 0.007012760
v -0.088739918 0.007764759 0.007012760
v -0.088696763 -0.007786553 0.007013129
v -0.088696763 0.007786553 0.007013129
v -0.088695947 -0.007786900 0.007013135
v -0.088695947 0.007786900 0.007013135
v -0.088649422 -0.007803000 0.007013407
v -0.088649422 0.007803000 0.007013407
v -0.088601464 -0.007812738 0.007013572
v -0.088601464 0.007812738 0.007013572
v -0.088601171 -0.007812776 0.007013572
v -0.088601171 0.007812776 0.007013572
v -0.088552048 -0.007816055 0.007013628
v -0.088552048 0.007816055 0.007013628
v -0.035332724 -0.007816055 0.007013628
v -0.035332724 0.007816055 0.007013628
v -0.035330080 -0.007815999 0.007016337
v -0.035330080 0.007815999 0.007016337
v -0.088715217 -0.007773920 0.007060144
v -0.088715217 0.007773920 0.007060144
v -0.035285367 0.007812039 0.007062074
v -0.088696763 -0.007781949 0.007063449
v -0.088696763 0.007781949 0.007063449
v -0.088649993 -0.007798018 0.007066135
v -0.088649993 0.007798018 0.007066135
v -0.088601464 -0.007807778 0.007067766
v -0.088601464 0.007807778 0.007067766
v -0.088552048 -0.007811051 0.007068313
v -0.088552048 0.007811051 0.007068313
v -0.035272071 0.007809748 0.007075652
v -0.035272046 -0.007809744 0.007075676
v -0.035252989 -0.007805547 0.007095104
v -0.088687006 -0.007776037 0.007106393
v -0.088687006 0.007776037 0.007106393
v -0.088649993 -0.007785434 0.007117569
v -0.088649993 0.007785434 0.007117569
v -0.088601464 -0.007794845 0.007120628
v -0.088601464 0.007794845 0.007120628
v -0.035227685 0.007798260 0.007120849
v -0.035227594 -0.007798231 0.007120941
v -0.088552048 -0.007798000 0.007121654
v -0.088552048 0.007798000 0.007121654
v -0.035212883 0.007793053 0.007135876
v -0.035212866 -0.007793046 0.007135895
v -0.035209119 -0.007791614 0.007139692
v -0.035209119 0.007791614 0.007139692
v -0.088655892 -0.007771064 0.007150511
v -0.088655892 0.007771064 0.007150511
v -0.088650113 -0.007769445 0.007158050
v -0.088650113 0.007769445 0.007158050
v -0.088642589 -0.007767044 0.007167588
v -0.088642589 0.007767044 0.007167588
v -0.088601464 -0.007774222 0.007170990
v -0.088601464 0.007774222 0.007170990
v -0.035177875 0.007777774 0.007171296
v -0.035177872 -0.007777772 0.007171300
v -0.088552048 -0.007777190 0.007172472
v -0.088552048 0.007777190 0.007172472
v -0.088622544 -0.007759109 0.007191551
v -0.088622544 0.007759109 0.007191551
v -0.035157154 0.007766601 0.007192170
v -0.035157144 -0.007766597 0.007192177
v -0.035146928 -0.007760448 0.007202441
v -0.035146508 0.007760188 0.007202859
v -0.025313336 -0.001865615 0.007210397
v -0.025313336 0.001865615 0.007210397
v -0.011451908 -0.001865615 0.007210397
v -0.011451908 0.001865615 0.007210397
v -0.088601574 -0.007748581 0.007214520
v -0.088601574 0.007748581 0.007214520
v -0.088598172 -0.007746669 0.007218054
v -0.088598172 0.007746669 0.007218054
v -0.035131128 -0.007750045 0.007218268
v -0.035131121 0.007750039 0.007218275
v -0.088552048 -0.007749082 0.007219647
v -0.088552048 0.007749082 0.007219647
v -0.088587679 -0.007740426 0.007228628
v -0.088587679 0.007740426 0.007228628
v -0.035106251 -0.007731216 0.007243072
v -0.035106248 0.007731213 0.007243075
v -0.088552048 -0.007715422 0.007260946
v -0.088552048 0.007715422 0.007260946
v -0.035088217 -0.007715422 0.007260946
v -0.035088217 0.007715422 0.007260946
v -0.035060795 -0.007686996 0.007291179
v -0.035060795 0.007686996 0.007291179
v -0.018403956 0.005424781 0.007297924
v -0.018085170 0.005438030 0.007298941
v -0.035052370 -0.007676930 0.007301924
v -0.035052370 0.007676930 0.007301924
v -0.017773421 0.005505750 0.007304140
v -0.017477985 0.005625923 0.007313367
v -0.011451908 0.005705431 0.007319471
v -0.017207699 0.005794967 0.007326345
v -0.033090084 0.006082389 0.007326613
v -0.033379016 0.006118193 0.007329233
v -0.011462653 0.005845522 0.007330226
v -0.033658725 0.006198807 0.007335133
v -0.011494633 0.005982356 0.007340732
v -0.016970590 0.006007845 0.007342689
v -0.033922268 0.006322231 0.007344167
v -0.035023506 -0.007635945 0.007345889
v -0.035023506 0.007635945 0.007345889
v -0.011547108 0.006112750 0.007350743
v -0.034163110 0.006485401 0.007356109
v -0.011618859 0.006233673 0.007360026
v -0.016773739 0.006258211 0.007361910
v -0.011708207 0.006342312 0.007368367
v -0.034375264 0.006684268 0.007370664
v -0.034553474 -0.006914162 0.007383827
v -0.034553474 0.006913896 0.007387471
v -0.089272520 -0.007434164 0.007390128
v -0.089272520 0.007434164 0.007390128
v -0.016368905 -0.006877060 0.007400627
v -0.016368905 0.006877060 0.007400627
v -0.012220572 -0.006877060 0.007400627
v -0.012220572 0.006877060 0.007400627
v -0.034976181 -0.007557876 0.007430600
v -0.089246886 -0.007442394 0.007432829
v -0.089246886 0.007442394 0.007432829
v -0.089218226 -0.007444548 0.007474328
v -0.089218226 0.007444548 0.007474328
v -0.089187074 -0.007440585 0.007513852
v -0.089187074 0.007440585 0.007513852
v -0.025313336 -0.001780149 0.007529360
v -0.025313336 0.001780149 0.007529360
v -0.011451908 -0.001780149 0.007529360
v -0.011451908 0.001780149 0.007529360
v -0.089154013 -0.007430578 0.007550662
v -0.089154013 0.007430578 0.007550662
v -0.089119658 -0.007414716 0.007584074
v -0.089119658 0.007414716 0.007584074
v -0.089084650 -0.007393293 0.007613463
v -0.089084650 0.007393293 0.007613463
v -0.018403956 -0.005376982 0.007711965
v -0.018085170 -0.005390114 0.007713993
v -0.017773421 -0.005457238 0.007724361
v -0.017477985 -0.005576351 0.007742759
v -0.011451908 -0.005655160 0.007754932
v -0.090000000 -0.006754589 0.007757414
v -0.090000000 0.006754589 0.007757414
v -0.090000000 -0.006754589 0.007757414
v -0.090000000 0.006754589 0.007757414
v -0.089994486 -0.006817668 0.007765595
v -0.089994486 0.006817668 0.007765595
v -0.017207699 -0.005743906 0.007768640
v -0.033090084 -0.006033667 0.007769411
v -0.089978109 -0.006878864 0.007773531
v -0.089978109 0.006878864 0.007773531
v -0.033379016 -0.006069185 0.007774638
v -0.011462653 -0.005794016 0.007776380
v -0.089951357 -0.006936354 0.007780987
v -0.089951357 0.006936354 0.007780987
v -0.089751457 -0.007112160 0.007781580
v -0.089751457 0.007112160 0.007781580
v -0.033658725 -0.006149153 0.007786407
v -0.089915029 -0.006988421 0.007787739
v -0.089915029 0.006988421 0.007787739
v -0.089870208 -0.007033511 0.007793587
v -0.089870208 0.007033511 0.007793587
v -0.011494633 -0.005929644 0.007797329
v -0.089818232 -0.007070280 0.007798355
v -0.089818232 0.007070280 0.007798355
v -0.016970590 -0.005954908 0.007801231
v -0.033922268 -0.006271588 0.007804426
v -0.011547108 -0.006058889 0.007817292
v -0.089724955 -0.007119709 0.007819246
v -0.089724955 0.007119709 0.007819246
v -0.018403956 -0.005358088 0.007826215
v -0.018403956 0.005358088 0.007826215
v -0.034163110 -0.006433451 0.007828247
v -0.025313336 -0.001640594 0.007828637
v -0.025313336 0.001640594 0.007828637
v -0.011451908 -0.001640594 0.007828637
v -0.011451908 0.001640594 0.007828637
v -0.011618859 -0.006178746 0.007835805
v -0.016773739 -0.006203068 0.007839562
v -0.089818232 -0.007064539 0.007841589
v -0.089818232 0.007064539 0.007841589
v -0.089819767 -0.007063107 0.007845354
v -0.089819767 0.007063107 0.007845354
v -0.011708207 -0.006286429 0.007852438
v -0.089695881 -0.007122104 0.007855674
v -0.089695881 0.007122104 0.007855674
v -0.034375264 -0.006630725 0.007857280
v -0.034748100 0.007159788 0.007883399
v -0.034747610 -0.007158882 0.007884471
v -0.089664698 -0.007119306 0.007890284
v -0.089664698 0.007119306 0.007890284
v -0.034553474 -0.006858514 0.007890803
v -0.089631903 -0.007111360 0.007922525
v -0.089631903 0.007111360 0.007922525
v -0.089850958 0.007030761 0.007924755
v -0.089855192 -0.007025852 0.007935991
v -0.089855387 0.007025622 0.007936513
v -0.033090084 -0.006006006 0.007940460
v -0.033090084 0.006006006 0.007940460
v -0.089598020 -0.007098391 0.007951881
v -0.089598020 0.007098391 0.007951881
v -0.016773739 0.006181272 0.007971364
v -0.089870220 0.007007293 0.007976879
v -0.089870390 -0.007007073 0.007977350
v -0.089563587 -0.007080608 0.007977885
v -0.089563587 0.007080608 0.007977885
v -0.011708207 0.006264339 0.007986011
v -0.089888129 0.006982597 0.008027871
v -0.089888380 -0.006982229 0.008028604
v -0.016368905 -0.006791855 0.008079026
v -0.016368905 0.006791855 0.008079026
v -0.012220572 -0.006791855 0.008079026
v -0.012220572 0.006791855 0.008079026
v -0.089905577 -0.006955337 0.008080348
v -0.025313336 -0.001451191 0.008099133
v -0.025313336 0.001451191 0.008099133
v -0.011451908 -0.001451191 0.008099133
v -0.011451908 0.001451191 0.008099133
v -0.089914850 -0.006939319 0.008109567
v -0.089914961 0.006939120 0.008109924
v -0.089917074 -0.006935298 0.008116731
v -0.089917214 0.006935043 0.008117184
v -0.018403956 0.005297629 0.008121132
v -0.018085170 0.005310567 0.008124160
v -0.017773421 0.005376699 0.008139635
v -0.089928188 0.006914033 0.008153545
v -0.017477985 0.005494056 0.008167098
v -0.011451908 0.005571701 0.008185267
v -0.089941277 -0.006886068 0.008199418
v -0.089941426 0.006885730 0.008199955
v -0.017207699 0.005659138 0.008205728
v -0.033090084 0.005952753 0.008207472
v -0.033379016 0.005987795 0.008215277
v -0.011462653 0.005708508 0.008217282
v -0.033658725 0.006066690 0.008232852
v -0.089950862 0.006863067 0.008235175
v -0.089951031 -0.006862639 0.008235824
v -0.011494633 0.005842134 0.008248551
v -0.016970590 0.005867026 0.008254376
v -0.033922268 0.006187483 0.008259760
v -0.089961402 0.006834523 0.008277276
v -0.011547108 0.005969472 0.008278349
v -0.089961950 -0.006832927 0.008279559
v -0.089964661 -0.006824828 0.008291034
v -0.034163110 0.006347176 0.008295333
v -0.011618859 0.006087561 0.008305983
v -0.016773739 0.006111524 0.008311591
v -0.011708207 0.006193654 0.008330810
v -0.025313336 -0.001217694 0.008332630
v -0.025313336 0.001217694 0.008332630
v -0.011451908 -0.001217694 0.008332630
v -0.011451908 0.001217694 0.008332630
v -0.034375264 0.006541804 0.008338688
v -0.089977843 -0.006779592 0.008351799
v -0.089977843 0.006779592 0.008351799
v -0.089978139 -0.006778430 0.008353289
v -0.034553474 -0.006772752 0.008360578
v -0.034553474 0.006772752 0.008360578
v -0.016368905 -0.006721162 0.008427234
v -0.016368905 0.006721162 0.008427234
v -0.012220572 -0.006721162 0.008427234
v -0.012220572 0.006721162 0.008427234
v -0.089995033 -0.006684056 0.008475649
v -0.089995033 0.006684056 0.008475649
v -0.025313336 -0.000947198 0.008522033
v -0.025313336 0.000947198 0.008522033
v -0.011451908 -0.000947198 0.008522033
v -0.011451908 0.000947198 0.008522033
v -0.018403956 -0.005187187 0.008523024
v -0.018085170 -0.005199855 0.008527033
v -0.017773421 -0.005264609 0.008547526
v -0.017477985 -0.005379519 0.008583891
v -0.090000000 0.006591119 0.008598690
v -0.090000000 -0.006591119 0.008598690
v -0.090000000 0.006591119 0.008598690
v -0.090000000 -0.006591119 0.008598690
v -0.090000000 0.006591119 0.008598690
v -0.011451908 -0.005455545 0.008607951
v -0.090000000 -0.006571930 0.008624418
v -0.090000000 0.006571930 0.008624418
v -0.090000000 -0.006571930 0.008624418
v -0.090000000 0.006571930 0.008624418
v -0.034457477 -0.006571930 0.008624418
v -0.017207699 -0.005541160 0.008635046
v -0.033090084 -0.005840079 0.008638457
v -0.033379016 -0.005874457 0.008648800
v -0.011462653 -0.005589500 0.008650344
v -0.025313336 -0.000647921 0.008661588
v -0.025313336 0.000647921 0.008661588
v -0.011451908 -0.000647921 0.008661588
v -0.011451908 0.000647921 0.008661588
v -0.033658725 -0.005951860 0.008672087
v -0.011494633 -0.005720341 0.008691751
v -0.016970590 -0.005744713 0.008699464
v -0.033922268 -0.006070366 0.008707740
v -0.011547108 -0.005845024 0.008731209
v -0.018403956 -0.005112628 0.008742284
v -0.018403956 0.005112628 0.008742284
v -0.025313336 -0.000328958 0.008747054
v -0.025313336 0.000328958 0.008747054
v -0.011451908 -0.000328958 0.008747054
v -0.011451908 0.000328958 0.008747054
v -0.034163110 -0.006227035 0.008754875
v -0.011618859 -0.005960651 0.008767802
v -0.012064578 0.006462168 0.008773785
v -0.016773739 -0.005984114 0.008775227
v -0.025313336 0.000000000 0.008775834
v -0.011451908 0.000000000 0.008775834
v -0.011451908 0.000000000 0.008775834
v -0.012063513 -0.006460220 0.008776470
v -0.011708207 -0.006064533 0.008800677
v -0.034375264 -0.006417980 0.008812322
v -0.034363211 -0.006381636 0.008885832
v -0.034361748 0.006378673 0.008889996
v -0.018403956 0.005046305 0.008915283
v -0.018085170 0.005058629 0.008920250
v -0.017773421 0.005121624 0.008945639
v -0.033090084 -0.005730864 0.008967303
v -0.033090084 0.005730864 0.008967303
v -0.017477985 0.005233413 0.008990694
v -0.011451908 0.005307374 0.009020503
v -0.016773739 -0.005898101 0.009028172
v -0.017207699 0.005390663 0.009054072
v -0.011708207 -0.005977363 0.009057021
v -0.033090084 0.005696245 0.009060068
v -0.033379016 0.005729777 0.009072893
v -0.011462653 0.005437692 0.009073026
v -0.033658725 0.005805273 0.009101768
v -0.011494633 0.005564978 0.009124327
v -0.016970590 0.005588689 0.009133883
v -0.016560701 -0.006204694 0.009139763
v -0.016560701 0.006204694 0.009139763
v -0.011939619 -0.006204694 0.009139763
v -0.011939619 0.006204694 0.009139763
v -0.033922268 0.005920860 0.009145976
v -0.034271356 0.006190204 0.009161048
v -0.011547108 0.005686275 0.009173214
v -0.034163110 0.006073671 0.009204422
v -0.011618859 0.005798761 0.009218550
v -0.016773739 0.005821588 0.009227750
v -0.011708207 0.005899822 0.009259281
v -0.018403956 -0.004875809 0.009295606
v -0.018085170 -0.004887716 0.009301502
v -0.017773421 -0.004948584 0.009331639
v -0.034218476 -0.006069060 0.009342099
v -0.017477985 -0.005056595 0.009385119
v -0.011451908 -0.005128058 0.009420502
v -0.017207699 -0.005208533 0.009460348
v -0.033090084 -0.005522019 0.009470055
v -0.011462653 -0.005253972 0.009482846
v -0.033379016 -0.005554525 0.009485294
v -0.033658725 -0.005627712 0.009519602
v -0.011494633 -0.005376958 0.009543741
v -0.016970590 -0.005399868 0.009555084
v -0.033922268 -0.005739765 0.009572130
v -0.034158005 -0.005902495 0.009600504
v -0.011547108 -0.005494157 0.009601770
v -0.018403956 -0.004711823 0.009601812
v -0.018403956 0.004711823 0.009601812
v -0.011837714 -0.005892898 0.009615745
v -0.011837396 0.005891518 0.009617940
v -0.016630485 0.005891438 0.009618069
v -0.016630506 -0.005891333 0.009618236
v -0.034151241 -0.005879861 0.009636515
v -0.011618859 -0.005602843 0.009655583
v -0.018403956 0.004676699 0.009661762
v -0.016773739 -0.005624898 0.009666503
v -0.018085170 0.004688121 0.009668552
v -0.017773421 0.004746503 0.009703260
v -0.011708207 -0.005700489 0.009703931
v -0.034137436 -0.005828459 0.009719129
v -0.034137211 0.005827537 0.009720621
v -0.017477985 0.004850103 0.009764851
v -0.011451908 0.004918648 0.009805601
v -0.017207699 0.004995836 0.009851490
v -0.033090084 0.005318331 0.009866231
v -0.011462653 0.005039420 0.009877401
v -0.033379016 0.005349638 0.009883801
v -0.033658725 0.005420125 0.009923361
v -0.033090084 -0.005281593 0.009930768
v -0.033090084 0.005281593 0.009930768
v -0.011494633 0.005157384 0.009947531
v -0.016970590 0.005179358 0.009960595
v -0.033922268 0.005528045 0.009983928
v -0.018403956 -0.004450145 0.010011601
v -0.011547108 0.005269796 0.010014361
v -0.018085170 -0.004461013 0.010019246
v -0.016773739 -0.005435719 0.010019753
v -0.034108068 0.005633899 0.010042910
v -0.017773421 -0.004516567 0.010058321
v -0.011708207 -0.005508768 0.010061928
v -0.011618859 0.005374044 0.010076337
v -0.016773739 0.005395199 0.010088913
v -0.090000000 -0.005594205 0.010111255
v -0.090000000 0.005594205 0.010111255
v -0.090000000 -0.005594205 0.010111255
v -0.090000000 0.005594205 0.010111255
v -0.034107145 -0.005594205 0.010111255
v -0.034107145 0.005594205 0.010111255
v -0.016654251 -0.005594205 0.010111255
v -0.016654251 0.005594205 0.010111255
v -0.011802575 -0.005594205 0.010111255
v -0.011802575 0.005594205 0.010111255
v -0.017477985 -0.004615149 0.010127662
v -0.011708207 0.005467703 0.010132017
v -0.011451908 -0.004680373 0.010173540
v -0.017207699 -0.004753822 0.010225203
v -0.033090084 -0.005086268 0.010246482
v -0.011462653 -0.004795294 0.010254374
v -0.033379016 -0.005116208 0.010266290
v -0.033658725 -0.005183620 0.010310890
v -0.011494633 -0.004907544 0.010333329
v -0.018403956 0.004197476 0.010343072
v -0.016970590 -0.004928454 0.010348036
v -0.018085170 0.004207727 0.010351526
v -0.018403956 -0.004167852 0.010378683
v -0.018403956 0.004167852 0.010378683
v -0.033922268 -0.005286830 0.010379173
v -0.017773421 0.004260127 0.010394740
v -0.011547108 -0.005014511 0.010408567
v -0.034129875 -0.005401353 0.010455441
v -0.017477985 0.004353112 0.010471424
v -0.011618859 -0.005113708 0.010478341
v -0.016773739 -0.005133838 0.010492500
v -0.034137211 -0.005372572 0.010508643
v -0.034137436 0.005371741 0.010510187
v -0.011451908 0.004414632 0.010522159
v -0.011708207 -0.005202830 0.010541028
v -0.017207699 0.004483911 0.010579293
v -0.033090084 0.004827067 0.010608779
v -0.011462653 0.004523029 0.010611553
v -0.016630506 0.005315802 0.010615085
v -0.016630485 -0.005315709 0.010615259
v -0.011837396 -0.005315639 0.010615393
v -0.011837714 0.005314428 0.010617686
v -0.034155347 -0.005313673 0.010619116
v -0.033379016 0.004855481 0.010630720
v -0.018403956 -0.003920174 0.010654229
v -0.018085170 -0.003929749 0.010663443
v -0.033658725 0.004919458 0.010680121
v -0.011494633 0.004628905 0.010698868
v -0.017773421 -0.003978686 0.010710540
v -0.016970590 0.004648627 0.010715134
v -0.033922268 0.005017408 0.010755756
v -0.011547108 0.004729798 0.010782075
v -0.017477985 -0.004065528 0.010794117
v -0.033090084 -0.004671843 0.010801581
v -0.033090084 0.004671843 0.010801581
v -0.011451908 -0.004122984 0.010849414
v -0.034163110 0.005146902 0.010855748
v -0.011618859 0.004823363 0.010859238
v -0.016773739 0.004842350 0.010874896
v -0.034218476 0.005165524 0.010907069
v -0.017207699 -0.004187686 0.010911683
v -0.016773739 -0.004808176 0.010915978
v -0.011708207 0.004907425 0.010928563
v -0.018403956 0.003619868 0.010943245
v -0.011462653 -0.004224219 0.010946843
v -0.033090084 -0.004542111 0.010951189
v -0.018085170 0.003628708 0.010953165
v -0.011708207 -0.004872791 0.010970196
v -0.033379016 -0.004568849 0.010975145
v -0.017773421 0.003673897 0.011003871
v -0.033658725 -0.004629048 0.011029085
v -0.011494633 -0.004323102 0.011042007
v -0.018403956 -0.003497243 0.011049292
v -0.018403956 0.003497243 0.011049292
v -0.016970590 -0.004341520 0.011059734
v -0.017477985 0.003754086 0.011093850
v -0.034271356 -0.005069302 0.011102509
v -0.033922268 -0.004721217 0.011111668
v -0.016560701 -0.005058112 0.011125699
v -0.016560701 0.005058112 0.011125699
v -0.011939619 -0.005058112 0.011125699
v -0.011939619 0.005058112 0.011125699
v -0.011547108 -0.004417329 0.011132692
v -0.011451908 0.003807141 0.011153382
v -0.018403956 -0.003298318 0.011208425
v -0.011618859 -0.004504713 0.011216791
v -0.018085170 -0.003306373 0.011218992
v -0.017207699 0.003866887 0.011220422
v -0.034163110 -0.004843066 0.011220845
v -0.016773739 -0.004522446 0.011233857
v -0.011462653 0.003900621 0.011258275
v -0.033090084 0.004232921 0.011271885
v -0.017773421 -0.003347548 0.011273008
v -0.011708207 -0.004583221 0.011292348
v -0.033379016 0.004257839 0.011297729
v -0.034341112 -0.004959167 0.011335247
v -0.033658725 0.004313940 0.011355919
v -0.011494633 0.003991928 0.011360729
v -0.017477985 -0.003420614 0.011368863
v -0.016970590 0.004008937 0.011379814
v -0.034361748 -0.004928798 0.011401253
v -0.034363211 0.004926673 0.011405901
v -0.011451908 -0.003468956 0.011432281
v -0.033922268 0.004399835 0.011445009
v -0.018403956 0.002957412 0.011448213
v -0.011547108 0.004078938 0.011458362
v -0.018085170 0.002964635 0.011459366
v -0.017207699 -0.003523395 0.011503698
v -0.017773421 0.003001554 0.011516375
v -0.012063513 0.004871255 0.011528638
v -0.012064578 -0.004869903 0.011531668
v -0.011462653 -0.003554133 0.011544022
v -0.011618859 0.004159628 0.011548903
v -0.033090084 -0.003920142 0.011553282
v -0.033090084 0.003920142 0.011553282
v -0.034163110 0.004513390 0.011562790
v -0.016773739 0.004176002 0.011567276
v -0.033090084 -0.003901147 0.011569155
v -0.018403956 -0.002720373 0.011593263
v -0.018403956 0.002720373 0.011593263
v -0.033379016 -0.003924112 0.011596750
v -0.017477985 0.003067068 0.011617541
v -0.011708207 0.004232122 0.011630247
v -0.011494633 -0.003637329 0.011653165
v -0.033658725 -0.003975816 0.011658880
v -0.018403956 -0.002599152 0.011661200
v -0.018085170 -0.002605500 0.011672874
v -0.016970590 -0.003652826 0.011673496
v -0.011451908 0.003110414 0.011684474
v -0.016773739 -0.004034539 0.011689615
v -0.090000000 -0.004795429 0.011701408
v -0.090000000 0.004795429 0.011701408
v -0.090000000 -0.004795429 0.011701408
v -0.090000000 0.004795429 0.011701408
v -0.034457477 0.004795429 0.011701408
v -0.034375264 0.004651787 0.011706338
v -0.090000000 -0.004782742 0.011730890
v -0.090000000 0.004782742 0.011730890
v -0.090000000 -0.004782742 0.011730890
v -0.090000000 0.004782742 0.011730890
v -0.017773421 -0.002637946 0.011732541
v -0.033922268 -0.004054978 0.011754003
v -0.011708207 -0.004088757 0.011754230
v -0.011547108 -0.003716610 0.011757172
v -0.017207699 0.003159226 0.011759848
v -0.011462653 0.003186787 0.011802408
v -0.017477985 -0.002695524 0.011838426
v -0.033090084 0.003548559 0.011841416
v -0.018403956 0.002225638 0.011846139
v -0.011618859 -0.003790132 0.011853624
v -0.018085170 0.002231074 0.011858264
v -0.033379016 0.003569447 0.011870612
v -0.089995033 -0.004722654 0.011872897
v -0.089995033 0.004722654 0.011872897
v -0.016773739 -0.003805051 0.011873196
v -0.034163110 -0.004159633 0.011879758
v -0.011451908 -0.002733619 0.011908481
v -0.011494633 0.003261384 0.011917599
v -0.017773421 0.002258857 0.011920240
v -0.016368905 -0.004699279 0.011929239
v -0.016368905 0.004699279 0.011929239
v -0.012220572 -0.004699279 0.011929239
v -0.012220572 0.004699279 0.011929239
v -0.033658725 0.003616479 0.011936351
v -0.016970590 0.003275280 0.011939056
v -0.011708207 -0.003856186 0.011940279
v -0.017207699 -0.002776518 0.011987371
v -0.018403956 -0.001860845 0.011994067
v -0.018403956 0.001860845 0.011994067
v -0.018403956 -0.001839064 0.012001942
v -0.034553474 -0.004667349 0.012007245
v -0.034553474 0.004667349 0.012007245
v -0.018085170 -0.001843555 0.012014448
v -0.089978139 0.004663874 0.012015807
v -0.089977843 -0.004663165 0.012017558
v -0.089977843 0.004663165 0.012017558
v -0.011547108 0.003332471 0.012027369
v -0.017477985 0.002308161 0.012030221
v -0.011462653 -0.002800740 0.012031915
v -0.034375264 -0.004287183 0.012033025
v -0.033922268 0.003688486 0.012036998
v -0.017773421 -0.001866513 0.012078370
v -0.089964661 0.004633159 0.012087116
v -0.033090084 -0.003177037 0.012087211
v -0.089961950 0.004627272 0.012099868
v -0.089961402 -0.004626092 0.012102391
v -0.011451908 0.002340781 0.012102987
v -0.033379016 -0.003195739 0.012117856
v -0.018403956 0.001441697 0.012127697
v -0.011618859 0.003398394 0.012129166
v -0.018085170 0.001445218 0.012140509
v -0.089951031 0.004604251 0.012147467
v -0.089950862 -0.004603903 0.012148162
v -0.016773739 0.003411771 0.012149824
v -0.011494633 -0.002866300 0.012152478
v -0.033090084 -0.003049329 0.012163032
v -0.033090084 0.003049329 0.012163032
v -0.016368905 -0.004433068 0.012164565
v -0.016368905 0.004433068 0.012164565
v -0.012220572 -0.004433068 0.012164565
v -0.012220572 0.004433068 0.012164565
v -0.034163110 0.003783682 0.012170058
v -0.016970590 -0.002878513 0.012174936
v -0.017207699 0.002377515 0.012184929
v -0.089941426 -0.004584734 0.012185398
v -0.089941277 0.004584437 0.012185960
v -0.033658725 -0.003237846 0.012186851
v -0.017477985 -0.001907253 0.012191802
v -0.017773421 0.001463215 0.012206001
v -0.034553474 -0.004434463 0.012210001
v -0.011708207 0.003457621 0.012220624
v -0.018403956 -0.001035870 0.012222664
v -0.011462653 0.002398257 0.012231197
v -0.089928188 -0.004558692 0.012233114
v -0.018085170 -0.001038399 0.012235709
v -0.018403956 -0.000944775 0.012239527
v -0.018403956 0.000944775 0.012239527
v -0.011451908 -0.001934207 0.012266851
v -0.011547108 -0.002928775 0.012267368
v -0.089917214 -0.004537708 0.012269490
v -0.089917074 0.004537443 0.012269938
v -0.089914961 -0.004533459 0.012276651
v -0.089914850 0.004533250 0.012277002
v -0.018403956 0.000623963 0.012286287
v -0.033922268 -0.003302315 0.012292487
v -0.090000000 -0.004135911 0.012293097
v -0.090000000 0.004135911 0.012293097
v -0.090000000 -0.004135911 0.012293097
v -0.090000000 0.004135911 0.012293097
v -0.018085170 0.000625487 0.012299487
v -0.017773421 -0.001051331 0.012302385
v -0.033090084 0.002788565 0.012305233
v -0.089905577 0.004515954 0.012305483
v -0.016773739 0.003138314 0.012317158
v -0.018403956 -0.000208395 0.012318192
v -0.018403956 0.000000000 0.012322184
v -0.017477985 0.001495153 0.012322219
v -0.018085170 -0.000208904 0.012331470
v -0.034375264 0.003899704 0.012332227
v -0.033379016 0.002804980 0.012337160
v -0.089994486 -0.004174535 0.012343635
v -0.089994486 0.004174535 0.012343635
v -0.017207699 -0.001964561 0.012351365
v -0.089888380 0.004484589 0.012354644
v -0.089888129 -0.004484138 0.012355329
v -0.011494633 0.002454396 0.012356425
v -0.017773421 0.000633276 0.012366958
v -0.011618859 -0.002986713 0.012373913
v -0.016970590 0.002464853 0.012379753
v -0.011708207 0.003180489 0.012390207
v -0.089978109 -0.004212007 0.012392664
v -0.089978109 0.004212007 0.012392664
v -0.016773739 -0.002998470 0.012395533
v -0.011462653 -0.001981700 0.012399084
v -0.011451908 0.001516283 0.012399111
v -0.017773421 -0.000211506 0.012399340
v -0.089870390 0.004452623 0.012401786
v -0.089870220 -0.004452325 0.012402213
v -0.033658725 0.002841939 0.012409046
v -0.017477985 -0.001074278 0.012420708
v -0.034163110 -0.003387544 0.012432140
v -0.089855387 -0.004426531 0.012438269
v -0.089951357 -0.004247208 0.012438724
v -0.089951357 0.004247208 0.012438724
v -0.089855192 0.004426195 0.012438729
v -0.089850958 -0.004418919 0.012448598
v -0.089563587 -0.004489854 0.012465202
v -0.089563587 0.004489854 0.012465202
v -0.011708207 -0.003038765 0.012469635
v -0.011547108 0.002507893 0.012475760
v -0.089915029 -0.004279089 0.012480439
v -0.089915029 0.004279089 0.012480439
v -0.017207699 0.001540078 0.012485700
v -0.017477985 0.000647099 0.012486689
v -0.089598020 -0.004476225 0.012493605
v -0.089598020 0.004476225 0.012493605
v -0.033090084 -0.002385214 0.012494316
v -0.011451908 -0.001089460 0.012498992
v -0.089819767 -0.004366328 0.012516311
v -0.089819767 0.004366328 0.012516311
v -0.089870208 -0.004306699 0.012516564
v -0.089870208 0.004306699 0.012516564
v -0.033922268 0.002898524 0.012519105
v -0.089818232 -0.004363783 0.012519435
v -0.089818232 0.004363783 0.012519435
v -0.034553474 0.004033673 0.012519481
v -0.089631903 -0.004457286 0.012519514
v -0.089631903 0.004457286 0.012519514
v -0.017477985 -0.000216122 0.012519777
v -0.033379016 -0.002399255 0.012527356
v -0.011494633 -0.002028088 0.012528243
v -0.011462653 0.001553514 0.012534592
v -0.089664698 -0.004433338 0.012542516
v -0.089664698 0.004433338 0.012542516
v -0.089818232 -0.004329213 0.012546023
v -0.089818232 0.004329213 0.012546023
v -0.016970590 -0.002036729 0.012552302
v -0.089695881 -0.004404765 0.012562245
v -0.089695881 0.004404765 0.012562245
v -0.011451908 0.000656244 0.012565906
v -0.016368905 -0.003888160 0.012577554
v -0.016368905 0.003888160 0.012577554
v -0.012220572 -0.003888160 0.012577554
v -0.012220572 0.003888160 0.012577554
v -0.089724955 -0.004372019 0.012578385
v -0.089724955 0.004372019 0.012578385
v -0.034747610 0.004448093 0.012579697
v -0.034748100 -0.004447617 0.012581017
v -0.011618859 0.002557504 0.012586428
v -0.017207699 -0.001106557 0.012587149
v -0.089751457 -0.004335624 0.012590680
v -0.089751457 0.004335624 0.012590680
v -0.011451908 -0.000219177 0.012599461
v -0.033658725 -0.002430868 0.012601748
v -0.034375264 -0.003491419 0.012602345
v -0.016773739 0.002567571 0.012608885
v -0.033090084 -0.002085864 0.012612304
v -0.033090084 0.002085864 0.012612304
v -0.011462653 -0.001116211 0.012636925
v -0.011547108 -0.002072293 0.012651323
v -0.033090084 0.001969137 0.012653452
v -0.017207699 0.000666542 0.012655113
v -0.034163110 0.002973332 0.012664607
v -0.011494633 0.001589879 0.012666922
v -0.011708207 0.002602076 0.012685854
v -0.033379016 0.001980729 0.012687429
v -0.017207699 -0.000222616 0.012689195
v -0.016970590 0.001596653 0.012691572
v -0.011462653 0.000672357 0.012705482
v -0.033922268 -0.002479268 0.012715644
v -0.011462653 -0.000224558 0.012739862
v -0.033658725 0.002006827 0.012763930
v -0.011618859 -0.002113287 0.012765463
v -0.011494633 -0.001142339 0.012771651
v -0.016773739 0.002146733 0.012779540
v -0.090000000 -0.003405576 0.012780070
v -0.090000000 0.003405576 0.012780070
v -0.090000000 -0.003405576 0.012780070
v -0.090000000 0.003405576 0.012780070
v -0.033090084 -0.001542554 0.012781792
v -0.016773739 -0.002121606 0.012788625
v -0.011547108 0.001624532 0.012793025
v -0.016970590 -0.001147206 0.012796747
v -0.034553474 -0.003611361 0.012798879
v -0.033379016 -0.001551635 0.012816524
v -0.089994486 -0.003437380 0.012835156
v -0.089994486 0.003437380 0.012835156
v -0.011494633 0.000688096 0.012841812
v -0.034375264 0.003064505 0.012841941
v -0.016368905 -0.003448315 0.012854096
v -0.016368905 0.003448315 0.012854096
v -0.012220572 -0.003448315 0.012854096
v -0.012220572 0.003448315 0.012854096
v -0.011708207 0.002175582 0.012858802
v -0.034163110 -0.002543256 0.012866219
v -0.016970590 0.000691028 0.012867208
v -0.011708207 -0.002150118 0.012868009
v -0.011494633 -0.000229815 0.012876997
v -0.033090084 0.001107741 0.012878651
v -0.033922268 0.002046785 0.012881055
v -0.033090084 -0.001059021 0.012887445
v -0.033090084 0.001059021 0.012887445
v -0.089978109 -0.003468235 0.012888598
v -0.089978109 0.003468235 0.012888598
v -0.033658725 -0.001572079 0.012894726
v -0.011547108 -0.001167238 0.012900036
v -0.016970590 -0.000230794 0.012902542
v -0.011618859 0.001656669 0.012909969
v -0.033379016 0.001114262 0.012913953
v -0.089084650 -0.004330597 0.012918207
v -0.089084650 0.004330597 0.012918207
v -0.016773739 0.001663190 0.012933699
v -0.089951357 -0.003497220 0.012938801
v -0.089951357 0.003497220 0.012938801
v -0.033090084 -0.000667018 0.012943512
v -0.089119658 -0.004315857 0.012951454
v -0.089119658 0.004315857 0.012951454
v -0.011547108 0.000703094 0.012971728
v -0.033090084 0.000222735 0.012976029
v -0.033379016 -0.000670944 0.012979196
v -0.033090084 0.000000000 0.012980097
v -0.089154013 -0.004294853 0.012981897
v -0.089154013 0.004294853 0.012981897
v -0.089915029 -0.003523471 0.012984271
v -0.089915029 0.003523471 0.012984271
v -0.033658725 0.001128943 0.012993439
v -0.011547108 -0.000234824 0.013007679
v -0.089187074 -0.004267978 0.013008968
v -0.089187074 0.004267978 0.013008968
v -0.033379016 0.000224046 0.013011905
v -0.033922268 -0.001603381 0.013014455
v -0.011708207 0.001685541 0.013015033
v -0.011618859 -0.001190329 0.013019097
v -0.089870208 -0.003546205 0.013023647
v -0.089870208 0.003546205 0.013023647
v -0.089218226 -0.004235730 0.013032162
v -0.089218226 0.004235730 0.013032162
v -0.034163110 0.002099610 0.013035899
v -0.016773739 -0.001195014 0.013043257
v -0.034553474 0.003169782 0.013046706
v -0.034375264 -0.002621242 0.013049735
v -0.089246886 -0.004198715 0.013051046
v -0.089246886 0.004198715 0.013051046
v -0.089818232 -0.003564744 0.013055756
v -0.089818232 0.003564744 0.013055756
v -0.033658725 -0.000679785 0.013059541
v -0.016773739 0.001089925 0.013062711
v -0.089272520 -0.004157620 0.013065269
v -0.089272520 0.004157620 0.013065269
v -0.011618859 0.000717003 0.013092206
v -0.033658725 0.000226999 0.013092681
v -0.016368905 -0.002988900 0.013096742
v -0.016368905 0.002988900 0.013096742
v -0.012220572 -0.002988900 0.013096742
v -0.012220572 0.002988900 0.013096742
v -0.033922268 0.001151422 0.013115134
v -0.016773739 0.000719825 0.013116654
v -0.011708207 -0.001211073 0.013126063
v -0.011618859 -0.000239469 0.013128868
v -0.011708207 0.001104572 0.013145779
v -0.034976181 0.004254525 0.013152171
v -0.016773739 -0.000240412 0.013153461
v -0.090000000 -0.002618677 0.013169072
v -0.090000000 0.002618677 0.013169072
v -0.090000000 -0.002618677 0.013169072
v -0.090000000 0.002618677 0.013169072
v -0.034163110 -0.001644762 0.013172742
v -0.033922268 -0.000693320 0.013182552
v -0.011708207 0.000729499 0.013200447
v -0.033922268 0.000231518 0.013216351
v -0.034375264 0.002163992 0.013224617
v -0.089994486 -0.002643132 0.013227790
v -0.089994486 0.002643132 0.013227790
v -0.011708207 -0.000243643 0.013237748
v -0.034553474 -0.002711290 0.013261638
v -0.035023506 -0.004220197 0.013262136
v -0.035023506 0.004220197 0.013262136
v -0.034163110 0.001181139 0.013276019
v -0.089978109 -0.002666858 0.013284757
v -0.089978109 0.002666858 0.013284757
v -0.035052370 -0.004202616 0.013319612
v -0.035052370 0.004202616 0.013319612
v -0.035060795 -0.004198343 0.013333703
v -0.035060795 0.004198343 0.013333703
v -0.089951357 -0.002689146 0.013338272
v -0.089951357 0.002689146 0.013338272
v -0.090000000 0.000000000 0.013341071
v -0.090000000 0.000000000 0.013341071
v -0.034107145 0.000000000 0.013341071
v -0.034107145 0.000000000 0.013341071
v -0.016654251 0.000000000 0.013341071
v -0.016654251 0.000000000 0.013341071
v -0.011802575 0.000000000 0.013341071
v -0.011802575 0.000000000 0.013341071
v -0.034115432 0.000236920 0.013342902
v -0.034163110 -0.000711213 0.013345177
v -0.034137211 0.000454965 0.013347825
v -0.034137436 -0.000456717 0.013347878
v -0.016630506 0.000575531 0.013351881
v -0.016630485 -0.000575729 0.013351888
v -0.011837396 -0.000575880 0.013351894
v -0.011837714 0.000578470 0.013351992
v -0.016368905 -0.002358786 0.013362151
v -0.016368905 0.002358786 0.013362151
v -0.012220572 -0.002358786 0.013362151
v -0.012220572 0.002358786 0.013362151
v -0.034375264 -0.001695197 0.013365657
v -0.034218476 -0.000903536 0.013367729
v -0.088552048 -0.004186374 0.013373437
v -0.088552048 0.004186374 0.013373437
v -0.035088217 -0.004186374 0.013373437
v -0.035088217 0.004186374 0.013373437
v -0.034271356 0.001120903 0.013382118
v -0.016560701 -0.001146581 0.013384023
v -0.016560701 0.001146581 0.013384023
v -0.011939619 -0.001146581 0.013384023
v -0.011939619 0.001146581 0.013384023
v -0.089915029 -0.002709331 0.013386739
v -0.089915029 0.002709331 0.013386739
v -0.034293515 0.001205057 0.013388523
v -0.035106248 -0.004178792 0.013396048
v -0.035106251 0.004178791 0.013396053
v -0.034361748 0.001449875 0.013409810
v -0.034363211 -0.001454963 0.013410294
v -0.088587679 -0.004170888 0.013411250
v -0.088587679 0.004170888 0.013411250
v -0.088598172 -0.004164853 0.013421944
v -0.088598172 0.004164853 0.013421944
v -0.088552048 -0.004167437 0.013423237
v -0.088552048 0.004167437 0.013423237
v -0.012063513 0.001588965 0.013423669
v -0.012064578 -0.001592265 0.013424013
v -0.035131121 -0.004166728 0.013424752
v -0.035131128 0.004166724 0.013424760
v -0.088601574 -0.004162747 0.013425366
v -0.088601574 0.004162747 0.013425366
v -0.089870208 -0.002726813 0.013428712
v -0.089870208 0.002726813 0.013428712
v -0.035146508 -0.004158452 0.013441249
v -0.035146928 0.004158220 0.013441684
v -0.034553474 0.002238333 0.013442529
v -0.090000000 -0.001776501 0.013444387
v -0.090000000 0.001776501 0.013444387
v -0.090000000 -0.001776501 0.013444387
v -0.090000000 0.001776501 0.013444387
v -0.034457477 -0.001776501 0.013444387
v -0.088622544 -0.004148119 0.013445968
v -0.088622544 0.004148119 0.013445968
v -0.090000000 0.001808377 0.013448141
v -0.090000000 -0.001808377 0.013448141
v -0.090000000 0.001808377 0.013448141
v -0.090000000 -0.001808377 0.013448141
v -0.090000000 0.001808377 0.013448141
v -0.035157144 0.004152406 0.013452140
v -0.035157154 -0.004152401 0.013452147
v -0.089818232 -0.002741067 0.013462939
v -0.089818232 0.002741067 0.013462939
v -0.088642589 -0.004131333 0.013464821
v -0.088642589 0.004131333 0.013464821
v -0.089995033 -0.001961402 0.013467107
v -0.089995033 0.001961402 0.013467107
v -0.088601464 -0.004137869 0.013469337
v -0.088601464 0.004137869 0.013469337
v -0.088552048 -0.004140637 0.013471167
v -0.088552048 0.004140637 0.013471167
v -0.088650113 -0.004124275 0.013471671
v -0.088650113 0.004124275 0.013471671
v -0.035177872 0.004139913 0.013472257
v -0.035177875 -0.004139911 0.013472261
v -0.016368905 -0.002021883 0.013475034
v -0.016368905 0.002021883 0.013475034
v -0.012220572 -0.002021883 0.013475034
v -0.012220572 0.002021883 0.013475034
v -0.088655892 -0.004118556 0.013476842
v -0.088655892 0.004118556 0.013476842
v -0.089818232 -0.002700756 0.013479584
v -0.089818232 0.002700756 0.013479584
v -0.089819767 -0.002696778 0.013480226
v -0.089819767 0.002696778 0.013480226
v -0.034553474 -0.002105404 0.013486384
v -0.034553474 0.002105404 0.013486384
v -0.089978139 -0.002114556 0.013487657
v -0.089977843 -0.002116427 0.013487917
v -0.089977843 0.002116427 0.013487917
v -0.089751457 -0.002776535 0.013490820
v -0.089751457 0.002776535 0.013490820
v -0.089850958 0.002611842 0.013491915
v -0.089855192 -0.002599657 0.013493281
v -0.089855387 0.002599091 0.013493343
v -0.089964661 -0.002191669 0.013496711
v -0.089870220 0.002554967 0.013497653
v -0.089870390 -0.002554450 0.013497698
v -0.089961950 -0.002205656 0.013497988
v -0.089961402 0.002208431 0.013498229
v -0.035209119 -0.004119461 0.013500049
v -0.035209119 0.004119461 0.013500049
v -0.089888129 0.002498459 0.013501761
v -0.089888380 -0.002497640 0.013501809
v -0.089951031 -0.002258388 0.013501851
v -0.089950862 0.002259164 0.013501897
v -0.035212866 0.004116888 0.013503188
v -0.035212883 -0.004116876 0.013503203
v -0.088687006 -0.004082834 0.013503208
v -0.088687006 0.004082834 0.013503208
v -0.089941426 0.002300996 0.013503914
v -0.089941277 -0.002301631 0.013503938
v -0.089905577 -0.002439383 0.013504391
v -0.089914850 -0.002406070 0.013505130
v -0.089914961 0.002405661 0.013505136
v -0.089928188 0.002355341 0.013505220
v -0.089917074 -0.002397855 0.013505229
v -0.089917214 0.002397335 0.013505235
v -0.088649993 -0.004097212 0.013505758
v -0.088649993 0.004097212 0.013505758
v -0.088601464 -0.004104566 0.013512378
v -0.088601464 0.004104566 0.013512378
v -0.088552048 -0.004107032 0.013514598
v -0.088552048 0.004107032 0.013514598
v -0.035227594 0.004106529 0.013515154
v -0.035227685 -0.004106465 0.013515225
v -0.089724955 -0.002747690 0.013516191
v -0.089724955 0.002747690 0.013516191
v -0.088715217 -0.004041723 0.013524499
v -0.088715217 0.004041723 0.013524499
v -0.088696763 -0.004048599 0.013529799
v -0.088696763 0.004048599 0.013529799
v -0.035252989 0.004087813 0.013534408
v -0.089695881 -0.002717340 0.013536479
v -0.089695881 0.002717340 0.013536479
v -0.088739918 -0.003996107 0.013540257
v -0.088739918 0.003996107 0.013540257
v -0.088649993 -0.004058961 0.013542373
v -0.088649993 0.004058961 0.013542373
v -0.035272046 0.004073086 0.013547756
v -0.035272071 -0.004073067 0.013547773
v -0.088601464 -0.004065253 0.013550010
v -0.088601464 0.004065253 0.013550010
v -0.089664698 -0.002685967 0.013551362
v -0.089664698 0.002685967 0.013551362
v -0.088552048 -0.004067363 0.013552570
v -0.088552048 0.004067363 0.013552570
v -0.035285367 -0.004062454 0.013556546
v -0.088696763 -0.004007324 0.013558947
v -0.088696763 0.004007324 0.013558947
v -0.088695947 -0.004007502 0.013559244
v -0.088695947 0.004007502 0.013559244
v -0.089631903 -0.002654073 0.013560600
v -0.089631903 0.002654073 0.013560600
v -0.089563587 -0.002590754 0.013561649
v -0.089563587 0.002590754 0.013561649
v -0.089598020 -0.002622166 0.013564047
v -0.089598020 0.002622166 0.013564047
v -0.088649422 -0.004015788 0.013573052
v -0.088649422 0.004015788 0.013573052
v -0.089272520 -0.003276544 0.013573958
v -0.089272520 0.003276544 0.013573958
v -0.088601464 -0.004020799 0.013581402
v -0.088601464 0.004020799 0.013581402
v -0.088601171 -0.004020820 0.013581436
v -0.088601171 0.004020820 0.013581436
v -0.034747610 0.002710790 0.013582729
v -0.035330080 -0.004024825 0.013582844
v -0.035330080 0.004024825 0.013582844
v -0.034748100 -0.002712171 0.013582977
v -0.088552048 -0.004022506 0.013584247
v -0.088552048 0.004022506 0.013584247
v -0.035332724 -0.004022506 0.013584247
v -0.035332724 0.004022506 0.013584247
v -0.089246886 -0.003243679 0.013602436
v -0.089246886 0.003243679 0.013602436
v -0.089218226 -0.003208817 0.013625051
v -0.089218226 0.003208817 0.013625051
v -0.089187074 -0.003172607 0.013641380
v -0.089187074 0.003172607 0.013641380
v -0.089084650 -0.003062695 0.013650231
v -0.089084650 0.003062695 0.013650231
v -0.089154013 -0.003135725 0.013651120
v -0.089154013 0.003135725 0.013651120
v -0.089119658 -0.003098858 0.013654089
v -0.089119658 0.003098858 0.013654089
v -0.088739918 -0.003768652 0.013671578
v -0.088739918 0.003768652 0.013671578
v -0.088696763 -0.003779230 0.013690637
v -0.088696763 0.003779230 0.013690637
v -0.088695947 -0.003779398 0.013690940
v -0.088695947 0.003779398 0.013690940
v -0.034976181 0.003303351 0.013701331
v -0.088715217 -0.003732197 0.013703204
v -0.088715217 0.003732197 0.013703204
v -0.088649422 -0.003787212 0.013705020
v -0.088649422 0.003787212 0.013705020
v -0.088696763 -0.003733349 0.013711809
v -0.088696763 0.003733349 0.013711809
v -0.088601464 -0.003791939 0.013713535
v -0.088601464 0.003791939 0.013713535
v -0.088601171 -0.003791958 0.013713569
v -0.088601171 0.003791958 0.013713569
v -0.088552048 -0.003793549 0.013716436
v -0.088552048 0.003793549 0.013716436
v -0.035332724 -0.003793549 0.013716436
v -0.035332724 0.003793549 0.013716436
v -0.035330080 -0.003791174 0.013717742
v -0.035330080 0.003791174 0.013717742
v -0.035023506 -0.003415747 0.013726586
v -0.035023506 0.003415747 0.013726586
v -0.088649993 -0.003739058 0.013727069
v -0.088649993 0.003739058 0.013727069
v -0.088687006 -0.003693203 0.013728161
v -0.088687006 0.003693203 0.013728161
v -0.088601464 -0.003742525 0.013736337
v -0.088601464 0.003742525 0.013736337
v -0.035285367 0.003749585 0.013737180
v -0.088552048 -0.003743688 0.013739444
v -0.088552048 0.003743688 0.013739444
v -0.035052370 -0.003474314 0.013740097
v -0.035052370 0.003474314 0.013740097
v -0.088649993 -0.003688223 0.013741888
v -0.088649993 0.003688223 0.013741888
v -0.035272071 0.003736680 0.013741985
v -0.035272046 -0.003736658 0.013741994
v -0.035060795 -0.003488653 0.013743442
v -0.035060795 0.003488653 0.013743442
v -0.088655892 -0.003652509 0.013745914
v -0.088655892 0.003652509 0.013745914
v -0.035252989 -0.003717734 0.013748074
v -0.088650113 -0.003645170 0.013748281
v -0.088650113 0.003645170 0.013748281
v -0.088642589 -0.003635710 0.013750970
v -0.088642589 0.003635710 0.013750970
v -0.088601464 -0.003690279 0.013751566
v -0.088601464 0.003690279 0.013751566
v -0.088552048 -0.003529048 0.013752944
v -0.088552048 0.003529048 0.013752944
v -0.035088217 -0.003529048 0.013752944
v -0.035088217 0.003529048 0.013752944
v -0.035227685 0.003691795 0.013754635
v -0.035227594 -0.003691701 0.013754655
v -0.088552048 -0.003690968 0.013754812
v -0.088552048 0.003690968 0.013754812
v -0.088622544 -0.003610989 0.013756080
v -0.088622544 0.003610989 0.013756080
v -0.035212883 0.003676178 0.013757640
v -0.035212866 -0.003676159 0.013757643
v -0.035106248 0.003552421 0.013757684
v -0.035106251 -0.003552425 0.013757685
v -0.035209119 -0.003672154 0.013758302
v -0.035209119 0.003672154 0.013758302
v -0.088587679 -0.003569539 0.013758440
v -0.088587679 0.003569539 0.013758440
v -0.088601574 -0.003585834 0.013758448
v -0.088601574 0.003585834 0.013758448
v -0.088598172 -0.003581817 0.013758559
v -0.088598172 0.003581817 0.013758559
v -0.088601464 -0.003636352 0.013758888
v -0.088601464 0.003636352 0.013758888
v -0.088552048 -0.003581645 0.013761445
v -0.088552048 0.003581645 0.013761445
v -0.035131121 0.003583311 0.013761588
v -0.035131128 -0.003583320 0.013761589
v -0.035177875 0.003637864 0.013762118
v -0.035177872 -0.003637859 0.013762119
v -0.088552048 -0.003636553 0.013762200
v -0.088552048 0.003636553 0.013762200
v -0.035146508 0.003601736 0.013762669
v -0.035146928 -0.003602228 0.013762685
v -0.035157154 0.003614199 0.013762878
v -0.035157144 -0.003614191 0.013762878
v 0.082775994 0.000002137 0.004601678
v 0.082779279 -0.000043343 0.004601869
v 0.082780083 0.000048343 0.004601916
v 0.082782297 -0.000059994 0.004602045
v 0.082782734 -0.000062041 0.004602071
v 0.082793662 0.000100388 0.004602706
v 0.082798231 -0.000112615 0.004602972
v 0.082815433 0.000149990 0.004603973
v 0.082815941 -0.000150930 0.004604002
v 0.082855014 0.000212276 0.004606275
v 0.082857777 -0.000215971 0.004606437
v 0.082912727 0.000279287 0.004609634
v 0.082921512 -0.000288100 0.004610144
v 0.082947795 0.000313065 0.004611674
v 0.083068553 -0.000408618 0.004618699
v 0.083087448 0.000421618 0.004619798
v 0.083163393 -0.000470286 0.004624217
v 0.083312154 -0.000553414 0.004632872
v 0.083429330 0.000611032 0.004639690
v 0.083646380 0.000705542 0.004652317
v 0.083898809 0.000801723 0.004667004
v 0.083940363 -0.000816488 0.004669422
v 0.084199926 -0.000903342 0.004684523
v 0.084440045 -0.000976972 0.004698493
v 0.084440045 0.000976972 0.004698493
v 0.080314203 0.000021155 0.004764903
v 0.080314203 -0.000340141 0.004792306
v 0.080314203 0.000381832 0.004799522
v 0.083331655 0.001066248 0.004824379
v 0.080314203 -0.000691470 0.004880929
v 0.080314203 0.000731319 0.004895150
v 0.082654109 -0.001120823 0.004905585
v 0.082654109 0.001120823 0.004905585
v 0.082360295 -0.001144489 0.004941931
v 0.090000000 -0.000529134 0.005021973
v 0.090000000 0.000529134 0.005021973
v 0.080314203 -0.001022536 0.005028174
v -0.029762737 -0.000000000 0.005033249
v -0.029762737 0.000000000 0.005033249
v 0.076138572 0.000000000 0.005033249
v 0.076138572 -0.000154585 0.005039725
v 0.076138572 0.000161794 0.005040344
v 0.080314203 0.001059376 0.005048983
v -0.029762737 -0.000320935 0.005061327
v -0.029762737 0.000320935 0.005061327
v 0.076138572 -0.000320935 0.005061327
v 0.076138572 0.000320935 0.005061327
v 0.076138572 -0.000466434 0.005093075
v 0.076138572 0.000473432 0.005094915
v 0.081052241 -0.001249849 0.005113370
v -0.026589670 -0.000604001 0.005134730
v -0.026589670 0.000604001 0.005134730
v -0.019392117 -0.000604001 0.005134730
v -0.019392117 0.000604001 0.005134730
v -0.029762737 -0.000632118 0.005144708
v -0.029762737 0.000632118 0.005144708
v -0.026589670 -0.000632118 0.005144708
v -0.026589670 0.000632118 0.005144708
v -0.019392117 -0.000632118 0.005144708
v -0.019392117 0.000632118 0.005144708
v 0.076138572 -0.000632118 0.005144708
v 0.076138572 0.000632118 0.005144708
v -0.026589670 -0.000691809 0.005173916
v -0.026589670 0.000691809 0.005173916
v -0.019392117 -0.000691809 0.005173916
v -0.019392117 0.000691809 0.005173916
v 0.076138572 -0.000764615 0.005198830
v 0.076138572 0.000771197 0.005201837
v 0.080314020 -0.001309310 0.005218361
v 0.080313639 0.001309340 0.005218416
v -0.026589670 -0.000771526 0.005227683
v -0.026589670 0.000771526 0.005227683
v -0.019392117 -0.000771526 0.005227683
v -0.019392117 0.000771526 0.005227683
v 0.080224058 -0.001316557 0.005231636
v 0.080044628 0.001331008 0.005258449
v -0.029762737 -0.000924095 0.005280859
v -0.029762737 0.000924095 0.005280859
v -0.026589670 -0.000924095 0.005280859
v -0.026589670 0.000924095 0.005280859
v -0.019392117 -0.000924095 0.005280859
v -0.019392117 0.000924095 0.005280859
v 0.076138572 -0.000924095 0.005280859
v 0.076138572 0.000924095 0.005280859
v 0.079831273 0.001348193 0.005290946
v -0.026589670 -0.000840756 0.005294414
v -0.026589670 0.000840756 0.005294414
v -0.019392117 -0.000840756 0.005294414
v -0.019392117 0.000840756 0.005294414
v 0.079570652 -0.001369185 0.005331609
v 0.076138572 -0.001040389 0.005353893
v 0.076138572 0.001046362 0.005357978
v 0.079382804 0.001384317 0.005361620
v -0.026589670 -0.000897416 0.005372102
v -0.026589670 0.000897416 0.005372102
v -0.019392117 -0.000897416 0.005372102
v -0.019392117 0.000897416 0.005372102
v -0.030132369 -0.000000000 0.005402887
v -0.030132369 -0.000000000 0.005402887
v -0.030132369 -0.000256748 0.005425349
v -0.030132369 0.000256748 0.005425349
v -0.026589670 -0.000939801 0.005458411
v -0.026589670 0.000939801 0.005458411
v -0.019392117 -0.000939801 0.005458411
v -0.019392117 0.000939801 0.005458411
v -0.029762737 -0.001187994 0.005465643
v -0.029762737 0.001187994 0.005465643
v -0.026589670 -0.001187994 0.005465643
v -0.026589670 0.001187994 0.005465643
v -0.019392117 -0.001187994 0.005465643
v -0.019392117 0.001187994 0.005465643
v 0.076138572 -0.001187994 0.005465643
v 0.076138572 0.001187994 0.005465643
v -0.030132369 -0.000505695 0.005492054
v -0.030132369 0.000505695 0.005492054
v 0.078507215 -0.001454842 0.005510480
v -0.026589670 -0.000966638 0.005550745
v -0.026589670 0.000966638 0.005550745
v -0.019392117 -0.000966638 0.005550745
v -0.019392117 0.000966638 0.005550745
v 0.076138572 -0.001285677 0.005553718
v 0.076138572 0.001290865 0.005558762
v 0.078215460 -0.001478342 0.005563942
v 0.078043545 0.001492189 0.005596515
v -0.030132369 -0.000739276 0.005600975
v -0.030132369 0.000739276 0.005600975
v -0.026589670 -0.000977119 0.005646327
v -0.026589670 0.000977119 0.005646327
v -0.019392117 -0.000977119 0.005646327
v -0.019392117 0.000977119 0.005646327
v -0.029762737 -0.001415796 0.005693445
v -0.029762737 0.001415796 0.005693445
v -0.026589670 -0.001415796 0.005693445
v -0.026589670 0.001415796 0.005693445
v -0.019392117 -0.001415796 0.005693445
v -0.019392117 0.001415796 0.005693445
v 0.076138572 -0.001415796 0.005693445
v 0.076138572 0.001415796 0.005693445
v 0.077545753 0.001532284 0.005696014
v -0.026589670 -0.000987428 0.005741041
v -0.026589670 0.000987428 0.005741041
v -0.019392117 -0.000987428 0.005741041
v -0.019392117 0.000987428 0.005741041
v -0.030132369 -0.000950395 0.005748802
v -0.030132369 0.000950395 0.005748802
v 0.077131986 -0.001565613 0.005785747
v 0.076138572 -0.001493289 0.005792451
v 0.076138572 0.001497541 0.005798306
v 0.076995365 -0.001576617 0.005817070
v -0.026589670 -0.001013799 0.005832592
v -0.026589670 0.001013799 0.005832592
v -0.019392117 -0.001013799 0.005832592
v -0.019392117 0.001013799 0.005832592
v 0.076841753 0.001588990 0.005853449
v -0.026589670 -0.001055455 0.005918277
v -0.026589670 0.001055455 0.005918277
v -0.019392117 -0.001055455 0.005918277
v -0.019392117 0.001055455 0.005918277
v -0.030132369 -0.001132637 0.005931044
v -0.030132369 0.001132637 0.005931044
v -0.029762737 -0.001600580 0.005957344
v -0.029762737 0.001600580 0.005957344
v -0.026589670 -0.001600580 0.005957344
v -0.026589670 0.001600580 0.005957344
v -0.019392117 -0.001600580 0.005957344
v -0.019392117 0.001600580 0.005957344
v 0.076138572 -0.001600580 0.005957344
v 0.076138572 0.001600580 0.005957344
v -0.026589670 -0.001111165 0.005995566
v -0.026589670 0.001111165 0.005995566
v -0.019392117 -0.001111165 0.005995566
v -0.019392117 0.001111165 0.005995566
v 0.076138572 -0.001645629 0.006040182
v 0.076138572 0.001645629 0.006040182
v -0.026589670 -0.001179284 0.006062176
v -0.026589670 0.001179284 0.006062176
v -0.019392117 -0.001179284 0.006062176
v -0.019392117 0.001179284 0.006062176
v -0.026589670 -0.001257800 0.006116141
v -0.026589670 0.001257800 0.006116141
v -0.019392117 -0.001257800 0.006116141
v -0.019392117 0.001257800 0.006116141
v -0.030132369 -0.001280464 0.006142163
v -0.030132369 0.001280464 0.006142163
v -0.026589670 -0.001344396 0.006155867
v -0.026589670 0.001344396 0.006155867
v -0.019392117 -0.001344396 0.006155867
v -0.019392117 0.001344396 0.006155867
v -0.026589670 -0.001436515 0.006180182
v -0.026589670 0.001436515 0.006180182
v -0.019392117 -0.001436515 0.006180182
v -0.019392117 0.001436515 0.006180182
v -0.026589670 -0.002164944 0.006188368
v -0.026589670 -0.001713318 0.006188368
v -0.026589670 -0.001531437 0.006188368
v -0.026589670 0.001531437 0.006188368
v -0.026589670 0.001713318 0.006188368
v -0.026589670 0.002270713 0.006188368
v -0.019392117 -0.002164944 0.006188368
v -0.019392117 -0.001713318 0.006188368
v -0.019392117 -0.001531437 0.006188368
v -0.019392117 0.001531437 0.006188368
v -0.019392117 0.001713318 0.006188368
v -0.019392117 0.002270713 0.006188368
v -0.026587555 -0.002213268 0.006190478
v -0.026587555 0.002319037 0.006190478
v -0.019394225 -0.002213268 0.006190478
v -0.019394225 0.002319037 0.006190478
v -0.026581245 -0.002261225 0.006196791
v -0.026581245 0.002366993 0.006196791
v -0.019400542 -0.002261225 0.006196791
v -0.019400542 0.002366993 0.006196791
v -0.026570776 -0.002308448 0.006207260
v -0.026570776 0.002414217 0.006207260
v -0.019411012 -0.002308448 0.006207260
v -0.019411012 0.002414217 0.006207260
v -0.026556231 -0.002354580 0.006221806
v -0.026556231 0.002460348 0.006221806
v -0.019425557 -0.002354580 0.006221806
v -0.019425557 0.002460348 0.006221806
v -0.026537724 -0.002399268 0.006240316
v -0.026537724 0.002505037 0.006240316
v -0.019444071 -0.002399268 0.006240316
v -0.019444071 0.002505037 0.006240316
v -0.029762737 -0.001736731 0.006249321
v -0.029762737 0.001736731 0.006249321
v -0.026589670 -0.001736731 0.006249321
v -0.026589670 0.001736731 0.006249321
v -0.019392117 -0.001736731 0.006249321
v -0.019392117 0.001736731 0.006249321
v 0.075007537 -0.001736731 0.006249321
v 0.075007537 0.001736731 0.006249321
v -0.026515389 -0.002442173 0.006262651
v -0.026515389 0.002547941 0.006262651
v -0.019466406 -0.002442173 0.006262651
v -0.019466406 0.002547941 0.006262651
v -0.026489401 -0.002482968 0.006288640
v -0.026489401 0.002588736 0.006288640
v -0.019492386 -0.002482968 0.006288640
v -0.019492386 0.002588736 0.006288640
v -0.026459952 -0.002521342 0.006318086
v -0.026459952 0.002627111 0.006318086
v -0.019521835 -0.002521342 0.006318086
v -0.019521835 0.002627111 0.006318086
v -0.030132369 -0.001389385 0.006375744
v -0.030132369 0.001389385 0.006375744
v -0.026391607 -0.002589683 0.006386427
v -0.026391607 0.002695452 0.006386427
v -0.019590174 -0.002589683 0.006386427
v -0.019590174 0.002695452 0.006386427
v 0.074405597 -0.001785215 0.006403092
v 0.074405597 0.001785215 0.006403092
v -0.026312439 -0.002645118 0.006465596
v -0.026312439 0.002750887 0.006465596
v -0.019669349 -0.002645118 0.006465596
v -0.019669349 0.002750887 0.006465596
v -0.026224846 -0.002685963 0.006553189
v -0.026224846 0.002791732 0.006553189
v -0.019756941 -0.002685963 0.006553189
v -0.019756941 0.002791732 0.006553189
v -0.029762737 -0.001820112 0.006560504
v -0.029762737 0.001820112 0.006560504
v -0.026589670 -0.001820112 0.006560504
v -0.026589670 0.001820112 0.006560504
v -0.019392117 -0.001820112 0.006560504
v -0.019392117 0.001820112 0.006560504
v 0.073972343 -0.001820112 0.006560504
v 0.073972343 0.001820112 0.006560504
v -0.030132369 -0.001456090 0.006624691
v -0.030132369 0.001456090 0.006624691
v 0.073820057 -0.001832379 0.006640202
v 0.073820057 0.001832379 0.006640202
v -0.026131493 -0.002710978 0.006646544
v -0.026131493 0.002816746 0.006646544
v -0.019850294 -0.002710978 0.006646544
v -0.019850294 0.002816746 0.006646544
v 0.073760129 -0.001837205 0.006680232
v 0.073760129 0.001837205 0.006680232
v 0.073711060 -0.001841157 0.006720359
v 0.073711060 0.001841157 0.006720359
v -0.026035215 -0.002719401 0.006742825
v -0.026035215 0.002825170 0.006742825
v -0.019946573 -0.002719401 0.006742825
v -0.019946573 0.002825170 0.006742825
v 0.073672875 -0.001844233 0.006760562
v 0.073672875 0.001844233 0.006760562
v 0.073657872 -0.001845442 0.006780686
v 0.073657872 0.001845442 0.006780686
v 0.073645591 -0.001846431 0.006800822
v 0.073645591 0.001846431 0.006800822
v 0.073636030 -0.001847201 0.006820968
v 0.073636030 0.001847201 0.006820968
v 0.073629206 -0.001847751 0.006841121
v 0.073629206 0.001847751 0.006841121
v 0.073625117 -0.001848081 0.006861279
v 0.073625117 0.001848081 0.006861279
v -0.019392117 -0.001848190 0.006881439
v -0.019392117 -0.001848190 0.006881439
v -0.030132369 0.000000000 0.006881439
v -0.030132369 0.001478552 0.006881439
v -0.029762737 -0.001848190 0.006881439
v -0.029762737 0.001848190 0.006881439
v -0.026589670 -0.001848190 0.006881439
v 0.073623749 -0.001848190 0.006881439
v 0.073623749 0.001848190 0.006881439
v -0.026589670 0.001848190 0.006881439
v -0.019392117 0.001848190 0.006881439
v -0.029762737 0.001848190 0.006881439
v -0.026589670 0.001848190 0.006881439
v -0.019392117 0.001848190 0.006881439
v 0.073623749 0.001848190 0.006881439
v -0.030132369 -0.001478552 0.006881439
v -0.029762737 -0.001848190 0.006881439
v -0.030132369 -0.001478552 0.006881439
v 0.073625117 -0.001848081 0.006901599
v 0.073625117 0.001848081 0.006901599
v 0.073629206 -0.001847751 0.006921757
v 0.073629206 0.001847751 0.006921757
v 0.073636030 -0.001847201 0.006941910
v 0.073636030 0.001847201 0.006941910
v 0.073645591 -0.001846431 0.006962056
v 0.073645591 0.001846431 0.006962056
v 0.073657872 -0.001845442 0.006982192
v 0.073657872 0.001845442 0.006982192
v 0.073672875 -0.001844233 0.007002317
v 0.073672875 0.001844233 0.007002317
v -0.026035215 -0.002719401 0.007020053
v -0.026035215 0.002825170 0.007020053
v -0.019946573 -0.002719401 0.007020053
v -0.019946573 0.002825170 0.007020053
v 0.073711060 -0.001841157 0.007042520
v 0.073711060 0.001841157 0.007042520
v 0.073760129 -0.001837205 0.007082646
v 0.073760129 0.001837205 0.007082646
v -0.026131493 -0.002710978 0.007116334
v -0.026131493 0.002816746 0.007116334
v -0.019850294 -0.002710978 0.007116334
v -0.019850294 0.002816746 0.007116334
v 0.073820057 -0.001832379 0.007122676
v 0.073820057 0.001832379 0.007122676
v -0.030132369 -0.001456090 0.007138187
v -0.030132369 0.001456090 0.007138187
v -0.029762737 -0.001820112 0.007202374
v -0.029762737 0.001820112 0.007202374
v -0.026589670 -0.001820112 0.007202374
v -0.026589670 0.001820112 0.007202374
v -0.019392117 -0.001820112 0.007202374
v -0.019392117 0.001820112 0.007202374
v 0.073972343 -0.001820112 0.007202374
v 0.073972343 0.001820112 0.007202374
v -0.026224846 -0.002685963 0.007209689
v -0.026224846 0.002791732 0.007209689
v -0.019756941 -0.002685963 0.007209689
v -0.019756941 0.002791732 0.007209689
v -0.026312439 -0.002645118 0.007297282
v -0.026312439 0.002750887 0.007297282
v -0.019669349 -0.002645118 0.007297282
v -0.019669349 0.002750887 0.007297282
v 0.074405597 -0.001785215 0.007359786
v 0.074405597 0.001785215 0.007359786
v -0.026391607 -0.002589683 0.007376452
v -0.026391607 0.002695452 0.007376452
v -0.019590174 -0.002589683 0.007376452
v -0.019590174 0.002695452 0.007376452
v -0.030132369 -0.001389385 0.007387134
v -0.030132369 0.001389385 0.007387134
v -0.026459952 -0.002521342 0.007444792
v -0.026459952 0.002627111 0.007444792
v -0.019521835 -0.002521342 0.007444792
v -0.019521835 0.002627111 0.007444792
v -0.026489401 -0.002482968 0.007474238
v -0.026489401 0.002588736 0.007474238
v -0.019492386 -0.002482968 0.007474238
v -0.019492386 0.002588736 0.007474238
v -0.026515389 -0.002442173 0.007500227
v -0.026515389 0.002547941 0.007500227
v -0.019466406 -0.002442173 0.007500227
v -0.019466406 0.002547941 0.007500227
v -0.029762737 -0.001736731 0.007513557
v -0.029762737 0.001736731 0.007513557
v -0.026589670 -0.001736731 0.007513557
v -0.026589670 0.001736731 0.007513557
v -0.019392117 -0.001736731 0.007513557
v -0.019392117 0.001736731 0.007513557
v 0.075007537 -0.001736731 0.007513557
v 0.075007537 0.001736731 0.007513557
v -0.026537724 -0.002399268 0.007522562
v -0.026537724 0.002505037 0.007522562
v -0.019444071 -0.002399268 0.007522562
v -0.019444071 0.002505037 0.007522562
v -0.026556231 -0.002354580 0.007541073
v -0.026556231 0.002460348 0.007541073
v -0.019425557 -0.002354580 0.007541073
v -0.019425557 0.002460348 0.007541073
v -0.026570776 -0.002308448 0.007555618
v -0.026570776 0.002414217 0.007555618
v -0.019411012 -0.002308448 0.007555618
v -0.019411012 0.002414217 0.007555618
v -0.026581245 -0.002261225 0.007566087
v -0.026581245 0.002366993 0.007566087
v -0.019400542 -0.002261225 0.007566087
v -0.019400542 0.002366993 0.007566087
v -0.026587555 -0.002213268 0.007572401
v -0.026587555 0.002319037 0.007572401
v -0.019394225 -0.002213268 0.007572401
v -0.019394225 0.002319037 0.007572401
v -0.026589670 -0.002164944 0.007574511
v -0.026589670 -0.001713318 0.007574511
v -0.026589670 -0.001531437 0.007574511
v -0.026589670 0.001531437 0.007574511
v -0.026589670 0.001713318 0.007574511
v -0.026589670 0.002270713 0.007574511
v -0.019392117 -0.002164944 0.007574511
v -0.019392117 -0.001713318 0.007574511
v -0.019392117 -0.001531437 0.007574511
v -0.019392117 0.001531437 0.007574511
v -0.019392117 0.001713318 0.007574511
v -0.019392117 0.002270713 0.007574511
v -0.026589670 -0.001436515 0.007582696
v -0.026589670 0.001436515 0.007582696
v -0.019392117 -0.001436515 0.007582696
v -0.019392117 0.001436515 0.007582696
v -0.026589670 -0.001344396 0.007607011
v -0.026589670 0.001344396 0.007607011
v -0.019392117 -0.001344396 0.007607011
v -0.019392117 0.001344396 0.007607011
v -0.030132369 -0.001280464 0.007620715
v -0.030132369 0.001280464 0.007620715
v -0.026589670 -0.001257800 0.007646738
v -0.026589670 0.001257800 0.007646738
v -0.019392117 -0.001257800 0.007646738
v -0.019392117 0.001257800 0.007646738
v -0.026589670 -0.001179284 0.007700703
v -0.026589670 0.001179284 0.007700703
v -0.019392117 -0.001179284 0.007700703
v -0.019392117 0.001179284 0.007700703
v 0.076138572 -0.001645629 0.007722696
v 0.076138572 0.001645629 0.007722696
v -0.026589670 -0.001111165 0.007767313
v -0.026589670 0.001111165 0.007767313
v -0.019392117 -0.001111165 0.007767313
v -0.019392117 0.001111165 0.007767313
v -0.029762737 -0.001600580 0.007805534
v -0.029762737 0.001600580 0.007805534
v -0.026589670 -0.001600580 0.007805534
v -0.026589670 0.001600580 0.007805534
v -0.019392117 -0.001600580 0.007805534
v -0.019392117 0.001600580 0.007805534
v 0.076138572 -0.001600580 0.007805534
v 0.076138572 0.001600580 0.007805534
v -0.030132369 -0.001132637 0.007831834
v -0.030132369 0.001132637 0.007831834
v -0.026589670 -0.001055455 0.007844601
v -0.026589670 0.001055455 0.007844601
v -0.019392117 -0.001055455 0.007844601
v -0.019392117 0.001055455 0.007844601
v -0.026589670 -0.001013799 0.007930286
v -0.026589670 0.001013799 0.007930286
v -0.019392117 -0.001013799 0.007930286
v -0.019392117 0.001013799 0.007930286
v 0.076138572 -0.001497541 0.007964572
v 0.076138572 0.001493289 0.007970427
v 0.077134862 0.001565381 0.007977781
v 0.077271976 -0.001554336 0.008008310
v 0.077271976 0.001554336 0.008008310
v -0.030132369 -0.000950395 0.008014076
v -0.030132369 0.000950395 0.008014076
v -0.026589670 -0.000987428 0.008021837
v -0.026589670 0.000987428 0.008021837
v -0.019392117 -0.000987428 0.008021837
v -0.019392117 0.000987428 0.008021837
v 0.077542016 -0.001532587 0.008066081
v -0.029762737 -0.001415796 0.008069433
v -0.029762737 0.001415796 0.008069433
v -0.026589670 -0.001415796 0.008069433
v -0.026589670 0.001415796 0.008069433
v -0.019392117 -0.001415796 0.008069433
v -0.019392117 0.001415796 0.008069433
v 0.076138572 -0.001415796 0.008069433
v 0.076138572 0.001415796 0.008069433
v -0.026589670 -0.000977119 0.008116551
v -0.026589670 0.000977119 0.008116551
v -0.019392117 -0.000977119 0.008116551
v -0.019392117 0.000977119 0.008116551
v -0.030132369 -0.000739276 0.008161903
v -0.030132369 0.000739276 0.008161903
v 0.076138572 -0.001290865 0.008204116
v 0.076138572 0.001285677 0.008209160
v -0.026589670 -0.000966638 0.008212133
v -0.026589670 0.000966638 0.008212133
v -0.019392117 -0.000966638 0.008212133
v -0.019392117 0.000966638 0.008212133
v 0.078519835 0.001453825 0.008254663
v -0.030132369 -0.000505695 0.008270824
v -0.030132369 0.000505695 0.008270824
v -0.029762737 -0.001187994 0.008297235
v -0.029762737 0.001187994 0.008297235
v -0.026589670 -0.001187994 0.008297235
v -0.026589670 0.001187994 0.008297235
v -0.019392117 -0.001187994 0.008297235
v -0.019392117 0.001187994 0.008297235
v 0.076138572 -0.001187994 0.008297235
v 0.076138572 0.001187994 0.008297235
v -0.026589670 -0.000939801 0.008304467
v -0.026589670 0.000939801 0.008304467
v -0.019392117 -0.000939801 0.008304467
v -0.019392117 0.000939801 0.008304467
v -0.030132369 -0.000256748 0.008337529
v -0.030132369 0.000256748 0.008337529
v 0.079017810 -0.001413716 0.008341115
v 0.079017810 0.001413716 0.008341115
v -0.030132369 0.000000000 0.008359991
v -0.030132369 0.000000000 0.008359991
v -0.026589670 -0.000897416 0.008390776
v -0.026589670 0.000897416 0.008390776
v -0.019392117 -0.000897416 0.008390776
v -0.019392117 0.000897416 0.008390776
v 0.076138572 -0.001046362 0.008404900
v 0.076138572 0.001040389 0.008408985
v 0.079769879 -0.001353139 0.008462450
v 0.079769879 0.001353139 0.008462450
v -0.026589670 -0.000840756 0.008468464
v -0.026589670 0.000840756 0.008468464
v -0.019392117 -0.000840756 0.008468464
v -0.019392117 0.000840756 0.008468464
v 0.079833909 -0.001347981 0.008472336
v -0.029762737 -0.000924095 0.008482019
v -0.029762737 0.000924095 0.008482019
v -0.026589670 -0.000924095 0.008482019
v -0.026589670 0.000924095 0.008482019
v -0.019392117 -0.000924095 0.008482019
v -0.019392117 0.000924095 0.008482019
v 0.076138572 -0.000924095 0.008482019
v 0.076138572 0.000924095 0.008482019
v 0.080248269 0.001314605 0.008534827
v -0.026589670 -0.000771526 0.008535195
v -0.026589670 0.000771526 0.008535195
v -0.019392117 -0.000771526 0.008535195
v -0.019392117 0.000771526 0.008535195
v 0.080313075 -0.001309386 0.008544378
v 0.080313244 0.001309373 0.008544403
v 0.076138572 -0.000771197 0.008561041
v 0.076138572 0.000764615 0.008564048
v -0.026589670 -0.000691809 0.008588962
v -0.026589670 0.000691809 0.008588962
v -0.019392117 -0.000691809 0.008588962
v -0.019392117 0.000691809 0.008588962
v -0.029762737 -0.000632118 0.008618170
v -0.029762737 0.000632118 0.008618170
v -0.026589670 -0.000632118 0.008618170
v -0.026589670 0.000632118 0.008618170
v -0.019392117 -0.000632118 0.008618170
v -0.019392117 0.000632118 0.008618170
v 0.076138572 -0.000632118 0.008618170
v 0.076138572 0.000632118 0.008618170
v -0.026589670 -0.000604001 0.008628148
v -0.026589670 0.000604001 0.008628148
v -0.019392117 -0.000604001 0.008628148
v -0.019392117 0.000604001 0.008628148
v 0.076138572 -0.000473432 0.008667964
v 0.076138572 0.000466434 0.008669804
v -0.029762737 -0.000320935 0.008701551
v -0.029762737 0.000320935 0.008701551
v 0.076138572 -0.000320935 0.008701551
v 0.076138572 0.000320935 0.008701551
v 0.080314203 -0.001059376 0.008713895
v 0.076138572 -0.000161794 0.008722534
v 0.076138572 0.000154585 0.008723153
v -0.029762737 -0.000000000 0.008729630
v -0.029762737 0.000000000 0.008729630
v 0.076138572 -0.000000000 0.008729630
v 0.080314203 0.001022536 0.008734705
v 0.090000000 -0.000529134 0.008740905
v 0.090000000 0.000529134 0.008740905
v 0.082359548 0.001144549 0.008820855
v 0.082544265 -0.001129671 0.008843789
v 0.082544265 0.001129671 0.008843789
v 0.080314203 -0.000731319 0.008867729
v 0.080314203 0.000691470 0.008881950
v 0.083305485 -0.001068356 0.008935427
v 0.083430289 -0.001058305 0.008950035
v 0.083430289 0.001058305 0.008950035
v 0.080314203 -0.000381832 0.008963356
v 0.080314203 0.000340141 0.008970572
v 0.080314203 -0.000021155 0.008997975
v 0.084440045 -0.000976972 0.009064385
v 0.084440045 0.000976972 0.009064385
v 0.084201548 0.000903863 0.009078260
v 0.083940363 -0.000816488 0.009093456
v 0.083898809 0.000801723 0.009095874
v 0.083659057 -0.000710684 0.009109823
v 0.083429330 0.000611032 0.009123189
v 0.083312154 -0.000553414 0.009130006
v 0.083165297 0.000471444 0.009138550
v 0.083087448 0.000421618 0.009143080
v 0.083068553 -0.000408618 0.009144179
v 0.082962897 -0.000326544 0.009150326
v 0.082947795 0.000313065 0.009151205
v 0.082921512 -0.000288100 0.009152734
v 0.082912727 0.000279287 0.009153244
v 0.082857777 -0.000215971 0.009156442
v 0.082855014 0.000212276 0.009156603
v 0.082815941 -0.000150930 0.009158876
v 0.082815433 0.000149990 0.009158905
v 0.082798231 -0.000112615 0.009159906
v 0.082793662 0.000100388 0.009160172
v 0.082782297 -0.000059994 0.009160833
v 0.082780083 0.000048343 0.009160962
v 0.082779279 -0.000043343 0.009161009
v 0.082775994 0.000002137 0.009161200
s 1
usemtl face_000
f 228 214 1
f 4 228 1
f 214 200 1
f 200 172 1
f 172 8 1
f 11 4 1
f 5 11 1
f 8 5 1
f 213 3 2
f 7 213 2
f 12 7 2
f 3 12 2
f 213 229 3
f 247 9 3
f 236 247 3
f 229 236 3
f 9 12 3
f 10 228 4
f 11 10 4
f 26 29 5
f 21 26 5
f 8 21 5
f 17 11 5
f 13 17 5
f 29 13 5
f 30 31 6
f 31 25 6
f 25 22 6
f 22 7 6
f 7 12 6
f 12 18 6
f 18 14 6
f 14 38 6
f 38 30 6
f 22 213 7
f 172 21 8
f 247 23 9
f 34 12 9
f 23 34 9
f 24 228 10
f 11 24 10
f 33 24 11
f 17 15 11
f 15 19 11
f 19 33 11
f 34 20 12
f 20 16 12
f 16 18 12
f 41 39 13
f 27 17 13
f 39 27 13
f 29 37 13
f 37 41 13
f 40 38 14
f 28 40 14
f 18 28 14
f 17 90 15
f 90 19 15
f 20 89 16
f 89 91 16
f 91 18 16
f 27 90 17
f 91 28 18
f 88 33 19
f 90 88 19
f 34 93 20
f 93 89 20
f 172 26 21
f 166 173 22
f 199 213 22
f 173 199 22
f 25 166 22
f 247 36 23
f 36 34 23
f 258 246 24
f 35 258 24
f 246 235 24
f 235 228 24
f 33 35 24
f 31 166 25
f 172 167 26
f 167 149 26
f 149 141 26
f 141 32 26
f 32 29 26
f 94 90 27
f 39 94 27
f 91 40 28
f 49 54 29
f 32 49 29
f 54 37 29
f 55 48 30
f 48 43 30
f 43 31 30
f 38 58 30
f 58 55 30
f 43 166 31
f 141 49 32
f 46 35 33
f 92 46 33
f 88 92 33
f 36 93 34
f 284 258 35
f 46 284 35
f 47 93 36
f 247 259 36
f 259 47 36
f 50 41 37
f 54 57 37
f 57 50 37
f 40 42 38
f 42 51 38
f 51 62 38
f 62 58 38
f 41 94 39
f 95 42 40
f 91 95 40
f 44 94 41
f 50 44 41
f 45 51 42
f 95 45 42
f 48 133 43
f 133 148 43
f 148 166 43
f 59 96 44
f 96 94 44
f 50 59 44
f 60 51 45
f 95 60 45
f 92 52 46
f 286 284 46
f 52 286 46
f 53 93 47
f 259 285 47
f 285 53 47
f 66 106 48
f 106 126 48
f 126 133 48
f 55 66 48
f 134 56 49
f 141 134 49
f 56 54 49
f 57 61 50
f 61 59 50
f 60 62 51
f 92 63 52
f 291 286 52
f 63 291 52
f 64 93 53
f 292 64 53
f 285 287 53
f 287 292 53
f 65 67 54
f 56 65 54
f 67 73 54
f 73 57 54
f 68 70 55
f 70 66 55
f 58 74 55
f 74 68 55
f 134 65 56
f 77 61 57
f 73 77 57
f 62 74 58
f 79 98 59
f 98 96 59
f 61 75 59
f 75 79 59
f 80 76 60
f 76 62 60
f 97 80 60
f 95 97 60
f 84 75 61
f 77 84 61
f 85 78 62
f 78 74 62
f 76 85 62
f 293 291 63
f 104 293 63
f 92 104 63
f 81 93 64
f 292 307 64
f 328 81 64
f 307 328 64
f 105 69 65
f 134 105 65
f 69 67 65
f 70 103 66
f 103 106 66
f 69 102 67
f 102 100 67
f 100 73 67
f 101 70 68
f 74 111 68
f 111 101 68
f 105 102 69
f 101 103 70
f 100 110 73
f 110 77 73
f 78 115 74
f 115 111 74
f 84 79 75
f 80 87 76
f 87 85 76
f 114 84 77
f 110 114 77
f 85 125 78
f 125 115 78
f 86 112 79
f 112 98 79
f 84 86 79
f 99 87 80
f 97 99 80
f 208 186 81
f 217 208 81
f 186 185 81
f 185 119 81
f 119 93 81
f 225 217 81
f 107 225 81
f 328 107 81
f 114 124 84
f 124 86 84
f 87 138 85
f 138 125 85
f 323 112 86
f 137 323 86
f 124 137 86
f 324 138 87
f 113 324 87
f 99 113 87
f 116 92 88
f 120 116 88
f 90 120 88
f 93 119 89
f 119 117 89
f 117 91 89
f 129 120 90
f 94 129 90
f 117 121 91
f 121 95 91
f 118 187 92
f 187 104 92
f 116 118 92
f 96 139 94
f 139 129 94
f 130 97 95
f 121 130 95
f 98 146 96
f 146 139 96
f 140 99 97
f 130 140 97
f 112 182 98
f 182 146 98
f 147 113 99
f 140 147 99
f 102 127 100
f 127 110 100
f 106 103 101
f 128 106 101
f 111 128 101
f 105 127 102
f 187 293 104
f 134 127 105
f 128 126 106
f 188 225 107
f 328 227 107
f 227 188 107
f 127 131 110
f 132 128 111
f 135 114 110
f 131 135 110
f 115 132 111
f 323 182 112
f 183 324 113
f 147 183 113
f 135 124 114
f 125 136 115
f 136 132 115
f 163 168 116
f 168 174 116
f 174 184 116
f 184 118 116
f 120 163 116
f 169 121 117
f 175 169 117
f 178 175 117
f 119 178 117
f 184 187 118
f 185 178 119
f 158 163 120
f 156 158 120
f 129 156 120
f 162 157 121
f 169 162 121
f 157 130 121
f 135 142 124
f 143 136 125
f 142 137 124
f 138 145 125
f 145 143 125
f 128 133 126
f 134 150 127
f 150 131 127
f 151 133 128
f 153 151 128
f 132 153 128
f 139 171 129
f 171 159 129
f 159 156 129
f 157 160 130
f 160 161 130
f 161 140 130
f 150 152 131
f 152 135 131
f 155 153 132
f 136 155 132
f 151 148 133
f 141 150 134
f 152 154 135
f 164 142 135
f 154 164 135
f 165 155 136
f 143 165 136
f 319 323 137
f 142 144 137
f 325 319 137
f 144 325 137
f 324 320 138
f 320 145 138
f 146 179 139
f 179 177 139
f 177 171 139
f 176 147 140
f 161 170 140
f 170 176 140
f 149 150 141
f 164 144 142
f 145 165 143
f 331 325 144
f 164 331 144
f 320 326 145
f 326 165 145
f 182 191 146
f 191 189 146
f 189 181 146
f 181 179 146
f 190 183 147
f 176 180 147
f 180 190 147
f 151 166 148
f 203 150 149
f 167 203 149
f 203 152 150
f 204 166 151
f 206 204 151
f 153 206 151
f 209 201 152
f 205 209 152
f 203 205 152
f 201 154 152
f 202 206 153
f 155 202 153
f 193 164 154
f 201 193 154
f 194 202 155
f 165 194 155
f 282 158 156
f 249 282 156
f 159 249 156
f 283 160 157
f 162 283 157
f 282 163 158
f 171 249 159
f 283 250 160
f 250 161 160
f 250 170 161
f 169 283 162
f 282 168 163
f 339 331 164
f 193 339 164
f 326 332 165
f 332 194 165
f 204 173 166
f 172 203 167
f 282 174 168
f 289 283 169
f 175 289 169
f 250 176 170
f 231 249 171
f 177 231 171
f 200 203 172
f 204 199 173
f 282 288 174
f 288 184 174
f 178 289 175
f 232 180 176
f 250 232 176
f 179 231 177
f 185 289 178
f 181 231 179
f 232 190 180
f 189 231 181
f 323 211 182
f 211 191 182
f 212 324 183
f 192 212 183
f 190 192 183
f 207 187 184
f 288 295 184
f 295 207 184
f 186 289 185
f 208 289 186
f 230 261 187
f 327 293 187
f 261 327 187
f 215 224 187
f 207 215 187
f 224 230 187
f 227 226 188
f 226 225 188
f 191 211 189
f 211 231 189
f 232 192 190
f 232 212 192
f 201 339 193
f 332 340 194
f 340 202 194
f 329 251 195
f 387 329 195
f 262 387 195
f 251 197 195
f 197 262 195
f 356 263 196
f 321 356 196
f 252 321 196
f 198 252 196
f 265 198 196
f 263 265 196
f 251 237 197
f 237 371 197
f 371 264 197
f 264 262 197
f 238 252 198
f 336 238 198
f 374 336 198
f 265 374 198
f 204 213 199
f 239 203 200
f 214 239 200
f 209 339 201
f 340 210 202
f 210 206 202
f 239 233 203
f 233 205 203
f 240 213 204
f 234 240 204
f 206 234 204
f 220 209 205
f 233 220 205
f 221 234 206
f 210 221 206
f 295 304 207
f 304 215 207
f 296 289 208
f 217 296 208
f 345 339 209
f 220 345 209
f 340 221 210
f 323 231 211
f 232 334 212
f 334 324 212
f 240 229 213
f 228 239 214
f 1573 224 215
f 304 1573 215
f 225 303 217
f 303 296 217
f 233 345 220
f 346 234 221
f 340 346 221
f 275 255 224
f 255 230 224
f 226 275 225
f 1573 275 224
f 275 1573 225
f 1573 722 225
f 722 595 225
f 595 303 225
f 297 245 226
f 227 297 226
f 245 275 226
f 328 379 227
f 379 297 227
f 235 239 228
f 240 236 229
f 255 261 230
f 333 249 231
f 323 333 231
f 250 344 232
f 344 334 232
f 239 241 233
f 241 345 233
f 346 242 234
f 242 240 234
f 256 239 235
f 246 256 235
f 240 247 236
f 268 278 237
f 278 253 237
f 251 268 237
f 253 310 237
f 310 371 237
f 269 252 238
f 278 269 238
f 254 278 238
f 336 254 238
f 256 243 239
f 243 241 239
f 257 247 240
f 242 244 240
f 244 257 240
f 243 351 241
f 351 345 241
f 346 244 242
f 256 357 243
f 357 351 243
f 352 257 244
f 346 352 244
f 330 290 245
f 290 248 245
f 297 330 245
f 248 275 245
f 258 256 246
f 257 259 247
f 290 260 248
f 260 275 248
f 343 282 249
f 333 343 249
f 283 355 250
f 355 344 250
f 329 268 251
f 311 321 252
f 269 311 252
f 278 267 253
f 267 310 253
f 266 278 254
f 336 308 254
f 308 266 254
f 301 261 255
f 272 301 255
f 271 272 255
f 275 271 255
f 258 357 256
f 285 259 257
f 358 285 257
f 352 358 257
f 284 357 258
f 290 270 260
f 270 275 260
f 301 327 261
f 313 387 262
f 264 313 262
f 393 314 263
f 356 393 263
f 316 265 263
f 314 316 263
f 371 315 264
f 315 313 264
f 403 374 265
f 316 403 265
f 281 278 266
f 308 299 266
f 299 281 266
f 278 281 267
f 281 294 267
f 294 310 267
f 329 278 268
f 306 311 269
f 278 306 269
f 312 298 270
f 298 273 270
f 290 312 270
f 273 275 270
f 276 298 271
f 300 272 271
f 298 300 271
f 275 276 271
f 300 301 272
f 298 276 273
f 276 275 273
f 329 306 278
f 299 294 281
f 354 288 282
f 343 354 282
f 289 365 283
f 365 355 283
f 286 357 284
f 358 287 285
f 291 357 286
f 358 292 287
f 364 295 288
f 354 364 288
f 296 382 289
f 382 365 289
f 368 312 290
f 330 368 290
f 384 420 291
f 293 384 291
f 420 357 291
f 358 307 292
f 327 384 293
f 335 310 294
f 309 335 294
f 299 309 294
f 381 304 295
f 364 381 295
f 303 390 296
f 390 382 296
f 405 330 297
f 379 405 297
f 312 342 298
f 317 300 298
f 342 317 298
f 318 309 299
f 308 318 299
f 317 322 300
f 322 337 300
f 337 301 300
f 337 373 301
f 373 327 301
f 389 1573 304
f 502 390 303
f 595 502 303
f 381 389 304
f 361 311 306
f 385 361 306
f 329 385 306
f 595 421 307
f 592 595 307
f 358 461 307
f 461 553 307
f 553 575 307
f 575 592 307
f 442 328 307
f 421 442 307
f 360 318 308
f 336 360 308
f 318 341 309
f 341 362 309
f 362 335 309
f 395 371 310
f 335 395 310
f 372 321 311
f 361 372 311
f 396 342 312
f 368 396 312
f 475 387 313
f 375 475 313
f 315 375 313
f 412 376 314
f 393 412 314
f 378 316 314
f 376 378 314
f 459 377 315
f 371 459 315
f 377 375 315
f 478 403 316
f 378 478 316
f 342 359 317
f 359 338 317
f 338 322 317
f 360 350 318
f 350 341 318
f 416 323 319
f 422 416 319
f 325 422 319
f 324 417 320
f 417 326 320
f 372 356 321
f 338 348 322
f 348 363 322
f 363 337 322
f 416 432 323
f 432 333 323
f 433 417 324
f 334 447 324
f 447 433 324
f 429 422 325
f 331 429 325
f 417 423 326
f 423 332 326
f 373 413 327
f 413 384 327
f 442 489 328
f 489 379 328
f 431 385 329
f 387 431 329
f 445 368 330
f 405 445 330
f 434 429 331
f 339 434 331
f 423 430 332
f 430 340 332
f 446 343 333
f 432 446 333
f 344 457 334
f 457 447 334
f 362 408 335
f 408 395 335
f 419 360 336
f 374 419 336
f 363 398 337
f 398 373 337
f 367 349 338
f 349 347 338
f 347 348 338
f 359 367 338
f 440 434 339
f 345 440 339
f 430 435 340
f 435 346 340
f 350 370 341
f 370 394 341
f 394 362 341
f 396 402 342
f 402 359 342
f 456 354 343
f 446 456 343
f 355 465 344
f 465 457 344
f 351 452 345
f 452 440 345
f 441 352 346
f 435 441 346
f 353 348 347
f 493 353 347
f 492 493 347
f 349 492 347
f 353 366 348
f 366 383 348
f 383 363 348
f 504 492 349
f 367 504 349
f 360 386 350
f 386 380 350
f 380 370 350
f 357 460 351
f 460 452 351
f 453 358 352
f 441 453 352
f 511 366 353
f 493 511 353
f 464 364 354
f 456 464 354
f 365 477 355
f 477 465 355
f 372 400 356
f 400 393 356
f 556 460 357
f 420 556 357
f 453 461 358
f 369 367 359
f 402 407 359
f 407 369 359
f 419 386 360
f 401 372 361
f 418 401 361
f 385 418 361
f 394 437 362
f 437 408 362
f 383 414 363
f 414 398 363
f 476 381 364
f 464 476 364
f 382 487 365
f 487 477 365
f 388 383 366
f 516 388 366
f 511 516 366
f 512 504 367
f 369 512 367
f 469 396 368
f 445 469 368
f 539 512 369
f 407 539 369
f 380 397 370
f 397 409 370
f 409 394 370
f 480 459 371
f 395 480 371
f 401 406 372
f 406 400 372
f 398 467 373
f 467 413 373
f 403 419 374
f 573 475 375
f 424 573 375
f 377 424 375
f 494 425 376
f 412 494 376
f 427 378 376
f 425 427 376
f 459 426 377
f 426 424 377
f 517 478 378
f 427 517 378
f 489 526 379
f 526 405 379
f 386 404 380
f 404 399 380
f 399 397 380
f 486 389 381
f 476 486 381
f 390 502 382
f 502 487 382
f 388 438 383
f 438 414 383
f 413 518 384
f 518 420 384
f 485 418 385
f 431 485 385
f 419 458 386
f 458 404 386
f 525 431 387
f 475 525 387
f 410 438 388
f 558 410 388
f 516 558 388
f 501 1573 389
f 486 501 389
f 479 412 393
f 400 479 393
f 409 474 394
f 474 437 394
f 408 509 395
f 509 480 395
f 488 402 396
f 469 488 396
f 399 415 397
f 415 450 397
f 450 409 397
f 414 503 398
f 503 467 398
f 404 436 399
f 436 428 399
f 428 415 399
f 406 455 400
f 455 479 400
f 439 406 401
f 468 439 401
f 418 468 401
f 488 496 402
f 496 411 402
f 411 407 402
f 538 419 403
f 478 538 403
f 458 482 404
f 482 436 404
f 547 445 405
f 526 547 405
f 439 454 406
f 454 455 406
f 560 539 407
f 411 560 407
f 437 533 408
f 533 509 408
f 450 510 409
f 510 474 409
f 451 438 410
f 559 451 410
f 558 559 410
f 579 560 411
f 496 579 411
f 479 494 412
f 467 548 413
f 548 518 413
f 438 521 414
f 521 503 414
f 815 450 415
f 824 815 415
f 428 824 415
f 443 432 416
f 448 443 416
f 422 448 416
f 433 444 417
f 444 423 417
f 520 468 418
f 485 520 418
f 538 458 419
f 518 556 420
f 595 557 421
f 557 442 421
f 429 471 422
f 471 463 422
f 463 448 422
f 444 449 423
f 449 462 423
f 462 466 423
f 466 430 423
f 599 573 424
f 527 599 424
f 426 527 424
f 534 528 425
f 494 534 425
f 530 427 425
f 528 530 425
f 562 529 426
f 459 562 426
f 529 527 426
f 606 517 427
f 530 606 427
f 473 824 428
f 436 473 428
f 434 495 429
f 495 484 429
f 484 471 429
f 483 435 430
f 466 470 430
f 470 483 430
f 561 485 431
f 525 561 431
f 443 446 432
f 449 444 433
f 447 449 433
f 507 505 434
f 505 495 434
f 440 507 434
f 483 506 435
f 506 508 435
f 508 441 435
f 482 515 436
f 515 473 436
f 474 549 437
f 549 533 437
f 540 521 438
f 451 540 438
f 472 454 439
f 497 472 439
f 468 497 439
f 522 507 440
f 536 522 440
f 452 536 440
f 514 523 441
f 508 514 441
f 523 453 441
f 557 489 442
f 448 446 443
f 564 469 445
f 547 564 445
f 448 463 446
f 463 471 446
f 471 456 446
f 462 449 447
f 466 462 447
f 457 483 447
f 483 470 447
f 470 466 447
f 823 510 450
f 815 823 450
f 531 540 451
f 603 531 451
f 559 603 451
f 543 536 452
f 545 543 452
f 460 545 452
f 523 535 453
f 535 542 453
f 542 553 453
f 553 461 453
f 472 481 454
f 491 455 454
f 481 491 454
f 491 524 455
f 524 479 455
f 505 464 456
f 495 505 456
f 471 484 456
f 484 495 456
f 465 508 457
f 508 506 457
f 506 483 457
f 538 551 458
f 551 482 458
f 578 562 459
f 480 578 459
f 556 552 460
f 552 545 460
f 505 507 464
f 507 522 464
f 522 536 464
f 536 476 464
f 535 523 465
f 523 514 465
f 514 508 465
f 542 535 465
f 477 542 465
f 503 572 467
f 572 548 467
f 546 497 468
f 520 546 468
f 576 488 469
f 564 576 469
f 490 481 472
f 513 490 472
f 497 513 472
f 835 824 473
f 541 835 473
f 515 541 473
f 510 571 474
f 571 549 474
f 601 525 475
f 573 601 475
f 574 486 476
f 545 552 476
f 552 554 476
f 554 574 476
f 536 543 476
f 543 545 476
f 553 542 477
f 487 553 477
f 517 538 478
f 524 563 479
f 563 494 479
f 509 584 480
f 584 578 480
f 490 498 481
f 519 491 481
f 498 519 481
f 551 570 482
f 570 515 482
f 581 520 485
f 561 581 485
f 574 591 486
f 591 501 486
f 575 553 487
f 502 575 487
f 576 580 488
f 580 532 488
f 532 496 488
f 593 613 489
f 557 593 489
f 613 526 489
f 513 511 490
f 511 493 490
f 493 492 490
f 492 498 490
f 519 550 491
f 550 524 491
f 504 498 492
f 563 534 494
f 610 579 496
f 532 610 496
f 555 513 497
f 546 555 497
f 504 512 498
f 537 519 498
f 512 537 498
f 591 596 501
f 596 1573 501
f 595 592 502
f 592 575 502
f 521 586 503
f 586 572 503
f 533 605 509
f 605 584 509
f 834 571 510
f 823 834 510
f 513 516 511
f 539 537 512
f 555 558 513
f 558 516 513
f 570 582 515
f 582 541 515
f 606 538 517
f 548 598 518
f 598 556 518
f 537 569 519
f 569 550 519
f 587 546 520
f 581 587 520
f 604 586 521
f 540 604 521
f 550 583 524
f 583 563 524
f 621 561 525
f 601 621 525
f 613 625 526
f 625 547 526
f 639 599 527
f 565 639 527
f 529 565 527
f 612 566 528
f 534 612 528
f 568 530 528
f 566 568 528
f 585 567 529
f 562 585 529
f 567 565 529
f 568 606 530
f 544 540 531
f 609 544 531
f 603 609 531
f 624 610 532
f 580 624 532
f 549 617 533
f 617 605 533
f 563 612 534
f 539 577 537
f 577 569 537
f 606 616 538
f 616 551 538
f 560 577 539
f 608 604 540
f 544 608 540
f 858 835 541
f 600 858 541
f 582 600 541
f 611 608 544
f 609 644 544
f 644 611 544
f 602 555 546
f 587 602 546
f 632 564 547
f 625 632 547
f 572 627 548
f 627 598 548
f 571 626 549
f 626 617 549
f 569 607 550
f 607 583 550
f 616 623 551
f 623 570 551
f 556 554 552
f 556 574 554
f 602 603 555
f 603 559 555
f 559 558 555
f 598 596 556
f 596 591 556
f 591 574 556
f 628 593 557
f 595 628 557
f 579 577 560
f 630 581 561
f 621 630 561
f 578 585 562
f 583 629 563
f 629 612 563
f 634 576 564
f 632 634 564
f 667 639 565
f 647 667 565
f 567 647 565
f 670 648 566
f 612 670 566
f 648 568 566
f 618 647 567
f 635 618 567
f 585 635 567
f 648 619 568
f 619 606 568
f 577 620 569
f 620 607 569
f 623 631 570
f 631 582 570
f 857 626 571
f 834 857 571
f 586 640 572
f 640 627 572
f 599 601 573
f 615 580 576
f 634 615 576
f 579 622 577
f 622 620 577
f 643 635 578
f 635 585 578
f 584 646 578
f 646 643 578
f 610 622 579
f 656 624 580
f 615 656 580
f 636 587 581
f 630 636 581
f 631 638 582
f 638 600 582
f 607 641 583
f 641 629 583
f 605 657 584
f 657 646 584
f 651 640 586
f 604 651 586
f 642 602 587
f 636 642 587
f 628 613 593
f 598 719 596
f 722 652 595
f 652 628 595
f 719 1573 596
f 627 719 598
f 654 601 599
f 639 654 599
f 874 858 600
f 645 874 600
f 638 645 600
f 668 621 601
f 654 668 601
f 642 644 602
f 644 609 602
f 609 603 602
f 658 651 604
f 608 658 604
f 617 664 605
f 664 657 605
f 619 666 606
f 666 616 606
f 620 653 607
f 653 641 607
f 611 614 608
f 614 660 608
f 660 658 608
f 624 622 610
f 644 614 611
f 629 670 612
f 672 678 613
f 628 652 613
f 652 672 613
f 678 625 613
f 663 660 614
f 655 663 614
f 644 655 614
f 634 637 615
f 665 656 615
f 637 665 615
f 666 671 616
f 671 623 616
f 626 673 617
f 673 664 617
f 689 647 618
f 725 689 618
f 649 725 618
f 635 649 618
f 690 726 619
f 726 650 619
f 648 690 619
f 650 666 619
f 622 659 620
f 659 653 620
f 676 630 621
f 668 676 621
f 624 662 622
f 662 659 622
f 671 677 623
f 677 631 623
f 656 662 624
f 678 682 625
f 682 632 625
f 873 673 626
f 857 873 626
f 640 633 627
f 633 719 627
f 641 679 629
f 679 670 629
f 680 636 630
f 676 680 630
f 677 681 631
f 681 638 631
f 686 634 632
f 682 686 632
f 640 669 633
f 669 719 633
f 675 637 634
f 686 675 634
f 661 649 635
f 643 661 635
f 683 642 636
f 680 683 636
f 706 665 637
f 675 706 637
f 681 691 638
f 691 645 638
f 667 654 639
f 685 669 640
f 651 685 640
f 653 693 641
f 693 679 641
f 684 655 642
f 655 644 642
f 683 684 642
f 699 694 643
f 694 661 643
f 646 702 643
f 702 699 643
f 908 874 645
f 695 908 645
f 691 695 645
f 657 710 646
f 710 702 646
f 698 667 647
f 689 698 647
f 670 690 648
f 688 725 649
f 661 688 649
f 726 687 650
f 687 666 650
f 704 685 651
f 658 704 651
f 697 672 652
f 722 697 652
f 659 700 653
f 700 693 653
f 715 668 654
f 708 715 654
f 667 708 654
f 684 663 655
f 665 662 656
f 664 713 657
f 713 710 657
f 660 711 658
f 711 704 658
f 662 703 659
f 703 700 659
f 663 674 660
f 674 712 660
f 712 711 660
f 694 688 661
f 707 703 662
f 665 707 662
f 684 674 663
f 673 716 664
f 716 713 664
f 706 707 665
f 687 717 666
f 717 671 666
f 698 708 667
f 718 676 668
f 715 718 668
f 685 719 669
f 679 729 670
f 726 690 670
f 729 726 670
f 717 730 671
f 730 677 671
f 697 678 672
f 907 716 673
f 873 907 673
f 714 712 674
f 705 714 674
f 684 705 674
f 686 692 675
f 692 756 675
f 709 706 675
f 756 709 675
f 732 680 676
f 718 732 676
f 730 736 677
f 736 681 677
f 697 738 678
f 738 743 678
f 743 682 678
f 693 739 679
f 739 729 679
f 735 683 680
f 732 735 680
f 736 740 681
f 740 691 681
f 743 744 682
f 744 686 682
f 705 684 683
f 737 705 683
f 735 737 683
f 704 696 685
f 696 719 685
f 742 692 686
f 744 742 686
f 726 728 687
f 728 717 687
f 727 725 688
f 694 727 688
f 734 698 689
f 725 734 689
f 740 745 691
f 745 695 691
f 765 756 692
f 742 765 692
f 700 747 693
f 747 739 693
f 731 727 694
f 699 731 694
f 949 908 695
f 748 949 695
f 745 748 695
f 704 701 696
f 701 719 696
f 724 738 697
f 722 724 697
f 768 708 698
f 734 768 698
f 757 731 699
f 702 766 699
f 766 757 699
f 703 749 700
f 749 747 700
f 704 723 701
f 723 719 701
f 710 769 702
f 769 766 702
f 753 749 703
f 707 753 703
f 750 723 704
f 711 767 704
f 767 750 704
f 737 714 705
f 709 707 706
f 754 753 707
f 709 754 707
f 774 715 708
f 768 774 708
f 756 754 709
f 713 772 710
f 772 769 710
f 712 770 711
f 770 767 711
f 714 741 712
f 741 771 712
f 771 770 712
f 716 775 713
f 775 772 713
f 737 741 714
f 776 718 715
f 774 776 715
f 907 948 716
f 948 775 716
f 728 781 717
f 781 730 717
f 778 732 718
f 776 778 718
f 750 758 719
f 758 763 719
f 763 787 719
f 787 840 719
f 723 750 719
f 809 783 722
f 783 777 722
f 777 751 722
f 751 733 722
f 733 724 722
f 844 809 722
f 841 844 722
f 840 1573 719
f 1573 841 722
f 733 738 724
f 755 734 725
f 759 755 725
f 813 759 725
f 727 762 725
f 762 791 725
f 791 813 725
f 729 760 726
f 761 728 726
f 760 818 726
f 818 792 726
f 792 761 726
f 731 762 727
f 761 781 728
f 739 782 729
f 782 760 729
f 781 784 730
f 784 736 730
f 752 762 731
f 757 752 731
f 779 735 732
f 778 779 732
f 751 738 733
f 755 768 734
f 764 737 735
f 779 764 735
f 784 786 736
f 786 740 736
f 764 741 737
f 795 743 738
f 788 795 738
f 751 788 738
f 747 793 739
f 793 782 739
f 786 794 740
f 794 745 740
f 773 771 741
f 764 773 741
f 744 746 742
f 746 765 742
f 795 797 743
f 797 744 743
f 797 798 744
f 798 746 744
f 794 796 745
f 796 748 745
f 808 765 746
f 798 808 746
f 749 800 747
f 800 793 747
f 996 949 748
f 802 996 748
f 796 802 748
f 803 800 749
f 753 803 749
f 767 758 750
f 785 788 751
f 777 785 751
f 791 762 752
f 799 791 752
f 757 799 752
f 806 803 753
f 754 806 753
f 756 765 754
f 807 806 754
f 765 807 754
f 829 768 755
f 801 829 755
f 759 801 755
f 819 799 757
f 766 827 757
f 827 819 757
f 767 763 758
f 789 801 759
f 813 789 759
f 782 790 760
f 790 818 760
f 792 781 761
f 767 828 763
f 828 820 763
f 820 787 763
f 779 780 764
f 780 773 764
f 808 807 765
f 769 830 766
f 830 827 766
f 770 828 767
f 839 774 768
f 829 839 768
f 772 836 769
f 836 830 769
f 771 831 770
f 831 828 770
f 773 837 771
f 837 831 771
f 775 845 772
f 845 836 772
f 804 837 773
f 780 804 773
f 851 776 774
f 839 851 774
f 948 845 775
f 852 778 776
f 851 852 776
f 783 785 777
f 853 779 778
f 852 853 778
f 825 780 779
f 853 825 779
f 825 804 780
f 792 875 781
f 875 784 781
f 793 876 782
f 876 862 782
f 862 790 782
f 809 878 783
f 878 785 783
f 875 877 784
f 877 786 784
f 883 788 785
f 878 883 785
f 877 881 786
f 881 794 786
f 820 810 787
f 810 811 787
f 811 840 787
f 888 795 788
f 883 888 788
f 817 801 789
f 861 817 789
f 813 863 789
f 863 861 789
f 862 864 790
f 864 818 790
f 799 813 791
f 818 875 792
f 800 884 793
f 884 876 793
f 881 885 794
f 885 796 794
f 890 797 795
f 888 890 795
f 885 889 796
f 889 802 796
f 890 891 797
f 891 805 797
f 805 798 797
f 826 808 798
f 805 826 798
f 812 813 799
f 819 812 799
f 892 884 800
f 803 892 800
f 817 829 801
f 1056 996 802
f 895 1056 802
f 889 895 802
f 896 892 803
f 806 896 803
f 838 837 804
f 825 838 804
f 900 826 805
f 891 900 805
f 898 896 806
f 807 898 806
f 808 826 807
f 899 898 807
f 826 899 807
f 870 878 809
f 844 870 809
f 820 936 810
f 936 865 810
f 865 811 810
f 865 840 811
f 863 813 812
f 939 863 812
f 945 939 812
f 819 945 812
f 821 823 814
f 823 815 814
f 815 822 814
f 1139 821 814
f 822 1139 814
f 824 822 815
f 957 829 817
f 944 957 817
f 861 944 817
f 864 875 818
f 827 955 819
f 955 945 819
f 950 936 820
f 828 950 820
f 832 834 821
f 834 823 821
f 1139 832 821
f 824 833 822
f 833 1139 822
f 835 833 824
f 853 854 825
f 854 838 825
f 900 899 826
f 830 960 827
f 960 955 827
f 831 956 828
f 956 950 828
f 975 839 829
f 957 975 829
f 836 970 830
f 970 960 830
f 837 965 831
f 965 956 831
f 855 857 832
f 857 834 832
f 1139 855 832
f 835 856 833
f 856 1139 833
f 858 856 835
f 845 982 836
f 982 970 836
f 971 965 837
f 838 971 837
f 924 971 838
f 854 924 838
f 983 851 839
f 975 983 839
f 865 934 840
f 934 1003 840
f 1003 847 840
f 866 844 841
f 850 866 841
f 847 1573 840
f 1573 1460 841
f 979 850 841
f 1460 979 841
f 866 870 844
f 995 982 845
f 948 995 845
f 1003 859 847
f 978 1573 847
f 860 866 850
f 859 978 847
f 977 860 850
f 979 977 850
f 984 852 851
f 983 984 851
f 985 853 852
f 984 985 852
f 951 854 853
f 985 951 853
f 951 924 854
f 871 873 855
f 873 857 855
f 1139 871 855
f 858 872 856
f 872 1139 856
f 874 872 858
f 1003 868 859
f 868 976 859
f 976 978 859
f 867 866 860
f 977 973 860
f 973 867 860
f 910 944 861
f 863 910 861
f 876 911 862
f 913 864 862
f 911 913 862
f 939 912 863
f 912 910 863
f 916 875 864
f 913 916 864
f 936 931 865
f 931 934 865
f 1010 1012 866
f 1012 870 866
f 935 1010 866
f 867 869 866
f 869 918 866
f 918 988 866
f 988 935 866
f 973 869 867
f 1003 917 868
f 882 972 868
f 972 976 868
f 922 882 868
f 917 922 868
f 879 918 869
f 973 879 869
f 1012 1016 870
f 1016 878 870
f 905 907 871
f 907 873 871
f 1139 905 871
f 874 906 872
f 906 1139 872
f 908 906 874
f 916 877 875
f 884 921 876
f 921 911 876
f 916 1015 877
f 1015 881 877
f 1020 883 878
f 1016 1020 878
f 880 923 879
f 923 918 879
f 973 880 879
f 886 923 880
f 973 886 880
f 1015 1017 881
f 1017 885 881
f 887 968 882
f 968 972 882
f 922 887 882
f 1023 888 883
f 1020 1023 883
f 1021 1014 884
f 892 1021 884
f 1014 921 884
f 1017 1022 885
f 1022 889 885
f 894 930 886
f 930 923 886
f 969 894 886
f 973 969 886
f 893 968 887
f 922 893 887
f 1025 890 888
f 1023 1025 888
f 1022 1024 889
f 1024 895 889
f 1025 1026 890
f 1026 925 890
f 925 891 890
f 952 900 891
f 925 952 891
f 1027 1021 892
f 896 1027 892
f 897 968 893
f 929 897 893
f 922 929 893
f 902 930 894
f 969 902 894
f 1131 1056 895
f 1028 1131 895
f 1024 1028 895
f 1029 1027 896
f 898 1029 896
f 901 968 897
f 929 901 897
f 1030 1029 898
f 899 1030 898
f 900 952 899
f 1033 1030 899
f 952 1033 899
f 963 968 901
f 903 963 901
f 932 903 901
f 929 932 901
f 904 933 902
f 933 930 902
f 969 904 902
f 915 963 903
f 932 915 903
f 909 933 904
f 969 964 904
f 964 909 904
f 946 948 905
f 948 907 905
f 1139 946 905
f 908 947 906
f 947 1139 906
f 949 947 908
f 938 933 909
f 914 938 909
f 964 914 909
f 1004 944 910
f 912 1004 910
f 921 1005 911
f 1007 913 911
f 1005 1007 911
f 939 1006 912
f 1006 1004 912
f 1013 916 913
f 1007 1013 913
f 919 938 914
f 964 919 914
f 961 963 915
f 920 961 915
f 932 937 915
f 937 920 915
f 1013 1015 916
f 1003 987 917
f 987 922 917
f 990 988 918
f 923 990 918
f 954 938 919
f 927 954 919
f 962 927 919
f 964 962 919
f 926 961 920
f 937 926 920
f 1014 1005 921
f 987 989 922
f 989 929 922
f 992 990 923
f 930 992 923
f 974 971 924
f 951 974 924
f 1034 952 925
f 1026 1034 925
f 928 961 926
f 953 928 926
f 937 953 926
f 941 954 927
f 962 941 927
f 940 961 928
f 953 940 928
f 989 991 929
f 991 932 929
f 933 998 930
f 998 992 930
f 936 1011 931
f 1011 1003 931
f 1003 934 931
f 997 937 932
f 991 997 932
f 938 1000 933
f 1000 998 933
f 1019 1010 935
f 988 1019 935
f 1133 1011 936
f 950 1133 936
f 999 953 937
f 997 999 937
f 954 1002 938
f 1002 1000 938
f 1149 1006 939
f 1150 1149 939
f 945 1150 939
f 942 958 940
f 958 961 940
f 953 942 940
f 943 967 941
f 967 954 941
f 962 943 941
f 966 958 942
f 953 966 942
f 959 967 943
f 962 959 943
f 1145 957 944
f 1165 1145 944
f 1004 1165 944
f 955 1151 945
f 1151 1150 945
f 993 995 946
f 995 948 946
f 1139 993 946
f 949 994 947
f 994 1139 947
f 996 994 949
f 956 1134 950
f 1134 1133 950
f 985 986 951
f 986 974 951
f 1034 1033 952
f 1001 966 953
f 999 1001 953
f 967 1009 954
f 1009 1002 954
f 960 1152 955
f 1152 1151 955
f 965 1135 956
f 1135 1134 956
f 1144 975 957
f 1145 1144 957
f 966 1172 958
f 1172 961 958
f 1129 967 959
f 962 1121 959
f 1121 1129 959
f 970 1153 960
f 1153 1152 960
f 1179 963 961
f 1172 1179 961
f 964 1123 962
f 1123 1121 962
f 1178 968 963
f 1179 1178 963
f 969 1122 964
f 1122 1123 964
f 1136 1135 965
f 971 1136 965
f 1008 1172 966
f 1001 1008 966
f 1129 1009 967
f 1177 972 968
f 1178 1177 968
f 973 1127 969
f 1127 1122 969
f 982 1154 970
f 1154 1153 970
f 1137 1136 971
f 974 1137 971
f 1176 976 972
f 1177 1176 972
f 977 1126 973
f 1126 1127 973
f 1138 1137 974
f 986 1138 974
f 1143 983 975
f 1144 1143 975
f 1175 978 976
f 1176 1175 976
f 979 1128 977
f 1128 1126 977
f 1174 1573 978
f 1323 1128 979
f 1460 1323 979
f 1175 1174 978
f 1055 1154 982
f 995 1055 982
f 1142 984 983
f 1143 1142 983
f 1141 985 984
f 1142 1141 984
f 1140 986 985
f 1141 1140 985
f 1140 1138 986
f 1035 1037 987
f 1031 1035 987
f 1003 1018 987
f 1018 1031 987
f 1037 989 987
f 1038 1040 988
f 1040 1036 988
f 1036 1032 988
f 1032 1019 988
f 1044 1038 988
f 990 1044 988
f 1037 1043 989
f 1043 991 989
f 1050 1044 990
f 992 1050 990
f 1051 1061 991
f 1049 1051 991
f 1043 1049 991
f 1061 997 991
f 998 1070 992
f 1070 1062 992
f 1052 1050 992
f 1062 1052 992
f 1053 1055 993
f 1055 995 993
f 1139 1053 993
f 996 1054 994
f 1054 1139 994
f 1056 1054 996
f 1061 1069 997
f 1073 999 997
f 1071 1073 997
f 1069 1071 997
f 1072 1070 998
f 1000 1088 998
f 1088 1074 998
f 1074 1072 998
f 1087 1001 999
f 1073 1087 999
f 1002 1102 1000
f 1102 1088 1000
f 1101 1008 1001
f 1087 1101 1001
f 1009 1120 1002
f 1120 1102 1002
f 1011 1018 1003
f 1170 1165 1004
f 1006 1170 1004
f 1014 1162 1005
f 1168 1007 1005
f 1162 1168 1005
f 1149 1148 1006
f 1148 1170 1006
f 1161 1013 1007
f 1168 1161 1007
f 1119 1181 1008
f 1181 1172 1008
f 1101 1119 1008
f 1129 1120 1009
f 1291 1289 1010
f 1289 1012 1010
f 1019 1291 1010
f 1133 1132 1011
f 1132 1018 1011
f 1289 1285 1012
f 1285 1016 1012
f 1286 1015 1013
f 1161 1286 1013
f 1021 1157 1014
f 1157 1162 1014
f 1286 1017 1015
f 1285 1281 1016
f 1281 1020 1016
f 1286 1284 1017
f 1284 1022 1017
f 1132 1290 1018
f 1298 1282 1018
f 1290 1298 1018
f 1282 1031 1018
f 1283 1291 1019
f 1032 1283 1019
f 1278 1023 1020
f 1281 1278 1020
f 1027 1280 1021
f 1280 1287 1021
f 1287 1157 1021
f 1284 1279 1022
f 1279 1024 1022
f 1276 1025 1023
f 1278 1276 1023
f 1279 1277 1024
f 1277 1028 1024
f 1169 1026 1025
f 1276 1169 1025
f 1163 1034 1026
f 1169 1163 1026
f 1029 1274 1027
f 1274 1280 1027
f 1273 1131 1028
f 1277 1273 1028
f 1030 1272 1029
f 1272 1274 1029
f 1033 1271 1030
f 1271 1272 1030
f 1269 1035 1031
f 1282 1269 1031
f 1036 1266 1032
f 1266 1270 1032
f 1270 1283 1032
f 1034 1163 1033
f 1163 1268 1033
f 1268 1271 1033
f 1039 1037 1035
f 1265 1039 1035
f 1269 1265 1035
f 1040 1264 1036
f 1264 1266 1036
f 1041 1045 1037
f 1039 1041 1037
f 1045 1043 1037
f 1046 1048 1038
f 1048 1042 1038
f 1042 1040 1038
f 1044 1046 1038
f 1263 1041 1039
f 1265 1263 1039
f 1042 1260 1040
f 1260 1264 1040
f 1263 1259 1041
f 1259 1253 1041
f 1253 1243 1041
f 1243 1047 1041
f 1047 1045 1041
f 1048 1260 1042
f 1045 1049 1043
f 1050 1046 1044
f 1047 1057 1045
f 1057 1060 1045
f 1060 1063 1045
f 1051 1049 1045
f 1063 1051 1045
f 1058 1048 1046
f 1064 1065 1046
f 1065 1059 1046
f 1059 1058 1046
f 1052 1064 1046
f 1050 1052 1046
f 1243 1057 1047
f 1058 1260 1048
f 1063 1067 1051
f 1067 1061 1051
f 1062 1068 1052
f 1068 1064 1052
f 1158 1159 1053
f 1159 1055 1053
f 1139 1158 1053
f 1056 1130 1054
f 1130 1139 1054
f 1159 1154 1055
f 1131 1130 1056
f 1243 1060 1057
f 1059 1241 1058
f 1241 1244 1058
f 1254 1260 1058
f 1244 1254 1058
f 1065 1241 1059
f 1243 1242 1060
f 1242 1236 1060
f 1236 1225 1060
f 1225 1066 1060
f 1066 1063 1060
f 1067 1069 1061
f 1070 1068 1062
f 1078 1079 1063
f 1075 1078 1063
f 1066 1075 1063
f 1079 1067 1063
f 1080 1081 1064
f 1081 1077 1064
f 1077 1076 1064
f 1076 1065 1064
f 1068 1084 1064
f 1084 1080 1064
f 1076 1241 1065
f 1225 1075 1066
f 1071 1069 1067
f 1079 1083 1067
f 1083 1071 1067
f 1070 1084 1068
f 1072 1084 1070
f 1083 1085 1071
f 1085 1073 1071
f 1086 1084 1072
f 1074 1086 1072
f 1085 1087 1073
f 1088 1086 1074
f 1225 1078 1075
f 1223 1226 1076
f 1235 1241 1076
f 1226 1235 1076
f 1077 1223 1076
f 1081 1223 1077
f 1225 1224 1078
f 1224 1220 1078
f 1220 1212 1078
f 1212 1082 1078
f 1082 1079 1078
f 1091 1092 1079
f 1082 1091 1079
f 1092 1083 1079
f 1093 1090 1080
f 1090 1089 1080
f 1089 1081 1080
f 1084 1095 1080
f 1095 1093 1080
f 1089 1223 1081
f 1212 1091 1082
f 1092 1094 1083
f 1094 1085 1083
f 1086 1097 1084
f 1097 1095 1084
f 1094 1096 1085
f 1096 1087 1085
f 1088 1097 1086
f 1096 1098 1087
f 1098 1101 1087
f 1102 1099 1088
f 1099 1097 1088
f 1090 1210 1089
f 1210 1219 1089
f 1219 1223 1089
f 1104 1198 1090
f 1198 1201 1090
f 1201 1210 1090
f 1093 1104 1090
f 1211 1100 1091
f 1212 1211 1091
f 1100 1092 1091
f 1103 1105 1092
f 1100 1103 1092
f 1105 1111 1092
f 1111 1094 1092
f 1106 1108 1093
f 1108 1104 1093
f 1095 1112 1093
f 1112 1106 1093
f 1113 1096 1094
f 1111 1113 1094
f 1097 1112 1095
f 1117 1098 1096
f 1113 1117 1096
f 1118 1114 1097
f 1114 1112 1097
f 1099 1118 1097
f 1117 1101 1098
f 1102 1120 1099
f 1120 1118 1099
f 1211 1103 1100
f 1117 1119 1101
f 1197 1107 1103
f 1211 1197 1103
f 1107 1105 1103
f 1108 1196 1104
f 1196 1198 1104
f 1107 1195 1105
f 1195 1193 1105
f 1193 1111 1105
f 1194 1108 1106
f 1112 1190 1106
f 1190 1194 1106
f 1197 1195 1107
f 1194 1196 1108
f 1193 1189 1111
f 1189 1113 1111
f 1114 1188 1112
f 1188 1190 1112
f 1187 1117 1113
f 1189 1187 1113
f 1118 1184 1114
f 1184 1188 1114
f 1187 1183 1117
f 1183 1119 1117
f 1120 1182 1118
f 1182 1184 1118
f 1183 1181 1119
f 1129 1182 1120
f 1123 1338 1121
f 1338 1340 1121
f 1340 1129 1121
f 1127 1329 1122
f 1329 1333 1122
f 1333 1123 1122
f 1333 1338 1123
f 1340 1343 1129
f 1323 1126 1128
f 1323 1325 1126
f 1325 1127 1126
f 1325 1329 1127
f 1293 1182 1129
f 1335 1293 1129
f 1343 1335 1129
f 1131 1246 1130
f 1246 1139 1130
f 1248 1246 1131
f 1133 1290 1132
f 1370 1290 1133
f 1365 1370 1133
f 1134 1365 1133
f 1351 1365 1134
f 1135 1351 1134
f 1345 1351 1135
f 1136 1345 1135
f 1336 1345 1136
f 1137 1336 1136
f 1330 1336 1137
f 1138 1330 1137
f 1327 1330 1138
f 1140 1327 1138
f 1305 1245 1139
f 1245 1158 1139
f 1427 1393 1139
f 1393 1352 1139
f 1352 1305 1139
f 1477 1466 1139
f 1466 1443 1139
f 1443 1427 1139
f 1467 1478 1139
f 1478 1485 1139
f 1485 1477 1139
f 1394 1428 1139
f 1428 1444 1139
f 1444 1467 1139
f 1246 1306 1139
f 1306 1353 1139
f 1353 1394 1139
f 1141 1315 1140
f 1315 1327 1140
f 1316 1315 1141
f 1142 1316 1141
f 1317 1316 1142
f 1143 1317 1142
f 1318 1317 1143
f 1144 1318 1143
f 1326 1318 1144
f 1145 1326 1144
f 1344 1326 1145
f 1165 1344 1145
f 1357 1344 1165
f 1157 1295 1162
f 1149 1296 1148
f 1296 1294 1148
f 1294 1170 1148
f 1362 1390 1149
f 1390 1296 1149
f 1356 1362 1149
f 1150 1356 1149
f 1346 1356 1150
f 1151 1346 1150
f 1341 1346 1151
f 1152 1341 1151
f 1331 1341 1152
f 1153 1331 1152
f 1319 1331 1153
f 1154 1319 1153
f 1159 1319 1154
f 1247 1319 1159
f 1273 1248 1131
f 1287 1295 1157
f 1245 1247 1158
f 1247 1159 1158
f 1267 1268 1163
f 1288 1286 1161
f 1297 1168 1162
f 1295 1297 1162
f 1169 1267 1163
f 1275 1267 1169
f 1170 1294 1165
f 1294 1357 1165
f 1168 1288 1161
f 1297 1288 1168
f 1276 1275 1169
f 1181 1292 1172
f 1292 1334 1172
f 1334 1342 1172
f 1320 1573 1174
f 1324 1320 1174
f 1175 1324 1174
f 1328 1324 1175
f 1176 1328 1175
f 1332 1328 1176
f 1177 1332 1176
f 1337 1332 1177
f 1178 1337 1177
f 1339 1337 1178
f 1179 1339 1178
f 1342 1339 1179
f 1172 1342 1179
f 1202 1199 1181
f 1183 1202 1181
f 1299 1292 1181
f 1199 1299 1181
f 1293 1200 1182
f 1200 1184 1182
f 1200 1203 1184
f 1187 1204 1183
f 1204 1202 1183
f 1203 1205 1184
f 1205 1188 1184
f 1189 1204 1187
f 1205 1207 1188
f 1207 1190 1188
f 1206 1204 1189
f 1208 1206 1189
f 1193 1208 1189
f 1209 1194 1190
f 1207 1209 1190
f 1195 1208 1193
f 1198 1196 1194
f 1209 1198 1194
f 1197 1208 1195
f 1211 1208 1197
f 1209 1201 1198
f 1202 1213 1199
f 1301 1299 1199
f 1213 1301 1199
f 1293 1300 1200
f 1300 1214 1200
f 1214 1203 1200
f 1209 1210 1201
f 1204 1213 1202
f 1214 1205 1203
f 1217 1215 1204
f 1206 1217 1204
f 1215 1213 1204
f 1216 1207 1205
f 1214 1216 1205
f 1221 1217 1206
f 1208 1221 1206
f 1218 1209 1207
f 1216 1218 1207
f 1211 1221 1208
f 1222 1210 1209
f 1218 1222 1209
f 1222 1219 1210
f 1212 1221 1211
f 1220 1221 1212
f 1215 1227 1213
f 1303 1301 1213
f 1227 1303 1213
f 1300 1302 1214
f 1302 1228 1214
f 1228 1216 1214
f 1217 1229 1215
f 1229 1227 1215
f 1230 1218 1216
f 1228 1230 1216
f 1231 1229 1217
f 1233 1231 1217
f 1237 1233 1217
f 1221 1237 1217
f 1234 1222 1218
f 1230 1234 1218
f 1222 1223 1219
f 1237 1221 1220
f 1224 1237 1220
f 1238 1223 1222
f 1234 1238 1222
f 1238 1226 1223
f 1225 1237 1224
f 1236 1237 1225
f 1238 1235 1226
f 1229 1303 1227
f 1302 1304 1228
f 1304 1230 1228
f 1231 1303 1229
f 1304 1232 1230
f 1232 1234 1230
f 1233 1239 1231
f 1309 1303 1231
f 1239 1309 1231
f 1304 1240 1232
f 1240 1234 1232
f 1249 1239 1233
f 1237 1249 1233
f 1250 1238 1234
f 1240 1250 1234
f 1238 1241 1235
f 1255 1237 1236
f 1242 1255 1236
f 1255 1249 1237
f 1256 1241 1238
f 1250 1256 1238
f 1249 1309 1239
f 1310 1250 1240
f 1304 1310 1240
f 1256 1244 1241
f 1243 1255 1242
f 1253 1255 1243
f 1256 1254 1244
f 1305 1307 1245
f 1307 1247 1245
f 1248 1306 1246
f 1307 1456 1247
f 1456 1319 1247
f 1273 1406 1248
f 1406 1308 1248
f 1308 1306 1248
f 1255 1251 1249
f 1251 1309 1249
f 1310 1252 1250
f 1252 1256 1250
f 1255 1257 1251
f 1257 1311 1251
f 1311 1309 1251
f 1310 1258 1252
f 1258 1256 1252
f 1261 1255 1253
f 1259 1261 1253
f 1256 1260 1254
f 1261 1257 1255
f 1262 1260 1256
f 1258 1262 1256
f 1261 1313 1257
f 1313 1311 1257
f 1312 1262 1258
f 1310 1312 1258
f 1263 1261 1259
f 1262 1264 1260
f 1263 1313 1261
f 1266 1264 1262
f 1314 1266 1262
f 1312 1314 1262
f 1265 1313 1263
f 1269 1313 1265
f 1314 1270 1266
f 1350 1402 1267
f 1402 1268 1267
f 1275 1350 1267
f 1402 1403 1268
f 1403 1271 1268
f 1282 1313 1269
f 1314 1283 1270
f 1403 1405 1271
f 1405 1272 1271
f 1405 1409 1272
f 1409 1274 1272
f 1412 1406 1273
f 1277 1412 1273
f 1409 1417 1274
f 1417 1280 1274
f 1276 1377 1275
f 1377 1350 1275
f 1411 1377 1276
f 1278 1411 1276
f 1416 1412 1277
f 1279 1416 1277
f 1413 1411 1278
f 1281 1413 1278
f 1420 1416 1279
f 1284 1420 1279
f 1417 1380 1280
f 1380 1287 1280
f 1285 1418 1281
f 1418 1413 1281
f 1298 1313 1282
f 1366 1291 1283
f 1314 1366 1283
f 1424 1420 1284
f 1286 1424 1284
f 1289 1423 1285
f 1423 1418 1285
f 1288 1424 1286
f 1380 1389 1287
f 1389 1295 1287
f 1297 1385 1288
f 1385 1424 1288
f 1431 1423 1289
f 1291 1436 1289
f 1436 1431 1289
f 1367 1298 1290
f 1370 1367 1290
f 1366 1436 1291
f 1347 1334 1292
f 1299 1347 1292
f 1335 1300 1293
f 1388 1357 1294
f 1296 1388 1294
f 1391 1297 1295
f 1389 1391 1295
f 1390 1388 1296
f 1391 1385 1297
f 1441 1434 1298
f 1454 1441 1298
f 1434 1432 1298
f 1432 1383 1298
f 1383 1313 1298
f 1459 1454 1298
f 1367 1459 1298
f 1363 1347 1299
f 1301 1363 1299
f 1335 1348 1300
f 1348 1302 1300
f 1368 1363 1301
f 1303 1368 1301
f 1348 1364 1302
f 1364 1304 1302
f 1371 1368 1303
f 1309 1371 1303
f 1364 1369 1304
f 1369 1310 1304
f 1352 1354 1305
f 1354 1307 1305
f 1308 1353 1306
f 1354 1525 1307
f 1525 1456 1307
f 1406 1499 1308
f 1499 1355 1308
f 1355 1353 1308
f 1311 1378 1309
f 1378 1371 1309
f 1372 1312 1310
f 1369 1372 1310
f 1313 1383 1311
f 1383 1378 1311
f 1379 1314 1312
f 1372 1379 1312
f 1384 1436 1314
f 1436 1366 1314
f 1379 1384 1314
f 1316 1349 1315
f 1349 1376 1315
f 1376 1327 1315
f 1447 1349 1316
f 1448 1447 1316
f 1317 1448 1316
f 1449 1448 1317
f 1318 1449 1317
f 1450 1449 1318
f 1326 1450 1318
f 1456 1331 1319
f 1454 1459 1320
f 1459 1573 1320
f 1460 1451 1323
f 1324 1454 1320
f 1442 1325 1323
f 1451 1442 1323
f 1328 1441 1324
f 1441 1454 1324
f 1433 1329 1325
f 1442 1433 1325
f 1462 1450 1326
f 1344 1462 1326
f 1376 1330 1327
f 1422 1432 1328
f 1432 1434 1328
f 1434 1441 1328
f 1332 1415 1328
f 1415 1421 1328
f 1421 1422 1328
f 1419 1333 1329
f 1433 1419 1329
f 1470 1336 1330
f 1464 1470 1330
f 1376 1464 1330
f 1465 1341 1331
f 1456 1465 1331
f 1397 1399 1332
f 1337 1397 1332
f 1399 1407 1332
f 1407 1415 1332
f 1414 1408 1333
f 1408 1404 1333
f 1404 1400 1333
f 1400 1338 1333
f 1419 1414 1333
f 1358 1342 1334
f 1360 1358 1334
f 1347 1360 1334
f 1343 1359 1335
f 1359 1348 1335
f 1473 1345 1336
f 1470 1473 1336
f 1392 1397 1337
f 1339 1382 1337
f 1382 1387 1337
f 1387 1392 1337
f 1386 1340 1338
f 1400 1398 1338
f 1398 1386 1338
f 1342 1358 1339
f 1358 1360 1339
f 1360 1374 1339
f 1374 1382 1339
f 1361 1343 1340
f 1373 1361 1340
f 1375 1373 1340
f 1386 1381 1340
f 1381 1375 1340
f 1471 1346 1341
f 1465 1471 1341
f 1361 1359 1343
f 1472 1462 1344
f 1357 1472 1344
f 1481 1351 1345
f 1473 1481 1345
f 1474 1356 1346
f 1471 1474 1346
f 1363 1382 1347
f 1382 1374 1347
f 1374 1360 1347
f 1359 1361 1348
f 1361 1373 1348
f 1373 1375 1348
f 1375 1364 1348
f 1447 1463 1349
f 1463 1376 1349
f 1401 1402 1350
f 1377 1401 1350
f 1490 1365 1351
f 1481 1490 1351
f 1393 1395 1352
f 1395 1354 1352
f 1355 1394 1353
f 1395 1584 1354
f 1584 1525 1354
f 1499 1552 1355
f 1552 1396 1355
f 1396 1394 1355
f 1482 1362 1356
f 1474 1482 1356
f 1484 1472 1357
f 1388 1484 1357
f 1489 1488 1362
f 1488 1439 1362
f 1439 1390 1362
f 1482 1489 1362
f 1368 1392 1363
f 1392 1387 1363
f 1387 1382 1363
f 1386 1369 1364
f 1375 1381 1364
f 1381 1386 1364
f 1461 1370 1365
f 1490 1461 1365
f 1370 1435 1367
f 1435 1459 1367
f 1399 1397 1368
f 1397 1392 1368
f 1371 1399 1368
f 1386 1398 1369
f 1398 1400 1369
f 1400 1372 1369
f 1461 1435 1370
f 1407 1399 1371
f 1415 1407 1371
f 1378 1415 1371
f 1404 1408 1372
f 1400 1404 1372
f 1408 1379 1372
f 1463 1464 1376
f 1411 1410 1377
f 1410 1401 1377
f 1421 1415 1378
f 1422 1421 1378
f 1383 1422 1378
f 1408 1414 1379
f 1414 1419 1379
f 1419 1433 1379
f 1433 1384 1379
f 1417 1425 1380
f 1425 1438 1380
f 1438 1389 1380
f 1432 1422 1383
f 1433 1436 1384
f 1391 1426 1385
f 1426 1424 1385
f 1437 1484 1388
f 1390 1437 1388
f 1440 1391 1389
f 1438 1440 1389
f 1439 1437 1390
f 1440 1426 1391
f 1427 1429 1393
f 1429 1395 1393
f 1396 1428 1394
f 1429 1674 1395
f 1674 1627 1395
f 1627 1584 1395
f 1552 1605 1396
f 1605 1430 1396
f 1430 1428 1396
f 1476 1494 1401
f 1494 1402 1401
f 1410 1476 1401
f 1495 1403 1402
f 1494 1495 1402
f 1498 1405 1403
f 1495 1498 1403
f 1501 1409 1405
f 1498 1501 1405
f 1505 1499 1406
f 1412 1505 1406
f 1508 1417 1409
f 1501 1508 1409
f 1411 1497 1410
f 1497 1476 1410
f 1504 1497 1411
f 1413 1504 1411
f 1507 1505 1412
f 1416 1507 1412
f 1418 1506 1413
f 1506 1504 1413
f 1515 1507 1416
f 1420 1515 1416
f 1508 1518 1417
f 1518 1425 1417
f 1423 1513 1418
f 1513 1506 1418
f 1517 1515 1420
f 1424 1517 1420
f 1431 1492 1423
f 1492 1516 1423
f 1516 1513 1423
f 1426 1519 1424
f 1519 1517 1424
f 1518 1510 1425
f 1510 1438 1425
f 1483 1519 1426
f 1440 1483 1426
f 1443 1445 1427
f 1445 1429 1427
f 1430 1444 1428
f 1445 1728 1429
f 1728 1674 1429
f 1605 1655 1430
f 1655 1446 1430
f 1446 1444 1430
f 1436 1492 1431
f 1442 1436 1433
f 1461 1459 1435
f 1451 1460 1436
f 1442 1451 1436
f 1460 1492 1436
f 1500 1484 1437
f 1509 1500 1437
f 1439 1509 1437
f 1510 1440 1438
f 1488 1509 1439
f 1510 1483 1440
f 1466 1468 1443
f 1468 1445 1443
f 1446 1467 1444
f 1468 1789 1445
f 1789 1728 1445
f 1655 1700 1446
f 1700 1469 1446
f 1469 1467 1446
f 1448 1475 1447
f 1475 1496 1447
f 1496 1463 1447
f 1520 1475 1448
f 1521 1520 1448
f 1449 1521 1448
f 1522 1521 1449
f 1450 1522 1449
f 1524 1522 1450
f 1462 1524 1450
f 1525 1465 1456
f 1461 1572 1459
f 1573 1514 1460
f 1514 1492 1460
f 1572 1573 1459
f 1490 1491 1461
f 1491 1572 1461
f 1526 1524 1462
f 1472 1526 1462
f 1496 1464 1463
f 1530 1470 1464
f 1496 1529 1464
f 1529 1530 1464
f 1528 1471 1465
f 1525 1528 1465
f 1477 1479 1466
f 1479 1468 1466
f 1469 1478 1467
f 1479 1849 1468
f 1849 1789 1468
f 1700 1758 1469
f 1758 1826 1469
f 1826 1480 1469
f 1480 1478 1469
f 1530 1533 1470
f 1533 1473 1470
f 1531 1474 1471
f 1528 1531 1471
f 1484 1500 1472
f 1532 1526 1472
f 1500 1532 1472
f 1533 1534 1473
f 1534 1481 1473
f 1535 1482 1474
f 1531 1535 1474
f 1520 1527 1475
f 1527 1496 1475
f 1493 1494 1476
f 1497 1493 1476
f 1485 1487 1477
f 1487 1479 1477
f 1480 1485 1478
f 1487 1884 1479
f 1884 1849 1479
f 1826 1871 1480
f 1871 1487 1480
f 1487 1485 1480
f 1491 1490 1481
f 1534 1523 1481
f 1523 1491 1481
f 1543 1548 1482
f 1548 1502 1482
f 1502 1489 1482
f 1535 1543 1482
f 1540 1579 1483
f 1579 1512 1483
f 1510 1540 1483
f 1512 1519 1483
f 1871 1884 1487
f 1541 1509 1488
f 1578 1541 1488
f 1511 1578 1488
f 1489 1511 1488
f 1502 1511 1489
f 1523 1572 1491
f 1514 1516 1492
f 1537 1546 1493
f 1546 1494 1493
f 1554 1537 1493
f 1497 1503 1493
f 1503 1554 1493
f 1547 1495 1494
f 1546 1547 1494
f 1551 1498 1495
f 1547 1551 1495
f 1527 1529 1496
f 1504 1503 1497
f 1553 1501 1498
f 1551 1553 1498
f 1555 1552 1499
f 1505 1555 1499
f 1545 1532 1500
f 1509 1545 1500
f 1561 1508 1501
f 1553 1561 1501
f 1548 1538 1502
f 1538 1511 1502
f 1504 1554 1503
f 1506 1556 1504
f 1556 1554 1504
f 1560 1555 1505
f 1507 1560 1505
f 1513 1557 1506
f 1557 1556 1506
f 1564 1560 1507
f 1515 1564 1507
f 1561 1571 1508
f 1571 1518 1508
f 1541 1545 1509
f 1518 1540 1510
f 1538 1578 1511
f 1579 1539 1512
f 1539 1519 1512
f 1516 1562 1513
f 1562 1557 1513
f 1550 1516 1514
f 1573 1550 1514
f 1570 1564 1515
f 1517 1570 1515
f 1550 1562 1516
f 1519 1583 1517
f 1583 1570 1517
f 1571 1579 1518
f 1579 1540 1518
f 1539 1583 1519
f 1521 1536 1520
f 1536 1558 1520
f 1558 1527 1520
f 1563 1536 1521
f 1565 1563 1521
f 1522 1565 1521
f 1568 1565 1522
f 1524 1568 1522
f 1534 1572 1523
f 1582 1568 1524
f 1526 1582 1524
f 1584 1528 1525
f 1585 1582 1526
f 1532 1585 1526
f 1588 1529 1527
f 1558 1588 1527
f 1587 1531 1528
f 1584 1587 1528
f 1588 1589 1529
f 1589 1530 1529
f 1596 1533 1530
f 1589 1596 1530
f 1590 1535 1531
f 1587 1590 1531
f 1545 1566 1532
f 1592 1585 1532
f 1566 1592 1532
f 1542 1534 1533
f 1596 1576 1533
f 1576 1549 1533
f 1549 1542 1533
f 1542 1572 1534
f 1598 1543 1535
f 1590 1598 1535
f 1563 1586 1536
f 1586 1558 1536
f 1544 1546 1537
f 1554 1559 1537
f 1559 1544 1537
f 1580 1578 1538
f 1548 1580 1538
f 1579 1581 1539
f 1581 1583 1539
f 1566 1545 1541
f 1578 1566 1541
f 1549 1572 1542
f 1601 1606 1543
f 1606 1569 1543
f 1569 1548 1543
f 1598 1601 1543
f 1593 1546 1544
f 1591 1593 1544
f 1559 1591 1544
f 1593 1597 1546
f 1597 1547 1546
f 1600 1551 1547
f 1597 1600 1547
f 1569 1580 1548
f 1576 1572 1549
f 1567 1562 1550
f 1573 1567 1550
f 1607 1553 1551
f 1600 1607 1551
f 1609 1605 1552
f 1555 1609 1552
f 1621 1561 1553
f 1607 1621 1553
f 1556 1559 1554
f 1619 1609 1555
f 1560 1619 1555
f 1557 1615 1556
f 1615 1608 1556
f 1608 1559 1556
f 1562 1618 1557
f 1618 1615 1557
f 1586 1588 1558
f 1608 1591 1559
f 1623 1619 1560
f 1564 1623 1560
f 1621 1630 1561
f 1630 1571 1561
f 1567 1577 1562
f 1577 1622 1562
f 1622 1618 1562
f 1565 1594 1563
f 1594 1625 1563
f 1625 1586 1563
f 1629 1623 1564
f 1570 1629 1564
f 1617 1594 1565
f 1568 1617 1565
f 1602 1592 1566
f 1578 1602 1566
f 1573 1577 1567
f 1620 1617 1568
f 1582 1620 1568
f 1606 1612 1569
f 1612 1580 1569
f 1583 1634 1570
f 1634 1629 1570
f 1630 1610 1571
f 1610 1579 1571
f 1599 1603 1572
f 1603 1614 1572
f 1614 1648 1572
f 1648 1667 1572
f 1667 1702 1572
f 1576 1599 1572
f 1705 1706 1573
f 1706 1673 1573
f 1673 1631 1573
f 1631 1604 1573
f 1604 1577 1573
f 1702 2019 1572
f 2019 1705 1572
f 1705 1573 1572
f 1596 1599 1576
f 1604 1622 1577
f 1611 1602 1578
f 1682 1611 1578
f 1580 1612 1578
f 1612 1652 1578
f 1652 1682 1578
f 1613 1581 1579
f 1610 1681 1579
f 1681 1653 1579
f 1653 1613 1579
f 1634 1583 1581
f 1613 1634 1581
f 1624 1620 1582
f 1585 1624 1582
f 1627 1587 1584
f 1632 1624 1585
f 1592 1632 1585
f 1640 1588 1586
f 1625 1640 1586
f 1636 1590 1587
f 1627 1636 1587
f 1640 1642 1588
f 1642 1589 1588
f 1642 1649 1589
f 1649 1596 1589
f 1643 1598 1590
f 1636 1643 1590
f 1595 1593 1591
f 1608 1595 1591
f 1646 1632 1592
f 1602 1646 1592
f 1641 1597 1593
f 1638 1641 1593
f 1595 1638 1593
f 1617 1616 1594
f 1616 1637 1594
f 1637 1625 1594
f 1635 1638 1595
f 1608 1626 1595
f 1626 1663 1595
f 1663 1635 1595
f 1660 1614 1596
f 1614 1603 1596
f 1603 1599 1596
f 1649 1660 1596
f 1641 1647 1597
f 1647 1600 1597
f 1654 1601 1598
f 1643 1654 1598
f 1659 1607 1600
f 1647 1659 1600
f 1657 1639 1601
f 1639 1606 1601
f 1654 1657 1601
f 1633 1646 1602
f 1611 1633 1602
f 1631 1628 1604
f 1628 1622 1604
f 1662 1655 1605
f 1609 1662 1605
f 1639 1652 1606
f 1652 1612 1606
f 1671 1621 1607
f 1659 1671 1607
f 1615 1626 1608
f 1669 1662 1609
f 1619 1669 1609
f 1630 1651 1610
f 1651 1681 1610
f 1650 1633 1611
f 1682 1650 1611
f 1653 1634 1613
f 1660 1648 1614
f 1618 1666 1615
f 1666 1663 1615
f 1663 1626 1615
f 1617 1644 1616
f 1644 1685 1616
f 1685 1637 1616
f 1620 1658 1617
f 1658 1644 1617
f 1622 1668 1618
f 1668 1666 1618
f 1677 1669 1619
f 1623 1677 1619
f 1624 1664 1620
f 1664 1658 1620
f 1671 1688 1621
f 1688 1630 1621
f 1628 1675 1622
f 1675 1668 1622
f 1684 1677 1623
f 1629 1684 1623
f 1632 1670 1624
f 1670 1664 1624
f 1637 1640 1625
f 1674 1636 1627
f 1631 1687 1628
f 1687 1675 1628
f 1634 1694 1629
f 1694 1684 1629
f 1688 1732 1630
f 1732 1651 1630
f 1673 1687 1631
f 1646 1679 1632
f 1679 1670 1632
f 1661 1646 1633
f 1650 1661 1633
f 1653 1694 1634
f 1645 1638 1635
f 1663 1686 1635
f 1686 1645 1635
f 1683 1643 1636
f 1674 1683 1636
f 1692 1640 1637
f 1685 1692 1637
f 1680 1641 1638
f 1678 1680 1638
f 1645 1678 1638
f 1665 1682 1639
f 1682 1652 1639
f 1657 1665 1639
f 1696 1642 1640
f 1692 1696 1640
f 1693 1647 1641
f 1680 1693 1641
f 1696 1713 1642
f 1713 1649 1642
f 1695 1654 1643
f 1683 1695 1643
f 1658 1656 1644
f 1656 1689 1644
f 1689 1685 1644
f 1676 1678 1645
f 1686 1676 1645
f 1661 1699 1646
f 1699 1679 1646
f 1693 1716 1647
f 1716 1659 1647
f 1660 1667 1648
f 1713 1727 1649
f 1727 1660 1649
f 1731 1661 1650
f 1682 1733 1650
f 1733 1731 1650
f 1732 1734 1651
f 1734 1681 1651
f 1681 1694 1653
f 1715 1657 1654
f 1695 1715 1654
f 1717 1700 1655
f 1662 1717 1655
f 1658 1690 1656
f 1690 1755 1656
f 1755 1689 1656
f 1721 1714 1657
f 1714 1665 1657
f 1715 1721 1657
f 1664 1698 1658
f 1698 1690 1658
f 1736 1671 1659
f 1716 1736 1659
f 1672 1667 1660
f 1727 1672 1660
f 1701 1699 1661
f 1731 1701 1661
f 1729 1717 1662
f 1669 1729 1662
f 1666 1686 1663
f 1670 1712 1664
f 1712 1698 1664
f 1714 1733 1665
f 1733 1682 1665
f 1668 1723 1666
f 1723 1719 1666
f 1719 1686 1666
f 1672 1702 1667
f 1675 1735 1668
f 1735 1723 1668
f 1748 1729 1669
f 1677 1748 1669
f 1679 1718 1670
f 1718 1712 1670
f 1736 1765 1671
f 1765 1688 1671
f 1781 1742 1672
f 1727 1751 1672
f 1751 1781 1672
f 1742 1702 1672
f 1706 1707 1673
f 1707 1687 1673
f 1728 1683 1674
f 1687 1752 1675
f 1752 1735 1675
f 1691 1678 1676
f 1686 1719 1676
f 1719 1691 1676
f 1761 1748 1677
f 1684 1761 1677
f 1730 1680 1678
f 1722 1730 1678
f 1691 1722 1678
f 1699 1738 1679
f 1738 1718 1679
f 1749 1693 1680
f 1730 1749 1680
f 1734 1772 1681
f 1772 1694 1681
f 1750 1695 1683
f 1728 1750 1683
f 1694 1782 1684
f 1782 1761 1684
f 1689 1692 1685
f 1707 1773 1687
f 1773 1752 1687
f 1765 1873 1688
f 1873 1770 1688
f 1770 1732 1688
f 1759 1692 1689
f 1755 1759 1689
f 1698 1697 1690
f 1697 1767 1690
f 1767 1755 1690
f 1720 1722 1691
f 1719 1768 1691
f 1768 1720 1691
f 1778 1696 1692
f 1759 1778 1692
f 1775 1716 1693
f 1749 1775 1693
f 1772 1782 1694
f 1766 1715 1695
f 1750 1766 1695
f 1796 1713 1696
f 1778 1796 1696
f 1698 1739 1697
f 1739 1848 1697
f 1848 1767 1697
f 1712 1744 1698
f 1744 1739 1698
f 1774 1738 1699
f 1701 1726 1699
f 1726 1774 1699
f 1784 1758 1700
f 1717 1784 1700
f 1731 1769 1701
f 1769 1726 1701
f 1742 1708 1702
f 1743 1706 1705
f 1711 1992 1705
f 1992 1878 1705
f 1878 1743 1705
f 1708 1799 1702
f 1799 2075 1702
f 2075 2019 1702
f 2019 2076 1705
f 1798 1711 1705
f 2076 1798 1705
f 1743 1707 1706
f 1743 1810 1707
f 1810 1773 1707
f 1742 1724 1708
f 1725 1992 1711
f 1724 1799 1708
f 1813 1725 1711
f 1798 1813 1711
f 1718 1753 1712
f 1753 1744 1712
f 1796 1832 1713
f 1832 1727 1713
f 1737 1771 1714
f 1771 1733 1714
f 1721 1737 1714
f 1790 1721 1715
f 1766 1790 1715
f 1775 1820 1716
f 1820 1736 1716
f 1817 1784 1717
f 1729 1817 1717
f 1738 1779 1718
f 1779 1753 1718
f 1723 1768 1719
f 1740 1722 1720
f 1768 1803 1720
f 1803 1740 1720
f 1819 1737 1721
f 1790 1819 1721
f 1740 1762 1722
f 1762 1780 1722
f 1780 1730 1722
f 1735 1811 1723
f 1811 1768 1723
f 1742 1746 1724
f 1746 1812 1724
f 1812 1799 1724
f 1745 1992 1725
f 1813 1823 1725
f 1823 1745 1725
f 1824 1774 1726
f 1769 1872 1726
f 1872 1824 1726
f 1886 1751 1727
f 1832 1886 1727
f 1789 1750 1728
f 1841 1817 1729
f 1748 1841 1729
f 1780 1808 1730
f 1808 1749 1730
f 1733 1769 1731
f 1772 1734 1732
f 1770 1772 1732
f 1771 1769 1733
f 1752 1830 1735
f 1830 1811 1735
f 1820 1887 1736
f 1887 1805 1736
f 1805 1765 1736
f 1840 1874 1737
f 1874 1771 1737
f 1819 1840 1737
f 1814 1779 1738
f 1774 1814 1738
f 1744 1741 1739
f 1741 1911 1739
f 1911 1888 1739
f 1888 1848 1739
f 1760 1762 1740
f 1803 1889 1740
f 1889 1760 1740
f 1744 1783 1741
f 1783 1932 1741
f 1932 1911 1741
f 1781 1879 1742
f 1941 1838 1742
f 1879 1941 1742
f 1838 1746 1742
f 1857 1810 1743
f 1878 1857 1743
f 1753 1786 1744
f 1786 1783 1744
f 1747 1992 1745
f 1823 1747 1745
f 1757 1822 1746
f 1822 1812 1746
f 1846 1757 1746
f 1838 1846 1746
f 1839 1992 1747
f 1754 1839 1747
f 1823 1754 1747
f 1880 1841 1748
f 1761 1880 1748
f 1808 1844 1749
f 1844 1775 1749
f 1825 1766 1750
f 1789 1825 1750
f 1886 1915 1751
f 1915 1781 1751
f 1773 1854 1752
f 1854 1830 1752
f 1779 1802 1753
f 1802 1786 1753
f 1756 1847 1754
f 1847 1839 1754
f 1823 1756 1754
f 1767 1759 1755
f 1763 1847 1756
f 1823 1763 1756
f 1764 1834 1757
f 1834 1822 1757
f 1846 1764 1757
f 1863 1826 1758
f 1784 1863 1758
f 1885 1778 1759
f 1861 1885 1759
f 1767 1861 1759
f 1788 1801 1760
f 1801 1762 1760
f 1889 1892 1760
f 1892 1930 1760
f 1930 1788 1760
f 1782 1821 1761
f 1821 1880 1761
f 1801 1818 1762
f 1818 1780 1762
f 1777 1859 1763
f 1859 1847 1763
f 1835 1777 1763
f 1823 1835 1763
f 1776 1834 1764
f 1846 1776 1764
f 1805 1922 1765
f 1922 1873 1765
f 1862 1790 1766
f 1825 1862 1766
f 1848 1861 1767
f 1811 1803 1768
f 1771 1872 1769
f 1875 1772 1770
f 1873 1875 1770
f 1874 1872 1771
f 1875 1782 1772
f 1810 1894 1773
f 1894 1854 1773
f 1868 1814 1774
f 1824 1868 1774
f 1844 1899 1775
f 1899 1820 1775
f 1785 1834 1776
f 1858 1785 1776
f 1846 1858 1776
f 1792 1859 1777
f 1835 1792 1777
f 1901 1796 1778
f 1885 1901 1778
f 1831 1802 1779
f 1814 1831 1779
f 1818 1845 1780
f 1845 1808 1780
f 1915 2007 1781
f 2007 1879 1781
f 1875 1821 1782
f 1786 1787 1783
f 1787 1932 1783
f 1895 1863 1784
f 1817 1895 1784
f 1791 1834 1785
f 1858 1791 1785
f 1806 1787 1786
f 1802 1809 1786
f 1809 1806 1786
f 1806 1946 1787
f 1946 1932 1787
f 1795 1801 1788
f 1930 1933 1788
f 1933 1795 1788
f 1849 1825 1789
f 1891 1819 1790
f 1862 1891 1790
f 1842 1834 1791
f 1793 1842 1791
f 1864 1793 1791
f 1858 1864 1791
f 1794 1865 1792
f 1865 1859 1792
f 1835 1794 1792
f 1816 1842 1793
f 1864 1816 1793
f 1804 1865 1794
f 1835 1843 1794
f 1843 1804 1794
f 1807 1809 1795
f 1809 1801 1795
f 1933 1950 1795
f 1950 1807 1795
f 1926 1832 1796
f 1901 1926 1796
f 1909 1994 1799
f 1994 2075 1799
f 1995 1910 1798
f 2076 1995 1798
f 1917 1909 1799
f 1812 1917 1799
f 1910 1813 1798
f 1827 1818 1801
f 1809 1827 1801
f 1827 1809 1802
f 1831 1827 1802
f 1811 1889 1803
f 1870 1865 1804
f 1815 1870 1804
f 1843 1815 1804
f 1887 1984 1805
f 1984 1922 1805
f 1809 1807 1806
f 1807 1952 1806
f 1952 1946 1806
f 1950 1952 1807
f 1845 1893 1808
f 1893 1844 1808
f 1857 1920 1810
f 1920 1894 1810
f 1830 1897 1811
f 1897 1889 1811
f 1934 1917 1812
f 1822 1934 1812
f 1910 1918 1813
f 1918 1823 1813
f 1881 1831 1814
f 1868 1881 1814
f 1828 1870 1815
f 1843 1828 1815
f 1852 1842 1816
f 1829 1852 1816
f 1864 1869 1816
f 1869 1829 1816
f 1913 1895 1817
f 1841 1913 1817
f 1860 1845 1818
f 1827 1860 1818
f 1904 1840 1819
f 1891 1904 1819
f 1906 1887 1820
f 1899 1943 1820
f 1943 1906 1820
f 1875 1924 1821
f 1924 1896 1821
f 1896 1880 1821
f 1944 1934 1822
f 1834 1944 1822
f 1918 1935 1823
f 1935 1835 1823
f 1912 1868 1824
f 1872 1921 1824
f 1921 1983 1824
f 1983 1912 1824
f 1890 1862 1825
f 1849 1890 1825
f 1900 1871 1826
f 1863 1900 1826
f 1831 1860 1827
f 1877 1870 1828
f 1836 1877 1828
f 1853 1836 1828
f 1843 1853 1828
f 1833 1852 1829
f 1869 1833 1829
f 1854 1903 1830
f 1903 1897 1830
f 1881 1860 1831
f 1926 1972 1832
f 1972 1886 1832
f 1837 1852 1833
f 1876 1837 1833
f 1869 1876 1833
f 1955 1944 1834
f 1842 1955 1834
f 1935 1945 1835
f 1945 1843 1835
f 1851 1877 1836
f 1853 1851 1836
f 1850 1852 1837
f 1876 1850 1837
f 1941 1846 1838
f 1942 1992 1839
f 1948 1942 1839
f 1847 1948 1839
f 1928 1985 1840
f 1985 1923 1840
f 1923 1874 1840
f 1904 1928 1840
f 1939 1913 1841
f 1880 1939 1841
f 1965 1955 1842
f 1852 1965 1842
f 1945 1956 1843
f 1956 1853 1843
f 1893 1927 1844
f 1927 1899 1844
f 1898 1893 1845
f 1860 1898 1845
f 1941 1947 1846
f 1947 1858 1846
f 1954 1948 1847
f 1859 1954 1847
f 1888 1861 1848
f 1884 1890 1849
f 1855 1866 1850
f 1866 1852 1850
f 1876 1855 1850
f 1856 1883 1851
f 1883 1877 1851
f 1853 1856 1851
f 1975 1965 1852
f 1866 1975 1852
f 1867 1856 1853
f 1956 1966 1853
f 1966 1867 1853
f 1894 1931 1854
f 1931 1903 1854
f 1882 1866 1855
f 1876 1882 1855
f 1867 1883 1856
f 1971 1920 1857
f 1878 1992 1857
f 1992 1971 1857
f 1947 1953 1858
f 1953 1864 1858
f 1865 1960 1859
f 1960 1954 1859
f 1881 1898 1860
f 1936 1885 1861
f 1916 1936 1861
f 1888 1916 1861
f 1905 1891 1862
f 1890 1905 1862
f 1919 1900 1863
f 1895 1919 1863
f 1959 1869 1864
f 1953 1959 1864
f 1870 1968 1865
f 1968 1960 1865
f 1882 1975 1866
f 1976 1883 1867
f 1966 1976 1867
f 1914 1881 1868
f 1912 1914 1868
f 1967 1876 1869
f 1959 1967 1869
f 1877 1974 1870
f 1974 1968 1870
f 1902 1884 1871
f 1900 1902 1871
f 1874 1921 1872
f 1924 1875 1873
f 1922 1924 1873
f 1923 1921 1874
f 1973 1882 1876
f 1967 1973 1876
f 1883 1980 1877
f 1980 1974 1877
f 2007 1941 1879
f 1896 1925 1880
f 1925 1939 1880
f 1914 1898 1881
f 1979 1975 1882
f 1973 1979 1882
f 1976 1980 1883
f 1902 1890 1884
f 1962 1901 1885
f 1936 1962 1885
f 2006 1915 1886
f 1972 2006 1886
f 1906 2035 1887
f 2035 1984 1887
f 1911 1916 1888
f 1897 1892 1889
f 1902 1905 1890
f 1937 1904 1891
f 1905 1937 1891
f 1897 1930 1892
f 1938 1927 1893
f 1898 1938 1893
f 1920 1969 1894
f 1969 1931 1894
f 1949 1919 1895
f 1913 1949 1895
f 1924 1986 1896
f 1986 1925 1896
f 1903 1940 1897
f 1940 1930 1897
f 1914 1938 1898
f 1927 1978 1899
f 1978 1943 1899
f 1929 1902 1900
f 1919 1929 1900
f 1998 1926 1901
f 1962 1998 1901
f 1929 1905 1902
f 1931 1957 1903
f 1957 1940 1903
f 1964 1928 1904
f 1937 1964 1904
f 1929 1937 1905
f 1943 2102 1906
f 2102 2035 1906
f 2003 1994 1909
f 1917 2003 1909
f 1995 1918 1910
f 1951 1916 1911
f 1932 1951 1911
f 1970 1914 1912
f 2101 1970 1912
f 1983 2034 1912
f 2034 2101 1912
f 1981 1949 1913
f 1939 1981 1913
f 1970 1938 1914
f 2006 2235 1915
f 2235 2007 1915
f 1977 1936 1916
f 1951 1977 1916
f 2010 2003 1917
f 1934 2010 1917
f 1995 2004 1918
f 2004 1935 1918
f 1958 1929 1919
f 1949 1958 1919
f 1971 2002 1920
f 2002 1969 1920
f 1923 1983 1921
f 1986 1924 1922
f 1984 1986 1922
f 1985 1983 1923
f 2104 1963 1925
f 1986 2037 1925
f 2037 2104 1925
f 1963 1939 1925
f 2038 1972 1926
f 1998 2038 1926
f 1938 1993 1927
f 1993 1988 1927
f 1988 1978 1927
f 1989 2047 1928
f 2047 2063 1928
f 2063 2036 1928
f 2036 1985 1928
f 1964 1989 1928
f 1958 1937 1929
f 1940 1933 1930
f 1969 1987 1931
f 1987 1957 1931
f 1946 1951 1932
f 1940 1950 1933
f 2016 2010 1934
f 1944 2016 1934
f 2004 2011 1935
f 2011 1945 1935
f 1999 1962 1936
f 1977 1999 1936
f 1958 1964 1937
f 1970 1993 1938
f 1963 1981 1939
f 1957 1961 1940
f 1961 1950 1940
f 2014 2040 1941
f 2012 2014 1941
f 2007 2012 1941
f 2040 1947 1941
f 2041 2043 1942
f 2043 2015 1942
f 2015 2013 1942
f 2013 2008 1942
f 2008 1992 1942
f 2057 2041 1942
f 1948 2057 1942
f 1978 2046 1943
f 2046 2102 1943
f 2049 2016 1944
f 1955 2049 1944
f 2011 2017 1945
f 2017 1956 1945
f 1961 1951 1946
f 1952 1961 1946
f 2040 2056 1947
f 2056 1953 1947
f 2059 2057 1948
f 1954 2059 1948
f 1990 1958 1949
f 1981 1990 1949
f 1961 1952 1950
f 1982 1977 1951
f 1961 1982 1951
f 2066 2078 1953
f 2058 2066 1953
f 2056 2058 1953
f 2078 1959 1953
f 1960 2090 1954
f 2090 2079 1954
f 2067 2059 1954
f 2079 2067 1954
f 2068 2049 1955
f 1965 2068 1955
f 2017 2050 1956
f 2050 1966 1956
f 1987 1982 1957
f 1982 1961 1957
f 1990 1964 1958
f 2078 2089 1959
f 2105 1967 1959
f 2097 2105 1959
f 2089 2097 1959
f 2098 2090 1960
f 1968 2135 1960
f 2135 2106 1960
f 2106 2098 1960
f 2027 1998 1962
f 1999 2027 1962
f 2104 2062 1963
f 2062 1991 1963
f 1991 1981 1963
f 1990 1989 1964
f 2087 2068 1965
f 1975 2087 1965
f 2050 2069 1966
f 2069 1976 1966
f 2134 1973 1967
f 2105 2134 1967
f 1974 2155 1968
f 2155 2135 1968
f 2002 2009 1969
f 2009 1987 1969
f 2101 2045 1970
f 2045 2031 1970
f 2031 1993 1970
f 2072 2002 1971
f 1992 2008 1971
f 2008 2236 1971
f 2236 2218 1971
f 2218 2192 1971
f 2192 2072 1971
f 2077 2111 1972
f 2038 2077 1972
f 2111 2006 1972
f 2154 1979 1973
f 2134 2154 1973
f 1980 2162 1974
f 2162 2155 1974
f 2212 2186 1975
f 2186 2116 1975
f 2116 2087 1975
f 1979 2212 1975
f 2162 1980 1976
f 2187 2162 1976
f 2117 2187 1976
f 2088 2117 1976
f 2069 2088 1976
f 2001 1999 1977
f 1982 2001 1977
f 1988 2030 1978
f 2030 2046 1978
f 2161 2212 1979
f 2154 2161 1979
f 1991 2000 1981
f 2000 2005 1981
f 2005 1990 1981
f 1987 2001 1982
f 1985 2034 1983
f 2037 1986 1984
f 2035 2037 1984
f 2036 2034 1985
f 2009 2001 1987
f 1993 2022 1988
f 2022 2030 1988
f 2005 2025 1989
f 2025 2032 1989
f 2032 2047 1989
f 1990 2005 1989
f 2062 2048 1991
f 2048 2000 1991
f 2031 2022 1993
f 2081 2075 1994
f 2076 2080 1995
f 2003 2081 1994
f 2092 2004 1995
f 2080 2092 1995
f 2039 2038 1998
f 2027 2039 1998
f 2029 2027 1999
f 2021 2029 1999
f 2001 2021 1999
f 2048 2033 2000
f 2033 2005 2000
f 2028 2026 2001
f 2026 2021 2001
f 2009 2028 2001
f 2072 2054 2002
f 2054 2009 2002
f 2010 2091 2003
f 2091 2081 2003
f 2115 2011 2004
f 2092 2115 2004
f 2033 2025 2005
f 2111 2195 2006
f 2195 2235 2006
f 2235 2012 2007
f 2013 2236 2008
f 2054 2051 2009
f 2051 2044 2009
f 2044 2028 2009
f 2121 2114 2010
f 2114 2113 2010
f 2113 2091 2010
f 2016 2130 2010
f 2130 2124 2010
f 2124 2121 2010
f 2125 2017 2011
f 2115 2125 2011
f 2246 2014 2012
f 2235 2246 2012
f 2015 2253 2013
f 2253 2247 2013
f 2247 2236 2013
f 2042 2040 2014
f 2252 2042 2014
f 2246 2252 2014
f 2043 2266 2015
f 2266 2253 2015
f 2139 2142 2016
f 2049 2139 2016
f 2142 2137 2016
f 2137 2130 2016
f 2131 2136 2017
f 2136 2141 2017
f 2141 2143 2017
f 2143 2050 2017
f 2125 2131 2017
f 2026 2028 2019
f 2028 2044 2019
f 2044 2051 2019
f 2051 2076 2019
f 2055 2039 2019
f 2039 2029 2019
f 2029 2021 2019
f 2021 2026 2019
f 2077 2055 2019
f 2075 2077 2019
f 2062 2030 2022
f 2032 2025 2022
f 2031 2063 2022
f 2063 2047 2022
f 2047 2032 2022
f 2025 2033 2022
f 2033 2048 2022
f 2048 2062 2022
f 2029 2039 2027
f 2062 2046 2030
f 2045 2063 2031
f 2036 2101 2034
f 2104 2037 2035
f 2102 2104 2035
f 2063 2103 2036
f 2103 2101 2036
f 2055 2077 2038
f 2039 2055 2038
f 2052 2060 2040
f 2042 2052 2040
f 2060 2056 2040
f 2061 2065 2041
f 2065 2053 2041
f 2053 2043 2041
f 2057 2061 2041
f 2265 2052 2042
f 2252 2265 2042
f 2053 2275 2043
f 2275 2266 2043
f 2101 2103 2045
f 2103 2063 2045
f 2062 2104 2046
f 2104 2102 2046
f 2138 2139 2049
f 2068 2123 2049
f 2123 2129 2049
f 2129 2138 2049
f 2128 2069 2050
f 2143 2140 2050
f 2140 2128 2050
f 2054 2076 2051
f 2265 2276 2052
f 2276 2290 2052
f 2290 2296 2052
f 2296 2064 2052
f 2064 2060 2052
f 2065 2275 2053
f 2072 2112 2054
f 2112 2076 2054
f 2060 2058 2056
f 2059 2061 2057
f 2060 2066 2058
f 2067 2061 2059
f 2064 2070 2060
f 2070 2086 2060
f 2086 2095 2060
f 2095 2066 2060
f 2071 2065 2061
f 2096 2099 2061
f 2099 2085 2061
f 2085 2071 2061
f 2067 2096 2061
f 2296 2070 2064
f 2071 2275 2065
f 2095 2093 2066
f 2093 2078 2066
f 2079 2094 2067
f 2094 2096 2067
f 2087 2107 2068
f 2107 2109 2068
f 2109 2119 2068
f 2119 2123 2068
f 2110 2088 2069
f 2118 2110 2069
f 2120 2118 2069
f 2128 2122 2069
f 2122 2120 2069
f 2296 2086 2070
f 2085 2297 2071
f 2297 2295 2071
f 2289 2275 2071
f 2295 2289 2071
f 2192 2112 2072
f 2111 2077 2075
f 2081 2111 2075
f 2112 2192 2076
f 2192 2218 2076
f 2218 2080 2076
f 2093 2089 2078
f 2090 2094 2079
f 2218 2092 2080
f 2091 2111 2081
f 2099 2297 2085
f 2296 2298 2086
f 2298 2292 2086
f 2292 2277 2086
f 2277 2100 2086
f 2100 2095 2086
f 2116 2107 2087
f 2108 2117 2088
f 2110 2108 2088
f 2093 2097 2089
f 2098 2147 2090
f 2147 2094 2090
f 2113 2111 2091
f 2218 2115 2092
f 2095 2148 2093
f 2148 2146 2093
f 2146 2097 2093
f 2147 2096 2094
f 2133 2148 2095
f 2126 2133 2095
f 2100 2126 2095
f 2149 2150 2096
f 2150 2132 2096
f 2132 2127 2096
f 2127 2099 2096
f 2147 2149 2096
f 2146 2144 2097
f 2144 2105 2097
f 2145 2147 2098
f 2106 2145 2098
f 2127 2297 2099
f 2277 2126 2100
f 2144 2134 2105
f 2135 2145 2106
f 2116 2109 2107
f 2153 2117 2108
f 2110 2153 2108
f 2116 2152 2109
f 2152 2119 2109
f 2118 2153 2110
f 2113 2114 2111
f 2114 2180 2111
f 2180 2206 2111
f 2206 2195 2111
f 2121 2180 2114
f 2218 2181 2115
f 2183 2125 2115
f 2181 2183 2115
f 2186 2152 2116
f 2201 2187 2117
f 2153 2201 2117
f 2120 2153 2118
f 2152 2123 2119
f 2160 2153 2120
f 2122 2160 2120
f 2124 2182 2121
f 2182 2180 2121
f 2128 2160 2122
f 2152 2159 2123
f 2159 2129 2123
f 2130 2182 2124
f 2183 2131 2125
f 2277 2133 2126
f 2273 2278 2127
f 2291 2297 2127
f 2278 2291 2127
f 2132 2273 2127
f 2170 2160 2128
f 2140 2170 2128
f 2159 2138 2129
f 2137 2178 2130
f 2178 2182 2130
f 2183 2136 2131
f 2150 2273 2132
f 2277 2274 2133
f 2274 2268 2133
f 2268 2256 2133
f 2256 2151 2133
f 2151 2148 2133
f 2144 2163 2134
f 2163 2156 2134
f 2156 2154 2134
f 2155 2157 2135
f 2157 2164 2135
f 2164 2145 2135
f 2179 2141 2136
f 2183 2179 2136
f 2142 2178 2137
f 2169 2139 2138
f 2159 2169 2138
f 2169 2142 2139
f 2143 2170 2140
f 2179 2143 2141
f 2169 2178 2142
f 2179 2170 2143
f 2146 2167 2144
f 2167 2163 2144
f 2164 2147 2145
f 2148 2171 2146
f 2171 2167 2146
f 2168 2149 2147
f 2164 2168 2147
f 2166 2171 2148
f 2151 2166 2148
f 2172 2165 2149
f 2165 2158 2149
f 2158 2150 2149
f 2168 2172 2149
f 2158 2273 2150
f 2256 2166 2151
f 2186 2200 2152
f 2200 2159 2152
f 2203 2201 2153
f 2160 2203 2153
f 2174 2161 2154
f 2156 2174 2154
f 2162 2157 2155
f 2163 2174 2156
f 2162 2175 2157
f 2175 2164 2157
f 2165 2250 2158
f 2250 2267 2158
f 2267 2273 2158
f 2200 2202 2159
f 2202 2169 2159
f 2205 2203 2160
f 2170 2205 2160
f 2214 2212 2161
f 2174 2214 2161
f 2187 2213 2162
f 2215 2175 2162
f 2213 2215 2162
f 2184 2174 2163
f 2167 2184 2163
f 2175 2185 2164
f 2185 2189 2164
f 2189 2168 2164
f 2194 2234 2165
f 2234 2243 2165
f 2243 2250 2165
f 2172 2194 2165
f 2251 2173 2166
f 2256 2251 2166
f 2173 2171 2166
f 2171 2188 2167
f 2188 2184 2167
f 2189 2172 2168
f 2202 2204 2169
f 2204 2178 2169
f 2179 2209 2170
f 2209 2205 2170
f 2193 2196 2171
f 2173 2193 2171
f 2196 2188 2171
f 2197 2199 2172
f 2199 2194 2172
f 2189 2197 2172
f 2251 2193 2173
f 2221 2214 2174
f 2184 2221 2174
f 2215 2185 2175
f 2208 2182 2178
f 2204 2208 2178
f 2183 2211 2179
f 2211 2209 2179
f 2210 2206 2180
f 2182 2210 2180
f 2218 2207 2181
f 2207 2183 2181
f 2208 2210 2182
f 2207 2211 2183
f 2225 2221 2184
f 2188 2225 2184
f 2226 2189 2185
f 2222 2226 2185
f 2215 2222 2185
f 2212 2200 2186
f 2220 2213 2187
f 2201 2220 2187
f 2229 2225 2188
f 2196 2229 2188
f 2226 2197 2189
f 2233 2198 2193
f 2251 2233 2193
f 2198 2196 2193
f 2199 2232 2194
f 2232 2234 2194
f 2206 2235 2195
f 2198 2231 2196
f 2231 2229 2196
f 2230 2199 2197
f 2226 2230 2197
f 2233 2231 2198
f 2230 2232 2199
f 2212 2219 2200
f 2219 2202 2200
f 2240 2220 2201
f 2203 2240 2201
f 2219 2239 2202
f 2239 2204 2202
f 2255 2240 2203
f 2205 2255 2203
f 2257 2259 2204
f 2239 2254 2204
f 2254 2257 2204
f 2259 2208 2204
f 2209 2272 2205
f 2272 2260 2205
f 2258 2255 2205
f 2260 2258 2205
f 2263 2265 2206
f 2265 2252 2206
f 2252 2246 2206
f 2246 2235 2206
f 2279 2263 2206
f 2210 2279 2206
f 2253 2264 2207
f 2247 2253 2207
f 2218 2236 2207
f 2236 2247 2207
f 2264 2211 2207
f 2259 2271 2208
f 2283 2210 2208
f 2281 2283 2208
f 2271 2281 2208
f 2282 2272 2209
f 2284 2282 2209
f 2211 2280 2209
f 2280 2284 2209
f 2283 2279 2210
f 2264 2280 2211
f 2223 2219 2212
f 2214 2223 2212
f 2220 2215 2213
f 2220 2224 2215
f 2221 2237 2214
f 2237 2223 2214
f 2224 2238 2215
f 2238 2222 2215
f 2223 2239 2219
f 2240 2224 2220
f 2225 2237 2221
f 2238 2242 2222
f 2242 2226 2222
f 2237 2239 2223
f 2240 2238 2224
f 2241 2237 2225
f 2244 2241 2225
f 2229 2244 2225
f 2245 2230 2226
f 2242 2245 2226
f 2231 2244 2229
f 2234 2232 2230
f 2245 2234 2230
f 2233 2244 2231
f 2251 2244 2233
f 2245 2243 2234
f 2261 2248 2237
f 2241 2261 2237
f 2248 2239 2237
f 2249 2242 2238
f 2240 2249 2238
f 2248 2254 2239
f 2255 2249 2240
f 2269 2261 2241
f 2244 2269 2241
f 2262 2245 2242
f 2249 2262 2242
f 2245 2250 2243
f 2251 2269 2244
f 2270 2250 2245
f 2262 2270 2245
f 2261 2257 2248
f 2257 2254 2248
f 2258 2262 2249
f 2255 2258 2249
f 2270 2267 2250
f 2256 2269 2251
f 2266 2264 2253
f 2268 2269 2256
f 2261 2259 2257
f 2260 2286 2258
f 2286 2262 2258
f 2261 2285 2259
f 2285 2271 2259
f 2272 2286 2260
f 2293 2285 2261
f 2269 2293 2261
f 2286 2270 2262
f 2287 2290 2263
f 2290 2276 2263
f 2276 2265 2263
f 2279 2287 2263
f 2275 2288 2264
f 2266 2275 2264
f 2288 2280 2264
f 2270 2273 2267
f 2293 2269 2268
f 2274 2293 2268
f 2294 2273 2270
f 2286 2294 2270
f 2285 2281 2271
f 2282 2286 2272
f 2294 2278 2273
f 2277 2293 2274
f 2289 2288 2275
f 2292 2293 2277
f 2294 2291 2278
f 2283 2287 2279
f 2288 2284 2280
f 2293 2287 2281
f 2287 2283 2281
f 2285 2293 2281
f 2284 2288 2282
f 2288 2294 2282
f 2294 2286 2282
f 2296 2290 2287
f 2293 2292 2287
f 2292 2298 2287
f 2298 2296 2287
f 2289 2295 2288
f 2295 2297 2288
f 2297 2294 2288
f 2294 2297 2291
usemtl face_001
f 2300 2324 2299
f 2324 2301 2299
f 2304 2300 2299
f 2301 2304 2299
f 2302 2324 2300
f 2306 2308 2300
f 2308 2310 2300
f 2310 2302 2300
f 2304 2306 2300
f 2326 2304 2301
f 2324 2326 2301
f 2303 2324 2302
f 2319 2323 2302
f 2314 2317 2302
f 2317 2318 2302
f 2318 2319 2302
f 2323 2303 2302
f 2310 2312 2302
f 2312 2314 2302
f 2325 2324 2303
f 2305 2325 2303
f 2323 2305 2303
f 2326 2306 2304
f 2307 2325 2305
f 2323 2307 2305
f 2326 2308 2306
f 2309 2325 2307
f 2323 2309 2307
f 2326 2310 2308
f 2311 2325 2309
f 2323 2311 2309
f 2326 2312 2310
f 2313 2325 2311
f 2323 2313 2311
f 2326 2314 2312
f 2315 2325 2313
f 2323 2315 2313
f 2329 2317 2314
f 2326 2329 2314
f 2328 2325 2315
f 2316 2328 2315
f 2323 2316 2315
f 2320 2328 2316
f 2323 2320 2316
f 2329 2318 2317
f 2327 2319 2318
f 2341 2327 2318
f 2329 2341 2318
f 2327 2323 2319
f 2321 2328 2320
f 2323 2321 2320
f 2322 2330 2321
f 2330 2328 2321
f 2323 2322 2321
f 2333 2884 2322
f 2884 2879 2322
f 2879 2878 2322
f 2878 2330 2322
f 2334 2333 2322
f 2323 2334 2322
f 2327 2875 2323
f 2885 2334 2323
f 2880 2885 2323
f 2875 2880 2323
f 2340 2326 2324
f 2325 2339 2324
f 2339 2338 2324
f 2338 2340 2324
f 2328 2346 2325
f 2346 2344 2325
f 2344 2339 2325
f 2340 2345 2326
f 2345 2347 2326
f 2347 2329 2326
f 2341 2331 2327
f 2873 2875 2327
f 2331 2873 2327
f 2332 2335 2328
f 2330 2332 2328
f 2335 2365 2328
f 2365 2359 2328
f 2359 2346 2328
f 2366 2341 2329
f 2347 2360 2329
f 2360 2366 2329
f 2878 2874 2330
f 2874 2332 2330
f 2341 2368 2331
f 2368 2873 2331
f 2348 2335 2332
f 2874 2348 2332
f 2334 2872 2333
f 2872 2871 2333
f 2871 2884 2333
f 2885 2872 2334
f 2348 2367 2335
f 2367 2373 2335
f 2373 2381 2335
f 2381 2365 2335
f 2342 2397 2337
f 2397 2399 2337
f 2399 2343 2337
f 2338 2342 2337
f 2343 2345 2337
f 2345 2340 2337
f 2340 2338 2337
f 2339 2342 2338
f 2344 2342 2339
f 2383 2374 2341
f 2374 2368 2341
f 2382 2390 2341
f 2390 2411 2341
f 2411 2383 2341
f 2366 2382 2341
f 2349 2353 2342
f 2351 2349 2342
f 2344 2351 2342
f 2353 2398 2342
f 2398 2397 2342
f 2356 2350 2343
f 2350 2352 2343
f 2354 2356 2343
f 2352 2347 2343
f 2347 2345 2343
f 2399 2413 2343
f 2413 2354 2343
f 2346 2357 2344
f 2357 2351 2344
f 2359 2357 2346
f 2352 2360 2347
f 2874 2838 2348
f 2838 2367 2348
f 2361 2355 2349
f 2355 2353 2349
f 2363 2361 2349
f 2351 2363 2349
f 2356 2362 2350
f 2362 2352 2350
f 2357 2363 2351
f 2364 2358 2352
f 2358 2360 2352
f 2362 2364 2352
f 2377 2375 2353
f 2355 2377 2353
f 2375 2412 2353
f 2412 2398 2353
f 2376 2356 2354
f 2413 2424 2354
f 2424 2376 2354
f 2361 2377 2355
f 2378 2362 2356
f 2376 2378 2356
f 2379 2363 2357
f 2359 2379 2357
f 2364 2380 2358
f 2380 2366 2358
f 2366 2360 2358
f 2365 2379 2359
f 2369 2377 2361
f 2371 2369 2361
f 2363 2371 2361
f 2378 2370 2362
f 2370 2364 2362
f 2379 2371 2363
f 2372 2380 2364
f 2370 2372 2364
f 2381 2379 2365
f 2380 2382 2366
f 2838 2824 2367
f 2824 2373 2367
f 2839 2873 2368
f 2374 2839 2368
f 2384 2377 2369
f 2386 2384 2369
f 2371 2386 2369
f 2378 2385 2370
f 2385 2372 2370
f 2379 2386 2371
f 2387 2380 2372
f 2385 2387 2372
f 2388 2389 2373
f 2389 2381 2373
f 2824 2818 2373
f 2818 2388 2373
f 2833 2839 2374
f 2383 2833 2374
f 2406 2404 2375
f 2377 2406 2375
f 2404 2423 2375
f 2423 2412 2375
f 2405 2378 2376
f 2424 2443 2376
f 2443 2405 2376
f 2384 2392 2377
f 2392 2406 2377
f 2407 2401 2378
f 2401 2393 2378
f 2393 2385 2378
f 2405 2407 2378
f 2408 2402 2379
f 2402 2394 2379
f 2394 2386 2379
f 2381 2408 2379
f 2387 2395 2380
f 2395 2409 2380
f 2409 2390 2380
f 2390 2382 2380
f 2389 2408 2381
f 2411 2420 2383
f 2420 2391 2383
f 2819 2833 2383
f 2809 2819 2383
f 2391 2809 2383
f 2394 2392 2384
f 2386 2394 2384
f 2393 2387 2385
f 2393 2395 2387
f 2414 2410 2388
f 2410 2389 2388
f 2818 2808 2388
f 2808 2414 2388
f 2410 2408 2389
f 2409 2411 2390
f 2420 2422 2391
f 2422 2809 2391
f 2400 2406 2392
f 2402 2400 2392
f 2394 2402 2392
f 2401 2395 2393
f 2403 2409 2395
f 2401 2403 2395
f 2597 2399 2397
f 2398 2597 2397
f 2412 2597 2398
f 2597 2413 2399
f 2415 2406 2400
f 2417 2415 2400
f 2402 2417 2400
f 2407 2416 2401
f 2416 2403 2401
f 2408 2417 2402
f 2418 2409 2403
f 2416 2418 2403
f 2431 2429 2404
f 2406 2431 2404
f 2429 2442 2404
f 2442 2423 2404
f 2430 2407 2405
f 2443 2458 2405
f 2458 2430 2405
f 2415 2431 2406
f 2432 2426 2407
f 2426 2416 2407
f 2430 2432 2407
f 2433 2427 2408
f 2427 2417 2408
f 2410 2433 2408
f 2418 2434 2409
f 2434 2420 2409
f 2420 2411 2409
f 2419 2433 2410
f 2414 2419 2410
f 2423 2597 2412
f 2597 2424 2413
f 2421 2419 2414
f 2808 2421 2414
f 2425 2431 2415
f 2427 2425 2415
f 2417 2427 2415
f 2426 2418 2416
f 2428 2434 2418
f 2426 2428 2418
f 2435 2433 2419
f 2421 2435 2419
f 2434 2436 2420
f 2436 2422 2420
f 2444 2435 2421
f 2808 2444 2421
f 2436 2437 2422
f 2437 2791 2422
f 2791 2809 2422
f 2442 2597 2423
f 2597 2443 2424
f 2427 2438 2425
f 2438 2431 2425
f 2439 2441 2426
f 2441 2428 2426
f 2432 2439 2426
f 2440 2438 2427
f 2433 2440 2427
f 2441 2434 2428
f 2461 2459 2429
f 2431 2461 2429
f 2459 2457 2429
f 2457 2442 2429
f 2460 2432 2430
f 2458 2482 2430
f 2482 2460 2430
f 2487 2461 2431
f 2483 2487 2431
f 2438 2448 2431
f 2448 2453 2431
f 2453 2467 2431
f 2467 2473 2431
f 2473 2477 2431
f 2477 2483 2431
f 2494 2488 2432
f 2462 2494 2432
f 2488 2484 2432
f 2484 2478 2432
f 2478 2474 2432
f 2474 2468 2432
f 2468 2454 2432
f 2454 2449 2432
f 2449 2439 2432
f 2460 2462 2432
f 2499 2489 2433
f 2463 2499 2433
f 2489 2485 2433
f 2485 2479 2433
f 2479 2475 2433
f 2475 2469 2433
f 2469 2455 2433
f 2455 2450 2433
f 2450 2440 2433
f 2435 2463 2433
f 2476 2480 2434
f 2480 2486 2434
f 2486 2490 2434
f 2490 2464 2434
f 2441 2451 2434
f 2451 2456 2434
f 2456 2470 2434
f 2470 2476 2434
f 2464 2446 2434
f 2446 2436 2434
f 2445 2463 2435
f 2444 2445 2435
f 2446 2437 2436
f 2446 2452 2437
f 2452 2761 2437
f 2761 2763 2437
f 2763 2791 2437
f 2440 2448 2438
f 2449 2451 2439
f 2451 2441 2439
f 2450 2448 2440
f 2457 2597 2442
f 2597 2458 2443
f 2447 2445 2444
f 2770 2447 2444
f 2808 2770 2444
f 2465 2463 2445
f 2447 2465 2445
f 2464 2466 2446
f 2466 2452 2446
f 2471 2465 2447
f 2762 2471 2447
f 2770 2762 2447
f 2450 2453 2448
f 2454 2456 2449
f 2456 2451 2449
f 2455 2453 2450
f 2466 2472 2452
f 2472 2736 2452
f 2736 2761 2452
f 2455 2467 2453
f 2468 2470 2454
f 2470 2456 2454
f 2469 2467 2455
f 2481 2597 2457
f 2459 2481 2457
f 2597 2482 2458
f 2492 2523 2459
f 2461 2492 2459
f 2523 2481 2459
f 2524 2495 2460
f 2495 2462 2460
f 2482 2544 2460
f 2544 2524 2460
f 2493 2492 2461
f 2487 2493 2461
f 2495 2494 2462
f 2498 2499 2463
f 2465 2498 2463
f 2490 2500 2464
f 2500 2501 2464
f 2501 2530 2464
f 2530 2466 2464
f 2471 2529 2465
f 2529 2498 2465
f 2530 2472 2466
f 2469 2473 2467
f 2474 2476 2468
f 2476 2470 2468
f 2475 2473 2469
f 2735 2529 2471
f 2762 2735 2471
f 2530 2684 2472
f 2684 2736 2472
f 2475 2477 2473
f 2478 2480 2474
f 2480 2476 2474
f 2479 2477 2475
f 2479 2483 2477
f 2484 2486 2478
f 2486 2480 2478
f 2485 2483 2479
f 2543 2597 2481
f 2523 2543 2481
f 2597 2544 2482
f 2485 2487 2483
f 2488 2490 2484
f 2490 2486 2484
f 2489 2487 2485
f 2489 2493 2487
f 2494 2500 2488
f 2500 2490 2488
f 2499 2493 2489
f 2498 2497 2491
f 2492 2498 2491
f 2705 2643 2491
f 2643 2601 2491
f 2601 2561 2491
f 2561 2525 2491
f 2525 2492 2491
f 2701 2705 2491
f 2503 2701 2491
f 2497 2503 2491
f 2525 2523 2492
f 2499 2498 2492
f 2493 2499 2492
f 2495 2501 2494
f 2501 2500 2494
f 2524 2526 2495
f 2496 2502 2495
f 2502 2501 2495
f 2526 2496 2495
f 2526 2562 2496
f 2562 2710 2496
f 2504 2502 2496
f 2710 2504 2496
f 2498 2527 2497
f 2527 2563 2497
f 2563 2596 2497
f 2596 2711 2497
f 2711 2703 2497
f 2703 2505 2497
f 2505 2503 2497
f 2529 2527 2498
f 2528 2530 2501
f 2502 2528 2501
f 2716 2605 2502
f 2605 2564 2502
f 2564 2528 2502
f 2504 2506 2502
f 2704 2716 2502
f 2506 2704 2502
f 2697 2701 2503
f 2507 2697 2503
f 2505 2507 2503
f 2508 2506 2504
f 2710 2702 2504
f 2702 2508 2504
f 2703 2699 2505
f 2699 2509 2505
f 2509 2507 2505
f 2508 2510 2506
f 2700 2704 2506
f 2510 2700 2506
f 2511 2697 2507
f 2513 2511 2507
f 2509 2513 2507
f 2514 2510 2508
f 2512 2514 2508
f 2702 2698 2508
f 2698 2512 2508
f 2699 2695 2509
f 2695 2513 2509
f 2696 2700 2510
f 2514 2696 2510
f 2693 2697 2511
f 2515 2693 2511
f 2513 2517 2511
f 2517 2515 2511
f 2518 2514 2512
f 2516 2518 2512
f 2698 2694 2512
f 2694 2516 2512
f 2695 2691 2513
f 2691 2517 2513
f 2692 2696 2514
f 2518 2692 2514
f 2519 2685 2515
f 2689 2693 2515
f 2685 2689 2515
f 2517 2519 2515
f 2520 2518 2516
f 2686 2520 2516
f 2694 2690 2516
f 2690 2686 2516
f 2691 2521 2517
f 2521 2519 2517
f 2520 2522 2518
f 2688 2692 2518
f 2522 2688 2518
f 2531 2673 2519
f 2673 2685 2519
f 2521 2531 2519
f 2532 2522 2520
f 2686 2674 2520
f 2674 2532 2520
f 2691 2687 2521
f 2687 2533 2521
f 2533 2531 2521
f 2532 2534 2522
f 2676 2688 2522
f 2534 2676 2522
f 2525 2561 2523
f 2561 2559 2523
f 2559 2543 2523
f 2560 2526 2524
f 2544 2568 2524
f 2568 2560 2524
f 2560 2562 2526
f 2529 2549 2527
f 2549 2563 2527
f 2564 2566 2528
f 2550 2530 2528
f 2566 2550 2528
f 2683 2657 2529
f 2657 2549 2529
f 2735 2683 2529
f 2550 2684 2530
f 2535 2669 2531
f 2669 2673 2531
f 2533 2535 2531
f 2536 2534 2532
f 2674 2536 2532
f 2687 2675 2533
f 2675 2671 2533
f 2671 2537 2533
f 2537 2535 2533
f 2536 2538 2534
f 2538 2676 2534
f 2539 2665 2535
f 2665 2669 2535
f 2537 2539 2535
f 2542 2538 2536
f 2540 2542 2536
f 2670 2540 2536
f 2674 2670 2536
f 2671 2541 2537
f 2541 2539 2537
f 2672 2676 2538
f 2668 2672 2538
f 2542 2668 2538
f 2545 2665 2539
f 2547 2545 2539
f 2541 2547 2539
f 2546 2542 2540
f 2660 2546 2540
f 2666 2660 2540
f 2670 2666 2540
f 2671 2667 2541
f 2667 2661 2541
f 2661 2547 2541
f 2546 2548 2542
f 2548 2668 2542
f 2567 2597 2543
f 2559 2567 2543
f 2597 2568 2544
f 2551 2659 2545
f 2659 2665 2545
f 2553 2551 2545
f 2547 2553 2545
f 2552 2548 2546
f 2654 2552 2546
f 2660 2654 2546
f 2661 2655 2547
f 2655 2553 2547
f 2552 2554 2548
f 2662 2668 2548
f 2554 2662 2548
f 2565 2563 2549
f 2637 2631 2549
f 2631 2629 2549
f 2629 2623 2549
f 2623 2621 2549
f 2621 2565 2549
f 2657 2647 2549
f 2647 2637 2549
f 2658 2684 2550
f 2566 2658 2550
f 2555 2653 2551
f 2653 2659 2551
f 2557 2555 2551
f 2553 2557 2551
f 2556 2554 2552
f 2650 2556 2552
f 2654 2650 2552
f 2655 2651 2553
f 2651 2557 2553
f 2556 2558 2554
f 2656 2662 2554
f 2558 2656 2554
f 2571 2649 2555
f 2649 2653 2555
f 2573 2571 2555
f 2557 2573 2555
f 2572 2558 2556
f 2634 2572 2556
f 2650 2634 2556
f 2651 2635 2557
f 2635 2573 2557
f 2572 2574 2558
f 2652 2656 2558
f 2574 2652 2558
f 2561 2601 2559
f 2601 2599 2559
f 2599 2567 2559
f 2606 2562 2560
f 2568 2598 2560
f 2598 2606 2560
f 2606 2607 2562
f 2607 2710 2562
f 2565 2596 2563
f 2605 2609 2564
f 2609 2594 2564
f 2594 2592 2564
f 2592 2590 2564
f 2590 2588 2564
f 2588 2586 2564
f 2586 2584 2564
f 2584 2578 2564
f 2578 2576 2564
f 2576 2570 2564
f 2570 2566 2564
f 2569 2596 2565
f 2621 2569 2565
f 2570 2658 2566
f 2610 2597 2567
f 2599 2610 2567
f 2597 2598 2568
f 2575 2596 2569
f 2621 2575 2569
f 2576 2658 2570
f 2579 2633 2571
f 2633 2649 2571
f 2581 2579 2571
f 2573 2581 2571
f 2580 2574 2572
f 2626 2580 2572
f 2634 2626 2572
f 2635 2627 2573
f 2627 2581 2573
f 2580 2582 2574
f 2636 2652 2574
f 2582 2636 2574
f 2577 2596 2575
f 2621 2577 2575
f 2578 2658 2576
f 2583 2596 2577
f 2621 2583 2577
f 2584 2658 2578
f 2581 2627 2579
f 2627 2625 2579
f 2625 2633 2579
f 2626 2582 2580
f 2626 2628 2582
f 2628 2636 2582
f 2585 2596 2583
f 2621 2585 2583
f 2586 2658 2584
f 2587 2596 2585
f 2619 2587 2585
f 2621 2619 2585
f 2630 2632 2586
f 2632 2638 2586
f 2648 2658 2586
f 2638 2648 2586
f 2588 2622 2586
f 2622 2624 2586
f 2624 2630 2586
f 2589 2596 2587
f 2617 2589 2587
f 2619 2617 2587
f 2590 2620 2588
f 2620 2622 2588
f 2591 2596 2589
f 2615 2591 2589
f 2617 2615 2589
f 2592 2618 2590
f 2618 2620 2590
f 2593 2596 2591
f 2613 2593 2591
f 2615 2613 2591
f 2594 2616 2592
f 2616 2618 2592
f 2602 2596 2593
f 2613 2602 2593
f 2609 2614 2594
f 2614 2616 2594
f 2645 2711 2596
f 2602 2645 2596
f 2664 2640 2597
f 2640 2598 2597
f 2765 2750 2597
f 2750 2726 2597
f 2726 2664 2597
f 2807 2793 2597
f 2793 2784 2597
f 2784 2765 2597
f 2792 2806 2597
f 2806 2810 2597
f 2810 2807 2597
f 2749 2764 2597
f 2764 2783 2597
f 2783 2792 2597
f 2639 2663 2597
f 2663 2725 2597
f 2725 2749 2597
f 2610 2639 2597
f 2640 2606 2598
f 2601 2643 2599
f 2643 2641 2599
f 2640 2642 2606
f 2613 2645 2602
f 2644 2710 2607
f 2716 2646 2605
f 2642 2607 2606
f 2642 2644 2607
f 2632 2630 2605
f 2630 2624 2605
f 2618 2616 2605
f 2616 2614 2605
f 2614 2609 2605
f 2624 2622 2605
f 2622 2620 2605
f 2620 2618 2605
f 2646 2648 2605
f 2648 2638 2605
f 2638 2632 2605
f 2641 2639 2610
f 2599 2641 2610
f 2615 2645 2613
f 2617 2645 2615
f 2619 2645 2617
f 2621 2645 2619
f 2623 2645 2621
f 2629 2645 2623
f 2627 2635 2625
f 2635 2633 2625
f 2634 2628 2626
f 2634 2636 2628
f 2631 2645 2629
f 2637 2645 2631
f 2635 2651 2633
f 2651 2649 2633
f 2650 2636 2634
f 2650 2652 2636
f 2647 2645 2637
f 2677 2663 2639
f 2641 2677 2639
f 2664 2642 2640
f 2643 2679 2641
f 2679 2677 2641
f 2678 2644 2642
f 2664 2678 2642
f 2705 2679 2643
f 2678 2680 2644
f 2680 2710 2644
f 2647 2681 2645
f 2681 2711 2645
f 2682 2658 2646
f 2658 2648 2646
f 2716 2682 2646
f 2657 2681 2647
f 2651 2655 2649
f 2655 2653 2649
f 2654 2652 2650
f 2654 2656 2652
f 2655 2661 2653
f 2661 2659 2653
f 2660 2656 2654
f 2660 2662 2656
f 2683 2681 2657
f 2682 2684 2658
f 2661 2667 2659
f 2667 2665 2659
f 2666 2662 2660
f 2666 2668 2662
f 2741 2725 2663
f 2677 2741 2663
f 2726 2678 2664
f 2667 2669 2665
f 2670 2672 2666
f 2672 2668 2666
f 2671 2669 2667
f 2675 2673 2669
f 2671 2675 2669
f 2674 2676 2670
f 2676 2672 2670
f 2675 2685 2673
f 2686 2688 2674
f 2688 2676 2674
f 2687 2685 2675
f 2679 2706 2677
f 2706 2741 2677
f 2742 2709 2678
f 2709 2680 2678
f 2726 2742 2678
f 2705 2706 2679
f 2709 2710 2680
f 2683 2712 2681
f 2712 2711 2681
f 2715 2684 2682
f 2716 2715 2682
f 2735 2747 2683
f 2745 2712 2683
f 2747 2745 2683
f 2748 2736 2684
f 2715 2748 2684
f 2687 2689 2685
f 2690 2692 2686
f 2692 2688 2686
f 2691 2689 2687
f 2691 2695 2689
f 2695 2693 2689
f 2694 2692 2690
f 2694 2696 2692
f 2695 2699 2693
f 2699 2697 2693
f 2698 2696 2694
f 2698 2700 2696
f 2699 2703 2697
f 2703 2701 2697
f 2702 2704 2698
f 2704 2700 2698
f 2703 2711 2701
f 2711 2705 2701
f 2710 2716 2702
f 2716 2704 2702
f 2711 2706 2705
f 2743 2741 2706
f 2707 2743 2706
f 2711 2712 2706
f 2712 2707 2706
f 2713 2717 2707
f 2773 2743 2707
f 2717 2773 2707
f 2712 2713 2707
f 2720 2714 2708
f 2718 2720 2708
f 2709 2744 2708
f 2744 2718 2708
f 2714 2709 2708
f 2742 2744 2709
f 2715 2710 2709
f 2714 2715 2709
f 2715 2716 2710
f 2745 2713 2712
f 2719 2717 2713
f 2745 2719 2713
f 2746 2715 2714
f 2776 2746 2714
f 2720 2776 2714
f 2746 2748 2715
f 2719 2721 2717
f 2721 2773 2717
f 2724 2720 2718
f 2722 2724 2718
f 2744 2774 2718
f 2774 2722 2718
f 2723 2721 2719
f 2775 2723 2719
f 2745 2775 2719
f 2724 2776 2720
f 2723 2727 2721
f 2727 2773 2721
f 2730 2724 2722
f 2728 2730 2722
f 2774 2728 2722
f 2729 2727 2723
f 2775 2729 2723
f 2730 2776 2724
f 2771 2749 2725
f 2741 2771 2725
f 2750 2742 2726
f 2729 2731 2727
f 2731 2773 2727
f 2734 2730 2728
f 2732 2734 2728
f 2774 2732 2728
f 2733 2731 2729
f 2775 2733 2729
f 2734 2776 2730
f 2733 2737 2731
f 2737 2773 2731
f 2740 2734 2732
f 2738 2740 2732
f 2774 2738 2732
f 2739 2737 2733
f 2775 2739 2733
f 2740 2776 2734
f 2762 2747 2735
f 2748 2761 2736
f 2739 2751 2737
f 2751 2773 2737
f 2754 2740 2738
f 2752 2754 2738
f 2774 2752 2738
f 2753 2751 2739
f 2775 2753 2739
f 2754 2776 2740
f 2773 2771 2741
f 2743 2773 2741
f 2772 2744 2742
f 2750 2772 2742
f 2772 2774 2744
f 2747 2759 2745
f 2759 2775 2745
f 2776 2778 2746
f 2778 2760 2746
f 2760 2748 2746
f 2762 2759 2747
f 2760 2761 2748
f 2794 2764 2749
f 2771 2794 2749
f 2765 2772 2750
f 2753 2755 2751
f 2755 2773 2751
f 2758 2754 2752
f 2756 2758 2752
f 2774 2756 2752
f 2757 2755 2753
f 2775 2757 2753
f 2758 2776 2754
f 2757 2766 2755
f 2766 2773 2755
f 2769 2758 2756
f 2767 2769 2756
f 2774 2767 2756
f 2768 2766 2757
f 2775 2768 2757
f 2769 2776 2758
f 2777 2775 2759
f 2770 2777 2759
f 2762 2770 2759
f 2778 2761 2760
f 2778 2763 2761
f 2778 2786 2763
f 2786 2791 2763
f 2825 2783 2764
f 2794 2825 2764
f 2795 2772 2765
f 2784 2795 2765
f 2768 2779 2766
f 2779 2773 2766
f 2782 2769 2767
f 2780 2782 2767
f 2774 2780 2767
f 2781 2779 2768
f 2775 2781 2768
f 2782 2776 2769
f 2808 2785 2770
f 2785 2777 2770
f 2773 2796 2771
f 2796 2794 2771
f 2795 2774 2772
f 2779 2796 2773
f 2795 2797 2774
f 2797 2788 2774
f 2788 2780 2774
f 2777 2785 2775
f 2785 2798 2775
f 2798 2789 2775
f 2789 2781 2775
f 2799 2801 2776
f 2801 2786 2776
f 2786 2778 2776
f 2782 2799 2776
f 2787 2796 2779
f 2781 2789 2779
f 2789 2787 2779
f 2788 2782 2780
f 2790 2799 2782
f 2788 2790 2782
f 2846 2792 2783
f 2825 2846 2783
f 2826 2795 2784
f 2793 2826 2784
f 2800 2798 2785
f 2824 2800 2785
f 2818 2824 2785
f 2808 2818 2785
f 2801 2791 2786
f 2802 2796 2787
f 2789 2804 2787
f 2804 2802 2787
f 2797 2803 2788
f 2803 2790 2788
f 2798 2804 2789
f 2805 2799 2790
f 2803 2805 2790
f 2801 2809 2791
f 2860 2806 2792
f 2846 2860 2792
f 2847 2826 2793
f 2807 2847 2793
f 2796 2827 2794
f 2827 2825 2794
f 2826 2797 2795
f 2802 2827 2796
f 2826 2828 2797
f 2828 2813 2797
f 2813 2803 2797
f 2800 2816 2798
f 2816 2829 2798
f 2829 2814 2798
f 2814 2804 2798
f 2830 2832 2799
f 2832 2817 2799
f 2817 2801 2799
f 2805 2830 2799
f 2864 2816 2800
f 2824 2864 2800
f 2817 2809 2801
f 2812 2827 2802
f 2804 2814 2802
f 2814 2812 2802
f 2813 2805 2803
f 2815 2830 2805
f 2813 2815 2805
f 2867 2810 2806
f 2860 2867 2806
f 2861 2847 2807
f 2810 2861 2807
f 2817 2819 2809
f 2867 2861 2810
f 2820 2827 2812
f 2814 2822 2812
f 2822 2820 2812
f 2828 2821 2813
f 2821 2815 2813
f 2829 2822 2814
f 2823 2830 2815
f 2821 2823 2815
f 2831 2829 2816
f 2864 2831 2816
f 2833 2819 2817
f 2832 2833 2817
f 2834 2827 2820
f 2822 2836 2820
f 2836 2834 2820
f 2828 2835 2821
f 2835 2823 2821
f 2829 2836 2822
f 2837 2830 2823
f 2835 2837 2823
f 2838 2864 2824
f 2827 2848 2825
f 2848 2846 2825
f 2847 2828 2826
f 2842 2848 2827
f 2834 2842 2827
f 2847 2849 2828
f 2849 2843 2828
f 2843 2835 2828
f 2831 2840 2829
f 2840 2850 2829
f 2850 2844 2829
f 2844 2836 2829
f 2851 2853 2830
f 2853 2841 2830
f 2841 2832 2830
f 2845 2851 2830
f 2837 2845 2830
f 2864 2840 2831
f 2870 2833 2832
f 2841 2870 2832
f 2870 2839 2833
f 2836 2844 2834
f 2844 2842 2834
f 2843 2837 2835
f 2843 2845 2837
f 2874 2864 2838
f 2870 2873 2839
f 2852 2850 2840
f 2864 2876 2840
f 2876 2852 2840
f 2877 2870 2841
f 2853 2877 2841
f 2854 2848 2842
f 2844 2856 2842
f 2856 2854 2842
f 2849 2855 2843
f 2855 2845 2843
f 2850 2856 2844
f 2857 2851 2845
f 2855 2857 2845
f 2848 2860 2846
f 2861 2855 2847
f 2855 2849 2847
f 2854 2860 2848
f 2852 2856 2850
f 2863 2859 2851
f 2859 2853 2851
f 2857 2863 2851
f 2858 2856 2852
f 2876 2858 2852
f 2859 2877 2853
f 2856 2860 2854
f 2861 2857 2855
f 2858 2860 2856
f 2861 2863 2857
f 2862 2860 2858
f 2881 2862 2858
f 2876 2881 2858
f 2882 2877 2859
f 2863 2882 2859
f 2862 2867 2860
f 2867 2869 2861
f 2866 2863 2861
f 2869 2866 2861
f 2865 2867 2862
f 2881 2865 2862
f 2866 2882 2863
f 2878 2889 2864
f 2874 2878 2864
f 2889 2876 2864
f 2869 2867 2865
f 2881 2883 2865
f 2883 2869 2865
f 2883 2882 2866
f 2869 2883 2866
f 2877 2873 2870
f 2872 2885 2871
f 2885 2884 2871
f 2877 2875 2873
f 2877 2880 2875
f 2889 2891 2876
f 2891 2894 2876
f 2894 2881 2876
f 2886 2880 2877
f 2888 2886 2877
f 2890 2888 2877
f 2882 2892 2877
f 2892 2890 2877
f 2879 2887 2878
f 2887 2889 2878
f 2884 2887 2879
f 2886 2885 2880
f 2897 2899 2881
f 2899 2901 2881
f 2901 2903 2881
f 2903 2905 2881
f 2905 2907 2881
f 2894 2895 2881
f 2895 2897 2881
f 2907 2883 2881
f 2906 2904 2882
f 2883 2906 2882
f 2904 2902 2882
f 2902 2900 2882
f 2900 2898 2882
f 2898 2896 2882
f 2896 2893 2882
f 2893 2892 2882
f 2908 2906 2883
f 2907 2908 2883
f 2885 2886 2884
f 2886 2887 2884
f 2888 2887 2886
f 2888 2889 2887
f 2890 2889 2888
f 2890 2892 2889
f 2892 2891 2889
f 2892 2894 2891
f 2895 2894 2892
f 2893 2895 2892
f 2896 2895 2893
f 2896 2898 2895
f 2898 2897 2895
f 2898 2899 2897
f 2900 2907 2898
f 2907 2905 2898
f 2905 2903 2898
f 2903 2901 2898
f 2901 2899 2898
f 2902 2907 2900
f 2904 2907 2902
f 2908 2907 2904
f 2906 2908 2904
